Enzyme/Mutation,Aggregation,Aggregation_vs_ref
A124C,30545.484965,0.0
A124D,30545.484965,0.0
A124E,30545.484965,0.0
A124F,30781.270919000002,235.78595400000268
A124G,30545.484965,0.0
A124H,30545.484965,0.0
A124I,30781.270919000002,235.78595400000268
A124K,30545.484965,0.0
A124L,30781.270919000002,235.78595400000268
A124M,30545.484965,0.0
A124N,30781.270919000002,235.78595400000268
A124P,30545.484965,0.0
A124Q,30545.484965,0.0
A124R,30545.484965,0.0
A124S,30545.484965,0.0
A124T,30545.484965,0.0
A124V,30545.484965,0.0
A124W,30781.270919000002,235.78595400000268
A124Y,30781.270919000002,235.78595400000268
A130C,30255.51841,-289.96655499999906
A130D,30167.558543,-377.92642200000046
A130E,30155.518409,-389.9665559999994
A130F,30579.264231,33.77926600000137
A130G,30505.351185,-40.133780000000115
A130H,30206.354533,-339.1304319999981
A130I,30583.277607000004,37.79264200000398
A130K,30234.448179000003,-311.03678599999694
A130L,30446.153864,-99.33110099999976
A130M,30548.829445000003,3.3444800000033865
A130N,30568.896335,23.411370000001625
A130P,30137.458211,-408.0267539999986
A130Q,30535.451525,-10.033439999999246
A130R,30225.083628,-320.40133699999933
A130S,30440.133800000003,-105.3511649999964
A130T,30451.170584,-94.31438100000014
A130V,30555.518415000002,10.033450000002631
A130W,30529.431459,-16.053506000000198
A130Y,30593.645504,48.160539000000426
A144C,30545.484965,0.0
A144D,30453.511721000003,-91.97324399999707
A144E,30453.511721000003,-91.97324399999707
A144F,30821.404697,275.9197320000021
A144G,30545.484965,0.0
A144H,30453.511721000003,-91.97324399999707
A144I,30821.404697,275.9197320000021
A144K,30453.511721000003,-91.97324399999707
A144L,30545.484965,0.0
A144M,30545.484965,0.0
A144N,30545.484965,0.0
A144P,30545.484965,0.0
A144Q,30545.484965,0.0
A144R,30453.511721000003,-91.97324399999707
A144S,30545.484965,0.0
A144T,30545.484965,0.0
A144V,30545.484965,0.0
A144W,30821.404697,275.9197320000021
A144Y,30821.404697,275.9197320000021
A151C,30541.471589,-4.013375999998971
A151D,30059.866235,-485.6187299999983
A151E,30059.866235,-485.6187299999983
A151F,30826.086971,280.602006000001
A151G,30523.411385,-22.07358000000022
A151H,30523.411385,-22.07358000000022
A151I,30831.438143,285.95317799999975
A151K,30059.866235,-485.6187299999983
A151L,30561.538475,16.053510000001552
A151M,30539.464895,-6.020069999998668
A151N,30529.431455,-16.053509999997914
A151P,30059.866235,-485.6187299999983
A151Q,30579.598679000002,34.1137140000028
A151R,30059.866235,-485.6187299999983
A151S,30059.866235,-485.6187299999983
A151T,30539.464895,-6.020069999998668
A151V,30625.418075,79.93311000000176
A151W,30758.193994,212.70902900000146
A151Y,30831.438143,285.95317799999975
A155C,30539.464895,-6.020069999998668
A155D,30059.866235,-485.6187299999983
A155E,30059.866235,-485.6187299999983
A155F,31103.010049,557.5250840000008
A155G,30539.464895,-6.020069999998668
A155H,30059.866235,-485.6187299999983
A155I,30665.551853,120.0668880000012
A155K,30059.866235,-485.6187299999983
A155L,30624.080284,78.59531900000002
A155M,30555.518411,10.033446000001277
A155N,30575.585297,30.1003320000018
A155P,30059.866235,-485.6187299999983
A155Q,30541.471589,-4.013375999998971
A155R,30059.866235,-485.6187299999983
A155S,30621.739148,76.25418300000092
A155T,30621.739148,76.25418300000092
A155V,31071.237467,525.7525019999994
A155W,31022.742494000002,477.25752900000225
A155Y,30681.939812,136.45484700000088
A164C,30547.491653,2.0066880000013043
A164D,30269.565233,-275.9197319999985
A164E,30508.361219,-37.12374600000112
A164F,30708.695668,163.21070300000065
A164G,30540.468242000003,-5.016722999997
A164H,30530.434799000002,-15.050165999997262
A164I,30735.451520000002,189.9665550000027
A164K,30523.411388,-22.073576999999204
A164L,30708.02677,162.54180500000075
A164M,30533.444831,-12.040133999998943
A164N,30550.501688,5.016723000000638
A164P,30509.364563000003,-36.12040199999683
A164Q,30519.732457,-25.7525080000014
A164R,30529.431454999998,-16.053510000001552
A164S,30548.495000000003,3.010035000002972
A164T,30684.949849,139.4648840000009
A164V,30563.545166,18.060201000000234
A164W,30736.454864,190.9698989999997
A164Y,30738.127104,192.6421389999996
A171C,30592.307707,46.82274200000029
A171D,30596.989979,51.50501400000212
A171E,30575.919742,30.434776999998576
A171F,30552.842818999998,7.357853999998042
A171G,30546.153856,0.6688910000011674
A171H,30529.431448000003,-16.053516999996646
A171I,30548.82944,3.344475000001694
A171K,30514.715729,-30.76923600000009
A171L,30553.511715,8.026750000000902
A171M,30545.150513,-0.3344519999991462
A171N,30525.752518,-19.7324469999985
A171P,30596.989979,51.50501400000212
A171Q,30546.153856,0.6688910000011674
A171R,30526.755864,-18.72910100000081
A171S,30527.759212,-17.725752999998804
A171T,30536.454859,-9.03010599999834
A171V,30538.795996,-6.688968999998906
A171W,30542.474926000003,-3.0100389999970503
A171Y,30560.535125000002,15.050160000002506
A176C,30543.478271,-2.0066939999996976
A176D,30543.478271,-2.0066939999996976
A176E,30527.424761000002,-18.06020399999761
A176F,30608.361216,62.8762510000015
A176G,30527.424761000002,-18.06020399999761
A176H,30587.625431,42.14046600000074
A176I,30617.391317,71.90635200000179
A176K,30413.043491,-132.4414739999993
A176L,30545.484965,0.0
A176M,30547.491653,2.0066880000013043
A176N,30565.551851,20.066886000000522
A176P,30413.043491,-132.4414739999993
A176Q,30543.478271,-2.0066939999996976
A176R,30413.043491,-132.4414739999993
A176S,30543.478271,-2.0066939999996976
A176T,30543.478271,-2.0066939999996976
A176V,30551.505029,6.020064000000275
A176W,30604.682286000003,59.197321000003285
A176Y,30624.080278,78.59531300000162
A195C,30465.886306,-79.59865899999932
A195D,29904.013393,-641.4715719999986
A195E,29904.013393,-641.4715719999986
A195F,30597.324429,51.83946400000059
A195G,30526.75587,-18.72909499999878
A195H,30517.391319000002,-28.093645999997534
A195I,30584.280953,38.79598800000167
A195K,30512.709047,-32.775917999999365
A195L,30522.073591,-23.41137399999934
A195M,30517.391319000002,-28.093645999997534
A195N,30529.097006,-16.387958999999682
A195P,30461.204027,-84.28093799999988
A195Q,30517.391319000002,-28.093645999997534
A195R,30489.297673,-56.187291999998706
A195S,30512.709047,-32.775917999999365
A195T,30517.391319000002,-28.093645999997534
A195V,30522.073591,-23.41137399999934
A195W,30602.006701,56.52173599999878
A195Y,30602.006701,56.52173599999878
A196C,30435.785971,-109.69899399999849
A196D,29904.013393,-641.4715719999986
A196E,29904.013393,-641.4715719999986
A196F,30640.802693999998,95.31772899999851
A196G,30510.367911,-35.11705399999846
A196H,30510.367911,-35.11705399999846
A196I,30634.782626,89.29766100000052
A196K,30465.886306,-79.59865899999932
A196L,30547.826101,2.3411359999990964
A196M,30515.050183,-30.43478200000027
A196N,30512.709047,-32.775917999999365
A196P,30383.612053,-161.8729119999989
A196Q,30554.849516000002,9.364551000002393
A196R,30385.618747,-159.8662179999992
A196S,30505.685632,-39.799332999999024
A196T,30515.050183,-30.43478200000027
A196V,30545.484965,0.0
A196W,30590.301021,44.81605599999966
A196Y,30628.762558000002,83.27759300000253
A197C,30547.826101,2.3411359999990964
A197D,29904.013393,-641.4715719999986
A197E,30367.558543,-177.92642200000046
A197F,30561.204026,15.719060999999783
A197G,30519.732455,-25.752509999998438
A197H,30508.026768,-37.45819699999993
A197I,30540.133795,-5.351169999998092
A197K,30391.638811,-153.84615399999893
A197L,30554.849516000002,9.364551000002393
A197M,30515.050183,-30.43478200000027
A197N,30547.826101,2.3411359999990964
A197P,30383.612053,-161.8729119999989
A197Q,30461.538476,-83.94648899999811
A197R,30413.712391,-131.7725739999987
A197S,30455.852857,-89.63210799999797
A197T,30505.685632,-39.799332999999024
A197V,30587.625434,42.14046900000176
A197W,30669.899680000002,124.41471500000262
A197Y,30638.127108,92.64214300000094
A198C,30470.568578,-74.91638700000112
A198D,29904.013393,-641.4715719999986
A198E,29904.013393,-641.4715719999986
A198F,30562.87627,17.39130500000101
A198G,30444.816068,-100.66889699999956
A198H,30427.759213,-117.72575199999847
A198I,30658.193993,112.70902800000113
A198K,30425.752525,-119.73243999999977
A198L,30462.207372,-83.27759299999889
A198M,30501.003360000002,-44.48160499999722
A198N,30559.531788,14.046823000000586
A198P,29904.013393,-641.4715719999986
A198Q,30447.826102,-97.65886300000057
A198R,30383.612053,-161.8729119999989
A198S,30510.367911,-35.11705399999846
A198T,30449.832793,-95.65217199999825
A198V,30477.257541,-68.22742400000061
A198W,30503.010048,-42.47491699999955
A198Y,30544.147172,-1.3377929999987828
A216C,30390.969915,-154.51504999999815
A216D,30313.71239,-231.77257499999905
A216E,30390.969915,-154.51504999999815
A216F,30777.25754,231.77257499999905
A216G,30390.969915,-154.51504999999815
A216H,30390.969915,-154.51504999999815
A216I,30777.25754,231.77257499999905
A216K,30313.71239,-231.77257499999905
A216L,30545.484965,0.0
A216M,30390.969915,-154.51504999999815
A216N,30545.484965,0.0
A216P,30390.969915,-154.51504999999815
A216Q,30390.969915,-154.51504999999815
A216R,30390.969915,-154.51504999999815
A216S,30390.969915,-154.51504999999815
A216T,30545.484965,0.0
A216V,30390.969915,-154.51504999999815
A216W,30545.484965,0.0
A216Y,30777.25754,231.77257499999905
A217C,30545.484965,0.0
A217D,30313.71239,-231.77257499999905
A217E,30313.71239,-231.77257499999905
A217F,30545.484965,0.0
A217G,30390.969915,-154.51504999999815
A217H,30313.71239,-231.77257499999905
A217I,30545.484965,0.0
A217K,30313.71239,-231.77257499999905
A217L,30545.484965,0.0
A217M,30545.484965,0.0
A217N,30545.484965,0.0
A217P,30390.969915,-154.51504999999815
A217Q,30545.484965,0.0
A217R,30313.71239,-231.77257499999905
A217S,30545.484965,0.0
A217T,30545.484965,0.0
A217V,30545.484965,0.0
A217W,30545.484965,0.0
A217Y,30545.484965,0.0
A24C,30545.484965,0.0
A24D,30545.484965,0.0
A24E,30545.484965,0.0
A24F,31039.130447,493.6454819999999
A24G,30545.484965,0.0
A24H,30545.484965,0.0
A24I,31137.79266,592.3076949999995
A24K,30545.484965,0.0
A24L,30545.484965,0.0
A24M,30545.484965,0.0
A24N,30545.484965,0.0
A24P,30545.484965,0.0
A24Q,30545.484965,0.0
A24R,30545.484965,0.0
A24S,30545.484965,0.0
A24T,30545.484965,0.0
A24V,30545.484965,0.0
A24W,31086.287640000002,540.8026750000026
A24Y,31151.839483,606.3545180000001
A26C,30545.484965,0.0
A26D,30545.484965,0.0
A26E,30545.484965,0.0
A26F,30854.515065,309.03009999999995
A26G,30545.484965,0.0
A26H,30545.484965,0.0
A26I,30545.484965,0.0
A26K,30545.484965,0.0
A26L,30545.484965,0.0
A26M,30545.484965,0.0
A26N,30545.484965,0.0
A26P,30545.484965,0.0
A26Q,30545.484965,0.0
A26R,30545.484965,0.0
A26S,30545.484965,0.0
A26T,30545.484965,0.0
A26V,30854.515065,309.03009999999995
A26W,30865.217405000003,319.7324400000034
A26Y,31009.030115,463.54515000000174
A270C,30545.484965,0.0
A270D,30545.484965,0.0
A270E,30545.484965,0.0
A270F,30948.495000000003,403.010035000003
A270G,30545.484965,0.0
A270H,30545.484965,0.0
A270I,30948.495000000003,403.010035000003
A270K,30545.484965,0.0
A270L,30545.484965,0.0
A270M,30545.484965,0.0
A270N,30545.484965,0.0
A270P,30545.484965,0.0
A270Q,30545.484965,0.0
A270R,30545.484965,0.0
A270S,30545.484965,0.0
A270T,30545.484965,0.0
A270V,30545.484965,0.0
A270W,30948.495000000003,403.010035000003
A270Y,30932.441484000003,386.956519000003
A292C,30545.484965,0.0
A292D,30545.484965,0.0
A292E,30545.484965,0.0
A292F,31627.090315,1081.6053500000016
A292G,30545.484965,0.0
A292H,30545.484965,0.0
A292I,31663.210713,1117.7257480000007
A292K,30545.484965,0.0
A292L,31584.615395,1039.130430000001
A292M,30545.484965,0.0
A292N,31549.83279,1004.3478250000007
A292P,30545.484965,0.0
A292Q,30545.484965,0.0
A292R,30545.484965,0.0
A292S,30545.484965,0.0
A292T,30545.484965,0.0
A292V,30545.484965,0.0
A292W,31593.311056,1047.826090999999
A292Y,31664.548505,1119.0635399999992
A299C,30545.484965,0.0
A299D,30545.484965,0.0
A299E,30545.484965,0.0
A299F,31326.421417999998,780.9364529999984
A299G,30545.484965,0.0
A299H,30545.484965,0.0
A299I,31115.05018,569.5652149999987
A299K,30545.484965,0.0
A299L,31009.030115,463.54515000000174
A299M,31086.287640000002,540.8026750000026
A299N,31184.949845000003,639.4648800000032
A299P,30545.484965,0.0
A299Q,30545.484965,0.0
A299R,30545.484965,0.0
A299S,30545.484965,0.0
A299T,30545.484965,0.0
A299V,31258.862891,713.377926000001
A299W,31189.632125,644.1471600000004
A299Y,31194.314394,648.8294290000013
A31C,29346.488315000002,-1198.9966499999973
A31D,29346.488315000002,-1198.9966499999973
A31E,29346.488315000002,-1198.9966499999973
A31F,30560.53514,15.050175000000309
A31G,29346.488315000002,-1198.9966499999973
A31H,29346.488315000002,-1198.9966499999973
A31I,30625.75253,80.26756500000192
A31K,29346.488315000002,-1198.9966499999973
A31L,30590.635475000003,45.15051000000312
A31M,29346.488315000002,-1198.9966499999973
A31N,30560.53514,15.050175000000309
A31P,29346.488315000002,-1198.9966499999973
A31Q,29346.488315000002,-1198.9966499999973
A31R,29346.488315000002,-1198.9966499999973
A31S,29346.488315000002,-1198.9966499999973
A31T,30545.484965,0.0
A31V,29346.488315000002,-1198.9966499999973
A31W,30655.852865,110.3679000000011
A31Y,30635.78597,90.30100500000117
A338C,30545.484965,0.0
A338D,30545.484965,0.0
A338E,30545.484965,0.0
A338F,30865.217405,319.73243999999977
A338G,30545.484965,0.0
A338H,30545.484965,0.0
A338I,30865.217405,319.73243999999977
A338K,30545.484965,0.0
A338L,30545.484965,0.0
A338M,30545.484965,0.0
A338N,30545.484965,0.0
A338P,30545.484965,0.0
A338Q,30545.484965,0.0
A338R,30545.484965,0.0
A338S,30545.484965,0.0
A338T,30545.484965,0.0
A338V,30545.484965,0.0
A338W,30865.217405,319.73243999999977
A338Y,30849.163895,303.67893000000186
A346C,30545.484965,0.0
A346D,30545.484965,0.0
A346E,30545.484965,0.0
A346F,31009.030114999998,463.5451499999981
A346G,30545.484965,0.0
A346H,30545.484965,0.0
A346I,31023.076937,477.591972000002
A346K,30545.484965,0.0
A346L,30545.484965,0.0
A346M,30545.484965,0.0
A346N,30545.484965,0.0
A346P,30545.484965,0.0
A346Q,30545.484965,0.0
A346R,30545.484965,0.0
A346S,30545.484965,0.0
A346T,30545.484965,0.0
A346V,30545.484965,0.0
A346W,30545.484965,0.0
A346Y,31025.083625,479.59865999999965
A358C,30542.140486,-3.34447899999941
A358D,30464.882958,-80.60200700000132
A358E,30537.792661,-7.692304000000149
A358F,30533.44483,-12.040134999999282
A358G,30515.384628,-30.100336999999854
A358H,30320.40135,-225.08361499999955
A358I,30530.100349,-15.384615999999369
A358K,29680.93647,-864.5484949999991
A358L,30550.501687,5.0167220000003
A358M,30529.431451,-16.053513999999268
A358N,30524.414733999998,-21.070231000001513
A358P,30387.290982,-158.19398300000103
A358Q,30554.180616,8.695651000001817
A358R,29680.93647,-864.5484949999991
A358S,30510.033462,-35.45150300000023
A358T,30547.8261,2.341134999998758
A358V,30555.51841,10.033445000000938
A358W,30491.973257,-53.51170799999818
A358Y,30534.448175,-11.036789999998291
A371C,30545.484965,0.0
A371D,30545.484965,0.0
A371E,30545.484965,0.0
A371F,30726.421423,180.93645800000013
A371G,30545.484965,0.0
A371H,30465.551855,-79.93310999999812
A371I,30742.809382,197.3244169999998
A371K,30465.551855,-79.93310999999812
A371L,30705.351185,159.86621999999988
A371M,30545.484965,0.0
A371N,30683.946505,138.46154000000024
A371P,30465.551855,-79.93310999999812
A371Q,30545.484965,0.0
A371R,30465.551855,-79.93310999999812
A371S,30625.418074999998,79.93310999999812
A371T,30625.418074999998,79.93310999999812
A371V,30545.484965,0.0
A371W,30686.62209,141.1371250000011
A371Y,30754.515068999997,209.03010399999766
A376C,30536.120415999998,-9.364549000001716
A376D,30543.478275999998,-2.006689000001643
A376E,30539.464898,-6.020067000001291
A376F,30789.966571,244.4816060000012
A376G,30539.799346,-5.6856189999998605
A376H,30539.464898,-6.020067000001291
A376I,30795.317742,249.83277699999962
A376K,30458.862892,-86.62207299999864
A376L,30546.488309999997,1.0033449999973527
A376M,30539.799347,-5.685617999999522
A376N,30539.799346,-5.6856189999998605
A376P,30452.173928,-93.31103699999949
A376Q,30546.822758,1.3377929999987828
A376R,30456.856203,-88.62876200000028
A376S,30538.796002,-6.688963000000513
A376T,30540.133794999998,-5.35117000000173
A376V,30545.150517,-0.33444800000143005
A376W,30539.799346,-5.6856189999998605
A376Y,30804.682289,259.19732400000066
A38C,29826.086975000002,-719.3979899999977
A38D,29826.086975000002,-719.3979899999977
A38E,29826.086975000002,-719.3979899999977
A38F,30581.605367,36.12040200000047
A38G,29826.086975000002,-719.3979899999977
A38H,29826.086975000002,-719.3979899999977
A38I,30568.561892,23.076927000001888
A38K,29826.086975000002,-719.3979899999977
A38L,30545.484965,0.0
A38M,30545.484965,0.0
A38N,30545.484965,0.0
A38P,29826.086975000002,-719.3979899999977
A38Q,30289.632125,-255.85283999999956
A38R,29826.086975000002,-719.3979899999977
A38S,30444.147175000002,-101.33778999999777
A38T,30545.484965,0.0
A38V,30545.484965,0.0
A38W,30534.11373,-11.371234999998705
A38Y,30677.926436,132.4414710000019
A391C,30545.484965,0.0
A391D,30545.484965,0.0
A391E,30545.484965,0.0
A391F,30545.484965,0.0
A391G,30545.484965,0.0
A391H,30545.484965,0.0
A391I,30545.484965,0.0
A391K,30545.484965,0.0
A391L,30545.484965,0.0
A391M,30545.484965,0.0
A391N,30545.484965,0.0
A391P,30545.484965,0.0
A391Q,30545.484965,0.0
A391R,30545.484965,0.0
A391S,30545.484965,0.0
A391T,30545.484965,0.0
A391V,30545.484965,0.0
A391W,30545.484965,0.0
A391Y,30545.484965,0.0
A401C,30545.484965,0.0
A401D,30545.484965,0.0
A401E,30545.484965,0.0
A401F,30545.484965,0.0
A401G,30545.484965,0.0
A401H,30545.484965,0.0
A401I,30545.484965,0.0
A401K,30545.484965,0.0
A401L,30545.484965,0.0
A401M,30545.484965,0.0
A401N,30545.484965,0.0
A401P,30545.484965,0.0
A401Q,30545.484965,0.0
A401R,30545.484965,0.0
A401S,30545.484965,0.0
A401T,30545.484965,0.0
A401V,30545.484965,0.0
A401W,30545.484965,0.0
A401Y,30545.484965,0.0
A404C,30545.484965,0.0
A404D,30545.484965,0.0
A404E,30545.484965,0.0
A404F,30545.484965,0.0
A404G,30545.484965,0.0
A404H,30545.484965,0.0
A404I,30545.484965,0.0
A404K,30545.484965,0.0
A404L,30545.484965,0.0
A404M,30545.484965,0.0
A404N,30545.484965,0.0
A404P,30545.484965,0.0
A404Q,30545.484965,0.0
A404R,30545.484965,0.0
A404S,30545.484965,0.0
A404T,30545.484965,0.0
A404V,30545.484965,0.0
A404W,30545.484965,0.0
A404Y,30545.484965,0.0
A409C,30539.464894999997,-6.020070000002306
A409D,30467.224091,-78.2608739999996
A409E,30451.170581,-94.31438400000116
A409F,30846.488309,301.00334400000065
A409G,30517.391315,-28.09364999999889
A409H,30515.384627,-30.100338000000193
A409I,30841.471583,295.986617999999
A409K,30485.284294999998,-60.20067000000199
A409L,30785.284292,239.79932700000063
A409M,30533.444830999997,-12.040134000002581
A409N,30521.404696999998,-24.080268000001524
A409P,30475.250849,-70.23411599999963
A409Q,30565.551851,20.066886000000522
A409R,30493.311047,-52.17391800000041
A409S,30513.377938999998,-32.1070260000015
A409T,30765.217406,219.7324410000001
A409V,30545.484965,0.0
A409W,30774.247502,228.7625369999987
A409Y,30839.464894999997,293.9799299999977
A414C,30545.484965,0.0
A414D,29987.625430999997,-557.8595340000029
A414E,30452.508376,-92.97658899999806
A414F,30482.608709,-62.87625599999956
A414G,30545.484965,0.0
A414H,30545.484965,0.0
A414I,30493.311049,-52.173915999999736
A414K,30545.484965,0.0
A414L,30545.484965,0.0
A414M,30545.484965,0.0
A414N,30545.484965,0.0
A414P,30545.484965,0.0
A414Q,30545.484965,0.0
A414R,29987.625430999997,-557.8595340000029
A414S,30545.484965,0.0
A414T,30545.484965,0.0
A414V,30545.484965,0.0
A414W,30824.414732,278.92976700000145
A414Y,30494.648845,-50.83611999999994
A433C,30556.187305,10.702339999999822
A433D,30236.454865,-309.03009999999995
A433E,30236.454865,-309.03009999999995
A433F,30582.943161,37.45819599999959
A433G,30236.454865,-309.03009999999995
A433H,30236.454865,-309.03009999999995
A433I,30556.187305,10.702339999999822
A433K,30236.454865,-309.03009999999995
A433L,30557.525101,12.04013599999962
A433M,30236.454865,-309.03009999999995
A433N,30556.187305,10.702339999999822
A433P,30236.454865,-309.03009999999995
A433Q,30557.525101,12.04013599999962
A433R,30236.454865,-309.03009999999995
A433S,30556.187305,10.702339999999822
A433T,30236.454865,-309.03009999999995
A433V,30582.943161,37.45819599999959
A433W,30585.618745,40.133780000000115
A433Y,30557.525101,12.04013599999962
A437C,30551.50503,6.0200650000006135
A437D,30553.177271999997,7.692306999997527
A437E,30550.167237999998,4.682272999998531
A437F,30560.535132,15.050167000001238
A437G,30539.130449,-6.354515999999421
A437H,30524.41473,-21.07023499999923
A437I,30554.515064,9.030098999999609
A437K,30447.157205,-98.32776000000013
A437L,30549.83279,4.347825000000739
A437M,30537.12376,-8.361205000001064
A437N,30542.474931,-3.0100339999989956
A437P,30529.7659,-15.719065000001137
A437Q,30551.839479,6.354513999998744
A437R,30447.157205,-98.32776000000013
A437S,30538.127105,-7.357860000000073
A437T,30537.12376,-8.361205000001064
A437V,30554.515065,9.030099999999948
A437W,30551.170583,5.685617999999522
A437Y,30555.852858,10.36789299999873
A44C,30545.484965,0.0
A44D,30465.551855,-79.93310999999812
A44E,30545.484965,0.0
A44F,30785.284295,239.79933000000165
A44G,30545.484965,0.0
A44H,30545.484965,0.0
A44I,30785.284295,239.79933000000165
A44K,30545.484965,0.0
A44L,30545.484965,0.0
A44M,30545.484965,0.0
A44N,30545.484965,0.0
A44P,30545.484965,0.0
A44Q,30545.484965,0.0
A44R,30545.484965,0.0
A44S,30545.484965,0.0
A44T,30545.484965,0.0
A44V,30545.484965,0.0
A44W,30865.217405,319.73243999999977
A44Y,30785.284295,239.79933000000165
A454C,30506.688977,-38.79598799999803
A454D,30197.658876999998,-347.8260880000016
A454E,30610.03346,64.5484949999991
A454F,30649.498344,104.01337899999999
A454G,30197.658876999998,-347.8260880000016
A454H,30528.093661,-17.391304000000673
A454I,30663.210715999998,117.72575099999813
A454K,30518.729112999998,-26.75585200000205
A454L,30647.826102,102.34113699999943
A454M,30597.324427,51.83946199999991
A454N,30556.187305,10.702339999999822
A454P,30197.658876999998,-347.8260880000016
A454Q,30197.658876999998,-347.8260880000016
A454R,30197.658876999998,-347.8260880000016
A454S,30601.672257000002,56.187292000002344
A454T,30630.769247,85.28428200000053
A454V,30528.093661,-17.391304000000673
A454W,30661.538477,116.05351199999859
A454Y,30663.545164,118.06019899999956
A461C,30502.675605,-42.80935999999929
A461D,29582.943165,-962.5417999999991
A461E,30502.675605,-42.80935999999929
A461F,30342.474943999998,-203.01002100000187
A461G,30497.324437,-48.16052800000034
A461H,29552.842833,-992.6421320000009
A461I,30343.478287,-202.00667799999792
A461K,29558.862897,-986.6220680000006
A461L,30327.090329,-218.3946360000009
A461M,30561.538485,16.0535200000013
A461N,30344.147175000002,-201.33778999999777
A461P,29467.558551000002,-1077.9264139999977
A461Q,30508.026773,-37.458191999998235
A461R,29554.849521,-990.6354439999996
A461S,30524.080293,-21.404672000000573
A461T,30312.709051,-232.775913999998
A461V,30363.545178,-181.93978699999934
A461W,30359.531790999998,-185.95317400000204
A461Y,30347.491665999998,-197.99329900000157
A517C,30460.86958,-84.61538500000097
A517D,30540.133793999998,-5.3511710000020685
A517E,30618.729110999997,73.24414599999727
A517F,30657.190653,111.70568800000183
A517G,30541.806034999998,-3.6789300000018557
A517H,30460.86958,-84.61538500000097
A517I,30665.217409,119.73244400000112
A517K,30460.86958,-84.61538500000097
A517L,30621.404696999998,75.91973199999848
A517M,30621.070249,75.58528400000068
A517N,30541.806034999998,-3.6789300000018557
A517P,30460.86958,-84.61538500000097
A517Q,30541.137139,-4.347826000001078
A517R,30460.86958,-84.61538500000097
A517S,30620.7358,75.25083499999892
A517T,30621.070249,75.58528400000068
A517V,30541.471587,-4.013377999999648
A517W,30636.120417,90.63545199999862
A517Y,30669.899681,124.41471599999932
A53C,30545.484965,0.0
A53D,30545.484965,0.0
A53E,30545.484965,0.0
A53F,31105.016735,559.5317700000014
A53G,30545.484965,0.0
A53H,30545.484965,0.0
A53I,31107.357878000003,561.8729130000029
A53K,30545.484965,0.0
A53L,30545.484965,0.0
A53M,30545.484965,0.0
A53N,30545.484965,0.0
A53P,30545.484965,0.0
A53Q,30545.484965,0.0
A53R,30545.484965,0.0
A53S,30545.484965,0.0
A53T,30545.484965,0.0
A53V,30545.484965,0.0
A53W,30545.484965,0.0
A53Y,31116.722422000003,571.2374570000029
A548C,30581.270915999998,35.78595099999802
A548D,30530.100346,-15.384619000000384
A548E,30522.07359,-23.41137499999968
A548F,30543.143827,-2.3411379999997735
A548G,30536.789310999997,-8.695654000002833
A548H,30525.418072999997,-20.066892000002554
A548I,30538.461551999997,-7.02341300000262
A548K,30548.829446,3.344481000000087
A548L,30550.167236999998,4.682271999998193
A548M,30531.43814,-14.046825000001263
A548N,30544.481617,-1.0033479999983683
A548P,30540.80269,-4.682274999999208
A548Q,30543.812722,-1.6722430000008899
A548R,30551.50503,6.0200650000006135
A548S,30565.551852,20.06688700000086
A548T,30528.093659,-17.39130600000135
A548V,30553.846166,8.36120099999971
A548W,30546.153859,0.668893999998545
A548Y,30547.157205,1.6722399999998743
A564C,30545.484965,0.0
A564D,30545.484965,0.0
A564E,30545.484965,0.0
A564F,30663.210716999998,117.72575199999847
A564G,30545.484965,0.0
A564H,30545.484965,0.0
A564I,30572.575265,27.090299999999843
A564K,30545.484965,0.0
A564L,30528.428108,-17.05685699999958
A564M,30545.484965,0.0
A564N,30545.484965,0.0
A564P,30545.484965,0.0
A564Q,30545.484965,0.0
A564R,30545.484965,0.0
A564S,30545.484965,0.0
A564T,30530.434795999998,-15.050169000001915
A564V,30545.484965,0.0
A564W,30537.458208,-8.026756999999634
A564Y,30574.581952999997,29.09698799999751
A594C,30545.484965,0.0
A594D,30545.484965,0.0
A594E,30545.484965,0.0
A594F,30506.688975,-38.79598999999871
A594G,30458.862891,-86.62207399999897
A594H,30458.862891,-86.62207399999897
A594I,30513.71239,-31.77257499999905
A594K,30458.862891,-86.62207399999897
A594L,30545.484965,0.0
A594M,30545.484965,0.0
A594N,30545.484965,0.0
A594P,30458.862891,-86.62207399999897
A594Q,30545.484965,0.0
A594R,30458.862891,-86.62207399999897
A594S,30458.862891,-86.62207399999897
A594T,30545.484965,0.0
A594V,30545.484965,0.0
A594W,30545.484965,0.0
A594Y,30517.05687,-28.428094999999303
A602C,30545.484965,0.0
A602D,30545.484965,0.0
A602E,30545.484965,0.0
A602F,31047.157208,501.6722430000009
A602G,30545.484965,0.0
A602H,30545.484965,0.0
A602I,31061.20403,515.7190650000011
A602K,30545.484965,0.0
A602L,31029.097004,483.61203899999964
A602M,30545.484965,0.0
A602N,30545.484965,0.0
A602P,30545.484965,0.0
A602Q,30545.484965,0.0
A602R,30545.484965,0.0
A602S,31029.097004,483.61203899999964
A602T,31029.097004,483.61203899999964
A602V,31029.097004,483.61203899999964
A602W,31013.043494,467.5585290000017
A602Y,31071.237476,525.7525109999988
A636C,30545.484965,0.0
A636D,30545.484965,0.0
A636E,30545.484965,0.0
A636F,30866.555201,321.07023599999957
A636G,30545.484965,0.0
A636H,30545.484965,0.0
A636I,30866.555201,321.07023599999957
A636K,30545.484965,0.0
A636L,30545.484965,0.0
A636M,30545.484965,0.0
A636N,30545.484965,0.0
A636P,30545.484965,0.0
A636Q,30545.484965,0.0
A636R,30545.484965,0.0
A636S,30545.484965,0.0
A636T,30545.484965,0.0
A636V,30545.484965,0.0
A636W,30862.541821,317.05685599999924
A636Y,30859.866235999998,314.3812709999984
A649C,30545.484965,0.0
A649D,30545.484965,0.0
A649E,30545.484965,0.0
A649F,30625.418074999998,79.93310999999812
A649G,30545.484965,0.0
A649H,30465.551855,-79.93310999999812
A649I,30707.692328,162.20736300000135
A649K,30465.551855,-79.93310999999812
A649L,30545.484965,0.0
A649M,30545.484965,0.0
A649N,30529.431455,-16.053509999997914
A649P,30305.685634999998,-239.79933000000165
A649Q,30545.484965,0.0
A649R,30465.551855,-79.93310999999812
A649S,30545.484965,0.0
A649T,30545.484965,0.0
A649V,30545.484965,0.0
A649W,30705.351185,159.86621999999988
A649Y,30719.398008,173.91304300000047
A655C,30517.391309,-28.09365600000092
A655D,30545.484965,0.0
A655E,30509.364557,-36.12040799999886
A655F,30825.418075999998,279.93311099999846
A655G,30469.230785,-76.2541799999999
A655H,29506.020077,-1039.4648879999986
A655I,30801.337799,255.85283400000117
A655K,29506.020077,-1039.4648879999986
A655L,30553.511717,8.02675200000158
A655M,30477.257537,-68.22742799999833
A655N,30469.230785,-76.2541799999999
A655P,29506.020077,-1039.4648879999986
A655Q,30565.551844999998,20.06687999999849
A655R,29506.020077,-1039.4648879999986
A655S,30465.217397,-80.2675679999993
A655T,30473.244161,-72.24080400000094
A655V,30545.484965,0.0
A655W,30542.474921999998,-3.0100430000020424
A655Y,30793.311047,247.8260819999996
A663C,30545.484965,0.0
A663D,30545.484965,0.0
A663E,30545.484965,0.0
A663F,30545.484965,0.0
A663G,30545.484965,0.0
A663H,30545.484965,0.0
A663I,30545.484965,0.0
A663K,30545.484965,0.0
A663L,30545.484965,0.0
A663M,30545.484965,0.0
A663N,30545.484965,0.0
A663P,30545.484965,0.0
A663Q,30545.484965,0.0
A663R,30545.484965,0.0
A663S,30545.484965,0.0
A663T,30545.484965,0.0
A663V,30545.484965,0.0
A663W,30545.484965,0.0
A663Y,30545.484965,0.0
A664C,30545.484965,0.0
A664D,30545.484965,0.0
A664E,30545.484965,0.0
A664F,30575.585297,30.1003320000018
A664G,30545.484965,0.0
A664H,30458.862891,-86.62207399999897
A664I,30577.591985,32.107019999999466
A664K,30458.862891,-86.62207399999897
A664L,30493.311047,-52.17391800000041
A664M,30545.484965,0.0
A664N,30545.484965,0.0
A664P,30545.484965,0.0
A664Q,30545.484965,0.0
A664R,30458.862891,-86.62207399999897
A664S,30545.484965,0.0
A664T,30499.331117,-46.153847999998106
A664V,30545.484965,0.0
A664W,30545.484965,0.0
A664Y,30583.612055,38.12709000000177
A665C,30545.484965,0.0
A665D,30545.484965,0.0
A665E,30545.484965,0.0
A665F,30545.484965,0.0
A665G,30545.484965,0.0
A665H,30545.484965,0.0
A665I,30545.484965,0.0
A665K,30545.484965,0.0
A665L,30545.484965,0.0
A665M,30545.484965,0.0
A665N,30545.484965,0.0
A665P,30545.484965,0.0
A665Q,30545.484965,0.0
A665R,30545.484965,0.0
A665S,30545.484965,0.0
A665T,30545.484965,0.0
A665V,30545.484965,0.0
A665W,30545.484965,0.0
A665Y,30545.484965,0.0
A68C,30465.217406,-80.26755899999989
A68D,30465.217406,-80.26755899999989
A68E,30465.217406,-80.26755899999989
A68F,30578.929780000002,33.44481500000256
A68G,30545.484965,0.0
A68H,30465.217406,-80.26755899999989
A68I,30580.602020000002,35.11705500000244
A68K,30465.217406,-80.26755899999989
A68L,30545.484965,0.0
A68M,30545.484965,0.0
A68N,30529.431449,-16.053515999999945
A68P,30465.217406,-80.26755899999989
A68Q,30545.484965,0.0
A68R,30465.217406,-80.26755899999989
A68S,30545.484965,0.0
A68T,30545.484965,0.0
A68V,30545.484965,0.0
A68W,30545.484965,0.0
A68Y,30585.61874,40.13377500000206
C251A,30545.484965,0.0
C251D,30545.484965,0.0
C251E,30545.484965,0.0
C251F,31267.892996000002,722.4080310000027
C251G,30545.484965,0.0
C251H,30545.484965,0.0
C251I,31031.103694999998,485.6187299999983
C251K,30545.484965,0.0
C251L,30545.484965,0.0
C251M,30545.484965,0.0
C251N,30545.484965,0.0
C251P,30545.484965,0.0
C251Q,30545.484965,0.0
C251R,30545.484965,0.0
C251S,30545.484965,0.0
C251T,30545.484965,0.0
C251V,30545.484965,0.0
C251W,30545.484965,0.0
C251Y,31391.638815,846.1538499999988
C406A,30545.484965,0.0
C406D,30545.484965,0.0
C406E,30545.484965,0.0
C406F,30545.484965,0.0
C406G,30545.484965,0.0
C406H,30545.484965,0.0
C406I,30545.484965,0.0
C406K,30545.484965,0.0
C406L,30545.484965,0.0
C406M,30545.484965,0.0
C406N,30545.484965,0.0
C406P,30545.484965,0.0
C406Q,30545.484965,0.0
C406R,30545.484965,0.0
C406S,30545.484965,0.0
C406T,30545.484965,0.0
C406V,30545.484965,0.0
C406W,30545.484965,0.0
C406Y,30545.484965,0.0
C41A,30865.217405,319.73243999999977
C41D,30385.618745,-159.86621999999988
C41E,30385.618745,-159.86621999999988
C41F,31029.097005,483.61204
C41G,30865.217405,319.73243999999977
C41H,30545.484965,0.0
C41I,30647.826107,102.34114200000113
C41K,30545.484965,0.0
C41L,30891.973265,346.4883000000009
C41M,30529.431455,-16.053509999997914
C41N,30865.217405,319.73243999999977
C41P,30545.484965,0.0
C41Q,30545.484965,0.0
C41R,30545.484965,0.0
C41S,30547.491659,2.0066939999996976
C41T,30895.317745,349.83278000000064
C41V,30865.217405,319.73243999999977
C41W,30975.585305,430.10034000000087
C41Y,31039.130455000002,493.6454900000026
C50A,31025.083625,479.59865999999965
C50D,30545.484965,0.0
C50E,30545.484965,0.0
C50F,31405.016735,859.5317700000014
C50G,31009.030115,463.54515000000174
C50H,30545.484965,0.0
C50I,31415.050185,869.5652200000004
C50K,30545.484965,0.0
C50L,31009.030115,463.54515000000174
C50M,30545.484965,0.0
C50N,31009.030115,463.54515000000174
C50P,30545.484965,0.0
C50Q,30545.484965,0.0
C50R,30545.484965,0.0
C50S,30545.484965,0.0
C50T,30545.484965,0.0
C50V,31009.030115,463.54515000000174
C50W,31323.411385,777.9264199999998
C50Y,31358.193995,812.7090300000018
C538A,30545.484965,0.0
C538D,30545.484965,0.0
C538E,30545.484965,0.0
C538F,30970.23413,424.7491650000011
C538G,30545.484965,0.0
C538H,30545.484965,0.0
C538I,30978.595334999998,433.1103699999985
C538K,30545.484965,0.0
C538L,30545.484965,0.0
C538M,30545.484965,0.0
C538N,30545.484965,0.0
C538P,30545.484965,0.0
C538Q,30545.484965,0.0
C538R,30545.484965,0.0
C538S,30545.484965,0.0
C538T,30545.484965,0.0
C538V,30545.484965,0.0
C538W,30945.150514999998,399.6655499999979
C538Y,30981.939815,436.4548500000019
C541A,30544.481621,-1.0033440000006522
C541D,30303.678944,-241.80602100000033
C541E,30303.678944,-241.80602100000033
C541F,30568.561886,23.076920999999857
C541G,30541.471586,-4.013378999999986
C541H,30303.678944,-241.80602100000033
C541I,30547.491653,2.0066880000013043
C541K,30303.678944,-241.80602100000033
C541L,30552.508376,7.023411000001943
C541M,30303.678944,-241.80602100000033
C541N,30546.488309,1.0033440000006522
C541P,30303.678944,-241.80602100000033
C541Q,30557.525099,12.040133999998943
C541R,30303.678944,-241.80602100000033
C541S,30545.484965,0.0
C541T,30303.678944,-241.80602100000033
C541V,30568.561886,23.076920999999857
C541W,30575.5853,30.100334999999177
C541Y,30552.508376,7.023411000001943
D115A,30545.484965,0.0
D115C,30073.913057,-471.5719079999981
D115E,30545.484965,0.0
D115F,30619.063558,73.578593000002
D115G,30545.484965,0.0
D115H,29995.317739000002,-550.1672259999978
D115I,30633.779281000003,88.29431600000316
D115K,30545.484965,0.0
D115L,30545.484965,0.0
D115M,30545.484965,0.0
D115N,30545.484965,0.0
D115P,29995.317739000002,-550.1672259999978
D115Q,30545.484965,0.0
D115R,29995.317739000002,-550.1672259999978
D115S,30545.484965,0.0
D115T,30545.484965,0.0
D115V,30529.431449,-16.053515999999945
D115W,30560.200677,14.715712000001076
D115Y,30641.137137,95.65217200000188
D131A,30461.204027,-84.28093799999988
D131C,30545.484965,0.0
D131E,30545.484965,0.0
D131F,30460.535132,-84.94983299999876
D131G,30545.484965,0.0
D131H,30545.484965,0.0
D131I,30457.859548,-87.62541699999929
D131K,30545.484965,0.0
D131L,30465.21741,-80.26755499999854
D131M,30545.484965,0.0
D131N,30436.454868,-109.03009699999893
D131P,30177.591989,-367.8929759999992
D131Q,30471.90637,-73.57859499999904
D131R,30177.591989,-367.8929759999992
D131S,30545.484965,0.0
D131T,30444.147172,-101.33779299999878
D131V,30473.244161000002,-72.2408039999973
D131W,30461.872924000003,-83.61204099999668
D131Y,30498.662224,-46.82274099999995
D189A,30545.484965,0.0
D189C,30541.471589,-4.013375999998971
D189E,30535.451525,-10.033439999999246
D189F,30817.391321000003,271.90635600000314
D189G,30065.886305,-479.59865999999965
D189H,30065.886305,-479.59865999999965
D189I,30796.321088,250.83612300000095
D189K,30065.886305,-479.59865999999965
D189L,30547.491659,2.0066939999996976
D189M,30065.886305,-479.59865999999965
D189N,30065.886305,-479.59865999999965
D189P,30065.886305,-479.59865999999965
D189Q,30559.531787,14.046822000000247
D189R,30065.886305,-479.59865999999965
D189S,30065.886305,-479.59865999999965
D189T,30065.886305,-479.59865999999965
D189V,30545.484965,0.0
D189W,30606.68898,61.204014999999345
D189Y,30791.304368,245.81940300000133
D215A,30931.77259,386.28762500000084
D215C,30931.77259,386.28762500000084
D215E,30700.000015,154.5150500000018
D215F,31022.073595,476.588630000002
D215G,30545.484965,0.0
D215H,29847.491655,-697.993309999998
D215I,31028.093659,482.60869399999865
D215K,30545.484965,0.0
D215L,30931.77259,386.28762500000084
D215M,30545.484965,0.0
D215N,30545.484965,0.0
D215P,30545.484965,0.0
D215Q,30931.77259,386.28762500000084
D215R,29847.491655,-697.993309999998
D215S,30700.000015,154.5150500000018
D215T,30700.000015,154.5150500000018
D215V,30931.77259,386.28762500000084
D215W,30718.060219,172.5752539999994
D215Y,31046.15386,500.6688949999989
D231A,30529.431454999998,-16.053510000001552
D231C,30545.484965,0.0
D231E,30625.418075,79.93311000000176
D231F,30665.551859,120.06689399999959
D231G,30545.484965,0.0
D231H,30545.484965,0.0
D231I,30756.856205,211.3712400000004
D231K,30545.484965,0.0
D231L,30606.68898,61.204014999999345
D231M,30545.484965,0.0
D231N,30545.484965,0.0
D231P,30545.484965,0.0
D231Q,30545.484965,0.0
D231R,30545.484965,0.0
D231S,30625.418075,79.93311000000176
D231T,30625.418075,79.93311000000176
D231V,30545.484965,0.0
D231W,30705.351185,159.86621999999988
D231Y,30758.528445,213.04348000000027
D239A,30545.484965,0.0
D239C,30545.484965,0.0
D239E,30545.484965,0.0
D239F,31265.217405,719.7324399999998
D239G,30545.484965,0.0
D239H,30545.484965,0.0
D239I,31186.956537,641.4715719999986
D239K,30545.484965,0.0
D239L,30545.484965,0.0
D239M,30545.484965,0.0
D239N,30545.484965,0.0
D239P,30545.484965,0.0
D239Q,30545.484965,0.0
D239R,30545.484965,0.0
D239S,30545.484965,0.0
D239T,30545.484965,0.0
D239V,30545.484965,0.0
D239W,31222.408045,676.9230800000005
D239Y,31189.297673,643.8127080000013
D248A,30545.484965,0.0
D248C,30545.484965,0.0
D248E,30545.484965,0.0
D248F,30545.484965,0.0
D248G,30545.484965,0.0
D248H,30545.484965,0.0
D248I,30545.484965,0.0
D248K,30545.484965,0.0
D248L,30545.484965,0.0
D248M,30545.484965,0.0
D248N,30545.484965,0.0
D248P,30545.484965,0.0
D248Q,30545.484965,0.0
D248R,30545.484965,0.0
D248S,30545.484965,0.0
D248T,30545.484965,0.0
D248V,30545.484965,0.0
D248W,30545.484965,0.0
D248Y,30545.484965,0.0
D257A,30545.484965,0.0
D257C,30545.484965,0.0
D257E,30545.484965,0.0
D257F,30978.595335,433.11037000000215
D257G,30545.484965,0.0
D257H,30545.484965,0.0
D257I,30981.939814999998,436.45484999999826
D257K,30545.484965,0.0
D257L,30545.484965,0.0
D257M,30545.484965,0.0
D257N,30545.484965,0.0
D257P,30545.484965,0.0
D257Q,30545.484965,0.0
D257R,30545.484965,0.0
D257S,30545.484965,0.0
D257T,30545.484965,0.0
D257V,30545.484965,0.0
D257W,30945.150515,399.66555000000153
D257Y,30985.284295,439.79933000000165
D269A,30545.484965,0.0
D269C,30867.892993,322.40802800000165
D269E,30867.892993,322.40802800000165
D269F,31021.070251,475.58528600000136
D269G,30545.484965,0.0
D269H,30867.892993,322.40802800000165
D269I,31028.093659,482.60869399999865
D269K,30545.484965,0.0
D269L,30925.083626,379.598661
D269M,30867.892993,322.40802800000165
D269N,30948.495000000003,403.010035000003
D269P,30545.484965,0.0
D269Q,30545.484965,0.0
D269R,30545.484965,0.0
D269S,30867.892993,322.40802800000165
D269T,30847.826101,302.3411359999991
D269V,30545.484965,0.0
D269W,30985.95319,440.46822500000053
D269Y,31030.434795,484.9498300000014
D277A,30736.789309,191.30434400000013
D277C,30726.086973,180.60200800000166
D277E,30715.384629,169.89966400000048
D277F,30661.204026,115.71906099999978
D277G,30707.357877000002,161.87291200000254
D277H,29995.652189,-549.8327759999993
D277I,30662.876271,117.39130600000135
D277K,29995.652189,-549.8327759999993
D277L,30649.163897000002,103.67893200000253
D277M,30744.816069,199.33110400000078
D277N,30666.555197,121.07023200000185
D277P,30515.384633,-30.10033199999816
D277Q,30731.438141,185.95317599999908
D277R,29995.652189,-549.8327759999993
D277S,30628.428108,82.94314300000042
D277T,30647.157203000002,101.67223800000284
D277V,30678.260882000002,132.77591700000266
D277W,30657.85955,112.37458500000139
D277Y,30668.561889,123.07692400000087
D281A,30728.762557000002,183.2775920000022
D281C,30712.040147,166.55518200000006
D281E,30528.762555,-16.72240999999849
D281F,30729.431451,183.94648600000073
D281G,30520.401355,-25.08360999999786
D281H,30520.401355,-25.08360999999786
D281I,30692.307709,146.82274400000097
D281K,30488.62878,-56.85618500000055
D281L,30730.434797,184.94983200000206
D281M,30707.023427,161.53846200000044
D281N,30705.351187,159.86622200000056
D281P,30486.956535,-58.52842999999848
D281Q,30735.451522000003,189.96655700000338
D281R,30488.62878,-56.85618500000055
D281S,30698.662222,153.17725699999937
D281T,30707.023427,161.53846200000044
D281V,30712.709046,167.2240810000003
D281W,30691.973261,146.48829599999954
D281Y,30695.317739000002,149.83277400000225
D288A,30637.123761000003,91.63879600000291
D288C,30637.123761000003,91.63879600000291
D288E,30637.123761000003,91.63879600000291
D288F,30637.123761000003,91.63879600000291
D288G,30545.484965,0.0
D288H,30637.123761000003,91.63879600000291
D288I,30637.123761000003,91.63879600000291
D288K,30637.123761000003,91.63879600000291
D288L,30637.123761000003,91.63879600000291
D288M,30637.123761000003,91.63879600000291
D288N,30637.123761000003,91.63879600000291
D288P,30545.484965,0.0
D288Q,30637.123761000003,91.63879600000291
D288R,30637.123761000003,91.63879600000291
D288S,30637.123761000003,91.63879600000291
D288T,30637.123761000003,91.63879600000291
D288V,30637.123761000003,91.63879600000291
D288W,30637.123761000003,91.63879600000291
D288Y,30637.123761000003,91.63879600000291
D303A,30545.484965,0.0
D303C,30545.484965,0.0
D303E,30545.484965,0.0
D303F,30545.484965,0.0
D303G,30545.484965,0.0
D303H,30545.484965,0.0
D303I,30931.77259,386.28762500000084
D303K,30545.484965,0.0
D303L,30545.484965,0.0
D303M,30545.484965,0.0
D303N,30545.484965,0.0
D303P,30545.484965,0.0
D303Q,30545.484965,0.0
D303R,30545.484965,0.0
D303S,30545.484965,0.0
D303T,30545.484965,0.0
D303V,30545.484965,0.0
D303W,30545.484965,0.0
D303Y,30945.150515,399.66555000000153
D347A,30545.484965,0.0
D347C,30545.484965,0.0
D347E,30545.484965,0.0
D347F,30945.150514999998,399.6655499999979
D347G,30545.484965,0.0
D347H,30545.484965,0.0
D347I,30945.150514999998,399.6655499999979
D347K,30545.484965,0.0
D347L,30545.484965,0.0
D347M,30545.484965,0.0
D347N,30545.484965,0.0
D347P,30545.484965,0.0
D347Q,30545.484965,0.0
D347R,30545.484965,0.0
D347S,30545.484965,0.0
D347T,30545.484965,0.0
D347V,30545.484965,0.0
D347W,30545.484965,0.0
D347Y,30948.495,403.01003499999933
D355A,30526.42142,-19.063545000000886
D355C,30545.484965,0.0
D355E,30545.484965,0.0
D355F,30498.662225,-46.82273999999961
D355G,30545.484965,0.0
D355H,30449.163895,-96.32106999999814
D355I,30500.334465,-45.15049999999974
D355K,30449.163895,-96.32106999999814
D355L,30545.484965,0.0
D355M,30545.484965,0.0
D355N,30431.103695,-114.38126999999804
D355P,30449.163895,-96.32106999999814
D355Q,30545.484965,0.0
D355R,30449.163895,-96.32106999999814
D355S,30545.484965,0.0
D355T,30545.484965,0.0
D355V,30545.484965,0.0
D355W,30465.21741,-80.26755499999854
D355Y,30505.351185,-40.133780000000115
D387A,30545.484965,0.0
D387C,30545.484965,0.0
D387E,30545.484965,0.0
D387F,30883.612055,338.1270900000018
D387G,30545.484965,0.0
D387H,30545.484965,0.0
D387I,30873.578612,328.0936470000015
D387K,30545.484965,0.0
D387L,30545.484965,0.0
D387M,30545.484965,0.0
D387N,30545.484965,0.0
D387P,30545.484965,0.0
D387Q,30545.484965,0.0
D387R,30465.217406,-80.26755899999989
D387S,30545.484965,0.0
D387T,30545.484965,0.0
D387V,30545.484965,0.0
D387W,30545.484965,0.0
D387Y,30868.561889,323.0769240000009
D403A,30545.484965,0.0
D403C,30545.484965,0.0
D403E,30545.484965,0.0
D403F,30545.484965,0.0
D403G,30545.484965,0.0
D403H,30545.484965,0.0
D403I,31009.030114999998,463.5451499999981
D403K,30545.484965,0.0
D403L,30545.484965,0.0
D403M,30545.484965,0.0
D403N,30545.484965,0.0
D403P,30545.484965,0.0
D403Q,30545.484965,0.0
D403R,30545.484965,0.0
D403S,30545.484965,0.0
D403T,30545.484965,0.0
D403V,30545.484965,0.0
D403W,30545.484965,0.0
D403Y,31025.083625,479.59865999999965
D413A,30565.551851,20.066886000000522
D413C,30545.484965,0.0
D413E,30479.264225,-66.22074000000066
D413F,30556.187303,10.702337999999145
D413G,30539.464894999997,-6.020070000002306
D413H,30511.371250999997,-34.1137140000028
D413I,30562.876266,17.391300999999658
D413K,30529.431449,-16.053515999999945
D413L,30486.28764,-59.197325000001
D413M,30567.558538999998,22.07357399999819
D413N,30571.571921,26.08695599999919
D413P,30515.384627,-30.100338000000193
D413Q,30551.505029,6.020064000000275
D413R,30517.391315,-28.09364999999889
D413S,30482.274259,-63.21070599999803
D413T,30484.949847,-60.535117999999784
D413V,30569.565232999998,24.080267999997886
D413W,30524.41473,-21.07023499999923
D413Y,30568.896336,23.411371000001964
D427A,30545.484965,0.0
D427C,30545.484965,0.0
D427E,30545.484965,0.0
D427F,31086.28764,540.802674999999
D427G,30545.484965,0.0
D427H,30545.484965,0.0
D427I,31105.016735,559.5317700000014
D427K,30545.484965,0.0
D427L,31105.016735,559.5317700000014
D427M,30545.484965,0.0
D427N,31086.28764,540.802674999999
D427P,30545.484965,0.0
D427Q,30545.484965,0.0
D427R,30545.484965,0.0
D427S,30545.484965,0.0
D427T,30545.484965,0.0
D427V,30545.484965,0.0
D427W,31089.632122,544.1471569999994
D427Y,31105.016735,559.5317700000014
D42A,30683.946505,138.46154000000024
D42C,30545.484965,0.0
D42E,30705.351185,159.86621999999988
D42F,30684.615401000003,139.1304360000031
D42G,30545.484965,0.0
D42H,30705.351185,159.86621999999988
D42I,30705.351185,159.86621999999988
D42K,30705.351185,159.86621999999988
D42L,30699.331121000003,153.84615600000325
D42M,30529.431455,-16.053509999997914
D42N,30689.297675,143.81271000000197
D42P,30545.484965,0.0
D42Q,30545.484965,0.0
D42R,30545.484965,0.0
D42S,30545.484965,0.0
D42T,30705.351185,159.86621999999988
D42V,30700.000017000002,154.51505200000247
D42W,30709.364567,163.8796020000009
D42Y,30703.010049,157.5250840000008
D430A,30545.484965,0.0
D430C,30545.484965,0.0
D430E,30545.484965,0.0
D430F,30948.495,403.01003499999933
D430G,30545.484965,0.0
D430H,30545.484965,0.0
D430I,30958.528445,413.0434800000003
D430K,30545.484965,0.0
D430L,30545.484965,0.0
D430M,30545.484965,0.0
D430N,30545.484965,0.0
D430P,30545.484965,0.0
D430Q,30545.484965,0.0
D430R,30545.484965,0.0
D430S,30545.484965,0.0
D430T,30545.484965,0.0
D430V,30545.484965,0.0
D430W,30545.484965,0.0
D430Y,30971.90637,426.42140500000096
D432A,30545.484965,0.0
D432C,30236.454865,-309.03009999999995
D432E,30236.454865,-309.03009999999995
D432F,30558.862893,13.377928000001702
D432G,30236.454865,-309.03009999999995
D432H,30236.454865,-309.03009999999995
D432I,30557.525101,12.04013599999962
D432K,30236.454865,-309.03009999999995
D432L,30556.187305,10.702339999999822
D432M,30236.454865,-309.03009999999995
D432N,30236.454865,-309.03009999999995
D432P,30236.454865,-309.03009999999995
D432Q,30557.525101,12.04013599999962
D432R,30236.454865,-309.03009999999995
D432S,30236.454865,-309.03009999999995
D432T,30236.454865,-309.03009999999995
D432V,30545.484965,0.0
D432W,30236.454865,-309.03009999999995
D432Y,30556.187305,10.702339999999822
D472A,30552.508376,7.023411000001943
D472C,30559.866234999998,14.38126999999804
D472E,30545.484965,0.0
D472F,30549.498342,4.013376999999309
D472G,30551.505030999997,6.020065999997314
D472H,30548.829446,3.344481000000087
D472I,30547.826102,2.341136999999435
D472K,30546.153861,0.6688959999992221
D472L,30550.501687,5.0167220000003
D472M,30548.160549999997,2.675584999997227
D472N,30551.505030999997,6.020065999997314
D472P,30465.217406,-80.26755899999989
D472Q,30548.829446,3.344481000000087
D472R,30545.150515999998,-0.3344490000017686
D472S,30545.819413,0.33444800000143005
D472T,30549.498342,4.013376999999309
D472V,30550.836135,5.35117000000173
D472W,30550.501687,5.0167220000003
D472Y,30481.605367,-63.87959799999953
D489A,30545.484965,0.0
D489C,30545.484965,0.0
D489E,30545.484965,0.0
D489F,31371.571925,826.0869600000005
D489G,30545.484965,0.0
D489H,30545.484965,0.0
D489I,31398.327774999998,852.8428099999983
D489K,30545.484965,0.0
D489L,30545.484965,0.0
D489M,30545.484965,0.0
D489N,30545.484965,0.0
D489P,30545.484965,0.0
D489Q,30545.484965,0.0
D489R,30545.484965,0.0
D489S,30545.484965,0.0
D489T,30545.484965,0.0
D489V,30545.484965,0.0
D489W,31318.060215,772.5752500000017
D489Y,31415.050185,869.5652200000004
D504A,30724.414731,178.9297660000011
D504C,30709.364565,163.8796000000002
D504E,30617.725769,72.24080400000094
D504F,30852.842824,307.35785899999973
D504G,30695.652187999996,150.16722299999674
D504H,30733.110384,187.62541899999997
D504I,30842.809381,297.3244159999995
D504K,30698.327776000002,152.84281100000226
D504L,30744.816067,199.3311020000001
D504M,30700.000012,154.51504700000078
D504N,30705.016734,159.53176900000108
D504P,30671.57192,126.08695499999885
D504Q,30754.849513999998,209.36454899999808
D504R,30714.381288,168.89632300000085
D504S,30686.287639,140.80267399999866
D504T,30697.658874999997,152.1739099999977
D504V,30731.438143,185.95317799999975
D504W,30777.257543,231.77257800000007
D504Y,30840.468245,294.9832800000004
D527A,31187.625437,642.1404719999991
D527C,30545.484965,0.0
D527E,30545.484965,0.0
D527F,31171.571925,626.0869600000005
D527G,31184.949845,639.4648799999995
D527H,30297.658876999998,-247.82608800000162
D527I,31142.140481,596.6555159999989
D527K,30297.658876999998,-247.82608800000162
D527L,31184.949845,639.4648799999995
D527M,31163.545165,618.0601999999999
D527N,31184.949845,639.4648799999995
D527P,30545.484965,0.0
D527Q,31166.220749,620.7357840000004
D527R,30297.658876999998,-247.82608800000162
D527S,30545.484965,0.0
D527T,31168.896333,623.411368000001
D527V,31184.949845,639.4648799999995
D527W,31184.949845,639.4648799999995
D527Y,31174.247501,628.762536000002
D540A,30545.484965,0.0
D540C,30543.478273999997,-2.00669100000232
D540E,30543.478273999997,-2.00669100000232
D540F,30796.321085,250.83611999999994
D540G,30303.678944,-241.80602100000033
D540H,30303.678944,-241.80602100000033
D540I,30800.334461,254.8494959999989
D540K,30303.678944,-241.80602100000033
D540L,30550.501685,5.016719999999623
D540M,30543.478273999997,-2.00669100000232
D540N,30535.451519,-10.033446000001277
D540P,30303.678944,-241.80602100000033
D540Q,30560.535131,15.0501660000009
D540R,30303.678944,-241.80602100000033
D540S,30303.678944,-241.80602100000033
D540T,30540.468242,-5.016723000000638
D540V,30545.484965,0.0
D540W,30303.678944,-241.80602100000033
D540Y,30795.317741,249.83277599999928
D547A,30567.224099,21.739133999999467
D547C,30537.458211,-8.026753999998618
D547E,30535.785972,-9.698992999998154
D547F,30556.856205,11.371240000000398
D547G,30537.458212999998,-8.02675200000158
D547H,30456.187308,-89.29765699999916
D547I,30561.538479,16.053513999999268
D547K,30377.257543,-168.22742199999993
D547L,30566.220751999997,20.7357869999978
D547M,30563.879616000002,18.39465100000234
D547N,30567.558545,22.07358000000022
D547P,30513.377943,-32.10702200000014
D547Q,30555.183964,9.698999000000185
D547R,30373.578613,-171.90635199999815
D547S,30553.511723,8.026757999999973
D547T,30551.170585,5.685620000000199
D547V,30561.538479,16.053513999999268
D547W,30528.762559,-16.722406000000774
D547Y,30571.571925,26.086960000000545
D558A,30541.13714,-4.347825000000739
D558C,30518.394659,-27.090305999998236
D558E,30524.414733,-21.070231999998214
D558F,30542.809376,-2.675588999998581
D558G,30522.073594999998,-23.411370000001625
D558H,30512.709039999998,-32.775925000001735
D558I,30601.672252,56.18728700000065
D558K,30510.033457,-35.451507999998285
D558L,30588.628776999998,43.143811999998434
D558M,30528.762558,-16.722407000001112
D558N,30577.591988,32.10702300000048
D558P,30495.317735,-50.16722999999911
D558Q,30520.066899999998,-25.41806500000166
D558R,30496.655528,-48.829437000000325
D558S,30507.023424,-38.46154100000058
D558T,30536.454864,-9.030101000000286
D558V,30520.066899999998,-25.41806500000166
D558W,30619.732458,74.24749299999894
D558Y,30608.026766,62.541800999999396
D55A,30545.484965,0.0
D55C,30545.484965,0.0
D55E,30545.484965,0.0
D55F,31112.04015,566.5551850000011
D55G,30545.484965,0.0
D55H,30545.484965,0.0
D55I,31130.769245,585.2842799999999
D55K,30545.484965,0.0
D55L,30545.484965,0.0
D55M,30545.484965,0.0
D55N,30545.484965,0.0
D55P,30545.484965,0.0
D55Q,30545.484965,0.0
D55R,30545.484965,0.0
D55S,30545.484965,0.0
D55T,30545.484965,0.0
D55V,30545.484965,0.0
D55W,31086.287640000002,540.8026750000026
D55Y,31149.498340000002,604.0133750000023
D588A,30545.484965,0.0
D588C,30360.200683,-185.28428200000053
D588E,30356.187300999998,-189.29766400000153
D588F,30605.685633,60.200668000001315
D588G,30494.648845,-50.83611999999994
D588H,30332.107033,-213.37793199999942
D588I,30591.973252,46.48828700000013
D588K,30350.167236999998,-195.3177280000018
D588L,30541.806031,-3.678933999999572
D588M,30500.000013,-45.484951999998884
D588N,30494.648845,-50.83611999999994
D588P,30350.167236999998,-195.3177280000018
D588Q,30558.862885,13.377919999998994
D588R,30350.167236999998,-195.3177280000018
D588S,30480.936463000002,-64.54850199999782
D588T,30488.294327,-57.190638000000035
D588V,30545.484965,0.0
D588W,30505.016731,-40.46823399999994
D588Y,30588.963223,43.47825799999919
D59A,30626.086972,80.60200700000132
D59C,30779.264228,233.77926300000036
D59E,30777.257540000002,231.7725750000027
D59F,30951.839479000002,406.3545140000024
D59G,30625.752524,80.26755899999989
D59H,30545.484965,0.0
D59I,30945.150515,399.66555000000153
D59K,30545.484965,0.0
D59L,30785.284295,239.79933000000165
D59M,30625.418075,79.93311000000176
D59N,30785.618744,240.13377899999978
D59P,30545.484965,0.0
D59Q,30785.284295,239.79933000000165
D59R,30545.484965,0.0
D59S,30781.270918000002,235.78595300000234
D59T,30625.418075,79.93311000000176
D59V,30797.324429,251.8394640000006
D59W,30799.331119000002,253.84615400000257
D59Y,30945.150515,399.66555000000153
D609A,31063.210715,517.7257500000014
D609C,31031.103695,485.61873000000196
D609E,31109.699014,564.214049000002
D609F,31172.240817,626.755852000002
D609G,31027.090319,481.60535399999935
D609H,30545.484965,0.0
D609I,31177.591988,632.1070230000005
D609K,30545.484965,0.0
D609L,31142.474932,596.9899670000013
D609M,30545.484965,0.0
D609N,31069.230785,523.7458200000001
D609P,30545.484965,0.0
D609Q,31041.137141,495.6521759999996
D609R,30545.484965,0.0
D609S,31137.79266,592.3076949999995
D609T,30545.484965,0.0
D609V,31067.224097,521.7391319999988
D609W,31133.444833999998,587.9598689999984
D609Y,31183.946503,638.4615379999996
D632A,30545.484965,0.0
D632C,30545.484965,0.0
D632E,30304.682288,-240.80267699999968
D632F,30866.555201,321.07023599999957
D632G,30304.682288,-240.80267699999968
D632H,30304.682288,-240.80267699999968
D632I,30866.555201,321.07023599999957
D632K,30304.682288,-240.80267699999968
D632L,30545.484965,0.0
D632M,30545.484965,0.0
D632N,30545.484965,0.0
D632P,30304.682288,-240.80267699999968
D632Q,30545.484965,0.0
D632R,30304.682288,-240.80267699999968
D632S,30545.484965,0.0
D632T,30545.484965,0.0
D632V,30545.484965,0.0
D632W,30866.555201,321.07023599999957
D632Y,30866.555201,321.07023599999957
D71A,30545.484965,0.0
D71C,30545.484965,0.0
D71E,30545.484965,0.0
D71F,30706.020083,160.53511799999978
D71G,30545.484965,0.0
D71H,30545.484965,0.0
D71I,30706.020083,160.53511799999978
D71K,30545.484965,0.0
D71L,30545.484965,0.0
D71M,30545.484965,0.0
D71N,30545.484965,0.0
D71P,30545.484965,0.0
D71Q,30545.484965,0.0
D71R,30465.217406,-80.26755899999989
D71S,30545.484965,0.0
D71T,30545.484965,0.0
D71V,30545.484965,0.0
D71W,30545.484965,0.0
D71Y,30706.020083,160.53511799999978
D81A,30656.187309,110.70234400000118
D81C,30632.775935,87.29097000000183
D81E,30630.434799000002,84.94983400000274
D81F,31861.204025,1315.7190599999994
D81G,30543.478277000002,-2.0066879999976663
D81H,30021.739145,-523.7458200000001
D81I,31875.919754000002,1330.4347890000026
D81K,30021.739145,-523.7458200000001
D81L,30590.635464,45.1504989999994
D81M,30663.210717,117.7257520000021
D81N,30665.551853,120.0668880000012
D81P,30505.351187,-40.13377799999944
D81Q,31774.247505000003,1228.7625400000034
D81R,30021.739145,-523.7458200000001
D81S,30573.578609,28.093644000000495
D81T,30589.297671,43.81270600000062
D81V,30573.578609,28.093644000000495
D81W,31767.224097000002,1221.7391320000024
D81Y,30777.591991,232.1070260000015
D98A,30545.484965,0.0
D98C,30545.484965,0.0
D98E,30545.484965,0.0
D98F,30545.484965,0.0
D98G,30545.484965,0.0
D98H,30545.484965,0.0
D98I,30545.484965,0.0
D98K,30545.484965,0.0
D98L,30545.484965,0.0
D98M,30545.484965,0.0
D98N,30545.484965,0.0
D98P,30545.484965,0.0
D98Q,30545.484965,0.0
D98R,30545.484965,0.0
D98S,30545.484965,0.0
D98T,30545.484965,0.0
D98V,30545.484965,0.0
D98W,30545.484965,0.0
D98Y,30545.484965,0.0
E109A,30635.451518,89.96655300000202
E109C,30403.678939,-141.80602599999838
E109D,30302.006697,-243.47826799999893
E109F,30577.926437000002,32.44147200000225
E109G,30319.063555,-226.421409999999
E109H,30127.759216000002,-417.72574899999745
E109I,30571.571924,26.086959000000206
E109K,30123.411379,-422.0735859999986
E109L,30580.267572,34.78260700000101
E109M,30566.88965,21.404685000001336
E109N,30587.959874,42.47490900000048
E109P,30291.304355,-254.18060999999943
E109Q,30307.692326,-237.79263899999933
E109R,30088.628774,-456.85619099999894
E109S,30559.866228000003,14.381263000002946
E109T,30566.555202000003,21.070237000003544
E109V,30578.595331,33.110366000000795
E109W,30569.230785,23.745820000000094
E109Y,30580.267572,34.78260700000101
E140A,30560.535135000002,15.050170000002254
E140C,30545.484965,0.0
E140D,30545.484965,0.0
E140F,30533.779279000002,-11.705685999997513
E140G,30545.484965,0.0
E140H,30453.511721000003,-91.97324399999707
E140I,30499.665567,-45.81939799999964
E140K,30453.511721000003,-91.97324399999707
E140L,30557.19065,11.705685000000813
E140M,30567.224095,21.73913000000175
E140N,30570.56858,25.083614999999554
E140P,30522.073595,-23.411369999997987
E140Q,30548.829445,3.3444799999997485
E140R,30453.511721000003,-91.97324399999707
E140S,30555.51841,10.033445000000938
E140T,30550.50169,5.0167250000013155
E140V,30567.224095,21.73913000000175
E140W,30499.665566,-45.819398999999976
E140Y,30505.016738000002,-40.46822699999757
E154A,30059.866235,-485.6187299999983
E154C,30523.411385,-22.07358000000022
E154D,30059.866235,-485.6187299999983
E154F,31227.759215000002,682.2742500000022
E154G,30059.866235,-485.6187299999983
E154H,30523.411385,-22.07358000000022
E154I,31235.785967,690.3010020000002
E154K,30059.866235,-485.6187299999983
E154L,30668.561889,123.07692400000087
E154M,30539.464895,-6.020069999998668
E154N,30677.926435,132.44147000000157
E154P,30059.866235,-485.6187299999983
E154Q,30986.956535,441.4715700000015
E154R,30059.866235,-485.6187299999983
E154S,30569.565233,24.080268000001524
E154T,30581.605367,36.12040200000047
E154V,30059.866235,-485.6187299999983
E154W,31171.571915,626.0869500000008
E154Y,31239.799343,694.3143779999991
E165A,30567.558542,22.073576999999204
E165C,30515.38463,-30.100334999999177
E165D,30510.36791,-35.1170549999988
E165F,30623.07694,77.59197499999937
E165G,30524.414732,-21.070232999998552
E165H,30555.518411,10.033446000001277
E165I,30640.133794,94.64882900000157
E165K,30544.481621,-1.0033440000006522
E165L,30574.581956,29.096991000002163
E165M,30544.481621,-1.0033440000006522
E165N,30575.5853,30.100334999999177
E165P,30488.29433,-57.19063499999902
E165Q,30532.775937,-12.709028000001126
E165R,30523.411388,-22.073576999999204
E165S,30539.464898000002,-6.020066999997653
E165T,30562.541822,17.05685699999958
E165V,30535.785969,-9.69899599999917
E165W,30625.418074,79.93310900000142
E165Y,30644.147172,98.66220700000122
E200A,30469.899679000002,-75.58528599999772
E200C,30363.879613,-181.60535199999867
E200D,30455.852857,-89.63210799999797
E200F,30727.090319000003,181.605354000003
E200G,30449.832793,-95.65217199999825
E200H,30337.123763000003,-208.3612019999964
E200I,30731.772589,186.2876240000005
E200K,30342.140483000003,-203.3444819999968
E200L,30615.050182,69.5652169999994
E200M,30566.555196,21.070231000001513
E200N,30770.903023,225.4180579999993
E200P,30338.796003,-206.68896200000017
E200Q,30731.772589,186.2876240000005
E200R,30340.468243000003,-205.01672199999666
E200S,30552.508373,7.023408000000927
E200T,30459.531787,-85.95317799999975
E200V,30764.882959000002,219.39799400000265
E200W,30682.608709,137.12374400000044
E200Y,30739.464894,193.979929000001
E218A,30545.484965,0.0
E218C,30545.484965,0.0
E218D,30545.484965,0.0
E218F,30991.97326,446.4882949999992
E218G,30545.484965,0.0
E218H,30390.969915,-154.51504999999815
E218I,30997.993324000003,452.5083590000031
E218K,30390.969915,-154.51504999999815
E218L,30931.77259,386.28762500000084
E218M,30545.484965,0.0
E218N,30545.484965,0.0
E218P,30545.484965,0.0
E218Q,30545.484965,0.0
E218R,30390.969915,-154.51504999999815
E218S,30931.77259,386.28762500000084
E218T,30931.77259,386.28762500000084
E218V,30545.484965,0.0
E218W,31032.441489,486.9565240000011
E218Y,31014.046840000003,468.56187500000306
E319A,30454.180619,-91.3043460000008
E319C,30545.484965,0.0
E319D,30453.846169,-91.63879599999927
E319F,30475.585297,-69.8996679999982
E319G,30453.846169,-91.63879599999927
E319H,30453.846169,-91.63879599999927
E319I,30490.635468,-54.849496999999246
E319K,30453.846169,-91.63879599999927
E319L,30461.872927,-83.6120379999993
E319M,30463.545163000003,-81.93980199999714
E319N,30464.214061,-81.27090400000088
E319P,30453.846169,-91.63879599999927
E319Q,30545.484965,0.0
E319R,30453.846169,-91.63879599999927
E319S,30444.816068,-100.66889699999956
E319T,30471.237473,-74.2474919999986
E319V,30463.545163000003,-81.93980199999714
E319W,30508.695668,-36.78929699999935
E319Y,30481.939815,-63.5451499999981
E323A,30556.856196,11.37123100000099
E323C,30545.484965,0.0
E323D,30466.555195,-78.92976999999883
E323F,30593.311049000004,47.8260840000039
E323G,30522.07359,-23.41137499999968
E323H,30520.401349,-25.083615999999893
E323I,30583.946503,38.461537999999564
E323K,30426.086968000003,-119.3979969999964
E323L,30572.240816999998,26.755851999998413
E323M,30536.789308,-8.69565700000021
E323N,30541.806031,-3.678933999999572
E323P,30618.394661,72.9096959999988
E323Q,30586.956535,41.47157000000152
E323R,30444.816063,-100.66890200000125
E323S,30585.618743,40.13377799999944
E323T,30536.454859,-9.03010599999834
E323V,30559.197335,13.712370000001101
E323W,30534.782619999998,-10.702345000001515
E323Y,30578.260881000002,32.775916000002326
E444A,30545.484965,0.0
E444C,30545.484965,0.0
E444D,30545.484965,0.0
E444F,30545.484965,0.0
E444G,30545.484965,0.0
E444H,30545.484965,0.0
E444I,30700.000015,154.5150500000018
E444K,30545.484965,0.0
E444L,30545.484965,0.0
E444M,30545.484965,0.0
E444N,30545.484965,0.0
E444P,30545.484965,0.0
E444Q,30545.484965,0.0
E444R,30545.484965,0.0
E444S,30545.484965,0.0
E444T,30545.484965,0.0
E444V,30545.484965,0.0
E444W,30545.484965,0.0
E444Y,30700.000015,154.5150500000018
E488A,30545.484965,0.0
E488C,30545.484965,0.0
E488D,30545.484965,0.0
E488F,31039.130447,493.6454819999999
E488G,30545.484965,0.0
E488H,30545.484965,0.0
E488I,31053.177275,507.69230999999854
E488K,30545.484965,0.0
E488L,30545.484965,0.0
E488M,30545.484965,0.0
E488N,30545.484965,0.0
E488P,30545.484965,0.0
E488Q,30545.484965,0.0
E488R,30545.484965,0.0
E488S,30545.484965,0.0
E488T,30545.484965,0.0
E488V,30545.484965,0.0
E488W,31009.030114999998,463.5451499999981
E488Y,31065.217409,519.7324440000011
E497A,30543.812719999998,-1.672245000001567
E497C,30552.173925,6.688959999999497
E497D,30502.006699999998,-43.47826500000156
E497F,30663.87961,118.39464500000031
E497G,30537.12376,-8.361205000001064
E497H,30513.712385,-31.772580000000744
E497I,30639.464896999998,93.97993199999837
E497K,30503.678944999996,-41.80602000000363
E497L,30642.474929,96.98996400000033
E497M,30530.434794999997,-15.050170000002254
E497N,30637.12376,91.63879499999894
E497P,30102.34115,-443.14381499999945
E497Q,30562.20737,16.722405000000435
E497R,30505.351184999996,-40.13378000000375
E497S,30555.51841,10.033445000000938
E497T,30508.695665,-36.78930000000037
E497V,30583.9465,38.46153499999855
E497W,30673.57861,128.09364500000083
E497Y,30642.809377,97.32441200000176
E49A,30545.484965,0.0
E49C,30545.484965,0.0
E49D,30545.484965,0.0
E49F,31435.78597,890.3010050000012
E49G,30545.484965,0.0
E49H,30545.484965,0.0
E49I,31465.217405,919.7324399999998
E49K,30545.484965,0.0
E49L,30545.484965,0.0
E49M,30545.484965,0.0
E49N,30545.484965,0.0
E49P,30545.484965,0.0
E49Q,30545.484965,0.0
E49R,30545.484965,0.0
E49S,30545.484965,0.0
E49T,30545.484965,0.0
E49V,30545.484965,0.0
E49W,31395.317740000002,849.8327750000026
E49Y,31494.64884,949.163875000002
E502A,30721.404698,175.9197329999988
E502C,30711.371253,165.8862880000015
E502D,30102.34115,-443.14381499999945
E502F,30778.595332,233.11036700000113
E502G,30721.07025,175.58528500000102
E502H,30719.398009,173.9130440000008
E502I,30789.966568,244.48160300000018
E502K,30716.387975,170.9030100000018
E502L,30809.030115999998,263.54515099999844
E502M,30719.063561,173.57859599999938
E502N,30721.07025,175.58528500000102
E502P,30634.113728,88.62876300000062
E502Q,30719.398009,173.9130440000008
E502R,30714.046838,168.56187299999874
E502S,30715.384630999997,169.89966599999752
E502T,30808.026772,262.5418070000014
E502V,30720.735802,175.2508369999996
E502W,30763.545164,218.06019899999956
E502Y,30801.337809,255.8528440000009
F129A,29625.752525,-919.7324399999998
F129C,29625.752525,-919.7324399999998
F129D,29625.752525,-919.7324399999998
F129E,29625.752525,-919.7324399999998
F129G,29625.752525,-919.7324399999998
F129H,29625.752525,-919.7324399999998
F129I,30555.518415000002,10.033450000002631
F129K,29625.752525,-919.7324399999998
F129L,30425.083625,-120.40134000000035
F129M,29625.752525,-919.7324399999998
F129N,29625.752525,-919.7324399999998
F129P,29625.752525,-919.7324399999998
F129Q,29625.752525,-919.7324399999998
F129R,29625.752525,-919.7324399999998
F129S,30398.327775,-147.15718999999808
F129T,30425.083625,-120.40134000000035
F129V,29625.752525,-919.7324399999998
F129W,30498.662225,-46.82273999999961
F129Y,30572.240815,26.755850000001374
F139A,30545.484965,0.0
F139C,30545.484965,0.0
F139D,30453.511721000003,-91.97324399999707
F139E,30453.511721000003,-91.97324399999707
F139G,30453.511721000003,-91.97324399999707
F139H,30453.511721000003,-91.97324399999707
F139I,30547.157205000003,1.6722400000035123
F139K,30453.511721000003,-91.97324399999707
F139L,30485.284295,-60.200669999998354
F139M,30545.484965,0.0
F139N,30545.484965,0.0
F139P,30453.511721000003,-91.97324399999707
F139Q,30545.484965,0.0
F139R,30453.511721000003,-91.97324399999707
F139S,30471.90637,-73.57859499999904
F139T,30485.284295,-60.200669999998354
F139V,30545.484965,0.0
F139W,30520.401355,-25.08360999999786
F139Y,30557.19065,11.705685000000813
F169A,30554.180615,8.695650000001478
F169C,30548.829445000003,3.3444800000033865
F169D,30554.180615,8.695650000001478
F169E,30578.260883000003,32.775918000003
F169G,30578.260883000003,32.775918000003
F169H,30578.260883000003,32.775918000003
F169I,30542.474931,-3.0100339999989956
F169K,30486.287639000002,-59.1973259999977
F169L,30554.180615,8.695650000001478
F169M,30578.260883000003,32.775918000003
F169N,30578.260883000003,32.775918000003
F169P,30486.287639000002,-59.1973259999977
F169Q,30555.518409,10.0334440000006
F169R,30578.260883000003,32.775918000003
F169S,30578.260883000003,32.775918000003
F169T,30578.260883000003,32.775918000003
F169V,30554.180615,8.695650000001478
F169W,30518.394662,-27.09030300000086
F169Y,30522.74249,-22.742474999999104
F250A,30545.484965,0.0
F250C,30545.484965,0.0
F250D,30545.484965,0.0
F250E,30545.484965,0.0
F250G,30545.484965,0.0
F250H,30545.484965,0.0
F250I,30545.484965,0.0
F250K,30545.484965,0.0
F250L,30545.484965,0.0
F250M,30545.484965,0.0
F250N,30545.484965,0.0
F250P,30545.484965,0.0
F250Q,30545.484965,0.0
F250R,30545.484965,0.0
F250S,30545.484965,0.0
F250T,30545.484965,0.0
F250V,30545.484965,0.0
F250W,30545.484965,0.0
F250Y,30545.484965,0.0
F307A,30296.321088,-249.16387699999905
F307C,30339.130448,-206.35451699999976
F307D,29001.337808,-1544.1471569999994
F307E,30323.076944,-222.40802099999928
F307G,30280.267568000003,-265.2173969999967
F307H,29001.337808,-1544.1471569999994
F307I,30451.170582,-94.31438300000082
F307K,29001.337808,-1544.1471569999994
F307L,30467.224102,-78.26086299999952
F307M,30280.267568000003,-265.2173969999967
F307N,30445.150518000002,-100.33444699999745
F307P,29001.337808,-1544.1471569999994
F307Q,30392.642160000003,-152.8428049999966
F307R,29001.337808,-1544.1471569999994
F307S,30355.183968,-190.30099699999846
F307T,29001.337808,-1544.1471569999994
F307V,30467.558544,-77.92642100000012
F307W,30553.846167000003,8.361202000003686
F307Y,30467.558551000002,-77.92641399999775
F313A,30545.484965,0.0
F313C,29629.097005000003,-916.3879599999964
F313D,29629.097005000003,-916.3879599999964
F313E,29629.097005000003,-916.3879599999964
F313G,29629.097005000003,-916.3879599999964
F313H,29629.097005000003,-916.3879599999964
F313I,30545.484965,0.0
F313K,29629.097005000003,-916.3879599999964
F313L,30545.484965,0.0
F313M,29629.097005000003,-916.3879599999964
F313N,30545.484965,0.0
F313P,29629.097005000003,-916.3879599999964
F313Q,29629.097005000003,-916.3879599999964
F313R,29629.097005000003,-916.3879599999964
F313S,29629.097005000003,-916.3879599999964
F313T,30545.484965,0.0
F313V,29629.097005000003,-916.3879599999964
F313W,30545.484965,0.0
F313Y,30401.003357,-144.48160799999823
F318A,30545.484965,0.0
F318C,30087.290985,-458.19398
F318D,30087.290985,-458.19398
F318E,30087.290985,-458.19398
F318G,30087.290985,-458.19398
F318H,30087.290985,-458.19398
F318I,30459.197339,-86.28762600000118
F318K,30087.290985,-458.19398
F318L,30545.484965,0.0
F318M,30087.290985,-458.19398
F318N,30545.484965,0.0
F318P,30087.290985,-458.19398
F318Q,30087.290985,-458.19398
F318R,30087.290985,-458.19398
F318S,30087.290985,-458.19398
F318T,30545.484965,0.0
F318V,30545.484965,0.0
F318W,30475.250849,-70.23411599999963
F318Y,30444.816068,-100.66889699999956
F361A,30242.809383,-302.67558199999985
F361C,30229.765904,-315.7190609999998
F361D,30235.785968,-309.6989969999995
F361E,30255.852859,-289.63210600000093
F361G,30355.18396,-190.30100500000117
F361H,30162.54182,-382.9431450000011
F361I,30544.816068,-0.6688969999995606
F361K,30162.54182,-382.9431450000011
F361L,30459.19734,-86.28762500000084
F361M,30243.143830999998,-302.34113400000206
F361N,30259.197342,-286.28762300000017
F361P,30355.18396,-190.30100500000117
F361Q,30384.280948,-161.20401700000002
F361R,30162.54182,-382.9431450000011
F361S,30278.59533,-266.88963499999954
F361T,30284.6154,-260.8695650000009
F361V,30409.364565,-136.1203999999998
F361W,30529.097004,-16.38796100000036
F361Y,30547.826101,2.3411359999990964
F369A,29985.953195,-559.5317700000014
F369C,29887.959884,-657.5250809999998
F369D,29887.959884,-657.5250809999998
F369E,29887.959884,-657.5250809999998
F369G,29887.959884,-657.5250809999998
F369H,29887.959884,-657.5250809999998
F369I,30431.772592999998,-113.71237200000178
F369K,29887.959884,-657.5250809999998
F369L,29985.953195,-559.5317700000014
F369M,29985.953195,-559.5317700000014
F369N,29985.953195,-559.5317700000014
F369P,29887.959884,-657.5250809999998
F369Q,29887.959884,-657.5250809999998
F369R,29887.959884,-657.5250809999998
F369S,29985.953195,-559.5317700000014
F369T,29985.953195,-559.5317700000014
F369V,29985.953195,-559.5317700000014
F369W,30367.558544,-177.92642100000012
F369Y,30531.103696,-14.381269000001339
F422A,30001.672253,-543.812711999999
F422C,30001.672253,-543.812711999999
F422D,30001.672253,-543.812711999999
F422E,30001.672253,-543.812711999999
F422G,30001.672253,-543.812711999999
F422H,30001.672253,-543.812711999999
F422I,30553.511716999998,8.026751999997941
F422K,30001.672253,-543.812711999999
F422L,30465.217403,-80.26756200000091
F422M,30001.672253,-543.812711999999
F422N,30465.217403,-80.26756200000091
F422P,30001.672253,-543.812711999999
F422Q,30001.672253,-543.812711999999
F422R,30001.672253,-543.812711999999
F422S,30001.672253,-543.812711999999
F422T,30465.217403,-80.26756200000091
F422V,30001.672253,-543.812711999999
F422W,30513.377939,-32.10702599999786
F422Y,30553.511716999998,8.026751999997941
F453A,30509.364561,-36.120404000001145
F453C,30517.391316999998,-28.09364800000185
F453D,30197.658876999998,-347.8260880000016
F453E,30517.391316999998,-28.09364800000185
F453G,30197.658876999998,-347.8260880000016
F453H,30197.658876999998,-347.8260880000016
F453I,30517.391316999998,-28.09364800000185
F453K,30197.658876999998,-347.8260880000016
F453L,30518.729112999998,-26.75585200000205
F453M,30197.658876999998,-347.8260880000016
F453N,30517.391316999998,-28.09364800000185
F453P,30197.658876999998,-347.8260880000016
F453Q,30518.729112999998,-26.75585200000205
F453R,30197.658876999998,-347.8260880000016
F453S,30517.391316999998,-28.09364800000185
F453T,30197.658876999998,-347.8260880000016
F453V,30545.484965,0.0
F453W,30626.755867,81.2709020000002
F453Y,30595.986638,50.501672999998846
F460A,30436.454868,-109.03009699999893
F460C,30419.398019999997,-126.08694500000274
F460D,30419.398019999997,-126.08694500000274
F460E,30306.020083,-239.46488200000022
F460G,29538.127113,-1007.357852000001
F460H,29500.668916,-1044.816049000001
F460I,30569.230787999997,23.745822999997472
F460K,29505.351195,-1040.1337700000004
F460L,30318.394676,-227.09028899999976
F460M,29561.538486999998,-983.9464780000017
F460N,30498.996678,-46.48828700000013
F460P,29422.7425,-1122.7424649999994
F460Q,30419.398019999997,-126.08694500000274
F460R,29503.010059,-1042.4749059999995
F460S,30312.709059999997,-232.77590500000224
F460T,29514.046845999997,-1031.4381190000022
F460V,30476.254197,-69.23076800000126
F460W,30287.290990999998,-258.1939740000016
F460Y,30581.270932,35.7859669999998
F464A,30545.484965,0.0
F464C,30545.484965,0.0
F464D,30450.836135999998,-94.64882900000157
F464E,30545.484965,0.0
F464G,29504.347846,-1041.137118999999
F464H,29788.294332999998,-757.1906320000016
F464I,30545.484965,0.0
F464K,29788.294332999998,-757.1906320000016
F464L,30545.484965,0.0
F464M,29882.943162,-662.5418030000001
F464N,29882.943162,-662.5418030000001
F464P,29504.347846,-1041.137118999999
F464Q,30545.484965,0.0
F464R,29504.347846,-1041.137118999999
F464S,29882.943162,-662.5418030000001
F464T,29882.943162,-662.5418030000001
F464V,30545.484965,0.0
F464W,29788.294332999998,-757.1906320000016
F464Y,30545.484965,0.0
F476A,30557.525094,12.040129000000888
F476C,30157.859544,-387.62542100000064
F476D,30157.859544,-387.62542100000064
F476E,30157.859544,-387.62542100000064
F476G,30157.859544,-387.62542100000064
F476H,30157.859544,-387.62542100000064
F476I,30570.234127,24.74916200000007
F476K,30157.859544,-387.62542100000064
F476L,30572.575264,27.090298999999504
F476M,30157.859544,-387.62542100000064
F476N,30562.541819000002,17.056854000002204
F476P,30157.859544,-387.62542100000064
F476Q,30157.859544,-387.62542100000064
F476R,30157.859544,-387.62542100000064
F476S,30157.859544,-387.62542100000064
F476T,30557.525094,12.040129000000888
F476V,30157.859544,-387.62542100000064
F476W,30571.571917999998,26.086952999998175
F476Y,30575.919744,30.434778999999253
F487A,30545.484965,0.0
F487C,30545.484965,0.0
F487D,30545.484965,0.0
F487E,30545.484965,0.0
F487G,30545.484965,0.0
F487H,30545.484965,0.0
F487I,30545.484965,0.0
F487K,30545.484965,0.0
F487L,30545.484965,0.0
F487M,30545.484965,0.0
F487N,30545.484965,0.0
F487P,30545.484965,0.0
F487Q,30545.484965,0.0
F487R,30545.484965,0.0
F487S,30545.484965,0.0
F487T,30545.484965,0.0
F487V,30545.484965,0.0
F487W,30545.484965,0.0
F487Y,30545.484965,0.0
F494A,30545.484965,0.0
F494C,30545.484965,0.0
F494D,30545.484965,0.0
F494E,30545.484965,0.0
F494G,30545.484965,0.0
F494H,30545.484965,0.0
F494I,30545.484965,0.0
F494K,30545.484965,0.0
F494L,30545.484965,0.0
F494M,30545.484965,0.0
F494N,30545.484965,0.0
F494P,30545.484965,0.0
F494Q,30545.484965,0.0
F494R,30545.484965,0.0
F494S,30545.484965,0.0
F494T,30545.484965,0.0
F494V,30545.484965,0.0
F494W,30545.484965,0.0
F494Y,30545.484965,0.0
F506A,30526.755869999997,-18.729095000002417
F506C,29964.882956999998,-580.6020080000017
F506D,29964.882956999998,-580.6020080000017
F506E,29964.882956999998,-580.6020080000017
F506G,29964.882956999998,-580.6020080000017
F506H,29964.882956999998,-580.6020080000017
F506I,30573.578611,28.093646000001172
F506K,29964.882956999998,-580.6020080000017
F506L,30564.21406,18.72909499999878
F506M,29964.882956999998,-580.6020080000017
F506N,30468.561885,-76.92308000000048
F506P,29964.882956999998,-580.6020080000017
F506Q,29964.882956999998,-580.6020080000017
F506R,29964.882956999998,-580.6020080000017
F506S,29964.882956999998,-580.6020080000017
F506T,30444.481617,-101.00334799999837
F506V,30505.685631999997,-39.79933300000266
F506W,30578.260883,32.775917999999365
F506Y,30573.578611,28.093646000001172
F531A,30545.484965,0.0
F531C,30545.484965,0.0
F531D,30462.876269,-82.60869599999933
F531E,30462.876269,-82.60869599999933
F531G,30545.484965,0.0
F531H,30462.876269,-82.60869599999933
F531I,30545.484965,0.0
F531K,30462.876269,-82.60869599999933
F531L,30545.484965,0.0
F531M,30545.484965,0.0
F531N,30545.484965,0.0
F531P,30545.484965,0.0
F531Q,30545.484965,0.0
F531R,30462.876269,-82.60869599999933
F531S,30545.484965,0.0
F531T,30545.484965,0.0
F531V,30545.484965,0.0
F531W,30545.484965,0.0
F531Y,31009.030114999998,463.5451499999981
F546A,30462.541824,-82.94314099999974
F546C,30375.585302,-169.89966300000015
F546D,29891.97326,-653.5117050000008
F546E,30375.585302,-169.89966300000015
F546G,30460.869583,-84.61538199999995
F546H,30377.591990999998,-167.89297400000214
F546I,30553.511724,8.026759000000311
F546K,30375.585302,-169.89966300000015
F546L,30540.802694,-4.682270999997854
F546M,30457.859548999997,-87.62541600000259
F546N,30460.869583,-84.61538199999995
F546P,30375.585302,-169.89966300000015
F546Q,30458.193998,-87.29096700000082
F546R,29971.90637,-573.578594999999
F546S,30455.852861,-89.63210400000025
F546T,30538.796005,-6.688959999999497
F546V,30460.200687,-85.28427799999918
F546W,30527.090317,-18.394648000001325
F546Y,30565.551858,20.066892999999254
F551A,30525.752522,-19.732443000000785
F551C,30527.759209,-17.72575599999982
F551D,30287.290983,-258.1939820000007
F551E,30132.775933,-412.70903199999884
F551G,30525.083627,-20.40133799999967
F551H,30539.464894,-6.020070999999007
F551I,30548.160548,2.675583000000188
F551K,30539.464894,-6.020070999999007
F551L,30531.438144,-14.046820999999909
F551M,30539.464894,-6.020070999999007
F551N,30540.133796,-5.351169000001391
F551P,30544.147168,-1.337797000000137
F551Q,30529.431454,-16.053510999998252
F551R,30544.147168,-1.337797000000137
F551S,30526.08697,-19.397994999999355
F551T,30520.401351999997,-25.083613000002515
F551V,30546.822756999998,1.3377919999984442
F551W,30536.789311999997,-8.695653000002494
F551Y,30554.180618,8.695652999998856
F61A,30542.809380000002,-2.675584999997227
F61C,30542.140484,-3.344481000000087
F61D,30548.16055,2.675585000000865
F61E,30541.471588,-4.013376999999309
F61G,30536.454865,-9.030099999999948
F61H,30376.254196,-169.23076899999796
F61I,30543.812724,-1.6722410000002128
F61K,30376.254196,-169.23076899999796
F61L,30543.143828,-2.341136999999435
F61M,30536.789313,-8.695651999998518
F61N,30536.789314,-8.695650999998179
F61P,30376.254196,-169.23076899999796
F61Q,30543.812724,-1.6722410000002128
F61R,30376.254196,-169.23076899999796
F61S,30533.444831,-12.040133999998943
F61T,30536.454865,-9.030099999999948
F61V,30542.140483000003,-3.3444819999967876
F61W,30613.377941000002,67.89297600000282
F61Y,30543.478276,-2.006688999998005
F627A,30541.806026,-3.6789390000012645
F627C,30174.247502,-371.2374630000013
F627D,30126.086966,-419.3979990000007
F627E,30174.247502,-371.2374630000013
F627G,30600.668907,55.18394199999966
F627H,30600.668907,55.18394199999966
F627I,30306.354526,-239.13043900000048
F627K,30174.247502,-371.2374630000013
F627L,30541.806026,-3.6789390000012645
F627M,30541.806026,-3.6789390000012645
F627N,30549.163893,3.6789280000011786
F627P,30174.247502,-371.2374630000013
F627Q,30512.374591,-33.110373999999865
F627R,30174.247502,-371.2374630000013
F627S,30140.133788,-405.35117700000046
F627T,30512.374591,-33.110373999999865
F627V,30545.484965,0.0
F627W,30552.508368,7.0234029999992345
F627Y,30578.595326,33.1103609999991
F644A,30530.434798,-15.050167000001238
F644C,30367.892999,-177.59196599999996
F644D,30528.428117,-17.056848000000173
F644E,30528.428117,-17.056848000000173
F644G,30524.749178000002,-20.7357869999978
F644H,30524.749178000002,-20.7357869999978
F644I,30609.030114999998,63.5451499999981
F644K,30495.317743,-50.16722200000004
F644L,30554.180624,8.695659000000887
F644M,30583.612059,38.12709399999949
F644N,30602.006709999998,56.52174499999819
F644P,30125.083628,-420.40133699999933
F644Q,30532.107045,-13.377919999998994
F644R,30524.749178000002,-20.7357869999978
F644S,30543.143829,-2.3411359999990964
F644T,30532.107045,-13.377919999998994
F644V,30544.81607,-0.6688949999988836
F644W,30528.762564,-16.72240099999908
F644Y,30636.789321,91.30435600000055
F65A,30465.886299,-79.59866599999805
F65C,30507.357875,-38.127089999998134
F65D,30336.120415,-209.36454999999842
F65E,30502.006699,-43.47826599999826
F65G,30326.086969,-219.3979959999997
F65H,29814.381283000002,-731.1036819999972
F65I,30564.548508,19.06354300000021
F65K,29814.381283000002,-731.1036819999972
F65L,30555.518408,10.033443000000261
F65M,30520.735795,-24.74916999999914
F65N,30561.204028,15.71906300000046
F65P,30295.986637,-249.49832799999785
F65Q,30596.989981000002,51.5050160000028
F65R,29814.381283000002,-731.1036819999972
F65S,30600.000013,54.515048000001116
F65T,30451.839477,-93.6454879999983
F65V,30624.080278,78.59531300000162
F65W,30593.645499000002,48.16053400000237
F65Y,30575.585299000002,30.100334000002476
G103A,30557.525101,12.04013599999962
G103C,30561.538477000002,16.05351200000223
G103D,30516.053529,-29.43143599999894
G103E,30561.538477000002,16.05351200000223
G103F,30510.702357000002,-34.78260799999771
G103H,30193.645501,-351.8394640000006
G103I,30561.538477000002,16.05351200000223
G103K,30193.645501,-351.8394640000006
G103L,30564.214061000002,18.729096000002755
G103M,30542.809381,-2.6755840000005264
G103N,30561.538477000002,16.05351200000223
G103P,30193.645501,-351.8394640000006
G103Q,30502.675601000003,-42.809363999997004
G103R,30193.645501,-351.8394640000006
G103S,30193.645501,-351.8394640000006
G103T,30536.120417000002,-9.36454799999774
G103V,30582.943161000003,37.45819600000323
G103W,30193.645501,-351.8394640000006
G103Y,30564.214061000002,18.729096000002755
G106A,30837.458209,291.9732440000007
G106C,30733.444831,187.95986600000106
G106D,30193.645501,-351.8394640000006
G106E,30270.903026,-274.5819389999997
G106F,30844.147175000002,298.66221000000223
G106H,30691.304365,145.81940000000031
G106I,30850.167239000002,304.6822740000025
G106K,30713.377945,167.89298000000053
G106L,30767.224099000003,221.7391340000031
G106M,30837.458209,291.9732440000007
G106N,30853.846168,308.3612030000004
G106P,30193.645501,-351.8394640000006
G106Q,30828.093665,282.6087000000007
G106R,30620.066906,74.58194100000037
G106S,30765.217405000003,219.7324400000034
G106T,30766.220755000002,220.73579000000245
G106V,30844.481624,298.99665900000036
G106W,30807.023427,261.53846200000044
G106Y,30863.545165000003,318.06020000000353
G116A,30545.484965,0.0
G116C,30466.889647,-78.59531799999968
G116D,30073.913057,-471.5719079999981
G116E,30073.913057,-471.5719079999981
G116F,30554.849509,9.364544000000024
G116H,30545.484965,0.0
G116I,30543.143829,-2.3411359999990964
G116K,30073.913057,-471.5719079999981
G116L,30545.484965,0.0
G116M,30545.484965,0.0
G116N,30545.484965,0.0
G116P,30073.913057,-471.5719079999981
G116Q,30550.167237,4.682272000001831
G116R,30073.913057,-471.5719079999981
G116S,30466.889647,-78.59531799999968
G116T,30545.484965,0.0
G116V,30545.484965,0.0
G116W,30545.484965,0.0
G116Y,30536.120414,-9.364550999998755
G120A,30624.080283000003,78.59531800000332
G120C,30545.484965,0.0
G120D,30073.913057,-471.5719079999981
G120E,30633.444827,87.9598619999997
G120F,30748.160547,202.67558199999985
G120H,30073.913057,-471.5719079999981
G120I,30642.474932,96.98996700000134
G120K,30073.913057,-471.5719079999981
G120L,30620.401351,74.91638600000078
G120M,30537.458207,-8.026757999999973
G120N,30624.080283000003,78.59531800000332
G120P,30073.913057,-471.5719079999981
G120Q,30545.484965,0.0
G120R,30073.913057,-471.5719079999981
G120S,30557.525099000002,12.040134000002581
G120T,30654.515065,109.03009999999995
G120V,30624.080283000003,78.59531800000332
G120W,30647.157207,101.67224200000055
G120Y,30650.836132,105.35116700000071
G126A,30830.100356000003,284.615391000003
G126C,30661.538479000003,116.0535140000029
G126D,30595.652195000002,50.167230000002746
G126E,30659.53179,114.04682500000126
G126F,30852.842825,307.3578600000001
G126H,30545.484965,0.0
G126I,30844.147173,298.66220800000156
G126K,30498.662225,-46.82273999999961
G126L,30835.451524,289.9665590000004
G126M,30801.337809,255.8528440000009
G126N,30784.615398,239.13043300000209
G126P,30495.317745,-50.16721999999936
G126Q,30843.14383,297.65886500000124
G126R,30498.662225,-46.82273999999961
G126S,30782.608711,237.12374600000112
G126T,30794.648849,249.16388400000142
G126V,30839.464905,293.9799400000011
G126W,30713.043494,167.55852900000173
G126Y,30844.147173,298.66220800000156
G13A,30545.484965,0.0
G13C,30545.484965,0.0
G13D,30545.484965,0.0
G13E,30545.484965,0.0
G13F,30931.77259,386.28762500000084
G13H,30545.484965,0.0
G13I,30945.150515,399.66555000000153
G13K,30545.484965,0.0
G13L,30938.461555,392.97659000000203
G13M,30545.484965,0.0
G13N,30931.77259,386.28762500000084
G13P,30545.484965,0.0
G13Q,30545.484965,0.0
G13R,30545.484965,0.0
G13S,30545.484965,0.0
G13T,30545.484965,0.0
G13V,30545.484965,0.0
G13W,30946.822760000003,401.3377950000031
G13Y,30945.150515,399.66555000000153
G157A,30931.77259,386.28762500000084
G157C,30545.484965,0.0
G157D,30059.866235,-485.6187299999983
G157E,30545.484965,0.0
G157F,31115.384627,569.8996619999998
G157H,30545.484965,0.0
G157I,31127.424764000003,581.9397990000034
G157K,30545.484965,0.0
G157L,31031.103695,485.61873000000196
G157M,31031.103695,485.61873000000196
G157N,30545.484965,0.0
G157P,30545.484965,0.0
G157Q,30545.484965,0.0
G157R,30545.484965,0.0
G157S,31031.103695,485.61873000000196
G157T,30997.993325000003,452.50836000000345
G157V,30545.484965,0.0
G157W,31067.224097000002,521.7391320000024
G157Y,31130.434796,584.9498310000017
G180A,30545.484965,0.0
G180C,30545.484965,0.0
G180D,30545.484965,0.0
G180E,30545.484965,0.0
G180F,31428.428114000002,882.9431490000024
G180H,30545.484965,0.0
G180I,30946.822760000003,401.3377950000031
G180K,30545.484965,0.0
G180L,30545.484965,0.0
G180M,30545.484965,0.0
G180N,30545.484965,0.0
G180P,30545.484965,0.0
G180Q,30545.484965,0.0
G180R,30545.484965,0.0
G180S,30545.484965,0.0
G180T,30545.484965,0.0
G180V,30545.484965,0.0
G180W,30545.484965,0.0
G180Y,31428.428114000002,882.9431490000024
G182A,30545.484965,0.0
G182C,30545.484965,0.0
G182D,30545.484965,0.0
G182E,30545.484965,0.0
G182F,31187.625437000002,642.1404720000028
G182H,30545.484965,0.0
G182I,30545.484965,0.0
G182K,30545.484965,0.0
G182L,30545.484965,0.0
G182M,30545.484965,0.0
G182N,30545.484965,0.0
G182P,30545.484965,0.0
G182Q,30545.484965,0.0
G182R,30545.484965,0.0
G182S,30545.484965,0.0
G182T,30545.484965,0.0
G182V,31187.625437000002,642.1404720000028
G182W,31190.301021,644.8160559999997
G182Y,30545.484965,0.0
G185A,30854.515065,309.03009999999995
G185C,30545.484965,0.0
G185D,30545.484965,0.0
G185E,30545.484965,0.0
G185F,31106.354531,560.8695660000012
G185H,30545.484965,0.0
G185I,31105.016735,559.5317700000014
G185K,30545.484965,0.0
G185L,30862.541821,317.05685599999924
G185M,30545.484965,0.0
G185N,30545.484965,0.0
G185P,30545.484965,0.0
G185Q,30865.217405,319.73243999999977
G185R,30545.484965,0.0
G185S,30545.484965,0.0
G185T,30545.484965,0.0
G185V,30854.515065,309.03009999999995
G185W,30545.484965,0.0
G185Y,31107.023426,561.5384610000001
G18A,30545.484965,0.0
G18C,30545.484965,0.0
G18D,30545.484965,0.0
G18E,30545.484965,0.0
G18F,30545.484965,0.0
G18H,30545.484965,0.0
G18I,30545.484965,0.0
G18K,30545.484965,0.0
G18L,30545.484965,0.0
G18M,30545.484965,0.0
G18N,30545.484965,0.0
G18P,30545.484965,0.0
G18Q,30545.484965,0.0
G18R,30545.484965,0.0
G18S,30545.484965,0.0
G18T,30545.484965,0.0
G18V,30545.484965,0.0
G18W,30545.484965,0.0
G18Y,30545.484965,0.0
G204A,30545.484965,0.0
G204C,30545.484965,0.0
G204D,30362.207373,-183.27759199999855
G204E,30362.207373,-183.27759199999855
G204F,30545.484965,0.0
G204H,30362.207373,-183.27759199999855
G204I,30545.484965,0.0
G204K,30362.207373,-183.27759199999855
G204L,30545.484965,0.0
G204M,30545.484965,0.0
G204N,30545.484965,0.0
G204P,30362.207373,-183.27759199999855
G204Q,30545.484965,0.0
G204R,30362.207373,-183.27759199999855
G204S,30545.484965,0.0
G204T,30545.484965,0.0
G204V,30545.484965,0.0
G204W,30545.484965,0.0
G204Y,30545.484965,0.0
G219A,30545.484965,0.0
G219C,30545.484965,0.0
G219D,30545.484965,0.0
G219E,30545.484965,0.0
G219F,30545.484965,0.0
G219H,30545.484965,0.0
G219I,30545.484965,0.0
G219K,30545.484965,0.0
G219L,30545.484965,0.0
G219M,30545.484965,0.0
G219N,30545.484965,0.0
G219P,30545.484965,0.0
G219Q,30545.484965,0.0
G219R,30545.484965,0.0
G219S,30545.484965,0.0
G219T,30545.484965,0.0
G219V,30545.484965,0.0
G219W,31025.083625,479.59865999999965
G219Y,30545.484965,0.0
G222A,30545.484965,0.0
G222C,30545.484965,0.0
G222D,30545.484965,0.0
G222E,30545.484965,0.0
G222F,30545.484965,0.0
G222H,30545.484965,0.0
G222I,30545.484965,0.0
G222K,30545.484965,0.0
G222L,30545.484965,0.0
G222M,30545.484965,0.0
G222N,30545.484965,0.0
G222P,30545.484965,0.0
G222Q,30545.484965,0.0
G222R,30545.484965,0.0
G222S,30545.484965,0.0
G222T,30545.484965,0.0
G222V,30545.484965,0.0
G222W,30545.484965,0.0
G222Y,30545.484965,0.0
G223A,30628.428116000003,82.94315100000313
G223C,29826.086975,-719.3979900000013
G223D,30625.418075,79.93311000000176
G223E,29826.086975,-719.3979900000013
G223F,30758.193997000002,212.70903200000248
G223H,30521.4047,-24.08026500000051
G223I,30761.538479000003,216.0535140000029
G223K,29826.086975,-719.3979900000013
G223L,30782.274263,236.7892979999997
G223M,30521.4047,-24.08026500000051
G223N,30777.25754,231.77257499999905
G223P,29826.086975,-719.3979900000013
G223Q,30601.672259,56.18729399999938
G223R,29826.086975,-719.3979900000013
G223S,29826.086975,-719.3979900000013
G223T,30521.4047,-24.08026500000051
G223V,30625.418075,79.93311000000176
G223W,30781.270922,235.78595700000005
G223Y,30785.618744,240.13377899999978
G22A,30545.484965,0.0
G22C,30545.484965,0.0
G22D,30545.484965,0.0
G22E,30545.484965,0.0
G22F,30545.484965,0.0
G22H,30545.484965,0.0
G22I,30545.484965,0.0
G22K,30545.484965,0.0
G22L,30545.484965,0.0
G22M,30545.484965,0.0
G22N,30545.484965,0.0
G22P,30545.484965,0.0
G22Q,30545.484965,0.0
G22R,30545.484965,0.0
G22S,30545.484965,0.0
G22T,30545.484965,0.0
G22V,30545.484965,0.0
G22W,30545.484965,0.0
G22Y,30545.484965,0.0
G235A,30545.484965,0.0
G235C,30545.484965,0.0
G235D,30545.484965,0.0
G235E,30545.484965,0.0
G235F,31184.949845000003,639.4648800000032
G235H,30545.484965,0.0
G235I,31184.949845000003,639.4648800000032
G235K,30545.484965,0.0
G235L,30545.484965,0.0
G235M,30545.484965,0.0
G235N,30545.484965,0.0
G235P,30545.484965,0.0
G235Q,30545.484965,0.0
G235R,30545.484965,0.0
G235S,30545.484965,0.0
G235T,30545.484965,0.0
G235V,30545.484965,0.0
G235W,31105.016735,559.5317700000014
G235Y,31160.86958,615.384614999999
G253A,30545.484965,0.0
G253C,30545.484965,0.0
G253D,30545.484965,0.0
G253E,30545.484965,0.0
G253F,31183.277605000003,637.7926400000033
G253H,30545.484965,0.0
G253I,31109.030117000002,563.5451520000024
G253K,30545.484965,0.0
G253L,31027.090319000003,481.605354000003
G253M,30545.484965,0.0
G253N,31025.083625,479.59865999999965
G253P,30545.484965,0.0
G253Q,30545.484965,0.0
G253R,30545.484965,0.0
G253S,30545.484965,0.0
G253T,30545.484965,0.0
G253V,30545.484965,0.0
G253W,31142.474932,596.9899670000013
G253Y,31111.371254,565.8862890000019
G258A,30550.501685000003,5.016720000003261
G258C,30310.702355,-234.78260999999839
G258D,30310.702355,-234.78260999999839
G258E,30310.702355,-234.78260999999839
G258F,30310.702355,-234.78260999999839
G258H,30310.702355,-234.78260999999839
G258I,30310.702355,-234.78260999999839
G258K,30310.702355,-234.78260999999839
G258L,30542.47493,-3.010034999999334
G258M,30310.702355,-234.78260999999839
G258N,30546.488309,1.0033440000006522
G258P,30310.702355,-234.78260999999839
G258Q,30310.702355,-234.78260999999839
G258R,30310.702355,-234.78260999999839
G258S,30310.702355,-234.78260999999839
G258T,30310.702355,-234.78260999999839
G258V,30542.47493,-3.010034999999334
G258W,30542.47493,-3.010034999999334
G258Y,30542.47493,-3.010034999999334
G260A,30545.484964000003,-9.999967005569488e-07
G260C,30552.508375999998,7.023410999998305
G260D,30465.217405000003,-80.26755999999659
G260E,30551.505032,6.020067000001291
G260F,30736.789311,191.3043460000008
G260H,30310.702355,-234.78260999999839
G260I,30733.444832,187.9598670000014
G260K,30310.702355,-234.78260999999839
G260L,30553.177271,7.692306000000826
G260M,30310.702355,-234.78260999999839
G260N,30553.511720000002,8.026755000002595
G260P,30310.702355,-234.78260999999839
G260Q,30555.183961000002,9.698996000002808
G260R,30310.702355,-234.78260999999839
G260S,30552.508375999998,7.023410999998305
G260T,30310.702355,-234.78260999999839
G260V,30553.511719000002,8.026754000002256
G260W,30748.494999000002,203.01003400000263
G260Y,30737.123759000002,191.63879400000224
G266A,30928.093663,382.608698
G266C,30884.615393,339.1304280000004
G266D,30557.525099,12.040133999998943
G266E,30606.020080000002,60.535115000002406
G266F,30982.943153,437.4581880000005
G266H,30609.699013,64.21404800000164
G266I,30993.645496,448.16053100000136
G266K,30541.471583000002,-4.013381999997364
G266L,30870.234131,324.7491660000014
G266M,30670.568577000002,125.08361200000218
G266N,30675.250849,129.76588400000037
G266P,30525.418073,-20.066891999998916
G266Q,30894.648843000003,349.163878000003
G266R,30607.35787,61.87290500000017
G266S,30626.755864,81.27089899999919
G266T,30627.424765000003,81.93980000000374
G266V,30934.782623,389.2976579999995
G266W,30843.143826,297.6588609999999
G266Y,31015.719075,470.23411000000124
G267A,30767.224094,221.7391290000014
G267C,30545.484965,0.0
G267D,30545.484965,0.0
G267E,30545.484965,0.0
G267F,30543.478274,-2.006690999998682
G267H,30545.484965,0.0
G267I,30546.488309,1.0033440000006522
G267K,30545.484965,0.0
G267L,30865.551857,320.0668919999989
G267M,30545.484965,0.0
G267N,30865.551857,320.0668919999989
G267P,30545.484965,0.0
G267Q,30545.484965,0.0
G267R,30545.484965,0.0
G267S,30545.484965,0.0
G267T,30545.484965,0.0
G267V,30867.892993,322.40802800000165
G267W,30852.508375,307.0234100000016
G267Y,30872.575265,327.09029999999984
G286A,30728.762557000002,183.2775920000022
G286C,30637.123761000003,91.63879600000291
G286D,30087.290985,-458.19398
G286E,30087.290985,-458.19398
G286F,30728.762557000002,183.2775920000022
G286H,30545.484965,0.0
G286I,30637.123761000003,91.63879600000291
G286K,30545.484965,0.0
G286L,30637.123761000003,91.63879600000291
G286M,30545.484965,0.0
G286N,30545.484965,0.0
G286P,30087.290985,-458.19398
G286Q,30637.123761000003,91.63879600000291
G286R,30545.484965,0.0
G286S,30545.484965,0.0
G286T,30545.484965,0.0
G286V,30728.762557000002,183.2775920000022
G286W,30545.484965,0.0
G286Y,30728.762557000002,183.2775920000022
G294A,31596.98998,1051.5050149999988
G294C,30545.484965,0.0
G294D,30545.484965,0.0
G294E,31435.78597,890.3010050000012
G294F,31672.909711,1127.4247460000006
G294H,30545.484965,0.0
G294I,31626.421424,1080.9364590000005
G294K,30545.484965,0.0
G294L,31682.274264,1136.789299
G294M,31584.615395,1039.130430000001
G294N,31673.578609,1128.0936440000005
G294P,30545.484965,0.0
G294Q,30545.484965,0.0
G294R,30545.484965,0.0
G294S,31579.264225,1033.7792599999993
G294T,31487.290984,941.8060189999997
G294V,31595.65219,1050.167225000001
G294W,31557.190649,1011.7056840000005
G294Y,31714.381286,1168.8963210000002
G29A,30625.75253,80.26756500000192
G29C,30570.56858,25.083614999999554
G29D,30625.75253,80.26756500000192
G29E,30560.53514,15.050175000000309
G29F,30911.705702,366.22073699999964
G29H,30545.484965,0.0
G29I,30897.658886,352.1739210000014
G29K,29346.488315000002,-1198.9966499999973
G29L,30645.819425,100.33446000000185
G29M,30550.5017,5.016735000001063
G29N,30545.484965,0.0
G29P,29346.488315000002,-1198.9966499999973
G29Q,30655.852865,110.3679000000011
G29R,29346.488315000002,-1198.9966499999973
G29S,30545.484965,0.0
G29T,30550.5017,5.016735000001063
G29V,30625.75253,80.26756500000192
G29W,30700.000015,154.5150500000018
G29Y,30899.665577,354.1806120000001
G2A,30545.484965,0.0
G2C,30545.484965,0.0
G2D,30545.484965,0.0
G2E,30545.484965,0.0
G2F,30545.484965,0.0
G2H,30545.484965,0.0
G2I,30545.484965,0.0
G2K,30545.484965,0.0
G2L,30545.484965,0.0
G2M,30545.484965,0.0
G2N,30545.484965,0.0
G2P,30545.484965,0.0
G2Q,30545.484965,0.0
G2R,30545.484965,0.0
G2S,30545.484965,0.0
G2T,30545.484965,0.0
G2V,30545.484965,0.0
G2W,30545.484965,0.0
G2Y,30545.484965,0.0
G304A,30547.491654,2.006689000001643
G304C,30467.558544,-77.92642100000012
G304D,30467.558544,-77.92642100000012
G304E,30467.558544,-77.92642100000012
G304F,30628.093662,82.60869699999967
G304H,30467.558544,-77.92642100000012
G304I,30627.424764000003,81.9397990000034
G304K,30467.558544,-77.92642100000012
G304L,30622.073594,76.58862900000167
G304M,30467.558544,-77.92642100000012
G304N,30545.484965,0.0
G304P,30467.558544,-77.92642100000012
G304Q,30627.424764000003,81.9397990000034
G304R,30467.558544,-77.92642100000012
G304S,30467.558544,-77.92642100000012
G304T,30467.558544,-77.92642100000012
G304V,30544.816069,-0.6688959999992221
G304W,30544.816069,-0.6688959999992221
G304Y,30622.74249,77.2575250000009
G310A,30419.732461,-125.75250400000004
G310C,30406.354525000002,-139.13043999999718
G310D,30410.367913000002,-135.11705199999778
G310E,30406.354525000002,-139.13043999999718
G310F,30485.953187,-59.531778000000486
G310H,30326.086965000002,-219.3979999999974
G310I,30450.501685000003,-94.98327999999674
G310K,30326.086965000002,-219.3979999999974
G310L,30374.247509,-171.23745599999893
G310M,30388.963225,-156.52174000000014
G310N,30625.752517,80.26755200000116
G310P,30475.919749,-69.56521599999905
G310Q,30458.528437,-86.9565279999988
G310R,30326.086965000002,-219.3979999999974
G310S,30566.889653,21.404687999998714
G310T,30334.448175,-211.0367899999983
G310V,30427.759217,-117.72574800000075
G310W,30470.234135,-75.25083000000086
G310Y,30436.454862,-109.03010300000096
G311A,30359.531787,-185.95317799999975
G311C,30405.016733,-140.46823199999926
G311D,30387.290984,-158.19398100000035
G311E,30405.016733,-140.46823199999926
G311F,30407.692326,-137.79263899999933
G311H,30545.484965,0.0
G311I,30394.314392,-151.17057299999942
G311K,30545.484965,0.0
G311L,30390.301017,-155.18394799999805
G311M,30545.484965,0.0
G311N,30393.645496,-151.83946899999864
G311P,29629.097005000003,-916.3879599999964
G311Q,30405.351182,-140.13378300000113
G311R,30545.484965,0.0
G311S,30405.016733,-140.46823199999926
G311T,30545.484965,0.0
G311V,30382.60871,-162.87625499999922
G311W,30487.625434,-57.85953099999824
G311Y,30395.317737,-150.16722799999843
G315A,30463.545163000003,-81.93980199999714
G315C,30451.839483,-93.6454819999999
G315D,30087.290985,-458.19398
G315E,30087.290985,-458.19398
G315F,30462.876272,-82.60869299999831
G315H,30545.484965,0.0
G315I,30455.518412,-89.96655299999838
G315K,30545.484965,0.0
G315L,30465.886306,-79.59865899999932
G315M,30545.484965,0.0
G315N,30416.722419,-128.7625459999981
G315P,30545.484965,0.0
G315Q,30472.909714,-72.57525099999839
G315R,30545.484965,0.0
G315S,30545.484965,0.0
G315T,30545.484965,0.0
G315V,30406.020079,-139.46488599999793
G315W,30425.418073,-120.06689199999892
G315Y,30455.183964,-90.30100099999981
G316A,30475.250849,-70.23411599999963
G316C,30457.859547,-87.62541799999963
G316D,30087.290985,-458.19398
G316E,30087.290985,-458.19398
G316F,30479.933126,-65.55183899999975
G316H,30453.846169,-91.63879599999927
G316I,30455.518409,-89.9665559999994
G316K,30453.846169,-91.63879599999927
G316L,30465.551857,-79.93310800000108
G316M,30545.484965,0.0
G316N,30463.545163000003,-81.93980199999714
G316P,30545.484965,0.0
G316Q,30477.926434,-67.55853099999877
G316R,30453.846169,-91.63879599999927
G316S,30458.862891,-86.62207399999897
G316T,30545.484965,0.0
G316V,30469.899678,-75.58528699999806
G316W,30512.709047,-32.775917999999365
G316Y,30455.518411,-89.96655399999872
G322A,30554.180615,8.695650000001478
G322C,30599.665566000003,54.18060100000366
G322D,30526.755865,-18.72910000000047
G322E,30526.755865,-18.72910000000047
G322F,30551.505027,6.020061999999598
G322H,30451.505027,-93.9799380000004
G322I,30549.832786,4.347820999999385
G322K,30343.478276,-202.006688999998
G322L,30550.501687,5.0167220000003
G322M,30543.812719,-1.6722459999982675
G322N,30545.484965,0.0
G322P,30536.454859,-9.03010599999834
G322Q,30549.832786,4.347820999999385
G322R,30355.51841,-189.96655499999906
G322S,30526.421416,-19.063548999998602
G322T,30543.812719,-1.6722459999982675
G322V,30550.167239000002,4.682274000002508
G322W,30545.150517000002,-0.33444799999779207
G322Y,30550.501687,5.0167220000003
G350A,30432.107038,-113.37792700000136
G350C,30460.869582,-84.61538300000029
G350D,30345.484965,-200.0
G350E,30460.869582,-84.61538300000029
G350F,30449.832789999997,-95.6521750000029
G350H,30414.381285,-131.10368000000017
G350I,30434.782628999998,-110.7023360000021
G350K,29774.916405,-770.5685599999997
G350L,30432.775934,-112.7090309999985
G350M,30534.782628999998,-10.702336000002106
G350N,30558.862893,13.377928000001702
G350P,30298.662225,-246.8227399999996
G350Q,30435.117077,-110.36788800000068
G350R,30329.765903,-215.71906200000012
G350S,30558.862893,13.377928000001702
G350T,30516.053525,-29.431440000000293
G350V,30433.444830999997,-112.04013400000258
G350W,30566.889653,21.404687999998714
G350Y,30589.632127,44.14716200000112
G362A,30486.622087,-58.86287799999991
G362C,30357.190649,-188.29431599999953
G362D,30447.491654,-97.99331099999836
G362E,30390.635468999997,-154.84949600000255
G362F,30501.672255,-43.81270999999833
G362H,30403.678948999997,-141.80601600000227
G362I,30509.030118,-36.45484700000088
G362K,30337.458206,-208.0267590000003
G362L,30510.033459,-35.451506000001245
G362M,30442.474933,-103.01003199999832
G362N,30511.371253,-34.113711999998486
G362P,30435.785967,-109.69899799999985
G362Q,30437.792655,-107.69230999999854
G362R,30164.548511999998,-380.9364530000021
G362S,30369.56523,-175.9197349999995
G362T,30483.946503,-61.538462000000436
G362V,30478.595335,-66.88962999999785
G362W,30522.073592999997,-23.411372000002302
G362Y,30514.046838,-31.43812700000126
G366A,30592.307713,46.82274799999868
G366C,30485.618747,-59.86621799999921
G366D,30491.973259,-53.51170600000114
G366E,30566.555203,21.070238000000245
G366F,30615.71908,70.23411499999929
G366H,29887.959884,-657.5250809999998
G366I,30599.331121,53.84615599999961
G366K,29887.959884,-657.5250809999998
G366L,30594.648849,49.16388400000142
G366M,30550.167244,4.6822790000005625
G366N,30547.826107999997,2.341142999997828
G366P,29789.966572999998,-755.5183920000018
G366Q,30601.672257,56.187291999998706
G366R,29887.959884,-657.5250809999998
G366S,30545.484965,0.0
G366T,30452.173933000002,-93.3110319999978
G366V,30589.96657,44.481605000000854
G366W,30545.484965,0.0
G366Y,30596.989985,51.50502000000051
G372A,30545.484965,0.0
G372C,30705.351185,159.86621999999988
G372D,30545.484965,0.0
G372E,30705.351185,159.86621999999988
G372F,30777.591989,232.10702400000082
G372H,30705.351185,159.86621999999988
G372I,30869.565232999998,324.0802679999979
G372K,30545.484965,0.0
G372L,30773.578615,228.0936499999989
G372M,30705.351185,159.86621999999988
G372N,30545.484965,0.0
G372P,30545.484965,0.0
G372Q,30705.351185,159.86621999999988
G372R,30545.484965,0.0
G372S,30705.351185,159.86621999999988
G372T,30701.337809,155.8528440000009
G372V,30545.484965,0.0
G372W,30832.107043,286.62207800000033
G372Y,30876.588648,331.1036830000012
G384A,30866.555201,321.07023599999957
G384C,30453.511715999997,-91.9732490000024
G384D,30298.662221,-246.82274400000097
G384E,30450.167235999998,-95.31772900000215
G384F,30866.889649,321.404684000001
G384H,30465.217406,-80.26755899999989
G384I,30867.558544,322.0735789999999
G384K,30465.217406,-80.26755899999989
G384L,30864.214058,318.72909300000174
G384M,30545.484965,0.0
G384N,30880.602017,335.1170520000014
G384P,30465.217406,-80.26755899999989
G384Q,30543.478271,-2.0066939999996976
G384R,30465.217406,-80.26755899999989
G384S,30543.478271,-2.0066939999996976
G384T,30864.214058,318.72909300000174
G384V,30547.491653,2.0066880000013043
G384W,30854.849511,309.3645460000007
G384Y,30882.608710999997,337.1237459999975
G386A,30545.484965,0.0
G386C,30545.484965,0.0
G386D,30465.217406,-80.26755899999989
G386E,30465.217406,-80.26755899999989
G386F,30865.551854,320.06688900000154
G386H,30465.217406,-80.26755899999989
G386I,30865.551854,320.06688900000154
G386K,30465.217406,-80.26755899999989
G386L,30545.484965,0.0
G386M,30545.484965,0.0
G386N,30545.484965,0.0
G386P,30465.217406,-80.26755899999989
G386Q,30545.484965,0.0
G386R,30465.217406,-80.26755899999989
G386S,30545.484965,0.0
G386T,30545.484965,0.0
G386V,30545.484965,0.0
G386W,30545.484965,0.0
G386Y,30865.551854,320.06688900000154
G392A,31027.090319,481.60535399999935
G392C,30545.484965,0.0
G392D,30545.484965,0.0
G392E,31027.090319,481.60535399999935
G392F,31027.090319,481.60535399999935
G392H,30545.484965,0.0
G392I,31027.090319,481.60535399999935
G392K,30545.484965,0.0
G392L,31027.090319,481.60535399999935
G392M,30545.484965,0.0
G392N,31027.090319,481.60535399999935
G392P,30545.484965,0.0
G392Q,30545.484965,0.0
G392R,30545.484965,0.0
G392S,30545.484965,0.0
G392T,31027.090319,481.60535399999935
G392V,31027.090319,481.60535399999935
G392W,31027.090319,481.60535399999935
G392Y,31027.090319,481.60535399999935
G399A,30545.484965,0.0
G399C,30545.484965,0.0
G399D,30545.484965,0.0
G399E,30545.484965,0.0
G399F,30545.484965,0.0
G399H,30545.484965,0.0
G399I,31013.043491,467.5585260000007
G399K,30545.484965,0.0
G399L,30545.484965,0.0
G399M,30545.484965,0.0
G399N,30545.484965,0.0
G399P,30545.484965,0.0
G399Q,30545.484965,0.0
G399R,30545.484965,0.0
G399S,30545.484965,0.0
G399T,30545.484965,0.0
G399V,30545.484965,0.0
G399W,30545.484965,0.0
G399Y,31025.083625,479.59865999999965
G407A,30545.484965,0.0
G407C,30545.484965,0.0
G407D,30545.484965,0.0
G407E,30545.484965,0.0
G407F,30931.77259,386.28762500000084
G407H,30545.484965,0.0
G407I,30945.150514999998,399.6655499999979
G407K,30545.484965,0.0
G407L,30545.484965,0.0
G407M,30545.484965,0.0
G407N,30545.484965,0.0
G407P,30545.484965,0.0
G407Q,30545.484965,0.0
G407R,30545.484965,0.0
G407S,30545.484965,0.0
G407T,30545.484965,0.0
G407V,30777.25754,231.77257499999905
G407W,30785.284295,239.79933000000165
G407Y,30945.150514999998,399.6655499999979
G417A,30715.719079,170.23411399999895
G417C,30638.461553999998,92.97658899999806
G417D,30452.508376,-92.97658899999806
G417E,30638.461553999998,92.97658899999806
G417F,30917.391321,371.9063559999995
G417H,30638.461553999998,92.97658899999806
G417I,30917.391321,371.9063559999995
G417K,30638.461553999998,92.97658899999806
G417L,30638.461553999998,92.97658899999806
G417M,30638.461553999998,92.97658899999806
G417N,30638.461553999998,92.97658899999806
G417P,30545.484965,0.0
G417Q,30638.461553999998,92.97658899999806
G417R,30638.461553999998,92.97658899999806
G417S,30638.461553999998,92.97658899999806
G417T,30638.461553999998,92.97658899999806
G417V,30638.461553999998,92.97658899999806
G417W,30638.461553999998,92.97658899999806
G417Y,30917.391321,371.9063559999995
G423A,30750.836133,205.35116800000105
G423C,30553.511716999998,8.026751999997941
G423D,30461.538472999997,-83.94649200000276
G423E,30456.521752999997,-88.96321200000239
G423F,30688.628777,143.14381200000207
G423H,30001.672253,-543.812711999999
G423I,30697.658872,152.17390700000033
G423K,30001.672253,-543.812711999999
G423L,30742.809373,197.3244080000004
G423M,30567.558539,22.073574000001827
G423N,30772.240813,226.7558480000007
G423P,30523.411385,-22.07358000000022
G423Q,30553.511716999998,8.026751999997941
G423R,30001.672253,-543.812711999999
G423S,30645.484961,99.99999599999865
G423T,30737.458205,191.97323999999935
G423V,30571.571921,26.08695599999919
G423W,30635.785965,90.30099999999948
G423Y,30707.023424,161.53845899999942
G424A,30817.391321,271.9063559999995
G424C,30545.484965,0.0
G424D,30001.672253,-543.812711999999
G424E,30545.484965,0.0
G424F,30744.816069999997,199.33110499999748
G424H,30545.484965,0.0
G424I,30749.498342,204.0133769999993
G424K,30545.484965,0.0
G424L,30817.391321,271.9063559999995
G424M,30545.484965,0.0
G424N,30817.391321,271.9063559999995
G424P,30545.484965,0.0
G424Q,30545.484965,0.0
G424R,30545.484965,0.0
G424S,30545.484965,0.0
G424T,30817.391321,271.9063559999995
G424V,30545.484965,0.0
G424W,30737.123759,191.6387939999986
G424Y,30768.227436999998,222.7424719999981
G443A,30565.551857,20.066891999998916
G443C,30561.538474999998,16.053509999997914
G443D,30561.538474999998,16.053509999997914
G443E,30555.518411,10.033446000001277
G443F,30686.956538,141.4715729999989
G443H,30484.94985,-60.53511499999877
G443I,30779.933123,234.44815799999924
G443K,30484.94985,-60.53511499999877
G443L,30724.080287,178.59532200000103
G443M,30567.558545,22.07358000000022
G443N,30589.632125,44.14716000000044
G443P,30565.551857,20.066891999998916
G443Q,30561.538474999998,16.053509999997914
G443R,30484.94985,-60.53511499999877
G443S,30643.812728,98.32776300000114
G443T,30641.471585,95.98661999999968
G443V,30577.591990999998,32.10702599999786
G443W,30723.411388999997,177.9264239999975
G443Y,30796.989985999997,251.5050209999972
G446A,30545.484965,0.0
G446C,30545.484965,0.0
G446D,30390.969914999998,-154.5150500000018
G446E,30545.484965,0.0
G446F,30854.515065,309.03009999999995
G446H,30545.484965,0.0
G446I,30931.772589999997,386.2876249999972
G446K,30545.484965,0.0
G446L,30545.484965,0.0
G446M,30545.484965,0.0
G446N,30545.484965,0.0
G446P,30545.484965,0.0
G446Q,30545.484965,0.0
G446R,30545.484965,0.0
G446S,30545.484965,0.0
G446T,30545.484965,0.0
G446V,30545.484965,0.0
G446W,30931.772589999997,386.2876249999972
G446Y,30931.772589999997,386.2876249999972
G457A,30601.003366,55.51840100000118
G457C,30590.635478,45.1505130000005
G457D,30591.638818,46.1538529999998
G457E,30572.909726,27.424761000002036
G457F,30618.060215999998,72.57525099999839
G457H,30537.123764,-8.36120099999971
G457I,30610.367911999998,64.88294699999824
G457K,30469.565233999998,-75.91973100000178
G457L,30589.966577,44.481611999999586
G457M,30569.899684,24.414719000000332
G457N,30557.525106999998,12.040141999998013
G457P,30433.77928,-111.70568500000081
G457Q,30609.364568,63.879603000001225
G457R,30482.943171,-62.541794000000664
G457S,30523.411389999997,-22.073575000002165
G457T,30556.521758,11.036792999999307
G457V,30607.023433,61.53846799999883
G457W,30547.157208,1.6722430000008899
G457Y,30612.040151999998,66.55518699999811
G473A,30554.849512999997,9.36454799999774
G473C,30554.849512999997,9.36454799999774
G473D,30367.558543,-177.92642200000046
G473E,30556.187305,10.702339999999822
G473F,30555.51841,10.033445000000938
G473H,30544.816068999997,-0.6688960000028601
G473I,30552.842824,7.357858999999735
G473K,30558.86289,13.377925000000687
G473L,30552.173928,6.688963000000513
G473M,30545.819413,0.33444800000143005
G473N,30545.819413,0.33444800000143005
G473P,30573.578609,28.093644000000495
G473Q,30552.842824,7.357858999999735
G473R,30573.578609,28.093644000000495
G473S,30544.147171,-1.3377939999991213
G473T,30545.484965,0.0
G473V,30551.83948,6.354514999999083
G473W,30544.816068999997,-0.6688960000028601
G473Y,30552.508376,7.023411000001943
G479A,30830.769247,285.28428200000053
G479C,30635.785964,90.30099899999914
G479D,30718.060211,172.57524600000033
G479E,30788.628778,243.14381299999877
G479F,30863.210714999997,317.7257499999978
G479H,30467.224094,-78.26087099999859
G479I,30862.876265,317.3912999999993
G479K,30464.214059,-81.27090599999792
G479L,30789.966566,244.4816009999995
G479M,30833.110383,287.6254179999996
G479N,30574.916401,29.43143599999894
G479P,30533.444829,-12.04013599999962
G479Q,30805.016736999998,259.53177199999845
G479R,30457.190648,-88.29431699999986
G479S,30541.471585,-4.013380000000325
G479T,30547.826099,2.3411340000020573
G479V,30748.160549,202.67558400000053
G479W,30566.555198,21.070232999998552
G479Y,30879.264225,333.77925999999934
G47A,30545.484965,0.0
G47C,30545.484965,0.0
G47D,30545.484965,0.0
G47E,30545.484965,0.0
G47F,31693.311047,1147.8260819999996
G47H,30545.484965,0.0
G47I,31723.745841,1178.2608760000003
G47K,30545.484965,0.0
G47L,30545.484965,0.0
G47M,30545.484965,0.0
G47N,30545.484965,0.0
G47P,30545.484965,0.0
G47Q,30545.484965,0.0
G47R,30545.484965,0.0
G47S,30545.484965,0.0
G47T,30545.484965,0.0
G47V,30545.484965,0.0
G47W,31568.896341,1023.411376
G47Y,31741.137137,1195.6521720000019
G480A,30786.287642,240.80267699999968
G480C,30706.020083,160.53511799999978
G480D,30545.484965,0.0
G480E,30706.020083,160.53511799999978
G480F,30866.555201,321.07023599999957
G480H,30545.484965,0.0
G480I,30866.555201,321.07023599999957
G480K,30545.484965,0.0
G480L,30786.287642,240.80267699999968
G480M,30545.484965,0.0
G480N,30786.287642,240.80267699999968
G480P,30545.484965,0.0
G480Q,30786.287642,240.80267699999968
G480R,30465.217406,-80.26755899999989
G480S,30786.287642,240.80267699999968
G480T,30545.484965,0.0
G480V,30786.287642,240.80267699999968
G480W,30706.020083,160.53511799999978
G480Y,30866.555201,321.07023599999957
G484A,30545.484965,0.0
G484C,30545.484965,0.0
G484D,30545.484965,0.0
G484E,30545.484965,0.0
G484F,30545.484965,0.0
G484H,30545.484965,0.0
G484I,30545.484965,0.0
G484K,30545.484965,0.0
G484L,30545.484965,0.0
G484M,30545.484965,0.0
G484N,30545.484965,0.0
G484P,30545.484965,0.0
G484Q,30545.484965,0.0
G484R,30545.484965,0.0
G484S,30545.484965,0.0
G484T,30545.484965,0.0
G484V,30545.484965,0.0
G484W,30545.484965,0.0
G484Y,30545.484965,0.0
G528A,31184.949845,639.4648799999995
G528C,31184.949845,639.4648799999995
G528D,30297.658876999998,-247.82608800000162
G528E,30297.658876999998,-247.82608800000162
G528F,31227.759213,682.2742480000015
G528H,30297.658876999998,-247.82608800000162
G528I,31206.354532999998,660.8695679999983
G528K,30297.658876999998,-247.82608800000162
G528L,31187.625437,642.1404719999991
G528M,30545.484965,0.0
G528N,30545.484965,0.0
G528P,30545.484965,0.0
G528Q,31206.354532999998,660.8695679999983
G528R,30297.658876999998,-247.82608800000162
G528S,30545.484965,0.0
G528T,30545.484965,0.0
G528V,31184.949845,639.4648799999995
G528W,30545.484965,0.0
G528Y,31190.301021,644.8160559999997
G533A,30545.484965,0.0
G533C,30545.484965,0.0
G533D,30545.484965,0.0
G533E,31009.030114999998,463.5451499999981
G533F,31193.979945,648.4949799999995
G533H,30545.484965,0.0
G533I,31205.685631999997,660.2006669999973
G533K,30545.484965,0.0
G533L,31107.357878,561.8729129999992
G533M,30545.484965,0.0
G533N,30545.484965,0.0
G533P,30545.484965,0.0
G533Q,30545.484965,0.0
G533R,30545.484965,0.0
G533S,31025.083625,479.59865999999965
G533T,31027.090319,481.60535399999935
G533V,30545.484965,0.0
G533W,31158.862891,613.377926000001
G533Y,31219.732455,674.2474900000016
G534A,30545.484965,0.0
G534C,30545.484965,0.0
G534D,30545.484965,0.0
G534E,30545.484965,0.0
G534F,31025.083625,479.59865999999965
G534H,30545.484965,0.0
G534I,31027.090319,481.60535399999935
G534K,30545.484965,0.0
G534L,30545.484965,0.0
G534M,30545.484965,0.0
G534N,30545.484965,0.0
G534P,30545.484965,0.0
G534Q,30545.484965,0.0
G534R,30545.484965,0.0
G534S,30545.484965,0.0
G534T,30545.484965,0.0
G534V,30545.484965,0.0
G534W,30545.484965,0.0
G534Y,31031.103694999998,485.6187299999983
G535A,30545.484965,0.0
G535C,30545.484965,0.0
G535D,30545.484965,0.0
G535E,30545.484965,0.0
G535F,30545.484965,0.0
G535H,30545.484965,0.0
G535I,30545.484965,0.0
G535K,30545.484965,0.0
G535L,30545.484965,0.0
G535M,30545.484965,0.0
G535N,30545.484965,0.0
G535P,30545.484965,0.0
G535Q,30545.484965,0.0
G535R,30545.484965,0.0
G535S,30545.484965,0.0
G535T,30545.484965,0.0
G535V,30545.484965,0.0
G535W,30545.484965,0.0
G535Y,30545.484965,0.0
G536A,30545.484965,0.0
G536C,30545.484965,0.0
G536D,30545.484965,0.0
G536E,30545.484965,0.0
G536F,30545.484965,0.0
G536H,30545.484965,0.0
G536I,30545.484965,0.0
G536K,30545.484965,0.0
G536L,30545.484965,0.0
G536M,30545.484965,0.0
G536N,30545.484965,0.0
G536P,30545.484965,0.0
G536Q,30545.484965,0.0
G536R,30545.484965,0.0
G536S,30545.484965,0.0
G536T,30545.484965,0.0
G536V,30545.484965,0.0
G536W,30545.484965,0.0
G536Y,30545.484965,0.0
G539A,30552.508376,7.023411000001943
G539C,30303.678944,-241.80602100000033
G539D,30303.678944,-241.80602100000033
G539E,30303.678944,-241.80602100000033
G539F,30864.214061,318.7290959999991
G539H,30544.481621,-1.0033440000006522
G539I,30863.210713999997,317.72574899999745
G539K,30543.478273999997,-2.00669100000232
G539L,30544.481621,-1.0033440000006522
G539M,30543.478273999997,-2.00669100000232
G539N,30545.484965,0.0
G539P,30303.678944,-241.80602100000033
G539Q,30544.481621,-1.0033440000006522
G539R,30303.678944,-241.80602100000033
G539S,30543.478273999997,-2.00669100000232
G539T,30544.481621,-1.0033440000006522
G539V,30544.481621,-1.0033440000006522
G539W,30544.481621,-1.0033440000006522
G539Y,30865.551857,320.0668919999989
G561A,30545.484965,0.0
G561C,30545.484965,0.0
G561D,30545.484965,0.0
G561E,30545.484965,0.0
G561F,30567.558543,22.073577999999543
G561H,30545.484965,0.0
G561I,30635.785967,90.30100200000015
G561K,30545.484965,0.0
G561L,30530.100349,-15.384615999999369
G561M,30527.424761,-18.06020400000125
G561N,30545.484965,0.0
G561P,30545.484965,0.0
G561Q,30522.742489,-22.742475999999442
G561R,30545.484965,0.0
G561S,30549.498341,4.013375999998971
G561T,30567.558545,22.07358000000022
G561V,30537.458209,-8.026755999999295
G561W,30568.896333,23.411368000000948
G561Y,30552.842823,7.357857999999396
G56A,30545.484965,0.0
G56C,30545.484965,0.0
G56D,30545.484965,0.0
G56E,30545.484965,0.0
G56F,31025.083625,479.59865999999965
G56H,30545.484965,0.0
G56I,31025.083625,479.59865999999965
G56K,30545.484965,0.0
G56L,30545.484965,0.0
G56M,30545.484965,0.0
G56N,30545.484965,0.0
G56P,30545.484965,0.0
G56Q,30545.484965,0.0
G56R,30545.484965,0.0
G56S,30545.484965,0.0
G56T,30545.484965,0.0
G56V,30545.484965,0.0
G56W,30545.484965,0.0
G56Y,31029.097007,483.61204200000066
G580A,30700.000015,154.5150500000018
G580C,30545.484965,0.0
G580D,30700.000015,154.5150500000018
G580E,30545.484965,0.0
G580F,30706.688979,161.204013999999
G580H,30545.484965,0.0
G580I,30706.020083,160.53511799999978
G580K,30545.484965,0.0
G580L,30705.351185,159.86621999999988
G580M,30545.484965,0.0
G580N,30545.484965,0.0
G580P,30545.484965,0.0
G580Q,30706.020083,160.53511799999978
G580R,30545.484965,0.0
G580S,30545.484965,0.0
G580T,30545.484965,0.0
G580V,30700.000015,154.5150500000018
G580W,30545.484965,0.0
G580Y,30705.351185,159.86621999999988
G581A,30563.545163,18.060197999999218
G581C,30047.826101,-497.6588640000009
G581D,30527.424761,-18.06020400000125
G581E,30527.424761,-18.06020400000125
G581F,30695.652188,150.16722300000038
G581H,30047.826101,-497.6588640000009
G581I,30609.364564,63.87959899999987
G581K,30047.826101,-497.6588640000009
G581L,30695.986633,150.5016680000008
G581M,30531.438143,-14.046822000000247
G581N,30545.484965,0.0
G581P,30047.826101,-497.6588640000009
G581Q,30689.632123,144.14715799999976
G581R,30047.826101,-497.6588640000009
G581S,30529.431455,-16.053509999997914
G581T,30533.444831,-12.040133999998943
G581V,30708.026771,162.5418060000011
G581W,30712.040145,166.55517999999938
G581Y,30697.993327,152.5083620000005
G600A,31062.207374,516.7224090000018
G600C,31032.107045,486.622080000001
G600D,30547.491659,2.0066939999996976
G600E,31029.097004,483.61203899999964
G600F,31131.103694999998,585.6187299999983
G600H,30498.996675,-46.48829000000114
G600I,31125.752525,580.2675600000002
G600K,30498.996675,-46.48829000000114
G600L,31026.421422,480.9364569999998
G600M,31077.257543,531.7725780000001
G600N,31092.307711999998,546.8227469999983
G600P,30585.618749,40.13378400000147
G600Q,31035.117077,489.6321119999993
G600R,30498.996675,-46.48829000000114
G600S,31041.137141,495.6521759999996
G600T,31024.414733,478.9297680000018
G600V,31083.277607,537.7926420000003
G600W,31017.056873,471.5719080000017
G600Y,31140.802695,595.3177299999988
G621A,30626.42142,80.93645499999911
G621C,30460.200684,-85.28428100000019
G621D,30619.398008,73.91304300000047
G621E,30540.133794,-5.3511709999984305
G621F,30888.628777,343.1438120000021
G621H,30542.474931,-3.0100339999989956
G621I,30891.304363,345.81939799999964
G621K,30540.468243,-5.0167220000003
G621L,30624.41473,78.92976500000077
G621M,30542.474931,-3.0100339999989956
G621N,30545.484965,0.0
G621P,30460.200684,-85.28428100000019
G621Q,30622.74249,77.2575250000009
G621R,30540.133794,-5.3511709999984305
G621S,30540.468243,-5.0167220000003
G621T,30542.80938,-2.675585000000865
G621V,30624.080283,78.59531799999968
G621W,30872.909712,327.42474700000093
G621Y,30901.003359,355.5183939999988
G622A,30550.501687,5.0167220000003
G622C,30555.183961,9.69899599999917
G622D,30559.866234999998,14.38126999999804
G622E,30554.515065,9.030099999999948
G622F,30636.789312,91.30434700000114
G622H,30544.48162,-1.0033450000009907
G622I,30783.612054,238.12708900000143
G622K,30537.12376,-8.361205000001064
G622L,30630.434796999998,84.94983199999842
G622M,30546.822756999998,1.3377919999984442
G622N,30623.411386,77.92642100000012
G622P,30539.799345,-5.685620000000199
G622Q,30631.772589,86.2876240000005
G622R,30539.799345,-5.685620000000199
G622S,30540.133793999998,-5.3511710000020685
G622T,30546.822756999998,1.3377919999984442
G622V,30633.110382,87.62541699999929
G622W,30630.434796999998,84.94983199999842
G622Y,30791.304362,245.8193969999993
G634A,30545.484965,0.0
G634C,30545.484965,0.0
G634D,30304.682288,-240.80267699999968
G634E,30545.484965,0.0
G634F,30865.217405,319.73243999999977
G634H,30545.484965,0.0
G634I,30865.217405,319.73243999999977
G634K,30545.484965,0.0
G634L,30854.515065,309.03009999999995
G634M,30545.484965,0.0
G634N,30866.555201,321.07023599999957
G634P,30545.484965,0.0
G634Q,30865.217405,319.73243999999977
G634R,30545.484965,0.0
G634S,30545.484965,0.0
G634T,30545.484965,0.0
G634V,30545.484965,0.0
G634W,30866.555201,321.07023599999957
G634Y,30854.515065,309.03009999999995
G639A,30627.424767,81.93980200000078
G639C,30541.471589,-4.013375999998971
G639D,30379.933127,-165.5518379999994
G639E,30619.39801,73.91304500000115
G639F,30724.080282,178.59531699999934
G639H,30614.381287,68.89632200000051
G639I,30714.046839,168.56187399999908
G639K,30380.267575,-165.21738999999798
G639L,30638.127106,92.64214100000027
G639M,30537.123762,-8.361203000000387
G639N,30633.110384,87.62541899999997
G639P,30299.665568,-245.8193969999993
G639Q,30552.508378,7.023412999998982
G639R,30379.598678,-165.88628700000118
G639S,30542.140485,-3.3444799999997485
G639T,30624.080285,78.59532000000036
G639V,30639.464898000002,93.97993300000235
G639W,30654.849514999998,109.36454999999842
G639Y,30720.066906,174.58194100000037
G650A,30865.217405,319.73243999999977
G650C,30865.217405,319.73243999999977
G650D,30865.217405,319.73243999999977
G650E,30865.217405,319.73243999999977
G650F,30875.919748,330.4347830000006
G650H,30545.484965,0.0
G650I,30945.484965,400.0
G650K,30545.484965,0.0
G650L,30865.217405,319.73243999999977
G650M,30865.217405,319.73243999999977
G650N,30545.484965,0.0
G650P,30545.484965,0.0
G650Q,30865.217405,319.73243999999977
G650R,30545.484965,0.0
G650S,30705.351185,159.86621999999988
G650T,30865.217405,319.73243999999977
G650V,30865.217405,319.73243999999977
G650W,30719.398007,173.91304200000013
G650Y,30961.538477,416.0535119999986
G67A,30589.96657,44.481605000000854
G67C,30544.481615,-1.0033499999990454
G67D,30391.638807,-153.8461580000003
G67E,30402.675599000002,-142.80936599999768
G67F,30568.227435,22.74247000000105
G67H,30543.143822000002,-2.341142999997828
G67I,30567.558542000002,22.073577000002842
G67K,30543.143822000002,-2.341142999997828
G67L,30557.859546,12.374581000000035
G67M,30552.173928,6.688963000000513
G67N,30547.826097,2.34113200000138
G67P,30524.414727,-21.070238000000245
G67Q,30546.153856,0.6688910000011674
G67R,30383.277602000002,-162.2073629999977
G67S,30588.294329,42.80936400000064
G67T,30590.301016,44.81605100000161
G67V,30594.648842000002,49.163877000002685
G67W,30581.270917,35.785952000002
G67Y,30571.571920000002,26.08695500000249
G70A,30545.484965,0.0
G70C,30545.484965,0.0
G70D,30465.217406,-80.26755899999989
G70E,30465.217406,-80.26755899999989
G70F,30741.137138000002,195.65217300000222
G70H,30465.217406,-80.26755899999989
G70I,30742.809378,197.3244130000021
G70K,30465.217406,-80.26755899999989
G70L,30706.020083,160.53511799999978
G70M,30545.484965,0.0
G70N,30545.484965,0.0
G70P,30465.217406,-80.26755899999989
G70Q,30545.484965,0.0
G70R,30465.217406,-80.26755899999989
G70S,30545.484965,0.0
G70T,30706.020083,160.53511799999978
G70V,30545.484965,0.0
G70W,30545.484965,0.0
G70Y,30754.515063000003,209.0300980000029
G90A,31243.478275,697.9933100000017
G90C,31025.083625,479.59865999999965
G90D,30545.484965,0.0
G90E,31180.936469,635.4515040000006
G90F,31418.394666,872.9097010000005
G90H,30545.484965,0.0
G90I,31207.357873,661.8729080000012
G90K,30545.484965,0.0
G90L,31354.180621,808.6956559999999
G90M,31318.060215,772.5752500000017
G90N,31266.220748,720.7357830000001
G90P,30545.484965,0.0
G90Q,31187.625437000002,642.1404720000028
G90R,30545.484965,0.0
G90S,31186.287639000002,640.8026740000023
G90T,31348.829443000002,803.3444780000027
G90V,31241.137141000003,695.6521760000032
G90W,31423.076939000002,877.5919740000027
G90Y,31371.237477000002,825.7525120000028
G99A,30545.484965,0.0
G99C,30545.484965,0.0
G99D,30545.484965,0.0
G99E,30545.484965,0.0
G99F,31043.812725000003,498.32776000000376
G99H,30545.484965,0.0
G99I,30545.484965,0.0
G99K,30545.484965,0.0
G99L,30545.484965,0.0
G99M,30545.484965,0.0
G99N,30545.484965,0.0
G99P,30545.484965,0.0
G99Q,31030.434797,484.94983200000206
G99R,30545.484965,0.0
G99S,30545.484965,0.0
G99T,30545.484965,0.0
G99V,31043.812725000003,498.32776000000376
G99W,31053.177273,507.6923080000015
G99Y,30545.484965,0.0
H108A,30812.709045,267.22407999999996
H108C,30798.662223,253.1772579999997
H108D,30809.699011,264.21404600000096
H108E,30809.699011,264.21404600000096
H108F,30780.267574,234.78260900000168
H108G,30804.013393,258.52842800000144
H108I,30785.284295,239.79933000000165
H108K,30809.030115,263.54515000000174
H108L,30809.364563000003,263.87959800000317
H108M,30802.341152,256.8561870000012
H108N,30804.013393,258.52842800000144
H108P,30801.672255,256.18729000000167
H108Q,30809.699011,264.21404600000096
H108R,30542.140483000003,-3.3444819999967876
H108S,30800.668911,255.18394600000101
H108T,30802.341152,256.8561870000012
H108V,30808.695667,263.2107020000003
H108W,30802.341152,256.8561870000012
H108Y,30785.953192,240.4682270000012
H10A,30545.484965,0.0
H10C,30545.484965,0.0
H10D,30545.484965,0.0
H10E,30545.484965,0.0
H10F,30545.484965,0.0
H10G,30545.484965,0.0
H10I,30545.484965,0.0
H10K,30545.484965,0.0
H10L,30545.484965,0.0
H10M,30545.484965,0.0
H10N,30545.484965,0.0
H10P,30545.484965,0.0
H10Q,30545.484965,0.0
H10R,30545.484965,0.0
H10S,30545.484965,0.0
H10T,30545.484965,0.0
H10V,30545.484965,0.0
H10W,30545.484965,0.0
H10Y,30545.484965,0.0
H20A,30545.484965,0.0
H20C,30545.484965,0.0
H20D,30545.484965,0.0
H20E,30545.484965,0.0
H20F,30545.484965,0.0
H20G,30545.484965,0.0
H20I,30545.484965,0.0
H20K,30545.484965,0.0
H20L,30545.484965,0.0
H20M,30545.484965,0.0
H20N,30545.484965,0.0
H20P,30545.484965,0.0
H20Q,30545.484965,0.0
H20R,30545.484965,0.0
H20S,30545.484965,0.0
H20T,30545.484965,0.0
H20V,30545.484965,0.0
H20W,30545.484965,0.0
H20Y,30545.484965,0.0
H247A,30545.484965,0.0
H247C,30545.484965,0.0
H247D,30545.484965,0.0
H247E,30545.484965,0.0
H247F,31240.80269,695.3177250000008
H247G,30545.484965,0.0
H247I,31261.872923000003,716.387958000003
H247K,30545.484965,0.0
H247L,30545.484965,0.0
H247M,30545.484965,0.0
H247N,30545.484965,0.0
H247P,30545.484965,0.0
H247Q,30545.484965,0.0
H247R,30545.484965,0.0
H247S,30545.484965,0.0
H247T,30545.484965,0.0
H247V,30545.484965,0.0
H247W,30545.484965,0.0
H247Y,31264.882955,719.3979900000013
H357A,30554.849512,9.36454700000104
H357C,30484.949847,-60.535117999999784
H357D,30541.471584,-4.013381000000663
H357E,30538.127104,-7.357861000000412
H357F,30513.712389,-31.77257599999939
H357G,30545.484965,0.0
H357I,30506.35453,-39.130434999999125
H357K,30536.789314999998,-8.695650000001478
H357L,30536.454864,-9.030101000000286
H357M,30549.498343,4.013377999999648
H357N,30530.769245,-14.715720000000147
H357P,30408.695669999997,-136.7892950000023
H357Q,30539.464898,-6.020067000001291
H357R,30523.411387,-22.073577999999543
H357S,30522.408045,-23.076919999999518
H357T,30548.494998,3.010032999998657
H357V,30541.806034999998,-3.6789300000018557
H357W,30536.120417,-9.364548000001378
H357Y,30505.351187,-40.13377799999944
H438A,30580.267576,34.782610999998724
H438C,30609.699015000002,64.21405000000232
H438D,30604.68229,59.197325000001
H438E,30610.033457,64.54849200000172
H438F,30584.615396999998,39.13043199999811
H438G,30560.200682,14.715716999999131
H438I,30581.270919,35.78595399999904
H438K,30612.709043,67.22407799999928
H438L,30582.608708,37.123743000000104
H438M,30548.494996999998,3.0100319999983185
H438N,30574.916401,29.43143599999894
H438P,30503.344497,-42.14046800000142
H438Q,30558.528443,13.043477999999595
H438R,30537.12376,-8.361205000001064
H438S,30567.892995,22.40802999999869
H438T,30551.83948,6.354514999999083
H438V,30575.250849,29.76588400000037
H438W,30582.943156999998,37.458191999998235
H438Y,30596.655531,51.17056600000069
H465A,30380.93648,-164.54848499999935
H465C,30375.919757,-169.56520799999998
H465D,30372.909725,-172.5752399999983
H465E,30371.906378,-173.57858699999997
H465F,30452.508384999997,-92.97658000000229
H465G,30368.896337,-176.58862800000134
H465I,30390.969916,-154.51504900000145
H465K,30545.484965,0.0
H465L,30405.016742,-140.46822299999985
H465M,30358.862897,-186.62206800000058
H465N,30394.314402,-151.17056299999967
H465P,30545.484965,0.0
H465Q,30418.060223,-127.42474199999924
H465R,30545.484965,0.0
H465S,30380.936477,-164.54848800000036
H465T,30372.909725,-172.5752399999983
H465V,30461.204029999997,-84.2809350000025
H465W,30473.578618,-71.9063470000001
H465Y,30407.023430999998,-138.46153400000185
H519A,30659.866237,114.38127199999872
H519C,30646.488311999998,101.00334699999803
H519D,30637.123763,91.63879799999995
H519E,30640.802693,95.31772800000181
H519F,30679.264230999997,133.77926599999773
H519G,30630.100350999997,84.61538599999767
H519I,30659.197341,113.7123759999995
H519K,30548.160550999997,2.6755859999975655
H519L,30665.217405,119.73243999999977
H519M,30654.180618,108.69565299999886
H519N,30659.866235999998,114.38127099999838
H519P,30610.03346,64.5484949999991
H519Q,30662.876269999997,117.39130499999737
H519R,30554.180618,8.695652999998856
H519S,30679.264229,133.7792640000007
H519T,30644.481621,98.99665599999935
H519V,30667.224097,121.73913199999879
H519W,30639.464899,93.97993399999905
H519Y,30661.204028999997,115.71906399999716
H545A,30564.214065,18.72910000000047
H545C,30525.418077,-20.0668880000012
H545D,30458.193998,-87.29096700000082
H545E,30538.796005,-6.688959999999497
H545F,30566.889647,21.40468200000032
H545G,30538.796005,-6.688959999999497
H545I,30583.612055999998,38.12709099999847
H545K,30537.458212999998,-8.02675200000158
H545L,30578.929785,33.44482000000062
H545M,30536.120417,-9.364548000001378
H545N,30572.240821,26.755855999999767
H545P,30538.796005,-6.688959999999497
H545Q,30538.796005,-6.688959999999497
H545R,30538.796005,-6.688959999999497
H545S,30537.458212999998,-8.02675200000158
H545T,30562.876272999998,17.39130799999839
H545V,30546.822761,1.3377959999997984
H545W,30588.294332999998,42.80936799999836
H545Y,30583.946505,38.46154000000024
H5A,30545.484965,0.0
H5C,30545.484965,0.0
H5D,30545.484965,0.0
H5E,30545.484965,0.0
H5F,30545.484965,0.0
H5G,30545.484965,0.0
H5I,30545.484965,0.0
H5K,30545.484965,0.0
H5L,30545.484965,0.0
H5M,30545.484965,0.0
H5N,30545.484965,0.0
H5P,30545.484965,0.0
H5Q,30545.484965,0.0
H5R,30545.484965,0.0
H5S,30545.484965,0.0
H5T,30545.484965,0.0
H5V,30545.484965,0.0
H5W,30545.484965,0.0
H5Y,30545.484965,0.0
H604A,30545.484965,0.0
H604C,30545.484965,0.0
H604D,30545.484965,0.0
H604E,31025.083625,479.59865999999965
H604F,31058.862892,513.3779270000014
H604G,30545.484965,0.0
H604I,31034.448176,488.96321100000205
H604K,30545.484965,0.0
H604L,31027.090315999998,481.60535099999834
H604M,30545.484965,0.0
H604N,31040.133794,494.64882900000157
H604P,30545.484965,0.0
H604Q,30545.484965,0.0
H604R,30545.484965,0.0
H604S,31026.086972,480.6020070000013
H604T,31032.107036,486.6220710000016
H604V,31035.117071,489.63210600000093
H604W,31029.097006,483.6120410000003
H604Y,31046.153859,500.66889399999855
H63A,30719.732452,174.24748700000055
H63C,30656.52175,111.03678500000024
H63D,30583.946501000002,38.461536000002525
H63E,30592.976599,47.491634000001795
H63F,30823.076935,277.5919700000013
H63G,30519.398005000003,-26.086959999996907
H63I,30804.01339,258.5284250000004
H63K,30603.010045000003,57.52508000000307
H63L,30777.257536,231.77257100000134
H63M,30722.408041000002,176.92307600000277
H63N,30704.347838,158.86287300000185
H63P,30432.441483000002,-113.04348199999731
H63Q,30773.244158,227.7591930000017
H63R,30529.097002000002,-16.3879629999974
H63S,30713.043494,167.55852900000173
H63T,30730.434796,184.94983100000172
H63V,30768.896334,223.4113690000013
H63W,30660.535132,115.05016700000124
H63Y,30795.317736,249.83277100000123
H6A,30545.484965,0.0
H6C,30545.484965,0.0
H6D,30545.484965,0.0
H6E,30545.484965,0.0
H6F,30545.484965,0.0
H6G,30545.484965,0.0
H6I,30545.484965,0.0
H6K,30545.484965,0.0
H6L,30545.484965,0.0
H6M,30545.484965,0.0
H6N,30545.484965,0.0
H6P,30545.484965,0.0
H6Q,30545.484965,0.0
H6R,30545.484965,0.0
H6S,30545.484965,0.0
H6T,30545.484965,0.0
H6V,30545.484965,0.0
H6W,30545.484965,0.0
H6Y,30545.484965,0.0
H76A,30567.558545,22.07358000000022
H76C,30503.344499000003,-42.140465999997105
H76D,30021.739145,-523.7458200000001
H76E,30021.739145,-523.7458200000001
H76F,30706.020081000002,160.53511600000274
H76G,30551.505029,6.020064000000275
H76I,30545.484965,0.0
H76K,30543.478277000002,-2.0066879999976663
H76L,30549.498341000002,4.013376000002609
H76M,30545.484965,0.0
H76N,30551.505029,6.020064000000275
H76P,30491.304365,-54.180599999999686
H76Q,30545.484965,0.0
H76R,30519.398009,-26.08695599999919
H76S,30543.478277000002,-2.0066879999976663
H76T,30545.484965,0.0
H76V,30708.026769,162.5418040000004
H76W,30709.364561000002,163.8795960000025
H76Y,30551.505029,6.020064000000275
H7A,30545.484965,0.0
H7C,30545.484965,0.0
H7D,30545.484965,0.0
H7E,30545.484965,0.0
H7F,30545.484965,0.0
H7G,30545.484965,0.0
H7I,30545.484965,0.0
H7K,30545.484965,0.0
H7L,30545.484965,0.0
H7M,30545.484965,0.0
H7N,30545.484965,0.0
H7P,30545.484965,0.0
H7Q,30545.484965,0.0
H7R,30545.484965,0.0
H7S,30545.484965,0.0
H7T,30545.484965,0.0
H7V,30545.484965,0.0
H7W,30545.484965,0.0
H7Y,30545.484965,0.0
H8A,30545.484965,0.0
H8C,30545.484965,0.0
H8D,30545.484965,0.0
H8E,30545.484965,0.0
H8F,30545.484965,0.0
H8G,30545.484965,0.0
H8I,30545.484965,0.0
H8K,30545.484965,0.0
H8L,30545.484965,0.0
H8M,30545.484965,0.0
H8N,30545.484965,0.0
H8P,30545.484965,0.0
H8Q,30545.484965,0.0
H8R,30545.484965,0.0
H8S,30545.484965,0.0
H8T,30545.484965,0.0
H8V,30545.484965,0.0
H8W,30545.484965,0.0
H8Y,30545.484965,0.0
H9A,30545.484965,0.0
H9C,30545.484965,0.0
H9D,30545.484965,0.0
H9E,30545.484965,0.0
H9F,30545.484965,0.0
H9G,30545.484965,0.0
H9I,30545.484965,0.0
H9K,30545.484965,0.0
H9L,30545.484965,0.0
H9M,30545.484965,0.0
H9N,30545.484965,0.0
H9P,30545.484965,0.0
H9Q,30545.484965,0.0
H9R,30545.484965,0.0
H9S,30545.484965,0.0
H9T,30545.484965,0.0
H9V,30545.484965,0.0
H9W,30545.484965,0.0
H9Y,30545.484965,0.0
I105A,30193.645501,-351.8394640000006
I105C,30193.645501,-351.8394640000006
I105D,30193.645501,-351.8394640000006
I105E,30193.645501,-351.8394640000006
I105F,30796.989983,251.50501799999984
I105G,30193.645501,-351.8394640000006
I105H,30193.645501,-351.8394640000006
I105K,30193.645501,-351.8394640000006
I105L,30193.645501,-351.8394640000006
I105M,30193.645501,-351.8394640000006
I105N,30193.645501,-351.8394640000006
I105P,30193.645501,-351.8394640000006
I105Q,30193.645501,-351.8394640000006
I105R,30193.645501,-351.8394640000006
I105S,30193.645501,-351.8394640000006
I105T,30193.645501,-351.8394640000006
I105V,30673.244161000002,127.7591960000027
I105W,30755.518414000002,210.0334490000023
I105Y,30553.511721000003,8.026756000002933
I163A,30513.043494,-32.44147099999827
I163C,30531.438143,-14.046822000000247
I163D,30269.565233,-275.9197319999985
I163E,30269.565233,-275.9197319999985
I163F,30548.495000000003,3.010035000002972
I163G,30524.414732,-21.070232999998552
I163H,30521.404696999998,-24.080268000001524
I163K,30509.364563000003,-36.12040199999683
I163L,30542.474933,-3.0100319999983185
I163M,30530.434799000002,-15.050165999997262
I163N,30527.424764,-18.060201000000234
I163P,30507.357875,-38.127089999998134
I163Q,30545.484965,0.0
I163R,30509.364563000003,-36.12040199999683
I163S,30517.391321000003,-28.093643999996857
I163T,30529.431454999998,-16.053510000001552
I163V,30535.451522000003,-10.033442999996623
I163W,30521.404696999998,-24.080268000001524
I163Y,30545.484965,0.0
I166A,30248.16055,-297.32441499999914
I166C,30250.501688,-294.98327699999936
I166D,30007.692323000003,-537.7926419999967
I166E,30007.692323000003,-537.7926419999967
I166F,30534.782623,-10.702342000000499
I166G,30247.491653,-297.9933119999987
I166H,30247.491653,-297.9933119999987
I166K,30007.692323000003,-537.7926419999967
I166L,30499.331117,-46.153847999998106
I166M,30248.495000000003,-296.989964999997
I166N,30247.491653,-297.9933119999987
I166P,30007.692323000003,-537.7926419999967
I166Q,30269.565233,-275.9197319999985
I166R,30007.692323000003,-537.7926419999967
I166S,30241.471586,-304.013379
I166T,30485.284295,-60.200669999998354
I166V,30339.464896999998,-206.02006800000163
I166W,30501.003360000002,-44.48160499999722
I166Y,30547.491656,2.006690999998682
I188A,30561.538481,16.053515999999945
I188C,30065.886305,-479.59865999999965
I188D,30065.886305,-479.59865999999965
I188E,30065.886305,-479.59865999999965
I188F,30547.491659,2.0066939999996976
I188G,30549.498347,4.013382000001002
I188H,30545.484965,0.0
I188K,30545.484965,0.0
I188L,30547.491659,2.0066939999996976
I188M,30545.484965,0.0
I188N,30549.498347,4.013382000001002
I188P,30065.886305,-479.59865999999965
I188Q,30547.491659,2.0066939999996976
I188R,30065.886305,-479.59865999999965
I188S,30545.484965,0.0
I188T,30547.491659,2.0066939999996976
I188V,30547.491659,2.0066939999996976
I188W,30547.491659,2.0066939999996976
I188Y,30547.491659,2.0066939999996976
I192A,30065.886305,-479.59865999999965
I192C,30065.886305,-479.59865999999965
I192D,30065.886305,-479.59865999999965
I192E,30065.886305,-479.59865999999965
I192F,30545.484965,0.0
I192G,30065.886305,-479.59865999999965
I192H,30065.886305,-479.59865999999965
I192K,30065.886305,-479.59865999999965
I192L,30065.886305,-479.59865999999965
I192M,30065.886305,-479.59865999999965
I192N,30065.886305,-479.59865999999965
I192P,30065.886305,-479.59865999999965
I192Q,30065.886305,-479.59865999999965
I192R,30065.886305,-479.59865999999965
I192S,30065.886305,-479.59865999999965
I192T,30065.886305,-479.59865999999965
I192V,30065.886305,-479.59865999999965
I192W,30065.886305,-479.59865999999965
I192Y,30547.491659,2.0066939999996976
I199A,29904.013393,-641.4715719999986
I199C,29904.013393,-641.4715719999986
I199D,29904.013393,-641.4715719999986
I199E,29904.013393,-641.4715719999986
I199F,30713.712388,168.22742300000027
I199G,29904.013393,-641.4715719999986
I199H,29904.013393,-641.4715719999986
I199K,29904.013393,-641.4715719999986
I199L,29904.013393,-641.4715719999986
I199M,29904.013393,-641.4715719999986
I199N,29904.013393,-641.4715719999986
I199P,29904.013393,-641.4715719999986
I199Q,29904.013393,-641.4715719999986
I199R,29904.013393,-641.4715719999986
I199S,29904.013393,-641.4715719999986
I199T,29904.013393,-641.4715719999986
I199V,29904.013393,-641.4715719999986
I199W,30580.936473,35.45150800000192
I199Y,30547.826101,2.3411359999990964
I224A,29826.086975,-719.3979900000013
I224C,29826.086975,-719.3979900000013
I224D,29826.086975,-719.3979900000013
I224E,29826.086975,-719.3979900000013
I224F,30628.428116000003,82.94315100000313
I224G,29826.086975,-719.3979900000013
I224H,29826.086975,-719.3979900000013
I224K,29826.086975,-719.3979900000013
I224L,30521.4047,-24.08026500000051
I224M,29826.086975,-719.3979900000013
I224N,29826.086975,-719.3979900000013
I224P,29826.086975,-719.3979900000013
I224Q,30545.484965,0.0
I224R,29826.086975,-719.3979900000013
I224S,29826.086975,-719.3979900000013
I224T,29826.086975,-719.3979900000013
I224V,30625.418075,79.93311000000176
I224W,30628.762565,83.27760000000126
I224Y,30527.424764000003,-18.060200999996596
I236A,30545.484965,0.0
I236C,30545.484965,0.0
I236D,30545.484965,0.0
I236E,30545.484965,0.0
I236F,30545.484965,0.0
I236G,30545.484965,0.0
I236H,30545.484965,0.0
I236K,30545.484965,0.0
I236L,30545.484965,0.0
I236M,30545.484965,0.0
I236N,30545.484965,0.0
I236P,30545.484965,0.0
I236Q,30545.484965,0.0
I236R,30545.484965,0.0
I236S,30545.484965,0.0
I236T,30545.484965,0.0
I236V,30545.484965,0.0
I236W,30545.484965,0.0
I236Y,30545.484965,0.0
I254A,30545.484965,0.0
I254C,30545.484965,0.0
I254D,30545.484965,0.0
I254E,30545.484965,0.0
I254F,30545.484965,0.0
I254G,30545.484965,0.0
I254H,30545.484965,0.0
I254K,30545.484965,0.0
I254L,30545.484965,0.0
I254M,30545.484965,0.0
I254N,30545.484965,0.0
I254P,30545.484965,0.0
I254Q,30545.484965,0.0
I254R,30545.484965,0.0
I254S,30545.484965,0.0
I254T,30545.484965,0.0
I254V,30545.484965,0.0
I254W,30545.484965,0.0
I254Y,30545.484965,0.0
I262A,30386.622083000002,-158.86288199999763
I262C,30290.635463,-254.84950200000094
I262D,30306.688973,-238.7959919999994
I262E,29827.090313,-718.394651999999
I262F,30405.351185,-140.13378000000012
I262G,29827.090313,-718.394651999999
I262H,29827.090313,-718.394651999999
I262K,29827.090313,-718.394651999999
I262L,30386.622083000002,-158.86288199999763
I262M,29827.090313,-718.394651999999
I262N,29827.090313,-718.394651999999
I262P,29827.090313,-718.394651999999
I262Q,30391.304362000003,-154.18060299999706
I262R,29827.090313,-718.394651999999
I262S,29827.090313,-718.394651999999
I262T,29827.090313,-718.394651999999
I262V,30386.622083000002,-158.86288199999763
I262W,29827.090313,-718.394651999999
I262Y,30628.762556,83.27759100000185
I284A,30087.290985,-458.19398
I284C,30087.290985,-458.19398
I284D,30087.290985,-458.19398
I284E,30087.290985,-458.19398
I284F,30537.123760000002,-8.361204999997426
I284G,30087.290985,-458.19398
I284H,30087.290985,-458.19398
I284K,30087.290985,-458.19398
I284L,30087.290985,-458.19398
I284M,30087.290985,-458.19398
I284N,30087.290985,-458.19398
I284P,30087.290985,-458.19398
I284Q,30087.290985,-458.19398
I284R,30087.290985,-458.19398
I284S,30087.290985,-458.19398
I284T,30087.290985,-458.19398
I284V,30087.290985,-458.19398
I284W,30087.290985,-458.19398
I284Y,30547.157205000003,1.6722400000035123
I28A,30565.55186,20.06689499999993
I28C,29346.488315000002,-1198.9966499999973
I28D,29346.488315000002,-1198.9966499999973
I28E,29346.488315000002,-1198.9966499999973
I28F,30545.484965,0.0
I28G,30550.5017,5.016735000001063
I28H,30545.484965,0.0
I28K,30535.451525,-10.033439999999246
I28L,30550.5017,5.016735000001063
I28M,30545.484965,0.0
I28N,30550.5017,5.016735000001063
I28P,29346.488315000002,-1198.9966499999973
I28Q,30545.484965,0.0
I28R,29346.488315000002,-1198.9966499999973
I28S,30515.38463,-30.100334999999177
I28T,30545.484965,0.0
I28V,30550.5017,5.016735000001063
I28W,30550.5017,5.016735000001063
I28Y,30550.5017,5.016735000001063
I309A,30360.200678,-185.28428699999859
I309C,30314.715733,-230.76923199999874
I309D,30314.715733,-230.76923199999874
I309E,29001.337808,-1544.1471569999994
I309F,30521.070247,-24.414717999999993
I309G,29928.428108,-617.0568569999996
I309H,29001.337808,-1544.1471569999994
I309K,29001.337808,-1544.1471569999994
I309L,30328.093658,-217.39130699999805
I309M,30365.886311000002,-179.59865399999762
I309N,30333.110383,-212.37458200000037
I309P,29001.337808,-1544.1471569999994
I309Q,30348.829446,-196.6555189999999
I309R,29001.337808,-1544.1471569999994
I309S,30360.200678,-185.28428699999859
I309T,30354.515062,-190.96990300000107
I309V,30329.765903,-215.71906200000012
I309W,30266.889648,-278.59531699999934
I309Y,30376.588643000003,-168.89632199999687
I32A,29346.488315000002,-1198.9966499999973
I32C,29346.488315000002,-1198.9966499999973
I32D,29346.488315000002,-1198.9966499999973
I32E,29346.488315000002,-1198.9966499999973
I32F,30530.434805,-15.050159999998868
I32G,29346.488315000002,-1198.9966499999973
I32H,29346.488315000002,-1198.9966499999973
I32K,29346.488315000002,-1198.9966499999973
I32L,29346.488315000002,-1198.9966499999973
I32M,29346.488315000002,-1198.9966499999973
I32N,29346.488315000002,-1198.9966499999973
I32P,29346.488315000002,-1198.9966499999973
I32Q,29346.488315000002,-1198.9966499999973
I32R,29346.488315000002,-1198.9966499999973
I32S,29346.488315000002,-1198.9966499999973
I32T,29346.488315000002,-1198.9966499999973
I32V,29346.488315000002,-1198.9966499999973
I32W,29346.488315000002,-1198.9966499999973
I32Y,30550.5017,5.016735000001063
I419A,30618.394662,72.90969699999914
I419C,30521.404696999998,-24.080268000001524
I419D,30525.418072999997,-20.066892000002554
I419E,30519.398003,-26.086962000001222
I419F,30727.090313,181.60534800000096
I419G,30485.284295,-60.200669999998354
I419H,30001.672253,-543.812711999999
I419K,30001.672253,-543.812711999999
I419L,30622.408037999998,76.92307299999811
I419M,30598.32777,52.842805000000226
I419N,30582.274260000002,36.78929500000231
I419P,30001.672253,-543.812711999999
I419Q,30622.74249,77.2575250000009
I419R,30001.672253,-543.812711999999
I419S,30576.254195999998,30.7692309999984
I419T,30499.331116999998,-46.153848000001744
I419V,30698.996669,153.51170400000046
I419W,30567.892990999997,22.408025999997335
I419Y,30624.414726,78.92976099999942
I439A,30552.508374,7.023409000001266
I439C,30545.484968,3.0000010156072676e-06
I439D,30524.41473,-21.07023499999923
I439E,30547.491651,2.0066860000006272
I439F,30564.548508,19.06354300000021
I439G,30524.41473,-21.07023499999923
I439H,29983.612055,-561.8729099999982
I439K,29983.612055,-561.8729099999982
I439L,30562.87627,17.39130500000101
I439M,30545.81941,0.33444500000041444
I439N,30556.521757,11.036791999998968
I439P,30369.89968,-175.58528500000102
I439Q,30529.431452,-16.05351299999893
I439R,29983.612055,-561.8729099999982
I439S,30548.160552999998,2.6755879999982426
I439T,30593.979946,48.494980999999825
I439V,30600.668911,55.183946000001015
I439W,30616.72242,71.23745499999859
I439Y,30570.23413,24.749165000001085
I440A,30590.635469999997,45.15050499999779
I440C,30551.505036,6.020070999999007
I440D,30310.702359,-234.78260600000067
I440E,30551.505036,6.020070999999007
I440F,30586.622087,41.13712200000009
I440G,30548.494994999997,3.0100299999976414
I440H,29983.612055,-561.8729099999982
I440K,29983.612055,-561.8729099999982
I440L,30552.842824,7.357858999999735
I440M,30599.665566,54.180601000000024
I440N,30546.488309,1.0033440000006522
I440P,30292.642154999998,-252.84281000000192
I440Q,30550.501686,5.016720999999961
I440R,29983.612055,-561.8729099999982
I440S,30569.565228,24.08026299999983
I440T,30557.5251,12.040134999999282
I440V,30590.635467,45.150502000000415
I440W,30593.979947,48.494982000000164
I440Y,30564.548509,19.063544000000547
I477A,30558.862891,13.377926000001025
I477C,30544.816068999997,-0.6688960000028601
I477D,30157.859544,-387.62542100000064
I477E,30157.859544,-387.62542100000064
I477F,30548.160547,2.6755819999998494
I477G,30542.809375,-2.6755899999989197
I477H,30536.45486,-9.030104999998002
I477K,30536.45486,-9.030104999998002
I477L,30546.153861,0.6688959999992221
I477M,30566.889643,21.404677999998967
I477N,30556.187303,10.702337999999145
I477P,30631.103689,85.61872399999993
I477Q,30544.816068999997,-0.6688960000028601
I477R,30536.45486,-9.030104999998002
I477S,30546.822756999998,1.3377919999984442
I477T,30544.816068999997,-0.6688960000028601
I477V,30574.916401,29.43143599999894
I477W,30558.862887,13.377921999999671
I477Y,30552.173927,6.688962000000174
I485A,30545.484965,0.0
I485C,30545.484965,0.0
I485D,30545.484965,0.0
I485E,30545.484965,0.0
I485F,30545.484965,0.0
I485G,30545.484965,0.0
I485H,30545.484965,0.0
I485K,30545.484965,0.0
I485L,30545.484965,0.0
I485M,30545.484965,0.0
I485N,30545.484965,0.0
I485P,30545.484965,0.0
I485Q,30545.484965,0.0
I485R,30545.484965,0.0
I485S,30545.484965,0.0
I485T,30545.484965,0.0
I485V,30545.484965,0.0
I485W,30545.484965,0.0
I485Y,30545.484965,0.0
I498A,30694.648845,149.16388000000006
I498C,30102.34115,-443.14381499999945
I498D,30102.34115,-443.14381499999945
I498E,30102.34115,-443.14381499999945
I498F,30538.796,-6.68896500000119
I498G,30102.34115,-443.14381499999945
I498H,30503.678944999996,-41.80602000000363
I498K,30502.006699999998,-43.47826500000156
I498L,30540.46824,-5.0167250000013155
I498M,30488.628775,-56.856189999998605
I498N,30538.796,-6.68896500000119
I498P,30102.34115,-443.14381499999945
I498Q,30102.34115,-443.14381499999945
I498R,30102.34115,-443.14381499999945
I498S,30502.006699999998,-43.47826500000156
I498T,30517.05687,-28.428094999999303
I498V,30503.678944999996,-41.80602000000363
I498W,30562.20737,16.722405000000435
I498Y,30552.173925,6.688959999999497
I514A,30148.829449,-396.6555159999989
I514C,30148.829449,-396.6555159999989
I514D,30148.829449,-396.6555159999989
I514E,30148.829449,-396.6555159999989
I514F,30541.471588999997,-4.013376000002609
I514G,30148.829449,-396.6555159999989
I514H,30148.829449,-396.6555159999989
I514K,30148.829449,-396.6555159999989
I514L,30148.829449,-396.6555159999989
I514M,30148.829449,-396.6555159999989
I514N,30148.829449,-396.6555159999989
I514P,30148.829449,-396.6555159999989
I514Q,30148.829449,-396.6555159999989
I514R,30148.829449,-396.6555159999989
I514S,30148.829449,-396.6555159999989
I514T,30148.829449,-396.6555159999989
I514V,30148.829449,-396.6555159999989
I514W,30646.488312999998,101.00334799999837
I514Y,30547.491659,2.0066939999996976
I521A,30289.966571,-255.5183939999988
I521C,30207.692317999998,-337.79264700000203
I521D,30209.699012,-335.7859529999987
I521E,30207.692317999998,-337.79264700000203
I521F,30574.247502,28.7625369999987
I521G,29728.093657999998,-817.3913070000017
I521H,29728.093657999998,-817.3913070000017
I521K,29728.093657999998,-817.3913070000017
I521L,30292.307707,-253.1772579999997
I521M,30268.896333,-276.58863199999905
I521N,29728.093657999998,-817.3913070000017
I521P,29728.093657999998,-817.3913070000017
I521Q,30308.695666,-236.78929900000003
I521R,29728.093657999998,-817.3913070000017
I521S,29728.093657999998,-817.3913070000017
I521T,29728.093657999998,-817.3913070000017
I521V,30289.966571,-255.5183939999988
I521W,30524.749173,-20.735791999999492
I521Y,30535.785967,-9.698997999999847
I54A,30545.484965,0.0
I54C,30545.484965,0.0
I54D,30545.484965,0.0
I54E,30545.484965,0.0
I54F,30545.484965,0.0
I54G,30545.484965,0.0
I54H,30545.484965,0.0
I54K,30545.484965,0.0
I54L,30545.484965,0.0
I54M,30545.484965,0.0
I54N,30545.484965,0.0
I54P,30545.484965,0.0
I54Q,30545.484965,0.0
I54R,30545.484965,0.0
I54S,30545.484965,0.0
I54T,30545.484965,0.0
I54V,30545.484965,0.0
I54W,30545.484965,0.0
I54Y,30545.484965,0.0
I550A,30537.458206,-8.026759000000311
I550C,30530.434794999997,-15.050170000002254
I550D,30292.642152999997,-252.8428120000026
I550E,30532.441483,-13.04348200000095
I550F,30542.47493,-3.010034999999334
I550G,30539.464894,-6.020070999999007
I550H,30558.193993999997,12.709028999997827
I550K,30551.50503,6.0200650000006135
I550L,30543.812723,-1.6722420000005513
I550M,30536.78931,-8.695654999999533
I550N,30542.14048,-3.344485000001441
I550P,30539.464894,-6.020070999999007
I550Q,30532.107036999998,-13.377928000001702
I550R,30527.424762,-18.06020300000091
I550S,30533.110380000002,-12.37458499999775
I550T,30562.20737,16.722405000000435
I550V,30559.197338,13.712373000002117
I550W,30569.56523,24.08026500000051
I550Y,30549.163894,3.678929000001517
I569A,30545.484965,0.0
I569C,30545.484965,0.0
I569D,30545.484965,0.0
I569E,30545.484965,0.0
I569F,30545.484965,0.0
I569G,30545.484965,0.0
I569H,30545.484965,0.0
I569K,30545.484965,0.0
I569L,30545.484965,0.0
I569M,30545.484965,0.0
I569N,30545.484965,0.0
I569P,30545.484965,0.0
I569Q,30545.484965,0.0
I569R,30545.484965,0.0
I569S,30545.484965,0.0
I569T,30545.484965,0.0
I569V,30545.484965,0.0
I569W,30545.484965,0.0
I569Y,30545.484965,0.0
I583A,30529.431455,-16.053509999997914
I583C,30533.444831,-12.040133999998943
I583D,30047.826101,-497.6588640000009
I583E,30531.438143,-14.046822000000247
I583F,30587.625431,42.14046600000074
I583G,30527.424761,-18.06020400000125
I583H,30047.826101,-497.6588640000009
I583K,30047.826101,-497.6588640000009
I583L,30557.525099,12.040133999998943
I583M,30511.371251,-34.11371399999916
I583N,30543.478277,-2.0066880000013043
I583P,30047.826101,-497.6588640000009
I583Q,30561.538474999998,16.053509999997914
I583R,30047.826101,-497.6588640000009
I583S,30537.458207,-8.026757999999973
I583T,30047.826101,-497.6588640000009
I583V,30587.625431,42.14046600000074
I583W,30597.658876999998,52.17391199999838
I583Y,30557.525099,12.040133999998943
I585A,30047.826101,-497.6588640000009
I585C,30047.826101,-497.6588640000009
I585D,30047.826101,-497.6588640000009
I585E,30047.826101,-497.6588640000009
I585F,30533.444831,-12.040133999998943
I585G,30047.826101,-497.6588640000009
I585H,30047.826101,-497.6588640000009
I585K,30047.826101,-497.6588640000009
I585L,30047.826101,-497.6588640000009
I585M,30047.826101,-497.6588640000009
I585N,30047.826101,-497.6588640000009
I585P,30047.826101,-497.6588640000009
I585Q,30047.826101,-497.6588640000009
I585R,30047.826101,-497.6588640000009
I585S,30047.826101,-497.6588640000009
I585T,30047.826101,-497.6588640000009
I585V,30047.826101,-497.6588640000009
I585W,30047.826101,-497.6588640000009
I585Y,30563.545163,18.060197999999218
I591A,29935.451517,-610.0334479999983
I591C,29935.451517,-610.0334479999983
I591D,29935.451517,-610.0334479999983
I591E,29935.451517,-610.0334479999983
I591F,30364.214059,-181.27090599999792
I591G,29935.451517,-610.0334479999983
I591H,29935.451517,-610.0334479999983
I591K,29935.451517,-610.0334479999983
I591L,30350.167236999998,-195.3177280000018
I591M,29935.451517,-610.0334479999983
I591N,29935.451517,-610.0334479999983
I591P,29935.451517,-610.0334479999983
I591Q,29935.451517,-610.0334479999983
I591R,29935.451517,-610.0334479999983
I591S,30350.167236999998,-195.3177280000018
I591T,30350.167236999998,-195.3177280000018
I591V,29935.451517,-610.0334479999983
I591W,30491.973253,-53.511711999999534
I591Y,30550.836133,5.351168000001053
I597A,30442.809381,-102.67558400000053
I597C,30458.862891,-86.62207399999897
I597D,29979.264231,-566.2207339999986
I597E,30454.849514999998,-90.63545000000158
I597F,30587.625437,42.140471999999136
I597G,29979.264231,-566.2207339999986
I597H,29979.264231,-566.2207339999986
I597K,29979.264231,-566.2207339999986
I597L,30460.869585,-84.61537999999928
I597M,29979.264231,-566.2207339999986
I597N,30458.862891,-86.62207399999897
I597P,29979.264231,-566.2207339999986
I597Q,30460.869585,-84.61537999999928
I597R,29979.264231,-566.2207339999986
I597S,30458.862891,-86.62207399999897
I597T,29979.264231,-566.2207339999986
I597V,30501.003363,-44.48160199999984
I597W,30503.010051,-42.474913999998535
I597Y,30547.491659,2.0066939999996976
I613A,30545.484965,0.0
I613C,30545.484965,0.0
I613D,30545.484965,0.0
I613E,30545.484965,0.0
I613F,30545.484965,0.0
I613G,30545.484965,0.0
I613H,30545.484965,0.0
I613K,30545.484965,0.0
I613L,30545.484965,0.0
I613M,30545.484965,0.0
I613N,30545.484965,0.0
I613P,30545.484965,0.0
I613Q,30545.484965,0.0
I613R,30545.484965,0.0
I613S,30545.484965,0.0
I613T,30545.484965,0.0
I613V,30545.484965,0.0
I613W,30545.484965,0.0
I613Y,30545.484965,0.0
I658A,29506.020077,-1039.4648879999986
I658C,29506.020077,-1039.4648879999986
I658D,29506.020077,-1039.4648879999986
I658E,29506.020077,-1039.4648879999986
I658F,30529.431449,-16.053515999999945
I658G,29506.020077,-1039.4648879999986
I658H,29506.020077,-1039.4648879999986
I658K,29506.020077,-1039.4648879999986
I658L,29506.020077,-1039.4648879999986
I658M,29506.020077,-1039.4648879999986
I658N,29506.020077,-1039.4648879999986
I658P,29506.020077,-1039.4648879999986
I658Q,29506.020077,-1039.4648879999986
I658R,29506.020077,-1039.4648879999986
I658S,29506.020077,-1039.4648879999986
I658T,29506.020077,-1039.4648879999986
I658V,29506.020077,-1039.4648879999986
I658W,29985.618737,-559.866227999999
I658Y,30029.765897,-515.7190679999985
I80A,30021.739145,-523.7458200000001
I80C,30021.739145,-523.7458200000001
I80D,30021.739145,-523.7458200000001
I80E,30021.739145,-523.7458200000001
I80F,30543.478277000002,-2.0066879999976663
I80G,30021.739145,-523.7458200000001
I80H,30021.739145,-523.7458200000001
I80K,30021.739145,-523.7458200000001
I80L,30021.739145,-523.7458200000001
I80M,30021.739145,-523.7458200000001
I80N,30021.739145,-523.7458200000001
I80P,30021.739145,-523.7458200000001
I80Q,30021.739145,-523.7458200000001
I80R,30021.739145,-523.7458200000001
I80S,30021.739145,-523.7458200000001
I80T,30021.739145,-523.7458200000001
I80V,30021.739145,-523.7458200000001
I80W,30583.612058000002,38.12709300000279
I80Y,30551.505029,6.020064000000275
K135A,30508.026772,-37.45819299999857
K135C,30460.869583,-84.61538199999995
K135D,29809.699013,-735.7859519999984
K135E,30448.829451,-96.65551399999822
K135F,30511.371256000002,-34.11370899999747
K135G,30483.612055,-61.87290999999823
K135H,30504.682288,-40.802676999999676
K135I,30493.645501,-51.83946400000059
K135L,30505.016739000002,-40.46822599999723
K135M,30491.97326,-53.5117050000008
K135N,30508.361220000003,-37.12374499999714
K135P,30503.678945,-41.80601999999999
K135Q,30494.648843000003,-50.836121999996976
K135R,30527.090315,-18.394649999998364
K135S,30485.953193,-59.531771999998455
K135T,30488.628775,-56.856189999998605
K135V,30510.702357000002,-34.78260799999771
K135W,30515.384632,-30.1003329999985
K135Y,30507.023427,-38.461537999999564
K246A,30545.484965,0.0
K246C,30545.484965,0.0
K246D,30545.484965,0.0
K246E,30545.484965,0.0
K246F,31067.224097,521.7391319999988
K246G,30545.484965,0.0
K246H,30545.484965,0.0
K246I,31069.230785,523.7458200000001
K246L,30545.484965,0.0
K246M,30545.484965,0.0
K246N,30545.484965,0.0
K246P,30545.484965,0.0
K246Q,30545.484965,0.0
K246R,30545.484965,0.0
K246S,30545.484965,0.0
K246T,30545.484965,0.0
K246V,30545.484965,0.0
K246W,31187.625437000002,642.1404720000028
K246Y,31075.250849,529.7658840000004
K271A,30545.484965,0.0
K271C,30545.484965,0.0
K271D,30545.484965,0.0
K271E,30545.484965,0.0
K271F,30777.25754,231.77257499999905
K271G,30545.484965,0.0
K271H,30545.484965,0.0
K271I,30545.484965,0.0
K271L,30545.484965,0.0
K271M,30545.484965,0.0
K271N,30545.484965,0.0
K271P,30545.484965,0.0
K271Q,30545.484965,0.0
K271R,30545.484965,0.0
K271S,30545.484965,0.0
K271T,30545.484965,0.0
K271V,30777.25754,231.77257499999905
K271W,30783.277607,237.79264200000034
K271Y,30545.484965,0.0
K272A,30565.551857,20.066891999998916
K272C,30513.377939,-32.10702599999786
K272D,29995.652189,-549.8327759999993
K272E,29995.652189,-549.8327759999993
K272F,30888.628776999998,343.14381199999843
K272G,30553.511723000003,8.02675800000361
K272H,30547.491653,2.0066880000013043
K272I,30893.979949,348.49498400000084
K272L,30549.498341,4.013375999998971
K272M,30547.491653,2.0066880000013043
K272N,30553.511723000003,8.02675800000361
K272P,30483.277607,-62.20735799999966
K272Q,30547.491653,2.0066880000013043
K272R,30521.404697,-24.080267999997886
K272S,30541.471589,-4.013375999998971
K272T,30547.491653,2.0066880000013043
K272V,30549.498341,4.013375999998971
K272W,30869.230781,323.74581599999874
K272Y,30900.668909,355.18394400000034
K320A,30477.257543,-68.22742199999993
K320C,30461.872924000003,-83.61204099999668
K320D,30453.846169,-91.63879599999927
K320E,30545.484965,0.0
K320F,30566.555199000002,21.07023400000253
K320G,30459.197339,-86.28762600000118
K320H,30476.92309,-68.56187499999942
K320I,30565.551854,20.066889000001538
K320L,30510.702358000002,-34.78260699999737
K320M,30477.591991,-67.8929739999985
K320N,30495.317741,-50.167224000000715
K320P,30545.484965,0.0
K320Q,30461.872924000003,-83.61204099999668
K320R,30545.484965,0.0
K320S,30503.678944,-41.80602100000033
K320T,30512.040149,-33.444815999999264
K320V,30483.277607,-62.20735799999966
K320W,30539.464899,-6.020066000000952
K320Y,30567.892991,22.408026000000973
K330A,30561.538481,16.053515999999945
K330C,30065.886305,-479.59865999999965
K330D,30529.431455,-16.053509999997914
K330E,30529.431455,-16.053509999997914
K330F,30710.033465,164.5485000000008
K330G,30549.498346999997,4.013381999997364
K330H,30545.484965,0.0
K330I,30705.685634,160.20066900000165
K330L,30702.006709,156.5217440000015
K330M,30545.484965,0.0
K330N,30549.498346999997,4.013381999997364
K330P,30065.886305,-479.59865999999965
K330Q,30703.678945,158.19398
K330R,30065.886305,-479.59865999999965
K330S,30545.484965,0.0
K330T,30547.491659,2.0066939999996976
K330V,30712.040153,166.5551880000021
K330W,30717.391325000004,171.9063600000045
K330Y,30704.013398,158.5284329999995
K339A,31013.043491,467.5585260000007
K339C,30545.484965,0.0
K339D,31013.043491,467.5585260000007
K339E,30545.484965,0.0
K339F,31198.996672999998,653.5117079999982
K339G,30545.484965,0.0
K339H,30545.484965,0.0
K339I,31203.010052,657.5250870000018
K339L,31184.949845,639.4648799999995
K339M,30545.484965,0.0
K339N,30545.484965,0.0
K339P,30545.484965,0.0
K339Q,31027.090319,481.60535399999935
K339R,30545.484965,0.0
K339S,30545.484965,0.0
K339T,31184.949845,639.4648799999995
K339V,31009.030114999998,463.5451499999981
K339W,31160.86958,615.384614999999
K339Y,31206.020081,660.5351159999991
K348A,30558.862893,13.377928000001702
K348C,30510.702357,-34.782608000001346
K348D,30537.458213,-8.026751999997941
K348E,30532.107036999998,-13.377928000001702
K348F,30553.511725,8.02676000000065
K348G,30558.862893,13.377928000001702
K348H,30553.511725,8.02676000000065
K348I,30550.836141,5.351176000000123
K348L,30556.187308999997,10.702343999997538
K348M,30553.511725,8.02676000000065
K348N,30558.862893,13.377928000001702
K348P,30481.270916999998,-64.21404800000164
K348Q,30553.511725,8.02676000000065
K348R,30524.080285,-21.404679999999644
K348S,30545.484965,0.0
K348T,30553.511725,8.02676000000065
K348V,30556.187308999997,10.702343999997538
K348W,30556.187308999997,10.702343999997538
K348Y,30558.862893,13.377928000001702
K364A,30439.130453,-106.35451199999807
K364C,30437.123759,-108.3612060000014
K364D,30437.123759,-108.3612060000014
K364E,30421.070249,-124.41471599999932
K364F,30508.361219,-37.12374600000112
K364G,30421.070249,-124.41471599999932
K364H,30545.484965,0.0
K364I,30512.374599,-33.110366000000795
K364L,30439.130453,-106.35451199999807
K364M,30441.137141,-104.3478240000004
K364N,30457.190651,-88.29431399999885
K364P,30545.484965,0.0
K364Q,30437.123759,-108.3612060000014
K364R,30545.484965,0.0
K364S,30437.123759,-108.3612060000014
K364T,30438.796004,-106.68896099999984
K364V,30445.150517,-100.33444800000143
K364W,30476.254193999997,-69.23077100000228
K364Y,30519.732456,-25.7525089999981
K365A,30582.943162,37.45819699999993
K365C,30671.906372,126.42140700000164
K365D,30545.484965,0.0
K365E,30540.802693,-4.682271999998193
K365F,30506.020088,-39.46487699999852
K365G,30561.872924,16.387958999999682
K365H,30547.826107999997,2.341142999997828
K365I,30505.016744,-40.468220999999176
K365L,30552.50838,7.023414999999659
K365M,30547.826107999997,2.341142999997828
K365N,30460.535137,-84.94982800000071
K365P,29985.953195,-559.5317700000014
K365Q,30550.167244,4.6822790000005625
K365R,30428.762559,-116.72240600000077
K365S,30545.484965,0.0
K365T,30550.167244,4.6822790000005625
K365V,30552.50838,7.023414999999659
K365W,30481.605371999998,-63.87959300000148
K365Y,30518.394664,-27.09030100000018
K389A,30545.484965,0.0
K389C,30545.484965,0.0
K389D,30465.217406,-80.26755899999989
K389E,30465.217406,-80.26755899999989
K389F,30545.484965,0.0
K389G,30545.484965,0.0
K389H,30545.484965,0.0
K389I,30545.484965,0.0
K389L,30545.484965,0.0
K389M,30545.484965,0.0
K389N,30545.484965,0.0
K389P,30545.484965,0.0
K389Q,30545.484965,0.0
K389R,30545.484965,0.0
K389S,30545.484965,0.0
K389T,30545.484965,0.0
K389V,30545.484965,0.0
K389W,30545.484965,0.0
K389Y,30545.484965,0.0
K393A,30545.484965,0.0
K393C,30545.484965,0.0
K393D,30545.484965,0.0
K393E,31027.090319,481.60535399999935
K393F,31027.090319,481.60535399999935
K393G,30545.484965,0.0
K393H,30545.484965,0.0
K393I,31027.090319,481.60535399999935
K393L,31027.090319,481.60535399999935
K393M,30545.484965,0.0
K393N,30545.484965,0.0
K393P,30545.484965,0.0
K393Q,30545.484965,0.0
K393R,30545.484965,0.0
K393S,31027.090319,481.60535399999935
K393T,31027.090319,481.60535399999935
K393V,30545.484965,0.0
K393W,31348.160555,802.6755899999989
K393Y,31027.090319,481.60535399999935
K416A,30894.314397,348.82943199999863
K416C,30885.284295,339.79933000000165
K416D,30894.314397,348.82943199999863
K416E,30882.274263,336.7892979999997
K416F,30880.267572,334.782607000001
K416G,30878.260884,332.7759189999997
K416H,30638.461553999998,92.97658899999806
K416I,30881.270919,335.78595399999904
K416L,30899.33112,353.84615499999927
K416M,30879.264230999997,333.77926599999773
K416N,30878.260884,332.7759189999997
K416P,30638.461553999998,92.97658899999806
K416Q,30900.334464,354.8494989999999
K416R,30638.461553999998,92.97658899999806
K416S,30878.260884,332.7759189999997
K416T,30879.264230999997,333.77926599999773
K416V,30894.314397,348.82943199999863
K416W,30839.130447,293.6454819999999
K416Y,30882.274263,336.7892979999997
K418A,30907.35787,361.8729050000002
K418C,30691.638809,146.1538440000004
K418D,30711.371248,165.88628299999982
K418E,30707.357871,161.8729060000005
K418F,30898.996668,353.5117030000001
K418G,30726.755865,181.27089999999953
K418H,30726.755865,181.27089999999953
K418I,30903.344494,357.8595290000012
K418L,30893.645497,348.1605320000017
K418M,30728.093657,182.6086920000016
K418N,30888.963223,343.4782579999992
K418P,30578.260884,32.7759189999997
K418Q,30812.040145,266.5551799999994
K418R,30618.394662,72.90969699999914
K418S,30714.381282,168.89631699999882
K418T,30887.290981,341.80601599999864
K418V,30814.381283,268.89631799999916
K418W,30897.658874999997,352.1739099999977
K418Y,30896.989978,351.5050130000018
K508A,30535.785966,-9.698999000000185
K508C,30575.919747,30.43478200000027
K508D,29964.882956999998,-580.6020080000017
K508E,29964.882956999998,-580.6020080000017
K508F,30544.816068,-0.6688969999995606
K508G,30573.578611,28.093646000001172
K508H,30526.755869999997,-18.729095000002417
K508I,30561.872925,16.38796000000002
K508L,30538.127106,-7.357858999999735
K508M,30606.354529,60.86956400000054
K508N,30550.16724,4.682274999999208
K508P,30448.494999,-96.989966000001
K508Q,30578.260883,32.775917999999365
K508R,30531.438142,-14.046823000000586
K508S,30534.782625,-10.702339999999822
K508T,30520.735799,-24.749166000001424
K508V,30608.695665,63.21069999999963
K508W,30575.585301,30.100335999999515
K508Y,30569.565231999997,24.080266999997548
K52A,31009.030115,463.54515000000174
K52C,31025.083625,479.59865999999965
K52D,30545.484965,0.0
K52E,30545.484965,0.0
K52F,31339.799349,794.3143840000012
K52G,30545.484965,0.0
K52H,30545.484965,0.0
K52I,31295.652187,750.167222
K52L,31265.551853,720.0668880000012
K52M,30545.484965,0.0
K52N,31025.083625,479.59865999999965
K52P,30545.484965,0.0
K52Q,31107.357878000003,561.8729130000029
K52R,30545.484965,0.0
K52S,31184.949845000003,639.4648800000032
K52T,31187.625437000002,642.1404720000028
K52V,31065.217409,519.7324440000011
K52W,31245.819413,700.3344480000014
K52Y,31297.658875,752.1739100000013
K568A,30877.257541,331.7725759999994
K568C,30877.257541,331.7725759999994
K568D,30877.257541,331.7725759999994
K568E,30877.257541,331.7725759999994
K568F,31209.030117,663.5451519999988
K568G,30877.257541,331.7725759999994
K568H,30545.484965,0.0
K568I,31209.030117,663.5451519999988
K568L,31209.030117,663.5451519999988
K568M,30877.257541,331.7725759999994
K568N,31209.030117,663.5451519999988
K568P,30877.257541,331.7725759999994
K568Q,30877.257541,331.7725759999994
K568R,30545.484965,0.0
K568S,30877.257541,331.7725759999994
K568T,30877.257541,331.7725759999994
K568V,30877.257541,331.7725759999994
K568W,31209.030117,663.5451519999988
K568Y,31209.030117,663.5451519999988
K578A,30545.484965,0.0
K578C,30545.484965,0.0
K578D,30545.484965,0.0
K578E,30545.484965,0.0
K578F,31193.979945,648.4949799999995
K578G,30545.484965,0.0
K578H,30545.484965,0.0
K578I,31205.685631999997,660.2006669999973
K578L,31105.016735,559.5317700000014
K578M,30545.484965,0.0
K578N,30545.484965,0.0
K578P,30545.484965,0.0
K578Q,30545.484965,0.0
K578R,30545.484965,0.0
K578S,31105.016735,559.5317700000014
K578T,31107.357878,561.8729129999992
K578V,30545.484965,0.0
K578W,31156.521754999998,611.0367899999983
K578Y,31217.391319,671.9063539999988
K58A,30785.284295,239.79933000000165
K58C,30545.484965,0.0
K58D,30545.484965,0.0
K58E,30545.484965,0.0
K58F,30790.301018000002,244.81605300000228
K58G,30545.484965,0.0
K58H,30545.484965,0.0
K58I,30786.287642000003,240.8026770000033
K58L,30785.284295,239.79933000000165
K58M,30545.484965,0.0
K58N,30545.484965,0.0
K58P,30545.484965,0.0
K58Q,30786.287642000003,240.8026770000033
K58R,30545.484965,0.0
K58S,30545.484965,0.0
K58T,30545.484965,0.0
K58V,30783.277607,237.79264200000034
K58W,30545.484965,0.0
K58Y,30786.287642000003,240.8026770000033
K593A,30556.187305,10.702339999999822
K593C,30534.113727,-11.371237999999721
K593D,30546.153861,0.6688959999992221
K593E,30546.153861,0.6688959999992221
K593F,30535.451517,-10.033447999998316
K593G,30555.518409,10.0334440000006
K593H,30372.240817,-173.24414799999795
K593I,30548.829445,3.3444799999997485
K593L,30553.511721,8.026755999999295
K593M,30549.498343,4.013377999999648
K593N,30508.695664,-36.789301000000705
K593P,30532.107036999998,-13.377928000001702
K593Q,30550.167239,4.68227399999887
K593R,30372.240817,-173.24414799999795
K593S,30546.822756999998,1.3377919999984442
K593T,30551.505031,6.020066000000952
K593V,30540.802689,-4.682275999999547
K593W,30527.424763,-18.060202000000572
K593Y,30556.856201,11.371235999999044
K73A,30545.484965,0.0
K73C,30545.484965,0.0
K73D,30465.217406,-80.26755899999989
K73E,30465.217406,-80.26755899999989
K73F,30545.484965,0.0
K73G,30545.484965,0.0
K73H,30545.484965,0.0
K73I,30545.484965,0.0
K73L,30545.484965,0.0
K73M,30545.484965,0.0
K73N,30545.484965,0.0
K73P,30545.484965,0.0
K73Q,30545.484965,0.0
K73R,30545.484965,0.0
K73S,30545.484965,0.0
K73T,30545.484965,0.0
K73V,30545.484965,0.0
K73W,30545.484965,0.0
K73Y,30545.484965,0.0
K83A,31767.558545,1222.0735800000002
K83C,31767.558545,1222.0735800000002
K83D,30545.484965,0.0
K83E,30545.484965,0.0
K83F,31617.05687,1071.5719050000007
K83G,30545.484965,0.0
K83H,30545.484965,0.0
K83I,31596.989980000002,1051.5050150000025
K83L,31767.558545,1222.0735800000002
K83M,30545.484965,0.0
K83N,31767.558545,1222.0735800000002
K83P,30545.484965,0.0
K83Q,31767.558545,1222.0735800000002
K83R,30545.484965,0.0
K83S,31767.558545,1222.0735800000002
K83T,31767.558545,1222.0735800000002
K83V,31617.05687,1071.5719050000007
K83W,31639.799345,1094.3143799999998
K83Y,31599.665565000003,1054.1806000000033
L112A,30517.725763000002,-27.759201999997458
L112C,30555.183953,9.6989880000001
L112D,29084.280949,-1461.2040159999997
L112E,29084.280949,-1461.2040159999997
L112F,30570.568569000003,25.083604000003106
L112G,29084.280949,-1461.2040159999997
L112H,29084.280949,-1461.2040159999997
L112I,30573.578602,28.093637000001763
L112K,29084.280949,-1461.2040159999997
L112M,29919.732455,-625.7525099999984
L112N,30518.394659,-27.090305999998236
L112P,29084.280949,-1461.2040159999997
L112Q,30555.183953,9.6989880000001
L112R,29084.280949,-1461.2040159999997
L112S,30653.511721000003,108.02675600000293
L112T,30051.839475,-493.645489999999
L112V,30549.832783,4.3478180000020075
L112W,30571.237466000002,25.752501000002667
L112Y,30573.913050000003,28.428085000003193
L149A,30545.484965,0.0
L149C,30545.484965,0.0
L149D,30545.484965,0.0
L149E,30545.484965,0.0
L149F,30545.484965,0.0
L149G,30545.484965,0.0
L149H,30545.484965,0.0
L149I,30545.484965,0.0
L149K,30545.484965,0.0
L149M,30545.484965,0.0
L149N,30545.484965,0.0
L149P,30545.484965,0.0
L149Q,30545.484965,0.0
L149R,30545.484965,0.0
L149S,30545.484965,0.0
L149T,30545.484965,0.0
L149V,30545.484965,0.0
L149W,30545.484965,0.0
L149Y,30545.484965,0.0
L14A,30545.484965,0.0
L14C,30545.484965,0.0
L14D,30545.484965,0.0
L14E,30545.484965,0.0
L14F,30545.484965,0.0
L14G,30545.484965,0.0
L14H,30545.484965,0.0
L14I,30545.484965,0.0
L14K,30545.484965,0.0
L14M,30545.484965,0.0
L14N,30545.484965,0.0
L14P,30545.484965,0.0
L14Q,30545.484965,0.0
L14R,30545.484965,0.0
L14S,30545.484965,0.0
L14T,30545.484965,0.0
L14V,30545.484965,0.0
L14W,30545.484965,0.0
L14Y,30545.484965,0.0
L181A,30545.484965,0.0
L181C,30545.484965,0.0
L181D,30545.484965,0.0
L181E,30545.484965,0.0
L181F,30545.484965,0.0
L181G,30545.484965,0.0
L181H,30545.484965,0.0
L181I,30545.484965,0.0
L181K,30545.484965,0.0
L181M,30545.484965,0.0
L181N,30545.484965,0.0
L181P,30545.484965,0.0
L181Q,30545.484965,0.0
L181R,30545.484965,0.0
L181S,30545.484965,0.0
L181T,30545.484965,0.0
L181V,30545.484965,0.0
L181W,30545.484965,0.0
L181Y,30545.484965,0.0
L190A,30529.431455,-16.053509999997914
L190C,30541.471589,-4.013375999998971
L190D,30065.886305,-479.59865999999965
L190E,30065.886305,-479.59865999999965
L190F,30585.618749,40.13378400000147
L190G,30065.886305,-479.59865999999965
L190H,30065.886305,-479.59865999999965
L190I,30545.484965,0.0
L190K,30065.886305,-479.59865999999965
L190M,30065.886305,-479.59865999999965
L190N,30545.484965,0.0
L190P,30065.886305,-479.59865999999965
L190Q,30547.491659,2.0066939999996976
L190R,30065.886305,-479.59865999999965
L190S,30545.484965,0.0
L190T,30065.886305,-479.59865999999965
L190V,30583.612055,38.12709000000177
L190W,30587.625437000002,42.140472000002774
L190Y,30545.484965,0.0
L207A,30566.889645000003,21.40468000000328
L207C,30542.80938,-2.675585000000865
L207D,30566.889645000003,21.40468000000328
L207E,30542.80938,-2.675585000000865
L207F,30674.24751,128.7625450000014
L207G,30473.578615,-71.90635000000111
L207H,29847.491655,-697.993309999998
L207I,30572.909718000003,27.424753000002966
L207K,29847.491655,-697.993309999998
L207M,29847.491655,-697.993309999998
L207N,30473.578615,-71.90635000000111
L207P,29847.491655,-697.993309999998
L207Q,30572.909718000003,27.424753000002966
L207R,29847.491655,-697.993309999998
L207S,29847.491655,-697.993309999998
L207T,29847.491655,-697.993309999998
L207V,30625.752524000003,80.26755900000353
L207W,30627.424765,81.9398000000001
L207Y,30777.591989,232.10702400000082
L226A,30289.632125,-255.85283999999956
L226C,29826.086975,-719.3979900000013
L226D,29826.086975,-719.3979900000013
L226E,29826.086975,-719.3979900000013
L226F,30616.387982,70.90301700000055
L226G,29826.086975,-719.3979900000013
L226H,29826.086975,-719.3979900000013
L226I,30632.775935,87.29097000000183
L226K,29826.086975,-719.3979900000013
L226M,29826.086975,-719.3979900000013
L226N,30530.434805,-15.050159999998868
L226P,29826.086975,-719.3979900000013
L226Q,29826.086975,-719.3979900000013
L226R,29826.086975,-719.3979900000013
L226S,29826.086975,-719.3979900000013
L226T,29826.086975,-719.3979900000013
L226V,30452.173935,-93.31103000000076
L226W,30626.755869,81.27090400000088
L226Y,30636.78932,91.30435500000021
L275A,30517.391321000003,-28.093643999996857
L275C,30471.237473,-74.2474919999986
L275D,29995.652189,-549.8327759999993
L275E,29995.652189,-549.8327759999993
L275F,30625.418074,79.93310900000142
L275G,29995.652189,-549.8327759999993
L275H,29995.652189,-549.8327759999993
L275I,30547.491653,2.0066880000013043
L275K,29995.652189,-549.8327759999993
L275M,30477.257543,-68.22742199999993
L275N,30537.458207000003,-8.026757999996335
L275P,29995.652189,-549.8327759999993
L275Q,30459.197339,-86.28762600000118
L275R,29995.652189,-549.8327759999993
L275S,30477.257543,-68.22742199999993
L275T,30517.391321000003,-28.093643999996857
L275V,30580.936469,35.45150400000057
L275W,30651.170584,105.68561899999986
L275Y,30547.491653,2.0066880000013043
L335A,30545.484965,0.0
L335C,30065.886305,-479.59865999999965
L335D,30065.886305,-479.59865999999965
L335E,30065.886305,-479.59865999999965
L335F,30547.491659,2.0066939999996976
L335G,30065.886305,-479.59865999999965
L335H,30065.886305,-479.59865999999965
L335I,30683.946505,138.46154000000024
L335K,30065.886305,-479.59865999999965
L335M,30545.484965,0.0
L335N,30549.498346999997,4.013381999997364
L335P,30065.886305,-479.59865999999965
L335Q,30529.431455,-16.053509999997914
L335R,30065.886305,-479.59865999999965
L335S,30541.471588999997,-4.013376000002609
L335T,30529.431455,-16.053509999997914
L335V,30547.491659,2.0066939999996976
L335W,30065.886305,-479.59865999999965
L335Y,30705.351185,159.86621999999988
L344A,30545.484965,0.0
L344C,30545.484965,0.0
L344D,30545.484965,0.0
L344E,30545.484965,0.0
L344F,30545.484965,0.0
L344G,30545.484965,0.0
L344H,30545.484965,0.0
L344I,30545.484965,0.0
L344K,30545.484965,0.0
L344M,30545.484965,0.0
L344N,30545.484965,0.0
L344P,30545.484965,0.0
L344Q,30545.484965,0.0
L344R,30545.484965,0.0
L344S,30545.484965,0.0
L344T,30545.484965,0.0
L344V,30545.484965,0.0
L344W,30545.484965,0.0
L344Y,30545.484965,0.0
L351A,30510.702357,-34.782608000001346
L351C,30457.190653,-88.29431199999817
L351D,30254.515065,-290.96990000000005
L351E,30409.364569,-136.12039599999844
L351F,30430.100349,-115.38461599999937
L351G,30254.515065,-290.96990000000005
L351H,29774.916405,-770.5685599999997
L351I,30553.511725,8.02676000000065
L351K,29774.916405,-770.5685599999997
L351M,30296.655537,-248.82942800000092
L351N,30449.163895,-96.32106999999814
L351P,30238.461554999998,-307.0234100000016
L351Q,30438.461557,-107.02340800000093
L351R,29774.916405,-770.5685599999997
L351S,30385.953195,-159.53177000000142
L351T,30326.755869,-218.72909599999912
L351V,30424.749178,-120.73578700000144
L351W,30352.508376,-192.97658899999806
L351Y,30553.511725,8.02676000000065
L360A,30542.474932,-3.010032999998657
L360C,30475.5853,-69.89966500000082
L360D,30323.076942,-222.40802299999996
L360E,30499.331115999998,-46.15384900000208
L360F,30437.458207,-108.02675799999997
L360G,30164.548511999998,-380.9364530000021
L360H,30156.521753999998,-388.96321100000205
L360I,30561.204028,15.71906300000046
L360K,29680.93647,-864.5484949999991
L360M,30494.314395999998,-51.170569000001706
L360N,30555.85286,10.367894999999407
L360P,30162.541824,-382.94314099999974
L360Q,30472.909716,-72.57524900000135
L360R,29680.93647,-864.5484949999991
L360S,30306.68898,-238.79598500000066
L360T,30521.404701,-24.08026400000017
L360V,30513.043492,-32.44147299999895
L360W,30458.193993999997,-87.29097100000217
L360Y,30561.872925,16.38796000000002
L420A,30525.418072999997,-20.066892000002554
L420C,30529.431449,-16.053515999999945
L420D,30479.264225,-66.22074000000066
L420E,30525.418072999997,-20.066892000002554
L420F,30571.571921,26.08695599999919
L420G,30515.384627,-30.100338000000193
L420H,30001.672253,-543.812711999999
L420I,30533.444831,-12.040133999998943
L420K,30001.672253,-543.812711999999
L420M,30497.324429,-48.16053599999941
L420N,30531.438137,-14.04682799999864
L420P,30001.672253,-543.812711999999
L420Q,30547.491653,2.0066880000013043
L420R,30001.672253,-543.812711999999
L420S,30529.431449,-16.053515999999945
L420T,30483.277607,-62.20735799999966
L420V,30571.571921,26.08695599999919
L420W,30659.531783,114.0468179999989
L420Y,30622.74249,77.2575250000009
L442A,30486.956538,-58.5284270000011
L442C,30560.869577999998,15.384612999998353
L442D,30161.204028,-384.28093699999954
L442E,30401.003357999998,-144.48160700000153
L442F,30630.100351999998,84.61538699999801
L442G,30476.923092,-68.56187299999874
L442H,30459.531788,-85.95317699999941
L442I,30633.110382,87.62541699999929
L442K,30459.531788,-85.95317699999941
L442M,30577.257537,31.772572000001674
L442N,30513.043494,-32.44147099999827
L442P,30551.170584,5.6856189999998605
L442Q,30563.210721,17.72575599999982
L442R,30459.531788,-85.95317699999941
L442S,30563.210721,17.72575599999982
L442T,30545.150517,-0.33444800000143005
L442V,30503.010048,-42.47491699999955
L442W,30596.321084,50.8361189999996
L442Y,30638.461550999997,92.97658599999704
L458A,30330.769248,-214.71571699999913
L458C,30500.668911,-44.816053999998985
L458D,30355.183972,-190.30099300000074
L458E,30493.979953,-51.50501200000144
L458F,30596.989987999998,51.50502299999789
L458G,30290.301024,-255.18394099999932
L458H,30413.377953,-132.1070120000004
L458I,30526.086977,-19.397988000000623
L458K,30375.250864999998,-170.2341000000015
L458M,30428.428111999998,-117.05685300000187
L458N,30298.32778,-247.15718500000003
L458P,30307.023428,-238.46153699999923
L458Q,30558.528452,13.043486999999004
L458R,30414.046852,-131.43811300000016
L458S,30508.69568,-36.78928499999893
L458T,30418.394675,-127.0902900000001
L458V,30589.966577,44.481611999999586
L458W,30606.354534000002,60.86956900000223
L458Y,30540.133793999998,-5.3511710000020685
L470A,30261.538478,-283.94648700000107
L470C,30261.538478,-283.94648700000107
L470D,30166.889649,-378.595315999999
L470E,30261.538478,-283.94648700000107
L470F,30461.204032999998,-84.28093200000148
L470G,30261.538478,-283.94648700000107
L470H,30261.538478,-283.94648700000107
L470I,30471.237472999997,-74.24749200000224
L470K,30261.538478,-283.94648700000107
L470M,30261.538478,-283.94648700000107
L470N,30545.484965,0.0
L470P,30261.538478,-283.94648700000107
L470Q,30261.538478,-283.94648700000107
L470R,30261.538478,-283.94648700000107
L470S,30261.538478,-283.94648700000107
L470T,30545.484965,0.0
L470V,30261.538478,-283.94648700000107
L470W,30545.484965,0.0
L470Y,30489.297677,-56.18728800000099
L523A,30448.160545,-97.32442000000083
L523C,30489.632123,-55.85284200000024
L523D,30320.401352999997,-225.08361200000218
L523E,30489.632123,-55.85284200000024
L523F,31181.605368,636.1204030000008
L523G,30320.401352999997,-225.08361200000218
L523H,30489.632123,-55.85284200000024
L523I,30574.581953999997,29.096988999997848
L523K,30489.632123,-55.85284200000024
L523M,30452.173923,-93.31104200000118
L523N,30539.130448,-6.35451699999976
L523P,30320.401352999997,-225.08361200000218
L523Q,30574.247507999997,28.762542999997095
L523R,30235.785968,-309.6989969999995
L523S,30489.632123,-55.85284200000024
L523T,30461.538473,-83.94649199999913
L523V,30532.107033,-13.377931999999419
L523W,30592.976603,47.49163799999951
L523Y,30572.909710999997,27.424745999996958
L524A,30430.769243,-114.71572200000082
L524C,30276.254192999997,-269.2307720000026
L524D,30276.254192999997,-269.2307720000026
L524E,30286.956533,-258.52843199999916
L524F,31412.040143,866.5551779999987
L524G,30430.769243,-114.71572200000082
L524H,30276.254192999997,-269.2307720000026
L524I,30646.153862,100.66889699999956
L524K,30276.254192999997,-269.2307720000026
L524M,30430.769243,-114.71572200000082
L524N,30508.026768,-37.45819699999993
L524P,30276.254192999997,-269.2307720000026
L524Q,30430.769243,-114.71572200000082
L524R,30276.254192999997,-269.2307720000026
L524S,30448.829447,-96.65551799999957
L524T,30464.882956999998,-80.60200800000166
L524V,31126.086968,580.602003
L524W,31341.806032999997,796.3210679999975
L524Y,30648.494998,103.01003299999866
L525A,30474.916403,-70.56856200000038
L525C,30368.561888,-176.92307699999947
L525D,30208.02677,-337.45819499999925
L525E,30288.294329,-257.19063599999936
L525F,30546.822752,1.3377870000003895
L525G,30286.956533,-258.52843199999916
L525H,30276.254192999997,-269.2307720000026
L525I,30555.51841,10.033445000000938
L525K,30276.254192999997,-269.2307720000026
L525M,30308.361217,-237.12374799999816
L525N,30315.050181,-230.43478400000095
L525P,30276.254192999997,-269.2307720000026
L525Q,30450.836135,-94.64882999999827
L525R,30276.254192999997,-269.2307720000026
L525S,30294.983289,-250.50167599999986
L525T,30289.632121,-255.8528440000009
L525V,30486.956537,-58.52842800000144
L525W,31051.505028,506.02006299999994
L525Y,30572.240818,26.75585299999875
L537A,30545.484965,0.0
L537C,30545.484965,0.0
L537D,30545.484965,0.0
L537E,30545.484965,0.0
L537F,30545.484965,0.0
L537G,30545.484965,0.0
L537H,30545.484965,0.0
L537I,30545.484965,0.0
L537K,30545.484965,0.0
L537M,30545.484965,0.0
L537N,30545.484965,0.0
L537P,30545.484965,0.0
L537Q,30545.484965,0.0
L537R,30545.484965,0.0
L537S,30545.484965,0.0
L537T,30545.484965,0.0
L537V,30545.484965,0.0
L537W,30545.484965,0.0
L537Y,30545.484965,0.0
L556A,30516.053523,-29.43144200000097
L556C,30499.331121,-46.15384400000039
L556D,30031.772589,-513.7123759999995
L556E,30483.277605,-62.207360000000335
L556F,30527.424768,-18.06019699999888
L556G,30519.398013,-26.086951999997837
L556H,30519.398013,-26.086951999997837
L556I,30576.923091,31.43812600000092
L556K,30519.398013,-26.086951999997837
L556M,30519.398013,-26.086951999997837
L556N,30530.769247,-14.71571799999947
L556P,30037.792659,-507.6923060000008
L556Q,30515.384625,-30.10034000000087
L556R,30037.792659,-507.6923060000008
L556S,30515.384625,-30.10034000000087
L556T,30515.384625,-30.10034000000087
L556V,30520.401357,-25.083608000000822
L556W,30532.441488,-13.043476999999257
L556Y,30585.953189,40.46822400000019
L563A,30545.484965,0.0
L563C,30545.484965,0.0
L563D,30130.769245,-414.71572000000015
L563E,30130.769245,-414.71572000000015
L563F,30557.525097,12.040132000001904
L563G,30545.484965,0.0
L563H,30545.484965,0.0
L563I,30561.538477,16.05351199999859
L563K,30545.484965,0.0
L563M,30545.484965,0.0
L563N,30545.484965,0.0
L563P,30545.484965,0.0
L563Q,30545.484965,0.0
L563R,30545.484965,0.0
L563S,30545.484965,0.0
L563T,30545.484965,0.0
L563V,30545.484965,0.0
L563W,30533.444829,-12.04013599999962
L563Y,30562.876269,17.391304000000673
L596A,30545.484965,0.0
L596C,29979.264231,-566.2207339999986
L596D,30458.862891,-86.62207399999897
L596E,29979.264231,-566.2207339999986
L596F,30551.170583,5.685617999999522
L596G,29979.264231,-566.2207339999986
L596H,29979.264231,-566.2207339999986
L596I,30547.491659,2.0066939999996976
L596K,29979.264231,-566.2207339999986
L596M,29979.264231,-566.2207339999986
L596N,30585.618749,40.13378400000147
L596P,29979.264231,-566.2207339999986
L596Q,30460.869585,-84.61537999999928
L596R,29979.264231,-566.2207339999986
L596S,29979.264231,-566.2207339999986
L596T,30585.618749,40.13378400000147
L596V,30536.789312,-8.695652999998856
L596W,30538.796001,-6.688964000000851
L596Y,30547.491659,2.0066939999996976
L615A,30545.484965,0.0
L615C,30545.484965,0.0
L615D,30545.484965,0.0
L615E,30545.484965,0.0
L615F,30545.484965,0.0
L615G,30545.484965,0.0
L615H,30545.484965,0.0
L615I,30545.484965,0.0
L615K,30545.484965,0.0
L615M,30545.484965,0.0
L615N,30545.484965,0.0
L615P,30545.484965,0.0
L615Q,30545.484965,0.0
L615R,30545.484965,0.0
L615S,30545.484965,0.0
L615T,30545.484965,0.0
L615V,30545.484965,0.0
L615W,30545.484965,0.0
L615Y,30545.484965,0.0
L617A,30545.484965,0.0
L617C,30545.484965,0.0
L617D,30545.484965,0.0
L617E,30545.484965,0.0
L617F,31184.949845,639.4648799999995
L617G,30545.484965,0.0
L617H,30545.484965,0.0
L617I,31107.357878,561.8729129999992
L617K,30545.484965,0.0
L617M,30545.484965,0.0
L617N,30545.484965,0.0
L617P,30545.484965,0.0
L617Q,30545.484965,0.0
L617R,30545.484965,0.0
L617S,30545.484965,0.0
L617T,30545.484965,0.0
L617V,30545.484965,0.0
L617W,30545.484965,0.0
L617Y,31190.301021,644.8160559999997
L637A,30546.153863,0.6688979999998992
L637C,30385.618745,-159.86621999999988
L637D,30385.618745,-159.86621999999988
L637E,30385.618745,-159.86621999999988
L637F,30874.581954999998,329.0969899999982
L637G,30545.484965,0.0
L637H,30540.133794999998,-5.35117000000173
L637I,30883.946503,338.46153799999956
L637K,30385.618745,-159.86621999999988
L637M,30540.133794999998,-5.35117000000173
L637N,30545.484965,0.0
L637P,30385.618745,-159.86621999999988
L637Q,30540.133794999998,-5.35117000000173
L637R,30385.618745,-159.86621999999988
L637S,30385.618745,-159.86621999999988
L637T,30540.133794999998,-5.35117000000173
L637V,30545.484965,0.0
L637W,30858.528445,313.0434800000003
L637Y,30893.311053,347.8260880000016
L643A,30530.769246,-14.715718999999808
L643C,30503.344498,-42.14046700000108
L643D,30524.749178000002,-20.7357869999978
L643E,30528.428117,-17.056848000000173
L643F,30577.257547,31.77258200000142
L643G,30524.749178000002,-20.7357869999978
L643H,30528.093667999998,-17.39129700000194
L643I,30564.548515,19.06354999999894
L643K,30524.749178000002,-20.7357869999978
L643M,30497.993328,-47.49163699999917
L643N,30598.327778,52.842812999999296
L643P,30524.749178000002,-20.7357869999978
L643Q,30530.100354,-15.384611000001314
L643R,30524.749178000002,-20.7357869999978
L643S,30507.357874,-38.12709099999847
L643T,30554.180615,8.695650000001478
L643V,30525.418075999998,-20.066889000001538
L643W,30524.414733,-21.070231999998214
L643Y,30562.207379,16.722413999999844
L91A,30545.484965,0.0
L91C,30545.484965,0.0
L91D,30545.484965,0.0
L91E,30545.484965,0.0
L91F,31264.882955,719.3979900000013
L91G,30545.484965,0.0
L91H,30545.484965,0.0
L91I,31264.882955,719.3979900000013
L91K,30545.484965,0.0
L91M,30545.484965,0.0
L91N,30545.484965,0.0
L91P,30545.484965,0.0
L91Q,30545.484965,0.0
L91R,30545.484965,0.0
L91S,30545.484965,0.0
L91T,30545.484965,0.0
L91V,30545.484965,0.0
L91W,31025.083625,479.59865999999965
L91Y,31267.892996000002,722.4080310000027
L94A,30545.484965,0.0
L94C,30545.484965,0.0
L94D,30545.484965,0.0
L94E,30545.484965,0.0
L94F,31043.143829,497.6588640000009
L94G,30545.484965,0.0
L94H,30545.484965,0.0
L94I,31057.190651,511.70568600000115
L94K,30545.484965,0.0
L94M,30545.484965,0.0
L94N,30545.484965,0.0
L94P,30545.484965,0.0
L94Q,30545.484965,0.0
L94R,30545.484965,0.0
L94S,30545.484965,0.0
L94T,30545.484965,0.0
L94V,30545.484965,0.0
L94W,31009.030115,463.54515000000174
L94Y,31067.224097000002,521.7391320000024
M1A,30545.484965,0.0
M1C,30545.484965,0.0
M1D,30545.484965,0.0
M1E,30545.484965,0.0
M1F,30545.484965,0.0
M1G,30545.484965,0.0
M1H,30545.484965,0.0
M1I,30545.484965,0.0
M1K,30545.484965,0.0
M1L,30545.484965,0.0
M1N,30545.484965,0.0
M1P,30545.484965,0.0
M1Q,30545.484965,0.0
M1R,30545.484965,0.0
M1S,30545.484965,0.0
M1T,30545.484965,0.0
M1V,30545.484965,0.0
M1W,30545.484965,0.0
M1Y,30545.484965,0.0
M208A,30652.842824,107.35785899999973
M208C,30573.578609,28.093644000000495
M208D,30489.632127,-55.85283799999888
M208E,30652.508374,107.02340900000127
M208F,30806.688976,261.2040110000016
M208G,30549.498344,4.013378999999986
M208H,30566.889645000003,21.40468000000328
M208I,30782.608711,237.12374600000112
M208K,29847.491655,-697.993309999998
M208L,30743.812728,198.32776300000114
M208N,30648.829448,103.34448300000076
M208P,29847.491655,-697.993309999998
M208Q,30606.354529,60.86956400000054
M208R,30542.80938,-2.675585000000865
M208S,30627.090321000003,81.60535600000367
M208T,30702.675601000003,157.190636000003
M208V,30661.538481000003,116.05351600000358
M208W,30859.531792,314.04682700000194
M208Y,30767.224094999998,221.7391299999981
M21A,30545.484965,0.0
M21C,30545.484965,0.0
M21D,30545.484965,0.0
M21E,30545.484965,0.0
M21F,30545.484965,0.0
M21G,30545.484965,0.0
M21H,30545.484965,0.0
M21I,30545.484965,0.0
M21K,30545.484965,0.0
M21L,30545.484965,0.0
M21N,30545.484965,0.0
M21P,30545.484965,0.0
M21Q,30545.484965,0.0
M21R,30545.484965,0.0
M21S,30545.484965,0.0
M21T,30545.484965,0.0
M21V,30545.484965,0.0
M21W,30545.484965,0.0
M21Y,30545.484965,0.0
M249A,30545.484965,0.0
M249C,30545.484965,0.0
M249D,30545.484965,0.0
M249E,30545.484965,0.0
M249F,30545.484965,0.0
M249G,30545.484965,0.0
M249H,30545.484965,0.0
M249I,30545.484965,0.0
M249K,30545.484965,0.0
M249L,30545.484965,0.0
M249N,30545.484965,0.0
M249P,30545.484965,0.0
M249Q,30545.484965,0.0
M249R,30545.484965,0.0
M249S,30545.484965,0.0
M249T,30545.484965,0.0
M249V,30545.484965,0.0
M249W,30545.484965,0.0
M249Y,30545.484965,0.0
M256A,30545.484965,0.0
M256C,30545.484965,0.0
M256D,30545.484965,0.0
M256E,30545.484965,0.0
M256F,30545.484965,0.0
M256G,30545.484965,0.0
M256H,30545.484965,0.0
M256I,30545.484965,0.0
M256K,30545.484965,0.0
M256L,30545.484965,0.0
M256N,30545.484965,0.0
M256P,30545.484965,0.0
M256Q,30545.484965,0.0
M256R,30545.484965,0.0
M256S,30545.484965,0.0
M256T,30545.484965,0.0
M256V,30545.484965,0.0
M256W,30545.484965,0.0
M256Y,30545.484965,0.0
M289A,31549.83279,1004.3478250000007
M289C,30545.484965,0.0
M289D,30087.290985,-458.19398
M289E,30087.290985,-458.19398
M289F,30637.123761000003,91.63879600000291
M289G,30545.484965,0.0
M289H,30087.290985,-458.19398
M289I,30637.123761000003,91.63879600000291
M289K,30087.290985,-458.19398
M289L,30637.123761000003,91.63879600000291
M289N,30545.484965,0.0
M289P,30087.290985,-458.19398
M289Q,30545.484965,0.0
M289R,30087.290985,-458.19398
M289S,30637.123761000003,91.63879600000291
M289T,30637.123761000003,91.63879600000291
M289V,30545.484965,0.0
M289W,30637.123761000003,91.63879600000291
M289Y,30637.123761000003,91.63879600000291
M301A,30545.484965,0.0
M301C,30545.484965,0.0
M301D,30545.484965,0.0
M301E,30545.484965,0.0
M301F,31027.090319000003,481.605354000003
M301G,30545.484965,0.0
M301H,30545.484965,0.0
M301I,31109.699013999998,564.2140489999983
M301K,30545.484965,0.0
M301L,30545.484965,0.0
M301N,30545.484965,0.0
M301P,30545.484965,0.0
M301Q,30545.484965,0.0
M301R,30545.484965,0.0
M301S,30545.484965,0.0
M301T,30545.484965,0.0
M301V,30545.484965,0.0
M301W,30545.484965,0.0
M301Y,31126.086973,580.6020080000017
M343A,30545.484965,0.0
M343C,30545.484965,0.0
M343D,30545.484965,0.0
M343E,30545.484965,0.0
M343F,31025.083625,479.59865999999965
M343G,30545.484965,0.0
M343H,30545.484965,0.0
M343I,30545.484965,0.0
M343K,30545.484965,0.0
M343L,30545.484965,0.0
M343N,30545.484965,0.0
M343P,30545.484965,0.0
M343Q,30545.484965,0.0
M343R,30545.484965,0.0
M343S,30545.484965,0.0
M343T,30545.484965,0.0
M343V,31025.083625,479.59865999999965
M343W,31027.090319,481.60535399999935
M343Y,31163.545165,618.0601999999999
M353A,30447.157205,-98.32776000000013
M353C,30518.729117,-26.755848000000697
M353D,30332.775939,-212.70902600000045
M353E,29774.916405,-770.5685599999997
M353F,30445.150521,-100.33444400000008
M353G,30326.755869,-218.72909599999912
M353H,29774.916405,-770.5685599999997
M353I,30462.876270999997,-82.60869400000229
M353K,29774.916405,-770.5685599999997
M353L,30435.785971,-109.69899399999849
M353N,30453.177277,-92.30768800000078
M353P,30302.675601,-242.80936400000064
M353Q,30526.755868999997,-18.729096000002755
M353R,29774.916405,-770.5685599999997
M353S,30410.367908999997,-135.11705600000278
M353T,30416.722422,-128.76254300000073
M353V,30550.836141,5.351176000000123
M353W,30475.919750999998,-69.56521400000202
M353Y,30473.913063,-71.57190199999968
M377A,30548.829446,3.344481000000087
M377C,30546.488309,1.0033440000006522
M377D,30539.464898,-6.020067000001291
M377E,30547.826102,2.341136999999435
M377F,30557.859547,12.374582000000373
M377G,30546.822758,1.3377929999987828
M377H,30542.140483,-3.3444820000004256
M377I,30551.505032999998,6.020067999997991
M377K,30536.789313999998,-8.695651000001817
M377L,30552.842825,7.357860000000073
M377N,30550.836135999998,5.3511709999984305
M377P,30449.832790999997,-95.65217400000256
M377Q,30552.842825,7.357860000000073
M377R,30536.789313999998,-8.695651000001817
M377S,30549.832790999997,4.34782599999744
M377T,30541.471587,-4.013377999999648
M377V,30556.856202,11.371236999999383
M377W,30557.190651,11.705686000001151
M377Y,30552.842825,7.357860000000073
M405A,30545.484965,0.0
M405C,30545.484965,0.0
M405D,30545.484965,0.0
M405E,30545.484965,0.0
M405F,30545.484965,0.0
M405G,30545.484965,0.0
M405H,30545.484965,0.0
M405I,30545.484965,0.0
M405K,30545.484965,0.0
M405L,30545.484965,0.0
M405N,30545.484965,0.0
M405P,30545.484965,0.0
M405Q,30545.484965,0.0
M405R,30545.484965,0.0
M405S,30545.484965,0.0
M405T,30545.484965,0.0
M405V,30545.484965,0.0
M405W,30545.484965,0.0
M405Y,30545.484965,0.0
M411A,30575.585296999998,30.10033199999816
M411C,30539.464894999997,-6.020070000002306
M411D,29987.625430999997,-557.8595340000029
M411E,30481.270912999997,-64.214052000003
M411F,30574.581953999997,29.096988999997848
M411G,30509.364563,-36.12040200000047
M411H,30565.551851,20.066886000000522
M411I,30666.555194999997,121.07022999999754
M411K,30557.525099,12.040133999998943
M411L,30579.598672999997,34.11370799999713
M411N,30577.591985,32.107019999999466
M411P,30501.337805,-44.14716000000044
M411Q,30535.451519,-10.033446000001277
M411R,30523.411385,-22.07358000000022
M411S,30553.511716999998,8.026751999997941
M411T,30575.585296999998,30.10033199999816
M411V,30487.290984,-58.19398100000035
M411W,30577.926431999997,32.44146699999692
M411Y,30666.889643,121.40467799999897
M642A,30574.247506,28.762541000000056
M642C,30487.290987,-58.19397799999933
M642D,30266.88965,-278.59531499999866
M642E,30493.311054,-52.17391099999804
M642F,30561.204029,15.719064000000799
M642G,30381.605373000002,-163.8795919999975
M642H,30386.62209,-158.8628749999989
M642I,30494.314398,-51.17056700000103
M642K,30377.257542,-168.22742300000027
M642L,30565.217414,19.73244899999918
M642N,30567.224101,21.739136000000144
M642P,30284.949848,-260.53511699999945
M642Q,30394.314397,-151.17056800000137
M642R,30425.418077,-120.0668880000012
M642S,30390.301022,-155.183943
M642T,30389.632124,-155.8528409999999
M642V,30571.571928,26.08696300000156
M642W,30501.003367,-44.481597999998485
M642Y,30578.260892000002,32.77592700000241
M646A,30552.842825,7.357860000000073
M646C,30540.133794999998,-5.35117000000173
M646D,30604.347845,58.86288000000059
M646E,30547.491655,2.0066900000019814
M646F,30608.026775000002,62.54181000000244
M646G,30604.347845,58.86288000000059
M646H,30524.080285,-21.404679999999644
M646I,30571.571927,26.086962000001222
M646K,30604.347845,58.86288000000059
M646L,30560.200689,14.7157240000015
M646N,30556.856208,11.371243000001414
M646P,30429.765905,-115.71905999999944
M646Q,30546.153865,0.6689000000005763
M646R,30604.347845,58.86288000000059
M646S,30557.525105,12.040140000000974
M646T,30552.508377000002,7.023412000002281
M646V,30604.347845,58.86288000000059
M646W,30613.712391,68.22742600000129
M646Y,30574.247511,28.76254600000175
M82A,31767.558545,1222.0735800000002
M82C,31767.558545,1222.0735800000002
M82D,30021.739145,-523.7458200000001
M82E,30545.484965,0.0
M82F,31649.832785000002,1104.3478200000027
M82G,30545.484965,0.0
M82H,30545.484965,0.0
M82I,31767.558545,1222.0735800000002
M82K,30021.739145,-523.7458200000001
M82L,31767.558545,1222.0735800000002
M82N,31767.558545,1222.0735800000002
M82P,30545.484965,0.0
M82Q,31767.558545,1222.0735800000002
M82R,30545.484965,0.0
M82S,31767.558545,1222.0735800000002
M82T,30545.484965,0.0
M82V,31649.832785000002,1104.3478200000027
M82W,31649.832785000002,1104.3478200000027
M82Y,31767.558545,1222.0735800000002
N100A,30545.484965,0.0
N100C,30545.484965,0.0
N100D,30545.484965,0.0
N100E,30545.484965,0.0
N100F,30545.484965,0.0
N100G,30545.484965,0.0
N100H,30545.484965,0.0
N100I,30545.484965,0.0
N100K,30545.484965,0.0
N100L,30545.484965,0.0
N100M,30545.484965,0.0
N100P,30545.484965,0.0
N100Q,30545.484965,0.0
N100R,30545.484965,0.0
N100S,30545.484965,0.0
N100T,30545.484965,0.0
N100V,30545.484965,0.0
N100W,30545.484965,0.0
N100Y,30545.484965,0.0
N102A,30561.538477000002,16.05351200000223
N102C,30193.645501,-351.8394640000006
N102D,30193.645501,-351.8394640000006
N102E,30193.645501,-351.8394640000006
N102F,30193.645501,-351.8394640000006
N102G,30542.809381,-2.6755840000005264
N102H,30193.645501,-351.8394640000006
N102I,30193.645501,-351.8394640000006
N102K,30193.645501,-351.8394640000006
N102L,30193.645501,-351.8394640000006
N102M,30193.645501,-351.8394640000006
N102P,30193.645501,-351.8394640000006
N102Q,30193.645501,-351.8394640000006
N102R,30193.645501,-351.8394640000006
N102S,30193.645501,-351.8394640000006
N102T,30193.645501,-351.8394640000006
N102V,30193.645501,-351.8394640000006
N102W,30193.645501,-351.8394640000006
N102Y,30193.645501,-351.8394640000006
N118A,30073.913057,-471.5719079999981
N118C,30073.913057,-471.5719079999981
N118D,30073.913057,-471.5719079999981
N118E,29838.127103000003,-707.3578619999971
N118F,30544.816065000003,-0.6688999999969383
N118G,30073.913057,-471.5719079999981
N118H,30073.913057,-471.5719079999981
N118I,30566.889645000003,21.40468000000328
N118K,30073.913057,-471.5719079999981
N118L,30545.484965,0.0
N118M,30073.913057,-471.5719079999981
N118P,30073.913057,-471.5719079999981
N118Q,30073.913057,-471.5719079999981
N118R,30073.913057,-471.5719079999981
N118S,30073.913057,-471.5719079999981
N118T,30388.294329,-157.19063599999936
N118V,30537.458207,-8.026757999999973
N118W,30553.511717,8.02675200000158
N118Y,30596.321085,50.83611999999994
N138A,30527.090315,-18.394649999998364
N138C,30485.284295,-60.200669999998354
N138D,30361.538477000002,-183.94648799999777
N138E,30545.484965,0.0
N138F,30479.264228,-66.22073699999964
N138G,30545.484965,0.0
N138H,30545.484965,0.0
N138I,30540.133796000002,-5.351168999997753
N138K,30545.484965,0.0
N138L,30545.484965,0.0
N138M,30490.301020000003,-55.18394499999704
N138P,30545.484965,0.0
N138Q,30485.284295,-60.200669999998354
N138R,30361.538477000002,-183.94648799999777
N138S,30498.662225,-46.82273999999961
N138T,30523.745835,-21.739129999998113
N138V,30491.973259000002,-53.5117059999975
N138W,30501.672255,-43.81270999999833
N138Y,30543.812725,-1.6722399999998743
N156A,30545.484965,0.0
N156C,30545.484965,0.0
N156D,30059.866235,-485.6187299999983
N156E,30059.866235,-485.6187299999983
N156F,31067.892995000002,522.4080300000023
N156G,30545.484965,0.0
N156H,30545.484965,0.0
N156I,31087.959885,542.4749200000006
N156K,30545.484965,0.0
N156L,31031.103695,485.61873000000196
N156M,30545.484965,0.0
N156P,30545.484965,0.0
N156Q,30545.484965,0.0
N156R,30545.484965,0.0
N156S,31031.103695,485.61873000000196
N156T,31031.103695,485.61873000000196
N156V,30545.484965,0.0
N156W,31021.070245000003,475.58528000000297
N156Y,31094.648845,549.1638800000001
N167A,30524.414729,-21.070235999999568
N167C,30511.036805000003,-34.44815999999628
N167D,30167.558543,-377.92642200000046
N167E,30162.207373,-383.27759199999855
N167F,30551.170583,5.685617999999522
N167G,30511.371254,-34.11371099999815
N167H,30488.29433,-57.19063499999902
N167I,30538.127107,-7.357857999999396
N167K,30505.351187,-40.13377799999944
N167L,30513.043494,-32.44147099999827
N167M,30495.317742,-50.16722300000038
N167P,30491.304365,-54.180599999999686
N167Q,30519.732457,-25.7525080000014
N167R,30487.290986,-58.19397899999967
N167S,30518.729113,-26.755851999998413
N167T,30505.685633,-39.799331999998685
N167V,30536.120415,-9.364549999998417
N167W,30547.491654,2.006689000001643
N167Y,30542.474933,-3.0100319999983185
N214A,30545.484965,0.0
N214C,30468.227440000002,-77.25752499999726
N214D,30236.454865,-309.03009999999995
N214E,30313.71239,-231.77257499999905
N214F,30622.74249,77.2575250000009
N214G,30468.227440000002,-77.25752499999726
N214H,30313.71239,-231.77257499999905
N214I,30622.74249,77.2575250000009
N214K,30313.71239,-231.77257499999905
N214L,30468.227440000002,-77.25752499999726
N214M,30545.484965,0.0
N214P,30390.969915,-154.51504999999815
N214Q,30468.227440000002,-77.25752499999726
N214R,30313.71239,-231.77257499999905
N214S,30390.969915,-154.51504999999815
N214T,30468.227440000002,-77.25752499999726
N214V,30545.484965,0.0
N214W,30468.227440000002,-77.25752499999726
N214Y,30622.74249,77.2575250000009
N259A,30553.511720000002,8.026755000002595
N259C,30551.505032,6.020067000001291
N259D,30553.511720000002,8.026755000002595
N259E,30551.505032,6.020067000001291
N259F,30572.575265,27.090299999999843
N259G,30542.47493,-3.010034999999334
N259H,30542.47493,-3.010034999999334
N259I,30570.568577,25.08361199999854
N259K,30310.702355,-234.78260999999839
N259L,30560.535131,15.0501660000009
N259M,30550.501685000003,5.016720000003261
N259P,30310.702355,-234.78260999999839
N259Q,30570.568577,25.08361199999854
N259R,30310.702355,-234.78260999999839
N259S,30310.702355,-234.78260999999839
N259T,30550.501685000003,5.016720000003261
N259V,30553.511720000002,8.026755000002595
N259W,30542.47493,-3.010034999999334
N259Y,30566.555198000002,21.07023300000219
N321A,30545.819413,0.33444800000143005
N321C,30444.147172,-101.33779299999878
N321D,30183.612055,-361.8729099999982
N321E,30458.528443000003,-86.95652199999677
N321F,30526.42142,-19.063545000000886
N321G,30453.846169,-91.63879599999927
N321H,30360.535132,-184.94983299999876
N321I,30529.7659,-15.719065000001137
N321K,30357.525098000002,-187.95986699999776
N321L,30545.150517000002,-0.33444799999779207
N321M,30451.839480000002,-93.64548499999728
N321P,30183.612055,-361.8729099999982
N321Q,30452.173928,-93.31103699999949
N321R,30355.183961000002,-190.3010039999972
N321S,30539.799346,-5.6856189999998605
N321T,30452.173928,-93.31103699999949
N321V,30545.150517000002,-0.33444799999779207
N321W,30500.668912,-44.81605299999865
N321Y,30541.137141,-4.347824000000401
N337A,30545.484965,0.0
N337C,30545.484965,0.0
N337D,30545.484965,0.0
N337E,30545.484965,0.0
N337F,30785.284295,239.79933000000165
N337G,30545.484965,0.0
N337H,30065.886305,-479.59865999999965
N337I,30785.284295,239.79933000000165
N337K,30065.886305,-479.59865999999965
N337L,30545.484965,0.0
N337M,30545.484965,0.0
N337P,30545.484965,0.0
N337Q,30545.484965,0.0
N337R,30065.886305,-479.59865999999965
N337S,30545.484965,0.0
N337T,30545.484965,0.0
N337V,30545.484965,0.0
N337W,30545.484965,0.0
N337Y,30785.284295,239.79933000000165
N341A,30545.484965,0.0
N341C,30545.484965,0.0
N341D,30545.484965,0.0
N341E,30545.484965,0.0
N341F,30545.484965,0.0
N341G,30545.484965,0.0
N341H,30545.484965,0.0
N341I,30545.484965,0.0
N341K,30545.484965,0.0
N341L,30545.484965,0.0
N341M,30545.484965,0.0
N341P,30545.484965,0.0
N341Q,30545.484965,0.0
N341R,30545.484965,0.0
N341S,30545.484965,0.0
N341T,30545.484965,0.0
N341V,30545.484965,0.0
N341W,30545.484965,0.0
N341Y,30545.484965,0.0
N356A,30547.826102,2.341136999999435
N356C,30561.204028,15.71906300000046
N356D,29964.214063,-581.2709020000002
N356E,30542.140483,-3.3444820000004256
N356F,30528.762557,-16.72240800000145
N356G,30545.484965,0.0
N356H,30464.882958,-80.60200700000132
N356I,30528.428108,-17.05685699999958
N356K,29694.314398,-851.170567000001
N356L,30545.150517,-0.33444800000143005
N356M,30545.150517,-0.33444800000143005
N356P,30464.882958,-80.60200700000132
N356Q,30528.762557,-16.72240800000145
N356R,29694.314398,-851.170567000001
N356S,30544.816068,-0.6688969999995606
N356T,30545.150517,-0.33444800000143005
N356V,30545.150517,-0.33444800000143005
N356W,30545.150517,-0.33444800000143005
N356Y,30526.42142,-19.063545000000886
N35A,29826.086975000002,-719.3979899999977
N35C,30545.484965,0.0
N35D,29826.086975000002,-719.3979899999977
N35E,30545.484965,0.0
N35F,30521.4047,-24.08026500000051
N35G,29826.086975000002,-719.3979899999977
N35H,29346.488315000002,-1198.9966499999973
N35I,30545.484965,0.0
N35K,29346.488315000002,-1198.9966499999973
N35L,30545.484965,0.0
N35M,29826.086975000002,-719.3979899999977
N35P,29346.488315000002,-1198.9966499999973
N35Q,30545.484965,0.0
N35R,29346.488315000002,-1198.9966499999973
N35S,30545.484965,0.0
N35T,29826.086975000002,-719.3979899999977
N35V,30545.484965,0.0
N35W,30535.451525,-10.033439999999246
N35Y,30537.458213,-8.026751999997941
N36A,29826.086975000002,-719.3979899999977
N36C,29826.086975000002,-719.3979899999977
N36D,29826.086975000002,-719.3979899999977
N36E,29826.086975000002,-719.3979899999977
N36F,30545.484965,0.0
N36G,29826.086975000002,-719.3979899999977
N36H,29346.488315000002,-1198.9966499999973
N36I,30542.809381,-2.6755840000005264
N36K,29346.488315000002,-1198.9966499999973
N36L,30545.484965,0.0
N36M,29826.086975000002,-719.3979899999977
N36P,29826.086975000002,-719.3979899999977
N36Q,30465.551855,-79.93310999999812
N36R,29346.488315000002,-1198.9966499999973
N36S,29826.086975000002,-719.3979899999977
N36T,29826.086975000002,-719.3979899999977
N36V,29826.086975000002,-719.3979899999977
N36W,30545.484965,0.0
N36Y,30524.080285,-21.404679999999644
N378A,30545.484964,-1.0000003385357559e-06
N378C,30589.297668,43.8127029999996
N378D,30585.618745,40.133780000000115
N378E,30668.89633,123.41136499999993
N378F,30545.150511999997,-0.3344530000031227
N378G,30458.862892,-86.62207299999864
N378H,30532.775929,-12.709036000000197
N378I,30545.819408,0.33444299999973737
N378K,30434.782618,-110.70234699999855
N378L,30545.484959999998,-5.000001692678779e-06
N378M,30455.852852,-89.63211299999966
N378P,30546.822751,1.337786000000051
N378Q,30459.531782,-85.95318300000145
N378R,30565.55185,20.066885000000184
N378S,30438.795997999998,-106.68896700000187
N378T,30534.113722,-11.371243000001414
N378V,30541.471588,-4.013376999999309
N378W,30547.157199999998,1.6722349999981816
N378Y,30625.752524,80.26755899999989
N397A,30545.484965,0.0
N397C,30545.484965,0.0
N397D,30545.484965,0.0
N397E,30545.484965,0.0
N397F,30545.484965,0.0
N397G,30545.484965,0.0
N397H,30545.484965,0.0
N397I,30545.484965,0.0
N397K,30545.484965,0.0
N397L,30545.484965,0.0
N397M,30545.484965,0.0
N397P,30545.484965,0.0
N397Q,30545.484965,0.0
N397R,30545.484965,0.0
N397S,30545.484965,0.0
N397T,30545.484965,0.0
N397V,30545.484965,0.0
N397W,30545.484965,0.0
N397Y,30545.484965,0.0
N408A,30557.525099,12.040133999998943
N408C,30507.357874999998,-38.12709000000177
N408D,29987.625430999997,-557.8595340000029
N408E,29987.625430999997,-557.8595340000029
N408F,30848.494994999997,303.01002999999764
N408G,30545.484965,0.0
N408H,30539.464894999997,-6.020070000002306
N408I,30859.197334999997,313.71236999999746
N408K,30537.458207,-8.026757999999973
N408L,30543.478271,-2.0066939999996976
N408M,30539.464894999997,-6.020070000002306
N408P,30477.257536999998,-68.22742800000196
N408Q,30539.464894999997,-6.020070000002306
N408R,30513.377938999998,-32.1070260000015
N408S,30533.444830999997,-12.040134000002581
N408T,30539.464894999997,-6.020070000002306
N408V,30543.478271,-2.0066939999996976
N408W,30541.471583,-4.013382000001002
N408Y,30863.210711,317.7257460000001
N436A,30243.143828,-302.34113699999943
N436C,30230.434798,-315.05016700000124
N436D,30238.127106,-307.35785899999973
N436E,30236.454865,-309.03009999999995
N436F,30485.953193999998,-59.531771000001754
N436G,30236.120417,-309.3645480000014
N436H,30064.214062,-481.27090300000054
N436I,30483.612055,-61.87290999999823
N436K,30064.214062,-481.27090300000054
N436L,30242.140484,-303.3444810000001
N436M,30235.117071999997,-310.36789300000237
N436P,30144.147172,-401.3377929999988
N436Q,30241.806035999998,-303.6789290000015
N436R,30064.214062,-481.27090300000054
N436S,30231.438142,-314.0468230000006
N436T,30234.782624,-310.70234100000016
N436V,30242.140484,-303.3444810000001
N436W,30235.117072999998,-310.36789200000203
N436Y,30493.6455,-51.83946500000093
N450A,30545.484965,0.0
N450C,30545.484965,0.0
N450D,30545.484965,0.0
N450E,30545.484965,0.0
N450F,30545.484965,0.0
N450G,30545.484965,0.0
N450H,30545.484965,0.0
N450I,30545.484965,0.0
N450K,30545.484965,0.0
N450L,30545.484965,0.0
N450M,30545.484965,0.0
N450P,30545.484965,0.0
N450Q,30545.484965,0.0
N450R,30545.484965,0.0
N450S,30545.484965,0.0
N450T,30545.484965,0.0
N450V,30545.484965,0.0
N450W,30545.484965,0.0
N450Y,30545.484965,0.0
N456A,30565.217407,19.732442000000447
N456C,30397.65889,-147.82607500000086
N456D,30474.247515,-71.23745000000054
N456E,30461.872937999997,-83.61202700000285
N456F,30525.08364,-20.401324999998906
N456G,30515.719075999998,-29.765889000002062
N456H,30168.896348,-376.58861700000125
N456I,30514.381285,-31.103680000000168
N456K,30457.525102,-87.95986300000004
N456L,30527.759216,-17.725749000001088
N456M,30508.02677,-37.45819499999925
N456P,30029.431464999998,-516.0535000000018
N456Q,30499.665579999997,-45.81938500000251
N456R,30106.688986999998,-438.7959780000019
N456S,30478.929784,-66.55518099999972
N456T,30494.31441,-51.170555000000604
N456V,30540.802691,-4.68227399999887
N456W,30511.036807,-34.44815799999924
N456Y,30548.494999,3.0100339999989956
N48A,30545.484965,0.0
N48C,30545.484965,0.0
N48D,30545.484965,0.0
N48E,30545.484965,0.0
N48F,31508.695673000002,963.2107080000023
N48G,30545.484965,0.0
N48H,30545.484965,0.0
N48I,31029.097007,483.61204200000066
N48K,30545.484965,0.0
N48L,30545.484965,0.0
N48M,30545.484965,0.0
N48P,30545.484965,0.0
N48Q,30545.484965,0.0
N48R,30545.484965,0.0
N48S,30545.484965,0.0
N48T,30545.484965,0.0
N48V,30545.484965,0.0
N48W,30545.484965,0.0
N48Y,31536.789317000002,991.3043520000028
N510A,30547.491659,2.0066939999996976
N510C,30065.886305,-479.59865999999965
N510D,30065.886305,-479.59865999999965
N510E,30065.886305,-479.59865999999965
N510F,30541.471588999997,-4.013376000002609
N510G,30545.484965,0.0
N510H,30533.444830999997,-12.040134000002581
N510I,30529.431454999998,-16.053510000001552
N510K,29485.284297,-1060.2006680000013
N510L,30545.484965,0.0
N510M,30533.444830999997,-12.040134000002581
N510P,30065.886305,-479.59865999999965
N510Q,30535.451525,-10.033439999999246
N510R,29485.284297,-1060.2006680000013
N510S,30563.545169,18.06020400000125
N510T,30541.471588999997,-4.013376000002609
N510V,30545.484965,0.0
N510W,30545.484965,0.0
N510Y,30545.484965,0.0
N512A,30529.431454999998,-16.053510000001552
N512C,30545.484965,0.0
N512D,30563.545169,18.06020400000125
N512E,30541.471588999997,-4.013376000002609
N512F,30576.254199,30.769233999999415
N512G,30563.545169,18.06020400000125
N512H,30563.545169,18.06020400000125
N512I,30538.127105,-7.357860000000073
N512K,30563.545169,18.06020400000125
N512L,30547.491659,2.0066939999996976
N512M,30563.545169,18.06020400000125
N512P,30148.829449,-396.6555159999989
N512Q,30547.491659,2.0066939999996976
N512R,30563.545169,18.06020400000125
N512S,30545.484965,0.0
N512T,30563.545169,18.06020400000125
N512V,30587.625437,42.140471999999136
N512W,30589.632125,44.14716000000044
N512Y,30541.471590999998,-4.013374000001932
N51A,30545.484965,0.0
N51C,30545.484965,0.0
N51D,30545.484965,0.0
N51E,30545.484965,0.0
N51F,31013.043491,467.5585260000007
N51G,30545.484965,0.0
N51H,30545.484965,0.0
N51I,30545.484965,0.0
N51K,30545.484965,0.0
N51L,30545.484965,0.0
N51M,30545.484965,0.0
N51P,30545.484965,0.0
N51Q,30545.484965,0.0
N51R,30545.484965,0.0
N51S,30545.484965,0.0
N51T,30545.484965,0.0
N51V,30545.484965,0.0
N51W,30545.484965,0.0
N51Y,30545.484965,0.0
N532A,30545.484965,0.0
N532C,30545.484965,0.0
N532D,30545.484965,0.0
N532E,30545.484965,0.0
N532F,31075.250849,529.7658840000004
N532G,30545.484965,0.0
N532H,30545.484965,0.0
N532I,31179.933129,634.4481640000013
N532K,30545.484965,0.0
N532L,30545.484965,0.0
N532M,30545.484965,0.0
N532P,30545.484965,0.0
N532Q,30545.484965,0.0
N532R,30545.484965,0.0
N532S,30545.484965,0.0
N532T,30545.484965,0.0
N532V,30545.484965,0.0
N532W,31126.086973,580.6020080000017
N532Y,31189.297672999997,643.8127079999977
N544A,30535.451522,-10.033443000000261
N544C,30298.327776,-247.15718900000138
N544D,29974.581955999998,-570.9030090000015
N544E,29974.581955999998,-570.9030090000015
N544F,30571.237477,25.752511999999115
N544G,30294.314395999998,-251.1705690000017
N544H,29974.581955999998,-570.9030090000015
N544I,30536.789314999998,-8.695650000001478
N544K,29974.581955999998,-570.9030090000015
N544L,30552.842826,7.357861000000412
N544M,30523.411386,-22.07357899999988
N544P,29974.581955999998,-570.9030090000015
N544Q,30547.491655,2.0066900000019814
N544R,29974.581955999998,-570.9030090000015
N544S,30537.123762,-8.361203000000387
N544T,30515.384630999997,-30.100334000002476
N544V,30571.237477,25.752511999999115
N544W,30338.461556,-207.02340900000127
N544Y,30552.842826,7.357861000000412
N554A,30499.665566,-45.819398999999976
N554C,30586.287643,40.802678000000014
N554D,30519.398013,-26.086951999997837
N554E,30519.398013,-26.086951999997837
N554F,30636.120414,90.63544900000124
N554G,30529.431453,-16.05351199999859
N554H,30526.086973,-19.39799199999834
N554I,30630.434799,84.9498339999991
N554K,30489.297672999997,-56.187292000002344
N554L,30599.665563,54.18059799999901
N554M,30569.565232999998,24.080267999997886
N554P,30519.398013,-26.086951999997837
N554Q,30633.110383,87.62541799999963
N554R,30495.986632999997,-49.49833200000285
N554S,30522.742492999998,-22.742472000001726
N554T,30566.220752999998,20.735787999998138
N554V,30592.976603,47.49163799999951
N554W,30531.438143,-14.046822000000247
N554Y,30621.070245,75.58527999999933
N560A,30545.484965,0.0
N560C,30545.484965,0.0
N560D,30130.769245,-414.71572000000015
N560E,30130.769245,-414.71572000000015
N560F,30534.782625,-10.702339999999822
N560G,30545.484965,0.0
N560H,30545.484965,0.0
N560I,30533.444829,-12.04013599999962
N560K,30296.655533,-248.82943199999863
N560L,30522.742489,-22.742475999999442
N560M,30545.484965,0.0
N560P,30296.655533,-248.82943199999863
N560Q,30533.444829,-12.04013599999962
N560R,30296.655533,-248.82943199999863
N560S,30545.484965,0.0
N560T,30545.484965,0.0
N560V,30545.484965,0.0
N560W,30511.371251,-34.11371399999916
N560Y,30515.05018,-30.434785000001284
N562A,30545.484965,0.0
N562C,30379.598676999998,-165.8862880000015
N562D,30130.769245,-414.71572000000015
N562E,30379.598676999998,-165.8862880000015
N562F,30539.464897,-6.020067999997991
N562G,30379.598676999998,-165.8862880000015
N562H,30379.598676999998,-165.8862880000015
N562I,30545.484965,0.0
N562K,30379.598676999998,-165.8862880000015
N562L,30545.484965,0.0
N562M,30545.484965,0.0
N562P,30379.598676999998,-165.8862880000015
N562Q,30534.113727,-11.371237999999721
N562R,30379.598676999998,-165.8862880000015
N562S,30545.484965,0.0
N562T,30545.484965,0.0
N562V,30545.484965,0.0
N562W,30545.484965,0.0
N562Y,30545.484965,0.0
N57A,30545.484965,0.0
N57C,30545.484965,0.0
N57D,30545.484965,0.0
N57E,30545.484965,0.0
N57F,30545.484965,0.0
N57G,30545.484965,0.0
N57H,30545.484965,0.0
N57I,30545.484965,0.0
N57K,30545.484965,0.0
N57L,30545.484965,0.0
N57M,30545.484965,0.0
N57P,30545.484965,0.0
N57Q,30545.484965,0.0
N57R,30545.484965,0.0
N57S,30545.484965,0.0
N57T,30545.484965,0.0
N57V,30545.484965,0.0
N57W,30545.484965,0.0
N57Y,30545.484965,0.0
N607A,30545.484965,0.0
N607C,30545.484965,0.0
N607D,30545.484965,0.0
N607E,30545.484965,0.0
N607F,30545.484965,0.0
N607G,30545.484965,0.0
N607H,30545.484965,0.0
N607I,30545.484965,0.0
N607K,30545.484965,0.0
N607L,30545.484965,0.0
N607M,30545.484965,0.0
N607P,30545.484965,0.0
N607Q,30545.484965,0.0
N607R,30545.484965,0.0
N607S,30545.484965,0.0
N607T,30545.484965,0.0
N607V,30545.484965,0.0
N607W,30545.484965,0.0
N607Y,30545.484965,0.0
N619A,30545.484965,0.0
N619C,30545.484965,0.0
N619D,30545.484965,0.0
N619E,30545.484965,0.0
N619F,31097.324429,551.8394640000006
N619G,30545.484965,0.0
N619H,30545.484965,0.0
N619I,31101.337805,555.8528399999996
N619K,30545.484965,0.0
N619L,31025.083625,479.59865999999965
N619M,30545.484965,0.0
N619P,30545.484965,0.0
N619Q,30545.484965,0.0
N619R,30545.484965,0.0
N619S,31009.030114999998,463.5451499999981
N619T,31025.083625,479.59865999999965
N619V,30545.484965,0.0
N619W,31067.224097,521.7391319999988
N619Y,31111.371251,565.8862860000008
N620A,30545.484965,0.0
N620C,30545.484965,0.0
N620D,30545.484965,0.0
N620E,30545.484965,0.0
N620F,30975.25085,429.7658850000007
N620G,30545.484965,0.0
N620H,30545.484965,0.0
N620I,30980.267575,434.782610000002
N620K,30545.484965,0.0
N620L,30545.484965,0.0
N620M,30545.484965,0.0
N620P,30545.484965,0.0
N620Q,30545.484965,0.0
N620R,30545.484965,0.0
N620S,30545.484965,0.0
N620T,30545.484965,0.0
N620V,30545.484965,0.0
N620W,30945.150515,399.66555000000153
N620Y,30981.939815,436.4548500000019
N623A,30553.511717,8.02675200000158
N623C,30569.565231,24.080266000000847
N623D,30522.742481999998,-22.742483000001812
N623E,30568.561887,23.076922000000195
N623F,30557.190641999998,11.705676999998104
N623G,30539.799345,-5.685620000000199
N623H,30533.77927,-11.70569500000056
N623I,30549.832782,4.347817000001669
N623K,30369.899675,-175.58528999999908
N623L,30553.511721,8.026755999999295
N623M,30537.123752,-8.361213000000134
N623P,29577.257535,-968.227429999999
N623Q,30551.170575,5.685610000000452
N623R,29577.257535,-968.227429999999
N623S,30521.07024,-24.414724999998725
N623T,30456.856194,-88.62877099999969
N623V,30557.525098000002,12.040133000002243
N623W,30629.097004,83.61203899999964
N623Y,30553.846169,8.361204000000726
N647A,30524.080285,-21.404679999999644
N647C,30517.056875,-28.428090000001248
N647D,30517.056875,-28.428090000001248
N647E,30552.842825,7.357860000000073
N647F,30852.842825,307.3578600000001
N647G,30517.056875,-28.428090000001248
N647H,30604.347845,58.86288000000059
N647I,30708.361222,162.8762569999999
N647K,30517.056875,-28.428090000001248
N647L,30739.799350999998,194.3143859999982
N647M,30448.829449,-96.6555159999989
N647P,30342.474935000002,-203.01002999999764
N647Q,30778.929785,233.44482000000062
N647R,30517.056875,-28.428090000001248
N647S,30476.923097,-68.56186800000069
N647T,30573.913063,28.42809800000032
N647V,30545.484965,0.0
N647W,30564.548511,19.063546000001224
N647Y,30699.331121,153.8461559999996
N69A,30545.484965,0.0
N69C,30545.484965,0.0
N69D,30304.682288,-240.80267699999968
N69E,30465.217406,-80.26755899999989
N69F,30572.240817,26.75585200000205
N69G,30545.484965,0.0
N69H,30465.217406,-80.26755899999989
N69I,30573.578609,28.093644000000495
N69K,30465.217406,-80.26755899999989
N69L,30545.484965,0.0
N69M,30545.484965,0.0
N69P,30545.484965,0.0
N69Q,30545.484965,0.0
N69R,30465.217406,-80.26755899999989
N69S,30545.484965,0.0
N69T,30545.484965,0.0
N69V,30545.484965,0.0
N69W,30545.484965,0.0
N69Y,30577.591985,32.107019999999466
N87A,30545.484965,0.0
N87C,30545.484965,0.0
N87D,30545.484965,0.0
N87E,30545.484965,0.0
N87F,31348.160555000002,802.6755900000026
N87G,30545.484965,0.0
N87H,30545.484965,0.0
N87I,31344.816065000003,799.3311000000031
N87K,30545.484965,0.0
N87L,31318.060215,772.5752500000017
N87M,30545.484965,0.0
N87P,30545.484965,0.0
N87Q,31344.816065000003,799.3311000000031
N87R,30545.484965,0.0
N87S,30545.484965,0.0
N87T,30545.484965,0.0
N87V,30545.484965,0.0
N87W,30545.484965,0.0
N87Y,31338.127105,792.6421399999999
N89A,31184.949845000003,639.4648800000032
N89C,31168.896333,623.411368000001
N89D,31184.949845000003,639.4648800000032
N89E,31163.545165000003,618.0602000000035
N89F,31486.287643000003,940.8026780000037
N89G,30545.484965,0.0
N89H,30545.484965,0.0
N89I,31461.872926,916.3879610000004
N89K,30545.484965,0.0
N89L,31187.625437000002,642.1404720000028
N89M,30545.484965,0.0
N89P,30545.484965,0.0
N89Q,31192.976605,647.4916400000002
N89R,30545.484965,0.0
N89S,30545.484965,0.0
N89T,30545.484965,0.0
N89V,31184.949845000003,639.4648800000032
N89W,31439.464898000002,893.9799330000023
N89Y,31465.217409,919.7324440000011
P122A,30778.595331,233.1103660000008
P122C,30781.270919000002,235.78595400000268
P122D,30778.595331,233.1103660000008
P122E,30781.270919000002,235.78595400000268
P122F,30794.648843000003,249.16387800000302
P122G,30781.270919000002,235.78595400000268
P122H,30781.270919000002,235.78595400000268
P122I,30792.976606,247.49164100000053
P122K,30545.484965,0.0
P122L,30786.622087000003,241.13712200000373
P122M,30781.270919000002,235.78595400000268
P122N,30781.270919000002,235.78595400000268
P122Q,30787.959883000003,242.47491800000353
P122R,30545.484965,0.0
P122S,30781.270919000002,235.78595400000268
P122T,30781.270919000002,235.78595400000268
P122V,30778.595331,233.1103660000008
P122W,30781.270919000002,235.78595400000268
P122Y,30793.645498,248.16053300000203
P143A,30913.377941000002,367.8929760000028
P143C,30545.484965,0.0
P143D,30545.484965,0.0
P143E,30545.484965,0.0
P143F,31281.270917,735.785952000002
P143G,30545.484965,0.0
P143H,30545.484965,0.0
P143I,31005.351185,459.8662199999999
P143K,30545.484965,0.0
P143L,30913.377941000002,367.8929760000028
P143M,30545.484965,0.0
P143N,30913.377941000002,367.8929760000028
P143Q,30545.484965,0.0
P143R,30545.484965,0.0
P143S,30545.484965,0.0
P143T,30913.377941000002,367.8929760000028
P143V,30545.484965,0.0
P143W,30913.377941000002,367.8929760000028
P143Y,31005.351185,459.8662199999999
P159A,31027.424764000003,481.9397990000034
P159C,30956.187308,410.70234300000084
P159D,30949.163895,403.67893000000186
P159E,31034.782625,489.2976600000002
P159F,31077.591989,532.1070240000008
P159G,30941.471587,395.98662200000035
P159H,31031.77259,486.28762500000084
P159I,31069.230783,523.7458179999994
P159K,31023.076936,477.59197100000165
P159L,31056.521755,511.03679000000193
P159M,30950.501686,405.01672099999996
P159N,31032.107039000002,486.6220740000026
P159Q,30983.946505,438.46154000000024
P159R,30948.495000000003,403.010035000003
P159S,31072.575265,527.0902999999998
P159T,31026.755867,481.2709020000002
P159V,31045.484965000003,500.00000000000364
P159W,31121.070252,575.5852870000017
P159Y,31065.217407,519.7324420000004
P16A,30545.484965,0.0
P16C,30545.484965,0.0
P16D,30545.484965,0.0
P16E,30545.484965,0.0
P16F,31009.030115,463.54515000000174
P16G,30545.484965,0.0
P16H,30545.484965,0.0
P16I,31025.083625,479.59865999999965
P16K,30545.484965,0.0
P16L,31017.056873,471.5719080000017
P16M,30545.484965,0.0
P16N,30545.484965,0.0
P16Q,30545.484965,0.0
P16R,30545.484965,0.0
P16S,30545.484965,0.0
P16T,30545.484965,0.0
P16V,30545.484965,0.0
P16W,30545.484965,0.0
P16Y,31104.347839000002,558.8628740000022
P177A,30545.484965,0.0
P177C,30545.484965,0.0
P177D,30545.484965,0.0
P177E,30545.484965,0.0
P177F,30712.040147,166.55518200000006
P177G,30545.484965,0.0
P177H,30545.484965,0.0
P177I,30728.093657,182.6086920000016
P177K,30545.484965,0.0
P177L,30706.020083000003,160.53511800000342
P177M,30545.484965,0.0
P177N,30545.484965,0.0
P177Q,30545.484965,0.0
P177R,30545.484965,0.0
P177S,30545.484965,0.0
P177T,30706.020083000003,160.53511800000342
P177V,30545.484965,0.0
P177W,30687.959879000002,142.47491400000217
P177Y,30744.147173,198.66220800000156
P179A,30545.484965,0.0
P179C,30545.484965,0.0
P179D,30545.484965,0.0
P179E,30545.484965,0.0
P179F,30545.484965,0.0
P179G,30545.484965,0.0
P179H,30545.484965,0.0
P179I,30545.484965,0.0
P179K,30545.484965,0.0
P179L,30545.484965,0.0
P179M,30545.484965,0.0
P179N,30545.484965,0.0
P179Q,30545.484965,0.0
P179R,30545.484965,0.0
P179S,30545.484965,0.0
P179T,30545.484965,0.0
P179V,30545.484965,0.0
P179W,30545.484965,0.0
P179Y,30545.484965,0.0
P186A,30883.946505,338.46154000000024
P186C,30890.635465,345.15049999999974
P186D,30545.484965,0.0
P186E,30545.484965,0.0
P186F,30913.377941,367.8929759999992
P186G,30867.892993,322.40802800000165
P186H,30863.879613,318.3946480000013
P186I,31047.826103,502.3411379999998
P186K,30545.484965,0.0
P186L,30894.648845,349.16388000000006
P186M,30865.217405,319.73243999999977
P186N,30893.311053,347.8260880000016
P186Q,30894.648845,349.16388000000006
P186R,30854.515065,309.03009999999995
P186S,30891.973261,346.48829599999954
P186T,30861.204029,315.7190640000008
P186V,30913.377941,367.8929759999992
P186W,30917.391321000003,371.90635600000314
P186Y,31054.515065,509.03009999999995
P191A,30635.785973,90.30100799999855
P191C,30589.632125,44.14716000000044
P191D,30065.886305,-479.59865999999965
P191E,30539.464901,-6.020064000000275
P191F,30834.113732,288.628767000002
P191G,30549.498347,4.013382000001002
P191H,30617.725769,72.24080400000094
P191I,30741.137141,195.6521759999996
P191K,30611.705705,66.22074000000066
P191L,30651.839483,106.3545180000001
P191M,30595.652189,50.167224000000715
P191N,30649.832795000002,104.34783000000243
P191Q,30587.625437000002,42.140472000002774
P191R,30577.591991,32.1070260000015
P191S,30605.685635,60.20067000000199
P191T,30631.772591,86.28762600000118
P191V,30709.699013,164.21404800000164
P191W,30834.448177,288.96321199999875
P191Y,30742.140485,196.65552000000025
P194A,30545.484965,0.0
P194C,30545.484965,0.0
P194D,30545.484965,0.0
P194E,30545.484965,0.0
P194F,30625.418075,79.93311000000176
P194G,30545.484965,0.0
P194H,30545.484965,0.0
P194I,30627.09032,81.60535499999969
P194K,30545.484965,0.0
P194L,30625.418075,79.93311000000176
P194M,30545.484965,0.0
P194N,30625.418075,79.93311000000176
P194Q,30625.418075,79.93311000000176
P194R,30545.484965,0.0
P194S,30545.484965,0.0
P194T,30545.484965,0.0
P194V,30625.418075,79.93311000000176
P194W,30625.418075,79.93311000000176
P194Y,30628.762560000003,83.2775950000032
P201A,30809.699011,264.21404600000096
P201C,30794.983289,249.49832400000014
P201D,30362.207373,-183.27759199999855
P201E,30362.207373,-183.27759199999855
P201F,30797.32443,251.83946500000093
P201G,30619.063557,73.57859200000166
P201H,30338.796001000002,-206.6889639999972
P201I,30868.561887,323.0769220000002
P201K,30334.782623,-210.7023420000005
P201L,30851.505033,306.02006800000163
P201M,30648.494997,103.01003200000196
P201N,30861.872927,316.3879620000007
P201Q,30794.983289,249.49832400000014
P201R,30362.207373,-183.27759199999855
P201S,30774.247507,228.7625420000004
P201T,30639.464899,93.97993399999905
P201V,30801.003357,255.51839200000177
P201W,30806.020082000003,260.5351170000031
P201Y,30872.909712,327.42474700000093
P221A,30700.000015,154.5150500000018
P221C,30545.484965,0.0
P221D,30545.484965,0.0
P221E,30545.484965,0.0
P221F,31025.083625,479.59865999999965
P221G,30545.484965,0.0
P221H,30545.484965,0.0
P221I,31027.090319000003,481.605354000003
P221K,30545.484965,0.0
P221L,30545.484965,0.0
P221M,30545.484965,0.0
P221N,30545.484965,0.0
P221Q,30545.484965,0.0
P221R,30545.484965,0.0
P221S,30545.484965,0.0
P221T,30545.484965,0.0
P221V,30545.484965,0.0
P221W,30545.484965,0.0
P221Y,31029.097007,483.61204200000066
P232A,31025.083625,479.59865999999965
P232C,30865.217405,319.73243999999977
P232D,30305.685635,-239.799329999998
P232E,30545.484965,0.0
P232F,30865.217405,319.73243999999977
P232G,30545.484965,0.0
P232H,30545.484965,0.0
P232I,30843.812725,298.3277600000001
P232K,30545.484965,0.0
P232L,30865.217405,319.73243999999977
P232M,30625.418075,79.93311000000176
P232N,31025.083625,479.59865999999965
P232Q,30865.217405,319.73243999999977
P232R,30545.484965,0.0
P232S,30865.217405,319.73243999999977
P232T,30545.484965,0.0
P232V,30865.217405,319.73243999999977
P232W,30861.204029,315.7190640000008
P232Y,30865.217405,319.73243999999977
P252A,30545.484965,0.0
P252C,30545.484965,0.0
P252D,30545.484965,0.0
P252E,30545.484965,0.0
P252F,31285.953193,740.4682280000015
P252G,30545.484965,0.0
P252H,30545.484965,0.0
P252I,31246.822758000002,701.3377930000024
P252K,30545.484965,0.0
P252L,31097.993327,552.5083620000005
P252M,30545.484965,0.0
P252N,31009.030115,463.54515000000174
P252Q,31105.016735,559.5317700000014
P252R,30545.484965,0.0
P252S,30545.484965,0.0
P252T,30545.484965,0.0
P252V,31126.086973,580.6020080000017
P252W,31061.204027,515.7190620000001
P252Y,31262.207373,716.7224080000015
P27A,30886.622089,341.13712400000077
P27C,30545.484965,0.0
P27D,30545.484965,0.0
P27E,30867.892993,322.40802800000165
P27F,30984.615400000002,439.13043500000276
P27G,30545.484965,0.0
P27H,30866.555201000003,321.0702360000032
P27I,30996.989981000002,451.5050160000028
P27K,30865.217405000003,319.7324400000034
P27L,30897.324429,351.8394640000006
P27M,30858.528445,313.0434800000003
P27N,30894.648845,349.16388000000006
P27Q,30545.484965,0.0
P27R,30545.484965,0.0
P27S,30865.217405000003,319.7324400000034
P27T,30881.270917,335.785952000002
P27V,30866.555201000003,321.0702360000032
P27W,30953.846169,408.3612040000007
P27Y,31000.000017000002,454.51505200000247
P285A,30768.56189,223.0769250000012
P285C,30761.538475,216.05351000000155
P285D,30087.290985,-458.19398
P285E,30488.62878,-56.85618500000055
P285F,30737.123760000002,191.63879500000257
P285G,30653.177271,107.69230600000083
P285H,30719.398006000003,173.91304100000343
P285I,30739.464895,193.97993000000133
P285K,30639.130449,93.64548400000058
P285L,30664.21406,118.72909499999878
P285M,30770.903026,225.4180610000003
P285N,30773.244162000003,227.75919700000304
P285Q,30761.538475,216.05351000000155
P285R,30728.762557000002,183.2775920000022
P285S,30647.826102,102.34113699999943
P285T,30663.210715,117.72575000000143
P285V,30675.250851,129.76588600000105
P285W,30703.344498,157.85953299999892
P285Y,30750.501686000003,205.0167210000036
P287A,30637.123761000003,91.63879600000291
P287C,30637.123761000003,91.63879600000291
P287D,30087.290985,-458.19398
P287E,30545.484965,0.0
P287F,30637.123761000003,91.63879600000291
P287G,30637.123761000003,91.63879600000291
P287H,30637.123761000003,91.63879600000291
P287I,30637.123761000003,91.63879600000291
P287K,30637.123761000003,91.63879600000291
P287L,30637.123761000003,91.63879600000291
P287M,30637.123761000003,91.63879600000291
P287N,30637.123761000003,91.63879600000291
P287Q,30637.123761000003,91.63879600000291
P287R,30637.123761000003,91.63879600000291
P287S,30637.123761000003,91.63879600000291
P287T,30637.123761000003,91.63879600000291
P287V,30637.123761000003,91.63879600000291
P287W,30637.123761000003,91.63879600000291
P287Y,30637.123761000003,91.63879600000291
P327A,30720.066898999998,174.581933999998
P327C,30759.531787,214.04682200000025
P327D,30585.618743,40.13377799999944
P327E,30759.531787,214.04682200000025
P327F,30720.401352,174.91638700000112
P327G,30579.598673,34.11370800000077
P327H,30703.344491,157.8595260000002
P327I,30744.147172,198.66220700000122
P327K,30711.371251,165.88628600000084
P327L,30733.444825000002,187.95986000000266
P327M,30783.612051,238.12708600000042
P327N,30731.438141000002,185.9531760000027
P327Q,30762.207371000004,216.7224060000044
P327R,30545.484965,0.0
P327S,30764.882955,219.3979900000013
P327T,30714.046835,168.56187000000136
P327V,30791.638811,246.15384600000107
P327W,30748.829445000003,203.3444800000034
P327Y,30751.50503,206.0200650000006
P336A,30945.150514999998,399.6655499999979
P336C,30705.351185,159.86621999999988
P336D,30945.150514999998,399.6655499999979
P336E,30705.351185,159.86621999999988
P336F,31080.602027,535.1170620000012
P336G,30705.351185,159.86621999999988
P336H,30705.351185,159.86621999999988
P336I,31092.642154999998,547.1571899999981
P336K,30705.351185,159.86621999999988
P336L,30954.18062,408.69565499999953
P336M,30705.351185,159.86621999999988
P336N,30705.351185,159.86621999999988
P336Q,30945.150514999998,399.6655499999979
P336R,30705.351185,159.86621999999988
P336S,30707.357879,161.87291399999958
P336T,30711.371255,165.88628999999855
P336V,30945.150514999998,399.6655499999979
P336W,30945.484965,400.0
P336Y,31098.662227999997,553.1772629999978
P33A,30605.685635,60.20067000000199
P33C,30625.75253,80.26756500000192
P33D,30547.15721,1.672245000001567
P33E,30600.668915000002,55.18395000000237
P33F,30564.214065,18.72910000000047
P33G,30562.207385,16.722420000001875
P33H,29824.080287,-721.404677999999
P33I,30572.909716000002,27.42475100000229
P33K,29828.093669,-717.391295999998
P33L,30585.618755000003,40.1337900000035
P33M,30583.946505,38.46154000000024
P33N,30598.99668,53.51171500000055
P33Q,30577.257540000002,31.77257500000269
P33R,29826.086975000002,-719.3979899999977
P33S,30573.913065,28.428100000000995
P33T,30578.929785,33.44482000000062
P33V,30590.635475000003,45.15051000000312
P33W,30540.802701,-4.6822639999991225
P33Y,30584.280963,38.79599800000142
P342A,31025.083625,479.59865999999965
P342C,31009.030114999998,463.5451499999981
P342D,31025.083625,479.59865999999965
P342E,31248.829445,703.3444799999997
P342F,31327.090315999998,781.6053509999983
P342G,30545.484965,0.0
P342H,30545.484965,0.0
P342I,31318.060217000002,772.5752520000024
P342K,30545.484965,0.0
P342L,31268.89634,723.4113749999997
P342M,30545.484965,0.0
P342N,30545.484965,0.0
P342Q,31029.097007,483.61204200000066
P342R,30545.484965,0.0
P342S,31267.892996,722.408030999999
P342T,31273.91306,728.4280949999993
P342V,31025.083625,479.59865999999965
P342W,31272.240816,726.7558510000017
P342Y,31318.06022,772.5752549999997
P373A,30785.284295,239.79933000000165
P373C,30785.284295,239.79933000000165
P373D,30785.284295,239.79933000000165
P373E,30785.284295,239.79933000000165
P373F,30777.257539,231.7725739999987
P373G,30705.351185,159.86621999999988
P373H,30545.484965,0.0
P373I,30785.284295,239.79933000000165
P373K,30545.484965,0.0
P373L,30785.284295,239.79933000000165
P373M,30705.351185,159.86621999999988
P373N,30785.284295,239.79933000000165
P373Q,30785.284295,239.79933000000165
P373R,30545.484965,0.0
P373S,30785.284295,239.79933000000165
P373T,30785.284295,239.79933000000165
P373V,30777.257539,231.7725739999987
P373W,30785.284295,239.79933000000165
P373Y,30772.240819,226.7558539999991
P402A,30545.484965,0.0
P402C,30545.484965,0.0
P402D,30545.484965,0.0
P402E,30545.484965,0.0
P402F,31154.180619,608.6956539999992
P402G,30545.484965,0.0
P402H,30545.484965,0.0
P402I,31156.521754999998,611.0367899999983
P402K,30545.484965,0.0
P402L,30545.484965,0.0
P402M,30545.484965,0.0
P402N,30545.484965,0.0
P402Q,30545.484965,0.0
P402R,30545.484965,0.0
P402S,30545.484965,0.0
P402T,30545.484965,0.0
P402V,30545.484965,0.0
P402W,31107.357878,561.8729129999992
P402Y,31165.886306,620.4013410000007
P426A,30545.484965,0.0
P426C,30545.484965,0.0
P426D,30545.484965,0.0
P426E,30545.484965,0.0
P426F,31027.090319,481.60535399999935
P426G,30545.484965,0.0
P426H,30545.484965,0.0
P426I,31089.297677,543.812711999999
P426K,30545.484965,0.0
P426L,30545.484965,0.0
P426M,30545.484965,0.0
P426N,30545.484965,0.0
P426Q,30545.484965,0.0
P426R,30545.484965,0.0
P426S,30545.484965,0.0
P426T,30545.484965,0.0
P426V,31027.090319,481.60535399999935
P426W,31029.097007,483.61204200000066
P426Y,30982.274261,436.789295999999
P445A,30545.484965,0.0
P445C,30545.484965,0.0
P445D,30545.484965,0.0
P445E,30545.484965,0.0
P445F,30961.204029999997,415.7190649999975
P445G,30545.484965,0.0
P445H,30545.484965,0.0
P445I,30813.377942,267.8929769999995
P445K,30545.484965,0.0
P445L,30777.25754,231.77257499999905
P445M,30545.484965,0.0
P445N,30545.484965,0.0
P445Q,30545.484965,0.0
P445R,30545.484965,0.0
P445S,30545.484965,0.0
P445T,30777.25754,231.77257499999905
P445V,30931.772589999997,386.2876249999972
P445W,30931.772589999997,386.2876249999972
P445Y,30829.431452,283.94648700000107
P449A,30705.351185,159.86621999999988
P449C,30854.515065,309.03009999999995
P449D,30545.484965,0.0
P449E,30545.484965,0.0
P449F,30870.568577,325.08361199999854
P449G,30705.351185,159.86621999999988
P449H,30700.000015,154.5150500000018
P449I,30862.541821,317.05685599999924
P449K,30545.484965,0.0
P449L,30861.204027,315.7190620000001
P449M,30700.000015,154.5150500000018
P449N,30861.872925,316.38796
P449Q,30859.866234999998,314.38126999999804
P449R,30545.484965,0.0
P449S,30854.515065,309.03009999999995
P449T,30700.000015,154.5150500000018
P449V,30871.906369,326.4214040000006
P449W,30873.913059,328.42809399999896
P449Y,30863.879613,318.3946480000013
P471A,30545.484965,0.0
P471C,30545.484965,0.0
P471D,30450.836135999998,-94.64882900000157
P471E,30545.484965,0.0
P471F,30541.471590999998,-4.013374000001932
P471G,30545.484965,0.0
P471H,30545.484965,0.0
P471I,30562.207374999998,16.72240999999849
P471K,30545.484965,0.0
P471L,30505.351189999998,-40.13377500000206
P471M,30454.515066,-90.96989899999971
P471N,30457.190651,-88.29431399999885
P471Q,30545.484965,0.0
P471R,30545.484965,0.0
P471S,30486.95654,-58.528425000000425
P471T,30505.351189999998,-40.13377500000206
P471V,30449.163899,-96.32106600000043
P471W,30532.10704,-13.377925000000687
P471Y,30544.816070999997,-0.668894000002183
P486A,31025.083625,479.59865999999965
P486C,30545.484965,0.0
P486D,30545.484965,0.0
P486E,30545.484965,0.0
P486F,31112.040149999997,566.5551849999974
P486G,30545.484965,0.0
P486H,30545.484965,0.0
P486I,31059.197339,513.7123739999988
P486K,30545.484965,0.0
P486L,31045.150517,499.66555199999857
P486M,30545.484965,0.0
P486N,31033.110383,487.6254179999996
P486Q,30545.484965,0.0
P486R,30545.484965,0.0
P486S,30545.484965,0.0
P486T,31025.083625,479.59865999999965
P486V,30545.484965,0.0
P486W,31156.521754999998,611.0367899999983
P486Y,31061.204027,515.7190620000001
P492A,30946.488310999997,401.0033459999977
P492C,30945.484964,399.99999899999966
P492D,30866.555201,321.07023599999957
P492E,30945.484964,399.99999899999966
P492F,30978.595331,433.1103660000008
P492G,30931.772589999997,386.2876249999972
P492H,30545.484965,0.0
P492I,30960.86958,415.38461499999903
P492K,30545.484965,0.0
P492L,30950.501689,405.016724000001
P492M,30854.515065,309.03009999999995
P492N,30948.495,403.01003499999933
P492Q,30964.548509,419.06354400000055
P492R,30545.484965,0.0
P492S,30948.495,403.01003499999933
P492T,30854.515065,309.03009999999995
P492V,30954.515067,409.0301020000006
P492W,30995.31774,449.83277499999895
P492Y,31109.030114999998,563.5451499999981
P496A,30910.702353999997,365.21738899999764
P496C,30676.254194999998,130.76922999999806
P496D,30537.12376,-8.361205000001064
P496E,30525.418074999998,-20.066890000001877
P496F,30940.802686,395.31772099999944
P496G,30659.866235999998,114.38127099999838
P496H,30653.846165,108.36119999999937
P496I,30855.183958999998,309.6989939999985
P496K,30632.775935,87.29097000000183
P496L,30912.040146,366.5551809999997
P496M,30903.344493,357.85952800000086
P496N,30907.69232,362.20735499999864
P496Q,30682.274259,136.78929400000197
P496R,30637.12376,91.63879499999894
P496S,30659.531785,114.04681999999957
P496T,30663.87961,118.39464500000031
P496V,30925.418072,379.93310700000075
P496W,30828.762552999997,283.2775879999972
P496Y,30934.782621,389.2976559999988
P501A,30771.237473999998,225.7525089999981
P501C,30811.371253999998,265.8862889999982
P501D,30634.113728,88.62876300000062
P501E,30634.113728,88.62876300000062
P501F,30794.648844,249.16387899999972
P501G,30634.113728,88.62876300000062
P501H,30767.892989,222.4080240000003
P501I,30804.682289,259.19732400000066
P501K,30811.371253999998,265.8862889999982
P501L,30803.010049,257.5250840000008
P501M,30811.371253999998,265.8862889999982
P501N,30797.993324,252.50835899999947
P501Q,30811.371253999998,265.8862889999982
P501R,30811.371253999998,265.8862889999982
P501S,30811.371253999998,265.8862889999982
P501T,30769.565233999998,224.08026899999822
P501V,30767.892989,222.4080240000003
P501W,30811.371253999998,265.8862889999982
P501Y,30804.682289,259.19732400000066
P511A,30611.705705,66.22074000000066
P511C,30595.652189,50.167224000000715
P511D,30611.705705,66.22074000000066
P511E,30595.652189,50.167224000000715
P511F,30646.488309999997,101.00334499999735
P511G,30585.618748999997,40.13378399999783
P511H,30251.839479,-293.64548600000126
P511I,30648.829445,103.34447999999975
P511K,30545.484965,0.0
P511L,30600.668911999997,55.183946999997715
P511M,30589.632125,44.14716000000044
P511N,30587.625437,42.140471999999136
P511Q,30623.745839,78.2608739999996
P511R,30215.719083,-329.7658819999997
P511S,30577.591990999998,32.10702599999786
P511T,30572.575268,27.09030300000086
P511V,30609.03012,63.545154999999795
P511W,30575.919748,30.434783000000607
P511Y,30644.816068999997,99.33110399999714
P526A,31140.802682999998,595.3177179999984
P526C,31206.354532999998,660.8695679999983
P526D,30297.658876999998,-247.82608800000162
P526E,30545.484965,0.0
P526F,31347.157204,801.6722389999995
P526G,31206.354532999998,660.8695679999983
P526H,31041.137141,495.6521759999996
P526I,31367.224099,821.7391339999995
P526K,31041.137141,495.6521759999996
P526L,31170.568581,625.0836159999999
P526M,31168.896329,623.4113639999996
P526N,31168.896329,623.4113639999996
P526Q,31206.354532999998,660.8695679999983
P526R,31041.137141,495.6521759999996
P526S,31171.571914999997,626.0869499999972
P526T,31175.919751999998,630.4347869999983
P526V,31168.896329,623.4113639999996
P526W,31280.267567,734.7826019999993
P526Y,31381.270913,835.7859480000006
P553A,30701.337803,155.85283799999888
P553C,30608.026772,62.54180700000143
P553D,30588.963219,43.47825400000147
P553E,30580.267573,34.782608000001346
P553F,30712.709038999998,167.22407399999793
P553G,30668.896332,123.41136700000061
P553H,30643.143824,97.65885899999921
P553I,30701.003355,155.5183900000011
P553K,30640.802687,95.31772199999978
P553L,30698.996670999997,153.5117059999975
P553M,30661.538473999997,116.05350899999758
P553N,30683.61205,138.12708500000008
P553Q,30665.8863,120.40133499999865
P553R,30611.705695,66.22073000000091
P553S,30670.90302,125.41805500000191
P553T,30674.916398999998,129.43143399999826
P553V,30682.943156999998,137.45819199999823
P553W,30702.675602,157.1906369999997
P553Y,30719.398005,173.91303999999946
P567A,30545.484965,0.0
P567C,30877.257541,331.7725759999994
P567D,30545.484965,0.0
P567E,30877.257541,331.7725759999994
P567F,31209.030117,663.5451519999988
P567G,30545.484965,0.0
P567H,30877.257541,331.7725759999994
P567I,30877.257541,331.7725759999994
P567K,30545.484965,0.0
P567L,30960.200685,414.71572000000015
P567M,30960.200685,414.71572000000015
P567N,30960.200685,414.71572000000015
P567Q,30877.257541,331.7725759999994
P567R,30628.428108999997,82.94314399999712
P567S,30877.257541,331.7725759999994
P567T,30877.257541,331.7725759999994
P567V,31126.086973,580.6020080000017
P567W,31209.030117,663.5451519999988
P567Y,30960.200685,414.71572000000015
P614A,31266.889649,721.404684000001
P614C,31267.892996,722.408030999999
P614D,31163.545165,618.0601999999999
P614E,31264.882955,719.3979900000013
P614F,31273.24416,727.7591949999987
P614G,31261.872928,716.387963000001
P614H,31105.016735,559.5317700000014
P614I,31265.886301,720.401335999999
P614K,31086.28764,540.802674999999
P614L,31265.8863,720.4013349999987
P614M,31105.016735,559.5317700000014
P614N,31267.892996,722.408030999999
P614Q,31267.558541,722.0735759999989
P614R,30545.484965,0.0
P614S,31246.822758,701.3377929999988
P614T,31105.016735,559.5317700000014
P614V,31269.899677999998,724.4147129999983
P614W,31281.605363,736.1203979999991
P614Y,31268.227443,722.7424780000001
P630A,30575.585297,30.1003320000018
P630C,30545.484965,0.0
P630D,30304.682288,-240.80267699999968
P630E,30304.682288,-240.80267699999968
P630F,30599.331116,53.846151000001555
P630G,30545.484965,0.0
P630H,30545.484965,0.0
P630I,30616.053522,70.56855699999869
P630K,30543.478271,-2.0066939999996976
P630L,30591.304358,45.81939300000158
P630M,30537.458207,-8.026757999999973
P630N,30587.625431,42.14046600000074
P630Q,30545.484965,0.0
P630R,30545.484965,0.0
P630S,30540.468237,-5.016727999998693
P630T,30569.230778,23.745813000001363
P630V,30545.484965,0.0
P630W,30622.742486,77.25752099999954
P630Y,30622.073593,76.58862800000134
P638A,30875.25085,329.7658850000007
P638C,30641.13714,95.65217499999926
P638D,30565.551855,20.066890000001877
P638E,30640.133794999998,94.64882999999827
P638F,30923.411387,377.92642200000046
P638G,30625.418075999998,79.93311099999846
P638H,30554.849514999998,9.364549999998417
P638I,30833.77928,288.2943149999992
P638K,30545.484965,0.0
P638L,30886.956537,341.47157199999856
P638M,30879.264229,333.7792640000007
P638N,30869.899683,324.414718
P638Q,30650.836136,105.35117100000207
P638R,30545.484965,0.0
P638S,30863.545167,318.0602020000006
P638T,30799.331119,253.84615399999893
P638V,30891.973259,346.48829399999886
P638W,30807.357876,261.87291099999857
P638Y,30903.678945,358.19398
P652A,30872.240816,326.7558510000017
P652C,30865.217405,319.73243999999977
P652D,30865.217405,319.73243999999977
P652E,30865.217405,319.73243999999977
P652F,30901.003362,355.5183969999998
P652G,30859.866234999998,314.38126999999804
P652H,30865.217405,319.73243999999977
P652I,30908.361219,362.8762539999989
P652K,30861.872925,316.38796
P652L,30902.006705,356.52174000000014
P652M,30865.217405,319.73243999999977
P652N,30880.936471,335.45150600000125
P652Q,30865.217405,319.73243999999977
P652R,30865.217405,319.73243999999977
P652S,30851.83948,306.3545149999991
P652T,30870.23413,324.7491650000011
P652V,30859.866234999998,314.38126999999804
P652W,30920.401354999998,374.9163899999985
P652Y,30889.96657,344.48160500000085
P72A,30545.484965,0.0
P72C,30545.484965,0.0
P72D,30465.217406,-80.26755899999989
P72E,30545.484965,0.0
P72F,30545.484965,0.0
P72G,30545.484965,0.0
P72H,30465.217406,-80.26755899999989
P72I,30545.484965,0.0
P72K,30465.217406,-80.26755899999989
P72L,30545.484965,0.0
P72M,30545.484965,0.0
P72N,30545.484965,0.0
P72Q,30545.484965,0.0
P72R,30465.217406,-80.26755899999989
P72S,30545.484965,0.0
P72T,30545.484965,0.0
P72V,30545.484965,0.0
P72W,30545.484965,0.0
P72Y,30545.484965,0.0
P74A,30545.484965,0.0
P74C,30545.484965,0.0
P74D,30545.484965,0.0
P74E,30545.484965,0.0
P74F,30545.484965,0.0
P74G,30545.484965,0.0
P74H,30545.484965,0.0
P74I,30545.484965,0.0
P74K,30545.484965,0.0
P74L,30545.484965,0.0
P74M,30545.484965,0.0
P74N,30545.484965,0.0
P74Q,30545.484965,0.0
P74R,30545.484965,0.0
P74S,30545.484965,0.0
P74T,30545.484965,0.0
P74V,30545.484965,0.0
P74W,30545.484965,0.0
P74Y,30545.484965,0.0
P75A,30545.484965,0.0
P75C,30545.484965,0.0
P75D,30545.484965,0.0
P75E,30545.484965,0.0
P75F,30705.351185,159.86621999999988
P75G,30545.484965,0.0
P75H,30545.484965,0.0
P75I,30704.013393,158.52842800000144
P75K,30545.484965,0.0
P75L,30545.484965,0.0
P75M,30545.484965,0.0
P75N,30545.484965,0.0
P75Q,30705.351185,159.86621999999988
P75R,30545.484965,0.0
P75S,30545.484965,0.0
P75T,30545.484965,0.0
P75V,30545.484965,0.0
P75W,30545.484965,0.0
P75Y,30700.000015,154.5150500000018
P95A,31021.070249,475.5852840000007
P95C,30545.484965,0.0
P95D,30545.484965,0.0
P95E,30545.484965,0.0
P95F,31704.347837,1158.8628720000015
P95G,30545.484965,0.0
P95H,30545.484965,0.0
P95I,31637.792657,1092.3076920000021
P95K,30545.484965,0.0
P95L,31571.237472,1025.752507000001
P95M,31105.016735,559.5317700000014
P95N,31604.347846,1058.862881000001
P95Q,30545.484965,0.0
P95R,30545.484965,0.0
P95S,31086.287640000002,540.8026750000026
P95T,31009.030115,463.54515000000174
P95V,31025.083625,479.59865999999965
P95W,31574.247507000004,1028.762542000004
P95Y,31721.070247000003,1175.5852820000036
Q101A,30561.538477000002,16.05351200000223
Q101C,30514.715737000002,-30.769227999997383
Q101D,30540.133797000002,-5.351167999997415
Q101E,30537.458209,-8.026755999999295
Q101F,31091.973257,546.4882920000018
Q101G,30553.511721000003,8.026756000002933
Q101H,30544.147173,-1.3377919999984442
Q101I,31096.655533,551.1705680000014
Q101K,30542.809381,-2.6755840000005264
Q101L,31044.481621000003,498.996656000003
Q101M,30544.147173,-1.3377919999984442
Q101N,30553.511721000003,8.026756000002933
Q101P,30513.377941000002,-32.10702399999718
Q101R,30532.107041000003,-13.37792399999671
Q101S,31035.117073,489.6321080000016
Q101T,31042.474933,496.9899680000017
Q101V,30546.822757,1.3377920000020822
Q101W,31073.913057,528.4280920000019
Q101Y,31112.709047,567.2240820000006
Q158A,30545.484965,0.0
Q158C,30545.484965,0.0
Q158D,30059.866235,-485.6187299999983
Q158E,30545.484965,0.0
Q158F,30931.77259,386.28762500000084
Q158G,30545.484965,0.0
Q158H,30545.484965,0.0
Q158I,30545.484965,0.0
Q158K,30545.484965,0.0
Q158L,30545.484965,0.0
Q158M,30545.484965,0.0
Q158N,31031.103695,485.61873000000196
Q158P,30545.484965,0.0
Q158R,30545.484965,0.0
Q158S,30545.484965,0.0
Q158T,30545.484965,0.0
Q158V,30545.484965,0.0
Q158W,30545.484965,0.0
Q158Y,31031.103695,485.61873000000196
Q170A,30546.488307,1.003341999999975
Q170C,30532.441487,-13.043477999999595
Q170D,30575.919746,30.43478099999993
Q170E,30527.090315,-18.394649999998364
Q170F,30559.531786,14.046820999999909
Q170G,30530.434796,-15.050168999998277
Q170H,30518.060213,-27.42475199999899
Q170I,30543.812725,-1.6722399999998743
Q170K,30522.408042000003,-23.076922999996896
Q170L,30531.438141,-14.046824000000925
Q170M,30517.05687,-28.428094999999303
Q170N,30544.147171,-1.3377939999991213
Q170P,30509.699013,-35.78595199999836
Q170R,30514.046839000002,-31.438125999997283
Q170S,30526.755869,-18.729095999999117
Q170T,30540.133793,-5.351171999998769
Q170V,30565.886303,20.40133799999967
Q170W,30556.521753,11.036788000001252
Q170Y,30547.491654,2.006689000001643
Q178A,30545.484965,0.0
Q178C,30545.484965,0.0
Q178D,30545.484965,0.0
Q178E,30545.484965,0.0
Q178F,30545.484965,0.0
Q178G,30545.484965,0.0
Q178H,30545.484965,0.0
Q178I,30545.484965,0.0
Q178K,30545.484965,0.0
Q178L,30545.484965,0.0
Q178M,30545.484965,0.0
Q178N,30545.484965,0.0
Q178P,30465.217406,-80.26755899999989
Q178R,30545.484965,0.0
Q178S,30545.484965,0.0
Q178T,30545.484965,0.0
Q178V,30545.484965,0.0
Q178W,30545.484965,0.0
Q178Y,30545.484965,0.0
Q261A,30600.668909,55.18394400000034
Q261C,30546.488303000002,1.003338000002259
Q261D,30306.688973,-238.7959919999994
Q261E,30559.531784,14.046818999999232
Q261F,30556.187305,10.702339999999822
Q261G,30320.735795,-224.74916999999914
Q261H,30564.54851,19.063545000000886
Q261I,30584.615399000002,39.130434000002424
Q261K,30550.501682000002,5.016717000002245
Q261L,30588.628775,43.143810000001395
Q261M,30549.498344,4.013378999999986
Q261N,30594.648839,49.16387400000167
Q261P,29827.090313,-718.394651999999
Q261R,30290.635463,-254.84950200000094
Q261S,30548.494994,3.010029000000941
Q261T,30572.575265,27.090299999999843
Q261V,30552.508374,7.023409000001266
Q261W,30567.224092,21.739127000000735
Q261Y,30591.638807000003,46.15384200000335
Q290A,30545.484965,0.0
Q290C,30545.484965,0.0
Q290D,30545.484965,0.0
Q290E,30545.484965,0.0
Q290F,30637.123761000003,91.63879600000291
Q290G,30545.484965,0.0
Q290H,30545.484965,0.0
Q290I,30545.484965,0.0
Q290K,30545.484965,0.0
Q290L,30545.484965,0.0
Q290M,30637.123761000003,91.63879600000291
Q290N,30637.123761000003,91.63879600000291
Q290P,30545.484965,0.0
Q290R,30545.484965,0.0
Q290S,30545.484965,0.0
Q290T,30545.484965,0.0
Q290V,30637.123761000003,91.63879600000291
Q290W,30545.484965,0.0
Q290Y,30637.123761000003,91.63879600000291
Q296A,30545.484965,0.0
Q296C,30545.484965,0.0
Q296D,30545.484965,0.0
Q296E,30545.484965,0.0
Q296F,31363.545169,818.0602040000012
Q296G,30545.484965,0.0
Q296H,30545.484965,0.0
Q296I,31418.394665,872.9097000000002
Q296K,30545.484965,0.0
Q296L,30545.484965,0.0
Q296M,30545.484965,0.0
Q296N,30545.484965,0.0
Q296P,30545.484965,0.0
Q296R,30545.484965,0.0
Q296S,30545.484965,0.0
Q296T,30545.484965,0.0
Q296V,31190.301021,644.8160559999997
Q296W,31363.545161000002,818.0601960000022
Q296Y,31421.739145,876.2541799999999
Q349A,30521.404701,-24.08026400000017
Q349C,30510.702357,-34.782608000001346
Q349D,30521.404701,-24.08026400000017
Q349E,30510.702357,-34.782608000001346
Q349F,30553.511725,8.02676000000065
Q349G,30481.270916999998,-64.21404800000164
Q349H,29774.916405,-770.5685599999997
Q349I,30545.484965,0.0
Q349K,29774.916405,-770.5685599999997
Q349L,30532.107036999998,-13.377928000001702
Q349M,30502.675605,-42.80935999999929
Q349N,30491.973261,-53.511704000000464
Q349P,30430.434796999998,-115.05016800000158
Q349R,29774.916405,-770.5685599999997
Q349S,30475.919748999997,-69.56521600000269
Q349T,30502.675605,-42.80935999999929
Q349V,30521.404701,-24.08026400000017
Q349W,30478.595333,-66.88963199999853
Q349Y,30542.809381,-2.6755840000005264
Q370A,30630.769251,85.28428600000188
Q370C,30545.484965,0.0
Q370D,30545.484965,0.0
Q370E,30547.491659,2.0066939999996976
Q370F,30839.130451,293.64548600000126
Q370G,30533.779285,-11.70567999999912
Q370H,29985.953195,-559.5317700000014
Q370I,30747.15721,201.67224500000157
Q370K,29985.953195,-559.5317700000014
Q370L,30656.187306,110.70234100000016
Q370M,30531.438144,-14.046820999999909
Q370N,30668.227443,122.74247800000012
Q370P,29985.953195,-559.5317700000014
Q370R,29985.953195,-559.5317700000014
Q370S,30549.832796,4.3478309999991325
Q370T,30658.528449,113.04348400000163
Q370V,30732.441491,186.95652600000176
Q370W,30800.000017,254.51505199999883
Q370Y,30752.842827,207.35786200000075
Q395A,30545.484965,0.0
Q395C,30545.484965,0.0
Q395D,30545.484965,0.0
Q395E,30545.484965,0.0
Q395F,30545.484965,0.0
Q395G,30545.484965,0.0
Q395H,30545.484965,0.0
Q395I,30545.484965,0.0
Q395K,30545.484965,0.0
Q395L,30545.484965,0.0
Q395M,30545.484965,0.0
Q395N,30545.484965,0.0
Q395P,30545.484965,0.0
Q395R,30545.484965,0.0
Q395S,30545.484965,0.0
Q395T,30545.484965,0.0
Q395V,30545.484965,0.0
Q395W,30545.484965,0.0
Q395Y,30545.484965,0.0
Q45A,30545.484965,0.0
Q45C,30545.484965,0.0
Q45D,30545.484965,0.0
Q45E,30545.484965,0.0
Q45F,31629.765905,1084.2809400000006
Q45G,30545.484965,0.0
Q45H,30545.484965,0.0
Q45I,30897.324431,351.83946600000127
Q45K,30545.484965,0.0
Q45L,30865.217405,319.73243999999977
Q45M,30545.484965,0.0
Q45N,30545.484965,0.0
Q45P,30545.484965,0.0
Q45R,30545.484965,0.0
Q45S,30865.217405,319.73243999999977
Q45T,30865.217405,319.73243999999977
Q45V,30545.484965,0.0
Q45W,31554.51506,1009.0300950000019
Q45Y,30907.357877000002,361.87291200000254
Q481A,30706.020083,160.53511799999978
Q481C,30545.484965,0.0
Q481D,30545.484965,0.0
Q481E,30706.020083,160.53511799999978
Q481F,30706.020083,160.53511799999978
Q481G,30545.484965,0.0
Q481H,30465.217406,-80.26755899999989
Q481I,30706.020083,160.53511799999978
Q481K,30465.217406,-80.26755899999989
Q481L,30706.020083,160.53511799999978
Q481M,30706.020083,160.53511799999978
Q481N,30706.020083,160.53511799999978
Q481P,30545.484965,0.0
Q481R,30465.217406,-80.26755899999989
Q481S,30706.020083,160.53511799999978
Q481T,30625.752524,80.26755899999989
Q481V,30706.020083,160.53511799999978
Q481W,30706.020083,160.53511799999978
Q481Y,30706.020083,160.53511799999978
Q503A,30662.207374,116.72240900000179
Q503C,30053.51172,-491.97324500000104
Q503D,29964.882956999998,-580.6020080000017
Q503E,30053.51172,-491.97324500000104
Q503F,30816.053526,270.56856100000005
Q503G,30566.555195999998,21.070230999997875
Q503H,30053.51172,-491.97324500000104
Q503I,30631.772591999998,86.28762699999788
Q503K,30053.51172,-491.97324500000104
Q503L,30650.501687,105.0167220000003
Q503M,30811.371253999998,265.8862889999982
Q503N,30832.441485,286.9565199999997
Q503P,29964.882956999998,-580.6020080000017
Q503R,29964.882956999998,-580.6020080000017
Q503S,30617.725769,72.24080400000094
Q503T,30638.796,93.31103499999881
Q503V,30827.759213,282.27424800000153
Q503W,30650.501687,105.0167220000003
Q503Y,30830.100349,284.61538400000063
Q509A,30545.484965,0.0
Q509C,30545.484965,0.0
Q509D,30545.484965,0.0
Q509E,30530.434794999997,-15.050170000002254
Q509F,30605.685634999998,60.200669999998354
Q509G,30545.484965,0.0
Q509H,30462.541821,-82.94314400000076
Q509I,30612.374594999997,66.88962999999785
Q509K,30379.598676999998,-165.8862880000015
Q509L,30535.45152,-10.033445000000938
Q509M,30545.484965,0.0
Q509N,30545.484965,0.0
Q509P,30462.541821,-82.94314400000076
Q509R,29964.882956999998,-580.6020080000017
Q509S,30532.10704,-13.377925000000687
Q509T,30535.45152,-10.033445000000938
Q509V,30545.484965,0.0
Q509W,30580.60202,35.1170549999988
Q509Y,30615.71908,70.23411499999929
Q549A,30548.829444,3.34447899999941
Q549C,30581.270915999998,35.78595099999802
Q549D,30524.414728,-21.070236999999906
Q549E,30519.398006,-26.086959000000206
Q549F,30564.214062,18.729096999999456
Q549G,30538.461550999997,-7.023414000002958
Q549H,30564.548509999997,19.063544999997248
Q549I,30561.538477,16.05351199999859
Q549K,30540.802689,-4.682275999999547
Q549L,30557.190648,11.705683000000136
Q549M,30564.214061,18.729095999999117
Q549N,30562.876267,17.391301999999996
Q549P,30525.083624,-20.401341000000684
Q549R,30548.494998,3.010032999998657
Q549S,30583.277605,37.792639999999665
Q549T,30563.879611,18.394646000000648
Q549V,30547.491652,2.006687000000966
Q549W,30614.046836999998,68.5618719999984
Q549Y,30562.876268,17.391303000000335
Q575A,30545.484965,0.0
Q575C,30545.484965,0.0
Q575D,30545.484965,0.0
Q575E,30545.484965,0.0
Q575F,31270.903028,725.418063000001
Q575G,30545.484965,0.0
Q575H,30545.484965,0.0
Q575I,31041.137141,495.6521759999996
Q575K,30545.484965,0.0
Q575L,30545.484965,0.0
Q575M,30545.484965,0.0
Q575N,30545.484965,0.0
Q575P,30545.484965,0.0
Q575R,30545.484965,0.0
Q575S,30545.484965,0.0
Q575T,30545.484965,0.0
Q575V,30545.484965,0.0
Q575W,30545.484965,0.0
Q575Y,31061.204027,515.7190620000001
Q610A,31033.110383,487.6254179999996
Q610C,30545.484965,0.0
Q610D,30545.484965,0.0
Q610E,30545.484965,0.0
Q610F,31033.110383,487.6254179999996
Q610G,30545.484965,0.0
Q610H,30545.484965,0.0
Q610I,31033.110383,487.6254179999996
Q610K,30545.484965,0.0
Q610L,31033.110383,487.6254179999996
Q610M,30545.484965,0.0
Q610N,31114.381286,568.8963210000002
Q610P,30545.484965,0.0
Q610R,30545.484965,0.0
Q610S,30545.484965,0.0
Q610T,31033.110383,487.6254179999996
Q610V,31033.110383,487.6254179999996
Q610W,31033.110383,487.6254179999996
Q610Y,31033.110383,487.6254179999996
Q628A,30321.070247,-224.414718
Q628C,30304.682288,-240.80267699999968
Q628D,30144.14717,-401.33779499999946
Q628E,30142.474925,-403.010040000001
Q628F,30694.31439,148.8294249999999
Q628G,30302.341145,-243.14382000000114
Q628H,30304.682288,-240.80267699999968
Q628I,30695.986636999998,150.5016719999985
Q628K,30304.682288,-240.80267699999968
Q628L,30319.398006,-226.0869590000002
Q628M,30290.301013,-255.1839519999994
Q628N,30349.163893,-196.32107199999882
Q628P,30304.682288,-240.80267699999968
Q628R,30304.682288,-240.80267699999968
Q628S,30305.016736,-240.46822899999825
Q628T,30320.735798,-224.74916699999812
Q628V,30510.367904,-35.11706100000083
Q628W,30550.501685,5.016719999999623
Q628Y,30409.699009,-135.78595599999971
Q662A,30545.484965,0.0
Q662C,30025.752521,-519.7324440000011
Q662D,30025.752521,-519.7324440000011
Q662E,30545.484965,0.0
Q662F,30550.836133,5.351168000001053
Q662G,30025.752521,-519.7324440000011
Q662H,30025.752521,-519.7324440000011
Q662I,30558.862885,13.377919999998994
Q662K,30025.752521,-519.7324440000011
Q662L,30545.484965,0.0
Q662M,30545.484965,0.0
Q662N,30545.484965,0.0
Q662P,30025.752521,-519.7324440000011
Q662R,30025.752521,-519.7324440000011
Q662S,30545.484965,0.0
Q662T,30545.484965,0.0
Q662V,30545.484965,0.0
Q662W,30497.324429,-48.16053599999941
Q662Y,30580.267573,34.782608000001346
Q86A,30545.484965,0.0
Q86C,30545.484965,0.0
Q86D,30545.484965,0.0
Q86E,30545.484965,0.0
Q86F,30545.484965,0.0
Q86G,30545.484965,0.0
Q86H,30545.484965,0.0
Q86I,31627.090315,1081.6053500000016
Q86K,30545.484965,0.0
Q86L,30545.484965,0.0
Q86M,30545.484965,0.0
Q86N,30545.484965,0.0
Q86P,30545.484965,0.0
Q86R,30545.484965,0.0
Q86S,30545.484965,0.0
Q86T,30545.484965,0.0
Q86V,30545.484965,0.0
Q86W,31480.602017,935.1170520000014
Q86Y,31664.548505000002,1119.0635400000028
Q97A,30545.484965,0.0
Q97C,30545.484965,0.0
Q97D,30545.484965,0.0
Q97E,30545.484965,0.0
Q97F,30545.484965,0.0
Q97G,30545.484965,0.0
Q97H,30545.484965,0.0
Q97I,30545.484965,0.0
Q97K,30545.484965,0.0
Q97L,30545.484965,0.0
Q97M,30545.484965,0.0
Q97N,30545.484965,0.0
Q97P,30545.484965,0.0
Q97R,30545.484965,0.0
Q97S,30545.484965,0.0
Q97T,30545.484965,0.0
Q97V,30545.484965,0.0
Q97W,30545.484965,0.0
Q97Y,30545.484965,0.0
R107A,30808.695667,263.2107020000003
R107C,30798.662222,253.17725699999937
R107D,30809.364563000003,263.87959800000317
R107E,30809.364563000003,263.87959800000317
R107F,30753.511721000003,208.02675600000293
R107G,30808.361219000002,262.8762540000025
R107H,30193.645501,-351.8394640000006
R107I,30806.020082000003,260.5351170000031
R107K,30545.484965,0.0
R107L,30808.026771,262.5418060000011
R107M,30753.177273,207.6923080000015
R107N,30768.227439000002,222.7424740000024
R107P,30721.404697,175.9197320000021
R107Q,30806.688978000002,261.2040130000023
R107S,30803.010048,257.52508300000045
R107T,30807.023426,261.5384610000001
R107V,30754.515066,209.0301010000003
R107W,30808.026771,262.5418060000011
R107Y,30808.026771,262.5418060000011
R142A,31281.270917,735.785952000002
R142C,30821.404697,275.9197320000021
R142D,30453.511721000003,-91.97324399999707
R142E,30545.484965,0.0
R142F,31226.421418,680.9364530000021
R142G,31281.270917,735.785952000002
R142H,30545.484965,0.0
R142I,31254.515067,709.0301020000006
R142K,30545.484965,0.0
R142L,31281.270917,735.785952000002
R142M,31119.398008,573.9130430000005
R142N,31148.829443000002,603.3444780000027
R142P,30545.484965,0.0
R142Q,31281.270917,735.785952000002
R142S,31281.270917,735.785952000002
R142T,31281.270917,735.785952000002
R142V,31137.792659,592.3076939999992
R142W,31174.247507,628.7625420000004
R142Y,31263.210718000002,717.7257530000024
R145A,31370.568578000002,825.0836130000025
R145C,31465.217405000003,919.7324400000034
R145D,30545.484965,0.0
R145E,31373.244161000002,827.7591960000027
R145F,31367.558544,822.0735789999999
R145G,31221.070247,675.585282
R145H,30545.484965,0.0
R145I,31370.568577000002,825.0836120000022
R145K,30545.484965,0.0
R145L,31376.923091,831.4381260000009
R145M,31394.98329,849.4983250000005
R145N,31371.906368,826.4214030000003
R145P,30545.484965,0.0
R145Q,31398.327775,852.8428100000019
R145S,31465.217405000003,919.7324400000034
R145T,31365.551853,820.0668880000012
R145V,31405.016735,859.5317700000014
R145W,31389.966569,844.4816040000005
R145Y,31384.949846,839.4648809999999
R148A,30971.90637,426.42140500000096
R148C,30545.484965,0.0
R148D,30545.484965,0.0
R148E,30948.495000000003,403.010035000003
R148F,31033.779278,488.29431300000215
R148G,30545.484965,0.0
R148H,30545.484965,0.0
R148I,31081.270916,535.7859510000017
R148K,30545.484965,0.0
R148L,30986.956535,441.4715700000015
R148M,30941.806035,396.3210700000018
R148N,30983.612055,438.1270900000018
R148P,30545.484965,0.0
R148Q,30545.484965,0.0
R148S,30945.150515,399.66555000000153
R148T,30968.56189,423.0769250000012
R148V,30945.819412,400.3344470000011
R148W,31035.78597,490.30100500000117
R148Y,31085.284299,539.7993339999994
R17A,30545.484965,0.0
R17C,30545.484965,0.0
R17D,30545.484965,0.0
R17E,30545.484965,0.0
R17F,31029.097007,483.61204200000066
R17G,30545.484965,0.0
R17H,30545.484965,0.0
R17I,31037.123759000002,491.63879400000224
R17K,30545.484965,0.0
R17L,30545.484965,0.0
R17M,30545.484965,0.0
R17N,30545.484965,0.0
R17P,30545.484965,0.0
R17Q,30545.484965,0.0
R17S,30545.484965,0.0
R17T,30545.484965,0.0
R17V,30545.484965,0.0
R17W,30545.484965,0.0
R17Y,31057.190651,511.70568600000115
R183A,31187.625437000002,642.1404720000028
R183C,30545.484965,0.0
R183D,30545.484965,0.0
R183E,31174.247509,628.7625440000011
R183F,31217.056869,671.5719040000004
R183G,30545.484965,0.0
R183H,31163.545165,618.0601999999999
R183I,31241.137141,695.6521759999996
R183K,30545.484965,0.0
R183L,31233.110381,687.625415999999
R183M,30545.484965,0.0
R183N,31222.408045,676.9230800000005
R183P,30545.484965,0.0
R183Q,30545.484965,0.0
R183S,30545.484965,0.0
R183T,31187.625437000002,642.1404720000028
R183V,31168.896333,623.411368000001
R183W,31249.163893,703.6789280000012
R183Y,31241.137141,695.6521759999996
R205A,30708.36122,162.87625499999922
R205C,30705.351185,159.86621999999988
R205D,30519.732457,-25.7525080000014
R205E,30522.073593,-23.411371999998664
R205F,30712.040149,166.55518400000074
R205G,30625.752524000003,80.26755900000353
R205H,30625.418075,79.93311000000176
R205I,30709.030115,163.54515000000174
R205K,30625.418075,79.93311000000176
R205L,30706.354531,160.8695660000012
R205M,30702.675600000002,157.19063500000266
R205N,30626.086972,80.60200700000132
R205P,30545.484965,0.0
R205Q,30709.364563000003,163.87959800000317
R205S,30625.418075,79.93311000000176
R205T,30703.010049,157.5250840000008
R205V,30706.020083000003,160.53511800000342
R205W,30780.267574,234.78260900000168
R205Y,30890.635467,345.1505020000004
R213A,30582.943162000003,37.458197000003565
R213C,30406.020085,-139.46487999999954
R213D,30566.555203,21.070238000000245
R213E,30552.173926000003,6.688961000003474
R213F,30841.471587,295.98662200000035
R213G,30564.21406,18.72909499999878
R213H,30545.484965,0.0
R213I,30847.491657,302.006691999999
R213K,30545.484965,0.0
R213L,30727.759217,182.27425199999925
R213M,30594.648842000002,49.163877000002685
R213N,30784.280956000002,238.7959910000027
R213P,30390.969915,-154.51504999999815
R213Q,30727.090321000003,181.60535600000367
R213S,30724.749177,179.26421200000186
R213T,30566.555203,21.070238000000245
R213V,30772.240819,226.7558539999991
R213W,30728.762554,183.27758900000117
R213Y,30858.193994,312.70902900000146
R240A,30545.484965,0.0
R240C,30545.484965,0.0
R240D,30545.484965,0.0
R240E,30545.484965,0.0
R240F,30545.484965,0.0
R240G,30545.484965,0.0
R240H,30545.484965,0.0
R240I,30545.484965,0.0
R240K,30545.484965,0.0
R240L,30545.484965,0.0
R240M,30545.484965,0.0
R240N,30545.484965,0.0
R240P,30545.484965,0.0
R240Q,30545.484965,0.0
R240S,30545.484965,0.0
R240T,30545.484965,0.0
R240V,30545.484965,0.0
R240W,30545.484965,0.0
R240Y,31240.80269,695.3177250000008
R293A,31417.391319000002,871.9063540000025
R293C,31424.749175,879.2642100000012
R293D,30545.484965,0.0
R293E,31585.284293,1039.799328000001
R293F,31598.996671,1053.5117060000011
R293G,30545.484965,0.0
R293H,30545.484965,0.0
R293I,31623.076944,1077.5919790000007
R293K,30545.484965,0.0
R293L,31598.996676000002,1053.5117110000028
R293M,31575.919747,1030.4347820000003
R293N,31424.749175,879.2642100000012
R293P,30545.484965,0.0
R293Q,31432.107042,886.622077
R293S,31586.622085000003,1041.137120000003
R293T,31654.180618,1108.6956529999989
R293V,31502.006707,956.5217420000008
R293W,31693.311051,1147.826086000001
R293Y,31624.414736,1078.9297709999992
R305A,30723.411391,177.9264260000018
R305C,30570.234128,24.749163000000408
R305D,30560.53513,15.050165000000561
R305E,30559.866234,14.381269000001339
R305F,30700.000022,154.51505700000052
R305G,30623.411383,77.9264179999991
R305H,30596.655527000003,51.170562000002974
R305I,30681.270914,135.78594900000098
R305K,30566.220757000003,20.73579200000313
R305L,30711.036801000002,165.55183600000237
R305M,30601.003353,55.518388000000414
R305N,30705.016734,159.53176900000108
R305P,30387.290992000002,-158.19397299999764
R305Q,30687.625427,142.1404619999994
R305S,30644.147165000002,98.66220000000249
R305T,30605.685641,60.200676000000385
R305V,30716.722420000002,171.23745500000223
R305W,30700.000017,154.51505199999883
R305Y,30712.709042000002,167.22407700000258
R34A,30548.829455,3.344489999999496
R34C,30545.484965,0.0
R34D,30545.484965,0.0
R34E,30542.140485,-3.3444799999997485
R34F,30590.96992,45.4849549999999
R34G,30545.484965,0.0
R34H,30545.484965,0.0
R34I,30572.240825,26.75586000000112
R34K,30545.484965,0.0
R34L,30548.829455,3.344489999999496
R34M,30518.729115000002,-26.755849999997736
R34N,30545.484965,0.0
R34P,30545.484965,0.0
R34Q,30572.240825,26.75586000000112
R34S,30545.484965,0.0
R34T,30545.484965,0.0
R34V,30545.484965,0.0
R34W,30545.484965,0.0
R34Y,30556.521762,11.03679700000066
R394A,30545.484965,0.0
R394C,30545.484965,0.0
R394D,30545.484965,0.0
R394E,30545.484965,0.0
R394F,31665.886301,1120.401335999999
R394G,30545.484965,0.0
R394H,30545.484965,0.0
R394I,31348.160555,802.6755899999989
R394K,30545.484965,0.0
R394L,30545.484965,0.0
R394M,30545.484965,0.0
R394N,31027.090319,481.60535399999935
R394P,30545.484965,0.0
R394Q,30545.484965,0.0
R394S,30545.484965,0.0
R394T,30545.484965,0.0
R394V,31027.090319,481.60535399999935
R394W,31348.160555,802.6755899999989
R394Y,31351.505035,806.0200699999987
R398A,30545.484965,0.0
R398C,30545.484965,0.0
R398D,30545.484965,0.0
R398E,30545.484965,0.0
R398F,31085.284295,539.7993300000016
R398G,30545.484965,0.0
R398H,30545.484965,0.0
R398I,31095.317741,549.8327759999993
R398K,30545.484965,0.0
R398L,30545.484965,0.0
R398M,30545.484965,0.0
R398N,30545.484965,0.0
R398P,30545.484965,0.0
R398Q,30545.484965,0.0
R398S,30545.484965,0.0
R398T,30545.484965,0.0
R398V,30545.484965,0.0
R398W,31137.79266,592.3076949999995
R398Y,31097.324429,551.8394640000006
R462A,30362.876281,-182.6086839999989
R462C,30346.153868999998,-199.3310960000017
R462D,30545.484965,0.0
R462E,30350.501698,-194.9832669999996
R462F,30363.545168,-181.9397969999991
R462G,30368.896337,-176.58862800000134
R462H,30341.806047000002,-203.6789179999978
R462I,30344.816075,-200.66889000000083
R462K,30354.180618,-191.30434700000114
R462L,30363.545169,-181.93979599999875
R462M,30305.016743,-240.4682219999995
R462N,30331.438144,-214.0468209999999
R462P,30545.484965,0.0
R462Q,30318.060221,-227.42474399999992
R462S,30357.525105999997,-187.95985900000233
R462T,30335.785971,-209.6989939999985
R462V,30373.244165,-172.24079999999958
R462W,30387.959884,-157.52508099999977
R462Y,30377.257543,-168.22742199999993
R482A,30706.020083,160.53511799999978
R482C,30706.020083,160.53511799999978
R482D,30706.020083,160.53511799999978
R482E,30706.020083,160.53511799999978
R482F,30706.020083,160.53511799999978
R482G,30706.020083,160.53511799999978
R482H,30545.484965,0.0
R482I,30706.020083,160.53511799999978
R482K,30545.484965,0.0
R482L,30706.020083,160.53511799999978
R482M,30706.020083,160.53511799999978
R482N,30706.020083,160.53511799999978
R482P,30706.020083,160.53511799999978
R482Q,30706.020083,160.53511799999978
R482S,30706.020083,160.53511799999978
R482T,30706.020083,160.53511799999978
R482V,30706.020083,160.53511799999978
R482W,31107.357878,561.8729129999992
R482Y,30706.020083,160.53511799999978
R483A,30706.020083,160.53511799999978
R483C,30706.020083,160.53511799999978
R483D,30706.020083,160.53511799999978
R483E,30706.020083,160.53511799999978
R483F,31107.357878,561.8729129999992
R483G,30706.020083,160.53511799999978
R483H,30545.484965,0.0
R483I,31107.357878,561.8729129999992
R483K,30545.484965,0.0
R483L,30706.020083,160.53511799999978
R483M,30706.020083,160.53511799999978
R483N,30706.020083,160.53511799999978
R483P,30706.020083,160.53511799999978
R483Q,30706.020083,160.53511799999978
R483S,30706.020083,160.53511799999978
R483T,30706.020083,160.53511799999978
R483V,30706.020083,160.53511799999978
R483W,31428.428114,882.9431489999988
R483Y,31398.327774,852.8428090000016
R516A,30634.448177,88.96321199999875
R516C,30642.474932,96.98996700000134
R516D,30625.418074999998,79.93310999999812
R516E,30640.468244,94.98327900000004
R516F,30643.478275999998,97.99331099999836
R516G,30626.421422,80.93645699999979
R516H,30625.418074999998,79.93310999999812
R516I,30634.448178,88.96321299999909
R516K,30625.418074999998,79.93310999999812
R516L,30646.82276,101.33779499999946
R516M,30625.418074999998,79.93310999999812
R516N,30645.484967,100.00000200000068
R516P,30625.418074999998,79.93310999999812
R516Q,30627.424765,81.9398000000001
R516S,30643.478275999998,97.99331099999836
R516T,30617.39132,71.90635499999917
R516V,30661.538477,116.05351199999859
R516W,30667.224095999998,121.73913099999845
R516Y,30654.515067999997,109.03010299999733
R529A,31190.301021,644.8160559999997
R529C,31119.063557999998,573.5785929999984
R529D,30297.658876999998,-247.82608800000162
R529E,30297.658876999998,-247.82608800000162
R529F,31195.317737999998,649.8327729999983
R529G,31184.949845,639.4648799999995
R529H,30545.484965,0.0
R529I,31188.628775,643.1438100000014
R529K,30545.484965,0.0
R529L,31227.759213,682.2742480000015
R529M,31163.545165,618.0601999999999
R529N,31209.030117,663.5451519999988
R529P,30545.484965,0.0
R529Q,31190.969911999997,645.4849469999972
R529S,31206.354532999998,660.8695679999983
R529T,30545.484965,0.0
R529V,31267.892989,722.4080240000003
R529W,31281.270916999998,735.7859519999984
R529Y,31171.571921,626.0869559999992
R566A,31152.173927,606.6889620000002
R566C,31209.030117,663.5451519999988
R566D,31209.030117,663.5451519999988
R566E,31209.030117,663.5451519999988
R566F,31178.260884,632.7759189999997
R566G,30877.257541,331.7725759999994
R566H,30628.428108999997,82.94314399999712
R566I,31242.140487,696.6555220000009
R566K,30628.428108999997,82.94314399999712
R566L,31209.030117,663.5451519999988
R566M,31158.862887,613.3779219999997
R566N,31178.929777,633.4448120000015
R566P,30877.257541,331.7725759999994
R566Q,31209.030117,663.5451519999988
R566S,30960.200685,414.71572000000015
R566T,31209.030117,663.5451519999988
R566V,31178.929777,633.4448120000015
R566W,30942.140481,396.6555159999989
R566Y,31242.474932,696.9899670000013
R571A,30545.484965,0.0
R571C,30545.484965,0.0
R571D,30545.484965,0.0
R571E,30545.484965,0.0
R571F,31086.28764,540.802674999999
R571G,30545.484965,0.0
R571H,30545.484965,0.0
R571I,31086.28764,540.802674999999
R571K,30545.484965,0.0
R571L,30545.484965,0.0
R571M,30545.484965,0.0
R571N,30545.484965,0.0
R571P,30545.484965,0.0
R571Q,30545.484965,0.0
R571S,30545.484965,0.0
R571T,30545.484965,0.0
R571V,31009.030114999998,463.5451499999981
R571W,31105.016735,559.5317700000014
R571Y,31086.28764,540.802674999999
R582A,30705.351183,159.8662179999992
R582C,30676.92309,131.43812500000058
R582D,30603.678941,58.193975999998656
R582E,30757.190649,211.70568400000047
R582F,30802.675602,257.1906369999997
R582G,30522.073592,-23.411372999999003
R582H,30733.444829,187.95986400000038
R582I,30793.645497,248.1605320000017
R582K,30700.000011,154.51504600000044
R582L,30695.652187,150.16722200000004
R582M,30591.638813,46.153848000001744
R582N,30689.297672,143.81270700000096
R582P,30533.444831,-12.040133999998943
R582Q,30705.685631,160.20066600000064
R582S,30727.090315999998,181.60535099999834
R582T,30749.498341,204.01337599999897
R582V,30692.642153,147.15718800000104
R582W,30751.839479,206.35451399999874
R582Y,30697.324428,151.83946300000025
R598A,31145.819418,600.3344529999995
R598C,31045.819417,500.33445199999915
R598D,30628.428109,82.94314400000076
R598E,31093.97995,548.4949850000012
R598F,31063.210722,517.7257570000002
R598G,31148.16055,602.6755850000009
R598H,30589.632125,44.14716000000044
R598I,31186.287642,640.8026769999997
R598K,30585.618749,40.13378400000147
R598L,31160.869579,615.3846139999987
R598M,31090.635470999998,545.1505059999981
R598N,31167.224101,621.7391360000001
R598P,30590.969917,45.484951999998884
R598Q,31044.816075,499.33110999999917
R598S,31084.615399,539.1304339999988
R598T,30609.699011,64.21404600000096
R598V,31058.528448,513.0434830000013
R598W,31063.545169,518.0602040000012
R598Y,31196.321085,650.8361199999999
R611A,31927.090315999998,1381.6053509999983
R611C,31927.090315999998,1381.6053509999983
R611D,30545.484965,0.0
R611E,30545.484965,0.0
R611F,31915.050188,1369.5652230000014
R611G,31927.090315999998,1381.6053509999983
R611H,30545.484965,0.0
R611I,31927.090315999998,1381.6053509999983
R611K,30545.484965,0.0
R611L,31927.090315999998,1381.6053509999983
R611M,31927.090315999998,1381.6053509999983
R611N,31927.090315999998,1381.6053509999983
R611P,31033.110383,487.6254179999996
R611Q,31927.090315999998,1381.6053509999983
R611S,31927.090315999998,1381.6053509999983
R611T,31033.110383,487.6254179999996
R611V,31915.050188,1369.5652230000014
R611W,31923.07694,1377.5919749999994
R611Y,31927.090315999998,1381.6053509999983
R612A,31878.92978,1333.444814999999
R612C,31927.090315999998,1381.6053509999983
R612D,30545.484965,0.0
R612E,30545.484965,0.0
R612F,31910.033456,1364.5484910000014
R612G,31033.110383,487.6254179999996
R612H,30545.484965,0.0
R612I,31922.408044,1376.9230790000001
R612K,30545.484965,0.0
R612L,31915.050188,1369.5652230000014
R612M,31927.090315999998,1381.6053509999983
R612N,31911.036799999998,1365.5518349999984
R612P,31033.110383,487.6254179999996
R612Q,31033.110383,487.6254179999996
R612S,31927.090315999998,1381.6053509999983
R612T,31927.090315999998,1381.6053509999983
R612V,31927.090315999998,1381.6053509999983
R612W,31975.250852,1429.7658870000014
R612Y,31924.749181,1379.2642159999996
R659A,30617.725757,72.24079200000051
R659C,30597.658876999998,52.17391199999838
R659D,30601.672253,56.18728800000099
R659E,30585.618737,40.133772000001045
R659F,30498.662214,-46.8227509999997
R659G,30569.565233,24.080268000001524
R659H,30529.431449,-16.053515999999945
R659I,30491.638804,-53.8461610000013
R659K,30029.765897,-515.7190679999985
R659L,30501.337799,-44.14716599999883
R659M,30629.765897,84.28093200000148
R659N,30488.294324,-57.19064100000105
R659P,30025.752521,-519.7324440000011
R659Q,30501.337799,-44.14716599999883
R659S,30477.257534,-68.22743099999934
R659T,30609.699005,64.21403999999893
R659V,30541.47158,-4.0133849999983795
R659W,30530.100343000002,-15.384621999997762
R659Y,30478.929776,-66.55518899999879
R96A,30545.484965,0.0
R96C,30545.484965,0.0
R96D,30545.484965,0.0
R96E,30545.484965,0.0
R96F,30545.484965,0.0
R96G,30545.484965,0.0
R96H,30545.484965,0.0
R96I,30545.484965,0.0
R96K,30545.484965,0.0
R96L,30545.484965,0.0
R96M,30545.484965,0.0
R96N,30545.484965,0.0
R96P,30545.484965,0.0
R96Q,30545.484965,0.0
R96S,30545.484965,0.0
R96T,30545.484965,0.0
R96V,30545.484965,0.0
R96W,30545.484965,0.0
R96Y,30545.484965,0.0
S113A,30572.575259,27.09029400000145
S113C,30653.511721000003,108.02675600000293
S113D,29084.280949,-1461.2040159999997
S113E,29084.280949,-1461.2040159999997
S113F,30585.953193,40.468228000001545
S113G,29953.846163000002,-591.6388019999977
S113H,29084.280949,-1461.2040159999997
S113I,30632.441488,86.95652300000074
S113K,29084.280949,-1461.2040159999997
S113L,30591.304353,45.81938799999989
S113M,30700.334455,154.84949000000051
S113N,30587.290985,41.80601999999999
S113P,29917.725767,-627.7591979999997
S113Q,30658.193993,112.70902800000113
S113R,29084.280949,-1461.2040159999997
S113T,30554.515061000002,9.030096000002231
S113V,30709.699013,164.21404800000164
S113W,30652.842824,107.35785899999973
S113Y,30644.816066,99.33110099999976
S114A,30003.344491,-542.1404739999998
S114C,30049.498339,-495.98662599999807
S114D,29786.622085000003,-758.862879999997
S114E,29961.872921000002,-583.6120439999977
S114F,30655.183957,109.69899200000145
S114G,30049.498339,-495.98662599999807
S114H,30049.498339,-495.98662599999807
S114I,30664.548512,119.06354700000156
S114K,30049.498339,-495.98662599999807
S114L,30562.876261,17.391296000001603
S114M,30562.876261,17.391296000001603
S114N,30005.351185,-540.1337800000001
S114P,30049.498339,-495.98662599999807
S114Q,29987.290981000002,-558.1939839999977
S114R,30049.498339,-495.98662599999807
S114T,30528.093656,-17.391308999998728
S114V,30005.351185,-540.1337800000001
S114W,30582.608709,37.12374400000044
S114Y,30695.317741000003,149.83277600000292
S11A,30545.484965,0.0
S11C,30545.484965,0.0
S11D,30545.484965,0.0
S11E,30545.484965,0.0
S11F,30545.484965,0.0
S11G,30545.484965,0.0
S11H,30545.484965,0.0
S11I,30545.484965,0.0
S11K,30545.484965,0.0
S11L,30545.484965,0.0
S11M,30545.484965,0.0
S11N,30545.484965,0.0
S11P,30545.484965,0.0
S11Q,30545.484965,0.0
S11R,30545.484965,0.0
S11T,30545.484965,0.0
S11V,30545.484965,0.0
S11W,30545.484965,0.0
S11Y,30545.484965,0.0
S121A,30781.270919000002,235.78595400000268
S121C,30545.484965,0.0
S121D,30545.484965,0.0
S121E,30545.484965,0.0
S121F,30781.270919000002,235.78595400000268
S121G,30466.889647,-78.59531799999968
S121H,30466.889647,-78.59531799999968
S121I,30624.080283000003,78.59531800000332
S121K,30466.889647,-78.59531799999968
S121L,30781.270919000002,235.78595400000268
S121M,30545.484965,0.0
S121N,30781.270919000002,235.78595400000268
S121P,30466.889647,-78.59531799999968
S121Q,30781.270919000002,235.78595400000268
S121R,30466.889647,-78.59531799999968
S121T,30781.270919000002,235.78595400000268
S121V,30781.270919000002,235.78595400000268
S121W,30466.889647,-78.59531799999968
S121Y,30781.270919000002,235.78595400000268
S125A,30669.230784000003,123.7458190000034
S125C,30578.595335,33.11037000000215
S125D,30625.752524000003,80.26755900000353
S125E,30622.073595,76.58863000000201
S125F,30815.050183,269.56521799999973
S125G,30578.929785,33.44482000000062
S125H,30562.207375,16.722410000002128
S125I,30805.35119,259.8662250000016
S125K,30545.484965,0.0
S125L,30810.033458,264.54849300000205
S125M,30639.4649,93.97993499999939
S125N,30578.929785,33.44482000000062
S125P,30478.595335,-66.88962999999785
S125Q,30645.819415,100.33445000000211
S125R,30528.762555,-16.72240999999849
S125T,30800.000016,254.51505100000213
S125V,30652.508374,107.02340900000127
S125W,30804.682289,259.19732400000066
S125Y,30833.444837000003,287.9598720000031
S127A,30505.016742,-40.46822299999985
S127C,30545.484965,0.0
S127D,30435.117075000002,-110.36788999999771
S127E,30622.74249,77.2575250000009
S127F,30534.448179000003,-11.036785999996937
S127G,30508.695665,-36.78930000000037
S127H,30569.23079,23.745825000001787
S127I,30527.090322,-18.394642999999633
S127K,30441.806035,-103.67892999999822
S127L,30523.745833,-21.73913199999879
S127M,30498.662225,-46.82273999999961
S127N,30628.428109,82.94314400000076
S127P,30425.083625,-120.40134000000035
S127Q,30442.474937,-103.0100280000006
S127R,30478.595335,-66.88962999999785
S127T,30568.561885000003,23.076920000003156
S127V,30502.006702000002,-43.47826299999724
S127W,30693.311053,147.82608800000162
S127Y,30602.675599000002,57.19063400000232
S12A,30545.484965,0.0
S12C,30545.484965,0.0
S12D,30545.484965,0.0
S12E,30545.484965,0.0
S12F,30545.484965,0.0
S12G,30545.484965,0.0
S12H,30545.484965,0.0
S12I,30545.484965,0.0
S12K,30545.484965,0.0
S12L,30545.484965,0.0
S12M,30545.484965,0.0
S12N,30545.484965,0.0
S12P,30545.484965,0.0
S12Q,30545.484965,0.0
S12R,30545.484965,0.0
S12T,30545.484965,0.0
S12V,30545.484965,0.0
S12W,30545.484965,0.0
S12Y,30545.484965,0.0
S132A,30510.36791,-35.1170549999988
S132C,30545.484965,0.0
S132D,30269.565233,-275.9197319999985
S132E,30269.565233,-275.9197319999985
S132F,30454.515066,-90.96989899999971
S132G,30509.364563000003,-36.12040199999683
S132H,30269.565233,-275.9197319999985
S132I,30454.515068,-90.96989699999904
S132K,30269.565233,-275.9197319999985
S132L,30509.364563000003,-36.12040199999683
S132M,30501.337808,-44.147156999999424
S132N,30509.364563000003,-36.12040199999683
S132P,30269.565233,-275.9197319999985
S132Q,30501.337808,-44.147156999999424
S132R,30269.565233,-275.9197319999985
S132T,30501.337808,-44.147156999999424
S132V,30486.622089,-58.86287599999923
S132W,30487.959881000002,-57.52508399999715
S132Y,30463.879615,-81.605349999998
S137A,30445.484968,-99.99999699999898
S137C,30545.484965,0.0
S137D,30361.538477000002,-183.94648799999777
S137E,30545.484965,0.0
S137F,30482.608713,-62.8762519999982
S137G,30523.745835,-21.739129999998113
S137H,30545.484965,0.0
S137I,30489.297677000002,-56.18728799999735
S137K,30177.591989,-367.8929759999992
S137L,30497.993325,-47.49164000000019
S137M,30476.254198000002,-69.23076699999729
S137N,30509.364563000003,-36.12040199999683
S137P,30485.284295,-60.200669999998354
S137Q,30500.000018000002,-45.48494699999719
S137R,30545.484965,0.0
S137T,30512.04015,-33.444814999998925
S137V,30456.521754,-88.96321099999841
S137W,30552.17393,6.68896500000119
S137Y,30476.588644,-68.89632100000017
S162A,30944.816068,399.33110300000044
S162C,30531.438143,-14.046822000000247
S162D,30269.565233,-275.9197319999985
S162E,30269.565233,-275.9197319999985
S162F,30970.568578000002,425.0836130000025
S162G,30554.515067,9.030102000000625
S162H,30549.498344,4.013378999999986
S162I,30896.655533,351.17056800000137
S162K,30545.484965,0.0
S162L,30552.508375999998,7.023410999998305
S162M,30941.47159,395.98662500000137
S162N,30954.180616999998,408.6956519999985
S162P,30525.418076,-20.0668889999979
S162Q,30549.498344,4.013378999999986
S162R,30539.464898,-6.020067000001291
S162T,30550.501688,5.016723000000638
S162V,30952.173926,406.68896099999984
S162W,30870.568577000002,325.0836120000022
S162Y,30983.946501000002,438.4615360000025
S172A,30588.963223,43.47825799999919
S172C,30592.976603000003,47.49163800000315
S172D,30586.956534,41.47156900000118
S172E,30578.595333,33.11036800000147
S172F,30634.113724000003,88.6287590000029
S172G,30554.180615,8.695650000001478
S172H,30549.498341,4.013375999998971
S172I,30627.424763000003,81.93979800000307
S172K,30526.755864,-18.72910100000081
S172L,30595.652184,50.16721899999902
S172M,30559.531786,14.046820999999909
S172N,30560.535126000002,15.050161000002845
S172P,30596.989979,51.50501400000212
S172Q,30620.066903,74.58193799999935
S172R,30529.431449,-16.053515999999945
S172T,30558.862886000003,13.37792100000297
S172V,30603.010046000003,57.52508100000341
S172W,30569.230783,23.745817999999417
S172Y,30616.722421,71.23745599999893
S173A,30553.511715,8.026750000000902
S173C,30539.13045,-6.354514999999083
S173D,30527.424761000002,-18.06020399999761
S173E,30543.812724000003,-1.6722409999965748
S173F,30609.030111,63.545146000000386
S173G,30514.715729,-30.76923600000009
S173H,30611.036802000002,65.5518370000027
S173I,30562.207372,16.722407000001112
S173K,30579.264225,33.77925999999934
S173L,30567.892985,22.408019999998942
S173M,30591.973257,46.48829200000182
S173N,30564.548509,19.063544000000547
S173P,30449.498339,-95.98662599999807
S173Q,30553.511719000002,8.026754000002256
S173R,30550.167238,4.682273000002169
S173T,30617.056867,71.57190199999968
S173V,30602.341148,56.856182999999874
S173W,30610.367903,64.88293799999883
S173Y,30579.264223,33.77925799999866
S19A,30545.484965,0.0
S19C,30545.484965,0.0
S19D,30545.484965,0.0
S19E,30545.484965,0.0
S19F,30545.484965,0.0
S19G,30545.484965,0.0
S19H,30545.484965,0.0
S19I,30545.484965,0.0
S19K,30545.484965,0.0
S19L,30545.484965,0.0
S19M,30545.484965,0.0
S19N,30545.484965,0.0
S19P,30545.484965,0.0
S19Q,30545.484965,0.0
S19R,30545.484965,0.0
S19T,30545.484965,0.0
S19V,30545.484965,0.0
S19W,30545.484965,0.0
S19Y,30545.484965,0.0
S203A,30545.484965,0.0
S203C,30362.207373,-183.27759199999855
S203D,30362.207373,-183.27759199999855
S203E,30362.207373,-183.27759199999855
S203F,30912.040149,366.55518400000074
S203G,30362.207373,-183.27759199999855
S203H,30362.207373,-183.27759199999855
S203I,30912.040149,366.55518400000074
S203K,30362.207373,-183.27759199999855
S203L,30545.484965,0.0
S203M,30728.762557000002,183.2775920000022
S203N,30728.762557000002,183.2775920000022
S203P,30362.207373,-183.27759199999855
S203Q,30362.207373,-183.27759199999855
S203R,30362.207373,-183.27759199999855
S203T,30545.484965,0.0
S203V,30728.762557000002,183.2775920000022
S203W,30545.484965,0.0
S203Y,30912.040149,366.55518400000074
S210A,30630.100349,84.61538400000063
S210C,29847.491655,-697.993309999998
S210D,30311.036805,-234.44815999999992
S210E,30569.565237000003,24.08027200000288
S210F,30671.906373,126.42140800000197
S210G,29847.491655,-697.993309999998
S210H,30327.090315,-218.39464999999836
S210I,30599.331117,53.846152000001894
S210K,30323.076939,-222.40802600000097
S210L,30572.240817,26.75585200000205
S210M,30620.066905,74.58194000000003
S210N,30703.010051,157.52508600000147
S210P,29847.491655,-697.993309999998
S210Q,30406.354534000002,-139.13043099999777
S210R,29847.491655,-697.993309999998
S210T,30575.585302,30.100336999999854
S210V,30631.103694,85.61872900000162
S210W,30613.043494,67.55852900000173
S210Y,30666.889646,121.40468099999998
S211A,30569.899686,24.41472100000101
S211C,30566.889645000003,21.40468000000328
S211D,30327.090315,-218.39464999999836
S211E,30556.856203,11.371237999999721
S211F,30580.602023,35.117057999999815
S211G,30311.036805,-234.44815999999992
S211H,29847.491655,-697.993309999998
S211I,30628.762559000003,83.27759400000286
S211K,29847.491655,-697.993309999998
S211L,30611.705699,66.22073399999863
S211M,30492.307711,-53.17725399999836
S211N,30611.036806,65.55184100000042
S211P,29847.491655,-697.993309999998
S211Q,30566.889645000003,21.40468000000328
S211R,29847.491655,-697.993309999998
S211T,30488.963229,-56.52173599999878
S211V,30564.548511,19.063546000001224
S211W,30579.933124000003,34.448159000003216
S211Y,30633.444833,87.95986800000173
S220A,30545.484965,0.0
S220C,30545.484965,0.0
S220D,30545.484965,0.0
S220E,30545.484965,0.0
S220F,30545.484965,0.0
S220G,30545.484965,0.0
S220H,30545.484965,0.0
S220I,30545.484965,0.0
S220K,30545.484965,0.0
S220L,30545.484965,0.0
S220M,30545.484965,0.0
S220N,30545.484965,0.0
S220P,30545.484965,0.0
S220Q,30545.484965,0.0
S220R,30545.484965,0.0
S220T,30545.484965,0.0
S220V,30545.484965,0.0
S220W,30545.484965,0.0
S220Y,30545.484965,0.0
S228A,30545.484965,0.0
S228C,30521.4047,-24.08026500000051
S228D,30289.632125,-255.85283999999956
S228E,29826.086975,-719.3979900000013
S228F,30645.150523,99.6655580000006
S228G,29826.086975,-719.3979900000013
S228H,29826.086975,-719.3979900000013
S228I,30697.993326,152.50836100000015
S228K,29826.086975,-719.3979900000013
S228L,30545.484965,0.0
S228M,30548.495006,3.0100410000013653
S228N,30554.51507,9.03010500000164
S228P,29826.086975,-719.3979900000013
S228Q,30600.668913,55.18394800000169
S228R,29826.086975,-719.3979900000013
S228T,30380.936473,-164.54849199999808
S228V,30550.501694,5.016728999999032
S228W,30484.949853,-60.53511200000139
S228Y,30631.43815,85.95318500000212
S229A,30547.491659,2.0066939999996976
S229C,30545.484965,0.0
S229D,30305.685635,-239.799329999998
S229E,30305.685635,-239.799329999998
S229F,30567.558545,22.07358000000022
S229G,30385.618745,-159.86621999999988
S229H,30529.431454999998,-16.053510000001552
S229I,30584.949852,39.46488700000191
S229K,30545.484965,0.0
S229L,30581.605367,36.12040200000047
S229M,30545.484965,0.0
S229N,30573.578615,28.09364999999889
S229P,30305.685635,-239.799329999998
S229Q,30545.484965,0.0
S229R,30545.484965,0.0
S229T,30545.484965,0.0
S229V,30529.431454999998,-16.053510000001552
S229W,30593.645501,48.16053599999941
S229Y,30587.625437000002,42.140472000002774
S233A,30545.484965,0.0
S233C,30545.484965,0.0
S233D,30305.685635,-239.799329999998
S233E,30305.685635,-239.799329999998
S233F,30545.484965,0.0
S233G,30545.484965,0.0
S233H,30545.484965,0.0
S233I,30545.484965,0.0
S233K,30545.484965,0.0
S233L,30545.484965,0.0
S233M,30545.484965,0.0
S233N,30545.484965,0.0
S233P,30305.685635,-239.799329999998
S233Q,30545.484965,0.0
S233R,30545.484965,0.0
S233T,30545.484965,0.0
S233V,30545.484965,0.0
S233W,30865.217405,319.73243999999977
S233Y,30545.484965,0.0
S238A,30545.484965,0.0
S238C,30545.484965,0.0
S238D,30545.484965,0.0
S238E,30545.484965,0.0
S238F,31109.699013999998,564.2140489999983
S238G,30545.484965,0.0
S238H,30545.484965,0.0
S238I,31123.745837000002,578.2608720000026
S238K,30545.484965,0.0
S238L,30545.484965,0.0
S238M,30545.484965,0.0
S238N,30545.484965,0.0
S238P,30545.484965,0.0
S238Q,30545.484965,0.0
S238R,30545.484965,0.0
S238T,30545.484965,0.0
S238V,30545.484965,0.0
S238W,31009.030115,463.54515000000174
S238Y,31142.474932,596.9899670000013
S255A,30545.484965,0.0
S255C,30545.484965,0.0
S255D,30545.484965,0.0
S255E,30545.484965,0.0
S255F,30545.484965,0.0
S255G,30545.484965,0.0
S255H,30545.484965,0.0
S255I,30545.484965,0.0
S255K,30545.484965,0.0
S255L,30545.484965,0.0
S255M,30545.484965,0.0
S255N,30545.484965,0.0
S255P,30545.484965,0.0
S255Q,30545.484965,0.0
S255R,30545.484965,0.0
S255T,30545.484965,0.0
S255V,30545.484965,0.0
S255W,30545.484965,0.0
S255Y,31021.070249,475.5852840000007
S25A,30545.484965,0.0
S25C,30545.484965,0.0
S25D,30545.484965,0.0
S25E,30545.484965,0.0
S25F,31105.016735,559.5317700000014
S25G,30545.484965,0.0
S25H,30545.484965,0.0
S25I,31096.655534,551.1705690000017
S25K,30545.484965,0.0
S25L,30545.484965,0.0
S25M,30545.484965,0.0
S25N,30545.484965,0.0
S25P,30545.484965,0.0
S25Q,30857.190649,311.7056840000005
S25R,30545.484965,0.0
S25T,30545.484965,0.0
S25V,30545.484965,0.0
S25W,30545.484965,0.0
S25Y,31096.321086,550.8361210000003
S274A,30620.735802000003,75.25083700000323
S274C,30632.441489,86.95652400000108
S274D,29995.652189,-549.8327759999993
S274E,29995.652189,-549.8327759999993
S274F,30674.581958000002,129.09699300000284
S274G,30519.398009,-26.08695599999919
S274H,29995.652189,-549.8327759999993
S274I,30639.464897,93.97993200000201
S274K,29995.652189,-549.8327759999993
S274L,30639.464897,93.97993200000201
S274M,30602.006707,56.52174200000081
S274N,30547.491653,2.0066880000013043
S274P,30459.197339,-86.28762600000118
S274Q,30639.464897,93.97993200000201
S274R,29995.652189,-549.8327759999993
S274T,30576.254197000002,30.769232000002376
S274V,30674.581958000002,129.09699300000284
S274W,30579.598679000002,34.1137140000028
S274Y,30639.464897,93.97993200000201
S278A,30545.484965,0.0
S278C,30545.484965,0.0
S278D,30545.484965,0.0
S278E,30545.484965,0.0
S278F,30642.474931,96.989966000001
S278G,30545.484965,0.0
S278H,30545.484965,0.0
S278I,30654.515065,109.03009999999995
S278K,30545.484965,0.0
S278L,30728.762557000002,183.2775920000022
S278M,30545.484965,0.0
S278N,30728.762557000002,183.2775920000022
S278P,30545.484965,0.0
S278Q,30545.484965,0.0
S278R,30545.484965,0.0
S278T,30545.484965,0.0
S278V,30637.123761000003,91.63879600000291
S278W,30728.762557000002,183.2775920000022
S278Y,30658.528441000002,113.04347600000256
S279A,30545.484965,0.0
S279C,30545.484965,0.0
S279D,30453.846169,-91.63879599999927
S279E,30545.484965,0.0
S279F,30656.856202000003,111.37123700000302
S279G,30545.484965,0.0
S279H,30453.846169,-91.63879599999927
S279I,30670.234127000003,124.74916200000371
S279K,30453.846169,-91.63879599999927
S279L,30545.484965,0.0
S279M,30545.484965,0.0
S279N,30545.484965,0.0
S279P,30453.846169,-91.63879599999927
S279Q,30545.484965,0.0
S279R,30453.846169,-91.63879599999927
S279T,30453.846169,-91.63879599999927
S279V,30545.484965,0.0
S279W,30728.762557000002,183.2775920000022
S279Y,30671.906372,126.42140700000164
S280A,30562.207374999998,16.72240999999849
S280C,30520.401355,-25.08360999999786
S280D,29995.652189,-549.8327759999993
S280E,30087.290985,-458.19398
S280F,30730.434797,184.94983200000206
S280G,30462.207374,-83.27759099999821
S280H,30547.157205000003,1.6722400000035123
S280I,30730.434797,184.94983200000206
S280K,30545.484965,0.0
S280L,30550.501685000003,5.016720000003261
S280M,30547.157205000003,1.6722400000035123
S280N,30553.84617,8.361205000001064
S280P,30407.023424,-138.46154100000058
S280Q,30547.157205000003,1.6722400000035123
S280R,30527.090315,-18.394649999998364
S280T,30547.157205000003,1.6722400000035123
S280V,30550.501685000003,5.016720000003261
S280W,30550.501685000003,5.016720000003261
S280Y,30735.451522000003,189.96655700000338
S282A,30532.107040000003,-13.377924999997049
S282C,30542.140485,-3.3444799999997485
S282D,30087.290985,-458.19398
S282E,30087.290985,-458.19398
S282F,30572.24082,26.75585499999943
S282G,30523.745835,-21.739129999998113
S282H,30413.712389,-131.7725759999994
S282I,30547.157205000003,1.6722400000035123
S282K,30488.62878,-56.85618500000055
S282L,30547.157205000003,1.6722400000035123
S282M,30520.401355,-25.08360999999786
S282N,30547.157205000003,1.6722400000035123
S282P,29995.652189,-549.8327759999993
S282Q,30547.157205000003,1.6722400000035123
S282R,30402.006704,-143.4782610000002
S282T,30502.006705,-43.478259999999864
S282V,30572.24082,26.75585499999943
S282W,30573.91306,28.428094999999303
S282Y,30547.157205000003,1.6722400000035123
S297A,31186.956535,641.4715700000015
S297C,31009.030115,463.54515000000174
S297D,31025.083625,479.59865999999965
S297E,31168.896335,623.4113700000016
S297F,31224.414729,678.9297640000004
S297G,30545.484965,0.0
S297H,31184.949845000003,639.4648800000032
S297I,31205.685635,660.200670000002
S297K,31163.545165000003,618.0602000000035
S297L,31201.003363,655.5183980000002
S297M,30545.484965,0.0
S297N,31238.461557000002,692.9765920000027
S297P,30545.484965,0.0
S297Q,31031.103694999998,485.6187299999983
S297R,30545.484965,0.0
S297T,31190.301021,644.8160559999997
S297V,31184.949845000003,639.4648800000032
S297W,31267.892989,722.4080240000003
S297Y,31202.341155000002,656.8561900000022
S298A,30545.484965,0.0
S298C,30545.484965,0.0
S298D,30545.484965,0.0
S298E,30545.484965,0.0
S298F,31291.304366,745.8194010000007
S298G,30545.484965,0.0
S298H,30545.484965,0.0
S298I,31373.244161000002,827.7591960000027
S298K,30545.484965,0.0
S298L,31264.882955,719.3979900000013
S298M,30545.484965,0.0
S298N,30545.484965,0.0
S298P,30545.484965,0.0
S298Q,30545.484965,0.0
S298R,30545.484965,0.0
S298T,31105.016735,559.5317700000014
S298V,31027.090319000003,481.605354000003
S298W,31194.314399000003,648.829434000003
S298Y,31391.304362000003,845.8193970000029
S302A,30545.484965,0.0
S302C,30545.484965,0.0
S302D,30545.484965,0.0
S302E,30545.484965,0.0
S302F,30545.484965,0.0
S302G,30545.484965,0.0
S302H,30545.484965,0.0
S302I,30545.484965,0.0
S302K,30545.484965,0.0
S302L,30545.484965,0.0
S302M,30545.484965,0.0
S302N,30545.484965,0.0
S302P,30545.484965,0.0
S302Q,30545.484965,0.0
S302R,30545.484965,0.0
S302T,30545.484965,0.0
S302V,30545.484965,0.0
S302W,30545.484965,0.0
S302Y,30545.484965,0.0
S30A,30515.38463,-30.100334999999177
S30C,30545.484965,0.0
S30D,29346.488315000002,-1198.9966499999973
S30E,30545.484965,0.0
S30F,30650.836145,105.35118000000148
S30G,29346.488315000002,-1198.9966499999973
S30H,29346.488315000002,-1198.9966499999973
S30I,30545.484965,0.0
S30K,29346.488315000002,-1198.9966499999973
S30L,30550.5017,5.016735000001063
S30M,29346.488315000002,-1198.9966499999973
S30N,30545.484965,0.0
S30P,29346.488315000002,-1198.9966499999973
S30Q,30550.5017,5.016735000001063
S30R,29346.488315000002,-1198.9966499999973
S30T,29346.488315000002,-1198.9966499999973
S30V,30650.836145,105.35118000000148
S30W,30655.852865,110.3679000000011
S30Y,30550.5017,5.016735000001063
S312A,30409.030121000003,-136.45484399999623
S312C,30545.484965,0.0
S312D,29629.097005000003,-916.3879599999964
S312E,30405.016733,-140.46823199999926
S312F,30397.658874,-147.826090999999
S312G,29629.097005000003,-916.3879599999964
S312H,30388.963229,-156.52173599999878
S312I,30477.591991,-67.8929739999985
S312K,30545.484965,0.0
S312L,30485.284301,-60.20066399999996
S312M,30545.484965,0.0
S312N,30469.230785,-76.2541799999999
S312P,29629.097005000003,-916.3879599999964
S312Q,30545.484965,0.0
S312R,30545.484965,0.0
S312T,30409.030121000003,-136.45484399999623
S312V,30404.347837,-141.13712799999848
S312W,30413.377937,-132.10702799999854
S312Y,30481.939816000002,-63.545148999997764
S314A,30463.545163000003,-81.93980199999714
S314C,30545.484965,0.0
S314D,29995.652189,-549.8327759999993
S314E,30545.484965,0.0
S314F,30483.277608,-62.20735699999932
S314G,30444.816068,-100.66889699999956
S314H,29629.097005000003,-916.3879599999964
S314I,30501.337807,-44.14715799999976
S314K,30545.484965,0.0
S314L,30444.816068,-100.66889699999956
S314M,30372.909713,-172.57525199999873
S314N,30386.287638,-159.19732699999804
S314P,29995.652189,-549.8327759999993
S314Q,30545.484965,0.0
S314R,30545.484965,0.0
S314T,30545.484965,0.0
S314V,30382.943158000002,-162.5418069999978
S314W,30399.331120000003,-146.1538449999971
S314Y,30422.408041000002,-123.07692399999723
S326A,30587.959879000002,42.47491400000217
S326C,30573.913056,28.428091000001587
S326D,30526.755865,-18.72910000000047
S326E,30526.755865,-18.72910000000047
S326F,30829.765898999998,284.2809339999985
S326G,30552.842818,7.357853000001342
S326H,30524.749179,-20.7357860000011
S326I,30640.13379,94.64882500000022
S326K,30297.993325000003,-247.49163999999655
S326L,30551.505029,6.020064000000275
S326M,30587.959879000002,42.47491400000217
S326N,30599.665566000003,54.18060100000366
S326P,30456.521749,-88.9632160000001
S326Q,30578.595328,33.11036299999978
S326R,30296.655529000003,-248.82943599999635
S326T,30556.856196,11.37123100000099
S326V,30768.561883000002,223.07691800000248
S326W,30783.612055999998,238.12709099999847
S326Y,30648.160549,102.67558400000053
S328A,30545.484965,0.0
S328C,30545.484965,0.0
S328D,30545.484965,0.0
S328E,30545.484965,0.0
S328F,30695.986637,150.50167200000215
S328G,30545.484965,0.0
S328H,30384.949847,-160.53511799999978
S328I,30704.013389,158.5284240000001
S328K,30384.949847,-160.53511799999978
S328L,30545.484965,0.0
S328M,30545.484965,0.0
S328N,30545.484965,0.0
S328P,30545.484965,0.0
S328Q,30545.484965,0.0
S328R,30304.682288,-240.80267699999968
S328T,30545.484965,0.0
S328V,30545.484965,0.0
S328W,30706.020083000003,160.53511800000342
S328Y,30706.020083000003,160.53511800000342
S329A,30545.484965,0.0
S329C,30545.484965,0.0
S329D,30545.484965,0.0
S329E,30545.484965,0.0
S329F,30545.484965,0.0
S329G,30545.484965,0.0
S329H,30304.682288,-240.80267699999968
S329I,30545.484965,0.0
S329K,30304.682288,-240.80267699999968
S329L,30545.484965,0.0
S329M,30545.484965,0.0
S329N,30545.484965,0.0
S329P,30545.484965,0.0
S329Q,30545.484965,0.0
S329R,30304.682288,-240.80267699999968
S329T,30545.484965,0.0
S329V,30545.484965,0.0
S329W,30545.484965,0.0
S329Y,30545.484965,0.0
S334A,30065.886305,-479.59865999999965
S334C,30065.886305,-479.59865999999965
S334D,30065.886305,-479.59865999999965
S334E,30529.431455,-16.053509999997914
S334F,30807.023425,261.53845999999976
S334G,30065.886305,-479.59865999999965
S334H,30065.886305,-479.59865999999965
S334I,30631.772590999997,86.28762599999754
S334K,30065.886305,-479.59865999999965
S334L,30708.026777,162.54181199999948
S334M,30065.886305,-479.59865999999965
S334N,30065.886305,-479.59865999999965
S334P,30065.886305,-479.59865999999965
S334Q,30065.886305,-479.59865999999965
S334R,30065.886305,-479.59865999999965
S334T,30547.491659,2.0066939999996976
S334V,30065.886305,-479.59865999999965
S334W,30766.889649,221.404684000001
S334Y,30836.454865,290.96990000000005
S354A,30449.163895,-96.32106999999814
S354C,30449.163895,-96.32106999999814
S354D,29774.916405,-770.5685599999997
S354E,29774.916405,-770.5685599999997
S354F,30491.304365,-54.180599999999686
S354G,30449.163895,-96.32106999999814
S354H,29774.916405,-770.5685599999997
S354I,30493.311053,-52.17391199999838
S354K,29774.916405,-770.5685599999997
S354L,30545.484965,0.0
S354M,30449.163895,-96.32106999999814
S354N,30545.484965,0.0
S354P,29774.916405,-770.5685599999997
S354Q,30449.163895,-96.32106999999814
S354R,29774.916405,-770.5685599999997
S354T,30545.484965,0.0
S354V,30449.163895,-96.32106999999814
S354W,30449.163899,-96.32106600000043
S354Y,30507.357874999998,-38.12709000000177
S367A,30449.498347999997,-95.9866170000023
S367C,30447.491654,-97.99331099999836
S367D,30271.571927,-273.9130379999988
S367E,30447.491654,-97.99331099999836
S367F,30590.969914999998,45.48494999999821
S367G,29691.973262,-853.5117030000001
S367H,29691.973262,-853.5117030000001
S367I,30567.892993999998,22.40802899999835
S367K,29691.973262,-853.5117030000001
S367L,30550.167244,4.6822790000005625
S367M,30253.511723,-291.973242
S367N,30449.832797,-95.65216800000053
S367P,29691.973262,-853.5117030000001
S367Q,30376.254195999998,-169.2307690000016
S367R,29691.973262,-853.5117030000001
S367T,30449.498345,-95.98661999999968
S367V,30456.856208,-88.62875699999859
S367W,30503.678946,-41.80601899999965
S367Y,30558.193995999998,12.709030999998504
S374A,30545.484965,0.0
S374C,30545.484965,0.0
S374D,30545.484965,0.0
S374E,30545.484965,0.0
S374F,30785.284295,239.79933000000165
S374G,30545.484965,0.0
S374H,30545.484965,0.0
S374I,30785.284295,239.79933000000165
S374K,30545.484965,0.0
S374L,30545.484965,0.0
S374M,30545.484965,0.0
S374N,30545.484965,0.0
S374P,30545.484965,0.0
S374Q,30545.484965,0.0
S374R,30545.484965,0.0
S374T,30545.484965,0.0
S374V,30545.484965,0.0
S374W,30785.284295,239.79933000000165
S374Y,30785.284295,239.79933000000165
S383A,30467.224094,-78.26087099999859
S383C,30543.143822,-2.341143000001466
S383D,30463.210712,-82.27425299999959
S383E,30538.46155,-7.023414999999659
S383F,30617.725763,72.2407979999989
S383G,30447.157202,-98.32776300000114
S383H,30671.906365,126.42139999999927
S383I,30615.384626,69.89966099999947
S383K,30573.578606,28.09364099999948
S383L,30539.464895,-6.020069999998668
S383M,30550.167236999998,4.682271999998193
S383N,30493.31105,-52.1739149999994
S383P,30573.578606,28.09364099999948
S383Q,30543.143822,-2.341143000001466
S383R,30573.578606,28.09364099999948
S383T,30543.143822,-2.341143000001466
S383V,30479.264228,-66.22073699999964
S383W,30908.026772,362.5418070000014
S383Y,30624.414729,78.92976400000043
S385A,30545.484965,0.0
S385C,30545.484965,0.0
S385D,30304.682288,-240.80267699999968
S385E,30465.217406,-80.26755899999989
S385F,30866.555201,321.07023599999957
S385G,30545.484965,0.0
S385H,30465.217406,-80.26755899999989
S385I,30866.555201,321.07023599999957
S385K,30465.217406,-80.26755899999989
S385L,30545.484965,0.0
S385M,30545.484965,0.0
S385N,30545.484965,0.0
S385P,30545.484965,0.0
S385Q,30545.484965,0.0
S385R,30465.217406,-80.26755899999989
S385T,30545.484965,0.0
S385V,30545.484965,0.0
S385W,30545.484965,0.0
S385Y,30866.555201,321.07023599999957
S390A,30545.484965,0.0
S390C,30545.484965,0.0
S390D,30545.484965,0.0
S390E,30545.484965,0.0
S390F,31115.384632999998,569.8996679999982
S390G,30545.484965,0.0
S390H,30545.484965,0.0
S390I,31123.411385,577.9264199999998
S390K,30545.484965,0.0
S390L,30545.484965,0.0
S390M,30545.484965,0.0
S390N,30545.484965,0.0
S390P,30545.484965,0.0
S390Q,30545.484965,0.0
S390R,30545.484965,0.0
S390T,30545.484965,0.0
S390V,30545.484965,0.0
S390W,30545.484965,0.0
S390Y,30545.484965,0.0
S396A,30545.484965,0.0
S396C,30545.484965,0.0
S396D,30545.484965,0.0
S396E,30545.484965,0.0
S396F,30545.484965,0.0
S396G,30545.484965,0.0
S396H,30545.484965,0.0
S396I,30545.484965,0.0
S396K,30545.484965,0.0
S396L,30545.484965,0.0
S396M,30545.484965,0.0
S396N,30545.484965,0.0
S396P,30545.484965,0.0
S396Q,30545.484965,0.0
S396R,30545.484965,0.0
S396T,30545.484965,0.0
S396V,30545.484965,0.0
S396W,30545.484965,0.0
S396Y,30545.484965,0.0
S3A,30545.484965,0.0
S3C,30545.484965,0.0
S3D,30545.484965,0.0
S3E,30545.484965,0.0
S3F,30545.484965,0.0
S3G,30545.484965,0.0
S3H,30545.484965,0.0
S3I,30545.484965,0.0
S3K,30545.484965,0.0
S3L,30545.484965,0.0
S3M,30545.484965,0.0
S3N,30545.484965,0.0
S3P,30545.484965,0.0
S3Q,30545.484965,0.0
S3R,30545.484965,0.0
S3T,30545.484965,0.0
S3V,30545.484965,0.0
S3W,30545.484965,0.0
S3Y,30545.484965,0.0
S425A,30545.484965,0.0
S425C,30545.484965,0.0
S425D,30001.672253,-543.812711999999
S425E,30545.484965,0.0
S425F,31089.297677,543.812711999999
S425G,30545.484965,0.0
S425H,30545.484965,0.0
S425I,31089.297677,543.812711999999
S425K,30545.484965,0.0
S425L,30545.484965,0.0
S425M,30545.484965,0.0
S425N,30545.484965,0.0
S425P,30545.484965,0.0
S425Q,30545.484965,0.0
S425R,30545.484965,0.0
S425T,30545.484965,0.0
S425V,30545.484965,0.0
S425W,30545.484965,0.0
S425Y,30817.391321,271.9063559999995
S431A,30558.862893,13.377928000001702
S431C,30236.454865,-309.03009999999995
S431D,30236.454865,-309.03009999999995
S431E,30236.454865,-309.03009999999995
S431F,30556.187305,10.702339999999822
S431G,30557.525101,12.04013599999962
S431H,30556.187305,10.702339999999822
S431I,30556.187305,10.702339999999822
S431K,30545.484965,0.0
S431L,30556.187305,10.702339999999822
S431M,30556.187305,10.702339999999822
S431N,30557.525101,12.04013599999962
S431P,30236.454865,-309.03009999999995
S431Q,30556.187305,10.702339999999822
S431R,30236.454865,-309.03009999999995
S431T,30556.187305,10.702339999999822
S431V,30556.187305,10.702339999999822
S431W,30556.187305,10.702339999999822
S431Y,30557.525101,12.04013599999962
S43A,30545.484965,0.0
S43C,30545.484965,0.0
S43D,30305.685635,-239.799329999998
S43E,30545.484965,0.0
S43F,30705.351185,159.86621999999988
S43G,30545.484965,0.0
S43H,30545.484965,0.0
S43I,30705.351185,159.86621999999988
S43K,30545.484965,0.0
S43L,30545.484965,0.0
S43M,30545.484965,0.0
S43N,30545.484965,0.0
S43P,30545.484965,0.0
S43Q,30545.484965,0.0
S43R,30545.484965,0.0
S43T,30545.484965,0.0
S43V,30545.484965,0.0
S43W,30865.217405,319.73243999999977
S43Y,30689.297675,143.81271000000197
S448A,30545.484965,0.0
S448C,30545.484965,0.0
S448D,30545.484965,0.0
S448E,30545.484965,0.0
S448F,30545.484965,0.0
S448G,30545.484965,0.0
S448H,30545.484965,0.0
S448I,30545.484965,0.0
S448K,30545.484965,0.0
S448L,30545.484965,0.0
S448M,30545.484965,0.0
S448N,30545.484965,0.0
S448P,30545.484965,0.0
S448Q,30545.484965,0.0
S448R,30545.484965,0.0
S448T,30545.484965,0.0
S448V,30545.484965,0.0
S448W,30545.484965,0.0
S448Y,30545.484965,0.0
S455A,30510.702354999998,-34.78261000000202
S455C,30512.374594999997,-33.11037000000215
S455D,30195.652188,-349.8327769999996
S455E,30536.454864,-9.030101000000286
S455F,30591.63881,46.15384500000073
S455G,30199.665566,-345.819399
S455H,30519.398006,-26.086959000000206
S455I,30592.642153999997,47.15718899999774
S455K,30197.993325,-347.4916400000002
S455L,30550.167237999998,4.682272999998531
S455M,30522.073593999998,-23.411371000001964
S455N,30586.622087,41.13712200000009
S455P,30188.294329,-357.19063599999936
S455Q,30519.398006,-26.086959000000206
S455R,30506.688976,-38.79598899999837
S455T,30550.167237999998,4.682272999998531
S455V,30585.953191,40.46822600000087
S455W,30544.147172,-1.3377929999987828
S455Y,30594.314393999997,48.82942899999762
S467A,29882.943162,-662.5418030000001
S467C,29882.943162,-662.5418030000001
S467D,29882.943162,-662.5418030000001
S467E,30545.484965,0.0
S467F,30445.15052,-100.33444500000041
S467G,29882.943162,-662.5418030000001
S467H,29882.943162,-662.5418030000001
S467I,30433.110386,-112.37457899999936
S467K,29882.943162,-662.5418030000001
S467L,30388.963228999997,-156.52173600000242
S467M,30545.484965,0.0
S467N,29882.943162,-662.5418030000001
S467P,29882.943162,-662.5418030000001
S467Q,30346.488311999998,-198.99665300000197
S467R,29882.943162,-662.5418030000001
S467T,30388.963228999997,-156.52173600000242
S467V,29882.943162,-662.5418030000001
S467W,30461.204032999998,-84.28093200000148
S467Y,30521.4047,-24.08026500000051
S46A,30545.484965,0.0
S46C,30545.484965,0.0
S46D,30465.551855,-79.93310999999812
S46E,30545.484965,0.0
S46F,30545.484965,0.0
S46G,30545.484965,0.0
S46H,30545.484965,0.0
S46I,31584.615395,1039.130430000001
S46K,30545.484965,0.0
S46L,30545.484965,0.0
S46M,30545.484965,0.0
S46N,30545.484965,0.0
S46P,30545.484965,0.0
S46Q,30545.484965,0.0
S46R,30545.484965,0.0
S46T,30545.484965,0.0
S46V,30545.484965,0.0
S46W,31549.83279,1004.3478250000007
S46Y,31584.615395,1039.130430000001
S474A,30578.929779,33.44481399999859
S474C,30578.260884,32.7759189999997
S474D,30377.591988,-167.89297699999952
S474E,30375.250848,-170.23411699999997
S474F,30574.247505,28.762539999999717
S474G,30564.21406,18.72909499999878
S474H,30569.565230999997,24.08026599999721
S474I,30562.20737,16.722405000000435
S474K,30557.525096999998,12.040131999998266
S474L,30571.571921,26.08695599999919
S474M,30574.247505,28.762539999999717
S474N,30569.56523,24.08026500000051
S474P,30449.498340000002,-95.98662499999773
S474Q,30567.892989999997,22.408024999996996
S474R,30556.856197999998,11.371232999998028
S474T,30574.916401,29.43143599999894
S474V,30577.926434999998,32.441469999997935
S474W,30571.237472,25.75250700000106
S474Y,30575.919746,30.43478099999993
S490A,30545.484965,0.0
S490C,30545.484965,0.0
S490D,30545.484965,0.0
S490E,30545.484965,0.0
S490F,30545.484965,0.0
S490G,30545.484965,0.0
S490H,30545.484965,0.0
S490I,30545.484965,0.0
S490K,30545.484965,0.0
S490L,30545.484965,0.0
S490M,30545.484965,0.0
S490N,30545.484965,0.0
S490P,30545.484965,0.0
S490Q,30545.484965,0.0
S490R,30545.484965,0.0
S490T,30545.484965,0.0
S490V,30545.484965,0.0
S490W,30545.484965,0.0
S490Y,30545.484965,0.0
S4A,30545.484965,0.0
S4C,30545.484965,0.0
S4D,30545.484965,0.0
S4E,30545.484965,0.0
S4F,30545.484965,0.0
S4G,30545.484965,0.0
S4H,30545.484965,0.0
S4I,30545.484965,0.0
S4K,30545.484965,0.0
S4L,30545.484965,0.0
S4M,30545.484965,0.0
S4N,30545.484965,0.0
S4P,30545.484965,0.0
S4Q,30545.484965,0.0
S4R,30545.484965,0.0
S4T,30545.484965,0.0
S4V,30545.484965,0.0
S4W,30545.484965,0.0
S4Y,30545.484965,0.0
S513A,30667.558544,122.07357899999988
S513C,30563.545169,18.06020400000125
S513D,30563.545169,18.06020400000125
S513E,30551.505035,6.020069999998668
S513F,30679.264230999997,133.77926599999773
S513G,30646.488312999998,101.00334799999837
S513H,30146.488311999998,-398.99665300000197
S513I,30702.675605,157.1906400000007
S513K,30145.819415,-399.6655499999979
S513L,30683.946503,138.46153799999956
S513M,30545.484965,0.0
S513N,30681.605367,136.12040200000047
S513P,30563.545169,18.06020400000125
S513Q,30646.488312999998,101.00334799999837
S513R,30148.829449,-396.6555159999989
S513T,30577.591990999998,32.10702599999786
S513V,30549.498346999997,4.013381999997364
S513W,30617.725769,72.24080400000094
S513Y,30696.989985999997,151.5050209999972
S520A,30611.371249,65.88628400000016
S520C,30508.361214,-37.123750999999174
S520D,30292.307707,-253.1772579999997
S520E,30554.180616999998,8.695651999998518
S520F,30585.953187,40.468221999999514
S520G,30336.789312,-208.69565299999886
S520H,30329.765897,-215.71906799999852
S520I,30575.250848,29.76588300000003
S520K,30308.695666,-236.78929900000003
S520L,30589.632121,44.147155999999086
S520M,30578.595329,33.11036400000012
S520N,30583.277606,37.792641
S520P,29728.093657999998,-817.3913070000017
S520Q,30569.899675999997,24.414710999997624
S520R,30289.966571,-255.5183939999988
S520T,30596.989975,51.505010000000766
S520V,30593.311052,47.82608700000128
S520W,30606.688978,61.20401299999867
S520Y,30591.63881,46.15384500000073
S522A,31195.986638,650.5016729999988
S522C,30549.163895,3.6789300000018557
S522D,30540.802688,-4.6822769999998854
S522E,30536.454864,-9.030101000000286
S522F,30571.237473999998,25.7525089999981
S522G,31167.892985,622.4080199999989
S522H,29728.093657999998,-817.3913070000017
S522I,30544.816063000002,-0.6689019999976153
S522K,29728.093657999998,-817.3913070000017
S522L,31140.468237999998,594.983272999998
S522M,30534.448171,-11.036793999999645
S522N,31244.147168,698.6622029999999
S522P,30423.411383,-122.0735820000009
S522Q,30542.14048,-3.344485000001441
S522R,29728.093657999998,-817.3913070000017
S522T,30530.434792,-15.050172999999631
S522V,31348.495004,803.0100390000007
S522W,31354.849509,809.364544
S522Y,31164.88295,619.3979849999996
S559A,30545.484965,0.0
S559C,30545.484965,0.0
S559D,29964.882956999998,-580.6020080000017
S559E,30213.712389,-331.7725759999994
S559F,30523.745836,-21.739129000001412
S559G,30545.484965,0.0
S559H,30213.712389,-331.7725759999994
S559I,30566.889645,21.404679999999644
S559K,30545.484965,0.0
S559L,30545.484965,0.0
S559M,30494.314393999997,-51.17057100000238
S559N,30518.394659,-27.090305999998236
S559P,30296.655533,-248.82943199999863
S559Q,30545.484965,0.0
S559R,30545.484965,0.0
S559T,30545.484965,0.0
S559V,30517.391321,-28.093644000000495
S559W,30521.404696999998,-24.080268000001524
S559Y,30571.90637,26.42140500000096
S573A,30545.484965,0.0
S573C,30545.484965,0.0
S573D,30545.484965,0.0
S573E,30545.484965,0.0
S573F,31009.030114999998,463.5451499999981
S573G,30545.484965,0.0
S573H,30545.484965,0.0
S573I,31023.076937,477.591972000002
S573K,30545.484965,0.0
S573L,30545.484965,0.0
S573M,30545.484965,0.0
S573N,30545.484965,0.0
S573P,30545.484965,0.0
S573Q,30545.484965,0.0
S573R,30545.484965,0.0
S573T,30545.484965,0.0
S573V,30545.484965,0.0
S573W,30545.484965,0.0
S573Y,31025.083625,479.59865999999965
S576A,30545.484965,0.0
S576C,30545.484965,0.0
S576D,30545.484965,0.0
S576E,30545.484965,0.0
S576F,30545.484965,0.0
S576G,30545.484965,0.0
S576H,30545.484965,0.0
S576I,30545.484965,0.0
S576K,30545.484965,0.0
S576L,30545.484965,0.0
S576M,30545.484965,0.0
S576N,30545.484965,0.0
S576P,30545.484965,0.0
S576Q,30545.484965,0.0
S576R,30545.484965,0.0
S576T,30545.484965,0.0
S576V,30545.484965,0.0
S576W,30545.484965,0.0
S576Y,30545.484965,0.0
S586A,30559.531787,14.046822000000247
S586C,30531.438143,-14.046822000000247
S586D,30531.438143,-14.046822000000247
S586E,30529.431455,-16.053509999997914
S586F,30569.230785,23.745820000000094
S586G,30529.431455,-16.053509999997914
S586H,30047.826101,-497.6588640000009
S586I,30533.110382,-12.374583000000712
S586K,30047.826101,-497.6588640000009
S586L,30526.086971,-19.397993999999017
S586M,30567.558545,22.07358000000022
S586N,30571.571921,26.08695599999919
S586P,30047.826101,-497.6588640000009
S586Q,30533.444831,-12.040133999998943
S586R,30047.826101,-497.6588640000009
S586T,30537.458207,-8.026757999999973
S586V,30569.565233,24.080268000001524
S586W,30529.431455,-16.053509999997914
S586Y,30542.140481,-3.3444840000011027
S589A,30534.782621,-10.702344000001176
S589C,30545.484965,0.0
S589D,29354.849509,-1190.635456
S589E,30350.167236999998,-195.3177280000018
S589F,30504.013387,-41.47157800000059
S589G,30497.324429,-48.16053599999941
S589H,30332.107033,-213.37793199999942
S589I,30480.26757,-65.21739499999967
S589K,30350.167236999998,-195.3177280000018
S589L,30550.836133,5.351168000001053
S589M,30494.648845,-50.83611999999994
S589N,30548.160549,2.6755840000005264
S589P,30350.167236999998,-195.3177280000018
S589Q,30480.602018,-64.88294699999824
S589R,30316.053523,-229.43144200000097
S589T,30491.973253,-53.511711999999534
S589V,30588.294325,42.80935999999929
S589W,30598.996669,53.511704000000464
S589Y,30550.836133,5.351168000001053
S590A,30404.347836999998,-141.13712800000212
S590C,30344.147167,-201.33779800000048
S590D,29769.565229,-775.9197359999998
S590E,30350.167236999998,-195.3177280000018
S590F,30601.672253,56.18728800000099
S590G,30316.053523,-229.43144200000097
S590H,30378.260881,-167.2240840000013
S590I,30623.076933,77.59196800000063
S590K,30374.247505,-171.23746000000028
S590L,30612.374596999998,66.88963199999853
S590M,30368.227435,-177.25752999999895
S590N,30607.023421,61.53845600000204
S590P,30350.167236999998,-195.3177280000018
S590Q,30497.324429,-48.16053599999941
S590R,30334.113727,-211.37123799999972
S590T,30400.334461,-145.1505040000011
S590V,30556.187301,10.702336000002106
S590W,30631.103693,85.61872800000128
S590Y,30623.076933,77.59196800000063
S595A,30570.903027,25.418062000000646
S595C,30520.066906,-25.41805899999963
S595D,30538.796001,-6.688964000000851
S595E,30541.471589,-4.013375999998971
S595F,30520.401356,-25.08360900000116
S595G,30557.525099,12.040133999998943
S595H,29979.264231,-566.2207339999986
S595I,30521.070252,-24.4147129999983
S595K,29979.264231,-566.2207339999986
S595L,30544.816071,-0.668893999998545
S595M,30460.869585,-84.61537999999928
S595N,30559.531787,14.046822000000247
S595P,29979.264231,-566.2207339999986
S595Q,30541.471591999998,-4.013373000001593
S595R,29979.264231,-566.2207339999986
S595T,30462.876272999998,-82.60869200000161
S595V,30538.461556,-7.023409000001266
S595W,30539.464901,-6.020064000000275
S595Y,30525.083628,-20.40133699999933
S624A,30554.180608,8.695642999999109
S624C,30604.013393,58.52842800000144
S624D,30450.167235,-95.31772999999885
S624E,30607.357865,61.87290000000212
S624F,30763.879607,218.3946419999993
S624G,30353.177267,-192.30769800000053
S624H,30557.859545,12.374579999999696
S624I,30747.157206,201.6722410000002
S624K,30612.709035,67.22407000000021
S624L,30631.103687,85.61872199999925
S624M,30583.277599,37.79263400000127
S624N,30526.421414,-19.06355099999928
S624P,29577.257535,-968.227429999999
S624Q,30644.816069,99.33110400000078
S624R,30509.699005,-35.78596000000107
S624T,30585.284293,39.79932800000097
S624V,30624.749175,79.26421000000119
S624W,30649.498341,104.01337599999897
S624Y,30627.759207,82.2742419999995
S626A,30620.066903,74.58193799999935
S626C,30534.448169,-11.036796000000322
S626D,30564.548499,19.0635340000008
S626E,30580.602012,35.11704699999973
S626F,30571.571921,26.08695599999919
S626G,30540.468243,-5.0167220000003
S626H,30406.688975,-138.7959899999987
S626I,30675.919741,130.43477600000188
S626K,30543.143825,-2.3411400000004505
S626L,30660.535127,115.05016199999955
S626M,30553.846169,8.361204000000726
S626N,30655.518401,110.03343600000153
S626P,30504.347835,-41.13712999999916
S626Q,30515.719073,-29.76589199999944
S626R,30504.347835,-41.13712999999916
S626T,30611.37125,65.8862850000005
S626V,30557.859546,12.374581000000035
S626W,30569.565229,24.08026400000017
S626Y,30680.936464,135.45149899999888
S631A,30304.682288,-240.80267699999968
S631C,30304.682288,-240.80267699999968
S631D,30144.14717,-401.33779499999946
S631E,30304.682288,-240.80267699999968
S631F,30565.551851,20.066886000000522
S631G,30304.682288,-240.80267699999968
S631H,30304.682288,-240.80267699999968
S631I,30579.598673,34.11370800000077
S631K,30304.682288,-240.80267699999968
S631L,30545.484965,0.0
S631M,30304.682288,-240.80267699999968
S631N,30304.682288,-240.80267699999968
S631P,30304.682288,-240.80267699999968
S631Q,30304.682288,-240.80267699999968
S631R,30304.682288,-240.80267699999968
S631T,30545.484965,0.0
S631V,30304.682288,-240.80267699999968
S631W,30539.464895,-6.020069999998668
S631Y,30585.618743,40.13377799999944
S633A,30545.484965,0.0
S633C,30545.484965,0.0
S633D,30224.414729,-321.07023599999957
S633E,30144.14717,-401.33779499999946
S633F,30545.484965,0.0
S633G,30304.682288,-240.80267699999968
S633H,30545.484965,0.0
S633I,30545.484965,0.0
S633K,30545.484965,0.0
S633L,30545.484965,0.0
S633M,30545.484965,0.0
S633N,30545.484965,0.0
S633P,30304.682288,-240.80267699999968
S633Q,30545.484965,0.0
S633R,30545.484965,0.0
S633T,30545.484965,0.0
S633V,30545.484965,0.0
S633W,30545.484965,0.0
S633Y,30545.484965,0.0
S648A,30465.551855,-79.93310999999812
S648C,30465.551855,-79.93310999999812
S648D,30465.551855,-79.93310999999812
S648E,30545.484965,0.0
S648F,30788.294329,242.80936400000064
S648G,30465.551855,-79.93310999999812
S648H,30385.618745,-159.86621999999988
S648I,30615.719081,70.23411599999963
S648K,30385.618745,-159.86621999999988
S648L,30545.484965,0.0
S648M,30545.484965,0.0
S648N,30465.551855,-79.93310999999812
S648P,30385.618745,-159.86621999999988
S648Q,30465.551855,-79.93310999999812
S648R,30385.618745,-159.86621999999988
S648T,30529.431455,-16.053509999997914
S648V,30705.351185,159.86621999999988
S648W,30745.484969,200.00000400000135
S648Y,30617.725769,72.24080400000094
S653A,30545.484965,0.0
S653C,30545.484965,0.0
S653D,30545.484965,0.0
S653E,30545.484965,0.0
S653F,30870.23413,324.7491650000011
S653G,30545.484965,0.0
S653H,30545.484965,0.0
S653I,30880.267575,334.782610000002
S653K,30545.484965,0.0
S653L,30865.217405,319.73243999999977
S653M,30545.484965,0.0
S653N,30545.484965,0.0
S653P,30545.484965,0.0
S653Q,30545.484965,0.0
S653R,30545.484965,0.0
S653T,30865.217405,319.73243999999977
S653V,30545.484965,0.0
S653W,30865.217405,319.73243999999977
S653Y,30895.31774,349.83277499999895
S656A,30525.418073,-20.066891999998916
S656C,30545.484965,0.0
S656D,29506.020077,-1039.4648879999986
S656E,30537.458201,-8.026763999998366
S656F,30770.234123,224.74915799999872
S656G,30473.244161,-72.24080400000094
S656H,29506.020077,-1039.4648879999986
S656I,30710.367906,164.88294099999985
S656K,29506.020077,-1039.4648879999986
S656L,30630.769242,85.28427699999884
S656M,30469.230785,-76.2541799999999
S656N,30549.498341000002,4.013376000002609
S656P,29506.020077,-1039.4648879999986
S656Q,30553.511717,8.02675200000158
S656R,29506.020077,-1039.4648879999986
S656T,30461.204021,-84.28094399999827
S656V,30609.699005,64.21403999999893
S656W,30702.006704,156.5217389999998
S656Y,30717.391315,171.9063500000011
S92A,30545.484965,0.0
S92C,30545.484965,0.0
S92D,30545.484965,0.0
S92E,30545.484965,0.0
S92F,31266.889646000003,721.4046810000036
S92G,30545.484965,0.0
S92H,30545.484965,0.0
S92I,31373.244161000002,827.7591960000027
S92K,30545.484965,0.0
S92L,30545.484965,0.0
S92M,30545.484965,0.0
S92N,30545.484965,0.0
S92P,30545.484965,0.0
S92Q,30545.484965,0.0
S92R,30545.484965,0.0
S92T,31009.030115,463.54515000000174
S92V,31009.030115,463.54515000000174
S92W,31195.652187,650.167222
S92Y,31373.244161000002,827.7591960000027
T117A,30545.484965,0.0
T117C,30536.120414,-9.364550999998755
T117D,29838.127103000003,-707.3578619999971
T117E,29759.531785,-785.9531800000004
T117F,30559.866232,14.381267000000662
T117G,30545.484965,0.0
T117H,30545.484965,0.0
T117I,30540.802686000003,-4.6822789999969245
T117K,30073.913057,-471.5719079999981
T117L,30554.849509,9.364544000000024
T117M,30545.484965,0.0
T117N,30536.120414,-9.364550999998755
T117P,30073.913057,-471.5719079999981
T117Q,30546.822757,1.3377920000020822
T117R,30466.889647,-78.59531799999968
T117S,30536.120414,-9.364550999998755
T117V,30589.96657,44.481605000000854
T117W,30601.672257000002,56.187292000002344
T117Y,30538.795999,-6.68896599999789
T133A,30509.364563000003,-36.12040199999683
T133C,30501.337808,-44.147156999999424
T133D,30509.364563000003,-36.12040199999683
T133E,30501.337808,-44.147156999999424
T133F,30495.986637,-49.498327999997855
T133G,30269.565233,-275.9197319999985
T133H,30269.565233,-275.9197319999985
T133I,30488.963228,-56.52173699999912
T133K,30269.565233,-275.9197319999985
T133L,30486.287642000003,-59.197322999996686
T133M,30545.484965,0.0
T133N,30485.284295,-60.200669999998354
T133P,30269.565233,-275.9197319999985
T133Q,30512.374598000002,-33.110366999997495
T133R,30269.565233,-275.9197319999985
T133S,30545.484965,0.0
T133V,30509.364563000003,-36.12040199999683
T133W,30493.645500000002,-51.83946499999729
T133Y,30472.240821,-73.24414400000023
T134A,30511.371254,-34.11371099999815
T134C,30515.38463,-30.100334999999177
T134D,30177.591989,-367.8929759999992
T134E,30512.374598000002,-33.110366999997495
T134F,30510.367908,-35.11705699999948
T134G,30509.364563000003,-36.12040199999683
T134H,30269.565233,-275.9197319999985
T134I,30504.347841000003,-41.13712399999713
T134K,30269.565233,-275.9197319999985
T134L,30525.418076,-20.0668889999979
T134M,30501.337808,-44.147156999999424
T134N,30518.394665,-27.090299999999843
T134P,30269.565233,-275.9197319999985
T134Q,30515.38463,-30.100334999999177
T134R,30177.591989,-367.8929759999992
T134S,30517.391321000003,-28.093643999996857
T134V,30540.468242000003,-5.016722999997
T134W,30522.742491,-22.742473999998765
T134Y,30506.688980000003,-38.79598499999702
T141A,30545.484965,0.0
T141C,30545.484965,0.0
T141D,30453.511721000003,-91.97324399999707
T141E,30545.484965,0.0
T141F,30511.371254,-34.11371099999815
T141G,30545.484965,0.0
T141H,30545.484965,0.0
T141I,30517.391321000003,-28.093643999996857
T141K,30453.511721000003,-91.97324399999707
T141L,30545.484965,0.0
T141M,30545.484965,0.0
T141N,30545.484965,0.0
T141P,30545.484965,0.0
T141Q,30545.484965,0.0
T141R,30453.511721000003,-91.97324399999707
T141S,30545.484965,0.0
T141V,30545.484965,0.0
T141W,30545.484965,0.0
T141Y,30525.418076,-20.0668889999979
T153A,30638.127107,92.6421420000006
T153C,30059.866235,-485.6187299999983
T153D,30059.866235,-485.6187299999983
T153E,30059.866235,-485.6187299999983
T153F,31081.939813,536.4548480000012
T153G,30059.866235,-485.6187299999983
T153H,30539.464895,-6.020069999998668
T153I,30762.541819000002,217.0568540000022
T153K,30535.451519000002,-10.033445999997639
T153L,30670.903025,125.41805999999997
T153M,30059.866235,-485.6187299999983
T153N,30668.561889,123.07692400000087
T153P,30059.866235,-485.6187299999983
T153Q,30059.866235,-485.6187299999983
T153R,30059.866235,-485.6187299999983
T153S,30600.66891,55.183945000000676
T153V,30603.344495,57.85953000000154
T153W,30710.367905,164.8829399999995
T153Y,30765.217403000002,219.73243800000273
T161A,30545.484965,0.0
T161C,30545.484965,0.0
T161D,30545.484965,0.0
T161E,30545.484965,0.0
T161F,30962.541821,417.05685599999924
T161G,30545.484965,0.0
T161H,30545.484965,0.0
T161I,30945.484965,400.0
T161K,30545.484965,0.0
T161L,30545.484965,0.0
T161M,30545.484965,0.0
T161N,30545.484965,0.0
T161P,30545.484965,0.0
T161Q,30545.484965,0.0
T161R,30545.484965,0.0
T161S,30545.484965,0.0
T161V,30785.284295,239.79933000000165
T161W,30949.163896000002,403.6789310000022
T161Y,30946.488309,401.00334400000065
T175A,30594.648839,49.16387400000167
T175C,30585.284295,39.799330000001646
T175D,30585.284295,39.799330000001646
T175E,30526.755865,-18.72910000000047
T175F,30818.729108,273.2441429999999
T175G,30575.919744,30.434778999999253
T175H,30536.120411,-9.364553999999771
T175I,30633.444831,87.95986600000106
T175K,30543.143826,-2.341139000000112
T175L,30546.153861,0.6688959999992221
T175M,30606.354526000003,60.86956100000316
T175N,30620.401349,74.91638400000011
T175P,30377.926436,-167.5585289999981
T175Q,30587.625431,42.14046600000074
T175R,30538.461554,-7.023410999998305
T175S,30543.478271,-2.0066939999996976
T175V,30792.307709,246.82274400000097
T175W,30768.561882,223.07691700000214
T175Y,30643.143824,97.65885899999921
T187A,30545.484965,0.0
T187C,30545.484965,0.0
T187D,30545.484965,0.0
T187E,30545.484965,0.0
T187F,30545.484965,0.0
T187G,30545.484965,0.0
T187H,30545.484965,0.0
T187I,30854.515065,309.03009999999995
T187K,30545.484965,0.0
T187L,30545.484965,0.0
T187M,30545.484965,0.0
T187N,30545.484965,0.0
T187P,30545.484965,0.0
T187Q,30545.484965,0.0
T187R,30545.484965,0.0
T187S,30545.484965,0.0
T187V,30545.484965,0.0
T187W,30865.217405,319.73243999999977
T187Y,30859.866237000002,314.38127200000235
T202A,30545.484965,0.0
T202C,30545.484965,0.0
T202D,29904.013393,-641.4715719999986
T202E,30362.207373,-183.27759199999855
T202F,30658.528441000002,113.04347600000256
T202G,30545.484965,0.0
T202H,30362.207373,-183.27759199999855
T202I,30660.535135,115.05016999999862
T202K,30362.207373,-183.27759199999855
T202L,30545.484965,0.0
T202M,30545.484965,0.0
T202N,30545.484965,0.0
T202P,30362.207373,-183.27759199999855
T202Q,30545.484965,0.0
T202R,30362.207373,-183.27759199999855
T202S,30545.484965,0.0
T202V,30545.484965,0.0
T202W,30728.762557000002,183.2775920000022
T202Y,30672.575263,127.09029799999917
T225A,30596.655536,51.170570999998745
T225C,30608.695673000002,63.21070800000234
T225D,29826.086975,-719.3979900000013
T225E,30605.685641,60.200676000000385
T225F,30715.050189,169.56522400000176
T225G,30554.51507,9.03010500000164
T225H,30545.484965,0.0
T225I,30712.709045,167.22407999999996
T225K,29826.086975,-719.3979900000013
T225L,30609.364566,63.87960100000055
T225M,30548.495006,3.0100410000013653
T225N,30685.953198000003,140.46823300000324
T225P,29826.086975,-719.3979900000013
T225Q,30553.511721000003,8.026756000002933
T225R,30530.434805,-15.050159999998868
T225S,30608.695673000002,63.21070800000234
T225V,30653.846171,108.3612060000014
T225W,30752.173931,206.68896600000153
T225Y,30707.692326,162.20736100000067
T227A,30305.685635,-239.799329999998
T227C,30289.632125,-255.85283999999956
T227D,29826.086975,-719.3979900000013
T227E,29826.086975,-719.3979900000013
T227F,30597.658883,52.17391800000041
T227G,29826.086975,-719.3979900000013
T227H,29826.086975,-719.3979900000013
T227I,30561.538481000003,16.053516000003583
T227K,29826.086975,-719.3979900000013
T227L,30540.133795,-5.351169999998092
T227M,29826.086975,-719.3979900000013
T227N,30598.662225,53.17726000000039
T227P,29826.086975,-719.3979900000013
T227Q,30309.699017,-235.78594800000064
T227R,29826.086975,-719.3979900000013
T227S,30521.4047,-24.08026500000051
T227V,30305.685635,-239.799329999998
T227W,30555.183969,9.699004000001878
T227Y,30561.87293,16.387965000001714
T234A,30545.484965,0.0
T234C,30545.484965,0.0
T234D,30305.685635,-239.799329999998
T234E,30305.685635,-239.799329999998
T234F,31105.016735,559.5317700000014
T234G,30545.484965,0.0
T234H,30545.484965,0.0
T234I,31105.016735,559.5317700000014
T234K,30545.484965,0.0
T234L,30545.484965,0.0
T234M,30545.484965,0.0
T234N,30545.484965,0.0
T234P,30545.484965,0.0
T234Q,30545.484965,0.0
T234R,30545.484965,0.0
T234S,30545.484965,0.0
T234V,30545.484965,0.0
T234W,30545.484965,0.0
T234Y,30865.217405,319.73243999999977
T23A,30545.484965,0.0
T23C,30545.484965,0.0
T23D,30545.484965,0.0
T23E,30545.484965,0.0
T23F,31105.016735,559.5317700000014
T23G,30545.484965,0.0
T23H,30545.484965,0.0
T23I,30545.484965,0.0
T23K,30545.484965,0.0
T23L,30545.484965,0.0
T23M,30545.484965,0.0
T23N,30545.484965,0.0
T23P,30545.484965,0.0
T23Q,30545.484965,0.0
T23R,30545.484965,0.0
T23S,30545.484965,0.0
T23V,31105.016735,559.5317700000014
T23W,31105.016735,559.5317700000014
T23Y,30545.484965,0.0
T241A,30545.484965,0.0
T241C,30545.484965,0.0
T241D,30545.484965,0.0
T241E,30545.484965,0.0
T241F,30545.484965,0.0
T241G,30545.484965,0.0
T241H,30545.484965,0.0
T241I,30545.484965,0.0
T241K,30545.484965,0.0
T241L,30545.484965,0.0
T241M,30545.484965,0.0
T241N,30545.484965,0.0
T241P,30545.484965,0.0
T241Q,30545.484965,0.0
T241R,30545.484965,0.0
T241S,30545.484965,0.0
T241V,30545.484965,0.0
T241W,30545.484965,0.0
T241Y,30545.484965,0.0
T243A,30545.484965,0.0
T243C,30545.484965,0.0
T243D,30545.484965,0.0
T243E,30545.484965,0.0
T243F,30545.484965,0.0
T243G,30545.484965,0.0
T243H,30545.484965,0.0
T243I,30545.484965,0.0
T243K,30545.484965,0.0
T243L,30545.484965,0.0
T243M,30545.484965,0.0
T243N,30545.484965,0.0
T243P,30545.484965,0.0
T243Q,30545.484965,0.0
T243R,30545.484965,0.0
T243S,30545.484965,0.0
T243V,30545.484965,0.0
T243W,30545.484965,0.0
T243Y,30545.484965,0.0
T245A,30545.484965,0.0
T245C,30545.484965,0.0
T245D,30545.484965,0.0
T245E,30545.484965,0.0
T245F,30545.484965,0.0
T245G,30545.484965,0.0
T245H,30545.484965,0.0
T245I,30545.484965,0.0
T245K,30545.484965,0.0
T245L,30545.484965,0.0
T245M,30545.484965,0.0
T245N,30545.484965,0.0
T245P,30545.484965,0.0
T245Q,30545.484965,0.0
T245R,30545.484965,0.0
T245S,30545.484965,0.0
T245V,30545.484965,0.0
T245W,30545.484965,0.0
T245Y,30545.484965,0.0
T265A,30609.699013,64.21404800000164
T265C,30531.438143,-14.046822000000247
T265D,30531.438143,-14.046822000000247
T265E,30529.431449000003,-16.053515999996307
T265F,30910.702352,365.2173870000006
T265G,30531.438143,-14.046822000000247
T265H,30531.438143,-14.046822000000247
T265I,30922.742489000004,377.2575240000042
T265K,30531.438143,-14.046822000000247
T265L,30623.745836000002,78.26087100000223
T265M,30531.438143,-14.046822000000247
T265N,30609.699013,64.21404800000164
T265P,30374.916403000003,-170.56856199999675
T265Q,30766.220753,220.73578800000178
T265R,30531.438143,-14.046822000000247
T265S,30541.471583000002,-4.013381999997364
T265V,30531.438143,-14.046822000000247
T265W,30679.933121000002,134.4481560000022
T265Y,30931.772585,386.28761999999915
T273A,30655.852856,110.36789100000169
T273C,30547.491653,2.0066880000013043
T273D,30475.250849,-70.23411599999963
T273E,30469.230785,-76.2541799999999
T273F,30579.598679000002,34.1137140000028
T273G,30529.431455,-16.053509999997914
T273H,29995.652189,-549.8327759999993
T273I,30575.585297,30.1003320000018
T273K,29995.652189,-549.8327759999993
T273L,30567.558545,22.07358000000022
T273M,30547.491653,2.0066880000013043
T273N,30539.464901,-6.020064000000275
T273P,30491.304365,-54.180599999999686
T273Q,30577.591991,32.1070260000015
T273R,29995.652189,-549.8327759999993
T273S,30523.411385,-22.07358000000022
T273V,30559.531787,14.046822000000247
T273W,30525.418073,-20.066891999998916
T273Y,30573.578609,28.093644000000495
T300A,30545.484965,0.0
T300C,30545.484965,0.0
T300D,30545.484965,0.0
T300E,30545.484965,0.0
T300F,31241.137141,695.6521759999996
T300G,30545.484965,0.0
T300H,30545.484965,0.0
T300I,31069.230785,523.7458200000001
T300K,30545.484965,0.0
T300L,30545.484965,0.0
T300M,30545.484965,0.0
T300N,30545.484965,0.0
T300P,30545.484965,0.0
T300Q,30545.484965,0.0
T300R,30545.484965,0.0
T300S,30545.484965,0.0
T300V,30545.484965,0.0
T300W,31187.625437000002,642.1404720000028
T300Y,31075.250849,529.7658840000004
T308A,30472.909712,-72.57525299999907
T308C,30317.72576,-227.75920499999847
T308D,30237.458208,-308.02675699999963
T308E,30414.046832,-131.43813299999965
T308F,30385.953187,-159.5317780000005
T308G,30237.458208,-308.02675699999963
T308H,29001.337808,-1544.1471569999994
T308I,30634.448172,88.9632070000007
T308K,29001.337808,-1544.1471569999994
T308L,30603.678949,58.193984000001365
T308M,30376.58864,-168.8963249999979
T308N,30510.367904,-35.11706100000083
T308P,29001.337808,-1544.1471569999994
T308Q,30290.969920000003,-254.51504499999646
T308R,29001.337808,-1544.1471569999994
T308S,30392.642160000003,-152.8428049999966
T308V,30288.294324000002,-257.1906409999974
T308W,30388.963233000002,-156.52173199999743
T308Y,30635.117068,89.63210299999992
T331A,30551.505035,6.020069999998668
T331C,30547.491659,2.0066939999996976
T331D,30551.505035,6.020069999998668
T331E,30547.491659,2.0066939999996976
T331F,30669.565235,124.08026999999856
T331G,30529.431455,-16.053509999997914
T331H,29905.351187,-640.1337779999994
T331I,30585.618748999997,40.13378399999783
T331K,29905.351187,-640.1337779999994
T331L,30565.551857,20.066891999998916
T331M,30545.484965,0.0
T331N,30533.444830999997,-12.040134000002581
T331P,30065.886305,-479.59865999999965
T331Q,30585.618748999997,40.13378399999783
T331R,29905.351187,-640.1337779999994
T331S,30065.886305,-479.59865999999965
T331V,30631.438145,85.95318000000043
T331W,30609.699014,64.21404900000198
T331Y,30738.127109,192.64214400000128
T333A,30705.351185,159.86621999999988
T333C,30065.886305,-479.59865999999965
T333D,30065.886305,-479.59865999999965
T333E,30065.886305,-479.59865999999965
T333F,30793.311055,247.82608999999866
T333G,30065.886305,-479.59865999999965
T333H,30065.886305,-479.59865999999965
T333I,30828.093663,282.608698
T333K,30065.886305,-479.59865999999965
T333L,30729.431457,183.94649199999913
T333M,30065.886305,-479.59865999999965
T333N,30551.505035,6.020069999998668
T333P,30065.886305,-479.59865999999965
T333Q,30065.886305,-479.59865999999965
T333R,30065.886305,-479.59865999999965
T333S,30065.886305,-479.59865999999965
T333V,30065.886305,-479.59865999999965
T333W,30589.632125,44.14716000000044
T333Y,30833.77928,288.2943149999992
T345A,30545.484965,0.0
T345C,30545.484965,0.0
T345D,30545.484965,0.0
T345E,30545.484965,0.0
T345F,31027.090319,481.60535399999935
T345G,30545.484965,0.0
T345H,30545.484965,0.0
T345I,31029.097007,483.61204200000066
T345K,30545.484965,0.0
T345L,30545.484965,0.0
T345M,30545.484965,0.0
T345N,30545.484965,0.0
T345P,30545.484965,0.0
T345Q,30545.484965,0.0
T345R,30545.484965,0.0
T345S,30545.484965,0.0
T345V,30545.484965,0.0
T345W,30545.484965,0.0
T345Y,31043.143828999997,497.65886399999727
T375A,30547.491654,2.006689000001643
T375C,30537.458209,-8.026755999999295
T375D,30540.802691,-4.68227399999887
T375E,30540.468243,-5.0167220000003
T375F,30785.618743,240.13377799999944
T375G,30547.157206,1.6722410000002128
T375H,30545.484965,0.0
T375I,30784.615399,239.1304339999988
T375K,30542.474931,-3.0100339999989956
T375L,30546.822758,1.3377929999987828
T375M,30545.484965,0.0
T375N,30547.157206,1.6722410000002128
T375P,30460.200684,-85.28428100000019
T375Q,30545.484965,0.0
T375R,30540.133793999998,-5.3511710000020685
T375S,30541.471587,-4.013377999999648
T375V,30546.822758,1.3377929999987828
T375W,30546.488309,1.0033440000006522
T375Y,30786.622088,241.13712300000043
T382A,30546.153857,0.668892000001506
T382C,30669.230781,123.74581599999874
T382D,30473.244158999998,-72.24080600000161
T382E,30524.080278999998,-21.404686000001675
T382F,30877.257536,331.77257100000134
T382G,30571.23747,25.752505000000383
T382H,30639.799341,94.31437600000208
T382I,30563.210714999997,17.725749999997788
T382K,30655.852853,110.36788800000068
T382L,30545.484965,0.0
T382M,30674.581949,129.0969839999998
T382N,30564.214061,18.729095999999117
T382P,30457.190649,-88.29431599999953
T382Q,30571.23747,25.752505000000383
T382R,30554.849510999997,9.364545999997063
T382S,30543.143822,-2.341143000001466
T382V,31014.046833,468.5618680000007
T382W,30911.036802,365.55183699999907
T382Y,30567.892988,22.408022999999957
T40A,30545.484965,0.0
T40C,30385.618745,-159.86621999999988
T40D,30385.618745,-159.86621999999988
T40E,30385.618745,-159.86621999999988
T40F,30533.779280000002,-11.705684999997175
T40G,30385.618745,-159.86621999999988
T40H,30545.484965,0.0
T40I,30546.153862,0.6688969999995606
T40K,30545.484965,0.0
T40L,30545.484965,0.0
T40M,30545.484965,0.0
T40N,30541.471589,-4.013375999998971
T40P,30305.685635,-239.799329999998
T40Q,30385.618745,-159.86621999999988
T40R,30305.685635,-239.799329999998
T40S,30545.484965,0.0
T40V,30545.484965,0.0
T40W,30551.505035000002,6.020070000002306
T40Y,30550.501693000002,5.016728000002331
T421A,30547.491653,2.0066880000013043
T421C,30485.284295,-60.200669999998354
T421D,30001.672253,-543.812711999999
T421E,30527.424761,-18.06020400000125
T421F,30738.461547,192.97658199999933
T421G,30001.672253,-543.812711999999
T421H,30001.672253,-543.812711999999
T421I,30665.886300000002,120.40133500000229
T421K,30001.672253,-543.812711999999
T421L,30567.558539,22.073574000001827
T421M,30511.371251,-34.11371399999916
T421N,30559.531787,14.046822000000247
T421P,30001.672253,-543.812711999999
T421Q,30483.277607,-62.20735799999966
T421R,30001.672253,-543.812711999999
T421S,30517.391314999997,-28.093650000002526
T421V,30612.709043,67.22407799999928
T421W,30765.551854,220.06688900000154
T421Y,30671.571916999997,126.08695199999784
T429A,30545.484965,0.0
T429C,30545.484965,0.0
T429D,30545.484965,0.0
T429E,30545.484965,0.0
T429F,30545.484965,0.0
T429G,30545.484965,0.0
T429H,30545.484965,0.0
T429I,30545.484965,0.0
T429K,30545.484965,0.0
T429L,30545.484965,0.0
T429M,30545.484965,0.0
T429N,30545.484965,0.0
T429P,30545.484965,0.0
T429Q,30545.484965,0.0
T429R,30545.484965,0.0
T429S,30545.484965,0.0
T429V,30545.484965,0.0
T429W,30545.484965,0.0
T429Y,30545.484965,0.0
T434A,30548.160548999997,2.6755839999968885
T434C,30236.454865,-309.03009999999995
T434D,30236.454865,-309.03009999999995
T434E,30236.454865,-309.03009999999995
T434F,30557.525101,12.04013599999962
T434G,30236.454865,-309.03009999999995
T434H,30236.454865,-309.03009999999995
T434I,30566.889649,21.404684000000998
T434K,30236.454865,-309.03009999999995
T434L,30558.862893,13.377928000001702
T434M,30236.454865,-309.03009999999995
T434N,30557.525101,12.04013599999962
T434P,30236.454865,-309.03009999999995
T434Q,30236.454865,-309.03009999999995
T434R,30236.454865,-309.03009999999995
T434S,30236.454865,-309.03009999999995
T434V,30236.454865,-309.03009999999995
T434W,30582.943161,37.45819599999959
T434Y,30569.565232999998,24.080267999997886
T435A,30241.137139,-304.3478260000011
T435C,30155.852858,-389.63210700000127
T435D,30235.785968,-309.6989969999995
T435E,30235.117071999997,-310.36789300000237
T435F,30600.334465,54.84950000000026
T435G,30238.127105,-307.3578600000001
T435H,30155.852858,-389.63210700000127
T435I,30604.013392999997,58.5284279999978
T435K,30155.852858,-389.63210700000127
T435L,30545.819413,0.33444800000143005
T435M,30236.120417,-309.3645480000014
T435N,30238.461553999998,-307.02341100000194
T435P,30155.852858,-389.63210700000127
T435Q,30236.454865,-309.03009999999995
T435R,30155.852858,-389.63210700000127
T435S,30235.785968,-309.6989969999995
T435V,30236.789312999997,-308.69565200000216
T435W,30579.264229,33.779264000000694
T435Y,30605.351185,59.866219999999885
T441A,30567.224096,21.73913100000209
T441C,30722.408038999998,176.92307399999845
T441D,30544.147176,-1.3377890000010666
T441E,30545.819416000002,0.33445100000244565
T441F,30658.862895,113.37792999999874
T441G,30525.418073999997,-20.066891000002215
T441H,30393.311053999998,-152.17391100000168
T441I,30676.923094,131.43812900000194
T441K,30393.311053999998,-152.17391100000168
T441L,30648.495,103.01003499999933
T441M,30650.836132,105.35116700000071
T441N,30660.200687,114.71572200000082
T441P,30421.404698,-124.08026700000119
T441Q,30728.428111999998,182.94314699999813
T441R,30393.311053999998,-152.17391100000168
T441S,30641.137136,95.65217100000154
T441V,30749.498345,204.01338000000032
T441W,30640.133792,94.64882700000089
T441Y,30683.612054,138.12708900000143
T447A,30545.484965,0.0
T447C,30545.484965,0.0
T447D,30390.969914999998,-154.5150500000018
T447E,30390.969914999998,-154.5150500000018
T447F,30545.484965,0.0
T447G,30545.484965,0.0
T447H,30545.484965,0.0
T447I,30545.484965,0.0
T447K,30545.484965,0.0
T447L,30545.484965,0.0
T447M,30545.484965,0.0
T447N,30545.484965,0.0
T447P,30545.484965,0.0
T447Q,30545.484965,0.0
T447R,30545.484965,0.0
T447S,30545.484965,0.0
T447V,30545.484965,0.0
T447W,30545.484965,0.0
T447Y,30545.484965,0.0
T451A,30630.100347,84.61538199999995
T451C,30517.391316999998,-28.09364800000185
T451D,30607.357874999998,61.87290999999823
T451E,30524.080281,-21.404684000000998
T451F,30861.872925,316.38796
T451G,30546.822756999998,1.3377919999984442
T451H,30545.484965,0.0
T451I,30862.207374,316.7224090000018
T451K,30538.796001,-6.688964000000851
T451L,30626.755867,81.2709020000002
T451M,30545.484965,0.0
T451N,30546.822756999998,1.3377919999984442
T451P,30197.658876999998,-347.8260880000016
T451Q,30625.752524,80.26755899999989
T451R,30520.066905,-25.41805999999997
T451S,30538.796001,-6.688964000000851
T451V,30706.688978000002,161.2040130000023
T451W,30711.371251,165.88628600000084
T451Y,30866.555196999998,321.0702319999982
T463A,30321.070259,-224.41470599999957
T463C,29788.294332999998,-757.1906320000016
T463D,30545.484965,0.0
T463E,30545.484965,0.0
T463F,30430.769255,-114.7157100000004
T463G,30545.484965,0.0
T463H,29598.996675,-946.4882900000011
T463I,30449.832798,-95.65216700000019
T463K,29598.996675,-946.4882900000011
T463L,30302.006708999997,-243.47825600000215
T463M,30339.464899,-206.02006600000095
T463N,30344.147184999998,-201.33778000000166
T463P,29788.294332999998,-757.1906320000016
T463Q,30545.484965,0.0
T463R,29598.996675,-946.4882900000011
T463S,30302.006708999997,-243.47825600000215
T463V,30339.464899,-206.02006600000095
T463W,30358.528455,-186.95650999999998
T463Y,30448.160550999997,-97.32441400000243
T466A,30545.484965,0.0
T466C,29882.943162,-662.5418030000001
T466D,29882.943162,-662.5418030000001
T466E,30545.484965,0.0
T466F,30413.043494,-132.44147099999827
T466G,29882.943162,-662.5418030000001
T466H,29882.943162,-662.5418030000001
T466I,30416.053535,-129.43143000000055
T466K,29882.943162,-662.5418030000001
T466L,30413.043494,-132.44147099999827
T466M,30545.484965,0.0
T466N,30413.043494,-132.44147099999827
T466P,29882.943162,-662.5418030000001
T466Q,29882.943162,-662.5418030000001
T466R,29882.943162,-662.5418030000001
T466S,30545.484965,0.0
T466V,30545.484965,0.0
T466W,30440.1338,-105.35116500000004
T466Y,30416.053535,-129.43143000000055
T475A,30576.254192,30.769227000000683
T475C,30578.260883,32.775917999999365
T475D,30488.294325,-57.19064000000071
T475E,30481.939813,-63.54515199999878
T475F,30604.682286,59.19732099999965
T475G,30564.214058,18.72909300000174
T475H,30543.143824,-2.341141000000789
T475I,30591.638809,46.15384400000039
T475K,30557.525094,12.040129000000888
T475L,30589.297672999997,43.812707999997656
T475M,30564.882956999998,19.39799199999834
T475N,30559.866234999998,14.38126999999804
T475P,30157.859544,-387.62542100000064
T475Q,30600.33446,54.84949499999857
T475R,30559.197339,13.712373999998817
T475S,30566.889643,21.404677999998967
T475V,30583.277603,37.79263799999899
T475W,30568.227435999997,22.74247099999775
T475Y,30591.304361,45.81939599999896
T478A,30735.785969,190.30100400000083
T478C,30544.816068999997,-0.6688960000028601
T478D,30544.816068999997,-0.6688960000028601
T478E,30535.451516999998,-10.033448000001954
T478F,30605.351183,59.86621799999921
T478G,30543.143824,-2.341141000000789
T478H,30464.548509999997,-80.93645500000275
T478I,30605.351185,59.866219999999885
T478K,30452.508374,-92.97659099999873
T478L,30547.157206,1.6722410000002128
T478M,30571.571918999998,26.086953999998514
T478N,30578.260884,32.7759189999997
T478P,30544.816068999997,-0.6688960000028601
T478Q,30546.488309,1.0033440000006522
T478R,30464.548509999997,-80.93645500000275
T478S,30545.484961,-4.0000013541430235e-06
T478V,30576.588644,31.10367899999983
T478W,30576.588639999998,31.103674999998475
T478Y,30614.046834999997,68.56186999999773
T491A,30545.484965,0.0
T491C,30545.484965,0.0
T491D,30545.484965,0.0
T491E,30545.484965,0.0
T491F,30545.484965,0.0
T491G,30545.484965,0.0
T491H,30545.484965,0.0
T491I,30545.484965,0.0
T491K,30545.484965,0.0
T491L,30545.484965,0.0
T491M,30545.484965,0.0
T491N,30545.484965,0.0
T491P,30545.484965,0.0
T491Q,30545.484965,0.0
T491R,30545.484965,0.0
T491S,30545.484965,0.0
T491V,30545.484965,0.0
T491W,30545.484965,0.0
T491Y,30545.484965,0.0
T495A,30639.464895,93.97993000000133
T495C,30505.351184999996,-40.13378000000375
T495D,30102.34115,-443.14381499999945
T495E,30102.34115,-443.14381499999945
T495F,30870.568577,325.08361199999854
T495G,30557.19065,11.705685000000813
T495H,30543.812719999998,-1.672245000001567
T495I,30874.581949999996,329.0969849999965
T495K,30538.796,-6.68896500000119
T495L,30635.45152,89.96655499999906
T495M,30543.812719999998,-1.672245000001567
T495N,30557.19065,11.705685000000813
T495P,30502.006699999998,-43.47826500000156
T495Q,30623.745829999996,78.26086499999656
T495R,30532.107034999997,-13.37793000000238
T495S,30538.796,-6.68896500000119
T495V,30632.775935,87.29097000000183
T495W,30862.876265,317.3912999999993
T495Y,30894.314394999998,348.82942999999796
T505A,30678.595333,133.11036800000147
T505C,30601.672257,56.187291999998706
T505D,29964.882956999998,-580.6020080000017
T505E,29964.882956999998,-580.6020080000017
T505F,30628.093659,82.60869399999865
T505G,30575.919747,30.43478200000027
T505H,29964.882956999998,-580.6020080000017
T505I,30608.695665,63.21069999999963
T505K,29964.882956999998,-580.6020080000017
T505L,30697.324428,151.83946300000025
T505M,30659.866238,114.38127299999906
T505N,30697.324428,151.83946300000025
T505P,30428.428107,-117.05685799999992
T505Q,30520.401351,-25.083613999999216
T505R,29964.882956999998,-580.6020080000017
T505S,30694.983292,149.49832700000115
T505V,30732.441489,186.95652400000108
T505W,30646.153862,100.66889699999956
T505Y,30697.324428,151.83946300000025
T542A,30563.879617,18.39465199999904
T542C,29974.581955999998,-570.9030090000015
T542D,29974.581955999998,-570.9030090000015
T542E,29974.581955999998,-570.9030090000015
T542F,30563.545166,18.060201000000234
T542G,30314.381288,-231.10367699999915
T542H,30454.180616,-91.30434899999818
T542I,30560.200686,14.715721000000485
T542K,30438.127106,-107.35785899999973
T542L,30568.56189,23.07692500000121
T542M,30298.327776,-247.15718900000138
T542N,30574.247509999997,28.762544999997772
T542P,29974.581955999998,-570.9030090000015
T542Q,30299.665568,-245.8193969999993
T542R,29974.581955999998,-570.9030090000015
T542S,30295.652191999998,-249.8327730000019
T542V,30548.829446,3.344481000000087
T542W,30577.257541,31.77257599999939
T542Y,30574.581953999997,29.096988999997848
T543A,30322.408044,-223.07692099999986
T543C,30318.394664,-227.09030100000018
T543D,29974.581955999998,-570.9030090000015
T543E,29974.581955999998,-570.9030090000015
T543F,30624.080283,78.59531799999968
T543G,30295.652191999998,-249.8327730000019
T543H,29974.581955999998,-570.9030090000015
T543I,30618.729113999998,73.24414899999829
T543K,29974.581955999998,-570.9030090000015
T543L,30565.551857,20.066891999998916
T543M,30305.01674,-240.46822500000053
T543N,30296.989984,-248.49498099999983
T543P,29974.581955999998,-570.9030090000015
T543Q,30334.448175999998,-211.0367890000016
T543R,29974.581955999998,-570.9030090000015
T543S,30535.451522,-10.033443000000261
T543V,30322.408044,-223.07692099999986
T543W,30560.535133999998,15.050168999998277
T543Y,30616.387974,70.90300900000148
T552A,30603.344495,57.85953000000154
T552C,30582.608709,37.12374400000044
T552D,30537.792655,-7.6923099999985425
T552E,30529.097005,-16.38796000000002
T552F,30575.250849,29.76588400000037
T552G,30578.595331,33.110366000000795
T552H,30558.528443,13.043477999999595
T552I,30573.578611,28.093646000001172
T552K,30590.635465,45.15049999999974
T552L,30558.862892,13.377927000001364
T552M,30596.655533,51.17056800000137
T552N,30565.217405,19.73243999999977
T552P,30576.588643,31.10367799999949
T552Q,30600.000015,54.51505000000179
T552R,30578.595331,33.110366000000795
T552S,30539.799344,-5.685621000000538
T552V,30606.020083,60.535117999999784
T552W,30556.856201,11.371235999999044
T552Y,30577.926437,32.44147199999861
T565A,30628.428108999997,82.94314399999712
T565C,30628.428108999997,82.94314399999712
T565D,30545.484965,0.0
T565E,30628.428108999997,82.94314399999712
T565F,30865.217407,319.73244200000045
T565G,30545.484965,0.0
T565H,30545.484965,0.0
T565I,30879.264229,333.7792640000007
T565K,30545.484965,0.0
T565L,30877.257541,331.7725759999994
T565M,30545.484965,0.0
T565N,30628.428108999997,82.94314399999712
T565P,30545.484965,0.0
T565Q,30711.371253,165.8862880000015
T565R,30545.484965,0.0
T565S,30628.428108999997,82.94314399999712
T565V,30628.428108999997,82.94314399999712
T565W,30628.428108999997,82.94314399999712
T565Y,30895.317739,349.8327739999986
T570A,30545.484965,0.0
T570C,30545.484965,0.0
T570D,30545.484965,0.0
T570E,30545.484965,0.0
T570F,30545.484965,0.0
T570G,30545.484965,0.0
T570H,30545.484965,0.0
T570I,30545.484965,0.0
T570K,30545.484965,0.0
T570L,30545.484965,0.0
T570M,30545.484965,0.0
T570N,30545.484965,0.0
T570P,30545.484965,0.0
T570Q,30545.484965,0.0
T570R,30545.484965,0.0
T570S,30545.484965,0.0
T570V,30545.484965,0.0
T570W,30545.484965,0.0
T570Y,30545.484965,0.0
T572A,30545.484965,0.0
T572C,30545.484965,0.0
T572D,30545.484965,0.0
T572E,30545.484965,0.0
T572F,30545.484965,0.0
T572G,30545.484965,0.0
T572H,30545.484965,0.0
T572I,30545.484965,0.0
T572K,30545.484965,0.0
T572L,30545.484965,0.0
T572M,30545.484965,0.0
T572N,30545.484965,0.0
T572P,30545.484965,0.0
T572Q,30545.484965,0.0
T572R,30545.484965,0.0
T572S,30545.484965,0.0
T572V,30545.484965,0.0
T572W,30545.484965,0.0
T572Y,30545.484965,0.0
T574A,30545.484965,0.0
T574C,30545.484965,0.0
T574D,30545.484965,0.0
T574E,30545.484965,0.0
T574F,30545.484965,0.0
T574G,30545.484965,0.0
T574H,30545.484965,0.0
T574I,30545.484965,0.0
T574K,30545.484965,0.0
T574L,30545.484965,0.0
T574M,30545.484965,0.0
T574N,30545.484965,0.0
T574P,30545.484965,0.0
T574Q,30545.484965,0.0
T574R,30545.484965,0.0
T574S,30545.484965,0.0
T574V,30545.484965,0.0
T574W,30545.484965,0.0
T574Y,30545.484965,0.0
T584A,30518.729111,-26.75585399999909
T584C,30447.491651,-97.99331399999937
T584D,30047.826101,-497.6588640000009
T584E,30524.41473,-21.07023499999923
T584F,30651.83948,106.35451499999908
T584G,30047.826101,-497.6588640000009
T584H,30047.826101,-497.6588640000009
T584I,30621.070247,75.585282
T584K,30047.826101,-497.6588640000009
T584L,30536.789313999998,-8.695651000001817
T584M,30511.371251,-34.11371399999916
T584N,30534.782621,-10.702344000001176
T584P,30047.826101,-497.6588640000009
T584Q,30449.163896000002,-96.3210689999978
T584R,30047.826101,-497.6588640000009
T584S,30527.424761,-18.06020400000125
T584V,30562.87627,17.39130500000101
T584W,30653.51172,108.02675499999896
T584Y,30625.752525,80.26756000000023
T587A,30556.187301,10.702336000002106
T587C,30491.973253,-53.511711999999534
T587D,29935.451517,-610.0334479999983
T587E,29935.451517,-610.0334479999983
T587F,30533.444829,-12.04013599999962
T587G,30550.836133,5.351168000001053
T587H,30545.484965,0.0
T587I,30532.107033,-13.377931999999419
T587K,30529.431453,-16.05351199999859
T587L,30548.160549,2.6755840000005264
T587M,30545.484965,0.0
T587N,30550.836133,5.351168000001053
T587P,29852.508373,-692.9765919999991
T587Q,30545.484965,0.0
T587R,30494.648845,-50.83611999999994
T587S,30524.080277,-21.404687999998714
T587V,30548.160549,2.6755840000005264
T587W,30548.160549,2.6755840000005264
T587Y,30548.160545,2.6755799999991723
T592A,30376.254193,-169.23077199999898
T592C,30368.227435,-177.25752999999895
T592D,30350.167236999998,-195.3177280000018
T592E,30350.167236999998,-195.3177280000018
T592F,30502.341152,-43.14381299999877
T592G,30350.167236999998,-195.3177280000018
T592H,30332.107033,-213.37793199999942
T592I,30507.692318999998,-37.792646000001696
T592K,30334.113727,-211.37123799999972
T592L,30376.254193,-169.23077199999898
T592M,30380.267569,-165.217396
T592N,30394.314391,-151.17057399999976
T592P,30332.107033,-213.37793199999942
T592Q,30545.484965,0.0
T592R,30332.107033,-213.37793199999942
T592S,30374.247505,-171.23746000000028
T592V,30558.862885,13.377919999998994
T592W,30516.053525,-29.431440000000293
T592Y,30534.782622,-10.702343000000837
T601A,30545.484965,0.0
T601C,30545.484965,0.0
T601D,30545.484965,0.0
T601E,30545.484965,0.0
T601F,31029.097004,483.61203899999964
T601G,30545.484965,0.0
T601H,30545.484965,0.0
T601I,31029.097004,483.61203899999964
T601K,30225.752525,-319.73243999999977
T601L,31029.097004,483.61203899999964
T601M,31029.097004,483.61203899999964
T601N,31029.097004,483.61203899999964
T601P,30545.484965,0.0
T601Q,31029.097004,483.61203899999964
T601R,30545.484965,0.0
T601S,30545.484965,0.0
T601V,31029.097004,483.61203899999964
T601W,31029.097004,483.61203899999964
T601Y,31029.097004,483.61203899999964
T603A,30545.484965,0.0
T603C,31021.070249,475.5852840000007
T603D,30545.484965,0.0
T603E,30545.484965,0.0
T603F,31043.143829,497.6588640000009
T603G,30545.484965,0.0
T603H,30545.484965,0.0
T603I,31023.076936999998,477.59197199999835
T603K,30545.484965,0.0
T603L,31029.097004,483.61203899999964
T603M,30545.484965,0.0
T603N,31021.070249,475.5852840000007
T603P,30545.484965,0.0
T603Q,31029.097004,483.61203899999964
T603R,30545.484965,0.0
T603S,31021.070249,475.5852840000007
T603V,31043.143829,497.6588640000009
T603W,31049.163896,503.67893099999856
T603Y,31029.097004,483.61203899999964
T605A,30545.484965,0.0
T605C,30545.484965,0.0
T605D,30545.484965,0.0
T605E,30545.484965,0.0
T605F,31065.217406,519.7324410000001
T605G,30545.484965,0.0
T605H,30545.484965,0.0
T605I,31065.217409,519.7324440000011
T605K,30545.484965,0.0
T605L,30545.484965,0.0
T605M,30545.484965,0.0
T605N,30545.484965,0.0
T605P,30545.484965,0.0
T605Q,30545.484965,0.0
T605R,30545.484965,0.0
T605S,30545.484965,0.0
T605V,30545.484965,0.0
T605W,31018.060217,472.5752519999987
T605Y,31069.230785,523.7458200000001
T608A,30545.484965,0.0
T608C,30545.484965,0.0
T608D,30545.484965,0.0
T608E,30545.484965,0.0
T608F,31117.391321,571.9063559999995
T608G,30545.484965,0.0
T608H,30545.484965,0.0
T608I,31219.732455,674.2474900000016
T608K,30545.484965,0.0
T608L,30545.484965,0.0
T608M,30545.484965,0.0
T608N,30545.484965,0.0
T608P,30545.484965,0.0
T608Q,30545.484965,0.0
T608R,30545.484965,0.0
T608S,30545.484965,0.0
T608V,30545.484965,0.0
T608W,30545.484965,0.0
T608Y,31226.75587,681.2709050000012
T60A,30628.093660000002,82.60869500000263
T60C,30616.053527,70.56856200000038
T60D,30543.143828,-2.341136999999435
T60E,30543.143828,-2.341136999999435
T60F,30630.769246,85.28428100000019
T60G,30547.157206,1.6722410000002128
T60H,30456.187306,-89.29765899999984
T60I,30626.086971,80.60200600000098
T60K,30456.187306,-89.29765899999984
T60L,30627.090317000002,81.60535200000231
T60M,30544.481620000002,-1.0033449999973527
T60N,30547.491654,2.006689000001643
T60P,30536.120416,-9.364548999998078
T60Q,30627.424764000003,81.9397990000034
T60R,30456.187306,-89.29765899999984
T60S,30543.478276,-2.006688999998005
T60V,30626.755868,81.27090300000054
T60W,30546.822758000002,1.3377930000024207
T60Y,30627.759213,82.27424800000153
T616A,30545.484965,0.0
T616C,30545.484965,0.0
T616D,30545.484965,0.0
T616E,30545.484965,0.0
T616F,31253.177272999998,707.6923079999979
T616G,30545.484965,0.0
T616H,30545.484965,0.0
T616I,31247.491654,702.0066890000016
T616K,30545.484965,0.0
T616L,31102.675599,557.1906339999987
T616M,30545.484965,0.0
T616N,31009.030114999998,463.5451499999981
T616P,30545.484965,0.0
T616Q,31105.016735,559.5317700000014
T616R,30545.484965,0.0
T616S,30545.484965,0.0
T616V,31130.769245,585.2842799999999
T616W,31061.204027,515.7190620000001
T616Y,31267.892991,722.408026000001
T618A,30545.484965,0.0
T618C,30545.484965,0.0
T618D,30545.484965,0.0
T618E,30545.484965,0.0
T618F,31112.04015,566.5551850000011
T618G,30545.484965,0.0
T618H,30545.484965,0.0
T618I,31130.769245,585.2842799999999
T618K,30545.484965,0.0
T618L,30545.484965,0.0
T618M,30545.484965,0.0
T618N,30545.484965,0.0
T618P,30545.484965,0.0
T618Q,30545.484965,0.0
T618R,30545.484965,0.0
T618S,30545.484965,0.0
T618V,30545.484965,0.0
T618W,31086.28764,540.802674999999
T618Y,31149.49834,604.0133749999986
T64A,30619.063554,73.57858900000065
T64C,30526.421417,-19.063547999998264
T64D,30373.913053,-171.57191199999943
T64E,30529.765898,-15.719066999998176
T64F,30668.896333,123.41136800000095
T64G,30570.568572,25.083607000000484
T64H,29814.381283000002,-731.1036819999972
T64I,30571.571920000002,26.08695500000249
T64K,29814.381283000002,-731.1036819999972
T64L,30636.789313,91.30434800000148
T64M,30637.792657,92.30769200000213
T64N,30674.916397,129.43143200000122
T64P,29814.381283000002,-731.1036819999972
T64Q,30550.836133,5.351168000001053
T64R,29814.381283000002,-731.1036819999972
T64S,30607.023421,61.53845600000204
T64V,30627.424759,81.93979400000171
T64W,30672.240813,126.7558480000007
T64Y,30651.505032,106.02006700000129
T657A,30549.498341000002,4.013376000002609
T657C,30433.110377,-112.37458799999877
T657D,29506.020077,-1039.4648879999986
T657E,30501.337805,-44.14716000000044
T657F,30553.846159999997,8.361194999997679
T657G,29506.020077,-1039.4648879999986
T657H,29506.020077,-1039.4648879999986
T657I,30690.301012,144.81604700000025
T657K,29506.020077,-1039.4648879999986
T657L,30597.658876999998,52.17391199999838
T657M,30465.217397,-80.2675679999993
T657N,30577.591985,32.107019999999466
T657P,29506.020077,-1039.4648879999986
T657Q,29506.020077,-1039.4648879999986
T657R,29506.020077,-1039.4648879999986
T657S,30469.230785,-76.2541799999999
T657V,30467.892983,-77.5919819999981
T657W,30481.939815,-63.5451499999981
T657Y,30692.642149,147.1571839999997
T661A,30025.752521,-519.7324440000011
T661C,30025.752521,-519.7324440000011
T661D,30025.752521,-519.7324440000011
T661E,30025.752521,-519.7324440000011
T661F,30491.304362,-54.1806030000007
T661G,30025.752521,-519.7324440000011
T661H,29506.020077,-1039.4648879999986
T661I,30506.354522,-39.130442999998195
T661K,30025.752521,-519.7324440000011
T661L,30545.484965,0.0
T661M,30025.752521,-519.7324440000011
T661N,30545.484965,0.0
T661P,30025.752521,-519.7324440000011
T661Q,30025.752521,-519.7324440000011
T661R,29506.020077,-1039.4648879999986
T661S,30025.752521,-519.7324440000011
T661V,30025.752521,-519.7324440000011
T661W,30545.484965,0.0
T661Y,30533.444828,-12.040136999999959
T77A,30665.551853,120.0668880000012
T77C,30561.538475,16.053510000001552
T77D,30021.739145,-523.7458200000001
T77E,30021.739145,-523.7458200000001
T77F,30593.645501000003,48.16053600000305
T77G,30543.478277000002,-2.0066879999976663
T77H,30021.739145,-523.7458200000001
T77I,30583.612055,38.12709000000177
T77K,30021.739145,-523.7458200000001
T77L,30573.578609,28.093644000000495
T77M,30547.491653,2.0066880000013043
T77N,30545.484965,0.0
T77P,30501.337805000003,-44.1471599999968
T77Q,30583.612055,38.12709000000177
T77R,30021.739145,-523.7458200000001
T77S,30539.464895,-6.020069999998668
T77V,30573.578609,28.093644000000495
T77W,30541.471589,-4.013375999998971
T77Y,30575.585297,30.1003320000018
T79A,30635.117071,89.63210600000093
T79C,30581.270915,35.78595000000132
T79D,30021.739145,-523.7458200000001
T79E,30021.739145,-523.7458200000001
T79F,30594.983295,49.49833000000217
T79G,30021.739145,-523.7458200000001
T79H,30021.739145,-523.7458200000001
T79I,30670.234125000003,124.74916000000303
T79K,30021.739145,-523.7458200000001
T79L,30665.551853,120.0668880000012
T79M,30585.953194,40.468229000001884
T79N,30665.551853,120.0668880000012
T79P,30021.739145,-523.7458200000001
T79Q,30581.270915,35.78595000000132
T79R,30021.739145,-523.7458200000001
T79S,30588.29433,42.80936500000098
T79V,30589.632124000003,44.14715900000374
T79W,30603.010049,57.52508400000079
T79Y,30672.575268,127.09030300000086
T84A,30545.484965,0.0
T84C,30545.484965,0.0
T84D,30545.484965,0.0
T84E,30545.484965,0.0
T84F,31649.832785000002,1104.3478200000027
T84G,30545.484965,0.0
T84H,30021.739145,-523.7458200000001
T84I,31655.183969,1109.6990040000019
T84K,30545.484965,0.0
T84L,30545.484965,0.0
T84M,30545.484965,0.0
T84N,30545.484965,0.0
T84P,30545.484965,0.0
T84Q,30545.484965,0.0
T84R,30545.484965,0.0
T84S,30545.484965,0.0
T84V,30545.484965,0.0
T84W,31767.558545,1222.0735800000002
T84Y,31660.535137000003,1115.050172000003
T85A,30545.484965,0.0
T85C,30545.484965,0.0
T85D,30545.484965,0.0
T85E,30545.484965,0.0
T85F,31679.264225000003,1133.779260000003
T85G,30545.484965,0.0
T85H,30545.484965,0.0
T85I,31671.237473,1125.7525080000014
T85K,30545.484965,0.0
T85L,30545.484965,0.0
T85M,31767.558545,1222.0735800000002
T85N,31767.558545,1222.0735800000002
T85P,30545.484965,0.0
T85Q,31504.682285000003,959.197320000003
T85R,30545.484965,0.0
T85S,30545.484965,0.0
T85V,31767.558545,1222.0735800000002
T85W,30545.484965,0.0
T85Y,31647.157205000003,1101.6722400000035
V110A,30546.488305000003,1.003340000002936
V110C,29997.993326,-547.4916389999999
V110D,29084.280949,-1461.2040159999997
V110E,29084.280949,-1461.2040159999997
V110F,30575.919746,30.43478099999993
V110G,30517.725763000002,-27.759201999997458
V110H,29084.280949,-1461.2040159999997
V110I,30560.200687,14.715722000000824
V110K,29084.280949,-1461.2040159999997
V110L,30556.521746000002,11.03678100000252
V110M,29084.280949,-1461.2040159999997
V110N,30564.548511,19.063546000001224
V110P,29084.280949,-1461.2040159999997
V110Q,30562.207376000002,16.722411000002467
V110R,29084.280949,-1461.2040159999997
V110S,30559.866239000003,14.381274000003032
V110T,29084.280949,-1461.2040159999997
V110W,30686.287639000002,140.8026740000023
V110Y,30556.521746000002,11.03678100000252
V123A,30545.484965,0.0
V123C,30545.484965,0.0
V123D,30545.484965,0.0
V123E,30545.484965,0.0
V123F,30781.270919000002,235.78595400000268
V123G,30545.484965,0.0
V123H,30545.484965,0.0
V123I,30781.270919000002,235.78595400000268
V123K,30545.484965,0.0
V123L,30545.484965,0.0
V123M,30545.484965,0.0
V123N,30545.484965,0.0
V123P,30545.484965,0.0
V123Q,30545.484965,0.0
V123R,30545.484965,0.0
V123S,30545.484965,0.0
V123T,30545.484965,0.0
V123W,30545.484965,0.0
V123Y,30781.270919000002,235.78595400000268
V147A,30545.484965,0.0
V147C,30545.484965,0.0
V147D,30545.484965,0.0
V147E,30545.484965,0.0
V147F,30545.484965,0.0
V147G,30545.484965,0.0
V147H,30545.484965,0.0
V147I,30545.484965,0.0
V147K,30545.484965,0.0
V147L,30545.484965,0.0
V147M,30545.484965,0.0
V147N,30545.484965,0.0
V147P,30545.484965,0.0
V147Q,30545.484965,0.0
V147R,30545.484965,0.0
V147S,30545.484965,0.0
V147T,30545.484965,0.0
V147W,30545.484965,0.0
V147Y,30545.484965,0.0
V150A,30571.571921000002,26.08695600000283
V150C,30059.866235,-485.6187299999983
V150D,30059.866235,-485.6187299999983
V150E,30059.866235,-485.6187299999983
V150F,30896.655533,351.17056800000137
V150G,30553.511717,8.02675200000158
V150H,30541.471589,-4.013375999998971
V150I,30904.013397000002,358.5284320000028
V150K,30539.464895,-6.020069999998668
V150L,30545.484965,0.0
V150M,30541.471589,-4.013375999998971
V150N,30555.518411,10.033446000001277
V150P,30059.866235,-485.6187299999983
V150Q,30543.478277000002,-2.0066879999976663
V150R,30523.411385,-22.07358000000022
V150S,30539.464895,-6.020069999998668
V150T,30543.478277000002,-2.0066879999976663
V150W,30875.919749,330.43478400000095
V150Y,30917.391317,371.9063520000018
V152A,30059.866235,-485.6187299999983
V152C,30059.866235,-485.6187299999983
V152D,30059.866235,-485.6187299999983
V152E,30523.411385,-22.07358000000022
V152F,30715.719079000002,170.2341140000026
V152G,30059.866235,-485.6187299999983
V152H,30059.866235,-485.6187299999983
V152I,30713.712386,168.2274209999996
V152K,30059.866235,-485.6187299999983
V152L,30683.612054,138.12708900000143
V152M,30059.866235,-485.6187299999983
V152N,30605.351182000002,59.86621700000251
V152P,30059.866235,-485.6187299999983
V152Q,30523.411385,-22.07358000000022
V152R,30059.866235,-485.6187299999983
V152S,30699.331115,153.84615000000122
V152T,30621.739148,76.25418300000092
V152W,30732.107036,186.6220710000016
V152Y,30700.000014,154.51504900000145
V15A,30545.484965,0.0
V15C,30545.484965,0.0
V15D,30545.484965,0.0
V15E,30545.484965,0.0
V15F,30545.484965,0.0
V15G,30545.484965,0.0
V15H,30545.484965,0.0
V15I,30545.484965,0.0
V15K,30545.484965,0.0
V15L,30545.484965,0.0
V15M,30545.484965,0.0
V15N,30545.484965,0.0
V15P,30545.484965,0.0
V15Q,30545.484965,0.0
V15R,30545.484965,0.0
V15S,30545.484965,0.0
V15T,30545.484965,0.0
V15W,30545.484965,0.0
V15Y,30545.484965,0.0
V168A,30560.869577999998,15.384612999998353
V168C,30519.732458,-25.75250700000106
V168D,30554.180615,8.695650000001478
V168E,30554.180615,8.695650000001478
V168F,30561.204028,15.71906300000046
V168G,30560.869579,15.384613999998692
V168H,30540.468243000003,-5.016721999996662
V168I,30568.896335,23.411370000001625
V168K,30536.789312,-8.695652999998856
V168L,30557.190651,11.705686000001151
V168M,30516.387975,-29.096989999998186
V168N,30561.538475,16.053510000001552
V168P,30578.260883000003,32.775918000003
V168Q,30521.07025,-24.414714999998978
V168R,30514.046835,-31.438129999998637
V168S,30524.080283000003,-21.404681999996683
V168T,30540.133795,-5.351169999998092
V168W,30572.909711,27.424746000000596
V168Y,30575.250852,29.765887000001385
V193A,30545.484965,0.0
V193C,30065.886305,-479.59865999999965
V193D,30065.886305,-479.59865999999965
V193E,30065.886305,-479.59865999999965
V193F,30625.418075,79.93311000000176
V193G,30065.886305,-479.59865999999965
V193H,30065.886305,-479.59865999999965
V193I,30065.886305,-479.59865999999965
V193K,30065.886305,-479.59865999999965
V193L,30533.444831,-12.040133999998943
V193M,30545.484965,0.0
V193N,30547.491659,2.0066939999996976
V193P,30065.886305,-479.59865999999965
V193Q,30065.886305,-479.59865999999965
V193R,30065.886305,-479.59865999999965
V193S,30529.431455,-16.053509999997914
V193T,30065.886305,-479.59865999999965
V193W,30065.886305,-479.59865999999965
V193Y,30625.418075,79.93311000000176
V206A,30546.48831,1.0033450000009907
V206C,30465.551855,-79.93310999999812
V206D,30465.551855,-79.93310999999812
V206E,30465.551855,-79.93310999999812
V206F,30625.752524000003,80.26755900000353
V206G,30545.819414,0.3344490000017686
V206H,30453.846169,-91.63879599999927
V206I,30625.418075,79.93311000000176
V206K,30451.170584,-94.31438100000014
V206L,30622.74249,77.2575250000009
V206M,30545.484965,0.0
V206N,30545.819414,0.3344490000017686
V206P,30465.551855,-79.93310999999812
V206Q,30625.418075,79.93311000000176
V206R,30373.913059,-171.57190600000104
V206S,30542.80938,-2.675585000000865
V206T,30545.484965,0.0
V206W,30545.484965,0.0
V206Y,30623.745835,78.26087000000189
V237A,30545.484965,0.0
V237C,30545.484965,0.0
V237D,30545.484965,0.0
V237E,30545.484965,0.0
V237F,31156.521755,611.0367900000019
V237G,30545.484965,0.0
V237H,30545.484965,0.0
V237I,31158.862891,613.377926000001
V237K,30545.484965,0.0
V237L,30545.484965,0.0
V237M,30545.484965,0.0
V237N,30545.484965,0.0
V237P,30545.484965,0.0
V237Q,30545.484965,0.0
V237R,30545.484965,0.0
V237S,30545.484965,0.0
V237T,30545.484965,0.0
V237W,31089.297674,543.8127090000016
V237Y,31168.227442,622.7424769999998
V242A,30545.484965,0.0
V242C,30545.484965,0.0
V242D,30545.484965,0.0
V242E,30545.484965,0.0
V242F,31025.083625,479.59865999999965
V242G,30545.484965,0.0
V242H,30545.484965,0.0
V242I,31027.090319000003,481.605354000003
V242K,30545.484965,0.0
V242L,30545.484965,0.0
V242M,30545.484965,0.0
V242N,30545.484965,0.0
V242P,30545.484965,0.0
V242Q,30545.484965,0.0
V242R,30545.484965,0.0
V242S,30545.484965,0.0
V242T,30545.484965,0.0
V242W,30545.484965,0.0
V242Y,31031.103695,485.61873000000196
V244A,30545.484965,0.0
V244C,30545.484965,0.0
V244D,30545.484965,0.0
V244E,30545.484965,0.0
V244F,30985.284295,439.79933000000165
V244G,30545.484965,0.0
V244H,30545.484965,0.0
V244I,30993.6455,448.1605349999991
V244K,30545.484965,0.0
V244L,30545.484965,0.0
V244M,30545.484965,0.0
V244N,30545.484965,0.0
V244P,30545.484965,0.0
V244Q,30545.484965,0.0
V244R,30545.484965,0.0
V244S,30545.484965,0.0
V244T,30545.484965,0.0
V244W,30951.839480000002,406.3545150000027
V244Y,31003.678945,458.19398
V263A,29827.090313,-718.394651999999
V263C,29827.090313,-718.394651999999
V263D,29827.090313,-718.394651999999
V263E,30466.555193,-78.9297719999995
V263F,30661.204027,115.71906200000012
V263G,29827.090313,-718.394651999999
V263H,29827.090313,-718.394651999999
V263I,30700.000015999998,154.5150509999985
V263K,29827.090313,-718.394651999999
V263L,30576.588641000002,31.10367600000245
V263M,30522.408038,-23.07692699999825
V263N,30546.488303000002,1.003338000002259
V263P,29827.090313,-718.394651999999
V263Q,29827.090313,-718.394651999999
V263R,29827.090313,-718.394651999999
V263S,30471.906369,-73.57859599999938
V263T,30412.374593,-133.1103719999992
V263W,30492.307701,-53.177263999998104
V263Y,30783.277605000003,237.7926400000033
V264A,30573.578609,28.093644000000495
V264C,30531.438143,-14.046822000000247
V264D,30531.438143,-14.046822000000247
V264E,30545.484965,0.0
V264F,30686.622087000003,141.13712200000373
V264G,30531.438143,-14.046822000000247
V264H,30543.478277000002,-2.0066879999976663
V264I,30616.053523000002,70.56855800000267
V264K,30541.471583000002,-4.013381999997364
V264L,30593.311047000003,47.826082000003225
V264M,30537.458207000003,-8.026757999996335
V264N,30587.625431,42.14046600000074
V264P,30531.438143,-14.046822000000247
V264Q,30531.438143,-14.046822000000247
V264R,30531.438143,-14.046822000000247
V264S,30540.468238,-5.016726999998355
V264T,30571.237473,25.7525080000014
V264W,30714.381283000002,168.8963180000028
V264Y,30621.739146,76.25418100000024
V291A,30545.484965,0.0
V291C,30545.484965,0.0
V291D,30545.484965,0.0
V291E,30545.484965,0.0
V291F,30545.484965,0.0
V291G,30545.484965,0.0
V291H,30545.484965,0.0
V291I,30545.484965,0.0
V291K,30545.484965,0.0
V291L,30545.484965,0.0
V291M,30545.484965,0.0
V291N,30545.484965,0.0
V291P,30545.484965,0.0
V291Q,30545.484965,0.0
V291R,30545.484965,0.0
V291S,30545.484965,0.0
V291T,30545.484965,0.0
V291W,30545.484965,0.0
V291Y,30545.484965,0.0
V306A,30467.558544,-77.92642100000012
V306C,30424.749184,-120.7357809999994
V306D,30467.558544,-77.92642100000012
V306E,30414.046832,-131.43813299999965
V306F,30598.996677000003,53.51171200000317
V306G,30392.642160000003,-152.8428049999966
V306H,29001.337808,-1544.1471569999994
V306I,30726.086977,180.60201199999938
V306K,29001.337808,-1544.1471569999994
V306L,30628.762554,83.27758900000117
V306M,30397.993328,-147.49163699999917
V306N,30547.15721,1.672245000001567
V306P,30280.267568000003,-265.2173969999967
V306Q,30494.314400000003,-51.170564999996714
V306R,29001.337808,-1544.1471569999994
V306S,30376.58864,-168.8963249999979
V306T,30397.993328,-147.49163699999917
V306W,30547.491661,2.0066960000003746
V306Y,30712.709042000002,167.22407700000258
V317A,30444.816068,-100.66889699999956
V317C,30545.484965,0.0
V317D,30087.290985,-458.19398
V317E,30087.290985,-458.19398
V317F,30464.214061,-81.27090400000088
V317G,30087.290985,-458.19398
V317H,30453.846169,-91.63879599999927
V317I,30452.842824,-92.64214100000027
V317K,30453.846169,-91.63879599999927
V317L,30468.227442000003,-77.25752299999658
V317M,30545.484965,0.0
V317N,30465.886306,-79.59865899999932
V317P,30087.290985,-458.19398
V317Q,30473.57861,-71.90635499999917
V317R,30087.290985,-458.19398
V317S,30453.846169,-91.63879599999927
V317T,30444.816068,-100.66889699999956
V317W,30505.685632,-39.799332999999024
V317Y,30482.274265,-63.21069999999963
V324A,30594.983287000003,49.4983220000031
V324C,30538.796002000003,-6.688962999996875
V324D,30068.561885000003,-476.92307999999684
V324E,30526.755865,-18.72910000000047
V324F,30538.796001000002,-6.688963999997213
V324G,30526.755865,-18.72910000000047
V324H,30405.016736999998,-140.46822800000155
V324I,30621.070247000003,75.58528200000364
V324K,30392.976603000003,-152.50836199999685
V324L,30620.735797,75.25083200000154
V324M,30543.478274,-2.006690999998682
V324N,30620.735797,75.25083200000154
V324P,30435.117069,-110.36789599999975
V324Q,30536.454859,-9.03010599999834
V324R,30352.842819,-192.64214599999832
V324S,30555.183961000002,9.698996000002808
V324T,30504.682285000003,-40.80267999999705
V324W,30467.224093,-78.26087199999893
V324Y,30624.080279,78.59531400000196
V340A,30545.484965,0.0
V340C,30545.484965,0.0
V340D,30545.484965,0.0
V340E,30545.484965,0.0
V340F,30545.484965,0.0
V340G,30545.484965,0.0
V340H,30545.484965,0.0
V340I,30545.484965,0.0
V340K,30545.484965,0.0
V340L,30545.484965,0.0
V340M,30545.484965,0.0
V340N,30545.484965,0.0
V340P,30545.484965,0.0
V340Q,30545.484965,0.0
V340R,30545.484965,0.0
V340S,30545.484965,0.0
V340T,30545.484965,0.0
V340W,30545.484965,0.0
V340Y,30545.484965,0.0
V368A,30383.61206,-161.87290500000017
V368C,29789.966572999998,-755.5183920000018
V368D,29789.966572999998,-755.5183920000018
V368E,30369.565238,-175.91972700000042
V368F,30594.648849,49.16388400000142
V368G,29789.966572999998,-755.5183920000018
V368H,29789.966572999998,-755.5183920000018
V368I,30503.678946,-41.80601899999965
V368K,29789.966572999998,-755.5183920000018
V368L,30498.996673999998,-46.48829100000148
V368M,29985.953195,-559.5317700000014
V368N,30507.692327,-37.79263799999899
V368P,29789.966572999998,-755.5183920000018
V368Q,29789.966572999998,-755.5183920000018
V368R,29789.966572999998,-755.5183920000018
V368S,30351.505033999998,-193.97993100000167
V368T,30373.578614,-171.90635100000145
V368W,30524.749184,-20.735780999999406
V368Y,30506.020082,-39.464883000000555
V388A,30545.484965,0.0
V388C,30545.484965,0.0
V388D,30384.949847,-160.53511799999978
V388E,30384.949847,-160.53511799999978
V388F,30545.484965,0.0
V388G,30545.484965,0.0
V388H,30465.217406,-80.26755899999989
V388I,30545.484965,0.0
V388K,30465.217406,-80.26755899999989
V388L,30545.484965,0.0
V388M,30545.484965,0.0
V388N,30545.484965,0.0
V388P,30545.484965,0.0
V388Q,30545.484965,0.0
V388R,30465.217406,-80.26755899999989
V388S,30545.484965,0.0
V388T,30545.484965,0.0
V388W,30545.484965,0.0
V388Y,30545.484965,0.0
V39A,30465.551855,-79.93310999999812
V39C,30385.618745,-159.86621999999988
V39D,30385.618745,-159.86621999999988
V39E,30385.618745,-159.86621999999988
V39F,30663.210717,117.7257520000021
V39G,30385.618745,-159.86621999999988
V39H,30385.618745,-159.86621999999988
V39I,30580.267575,34.78261000000202
V39K,30385.618745,-159.86621999999988
V39L,30550.836141,5.351176000000123
V39M,30385.618745,-159.86621999999988
V39N,30465.551855,-79.93310999999812
V39P,30225.752525,-319.73243999999977
V39Q,30545.484965,0.0
V39R,30385.618745,-159.86621999999988
V39S,30387.625439,-157.8595260000002
V39T,30472.57527,-72.90969499999846
V39W,30550.50169,5.0167250000013155
V39Y,30681.939821,136.4548560000003
V400A,30545.484965,0.0
V400C,30545.484965,0.0
V400D,30545.484965,0.0
V400E,30545.484965,0.0
V400F,30545.484965,0.0
V400G,30545.484965,0.0
V400H,30545.484965,0.0
V400I,30545.484965,0.0
V400K,30545.484965,0.0
V400L,30545.484965,0.0
V400M,30545.484965,0.0
V400N,30545.484965,0.0
V400P,30545.484965,0.0
V400Q,30545.484965,0.0
V400R,30545.484965,0.0
V400S,30545.484965,0.0
V400T,30545.484965,0.0
V400W,30545.484965,0.0
V400Y,30545.484965,0.0
V410A,30507.357874999998,-38.12709000000177
V410C,30511.371250999997,-34.1137140000028
V410D,29987.625430999997,-557.8595340000029
V410E,29987.625430999997,-557.8595340000029
V410F,30708.026771,162.5418060000011
V410G,30483.277607,-62.20735799999966
V410H,30467.224091,-78.2608739999996
V410I,30672.575264999996,127.0902999999962
V410K,30451.170581,-94.31438400000116
V410L,30515.384627,-30.100338000000193
V410M,30471.237472999997,-74.24749200000224
V410N,30511.371250999997,-34.1137140000028
V410P,29987.625430999997,-557.8595340000029
V410Q,30517.391315,-28.09364999999889
V410R,30467.224091,-78.2608739999996
V410S,30511.371250999997,-34.1137140000028
V410T,30467.224091,-78.2608739999996
V410W,30555.518405,10.033439999999246
V410Y,30680.602018999998,135.11705399999846
V415A,30545.484965,0.0
V415C,30545.484965,0.0
V415D,30452.508376,-92.97658899999806
V415E,30452.508376,-92.97658899999806
V415F,30824.414732,278.92976700000145
V415G,30545.484965,0.0
V415H,30545.484965,0.0
V415I,30736.120418,190.63545299999896
V415K,30452.508376,-92.97658899999806
V415L,30638.461553999998,92.97658899999806
V415M,30545.484965,0.0
V415N,30545.484965,0.0
V415P,30452.508376,-92.97658899999806
V415Q,30638.461553999998,92.97658899999806
V415R,30452.508376,-92.97658899999806
V415S,30545.484965,0.0
V415T,30545.484965,0.0
V415W,30824.414732,278.92976700000145
V415Y,30746.153858,200.66889300000184
V452A,30545.484965,0.0
V452C,30538.796001,-6.688964000000851
V452D,30545.484965,0.0
V452E,30538.796001,-6.688964000000851
V452F,30801.337807,255.85284200000024
V452G,30518.729112999998,-26.75585200000205
V452H,30518.729112999998,-26.75585200000205
V452I,30792.976606,247.49164100000053
V452K,30197.658876999998,-347.8260880000016
V452L,30546.822756999998,1.3377919999984442
V452M,30526.755865,-18.72910000000047
V452N,30520.066905,-25.41805999999997
V452P,30197.658876999998,-347.8260880000016
V452Q,30553.511721,8.026755999999295
V452R,30197.658876999998,-347.8260880000016
V452S,30517.391316999998,-28.09364800000185
V452T,30521.404696999998,-24.080268000001524
V452W,30675.250853,129.76588800000172
V452Y,30792.307706,246.82274099999995
V468A,30545.484965,0.0
V468C,30545.484965,0.0
V468D,30261.538478,-283.94648700000107
V468E,30261.538478,-283.94648700000107
V468F,30545.484965,0.0
V468G,30261.538478,-283.94648700000107
V468H,29882.943162,-662.5418030000001
V468I,30545.484965,0.0
V468K,29882.943162,-662.5418030000001
V468L,30545.484965,0.0
V468M,30261.538478,-283.94648700000107
V468N,30261.538478,-283.94648700000107
V468P,29882.943162,-662.5418030000001
V468Q,30545.484965,0.0
V468R,29882.943162,-662.5418030000001
V468S,30261.538478,-283.94648700000107
V468T,30261.538478,-283.94648700000107
V468W,30545.484965,0.0
V468Y,30406.354533,-139.1304319999981
V469A,30545.484965,0.0
V469C,30261.538478,-283.94648700000107
V469D,30261.538478,-283.94648700000107
V469E,30450.836135999998,-94.64882900000157
V469F,30479.933129,-65.55183599999873
V469G,30261.538478,-283.94648700000107
V469H,29788.294332999998,-757.1906320000016
V469I,30433.110386,-112.37457899999936
V469K,29788.294332999998,-757.1906320000016
V469L,30545.484965,0.0
V469M,30261.538478,-283.94648700000107
V469N,30545.484965,0.0
V469P,30261.538478,-283.94648700000107
V469Q,30261.538478,-283.94648700000107
V469R,29788.294332999998,-757.1906320000016
V469S,30450.836136,-94.64882899999793
V469T,30545.484965,0.0
V469W,30442.474932,-103.01003299999866
V469Y,30433.779282,-111.70568300000014
V493A,30545.484965,0.0
V493C,30545.484965,0.0
V493D,30545.484965,0.0
V493E,30545.484965,0.0
V493F,30545.484965,0.0
V493G,30545.484965,0.0
V493H,30545.484965,0.0
V493I,30545.484965,0.0
V493K,30545.484965,0.0
V493L,30545.484965,0.0
V493M,30545.484965,0.0
V493N,30545.484965,0.0
V493P,30545.484965,0.0
V493Q,30545.484965,0.0
V493R,30545.484965,0.0
V493S,30545.484965,0.0
V493T,30545.484965,0.0
V493W,30945.150514999998,399.6655499999979
V493Y,30545.484965,0.0
V500A,30628.093658,82.60869300000195
V500C,30533.779274999997,-11.705690000002505
V500D,30102.34115,-443.14381499999945
V500E,30102.34115,-443.14381499999945
V500F,30510.367904,-35.11706100000083
V500G,30606.020077999998,60.53511299999809
V500H,30502.006699999998,-43.47826500000156
V500I,30508.695664,-36.789301000000705
V500K,30102.34115,-443.14381499999945
V500L,30538.796,-6.68896500000119
V500M,30543.812719999998,-1.672245000001567
V500N,30646.153862,100.66889699999956
V500P,30102.34115,-443.14381499999945
V500Q,30537.12376,-8.361205000001064
V500R,30102.34115,-443.14381499999945
V500S,30538.796,-6.68896500000119
V500T,30537.12376,-8.361205000001064
V500W,30520.401349999996,-25.083615000003192
V500Y,30511.371252,-34.113712999998825
V515A,30539.464901,-6.020064000000275
V515C,30563.545169,18.06020400000125
V515D,30563.545169,18.06020400000125
V515E,30563.545169,18.06020400000125
V515F,30625.418074999998,79.93310999999812
V515G,30563.545169,18.06020400000125
V515H,30563.545169,18.06020400000125
V515I,30646.488312999998,101.00334799999837
V515K,30563.545169,18.06020400000125
V515L,30606.68898,61.204014999999345
V515M,30545.484965,0.0
V515N,30547.491659,2.0066939999996976
V515P,30563.545169,18.06020400000125
V515Q,30563.545169,18.06020400000125
V515R,30563.545169,18.06020400000125
V515S,30529.431454999998,-16.053510000001552
V515T,30563.545169,18.06020400000125
V515W,30646.488312999998,101.00334799999837
V515Y,30613.377941,67.89297599999918
V530A,31168.896333,623.411368000001
V530C,30545.484965,0.0
V530D,30380.267573,-165.21739199999865
V530E,30380.267573,-165.21739199999865
V530F,31187.625437,642.1404719999991
V530G,30545.484965,0.0
V530H,30380.267573,-165.21739199999865
V530I,31206.354532999998,660.8695679999983
V530K,30380.267573,-165.21739199999865
V530L,31190.301021,644.8160559999997
V530M,30545.484965,0.0
V530N,31027.090319,481.60535399999935
V530P,30380.267573,-165.21739199999865
V530Q,30545.484965,0.0
V530R,30380.267573,-165.21739199999865
V530S,30545.484965,0.0
V530T,31009.030114999998,463.5451499999981
V530W,31065.217409,519.7324440000011
V530Y,31209.030117,663.5451519999988
V577A,30545.484965,0.0
V577C,30545.484965,0.0
V577D,30545.484965,0.0
V577E,30545.484965,0.0
V577F,30545.484965,0.0
V577G,30545.484965,0.0
V577H,30545.484965,0.0
V577I,30777.25754,231.77257499999905
V577K,30545.484965,0.0
V577L,30545.484965,0.0
V577M,30545.484965,0.0
V577N,30545.484965,0.0
V577P,30545.484965,0.0
V577Q,30545.484965,0.0
V577R,30545.484965,0.0
V577S,30545.484965,0.0
V577T,30545.484965,0.0
V577W,30785.284295,239.79933000000165
V577Y,30785.284295,239.79933000000165
V579A,30545.484965,0.0
V579C,30545.484965,0.0
V579D,30545.484965,0.0
V579E,30545.484965,0.0
V579F,30796.321085,250.83611999999994
V579G,30545.484965,0.0
V579H,30545.484965,0.0
V579I,30803.344496,257.8595310000019
V579K,30545.484965,0.0
V579L,30545.484965,0.0
V579M,30545.484965,0.0
V579N,30545.484965,0.0
V579P,30545.484965,0.0
V579Q,30545.484965,0.0
V579R,30545.484965,0.0
V579S,30545.484965,0.0
V579T,30545.484965,0.0
V579W,30703.344497000002,157.85953200000222
V579Y,30806.354531,260.8695660000012
V606A,30545.484965,0.0
V606C,30545.484965,0.0
V606D,30545.484965,0.0
V606E,30545.484965,0.0
V606F,30962.541822,417.0568569999996
V606G,30545.484965,0.0
V606H,30545.484965,0.0
V606I,30981.939815,436.4548500000019
V606K,30545.484965,0.0
V606L,30545.484965,0.0
V606M,30545.484965,0.0
V606N,30545.484965,0.0
V606P,30545.484965,0.0
V606Q,30545.484965,0.0
V606R,30545.484965,0.0
V606S,30545.484965,0.0
V606T,30545.484965,0.0
V606W,30959.19734,413.71237499999916
V606Y,30953.177272,407.69230700000116
V629A,30304.682288,-240.80267699999968
V629C,30304.682288,-240.80267699999968
V629D,30224.414729,-321.07023599999957
V629E,30144.14717,-401.33779499999946
V629F,30545.484965,0.0
V629G,30304.682288,-240.80267699999968
V629H,30224.414729,-321.07023599999957
V629I,30444.147168,-101.33779700000014
V629K,30224.414729,-321.07023599999957
V629L,30465.217406,-80.26755899999989
V629M,30304.682288,-240.80267699999968
V629N,30465.217406,-80.26755899999989
V629P,30224.414729,-321.07023599999957
V629Q,30304.682288,-240.80267699999968
V629R,30224.414729,-321.07023599999957
V629S,30304.682288,-240.80267699999968
V629T,30304.682288,-240.80267699999968
V629W,30545.484965,0.0
V629Y,30462.876263000002,-82.60870199999772
V635A,30545.484965,0.0
V635C,30545.484965,0.0
V635D,30304.682288,-240.80267699999968
V635E,30304.682288,-240.80267699999968
V635F,30866.555201,321.07023599999957
V635G,30545.484965,0.0
V635H,30304.682288,-240.80267699999968
V635I,30848.494996999998,303.0100319999983
V635K,30304.682288,-240.80267699999968
V635L,30545.484965,0.0
V635M,30545.484965,0.0
V635N,30545.484965,0.0
V635P,30304.682288,-240.80267699999968
V635Q,30545.484965,0.0
V635R,30304.682288,-240.80267699999968
V635S,30545.484965,0.0
V635T,30545.484965,0.0
V635W,30866.555201,321.07023599999957
V635Y,30864.548507,319.06354199999987
V645A,30558.193997,12.709031999998842
V645C,30560.869585,15.384620000000723
V645D,30564.214065,18.72910000000047
V645E,30529.431453,-16.05351199999859
V645F,30565.551856000002,20.066891000002215
V645G,30537.458215,-8.026750000000902
V645H,30525.418074999998,-20.066890000001877
V645I,30554.180618,8.695652999998856
V645K,30358.862891,-186.62207399999897
V645L,30596.655538,51.17057299999942
V645M,30604.347845,58.86288000000059
V645N,30603.010053,57.52508800000214
V645P,30207.023429,-338.4615359999989
V645Q,30542.809385,-2.6755799999991723
V645R,30370.903025,-174.58194000000003
V645S,30515.384632,-30.1003329999985
V645T,30544.481625,-1.003339999999298
V645W,30628.093666,82.60870100000102
V645Y,30554.180619,8.695653999999195
V651A,30545.484965,0.0
V651C,30545.484965,0.0
V651D,30545.484965,0.0
V651E,30545.484965,0.0
V651F,30545.484965,0.0
V651G,30545.484965,0.0
V651H,30545.484965,0.0
V651I,30545.484965,0.0
V651K,30545.484965,0.0
V651L,30545.484965,0.0
V651M,30545.484965,0.0
V651N,30545.484965,0.0
V651P,30545.484965,0.0
V651Q,30545.484965,0.0
V651R,30545.484965,0.0
V651S,30545.484965,0.0
V651T,30545.484965,0.0
V651W,30865.217405,319.73243999999977
V651Y,30545.484965,0.0
V654A,30553.511717,8.02675200000158
V654C,30433.110377,-112.37458799999877
V654D,30473.244161,-72.24080400000094
V654E,30469.230785,-76.2541799999999
V654F,30537.458201,-8.026763999998366
V654G,30549.498341000002,4.013376000002609
V654H,29506.020077,-1039.4648879999986
V654I,30525.418073,-20.066891999998916
V654K,29506.020077,-1039.4648879999986
V654L,30545.484965,0.0
V654M,30529.431449,-16.053515999999945
V654N,30549.498341000002,4.013376000002609
V654P,29506.020077,-1039.4648879999986
V654Q,30533.444825000002,-12.040139999997336
V654R,29506.020077,-1039.4648879999986
V654S,30493.311041,-52.173923999998806
V654T,30537.458201,-8.026763999998366
V654W,30545.484965,0.0
V654Y,30549.498341000002,4.013376000002609
V660A,30545.484965,0.0
V660C,30025.752521,-519.7324440000011
V660D,30025.752521,-519.7324440000011
V660E,30545.484965,0.0
V660F,30545.484965,0.0
V660G,30025.752521,-519.7324440000011
V660H,29939.130447,-606.3545180000001
V660I,30461.204024,-84.2809410000009
V660K,29939.130447,-606.3545180000001
V660L,30545.484965,0.0
V660M,30025.752521,-519.7324440000011
V660N,30545.484965,0.0
V660P,30025.752521,-519.7324440000011
V660Q,30025.752521,-519.7324440000011
V660R,29939.130447,-606.3545180000001
V660S,30025.752521,-519.7324440000011
V660T,30545.484965,0.0
V660W,30485.284289,-60.200676000000385
V660Y,30451.839475,-93.64548999999897
V88A,31163.545165000003,618.0602000000035
V88C,30545.484965,0.0
V88D,30545.484965,0.0
V88E,31504.682285000003,959.197320000003
V88F,31693.311053,1147.8260880000016
V88G,30545.484965,0.0
V88H,30545.484965,0.0
V88I,31701.337805000003,1155.8528400000032
V88K,30545.484965,0.0
V88L,31524.749177,979.2642120000019
V88M,30545.484965,0.0
V88N,30545.484965,0.0
V88P,30545.484965,0.0
V88Q,30545.484965,0.0
V88R,30545.484965,0.0
V88S,31508.695673000002,963.2107080000023
V88T,31532.775929000003,987.2909640000034
V88W,31633.110389,1087.6254240000017
V88Y,31713.377945,1167.8929800000005
V93A,30545.484965,0.0
V93C,30545.484965,0.0
V93D,30545.484965,0.0
V93E,30545.484965,0.0
V93F,31123.745837000002,578.2608720000026
V93G,30545.484965,0.0
V93H,30545.484965,0.0
V93I,31110.367906,564.8829409999998
V93K,30545.484965,0.0
V93L,31009.030115,463.54515000000174
V93M,30545.484965,0.0
V93N,30545.484965,0.0
V93P,30545.484965,0.0
V93Q,30545.484965,0.0
V93R,30545.484965,0.0
V93S,30545.484965,0.0
V93T,30545.484965,0.0
V93W,31104.347844,558.8628790000002
V93Y,31112.040147,566.5551820000001
W104A,30675.250855000002,129.7658900000024
W104C,30193.645501,-351.8394640000006
W104D,30193.645501,-351.8394640000006
W104E,30193.645501,-351.8394640000006
W104F,30771.571924000003,226.08695900000384
W104G,30193.645501,-351.8394640000006
W104H,30193.645501,-351.8394640000006
W104I,30795.986640000003,250.50167500000316
W104K,30193.645501,-351.8394640000006
W104L,30707.357875,161.87291000000187
W104M,30193.645501,-351.8394640000006
W104N,30193.645501,-351.8394640000006
W104P,30193.645501,-351.8394640000006
W104Q,30193.645501,-351.8394640000006
W104R,30193.645501,-351.8394640000006
W104S,30193.645501,-351.8394640000006
W104T,30193.645501,-351.8394640000006
W104V,30657.190651,111.70568600000115
W104Y,30797.993329,252.50836400000117
W119A,30073.913057,-471.5719079999981
W119C,30073.913057,-471.5719079999981
W119D,30073.913057,-471.5719079999981
W119E,30073.913057,-471.5719079999981
W119F,30466.889647,-78.59531799999968
W119G,30073.913057,-471.5719079999981
W119H,30073.913057,-471.5719079999981
W119I,30545.484965,0.0
W119K,30073.913057,-471.5719079999981
W119L,30073.913057,-471.5719079999981
W119M,30073.913057,-471.5719079999981
W119N,30073.913057,-471.5719079999981
W119P,30073.913057,-471.5719079999981
W119Q,30073.913057,-471.5719079999981
W119R,30073.913057,-471.5719079999981
W119S,30073.913057,-471.5719079999981
W119T,30073.913057,-471.5719079999981
W119V,30073.913057,-471.5719079999981
W119Y,30550.167237,4.682272000001831
W128A,30481.939815,-63.5451499999981
W128C,29625.752525,-919.7324399999998
W128D,29625.752525,-919.7324399999998
W128E,30431.772595000002,-113.71236999999746
W128F,30582.274264,36.78929900000003
W128G,29625.752525,-919.7324399999998
W128H,30431.772595000002,-113.71236999999746
W128I,30612.374604,66.8896390000009
W128K,30425.083625,-120.40134000000035
W128L,30508.695665,-36.78930000000037
W128M,30425.083625,-120.40134000000035
W128N,30502.006705,-43.478259999999864
W128P,29625.752525,-919.7324399999998
W128Q,29625.752525,-919.7324399999998
W128R,29625.752525,-919.7324399999998
W128S,30425.083625,-120.40134000000035
W128T,30475.250855000002,-70.2341099999976
W128V,30431.772595000002,-113.71236999999746
W128Y,30617.725772,72.24080700000195
W160A,30545.484965,0.0
W160C,30545.484965,0.0
W160D,30545.484965,0.0
W160E,30545.484965,0.0
W160F,30545.484965,0.0
W160G,30545.484965,0.0
W160H,30545.484965,0.0
W160I,30545.484965,0.0
W160K,30545.484965,0.0
W160L,30545.484965,0.0
W160M,30545.484965,0.0
W160N,30545.484965,0.0
W160P,30545.484965,0.0
W160Q,30545.484965,0.0
W160R,30545.484965,0.0
W160S,30545.484965,0.0
W160T,30545.484965,0.0
W160V,30545.484965,0.0
W160Y,30545.484965,0.0
W184A,30545.484965,0.0
W184C,30545.484965,0.0
W184D,30545.484965,0.0
W184E,30545.484965,0.0
W184F,30545.484965,0.0
W184G,30545.484965,0.0
W184H,30545.484965,0.0
W184I,30545.484965,0.0
W184K,30545.484965,0.0
W184L,30545.484965,0.0
W184M,30545.484965,0.0
W184N,30545.484965,0.0
W184P,30545.484965,0.0
W184Q,30545.484965,0.0
W184R,30545.484965,0.0
W184S,30545.484965,0.0
W184T,30545.484965,0.0
W184V,30545.484965,0.0
W184Y,31179.598677,634.1137120000021
W209A,30409.364568,-136.12039699999877
W209C,30327.090315,-218.39464999999836
W209D,30329.097009,-216.38795599999867
W209E,30327.090315,-218.39464999999836
W209F,30694.64885,149.16388500000176
W209G,29847.491655,-697.993309999998
W209H,29847.491655,-697.993309999998
W209I,30673.913056,128.4280910000016
W209K,29847.491655,-697.993309999998
W209L,30411.705704,-133.77926099999968
W209M,30388.29433,-157.19063499999902
W209N,30697.32443,151.83946500000093
W209P,29847.491655,-697.993309999998
W209Q,30439.79935,-105.6856149999985
W209R,29847.491655,-697.993309999998
W209S,29847.491655,-697.993309999998
W209T,30388.29433,-157.19063499999902
W209V,30409.364568,-136.12039699999877
W209Y,30666.555197,121.07023200000185
W230A,30385.618745,-159.86621999999988
W230C,30385.618745,-159.86621999999988
W230D,29826.086975,-719.3979900000013
W230E,30225.752525,-319.73243999999977
W230F,30547.491659,2.0066939999996976
W230G,30385.618745,-159.86621999999988
W230H,30385.618745,-159.86621999999988
W230I,30549.498347,4.013382000001002
W230K,30385.618745,-159.86621999999988
W230L,30385.618745,-159.86621999999988
W230M,30385.618745,-159.86621999999988
W230N,30385.618745,-159.86621999999988
W230P,30225.752525,-319.73243999999977
W230Q,30385.618745,-159.86621999999988
W230R,30385.618745,-159.86621999999988
W230S,30385.618745,-159.86621999999988
W230T,30385.618745,-159.86621999999988
W230V,30385.618745,-159.86621999999988
W230Y,30563.545169,18.06020400000125
W268A,30545.484965,0.0
W268C,30545.484965,0.0
W268D,30303.678944,-241.80602100000033
W268E,30464.882958000002,-80.60200699999768
W268F,30787.290986,241.80602100000033
W268G,30545.484965,0.0
W268H,30464.882958000002,-80.60200699999768
W268I,30787.290986,241.80602100000033
W268K,30464.882958000002,-80.60200699999768
W268L,30545.484965,0.0
W268M,30545.484965,0.0
W268N,30545.484965,0.0
W268P,30464.882958000002,-80.60200699999768
W268Q,30545.484965,0.0
W268R,30464.882958000002,-80.60200699999768
W268S,30545.484965,0.0
W268T,30545.484965,0.0
W268V,30545.484965,0.0
W268Y,30787.290986,241.80602100000033
W283A,30500.334465,-45.15049999999974
W283C,30087.290985,-458.19398
W283D,30087.290985,-458.19398
W283E,30087.290985,-458.19398
W283F,30522.073595,-23.411369999997987
W283G,30087.290985,-458.19398
W283H,30486.956535,-58.52842999999848
W283I,30527.090315,-18.394649999998364
W283K,30485.284295,-60.200669999998354
W283L,30523.745835,-21.739129999998113
W283M,30087.290985,-458.19398
W283N,30522.073595,-23.411369999997987
W283P,30087.290985,-458.19398
W283Q,30087.290985,-458.19398
W283R,30087.290985,-458.19398
W283S,30473.57861,-71.90635499999917
W283T,30491.97326,-53.5117050000008
W283V,30486.956535,-58.52842999999848
W283Y,30528.762555,-16.72240999999849
W332A,30065.886305,-479.59865999999965
W332C,30065.886305,-479.59865999999965
W332D,30065.886305,-479.59865999999965
W332E,30065.886305,-479.59865999999965
W332F,30529.431455,-16.053509999997914
W332G,30065.886305,-479.59865999999965
W332H,30065.886305,-479.59865999999965
W332I,30065.886305,-479.59865999999965
W332K,30065.886305,-479.59865999999965
W332L,30065.886305,-479.59865999999965
W332M,30065.886305,-479.59865999999965
W332N,30065.886305,-479.59865999999965
W332P,30065.886305,-479.59865999999965
W332Q,30065.886305,-479.59865999999965
W332R,30065.886305,-479.59865999999965
W332S,30065.886305,-479.59865999999965
W332T,30065.886305,-479.59865999999965
W332V,30529.431455,-16.053509999997914
W332Y,30065.886305,-479.59865999999965
W359A,30326.42142,-219.0635450000009
W359C,30232.775934,-312.7090309999985
W359D,30325.752526,-219.73243899999943
W359E,30414.046838,-131.43812700000126
W359F,30536.789314999998,-8.695650000001478
W359G,30381.939814,-163.54515099999844
W359H,29680.93647,-864.5484949999991
W359I,30478.260883,-67.22408200000064
W359K,29680.93647,-864.5484949999991
W359L,30502.006699999998,-43.47826500000156
W359M,30376.588646,-168.8963189999995
W359N,30493.979947,-51.505017999999836
W359P,30156.521753999998,-388.96321100000205
W359Q,30424.749182,-120.73578300000008
W359R,29680.93647,-864.5484949999991
W359S,30416.722422,-128.76254300000073
W359T,30363.210718,-182.2742470000012
W359V,30459.531789999997,-85.95317500000237
W359Y,30485.618739999998,-59.86622500000158
W363A,30447.491654,-97.99331099999836
W363C,30349.498343,-195.98662200000035
W363D,30153.511721,-391.9732440000007
W363E,30349.498343,-195.98662200000035
W363F,30439.130453,-106.35451199999807
W363G,30349.498343,-195.98662200000035
W363H,30349.498343,-195.98662200000035
W363I,30358.862894,-186.62207099999796
W363K,30153.511721,-391.9732440000007
W363L,30349.498343,-195.98662200000035
W363M,30447.491654,-97.99331099999836
W363N,30447.491654,-97.99331099999836
W363P,30153.511721,-391.9732440000007
W363Q,30349.498343,-195.98662200000035
W363R,30153.511721,-391.9732440000007
W363S,30349.498343,-195.98662200000035
W363T,30349.498343,-195.98662200000035
W363V,30447.491654,-97.99331099999836
W363Y,30451.170581,-94.31438400000116
W379A,30454.51506,-90.9699049999981
W379C,30478.260882,-67.22408300000097
W379D,30473.57861,-71.90635499999917
W379E,30482.608708,-62.876256999999896
W379F,30624.080283,78.59531799999968
W379G,30416.053524,-129.43144100000063
W379H,30442.474932,-103.01003299999866
W379I,30606.020082,60.535116999999445
W379K,30469.230785,-76.2541799999999
W379L,30581.939812,36.45484700000088
W379M,30453.511714,-91.97325099999944
W379N,30436.78931,-108.69565499999953
W379P,30341.137133,-204.34783199999947
W379Q,30506.688978,-38.79598700000133
W379R,30479.264229999997,-66.2207350000026
W379S,30443.143823,-102.34114200000113
W379T,30526.421418,-19.063546999997925
W379V,30500.334462,-45.150503000000754
W379Y,30537.792653,-7.6923119999992196
W37A,29826.086975000002,-719.3979899999977
W37C,29826.086975000002,-719.3979899999977
W37D,29826.086975000002,-719.3979899999977
W37E,29826.086975000002,-719.3979899999977
W37F,30526.75587,-18.72909499999878
W37G,29826.086975000002,-719.3979899999977
W37H,29346.488315000002,-1198.9966499999973
W37I,30518.729115000002,-26.755849999997736
W37K,29826.086975000002,-719.3979899999977
W37L,29826.086975000002,-719.3979899999977
W37M,29826.086975000002,-719.3979899999977
W37N,29826.086975000002,-719.3979899999977
W37P,29826.086975000002,-719.3979899999977
W37Q,29826.086975000002,-719.3979899999977
W37R,29346.488315000002,-1198.9966499999973
W37S,29826.086975000002,-719.3979899999977
W37T,29826.086975000002,-719.3979899999977
W37V,29826.086975000002,-719.3979899999977
W37Y,30545.484965,0.0
W62A,30560.53513,15.050165000000561
W62C,30555.51841,10.033445000000938
W62D,30440.802687,-104.68227800000022
W62E,30517.056868,-28.42809699999998
W62F,30552.173928,6.688963000000513
W62G,30535.785967,-9.698997999999847
W62H,29814.381283000002,-731.1036819999972
W62I,30541.80603,-3.6789349999999104
W62K,29814.381283000002,-731.1036819999972
W62L,30544.481621000003,-1.0033439999970142
W62M,30456.521755,-88.96320999999807
W62N,30539.130449,-6.354515999999421
W62P,29814.381283000002,-731.1036819999972
W62Q,30546.153862000003,0.6688970000031986
W62R,29814.381283000002,-731.1036819999972
W62S,30534.113722000002,-11.371242999997776
W62T,30456.521755,-88.96320999999807
W62V,30549.163895,3.6789300000018557
W62Y,30547.157205,1.6722399999998743
W641A,30309.699012,-235.7859529999987
W641C,30309.030115999998,-236.45484900000156
W641D,30309.699012,-235.7859529999987
W641E,30309.030115999998,-236.45484900000156
W641F,30571.906372,26.421407000001636
W641G,30300.334464,-245.15050100000008
W641H,30299.665568,-245.8193969999993
W641I,30567.558543,22.073577999999543
W641K,30287.625433999998,-257.8595310000019
W641L,30391.638812,-153.8461529999986
W641M,30305.016738000002,-240.46822699999757
W641N,30378.929781,-166.55518400000074
W641P,30286.287642,-259.1973230000003
W641Q,30397.658878,-147.82608700000128
W641R,30290.30102,-255.18394500000068
W641S,30299.665568,-245.8193969999993
W641T,30303.678946,-241.80601899999965
W641V,30392.307708,-153.17725699999937
W641Y,30568.22744,22.742474999999104
WT,30545.484965,0.0
Y111A,30569.230783000003,23.745818000003055
Y111C,29084.280949,-1461.2040159999997
Y111D,29084.280949,-1461.2040159999997
Y111E,29084.280949,-1461.2040159999997
Y111F,30601.003359000002,55.518394000002445
Y111G,29084.280949,-1461.2040159999997
Y111H,29084.280949,-1461.2040159999997
Y111I,30527.759208000003,-17.72575699999652
Y111K,29084.280949,-1461.2040159999997
Y111L,30544.816069,-0.6688959999992221
Y111M,29084.280949,-1461.2040159999997
Y111N,29986.287637,-559.1973279999984
Y111P,29084.280949,-1461.2040159999997
Y111Q,30123.411379,-422.0735859999986
Y111R,29084.280949,-1461.2040159999997
Y111S,29976.923088000003,-568.5618769999965
Y111T,30000.334462000003,-545.1505029999971
Y111V,30594.314395,48.829430000001594
Y111W,30040.468239,-505.016725999998
Y136A,30537.123760000002,-8.361204999997426
Y136C,30525.418075,-20.06688999999824
Y136D,30545.484965,0.0
Y136E,30545.484965,0.0
Y136F,30555.51841,10.033445000000938
Y136G,30513.71239,-31.77257499999905
Y136H,30453.511721000003,-91.97324399999707
Y136I,30545.484965,0.0
Y136K,29717.725769,-827.7591959999991
Y136L,30545.484965,0.0
Y136M,30520.401355,-25.08360999999786
Y136N,30518.729115000002,-26.755849999997736
Y136P,30485.284295,-60.200669999998354
Y136Q,30545.484965,0.0
Y136R,29717.725769,-827.7591959999991
Y136S,30507.023425,-38.46154000000024
Y136T,30520.401355,-25.08360999999786
Y136V,30537.123760000002,-8.361204999997426
Y136W,30512.04015,-33.444814999998925
Y146A,30545.484965,0.0
Y146C,30545.484965,0.0
Y146D,30545.484965,0.0
Y146E,30545.484965,0.0
Y146F,30545.484965,0.0
Y146G,30545.484965,0.0
Y146H,30545.484965,0.0
Y146I,30545.484965,0.0
Y146K,30545.484965,0.0
Y146L,30545.484965,0.0
Y146M,30545.484965,0.0
Y146N,30545.484965,0.0
Y146P,30545.484965,0.0
Y146Q,30545.484965,0.0
Y146R,30545.484965,0.0
Y146S,30545.484965,0.0
Y146T,30545.484965,0.0
Y146V,30545.484965,0.0
Y146W,30545.484965,0.0
Y174A,30554.849513,9.364548000001378
Y174C,30389.632121000002,-155.85284399999728
Y174D,30389.632121000002,-155.85284399999728
Y174E,30554.849513,9.364548000001378
Y174F,30541.471582,-4.01338300000134
Y174G,30389.632121000002,-155.85284399999728
Y174H,30554.849513,9.364548000001378
Y174I,30544.816069,-0.6688959999992221
Y174K,30554.849513,9.364548000001378
Y174L,30538.795997,-6.688967999998567
Y174M,30554.849513,9.364548000001378
Y174N,30538.795997,-6.688967999998567
Y174P,30307.023425,-238.46154000000024
Y174Q,30389.632121000002,-155.85284399999728
Y174R,30307.023425,-238.46154000000024
Y174S,30554.849513,9.364548000001378
Y174T,30554.849513,9.364548000001378
Y174V,30554.849513,9.364548000001378
Y174W,30554.180615,8.695650000001478
Y212A,30390.969915,-154.51504999999815
Y212C,30407.023425,-138.46154000000024
Y212D,29847.491655,-697.993309999998
Y212E,30327.090315,-218.39464999999836
Y212F,30561.538477000002,16.05351200000223
Y212G,30407.023425,-138.46154000000024
Y212H,29847.491655,-697.993309999998
Y212I,30566.889645000003,21.40468000000328
Y212K,29847.491655,-697.993309999998
Y212L,30566.889645000003,21.40468000000328
Y212M,30394.983291,-150.50167399999918
Y212N,30566.889645000003,21.40468000000328
Y212P,30407.023425,-138.46154000000024
Y212Q,30407.023425,-138.46154000000024
Y212R,29847.491655,-697.993309999998
Y212S,30407.023425,-138.46154000000024
Y212T,30407.023425,-138.46154000000024
Y212V,30407.023425,-138.46154000000024
Y212W,30566.889645000003,21.40468000000328
Y276A,29995.652189,-549.8327759999993
Y276C,29995.652189,-549.8327759999993
Y276D,29995.652189,-549.8327759999993
Y276E,29995.652189,-549.8327759999993
Y276F,30521.404697,-24.080267999997886
Y276G,29995.652189,-549.8327759999993
Y276H,29995.652189,-549.8327759999993
Y276I,30529.431455,-16.053509999997914
Y276K,29995.652189,-549.8327759999993
Y276L,29995.652189,-549.8327759999993
Y276M,29995.652189,-549.8327759999993
Y276N,29995.652189,-549.8327759999993
Y276P,29995.652189,-549.8327759999993
Y276Q,29995.652189,-549.8327759999993
Y276R,29995.652189,-549.8327759999993
Y276S,29995.652189,-549.8327759999993
Y276T,29995.652189,-549.8327759999993
Y276V,29995.652189,-549.8327759999993
Y276W,30643.143829,97.6588640000009
Y295A,30545.484965,0.0
Y295C,30545.484965,0.0
Y295D,30545.484965,0.0
Y295E,30545.484965,0.0
Y295F,31184.949845000003,639.4648800000032
Y295G,30545.484965,0.0
Y295H,30545.484965,0.0
Y295I,31163.545165000003,618.0602000000035
Y295K,30545.484965,0.0
Y295L,30545.484965,0.0
Y295M,30545.484965,0.0
Y295N,30545.484965,0.0
Y295P,30545.484965,0.0
Y295Q,31163.545165000003,618.0602000000035
Y295R,30545.484965,0.0
Y295S,30545.484965,0.0
Y295T,30545.484965,0.0
Y295V,30545.484965,0.0
Y295W,30545.484965,0.0
Y325A,30068.561885000003,-476.92307999999684
Y325C,30068.561885000003,-476.92307999999684
Y325D,30068.561885000003,-476.92307999999684
Y325E,30068.561885000003,-476.92307999999684
Y325F,30535.117069,-10.367895999999746
Y325G,30068.561885000003,-476.92307999999684
Y325H,30068.561885000003,-476.92307999999684
Y325I,30543.812724000003,-1.6722409999965748
Y325K,30068.561885000003,-476.92307999999684
Y325L,30548.160545,2.6755799999991723
Y325M,30068.561885000003,-476.92307999999684
Y325N,30548.160545,2.6755799999991723
Y325P,30068.561885000003,-476.92307999999684
Y325Q,30068.561885000003,-476.92307999999684
Y325R,30068.561885000003,-476.92307999999684
Y325S,30068.561885000003,-476.92307999999684
Y325T,30618.394661,72.9096959999988
Y325V,30068.561885000003,-476.92307999999684
Y325W,30547.826096,2.3411310000010417
Y352A,29774.916405,-770.5685599999997
Y352C,29774.916405,-770.5685599999997
Y352D,29774.916405,-770.5685599999997
Y352E,29774.916405,-770.5685599999997
Y352F,30426.421421,-119.06354400000055
Y352G,29774.916405,-770.5685599999997
Y352H,29774.916405,-770.5685599999997
Y352I,30537.458213,-8.026751999997941
Y352K,29774.916405,-770.5685599999997
Y352L,30417.056877,-128.42808800000057
Y352M,29774.916405,-770.5685599999997
Y352N,29774.916405,-770.5685599999997
Y352P,29774.916405,-770.5685599999997
Y352Q,29774.916405,-770.5685599999997
Y352R,29774.916405,-770.5685599999997
Y352S,30414.381285,-131.10368000000017
Y352T,30256.521759,-288.96320600000035
Y352V,30238.461554999998,-307.0234100000016
Y352W,30431.103693,-114.38127199999872
Y380A,30513.377936,-32.107028999998874
Y380C,30507.023421,-38.46154399999796
Y380D,30507.692323,-37.79264200000034
Y380E,30516.722418,-28.76254699999845
Y380F,30550.501683,5.016717999998946
Y380G,30509.030112999997,-36.454852000002575
Y380H,30516.053523,-29.43144200000097
Y380I,30521.739142,-23.74582300000111
Y380K,30500.000011,-45.48495399999956
Y380L,30532.107039,-13.377926000001025
Y380M,30590.301013,44.81604800000059
Y380N,30532.77593,-12.709034999999858
Y380P,30183.277607,-362.20735799999966
Y380Q,30490.969911999997,-54.51505300000281
Y380R,30308.026771,-237.4581939999989
Y380S,30520.735795999997,-24.74916900000244
Y380T,30635.11707,89.63210500000059
Y380V,30576.254194999998,30.76922999999806
Y380W,30584.949845,39.46487999999954
Y381A,30671.906365,126.42139999999927
Y381C,30502.675596999998,-42.809368000001996
Y381D,30472.909711,-72.5752539999994
Y381E,30534.448173,-11.036791999998968
Y381F,30545.484964,-1.0000003385357559e-06
Y381G,30659.866237,114.38127199999872
Y381H,30420.066901,-125.41806400000132
Y381I,30544.816069,-0.6688959999992221
Y381K,30549.498342,4.013376999999309
Y381L,30531.438137,-14.04682799999864
Y381M,30524.749173,-20.735791999999492
Y381N,30543.812717999997,-1.672247000002244
Y381P,30442.474929,-103.01003599999967
Y381Q,30503.010045,-42.474920000000566
Y381R,30444.816065,-100.66890000000058
Y381S,30567.224093,21.739128000001074
Y381T,30493.645499,-51.839466000001266
Y381V,30565.551853,20.0668880000012
Y381W,30553.846168,8.361203000000387
Y412A,29987.625430999997,-557.8595340000029
Y412C,29987.625430999997,-557.8595340000029
Y412D,29987.625430999997,-557.8595340000029
Y412E,29987.625430999997,-557.8595340000029
Y412F,30539.464894999997,-6.020070000002306
Y412G,29987.625430999997,-557.8595340000029
Y412H,29987.625430999997,-557.8595340000029
Y412I,30539.464894999997,-6.020070000002306
Y412K,29987.625430999997,-557.8595340000029
Y412L,30461.204027,-84.28093799999988
Y412M,29987.625430999997,-557.8595340000029
Y412N,29987.625430999997,-557.8595340000029
Y412P,29987.625430999997,-557.8595340000029
Y412Q,29987.625430999997,-557.8595340000029
Y412R,29987.625430999997,-557.8595340000029
Y412S,29987.625430999997,-557.8595340000029
Y412T,30463.210714999997,-82.27425000000221
Y412V,29987.625430999997,-557.8595340000029
Y412W,30507.357874999998,-38.12709000000177
Y428A,30545.484965,0.0
Y428C,30545.484965,0.0
Y428D,30454.849512999997,-90.63545200000226
Y428E,30454.849512999997,-90.63545200000226
Y428F,30545.484965,0.0
Y428G,30545.484965,0.0
Y428H,30545.484965,0.0
Y428I,30545.484965,0.0
Y428K,30545.484965,0.0
Y428L,30545.484965,0.0
Y428M,30545.484965,0.0
Y428N,30545.484965,0.0
Y428P,30545.484965,0.0
Y428Q,30545.484965,0.0
Y428R,30545.484965,0.0
Y428S,30545.484965,0.0
Y428T,30545.484965,0.0
Y428V,30545.484965,0.0
Y428W,30545.484965,0.0
Y459A,30462.20738,-83.27758499999982
Y459C,30312.374612,-233.11035300000003
Y459D,30419.398019999997,-126.08694500000274
Y459E,30424.749187999998,-120.73577700000169
Y459F,30331.438144,-214.0468209999999
Y459G,30419.398019999997,-126.08694500000274
Y459H,29549.8328,-995.6521649999995
Y459I,30298.996676,-246.4882890000008
Y459K,29541.806042,-1003.6789229999995
Y459L,30515.719092,-29.765873000000283
Y459M,30349.832804,-195.65216099999816
Y459N,30499.665572,-45.819392999997945
Y459P,29549.8328,-995.6521649999995
Y459Q,30269.565238,-275.9197270000004
Y459R,29507.692327999997,-1037.7926370000023
Y459S,30381.939828,-163.54513700000098
Y459T,30440.802692,-104.68227299999853
Y459V,30419.398019999997,-126.08694500000274
Y459W,30562.541825,17.056860000000597
Y499A,30102.34115,-443.14381499999945
Y499C,30102.34115,-443.14381499999945
Y499D,30102.34115,-443.14381499999945
Y499E,30102.34115,-443.14381499999945
Y499F,30711.036804,165.55183899999975
Y499G,30102.34115,-443.14381499999945
Y499H,30102.34115,-443.14381499999945
Y499I,30538.796,-6.68896500000119
Y499K,30102.34115,-443.14381499999945
Y499L,30102.34115,-443.14381499999945
Y499M,30102.34115,-443.14381499999945
Y499N,30102.34115,-443.14381499999945
Y499P,30102.34115,-443.14381499999945
Y499Q,30102.34115,-443.14381499999945
Y499R,30102.34115,-443.14381499999945
Y499S,30102.34115,-443.14381499999945
Y499T,30102.34115,-443.14381499999945
Y499V,30102.34115,-443.14381499999945
Y499W,30503.678944999996,-41.80602000000363
Y507A,29964.882956999998,-580.6020080000017
Y507C,29964.882956999998,-580.6020080000017
Y507D,29964.882956999998,-580.6020080000017
Y507E,29964.882956999998,-580.6020080000017
Y507F,30525.083625,-20.401340000000346
Y507G,29964.882956999998,-580.6020080000017
Y507H,29964.882956999998,-580.6020080000017
Y507I,30529.097006,-16.387958999999682
Y507K,29964.882956999998,-580.6020080000017
Y507L,29964.882956999998,-580.6020080000017
Y507M,29964.882956999998,-580.6020080000017
Y507N,29964.882956999998,-580.6020080000017
Y507P,29964.882956999998,-580.6020080000017
Y507Q,29964.882956999998,-580.6020080000017
Y507R,29964.882956999998,-580.6020080000017
Y507S,29964.882956999998,-580.6020080000017
Y507T,29964.882956999998,-580.6020080000017
Y507V,30364.548507,-180.93645800000013
Y507W,30364.548507,-180.93645800000013
Y518A,30547.157205,1.6722399999998743
Y518C,30547.157207,1.6722420000005513
Y518D,30468.227441,-77.25752400000056
Y518E,30547.157207,1.6722420000005513
Y518F,30567.224096,21.73913100000209
Y518G,30538.127105,-7.357860000000073
Y518H,30306.35453,-239.13043499999912
Y518I,30564.214061,18.729095999999117
Y518K,30306.35453,-239.13043499999912
Y518L,30543.812724,-1.6722410000002128
Y518M,30546.15386,0.6688949999988836
Y518N,30538.127105,-7.357860000000073
Y518P,30226.42142,-319.0635450000009
Y518Q,30565.217405,19.73243999999977
Y518R,30306.35453,-239.13043499999912
Y518S,30306.35453,-239.13043499999912
Y518T,30546.15386,0.6688949999988836
Y518V,30541.471587,-4.013377999999648
Y518W,30306.35453,-239.13043499999912
Y555A,30519.398013,-26.086951999997837
Y555C,30522.742492999998,-22.742472000001726
Y555D,29877.257541,-668.2274240000006
Y555E,29877.257541,-668.2274240000006
Y555F,30503.344499,-42.14046600000074
Y555G,30506.020083,-39.464882000000216
Y555H,30519.398013,-26.086951999997837
Y555I,30525.418074999998,-20.066890000001877
Y555K,30519.398013,-26.086951999997837
Y555L,30546.153863,0.6688979999998992
Y555M,30519.398013,-26.086951999997837
Y555N,30526.086973,-19.39799199999834
Y555P,29877.257541,-668.2274240000006
Y555Q,30562.876272999998,17.39130799999839
Y555R,30519.398013,-26.086951999997837
Y555S,30522.742492999998,-22.742472000001726
Y555T,30519.398013,-26.086951999997837
Y555V,30599.665563,54.18059799999901
Y555W,30623.076943,77.59197800000038
Y557A,30515.384625,-30.10034000000087
Y557C,30115.719074999997,-429.7658900000024
Y557D,30115.719074999997,-429.7658900000024
Y557E,30115.719074999997,-429.7658900000024
Y557F,30518.729115,-26.755850000001374
Y557G,30515.384625,-30.10034000000087
Y557H,30035.785965,-509.6990000000005
Y557I,30522.073594999998,-23.411370000001625
Y557K,30035.785965,-509.6990000000005
Y557L,30515.384625,-30.10034000000087
Y557M,30515.384625,-30.10034000000087
Y557N,30515.384625,-30.10034000000087
Y557P,30035.785965,-509.6990000000005
Y557Q,30515.384625,-30.10034000000087
Y557R,30035.785965,-509.6990000000005
Y557S,30515.384625,-30.10034000000087
Y557T,30515.384625,-30.10034000000087
Y557V,30515.384625,-30.10034000000087
Y557W,30491.30436,-54.18060500000138
Y599A,30498.996675,-46.48829000000114
Y599C,30498.996675,-46.48829000000114
Y599D,30498.996675,-46.48829000000114
Y599E,30498.996675,-46.48829000000114
Y599F,30529.431455,-16.053509999997914
Y599G,30412.374601,-133.11036400000012
Y599H,30412.374601,-133.11036400000012
Y599I,30541.471589,-4.013375999998971
Y599K,30412.374601,-133.11036400000012
Y599L,30498.996675,-46.48829000000114
Y599M,30498.996675,-46.48829000000114
Y599N,30498.996675,-46.48829000000114
Y599P,30412.374601,-133.11036400000012
Y599Q,30498.996675,-46.48829000000114
Y599R,30412.374601,-133.11036400000012
Y599S,30498.996675,-46.48829000000114
Y599T,30498.996675,-46.48829000000114
Y599V,30498.996675,-46.48829000000114
Y599W,30585.618749,40.13378400000147
Y625A,30369.899675,-175.58528999999908
Y625C,30376.588635,-168.89632999999958
Y625D,29577.257535,-968.227429999999
Y625E,30376.588635,-168.89632999999958
Y625F,30605.016735,59.531770000001416
Y625G,29577.257535,-968.227429999999
Y625H,29577.257535,-968.227429999999
Y625I,30542.140482,-3.344483000000764
Y625K,29577.257535,-968.227429999999
Y625L,30459.866234999998,-85.61873000000196
Y625M,29577.257535,-968.227429999999
Y625N,30455.852849,-89.63211600000068
Y625P,29577.257535,-968.227429999999
Y625Q,30383.277605,-162.20736000000034
Y625R,29577.257535,-968.227429999999
Y625S,30376.588635,-168.89632999999958
Y625T,29577.257535,-968.227429999999
Y625V,30446.822755,-98.6622099999986
Y625W,30534.44817,-11.036794999999984
Y640A,30385.953193,-159.53177199999845
Y640C,30365.217407,-180.26755799999955
Y640D,30373.244163,-172.24080200000026
Y640E,30370.568579,-174.91638600000078
Y640F,30386.287642,-159.19732300000032
Y640G,30377.591989,-167.89297599999918
Y640H,30376.254197,-169.23076800000126
Y640I,30543.14383,-2.341134999998758
Y640K,30296.989982,-248.4949830000005
Y640L,30538.796003,-6.688962000000174
Y640M,30378.929782,-166.5551830000004
Y640N,30380.267574,-165.21739099999832
Y640P,30125.083628,-420.40133699999933
Y640Q,30385.953193999998,-159.53177100000175
Y640R,30286.287642,-259.1973230000003
Y640S,30373.578611,-171.90635399999883
Y640T,30378.929782,-166.5551830000004
Y640V,30381.939815,-163.5451499999981
Y640W,30537.458211,-8.026753999998618
Y66A,30543.143822000002,-2.341142999997828
Y66C,30439.464896,-106.02006899999833
Y66D,30439.464896,-106.02006899999833
Y66E,30439.464896,-106.02006899999833
Y66F,30543.143822000002,-2.341142999997828
Y66G,30439.464896,-106.02006899999833
Y66H,30350.167237,-195.31772799999817
Y66I,30552.508371,7.02340600000025
Y66K,30350.167237,-195.31772799999817
Y66L,30537.792654,-7.692310999998881
Y66M,30383.277602000002,-162.2073629999977
Y66N,30545.819414,0.3344490000017686
Y66P,30439.464896,-106.02006899999833
Y66Q,30439.464896,-106.02006899999833
Y66R,30350.167237,-195.31772799999817
Y66S,30367.224092,-178.26087299999926
Y66T,30521.739142000002,-23.745822999997472
Y66V,30383.277602000002,-162.2073629999977
Y66W,30545.81941,0.33444500000041444
Y78A,30533.444831,-12.040133999998943
Y78C,30543.478277000002,-2.0066879999976663
Y78D,30021.739145,-523.7458200000001
Y78E,30021.739145,-523.7458200000001
Y78F,30665.551853,120.0668880000012
Y78G,30507.357875,-38.127089999998134
Y78H,30021.739145,-523.7458200000001
Y78I,30545.484965,0.0
Y78K,30021.739145,-523.7458200000001
Y78L,30545.484965,0.0
Y78M,30503.344499000003,-42.140465999997105
Y78N,30543.478277000002,-2.0066879999976663
Y78P,30021.739145,-523.7458200000001
Y78Q,30547.491653,2.0066880000013043
Y78R,30021.739145,-523.7458200000001
Y78S,30543.478277000002,-2.0066879999976663
Y78T,30501.337805000003,-44.1471599999968
Y78V,30573.578609,28.093644000000495
Y78W,30583.612055,38.12709000000177
