,name,protein_name,mutations,LLR
0,GOh1052_A24C,GOh1052,A24C,-4.887
1,GOh1052_A24D,GOh1052,A24D,-4.705
3,GOh1052_A24F,GOh1052,A24F,-4.855
5,GOh1052_A24H,GOh1052,A24H,-6.033
8,GOh1052_A24L,GOh1052,A24L,-3.842
9,GOh1052_A24M,GOh1052,A24M,-5.392
10,GOh1052_A24N,GOh1052,A24N,-5.114
12,GOh1052_A24Q,GOh1052,A24Q,-4.932
13,GOh1052_A24R,GOh1052,A24R,-4.776
14,GOh1052_A24S,GOh1052,A24S,-3.607
15,GOh1052_A24T,GOh1052,A24T,-3.981
16,GOh1052_A24V,GOh1052,A24V,-3.778
17,GOh1052_A24W,GOh1052,A24W,-6.412
18,GOh1052_A24Y,GOh1052,A24Y,-4.957
19,GOh1052_A26C,GOh1052,A26C,-5.7
21,GOh1052_A26E,GOh1052,A26E,-5.478
22,GOh1052_A26F,GOh1052,A26F,-5.59
23,GOh1052_A26G,GOh1052,A26G,-4.925
24,GOh1052_A26H,GOh1052,A26H,-7.35
25,GOh1052_A26I,GOh1052,A26I,-4.583
26,GOh1052_A26K,GOh1052,A26K,-5.992
27,GOh1052_A26L,GOh1052,A26L,-3.987
28,GOh1052_A26M,GOh1052,A26M,-6.12
29,GOh1052_A26N,GOh1052,A26N,-5.269
30,GOh1052_A26P,GOh1052,A26P,-4.012
31,GOh1052_A26Q,GOh1052,A26Q,-5.21
33,GOh1052_A26S,GOh1052,A26S,-4.558
34,GOh1052_A26T,GOh1052,A26T,-4.258
35,GOh1052_A26V,GOh1052,A26V,-4.185
38,GOh1052_I28A,GOh1052,I28A,-1.603
39,GOh1052_I28C,GOh1052,I28C,-5.714
40,GOh1052_I28D,GOh1052,I28D,-3.869
41,GOh1052_I28E,GOh1052,I28E,-3.891
42,GOh1052_I28F,GOh1052,I28F,-4.504
43,GOh1052_I28G,GOh1052,I28G,-2.776
44,GOh1052_I28H,GOh1052,I28H,-6.141
45,GOh1052_I28K,GOh1052,I28K,-4.092
46,GOh1052_I28L,GOh1052,I28L,-3.169
47,GOh1052_I28M,GOh1052,I28M,-5.338
48,GOh1052_I28N,GOh1052,I28N,-3.201
49,GOh1052_I28P,GOh1052,I28P,-3.081
50,GOh1052_I28Q,GOh1052,I28Q,-3.311
51,GOh1052_I28R,GOh1052,I28R,-4.301
52,GOh1052_I28S,GOh1052,I28S,-1.117
53,GOh1052_I28T,GOh1052,I28T,-0.926
54,GOh1052_I28V,GOh1052,I28V,-2.266
55,GOh1052_I28W,GOh1052,I28W,-6.565
56,GOh1052_I28Y,GOh1052,I28Y,-4.558
76,GOh1052_A31C,GOh1052,A31C,-11.755
78,GOh1052_A31E,GOh1052,A31E,-3.881
79,GOh1052_A31F,GOh1052,A31F,-6.624
80,GOh1052_A31G,GOh1052,A31G,-5.77
81,GOh1052_A31H,GOh1052,A31H,-8.957
82,GOh1052_A31I,GOh1052,A31I,-4.837
83,GOh1052_A31K,GOh1052,A31K,-5.589
84,GOh1052_A31L,GOh1052,A31L,-3.975
85,GOh1052_A31M,GOh1052,A31M,-6.848
86,GOh1052_A31N,GOh1052,A31N,-5.584
87,GOh1052_A31P,GOh1052,A31P,-3.533
88,GOh1052_A31Q,GOh1052,A31Q,-3.712
90,GOh1052_A31S,GOh1052,A31S,-3.681
91,GOh1052_A31T,GOh1052,A31T,-3.897
92,GOh1052_A31V,GOh1052,A31V,-4.063
93,GOh1052_A31W,GOh1052,A31W,-8.8
94,GOh1052_A31Y,GOh1052,A31Y,-7.3
133,GOh1052_Q45A,GOh1052,Q45A,-6.741
134,GOh1052_Q45C,GOh1052,Q45C,-13.033
135,GOh1052_Q45D,GOh1052,Q45D,-7.811
136,GOh1052_Q45E,GOh1052,Q45E,-5.51
137,GOh1052_Q45F,GOh1052,Q45F,-10.125
138,GOh1052_Q45G,GOh1052,Q45G,-9.513
140,GOh1052_Q45I,GOh1052,Q45I,-11.319
141,GOh1052_Q45K,GOh1052,Q45K,-10.741
142,GOh1052_Q45L,GOh1052,Q45L,-10.56
144,GOh1052_Q45N,GOh1052,Q45N,-5.989
145,GOh1052_Q45P,GOh1052,Q45P,-11.287
147,GOh1052_Q45S,GOh1052,Q45S,-8.364
149,GOh1052_Q45V,GOh1052,Q45V,-10.234
150,GOh1052_Q45W,GOh1052,Q45W,-9.839
151,GOh1052_Q45Y,GOh1052,Q45Y,-8.254
153,GOh1052_S46C,GOh1052,S46C,-13.847
154,GOh1052_S46D,GOh1052,S46D,-5.997
155,GOh1052_S46E,GOh1052,S46E,-6.504
157,GOh1052_S46G,GOh1052,S46G,-4.61
158,GOh1052_S46H,GOh1052,S46H,-9.7
159,GOh1052_S46I,GOh1052,S46I,-8.903
160,GOh1052_S46K,GOh1052,S46K,-8.001
162,GOh1052_S46M,GOh1052,S46M,-11.608
163,GOh1052_S46N,GOh1052,S46N,-5.777
164,GOh1052_S46P,GOh1052,S46P,-5.117
165,GOh1052_S46Q,GOh1052,S46Q,-6.306
167,GOh1052_S46T,GOh1052,S46T,-5.427
168,GOh1052_S46V,GOh1052,S46V,-7.455
169,GOh1052_S46W,GOh1052,S46W,-10.291
170,GOh1052_S46Y,GOh1052,S46Y,-9.138
171,GOh1052_E49A,GOh1052,E49A,-6.331
172,GOh1052_E49C,GOh1052,E49C,-12.616
174,GOh1052_E49F,GOh1052,E49F,-10.315
175,GOh1052_E49G,GOh1052,E49G,-5.989
176,GOh1052_E49H,GOh1052,E49H,-10.114
177,GOh1052_E49I,GOh1052,E49I,-8.57
178,GOh1052_E49K,GOh1052,E49K,-9.598
179,GOh1052_E49L,GOh1052,E49L,-8.66
180,GOh1052_E49M,GOh1052,E49M,-11.097
182,GOh1052_E49P,GOh1052,E49P,-6.835
183,GOh1052_E49Q,GOh1052,E49Q,-7.694
184,GOh1052_E49R,GOh1052,E49R,-10.659
185,GOh1052_E49S,GOh1052,E49S,-5.93
186,GOh1052_E49T,GOh1052,E49T,-5.646
187,GOh1052_E49V,GOh1052,E49V,-7.02
188,GOh1052_E49W,GOh1052,E49W,-10.917
189,GOh1052_E49Y,GOh1052,E49Y,-10.338
190,GOh1052_N51A,GOh1052,N51A,-2.19
191,GOh1052_N51C,GOh1052,N51C,-9.822
193,GOh1052_N51E,GOh1052,N51E,-5.646
194,GOh1052_N51F,GOh1052,N51F,-5.563
196,GOh1052_N51H,GOh1052,N51H,-7.314
197,GOh1052_N51I,GOh1052,N51I,-5.771
198,GOh1052_N51K,GOh1052,N51K,-5.266
199,GOh1052_N51L,GOh1052,N51L,-5.574
200,GOh1052_N51M,GOh1052,N51M,-8.576
201,GOh1052_N51P,GOh1052,N51P,-4.229
202,GOh1052_N51Q,GOh1052,N51Q,-5.232
203,GOh1052_N51R,GOh1052,N51R,-5.958
204,GOh1052_N51S,GOh1052,N51S,-1.841
205,GOh1052_N51T,GOh1052,N51T,-2.967
206,GOh1052_N51V,GOh1052,N51V,-4.934
207,GOh1052_N51W,GOh1052,N51W,-5.44
209,GOh1052_K52A,GOh1052,K52A,-6.06
210,GOh1052_K52C,GOh1052,K52C,-10.701
211,GOh1052_K52D,GOh1052,K52D,-6.314
212,GOh1052_K52E,GOh1052,K52E,-9.087
213,GOh1052_K52F,GOh1052,K52F,-6.206
214,GOh1052_K52G,GOh1052,K52G,-7.012
215,GOh1052_K52H,GOh1052,K52H,-6.029
216,GOh1052_K52I,GOh1052,K52I,-9.324
217,GOh1052_K52L,GOh1052,K52L,-4.4
218,GOh1052_K52M,GOh1052,K52M,-6.562
219,GOh1052_K52N,GOh1052,K52N,-2.932
220,GOh1052_K52P,GOh1052,K52P,-11.011
221,GOh1052_K52Q,GOh1052,K52Q,-6.936
223,GOh1052_K52S,GOh1052,K52S,-7.247
226,GOh1052_K52W,GOh1052,K52W,-9.171
227,GOh1052_K52Y,GOh1052,K52Y,-5.586
247,GOh1052_Y66A,GOh1052,Y66A,-9.882
248,GOh1052_Y66C,GOh1052,Y66C,-12.64
249,GOh1052_Y66D,GOh1052,Y66D,-10.595
250,GOh1052_Y66E,GOh1052,Y66E,-11.981
251,GOh1052_Y66F,GOh1052,Y66F,-7.341
252,GOh1052_Y66G,GOh1052,Y66G,-10.71
253,GOh1052_Y66H,GOh1052,Y66H,-8.193
254,GOh1052_Y66I,GOh1052,Y66I,-11.334
255,GOh1052_Y66K,GOh1052,Y66K,-11.794
256,GOh1052_Y66L,GOh1052,Y66L,-10.26
258,GOh1052_Y66N,GOh1052,Y66N,-10.029
259,GOh1052_Y66P,GOh1052,Y66P,-11.13
260,GOh1052_Y66Q,GOh1052,Y66Q,-10.919
261,GOh1052_Y66R,GOh1052,Y66R,-11.177
262,GOh1052_Y66S,GOh1052,Y66S,-10.035
265,GOh1052_Y66W,GOh1052,Y66W,-4.927
267,GOh1052_G67C,GOh1052,G67C,-10.258
268,GOh1052_G67D,GOh1052,G67D,-4.28
269,GOh1052_G67E,GOh1052,G67E,-5.087
270,GOh1052_G67F,GOh1052,G67F,-7.138
271,GOh1052_G67H,GOh1052,G67H,-6.906
272,GOh1052_G67I,GOh1052,G67I,-6.515
273,GOh1052_G67K,GOh1052,G67K,-4.669
275,GOh1052_G67M,GOh1052,G67M,-8.165
276,GOh1052_G67N,GOh1052,G67N,-3.292
277,GOh1052_G67P,GOh1052,G67P,-5.484
278,GOh1052_G67Q,GOh1052,G67Q,-3.512
279,GOh1052_G67R,GOh1052,G67R,-5.441
280,GOh1052_G67S,GOh1052,G67S,-1.73
281,GOh1052_G67T,GOh1052,G67T,-3.114
282,GOh1052_G67V,GOh1052,G67V,-4.693
283,GOh1052_G67W,GOh1052,G67W,-7.244
284,GOh1052_G67Y,GOh1052,G67Y,-7.004
289,GOh1052_N69F,GOh1052,N69F,-5.96
290,GOh1052_N69G,GOh1052,N69G,-2.323
291,GOh1052_N69H,GOh1052,N69H,-6.259
292,GOh1052_N69I,GOh1052,N69I,-5.867
293,GOh1052_N69K,GOh1052,N69K,-5.572
294,GOh1052_N69L,GOh1052,N69L,-5.403
295,GOh1052_N69M,GOh1052,N69M,-7.743
296,GOh1052_N69P,GOh1052,N69P,-3.535
298,GOh1052_N69R,GOh1052,N69R,-6.142
300,GOh1052_N69T,GOh1052,N69T,-3.429
301,GOh1052_N69V,GOh1052,N69V,-4.667
302,GOh1052_N69W,GOh1052,N69W,-6.528
303,GOh1052_N69Y,GOh1052,N69Y,-5.4
305,GOh1052_P72C,GOh1052,P72C,-9.37
307,GOh1052_P72E,GOh1052,P72E,-6.651
308,GOh1052_P72F,GOh1052,P72F,-6.05
312,GOh1052_P72K,GOh1052,P72K,-4.969
313,GOh1052_P72L,GOh1052,P72L,-5.32
314,GOh1052_P72M,GOh1052,P72M,-7.615
315,GOh1052_P72N,GOh1052,P72N,-4.609
317,GOh1052_P72R,GOh1052,P72R,-5.198
318,GOh1052_P72S,GOh1052,P72S,-4.532
320,GOh1052_P72V,GOh1052,P72V,-4.342
321,GOh1052_P72W,GOh1052,P72W,-6.712
322,GOh1052_P72Y,GOh1052,P72Y,-5.488
323,GOh1052_K73A,GOh1052,K73A,-2.915
324,GOh1052_K73C,GOh1052,K73C,-9.605
325,GOh1052_K73D,GOh1052,K73D,-6.188
326,GOh1052_K73E,GOh1052,K73E,-6.116
328,GOh1052_K73G,GOh1052,K73G,-4.004
331,GOh1052_K73L,GOh1052,K73L,-5.14
333,GOh1052_K73N,GOh1052,K73N,-4.398
334,GOh1052_K73P,GOh1052,K73P,-3.313
335,GOh1052_K73Q,GOh1052,K73Q,-4.605
336,GOh1052_K73R,GOh1052,K73R,-4.58
337,GOh1052_K73S,GOh1052,K73S,-4.394
338,GOh1052_K73T,GOh1052,K73T,-4.321
339,GOh1052_K73V,GOh1052,K73V,-4.731
341,GOh1052_K73Y,GOh1052,K73Y,-6.301
342,GOh1052_P74A,GOh1052,P74A,-6.678
344,GOh1052_P74D,GOh1052,P74D,-11.835
345,GOh1052_P74E,GOh1052,P74E,-10.764
346,GOh1052_P74F,GOh1052,P74F,-7.597
347,GOh1052_P74G,GOh1052,P74G,-9.546
349,GOh1052_P74I,GOh1052,P74I,-9.279
350,GOh1052_P74K,GOh1052,P74K,-9.895
351,GOh1052_P74L,GOh1052,P74L,-5.836
352,GOh1052_P74M,GOh1052,P74M,-8.334
353,GOh1052_P74N,GOh1052,P74N,-9.105
354,GOh1052_P74Q,GOh1052,P74Q,-8.68
355,GOh1052_P74R,GOh1052,P74R,-10.867
358,GOh1052_P74V,GOh1052,P74V,-8.289
359,GOh1052_P74W,GOh1052,P74W,-10.13
360,GOh1052_P74Y,GOh1052,P74Y,-8.129
361,GOh1052_T77A,GOh1052,T77A,-6.816
366,GOh1052_T77G,GOh1052,T77G,-9.066
367,GOh1052_T77H,GOh1052,T77H,-6.847
369,GOh1052_T77K,GOh1052,T77K,-8.993
370,GOh1052_T77L,GOh1052,T77L,-8.935
374,GOh1052_T77Q,GOh1052,T77Q,-6.841
377,GOh1052_T77V,GOh1052,T77V,-6.833
378,GOh1052_T77W,GOh1052,T77W,-5.645
379,GOh1052_T77Y,GOh1052,T77Y,-6.089
381,GOh1052_T84C,GOh1052,T84C,-10.57
382,GOh1052_T84D,GOh1052,T84D,-6.754
383,GOh1052_T84E,GOh1052,T84E,-6.317
384,GOh1052_T84F,GOh1052,T84F,-8.547
385,GOh1052_T84G,GOh1052,T84G,-4.666
386,GOh1052_T84H,GOh1052,T84H,-8.991
390,GOh1052_T84M,GOh1052,T84M,-8.525
392,GOh1052_T84P,GOh1052,T84P,-11.33
394,GOh1052_T84R,GOh1052,T84R,-5.926
396,GOh1052_T84V,GOh1052,T84V,-6.128
397,GOh1052_T84W,GOh1052,T84W,-10.601
398,GOh1052_T84Y,GOh1052,T84Y,-8.283
400,GOh1052_T85C,GOh1052,T85C,-12.564
401,GOh1052_T85D,GOh1052,T85D,-5.375
402,GOh1052_T85E,GOh1052,T85E,-4.623
403,GOh1052_T85F,GOh1052,T85F,-8.231
404,GOh1052_T85G,GOh1052,T85G,-7.186
407,GOh1052_T85K,GOh1052,T85K,-7.348
408,GOh1052_T85L,GOh1052,T85L,-5.547
410,GOh1052_T85N,GOh1052,T85N,-4.156
412,GOh1052_T85Q,GOh1052,T85Q,-4.998
416,GOh1052_T85W,GOh1052,T85W,-9.453
417,GOh1052_T85Y,GOh1052,T85Y,-7.93
418,GOh1052_Q86A,GOh1052,Q86A,-6.433
419,GOh1052_Q86C,GOh1052,Q86C,-11.033
421,GOh1052_Q86E,GOh1052,Q86E,-6.927
423,GOh1052_Q86G,GOh1052,Q86G,-7.917
424,GOh1052_Q86H,GOh1052,Q86H,-6.292
425,GOh1052_Q86I,GOh1052,Q86I,-7.939
426,GOh1052_Q86K,GOh1052,Q86K,-5.443
427,GOh1052_Q86L,GOh1052,Q86L,-7.048
429,GOh1052_Q86N,GOh1052,Q86N,-5.596
430,GOh1052_Q86P,GOh1052,Q86P,-10.719
431,GOh1052_Q86R,GOh1052,Q86R,-5.292
432,GOh1052_Q86S,GOh1052,Q86S,-6.033
433,GOh1052_Q86T,GOh1052,Q86T,-4.679
434,GOh1052_Q86V,GOh1052,Q86V,-6.801
435,GOh1052_Q86W,GOh1052,Q86W,-8.171
457,GOh1052_Q97C,GOh1052,Q97C,-12.724
459,GOh1052_Q97E,GOh1052,Q97E,-10.031
460,GOh1052_Q97F,GOh1052,Q97F,-11.224
462,GOh1052_Q97H,GOh1052,Q97H,-9.796
463,GOh1052_Q97I,GOh1052,Q97I,-7.972
465,GOh1052_Q97L,GOh1052,Q97L,-6.975
466,GOh1052_Q97M,GOh1052,Q97M,-8.586
468,GOh1052_Q97P,GOh1052,Q97P,-9.714
469,GOh1052_Q97R,GOh1052,Q97R,-8.268
470,GOh1052_Q97S,GOh1052,Q97S,-8.979
471,GOh1052_Q97T,GOh1052,Q97T,-7.929
472,GOh1052_Q97V,GOh1052,Q97V,-8.372
473,GOh1052_Q97W,GOh1052,Q97W,-11.887
475,GOh1052_Q101A,GOh1052,Q101A,-3.108
476,GOh1052_Q101C,GOh1052,Q101C,-10.32
478,GOh1052_Q101E,GOh1052,Q101E,-4.089
479,GOh1052_Q101F,GOh1052,Q101F,-5.2
481,GOh1052_Q101H,GOh1052,Q101H,-6.565
482,GOh1052_Q101I,GOh1052,Q101I,-3.192
484,GOh1052_Q101L,GOh1052,Q101L,-3.292
486,GOh1052_Q101N,GOh1052,Q101N,-4.368
487,GOh1052_Q101P,GOh1052,Q101P,-3.664
488,GOh1052_Q101R,GOh1052,Q101R,-4.656
492,GOh1052_Q101W,GOh1052,Q101W,-5.66
493,GOh1052_Q101Y,GOh1052,Q101Y,-5.193
494,GOh1052_W104A,GOh1052,W104A,-2.728
495,GOh1052_W104C,GOh1052,W104C,-6.431
496,GOh1052_W104D,GOh1052,W104D,-3.852
497,GOh1052_W104E,GOh1052,W104E,-4.044
498,GOh1052_W104F,GOh1052,W104F,-2.811
499,GOh1052_W104G,GOh1052,W104G,-5.303
500,GOh1052_W104H,GOh1052,W104H,-3.586
501,GOh1052_W104I,GOh1052,W104I,0.915
503,GOh1052_W104L,GOh1052,W104L,-1.236
504,GOh1052_W104M,GOh1052,W104M,-1.918
505,GOh1052_W104N,GOh1052,W104N,-0.406
508,GOh1052_W104S,GOh1052,W104S,-2.715
509,GOh1052_W104T,GOh1052,W104T,0.767
512,GOh1052_Y111A,GOh1052,Y111A,-11.92
513,GOh1052_Y111C,GOh1052,Y111C,-12.969
516,GOh1052_Y111F,GOh1052,Y111F,-6.436
517,GOh1052_Y111G,GOh1052,Y111G,-14.275
519,GOh1052_Y111I,GOh1052,Y111I,-12.163
520,GOh1052_Y111K,GOh1052,Y111K,-12.768
521,GOh1052_Y111L,GOh1052,Y111L,-10.032
522,GOh1052_Y111M,GOh1052,Y111M,-12.52
524,GOh1052_Y111P,GOh1052,Y111P,-16.055
525,GOh1052_Y111Q,GOh1052,Y111Q,-10.761
526,GOh1052_Y111R,GOh1052,Y111R,-9.984
527,GOh1052_Y111S,GOh1052,Y111S,-9.841
528,GOh1052_Y111T,GOh1052,Y111T,-11.69
530,GOh1052_Y111W,GOh1052,Y111W,-9.697
531,GOh1052_S114A,GOh1052,S114A,-4.959
532,GOh1052_S114C,GOh1052,S114C,-13.667
533,GOh1052_S114D,GOh1052,S114D,-5.471
534,GOh1052_S114E,GOh1052,S114E,-5.615
535,GOh1052_S114F,GOh1052,S114F,-8.606
536,GOh1052_S114G,GOh1052,S114G,-6.921
537,GOh1052_S114H,GOh1052,S114H,-9.048
538,GOh1052_S114I,GOh1052,S114I,-6.948
539,GOh1052_S114K,GOh1052,S114K,-8.066
540,GOh1052_S114L,GOh1052,S114L,-5.993
542,GOh1052_S114N,GOh1052,S114N,-3.72
543,GOh1052_S114P,GOh1052,S114P,-6.402
545,GOh1052_S114R,GOh1052,S114R,-8.082
546,GOh1052_S114T,GOh1052,S114T,-2.717
548,GOh1052_S114W,GOh1052,S114W,-11.495
550,GOh1052_T117A,GOh1052,T117A,-5.604
551,GOh1052_T117C,GOh1052,T117C,-12.303
552,GOh1052_T117D,GOh1052,T117D,-7.57
553,GOh1052_T117E,GOh1052,T117E,-6.682
554,GOh1052_T117F,GOh1052,T117F,-7.459
556,GOh1052_T117H,GOh1052,T117H,-8.535
558,GOh1052_T117K,GOh1052,T117K,-5.855
561,GOh1052_T117N,GOh1052,T117N,-4.047
562,GOh1052_T117P,GOh1052,T117P,-12.205
564,GOh1052_T117R,GOh1052,T117R,-7.357
567,GOh1052_T117W,GOh1052,T117W,-10.069
569,GOh1052_S121A,GOh1052,S121A,-4.548
570,GOh1052_S121C,GOh1052,S121C,-12.394
571,GOh1052_S121D,GOh1052,S121D,-3.786
572,GOh1052_S121E,GOh1052,S121E,-5.403
573,GOh1052_S121F,GOh1052,S121F,-9.01
574,GOh1052_S121G,GOh1052,S121G,-6.308
575,GOh1052_S121H,GOh1052,S121H,-9.32
577,GOh1052_S121K,GOh1052,S121K,-7.613
578,GOh1052_S121L,GOh1052,S121L,-7.602
579,GOh1052_S121M,GOh1052,S121M,-8.928
580,GOh1052_S121N,GOh1052,S121N,-3.377
581,GOh1052_S121P,GOh1052,S121P,-6.816
582,GOh1052_S121Q,GOh1052,S121Q,-5.745
583,GOh1052_S121R,GOh1052,S121R,-7.877
584,GOh1052_S121T,GOh1052,S121T,-3.87
585,GOh1052_S121V,GOh1052,S121V,-6.743
586,GOh1052_S121W,GOh1052,S121W,-10.621
587,GOh1052_S121Y,GOh1052,S121Y,-7.986
588,GOh1052_S125A,GOh1052,S125A,-5.384
589,GOh1052_S125C,GOh1052,S125C,-9.498
590,GOh1052_S125D,GOh1052,S125D,-7.527
593,GOh1052_S125G,GOh1052,S125G,-7.089
595,GOh1052_S125I,GOh1052,S125I,-5.438
596,GOh1052_S125K,GOh1052,S125K,-5.776
598,GOh1052_S125M,GOh1052,S125M,-6.999
599,GOh1052_S125N,GOh1052,S125N,-5.192
601,GOh1052_S125Q,GOh1052,S125Q,-5.937
602,GOh1052_S125R,GOh1052,S125R,-6.168
603,GOh1052_S125T,GOh1052,S125T,-2.321
605,GOh1052_S125W,GOh1052,S125W,-8.587
607,GOh1052_F129A,GOh1052,F129A,1.238
610,GOh1052_F129E,GOh1052,F129E,-2.068
611,GOh1052_F129G,GOh1052,F129G,-1.364
612,GOh1052_F129H,GOh1052,F129H,-5.134
613,GOh1052_F129I,GOh1052,F129I,-2.549
614,GOh1052_F129K,GOh1052,F129K,-1.155
615,GOh1052_F129L,GOh1052,F129L,-1.145
617,GOh1052_F129N,GOh1052,F129N,-0.697
618,GOh1052_F129P,GOh1052,F129P,-0.394
619,GOh1052_F129Q,GOh1052,F129Q,-1.195
620,GOh1052_F129R,GOh1052,F129R,-2.501
621,GOh1052_F129S,GOh1052,F129S,-0.304
623,GOh1052_F129V,GOh1052,F129V,-1.548
624,GOh1052_F129W,GOh1052,F129W,-5.547
625,GOh1052_F129Y,GOh1052,F129Y,-2.43
627,GOh1052_A130D,GOh1052,A130D,-2.316
629,GOh1052_A130F,GOh1052,A130F,-6.001
630,GOh1052_A130G,GOh1052,A130G,-4.65
631,GOh1052_A130H,GOh1052,A130H,-5.637
632,GOh1052_A130I,GOh1052,A130I,-5.886
633,GOh1052_A130K,GOh1052,A130K,-3.533
634,GOh1052_A130L,GOh1052,A130L,-5.04
636,GOh1052_A130N,GOh1052,A130N,-1.19
637,GOh1052_A130P,GOh1052,A130P,-4.66
638,GOh1052_A130Q,GOh1052,A130Q,-3.871
639,GOh1052_A130R,GOh1052,A130R,-4.28
640,GOh1052_A130S,GOh1052,A130S,-3.262
642,GOh1052_A130V,GOh1052,A130V,-5.785
643,GOh1052_A130W,GOh1052,A130W,-7.076
644,GOh1052_A130Y,GOh1052,A130Y,-5.244
645,GOh1052_S132A,GOh1052,S132A,-4.396
647,GOh1052_S132D,GOh1052,S132D,-6.254
648,GOh1052_S132E,GOh1052,S132E,-6.952
649,GOh1052_S132F,GOh1052,S132F,-7.863
650,GOh1052_S132G,GOh1052,S132G,-4.652
651,GOh1052_S132H,GOh1052,S132H,-7.155
652,GOh1052_S132I,GOh1052,S132I,-8.061
653,GOh1052_S132K,GOh1052,S132K,-4.57
655,GOh1052_S132M,GOh1052,S132M,-8.184
657,GOh1052_S132P,GOh1052,S132P,-6.594
659,GOh1052_S132R,GOh1052,S132R,-5.352
660,GOh1052_S132T,GOh1052,S132T,-4.7
662,GOh1052_S132W,GOh1052,S132W,-8.834
663,GOh1052_S132Y,GOh1052,S132Y,-7.287
664,GOh1052_Y136A,GOh1052,Y136A,-6.742
665,GOh1052_Y136C,GOh1052,Y136C,-10.297
666,GOh1052_Y136D,GOh1052,Y136D,-7.297
667,GOh1052_Y136E,GOh1052,Y136E,-6.905
668,GOh1052_Y136F,GOh1052,Y136F,-5.332
669,GOh1052_Y136G,GOh1052,Y136G,-8.242
670,GOh1052_Y136H,GOh1052,Y136H,-6.812
672,GOh1052_Y136K,GOh1052,Y136K,-7.302
673,GOh1052_Y136L,GOh1052,Y136L,-5.406
674,GOh1052_Y136M,GOh1052,Y136M,-7.224
675,GOh1052_Y136N,GOh1052,Y136N,-5.97
677,GOh1052_Y136Q,GOh1052,Y136Q,-5.977
678,GOh1052_Y136R,GOh1052,Y136R,-6.944
679,GOh1052_Y136S,GOh1052,Y136S,-5.916
680,GOh1052_Y136T,GOh1052,Y136T,-4.678
682,GOh1052_Y136W,GOh1052,Y136W,-6.939
683,GOh1052_N138A,GOh1052,N138A,-2.732
685,GOh1052_N138D,GOh1052,N138D,-4.008
686,GOh1052_N138E,GOh1052,N138E,-3.995
687,GOh1052_N138F,GOh1052,N138F,-3.935
688,GOh1052_N138G,GOh1052,N138G,-3.371
689,GOh1052_N138H,GOh1052,N138H,-5.138
690,GOh1052_N138I,GOh1052,N138I,-4.962
691,GOh1052_N138K,GOh1052,N138K,-3.873
692,GOh1052_N138L,GOh1052,N138L,-3.505
694,GOh1052_N138P,GOh1052,N138P,-4.74
695,GOh1052_N138Q,GOh1052,N138Q,-3.383
697,GOh1052_N138S,GOh1052,N138S,-2.313
699,GOh1052_N138V,GOh1052,N138V,-3.85
701,GOh1052_N138Y,GOh1052,N138Y,-2.784
702,GOh1052_E140A,GOh1052,E140A,-1.224
703,GOh1052_E140C,GOh1052,E140C,-7.263
705,GOh1052_E140F,GOh1052,E140F,-5.038
706,GOh1052_E140G,GOh1052,E140G,-2.73
707,GOh1052_E140H,GOh1052,E140H,-7.004
708,GOh1052_E140I,GOh1052,E140I,-4.581
709,GOh1052_E140K,GOh1052,E140K,-4.087
710,GOh1052_E140L,GOh1052,E140L,-4.046
711,GOh1052_E140M,GOh1052,E140M,-5.771
712,GOh1052_E140N,GOh1052,E140N,-2.836
713,GOh1052_E140P,GOh1052,E140P,-2.332
714,GOh1052_E140Q,GOh1052,E140Q,-3.156
715,GOh1052_E140R,GOh1052,E140R,-4.656
716,GOh1052_E140S,GOh1052,E140S,-1.72
717,GOh1052_E140T,GOh1052,E140T,-1.378
718,GOh1052_E140V,GOh1052,E140V,-3.437
719,GOh1052_E140W,GOh1052,E140W,-6.627
720,GOh1052_E140Y,GOh1052,E140Y,-5.003
721,GOh1052_R142A,GOh1052,R142A,-4.107
723,GOh1052_R142D,GOh1052,R142D,-8.156
724,GOh1052_R142E,GOh1052,R142E,-5.596
725,GOh1052_R142F,GOh1052,R142F,-8.129
726,GOh1052_R142G,GOh1052,R142G,-6.68
727,GOh1052_R142H,GOh1052,R142H,-6.868
729,GOh1052_R142K,GOh1052,R142K,-2.559
730,GOh1052_R142L,GOh1052,R142L,-6.532
732,GOh1052_R142N,GOh1052,R142N,-6.034
733,GOh1052_R142P,GOh1052,R142P,-8.773
734,GOh1052_R142Q,GOh1052,R142Q,-3.079
735,GOh1052_R142S,GOh1052,R142S,-4.253
738,GOh1052_R142W,GOh1052,R142W,-10.742
739,GOh1052_R142Y,GOh1052,R142Y,-7.556
740,GOh1052_P143A,GOh1052,P143A,-2.853
741,GOh1052_P143C,GOh1052,P143C,-10.435
742,GOh1052_P143D,GOh1052,P143D,-3.571
743,GOh1052_P143E,GOh1052,P143E,-4.306
744,GOh1052_P143F,GOh1052,P143F,-7.57
745,GOh1052_P143G,GOh1052,P143G,-4.136
746,GOh1052_P143H,GOh1052,P143H,-7.577
748,GOh1052_P143K,GOh1052,P143K,-4.453
752,GOh1052_P143Q,GOh1052,P143Q,-2.194
753,GOh1052_P143R,GOh1052,P143R,-5.15
754,GOh1052_P143S,GOh1052,P143S,-0.714
755,GOh1052_P143T,GOh1052,P143T,-2.05
758,GOh1052_P143Y,GOh1052,P143Y,-6.575
759,GOh1052_V150A,GOh1052,V150A,-7.141
760,GOh1052_V150C,GOh1052,V150C,-12.395
761,GOh1052_V150D,GOh1052,V150D,-8.934
762,GOh1052_V150E,GOh1052,V150E,-7.895
763,GOh1052_V150F,GOh1052,V150F,-9.27
764,GOh1052_V150G,GOh1052,V150G,-10.98
765,GOh1052_V150H,GOh1052,V150H,-8.32
766,GOh1052_V150I,GOh1052,V150I,-6.444
768,GOh1052_V150L,GOh1052,V150L,-6.975
769,GOh1052_V150M,GOh1052,V150M,-8.627
770,GOh1052_V150N,GOh1052,V150N,-7.181
771,GOh1052_V150P,GOh1052,V150P,-14.547
772,GOh1052_V150Q,GOh1052,V150Q,-6.026
773,GOh1052_V150R,GOh1052,V150R,-6.352
774,GOh1052_V150S,GOh1052,V150S,-7.189
775,GOh1052_V150T,GOh1052,V150T,-5.979
776,GOh1052_V150W,GOh1052,V150W,-10.844
778,GOh1052_V152A,GOh1052,V152A,-6.166
779,GOh1052_V152C,GOh1052,V152C,-12.284
780,GOh1052_V152D,GOh1052,V152D,-6.525
781,GOh1052_V152E,GOh1052,V152E,-5.347
782,GOh1052_V152F,GOh1052,V152F,-5.354
784,GOh1052_V152H,GOh1052,V152H,-6.047
785,GOh1052_V152I,GOh1052,V152I,-3.391
787,GOh1052_V152L,GOh1052,V152L,-1.431
788,GOh1052_V152M,GOh1052,V152M,-4.992
792,GOh1052_V152R,GOh1052,V152R,-5.515
794,GOh1052_V152T,GOh1052,V152T,-4.883
796,GOh1052_V152Y,GOh1052,V152Y,-4.488
817,GOh1052_N156C,GOh1052,N156C,-12.456
818,GOh1052_N156D,GOh1052,N156D,-7.358
822,GOh1052_N156H,GOh1052,N156H,-8.643
824,GOh1052_N156K,GOh1052,N156K,-8.735
825,GOh1052_N156L,GOh1052,N156L,-8.762
827,GOh1052_N156P,GOh1052,N156P,-11.921
829,GOh1052_N156R,GOh1052,N156R,-8.758
830,GOh1052_N156S,GOh1052,N156S,-6.682
831,GOh1052_N156T,GOh1052,N156T,-8.551
832,GOh1052_N156V,GOh1052,N156V,-10.116
833,GOh1052_N156W,GOh1052,N156W,-10.305
834,GOh1052_N156Y,GOh1052,N156Y,-7.851
836,GOh1052_G157C,GOh1052,G157C,-11.851
837,GOh1052_G157D,GOh1052,G157D,-6.258
838,GOh1052_G157E,GOh1052,G157E,-8.553
839,GOh1052_G157F,GOh1052,G157F,-9.098
840,GOh1052_G157H,GOh1052,G157H,-8.397
841,GOh1052_G157I,GOh1052,G157I,-11.478
842,GOh1052_G157K,GOh1052,G157K,-8.386
843,GOh1052_G157L,GOh1052,G157L,-8.792
844,GOh1052_G157M,GOh1052,G157M,-10.17
845,GOh1052_G157N,GOh1052,G157N,-3.67
846,GOh1052_G157P,GOh1052,G157P,-10.105
847,GOh1052_G157Q,GOh1052,G157Q,-7.594
849,GOh1052_G157S,GOh1052,G157S,-5.644
851,GOh1052_G157V,GOh1052,G157V,-10.138
852,GOh1052_G157W,GOh1052,G157W,-9.457
853,GOh1052_G157Y,GOh1052,G157Y,-8.409
854,GOh1052_Q158A,GOh1052,Q158A,-3.857
855,GOh1052_Q158C,GOh1052,Q158C,-8.866
856,GOh1052_Q158D,GOh1052,Q158D,-4.026
857,GOh1052_Q158E,GOh1052,Q158E,-5.787
858,GOh1052_Q158F,GOh1052,Q158F,-6.333
859,GOh1052_Q158G,GOh1052,Q158G,-3.98
860,GOh1052_Q158H,GOh1052,Q158H,-4.648
861,GOh1052_Q158I,GOh1052,Q158I,-6.411
862,GOh1052_Q158K,GOh1052,Q158K,-2.544
863,GOh1052_Q158L,GOh1052,Q158L,-4.281
864,GOh1052_Q158M,GOh1052,Q158M,-6.534
865,GOh1052_Q158N,GOh1052,Q158N,0.49
866,GOh1052_Q158P,GOh1052,Q158P,-8.709
867,GOh1052_Q158R,GOh1052,Q158R,-3.865
868,GOh1052_Q158S,GOh1052,Q158S,-3.242
870,GOh1052_Q158V,GOh1052,Q158V,-5.992
871,GOh1052_Q158W,GOh1052,Q158W,-7.211
872,GOh1052_Q158Y,GOh1052,Q158Y,-5.944
892,GOh1052_N167A,GOh1052,N167A,-6.35
893,GOh1052_N167C,GOh1052,N167C,-14.14
895,GOh1052_N167E,GOh1052,N167E,-4.741
896,GOh1052_N167F,GOh1052,N167F,-10.658
897,GOh1052_N167G,GOh1052,N167G,-5.733
898,GOh1052_N167H,GOh1052,N167H,-8.454
899,GOh1052_N167I,GOh1052,N167I,-10.597
900,GOh1052_N167K,GOh1052,N167K,-6.677
901,GOh1052_N167L,GOh1052,N167L,-9.379
902,GOh1052_N167M,GOh1052,N167M,-10.112
903,GOh1052_N167P,GOh1052,N167P,-13.881
904,GOh1052_N167Q,GOh1052,N167Q,-4.954
905,GOh1052_N167R,GOh1052,N167R,-7.384
906,GOh1052_N167S,GOh1052,N167S,-5.479
909,GOh1052_N167W,GOh1052,N167W,-10.791
911,GOh1052_Q170A,GOh1052,Q170A,-2.219
912,GOh1052_Q170C,GOh1052,Q170C,-9.721
913,GOh1052_Q170D,GOh1052,Q170D,-4.073
914,GOh1052_Q170E,GOh1052,Q170E,-3.96
915,GOh1052_Q170F,GOh1052,Q170F,-7.097
916,GOh1052_Q170G,GOh1052,Q170G,-2.059
917,GOh1052_Q170H,GOh1052,Q170H,-6.676
918,GOh1052_Q170I,GOh1052,Q170I,-6.384
919,GOh1052_Q170K,GOh1052,Q170K,-4.459
920,GOh1052_Q170L,GOh1052,Q170L,-4.786
921,GOh1052_Q170M,GOh1052,Q170M,-6.593
922,GOh1052_Q170N,GOh1052,Q170N,-2.932
923,GOh1052_Q170P,GOh1052,Q170P,-2.959
924,GOh1052_Q170R,GOh1052,Q170R,-4.956
925,GOh1052_Q170S,GOh1052,Q170S,-2.392
927,GOh1052_Q170V,GOh1052,Q170V,-4.84
929,GOh1052_Q170Y,GOh1052,Q170Y,-5.425
930,GOh1052_S172A,GOh1052,S172A,-3.913
931,GOh1052_S172C,GOh1052,S172C,-10.232
932,GOh1052_S172D,GOh1052,S172D,-4.609
935,GOh1052_S172G,GOh1052,S172G,-3.205
936,GOh1052_S172H,GOh1052,S172H,-8.595
937,GOh1052_S172I,GOh1052,S172I,-6.694
938,GOh1052_S172K,GOh1052,S172K,-6.639
939,GOh1052_S172L,GOh1052,S172L,-6.083
940,GOh1052_S172M,GOh1052,S172M,-8.047
941,GOh1052_S172N,GOh1052,S172N,-4.523
943,GOh1052_S172Q,GOh1052,S172Q,-5.018
945,GOh1052_S172T,GOh1052,S172T,-3.851
946,GOh1052_S172V,GOh1052,S172V,-5.34
947,GOh1052_S172W,GOh1052,S172W,-9.607
948,GOh1052_S172Y,GOh1052,S172Y,-7.279
968,GOh1052_Y174A,GOh1052,Y174A,-2.035
969,GOh1052_Y174C,GOh1052,Y174C,-6.634
970,GOh1052_Y174D,GOh1052,Y174D,-3.449
972,GOh1052_Y174F,GOh1052,Y174F,-3.842
973,GOh1052_Y174G,GOh1052,Y174G,-1.191
974,GOh1052_Y174H,GOh1052,Y174H,-5.884
975,GOh1052_Y174I,GOh1052,Y174I,-3.736
976,GOh1052_Y174K,GOh1052,Y174K,-5.021
977,GOh1052_Y174L,GOh1052,Y174L,-3.613
978,GOh1052_Y174M,GOh1052,Y174M,-5.524
979,GOh1052_Y174N,GOh1052,Y174N,-2.625
980,GOh1052_Y174P,GOh1052,Y174P,-2.117
981,GOh1052_Y174Q,GOh1052,Y174Q,-3.066
984,GOh1052_Y174T,GOh1052,Y174T,-1.695
985,GOh1052_Y174V,GOh1052,Y174V,-2.602
986,GOh1052_Y174W,GOh1052,Y174W,-5.975
1005,GOh1052_P177A,GOh1052,P177A,-5.057
1006,GOh1052_P177C,GOh1052,P177C,-11.525
1007,GOh1052_P177D,GOh1052,P177D,-6.51
1011,GOh1052_P177H,GOh1052,P177H,-8.62
1012,GOh1052_P177I,GOh1052,P177I,-7.048
1013,GOh1052_P177K,GOh1052,P177K,-6.833
1014,GOh1052_P177L,GOh1052,P177L,-6.767
1016,GOh1052_P177N,GOh1052,P177N,-6.21
1017,GOh1052_P177Q,GOh1052,P177Q,-6.077
1018,GOh1052_P177R,GOh1052,P177R,-7.661
1019,GOh1052_P177S,GOh1052,P177S,-5.074
1020,GOh1052_P177T,GOh1052,P177T,-5.359
1021,GOh1052_P177V,GOh1052,P177V,-5.973
1022,GOh1052_P177W,GOh1052,P177W,-9.657
1023,GOh1052_P177Y,GOh1052,P177Y,-7.283
1043,GOh1052_P179A,GOh1052,P179A,-3.876
1044,GOh1052_P179C,GOh1052,P179C,-10.813
1045,GOh1052_P179D,GOh1052,P179D,-5.273
1046,GOh1052_P179E,GOh1052,P179E,-5.59
1047,GOh1052_P179F,GOh1052,P179F,-8.079
1048,GOh1052_P179G,GOh1052,P179G,-4.882
1049,GOh1052_P179H,GOh1052,P179H,-8.131
1050,GOh1052_P179I,GOh1052,P179I,-6.836
1051,GOh1052_P179K,GOh1052,P179K,-6.389
1052,GOh1052_P179L,GOh1052,P179L,-6.602
1054,GOh1052_P179N,GOh1052,P179N,-4.854
1055,GOh1052_P179Q,GOh1052,P179Q,-5.569
1057,GOh1052_P179S,GOh1052,P179S,-3.488
1058,GOh1052_P179T,GOh1052,P179T,-3.982
1059,GOh1052_P179V,GOh1052,P179V,-5.537
1060,GOh1052_P179W,GOh1052,P179W,-9.43
1062,GOh1052_G180A,GOh1052,G180A,-3.065
1063,GOh1052_G180C,GOh1052,G180C,-9.736
1064,GOh1052_G180D,GOh1052,G180D,-4.01
1065,GOh1052_G180E,GOh1052,G180E,-3.804
1066,GOh1052_G180F,GOh1052,G180F,-5.046
1067,GOh1052_G180H,GOh1052,G180H,-5.603
1069,GOh1052_G180K,GOh1052,G180K,-5.241
1071,GOh1052_G180M,GOh1052,G180M,-6.018
1072,GOh1052_G180N,GOh1052,G180N,-2.983
1074,GOh1052_G180Q,GOh1052,G180Q,-3.874
1076,GOh1052_G180S,GOh1052,G180S,-1.968
1077,GOh1052_G180T,GOh1052,G180T,-1.297
1078,GOh1052_G180V,GOh1052,G180V,-2.618
1079,GOh1052_G180W,GOh1052,G180W,-6.333
1080,GOh1052_G180Y,GOh1052,G180Y,-3.971
1100,GOh1052_R183A,GOh1052,R183A,-3.147
1101,GOh1052_R183C,GOh1052,R183C,-10.256
1102,GOh1052_R183D,GOh1052,R183D,-6.781
1104,GOh1052_R183F,GOh1052,R183F,-7.796
1107,GOh1052_R183I,GOh1052,R183I,-6.291
1108,GOh1052_R183K,GOh1052,R183K,-2.32
1109,GOh1052_R183L,GOh1052,R183L,-6.07
1111,GOh1052_R183N,GOh1052,R183N,-5.806
1112,GOh1052_R183P,GOh1052,R183P,-10.883
1113,GOh1052_R183Q,GOh1052,R183Q,-2.802
1114,GOh1052_R183S,GOh1052,R183S,-3.2
1117,GOh1052_R183W,GOh1052,R183W,-8.797
1157,GOh1052_D189A,GOh1052,D189A,-3.901
1158,GOh1052_D189C,GOh1052,D189C,-12.553
1160,GOh1052_D189F,GOh1052,D189F,-8.342
1161,GOh1052_D189G,GOh1052,D189G,-4.287
1162,GOh1052_D189H,GOh1052,D189H,-5.587
1164,GOh1052_D189K,GOh1052,D189K,-2.949
1165,GOh1052_D189L,GOh1052,D189L,-7.199
1168,GOh1052_D189P,GOh1052,D189P,-2.548
1169,GOh1052_D189Q,GOh1052,D189Q,-4.172
1170,GOh1052_D189R,GOh1052,D189R,-4.816
1171,GOh1052_D189S,GOh1052,D189S,-2.798
1173,GOh1052_D189V,GOh1052,D189V,-6.917
1174,GOh1052_D189W,GOh1052,D189W,-9.654
1271,GOh1052_A197C,GOh1052,A197C,-10.336
1272,GOh1052_A197D,GOh1052,A197D,-12.287
1273,GOh1052_A197E,GOh1052,A197E,-12.729
1275,GOh1052_A197G,GOh1052,A197G,-5.004
1276,GOh1052_A197H,GOh1052,A197H,-13.232
1278,GOh1052_A197K,GOh1052,A197K,-15.655
1280,GOh1052_A197M,GOh1052,A197M,-9.121
1281,GOh1052_A197N,GOh1052,A197N,-11.706
1282,GOh1052_A197P,GOh1052,A197P,-9.537
1283,GOh1052_A197Q,GOh1052,A197Q,-12.547
1284,GOh1052_A197R,GOh1052,A197R,-15.638
1285,GOh1052_A197S,GOh1052,A197S,-6.488
1288,GOh1052_A197W,GOh1052,A197W,-14.891
1289,GOh1052_A197Y,GOh1052,A197Y,-12.808
1311,GOh1052_I199D,GOh1052,I199D,-12.34
1312,GOh1052_I199E,GOh1052,I199E,-10.54
1313,GOh1052_I199F,GOh1052,I199F,-7.369
1314,GOh1052_I199G,GOh1052,I199G,-10.585
1315,GOh1052_I199H,GOh1052,I199H,-10.857
1316,GOh1052_I199K,GOh1052,I199K,-10.732
1321,GOh1052_I199Q,GOh1052,I199Q,-8.9
1322,GOh1052_I199R,GOh1052,I199R,-9.596
1323,GOh1052_I199S,GOh1052,I199S,-9.004
1324,GOh1052_I199T,GOh1052,I199T,-7.258
1325,GOh1052_I199V,GOh1052,I199V,-3.774
1327,GOh1052_I199Y,GOh1052,I199Y,-9.32
1328,GOh1052_E200A,GOh1052,E200A,-7.128
1329,GOh1052_E200C,GOh1052,E200C,-10.461
1330,GOh1052_E200D,GOh1052,E200D,-2.57
1331,GOh1052_E200F,GOh1052,E200F,-10.117
1332,GOh1052_E200G,GOh1052,E200G,-9.19
1335,GOh1052_E200K,GOh1052,E200K,-9.204
1336,GOh1052_E200L,GOh1052,E200L,-6.479
1338,GOh1052_E200N,GOh1052,E200N,-6.402
1339,GOh1052_E200P,GOh1052,E200P,-10.737
1340,GOh1052_E200Q,GOh1052,E200Q,-3.975
1341,GOh1052_E200R,GOh1052,E200R,-9.482
1342,GOh1052_E200S,GOh1052,E200S,-6.465
1343,GOh1052_E200T,GOh1052,E200T,-8.5
1344,GOh1052_E200V,GOh1052,E200V,-6.632
1345,GOh1052_E200W,GOh1052,E200W,-10.352
1346,GOh1052_E200Y,GOh1052,E200Y,-9.388
1387,GOh1052_S203D,GOh1052,S203D,-8.737
1389,GOh1052_S203F,GOh1052,S203F,-11.661
1390,GOh1052_S203G,GOh1052,S203G,-7.83
1394,GOh1052_S203L,GOh1052,S203L,-10.383
1395,GOh1052_S203M,GOh1052,S203M,-12.345
1396,GOh1052_S203N,GOh1052,S203N,-6.377
1397,GOh1052_S203P,GOh1052,S203P,-11.329
1398,GOh1052_S203Q,GOh1052,S203Q,-10.354
1399,GOh1052_S203R,GOh1052,S203R,-9.082
1400,GOh1052_S203T,GOh1052,S203T,-2.298
1401,GOh1052_S203V,GOh1052,S203V,-11.183
1402,GOh1052_S203W,GOh1052,S203W,-12.774
1403,GOh1052_S203Y,GOh1052,S203Y,-10.73
1423,GOh1052_R205A,GOh1052,R205A,-8.377
1424,GOh1052_R205C,GOh1052,R205C,-12.124
1425,GOh1052_R205D,GOh1052,R205D,-8.635
1426,GOh1052_R205E,GOh1052,R205E,-7.882
1429,GOh1052_R205H,GOh1052,R205H,-6.809
1430,GOh1052_R205I,GOh1052,R205I,-8.572
1431,GOh1052_R205K,GOh1052,R205K,-0.483
1432,GOh1052_R205L,GOh1052,R205L,-7.197
1433,GOh1052_R205M,GOh1052,R205M,-8.561
1436,GOh1052_R205Q,GOh1052,R205Q,-6.154
1438,GOh1052_R205T,GOh1052,R205T,-7.01
1439,GOh1052_R205V,GOh1052,R205V,-8.287
1440,GOh1052_R205W,GOh1052,R205W,-11.446
1480,GOh1052_M208A,GOh1052,M208A,-5.883
1481,GOh1052_M208C,GOh1052,M208C,-10.762
1482,GOh1052_M208D,GOh1052,M208D,-13.062
1484,GOh1052_M208F,GOh1052,M208F,-4.504
1485,GOh1052_M208G,GOh1052,M208G,-10.424
1487,GOh1052_M208I,GOh1052,M208I,-4.34
1488,GOh1052_M208K,GOh1052,M208K,-12.755
1490,GOh1052_M208N,GOh1052,M208N,-10.506
1491,GOh1052_M208P,GOh1052,M208P,-14.461
1492,GOh1052_M208Q,GOh1052,M208Q,-9.495
1493,GOh1052_M208R,GOh1052,M208R,-12.647
1494,GOh1052_M208S,GOh1052,M208S,-7.935
1495,GOh1052_M208T,GOh1052,M208T,-5.864
1496,GOh1052_M208V,GOh1052,M208V,-4.321
1497,GOh1052_M208W,GOh1052,M208W,-8.766
1498,GOh1052_M208Y,GOh1052,M208Y,-6.944
1537,GOh1052_S211A,GOh1052,S211A,-4.66
1538,GOh1052_S211C,GOh1052,S211C,-9.057
1542,GOh1052_S211G,GOh1052,S211G,-8.409
1545,GOh1052_S211K,GOh1052,S211K,-14.945
1546,GOh1052_S211L,GOh1052,S211L,-12.541
1547,GOh1052_S211M,GOh1052,S211M,-12.23
1549,GOh1052_S211P,GOh1052,S211P,-12.51
1550,GOh1052_S211Q,GOh1052,S211Q,-12.947
1551,GOh1052_S211R,GOh1052,S211R,-14.248
1553,GOh1052_S211V,GOh1052,S211V,-10.555
1554,GOh1052_S211W,GOh1052,S211W,-13.719
1555,GOh1052_S211Y,GOh1052,S211Y,-12.766
1556,GOh1052_Y212A,GOh1052,Y212A,-8.72
1557,GOh1052_Y212C,GOh1052,Y212C,-13.986
1559,GOh1052_Y212E,GOh1052,Y212E,-9.764
1561,GOh1052_Y212G,GOh1052,Y212G,-9.507
1562,GOh1052_Y212H,GOh1052,Y212H,-8.588
1564,GOh1052_Y212K,GOh1052,Y212K,-8.94
1567,GOh1052_Y212N,GOh1052,Y212N,-8.12
1570,GOh1052_Y212R,GOh1052,Y212R,-8.57
1572,GOh1052_Y212T,GOh1052,Y212T,-9.48
1575,GOh1052_R213A,GOh1052,R213A,-3.161
1576,GOh1052_R213C,GOh1052,R213C,-10.717
1577,GOh1052_R213D,GOh1052,R213D,-6.055
1578,GOh1052_R213E,GOh1052,R213E,-6.016
1579,GOh1052_R213F,GOh1052,R213F,-4.08
1580,GOh1052_R213G,GOh1052,R213G,-4.422
1581,GOh1052_R213H,GOh1052,R213H,-5.127
1583,GOh1052_R213K,GOh1052,R213K,-2.974
1584,GOh1052_R213L,GOh1052,R213L,-5.202
1586,GOh1052_R213N,GOh1052,R213N,-4.693
1587,GOh1052_R213P,GOh1052,R213P,-6.992
1588,GOh1052_R213Q,GOh1052,R213Q,-4.56
1589,GOh1052_R213S,GOh1052,R213S,-4.174
1590,GOh1052_R213T,GOh1052,R213T,-4.732
1591,GOh1052_R213V,GOh1052,R213V,-6.058
1592,GOh1052_R213W,GOh1052,R213W,-5.296
1593,GOh1052_R213Y,GOh1052,R213Y,-3.273
1597,GOh1052_N214E,GOh1052,N214E,-5.427
1598,GOh1052_N214F,GOh1052,N214F,-7.1
1601,GOh1052_N214I,GOh1052,N214I,-5.608
1602,GOh1052_N214K,GOh1052,N214K,-4.31
1606,GOh1052_N214Q,GOh1052,N214Q,-5.131
1607,GOh1052_N214R,GOh1052,N214R,-5.091
1608,GOh1052_N214S,GOh1052,N214S,-3.943
1609,GOh1052_N214T,GOh1052,N214T,-3.938
1611,GOh1052_N214W,GOh1052,N214W,-7.702
1612,GOh1052_N214Y,GOh1052,N214Y,-5.866
1633,GOh1052_A216D,GOh1052,A216D,-4.334
1634,GOh1052_A216E,GOh1052,A216E,-4.178
1636,GOh1052_A216G,GOh1052,A216G,-4.78
1637,GOh1052_A216H,GOh1052,A216H,-5.67
1638,GOh1052_A216I,GOh1052,A216I,-4.425
1640,GOh1052_A216L,GOh1052,A216L,-4.755
1641,GOh1052_A216M,GOh1052,A216M,-6.233
1642,GOh1052_A216N,GOh1052,A216N,-4.071
1643,GOh1052_A216P,GOh1052,A216P,-4.638
1644,GOh1052_A216Q,GOh1052,A216Q,-3.983
1645,GOh1052_A216R,GOh1052,A216R,-4.558
1647,GOh1052_A216T,GOh1052,A216T,-2.885
1648,GOh1052_A216V,GOh1052,A216V,-3.621
1649,GOh1052_A216W,GOh1052,A216W,-6.885
1650,GOh1052_A216Y,GOh1052,A216Y,-5.969
1689,GOh1052_S220A,GOh1052,S220A,-3.943
1690,GOh1052_S220C,GOh1052,S220C,-10.882
1691,GOh1052_S220D,GOh1052,S220D,-3.478
1692,GOh1052_S220E,GOh1052,S220E,-4.7
1693,GOh1052_S220F,GOh1052,S220F,-5.998
1694,GOh1052_S220G,GOh1052,S220G,-2.987
1695,GOh1052_S220H,GOh1052,S220H,-6.007
1696,GOh1052_S220I,GOh1052,S220I,-5.812
1697,GOh1052_S220K,GOh1052,S220K,-4.789
1698,GOh1052_S220L,GOh1052,S220L,-5.176
1699,GOh1052_S220M,GOh1052,S220M,-6.803
1700,GOh1052_S220N,GOh1052,S220N,-3.707
1702,GOh1052_S220Q,GOh1052,S220Q,-4.889
1707,GOh1052_S220Y,GOh1052,S220Y,-5.854
1727,GOh1052_G222A,GOh1052,G222A,-5.71
1728,GOh1052_G222C,GOh1052,G222C,-12.592
1729,GOh1052_G222D,GOh1052,G222D,-5.542
1730,GOh1052_G222E,GOh1052,G222E,-6.517
1731,GOh1052_G222F,GOh1052,G222F,-7.718
1732,GOh1052_G222H,GOh1052,G222H,-7.607
1733,GOh1052_G222I,GOh1052,G222I,-8.675
1734,GOh1052_G222K,GOh1052,G222K,-6.65
1735,GOh1052_G222L,GOh1052,G222L,-7.501
1736,GOh1052_G222M,GOh1052,G222M,-9.298
1737,GOh1052_G222N,GOh1052,G222N,-5.541
1739,GOh1052_G222Q,GOh1052,G222Q,-6.955
1741,GOh1052_G222S,GOh1052,G222S,-5.947
1743,GOh1052_G222V,GOh1052,G222V,-7.504
1745,GOh1052_G222Y,GOh1052,G222Y,-7.278
1765,GOh1052_I224A,GOh1052,I224A,-2.558
1766,GOh1052_I224C,GOh1052,I224C,-8.358
1767,GOh1052_I224D,GOh1052,I224D,-4.098
1770,GOh1052_I224G,GOh1052,I224G,-3.978
1772,GOh1052_I224K,GOh1052,I224K,-0.57
1773,GOh1052_I224L,GOh1052,I224L,-0.92
1775,GOh1052_I224N,GOh1052,I224N,-3.13
1776,GOh1052_I224P,GOh1052,I224P,-5.477
1777,GOh1052_I224Q,GOh1052,I224Q,-0.654
1779,GOh1052_I224S,GOh1052,I224S,-2.843
1783,GOh1052_I224Y,GOh1052,I224Y,-1.174
1804,GOh1052_L226C,GOh1052,L226C,-12.19
1807,GOh1052_L226F,GOh1052,L226F,-6.14
1810,GOh1052_L226I,GOh1052,L226I,-4.869
1811,GOh1052_L226K,GOh1052,L226K,-5.742
1816,GOh1052_L226R,GOh1052,L226R,-5.699
1818,GOh1052_L226T,GOh1052,L226T,-6.602
1819,GOh1052_L226V,GOh1052,L226V,-5.178
1820,GOh1052_L226W,GOh1052,L226W,-7.304
1821,GOh1052_L226Y,GOh1052,L226Y,-5.725
1841,GOh1052_S228A,GOh1052,S228A,-3.908
1843,GOh1052_S228D,GOh1052,S228D,-9.074
1844,GOh1052_S228E,GOh1052,S228E,-10.197
1845,GOh1052_S228F,GOh1052,S228F,-10.879
1846,GOh1052_S228G,GOh1052,S228G,-7.341
1847,GOh1052_S228H,GOh1052,S228H,-10.048
1848,GOh1052_S228I,GOh1052,S228I,-10.055
1849,GOh1052_S228K,GOh1052,S228K,-8.841
1850,GOh1052_S228L,GOh1052,S228L,-10.142
1851,GOh1052_S228M,GOh1052,S228M,-9.385
1853,GOh1052_S228P,GOh1052,S228P,-11.965
1854,GOh1052_S228Q,GOh1052,S228Q,-8.771
1855,GOh1052_S228R,GOh1052,S228R,-7.426
1856,GOh1052_S228T,GOh1052,S228T,-2.476
1857,GOh1052_S228V,GOh1052,S228V,-7.235
1858,GOh1052_S228W,GOh1052,S228W,-12.043
1861,GOh1052_S229C,GOh1052,S229C,-11.139
1862,GOh1052_S229D,GOh1052,S229D,-6.816
1863,GOh1052_S229E,GOh1052,S229E,-5.363
1864,GOh1052_S229F,GOh1052,S229F,-4.153
1865,GOh1052_S229G,GOh1052,S229G,-7.565
1866,GOh1052_S229H,GOh1052,S229H,-7.179
1867,GOh1052_S229I,GOh1052,S229I,-2.358
1868,GOh1052_S229K,GOh1052,S229K,-6.905
1870,GOh1052_S229M,GOh1052,S229M,-4.279
1871,GOh1052_S229N,GOh1052,S229N,-6.07
1872,GOh1052_S229P,GOh1052,S229P,-11.359
1874,GOh1052_S229R,GOh1052,S229R,-5.544
1875,GOh1052_S229T,GOh1052,S229T,-3.302
1876,GOh1052_S229V,GOh1052,S229V,-2.71
1878,GOh1052_S229Y,GOh1052,S229Y,-5.594
1917,GOh1052_P232A,GOh1052,P232A,-7.797
1918,GOh1052_P232C,GOh1052,P232C,-12.723
1919,GOh1052_P232D,GOh1052,P232D,-13.069
1921,GOh1052_P232F,GOh1052,P232F,-8.681
1922,GOh1052_P232G,GOh1052,P232G,-10.932
1923,GOh1052_P232H,GOh1052,P232H,-11.661
1924,GOh1052_P232I,GOh1052,P232I,-7.659
1925,GOh1052_P232K,GOh1052,P232K,-11.097
1926,GOh1052_P232L,GOh1052,P232L,-7.453
1927,GOh1052_P232M,GOh1052,P232M,-9.254
1928,GOh1052_P232N,GOh1052,P232N,-11.912
1930,GOh1052_P232R,GOh1052,P232R,-10.756
1931,GOh1052_P232S,GOh1052,P232S,-8.573
1932,GOh1052_P232T,GOh1052,P232T,-8.179
1934,GOh1052_P232W,GOh1052,P232W,-10.863
1935,GOh1052_P232Y,GOh1052,P232Y,-9.361
1936,GOh1052_S233A,GOh1052,S233A,-2.813
1937,GOh1052_S233C,GOh1052,S233C,-9.781
1941,GOh1052_S233G,GOh1052,S233G,-5.603
1942,GOh1052_S233H,GOh1052,S233H,-6.96
1943,GOh1052_S233I,GOh1052,S233I,-4.878
1944,GOh1052_S233K,GOh1052,S233K,-2.549
1945,GOh1052_S233L,GOh1052,S233L,-4.75
1946,GOh1052_S233M,GOh1052,S233M,-6.571
1947,GOh1052_S233N,GOh1052,S233N,-3.748
1949,GOh1052_S233Q,GOh1052,S233Q,-4.774
1950,GOh1052_S233R,GOh1052,S233R,-3.372
1951,GOh1052_S233T,GOh1052,S233T,-3.988
1952,GOh1052_S233V,GOh1052,S233V,-3.592
1953,GOh1052_S233W,GOh1052,S233W,-6.91
1954,GOh1052_S233Y,GOh1052,S233Y,-5.338
1993,GOh1052_I236A,GOh1052,I236A,-2.301
1994,GOh1052_I236C,GOh1052,I236C,-10.827
1995,GOh1052_I236D,GOh1052,I236D,-4.794
1997,GOh1052_I236F,GOh1052,I236F,-6.82
1999,GOh1052_I236H,GOh1052,I236H,-6.41
2000,GOh1052_I236K,GOh1052,I236K,-2.095
2001,GOh1052_I236L,GOh1052,I236L,-4.25
2002,GOh1052_I236M,GOh1052,I236M,-5.604
2004,GOh1052_I236P,GOh1052,I236P,-9.863
2005,GOh1052_I236Q,GOh1052,I236Q,-2.807
2006,GOh1052_I236R,GOh1052,I236R,-4.173
2009,GOh1052_I236V,GOh1052,I236V,-2.084
2011,GOh1052_I236Y,GOh1052,I236Y,-6.545
2031,GOh1052_S238A,GOh1052,S238A,-5.499
2032,GOh1052_S238C,GOh1052,S238C,-11.782
2033,GOh1052_S238D,GOh1052,S238D,-6.845
2034,GOh1052_S238E,GOh1052,S238E,-5.957
2035,GOh1052_S238F,GOh1052,S238F,-9.231
2037,GOh1052_S238H,GOh1052,S238H,-7.705
2038,GOh1052_S238I,GOh1052,S238I,-7.636
2039,GOh1052_S238K,GOh1052,S238K,-4.769
2040,GOh1052_S238L,GOh1052,S238L,-7.784
2041,GOh1052_S238M,GOh1052,S238M,-9.064
2042,GOh1052_S238N,GOh1052,S238N,-5.938
2043,GOh1052_S238P,GOh1052,S238P,-10.978
2044,GOh1052_S238Q,GOh1052,S238Q,-5.229
2045,GOh1052_S238R,GOh1052,S238R,-5.983
2050,GOh1052_D239A,GOh1052,D239A,-3.735
2051,GOh1052_D239C,GOh1052,D239C,-11.619
2052,GOh1052_D239E,GOh1052,D239E,-1.422
2053,GOh1052_D239F,GOh1052,D239F,-8.644
2054,GOh1052_D239G,GOh1052,D239G,-5.182
2055,GOh1052_D239H,GOh1052,D239H,-6.53
2057,GOh1052_D239K,GOh1052,D239K,-3.978
2060,GOh1052_D239N,GOh1052,D239N,-3.718
2061,GOh1052_D239P,GOh1052,D239P,-3.908
2062,GOh1052_D239Q,GOh1052,D239Q,-1.092
2065,GOh1052_D239T,GOh1052,D239T,-3.85
2066,GOh1052_D239V,GOh1052,D239V,-6.611
2068,GOh1052_D239Y,GOh1052,D239Y,-7.046
2088,GOh1052_T241A,GOh1052,T241A,-3.78
2089,GOh1052_T241C,GOh1052,T241C,-11.75
2090,GOh1052_T241D,GOh1052,T241D,-4.934
2092,GOh1052_T241F,GOh1052,T241F,-6.006
2093,GOh1052_T241G,GOh1052,T241G,-6.306
2095,GOh1052_T241I,GOh1052,T241I,-4.203
2096,GOh1052_T241K,GOh1052,T241K,-3.199
2097,GOh1052_T241L,GOh1052,T241L,-3.607
2098,GOh1052_T241M,GOh1052,T241M,-5.323
2099,GOh1052_T241N,GOh1052,T241N,-3.5
2100,GOh1052_T241P,GOh1052,T241P,-4.206
2101,GOh1052_T241Q,GOh1052,T241Q,-3.238
2102,GOh1052_T241R,GOh1052,T241R,-3.622
2104,GOh1052_T241V,GOh1052,T241V,-3.453
2105,GOh1052_T241W,GOh1052,T241W,-7.837
2126,GOh1052_T243A,GOh1052,T243A,-4.193
2127,GOh1052_T243C,GOh1052,T243C,-12.462
2128,GOh1052_T243D,GOh1052,T243D,-7.767
2129,GOh1052_T243E,GOh1052,T243E,-8.478
2131,GOh1052_T243G,GOh1052,T243G,-7.408
2132,GOh1052_T243H,GOh1052,T243H,-9.442
2133,GOh1052_T243I,GOh1052,T243I,-8.725
2135,GOh1052_T243L,GOh1052,T243L,-8.241
2137,GOh1052_T243N,GOh1052,T243N,-5.832
2139,GOh1052_T243Q,GOh1052,T243Q,-7.868
2140,GOh1052_T243R,GOh1052,T243R,-7.948
2141,GOh1052_T243S,GOh1052,T243S,-2.759
2143,GOh1052_T243W,GOh1052,T243W,-11.959
2144,GOh1052_T243Y,GOh1052,T243Y,-10.196
2146,GOh1052_V244C,GOh1052,V244C,-9.91
2147,GOh1052_V244D,GOh1052,V244D,-2.108
2148,GOh1052_V244E,GOh1052,V244E,-1.51
2149,GOh1052_V244F,GOh1052,V244F,-5.237
2150,GOh1052_V244G,GOh1052,V244G,-3.276
2152,GOh1052_V244I,GOh1052,V244I,-4.898
2153,GOh1052_V244K,GOh1052,V244K,-2.252
2154,GOh1052_V244L,GOh1052,V244L,-4.01
2155,GOh1052_V244M,GOh1052,V244M,-5.253
2157,GOh1052_V244P,GOh1052,V244P,-5.917
2159,GOh1052_V244R,GOh1052,V244R,-3.444
2160,GOh1052_V244S,GOh1052,V244S,-2.036
2161,GOh1052_V244T,GOh1052,V244T,-2.299
2162,GOh1052_V244W,GOh1052,V244W,-6.806
2163,GOh1052_V244Y,GOh1052,V244Y,-4.335
2183,GOh1052_K246A,GOh1052,K246A,-6.245
2184,GOh1052_K246C,GOh1052,K246C,-12.215
2185,GOh1052_K246D,GOh1052,K246D,-5.923
2186,GOh1052_K246E,GOh1052,K246E,-5.937
2187,GOh1052_K246F,GOh1052,K246F,-8.13
2188,GOh1052_K246G,GOh1052,K246G,-3.166
2189,GOh1052_K246H,GOh1052,K246H,-5.176
2190,GOh1052_K246I,GOh1052,K246I,-9.605
2191,GOh1052_K246L,GOh1052,K246L,-6.774
2192,GOh1052_K246M,GOh1052,K246M,-7.766
2193,GOh1052_K246N,GOh1052,K246N,-3.721
2194,GOh1052_K246P,GOh1052,K246P,-8.269
2195,GOh1052_K246Q,GOh1052,K246Q,-4.568
2200,GOh1052_K246W,GOh1052,K246W,-9.988
2373,GOh1052_M256A,GOh1052,M256A,-6.782
2375,GOh1052_M256D,GOh1052,M256D,-9.488
2376,GOh1052_M256E,GOh1052,M256E,-8.864
2377,GOh1052_M256F,GOh1052,M256F,-8.607
2378,GOh1052_M256G,GOh1052,M256G,-8.784
2380,GOh1052_M256I,GOh1052,M256I,-5.138
2381,GOh1052_M256K,GOh1052,M256K,-8.117
2382,GOh1052_M256L,GOh1052,M256L,-5.451
2384,GOh1052_M256P,GOh1052,M256P,-9.919
2385,GOh1052_M256Q,GOh1052,M256Q,-5.974
2386,GOh1052_M256R,GOh1052,M256R,-8.411
2387,GOh1052_M256S,GOh1052,M256S,-6.332
2388,GOh1052_M256T,GOh1052,M256T,-4.73
2389,GOh1052_M256V,GOh1052,M256V,-5.805
2390,GOh1052_M256W,GOh1052,M256W,-11.157
2391,GOh1052_M256Y,GOh1052,M256Y,-10.102
2392,GOh1052_D257A,GOh1052,D257A,-6.941
2393,GOh1052_D257C,GOh1052,D257C,-11.463
2394,GOh1052_D257E,GOh1052,D257E,-7.95
2395,GOh1052_D257F,GOh1052,D257F,-9.972
2399,GOh1052_D257K,GOh1052,D257K,-10.25
2400,GOh1052_D257L,GOh1052,D257L,-5.66
2401,GOh1052_D257M,GOh1052,D257M,-7.525
2402,GOh1052_D257N,GOh1052,D257N,-3.953
2404,GOh1052_D257Q,GOh1052,D257Q,-8.232
2405,GOh1052_D257R,GOh1052,D257R,-9.512
2406,GOh1052_D257S,GOh1052,D257S,-7.095
2408,GOh1052_D257V,GOh1052,D257V,-8.69
2409,GOh1052_D257W,GOh1052,D257W,-12.596
2410,GOh1052_D257Y,GOh1052,D257Y,-9.313
2411,GOh1052_G258A,GOh1052,G258A,-2.81
2413,GOh1052_G258D,GOh1052,G258D,-5.378
2414,GOh1052_G258E,GOh1052,G258E,-4.364
2415,GOh1052_G258F,GOh1052,G258F,-3.878
2416,GOh1052_G258H,GOh1052,G258H,-3.687
2417,GOh1052_G258I,GOh1052,G258I,-7.418
2418,GOh1052_G258K,GOh1052,G258K,-4.815
2419,GOh1052_G258L,GOh1052,G258L,-6.07
2420,GOh1052_G258M,GOh1052,G258M,-7.182
2421,GOh1052_G258N,GOh1052,G258N,-4.805
2423,GOh1052_G258Q,GOh1052,G258Q,-4.475
2424,GOh1052_G258R,GOh1052,G258R,-4.803
2425,GOh1052_G258S,GOh1052,G258S,-3.594
2426,GOh1052_G258T,GOh1052,G258T,-5.116
2429,GOh1052_G258Y,GOh1052,G258Y,-2.935
2431,GOh1052_N259C,GOh1052,N259C,-11.978
2434,GOh1052_N259F,GOh1052,N259F,-8.31
2438,GOh1052_N259K,GOh1052,N259K,-5.502
2440,GOh1052_N259M,GOh1052,N259M,-8.066
2441,GOh1052_N259P,GOh1052,N259P,-9.332
2442,GOh1052_N259Q,GOh1052,N259Q,-5.4
2443,GOh1052_N259R,GOh1052,N259R,-6.54
2444,GOh1052_N259S,GOh1052,N259S,-3.808
2446,GOh1052_N259V,GOh1052,N259V,-7.944
2469,GOh1052_Q261C,GOh1052,Q261C,-10.317
2471,GOh1052_Q261E,GOh1052,Q261E,-5.108
2473,GOh1052_Q261G,GOh1052,Q261G,-7.029
2474,GOh1052_Q261H,GOh1052,Q261H,-5.564
2478,GOh1052_Q261M,GOh1052,Q261M,-5.97
2479,GOh1052_Q261N,GOh1052,Q261N,-1.396
2480,GOh1052_Q261P,GOh1052,Q261P,-11.825
2482,GOh1052_Q261S,GOh1052,Q261S,-4.571
2483,GOh1052_Q261T,GOh1052,Q261T,-3.49
2484,GOh1052_Q261V,GOh1052,Q261V,-6.272
2485,GOh1052_Q261W,GOh1052,Q261W,-7.898
2486,GOh1052_Q261Y,GOh1052,Q261Y,-6.043
2488,GOh1052_I262C,GOh1052,I262C,-12.81
2489,GOh1052_I262D,GOh1052,I262D,-14.892
2490,GOh1052_I262E,GOh1052,I262E,-13.631
2491,GOh1052_I262F,GOh1052,I262F,-8.474
2492,GOh1052_I262G,GOh1052,I262G,-12.883
2493,GOh1052_I262H,GOh1052,I262H,-13.723
2495,GOh1052_I262L,GOh1052,I262L,-5.307
2497,GOh1052_I262N,GOh1052,I262N,-12.91
2498,GOh1052_I262P,GOh1052,I262P,-10.112
2499,GOh1052_I262Q,GOh1052,I262Q,-11.906
2501,GOh1052_I262S,GOh1052,I262S,-11.381
2502,GOh1052_I262T,GOh1052,I262T,-8.971
2503,GOh1052_I262V,GOh1052,I262V,-3.707
2504,GOh1052_I262W,GOh1052,I262W,-11.47
2505,GOh1052_I262Y,GOh1052,I262Y,-10.585
2506,GOh1052_V263A,GOh1052,V263A,-10.13
2508,GOh1052_V263D,GOh1052,V263D,-16.217
2510,GOh1052_V263F,GOh1052,V263F,-7.909
2511,GOh1052_V263G,GOh1052,V263G,-14.581
2512,GOh1052_V263H,GOh1052,V263H,-13.566
2513,GOh1052_V263I,GOh1052,V263I,-5.521
2514,GOh1052_V263K,GOh1052,V263K,-14.67
2515,GOh1052_V263L,GOh1052,V263L,-6.763
2516,GOh1052_V263M,GOh1052,V263M,-7.919
2517,GOh1052_V263N,GOh1052,V263N,-13.485
2518,GOh1052_V263P,GOh1052,V263P,-14.681
2519,GOh1052_V263Q,GOh1052,V263Q,-12.966
2520,GOh1052_V263R,GOh1052,V263R,-14.767
2521,GOh1052_V263S,GOh1052,V263S,-13.162
2523,GOh1052_V263W,GOh1052,V263W,-13.033
2524,GOh1052_V263Y,GOh1052,V263Y,-11.386
2602,GOh1052_W268C,GOh1052,W268C,-2.922
2603,GOh1052_W268D,GOh1052,W268D,2.35
2604,GOh1052_W268E,GOh1052,W268E,-0.858
2606,GOh1052_W268G,GOh1052,W268G,0.876
2607,GOh1052_W268H,GOh1052,W268H,-0.715
2608,GOh1052_W268I,GOh1052,W268I,-1.513
2609,GOh1052_W268K,GOh1052,W268K,-1.329
2610,GOh1052_W268L,GOh1052,W268L,-0.785
2611,GOh1052_W268M,GOh1052,W268M,-1.994
2613,GOh1052_W268P,GOh1052,W268P,-1.026
2614,GOh1052_W268Q,GOh1052,W268Q,-0.476
2615,GOh1052_W268R,GOh1052,W268R,-1.873
2617,GOh1052_W268T,GOh1052,W268T,2.236
2618,GOh1052_W268V,GOh1052,W268V,-1.094
2619,GOh1052_W268Y,GOh1052,W268Y,-0.914
2620,GOh1052_D269A,GOh1052,D269A,-6.735
2621,GOh1052_D269C,GOh1052,D269C,-12.711
2623,GOh1052_D269F,GOh1052,D269F,-8.776
2624,GOh1052_D269G,GOh1052,D269G,-5.998
2625,GOh1052_D269H,GOh1052,D269H,-8.489
2627,GOh1052_D269K,GOh1052,D269K,-8.637
2628,GOh1052_D269L,GOh1052,D269L,-7.784
2630,GOh1052_D269N,GOh1052,D269N,-3.283
2631,GOh1052_D269P,GOh1052,D269P,-9.898
2633,GOh1052_D269R,GOh1052,D269R,-9.292
2634,GOh1052_D269S,GOh1052,D269S,-3.635
2635,GOh1052_D269T,GOh1052,D269T,-6.118
2636,GOh1052_D269V,GOh1052,D269V,-9.109
2637,GOh1052_D269W,GOh1052,D269W,-9.174
2638,GOh1052_D269Y,GOh1052,D269Y,-8.225
2658,GOh1052_K271A,GOh1052,K271A,-2.802
2659,GOh1052_K271C,GOh1052,K271C,-12.157
2660,GOh1052_K271D,GOh1052,K271D,-5.201
2661,GOh1052_K271E,GOh1052,K271E,-3.783
2662,GOh1052_K271F,GOh1052,K271F,-8.156
2663,GOh1052_K271G,GOh1052,K271G,-6.086
2664,GOh1052_K271H,GOh1052,K271H,-6.511
2665,GOh1052_K271I,GOh1052,K271I,-7.089
2667,GOh1052_K271M,GOh1052,K271M,-7.183
2669,GOh1052_K271P,GOh1052,K271P,-4.68
2670,GOh1052_K271Q,GOh1052,K271Q,-3.497
2671,GOh1052_K271R,GOh1052,K271R,-5.133
2672,GOh1052_K271S,GOh1052,K271S,-4.402
2673,GOh1052_K271T,GOh1052,K271T,-4.57
2674,GOh1052_K271V,GOh1052,K271V,-5.382
2675,GOh1052_K271W,GOh1052,K271W,-8.772
2676,GOh1052_K271Y,GOh1052,K271Y,-7.84
2677,GOh1052_K272A,GOh1052,K272A,-7.187
2679,GOh1052_K272D,GOh1052,K272D,-10.511
2681,GOh1052_K272F,GOh1052,K272F,-10.207
2684,GOh1052_K272I,GOh1052,K272I,-8.176
2685,GOh1052_K272L,GOh1052,K272L,-8.36
2686,GOh1052_K272M,GOh1052,K272M,-9.17
2687,GOh1052_K272N,GOh1052,K272N,-8.344
2689,GOh1052_K272Q,GOh1052,K272Q,-7.492
2691,GOh1052_K272S,GOh1052,K272S,-8.88
2692,GOh1052_K272T,GOh1052,K272T,-7.988
2693,GOh1052_K272V,GOh1052,K272V,-7.201
2694,GOh1052_K272W,GOh1052,K272W,-10.701
2695,GOh1052_K272Y,GOh1052,K272Y,-9.681
2811,GOh1052_S279C,GOh1052,S279C,-11.037
2812,GOh1052_S279D,GOh1052,S279D,-6.042
2813,GOh1052_S279E,GOh1052,S279E,-6.513
2815,GOh1052_S279G,GOh1052,S279G,-4.302
2816,GOh1052_S279H,GOh1052,S279H,-6.902
2818,GOh1052_S279K,GOh1052,S279K,-3.264
2819,GOh1052_S279L,GOh1052,S279L,-5.382
2821,GOh1052_S279N,GOh1052,S279N,-4.223
2822,GOh1052_S279P,GOh1052,S279P,-7.759
2823,GOh1052_S279Q,GOh1052,S279Q,-5.238
2828,GOh1052_S279Y,GOh1052,S279Y,-5.274
2829,GOh1052_S280A,GOh1052,S280A,-4.198
2831,GOh1052_S280D,GOh1052,S280D,-7.15
2833,GOh1052_S280F,GOh1052,S280F,-8.281
2834,GOh1052_S280G,GOh1052,S280G,-5.773
2835,GOh1052_S280H,GOh1052,S280H,-8.035
2836,GOh1052_S280I,GOh1052,S280I,-5.777
2837,GOh1052_S280K,GOh1052,S280K,-3.597
2838,GOh1052_S280L,GOh1052,S280L,-5.098
2839,GOh1052_S280M,GOh1052,S280M,-8.112
2840,GOh1052_S280N,GOh1052,S280N,-4.049
2843,GOh1052_S280R,GOh1052,S280R,-4.695
2844,GOh1052_S280T,GOh1052,S280T,-3.148
2845,GOh1052_S280V,GOh1052,S280V,-6.014
2846,GOh1052_S280W,GOh1052,S280W,-10.288
2847,GOh1052_S280Y,GOh1052,S280Y,-8.715
2848,GOh1052_D281A,GOh1052,D281A,-6.816
2849,GOh1052_D281C,GOh1052,D281C,-13.856
2850,GOh1052_D281E,GOh1052,D281E,-6.719
2852,GOh1052_D281G,GOh1052,D281G,-4.553
2853,GOh1052_D281H,GOh1052,D281H,-7.319
2854,GOh1052_D281I,GOh1052,D281I,-10.167
2855,GOh1052_D281K,GOh1052,D281K,-5.613
2856,GOh1052_D281L,GOh1052,D281L,-7.729
2857,GOh1052_D281M,GOh1052,D281M,-8.569
2859,GOh1052_D281P,GOh1052,D281P,-9.922
2861,GOh1052_D281R,GOh1052,D281R,-6.347
2862,GOh1052_D281S,GOh1052,D281S,-5.963
2863,GOh1052_D281T,GOh1052,D281T,-7.954
2864,GOh1052_D281V,GOh1052,D281V,-9.128
2865,GOh1052_D281W,GOh1052,D281W,-10.452
2866,GOh1052_D281Y,GOh1052,D281Y,-8.111
2867,GOh1052_S282A,GOh1052,S282A,-5.128
2868,GOh1052_S282C,GOh1052,S282C,-12.037
2870,GOh1052_S282E,GOh1052,S282E,-7.093
2871,GOh1052_S282F,GOh1052,S282F,-9.81
2872,GOh1052_S282G,GOh1052,S282G,-7.918
2873,GOh1052_S282H,GOh1052,S282H,-9.049
2874,GOh1052_S282I,GOh1052,S282I,-7.221
2875,GOh1052_S282K,GOh1052,S282K,-4.463
2877,GOh1052_S282M,GOh1052,S282M,-7.776
2878,GOh1052_S282N,GOh1052,S282N,-6.081
2879,GOh1052_S282P,GOh1052,S282P,-13.26
2880,GOh1052_S282Q,GOh1052,S282Q,-5.015
2881,GOh1052_S282R,GOh1052,S282R,-5.386
2882,GOh1052_S282T,GOh1052,S282T,-3.57
2884,GOh1052_S282W,GOh1052,S282W,-11.197
2885,GOh1052_S282Y,GOh1052,S282Y,-9.515
2905,GOh1052_I284A,GOh1052,I284A,-3.929
2907,GOh1052_I284D,GOh1052,I284D,-7.013
2908,GOh1052_I284E,GOh1052,I284E,-5.813
2909,GOh1052_I284F,GOh1052,I284F,-5.542
2910,GOh1052_I284G,GOh1052,I284G,-5.299
2912,GOh1052_I284K,GOh1052,I284K,-3.817
2913,GOh1052_I284L,GOh1052,I284L,-4.396
2914,GOh1052_I284M,GOh1052,I284M,-6.35
2915,GOh1052_I284N,GOh1052,I284N,-5.113
2916,GOh1052_I284P,GOh1052,I284P,-9.216
2917,GOh1052_I284Q,GOh1052,I284Q,-4.468
2919,GOh1052_I284S,GOh1052,I284S,-1.745
2920,GOh1052_I284T,GOh1052,I284T,-1.695
2921,GOh1052_I284V,GOh1052,I284V,-3.107
2922,GOh1052_I284W,GOh1052,I284W,-8.237
2923,GOh1052_I284Y,GOh1052,I284Y,-5.199
2924,GOh1052_P285A,GOh1052,P285A,-1.364
2925,GOh1052_P285C,GOh1052,P285C,-11.13
2926,GOh1052_P285D,GOh1052,P285D,-3.712
2927,GOh1052_P285E,GOh1052,P285E,-4.209
2928,GOh1052_P285F,GOh1052,P285F,-5.452
2929,GOh1052_P285G,GOh1052,P285G,-4.522
2930,GOh1052_P285H,GOh1052,P285H,-6.108
2931,GOh1052_P285I,GOh1052,P285I,-5.487
2932,GOh1052_P285K,GOh1052,P285K,-2.476
2934,GOh1052_P285M,GOh1052,P285M,-6.546
2936,GOh1052_P285Q,GOh1052,P285Q,-1.184
2937,GOh1052_P285R,GOh1052,P285R,-3.104
2938,GOh1052_P285S,GOh1052,P285S,-2.296
2939,GOh1052_P285T,GOh1052,P285T,-2.949
2940,GOh1052_P285V,GOh1052,P285V,-4.425
2941,GOh1052_P285W,GOh1052,P285W,-5.959
2942,GOh1052_P285Y,GOh1052,P285Y,-3.902
2943,GOh1052_G286A,GOh1052,G286A,-4.973
2944,GOh1052_G286C,GOh1052,G286C,-14.265
2945,GOh1052_G286D,GOh1052,G286D,-11.255
2946,GOh1052_G286E,GOh1052,G286E,-10.932
2947,GOh1052_G286F,GOh1052,G286F,-12.825
2949,GOh1052_G286I,GOh1052,G286I,-11.672
2950,GOh1052_G286K,GOh1052,G286K,-10.094
2951,GOh1052_G286L,GOh1052,G286L,-10.052
2952,GOh1052_G286M,GOh1052,G286M,-11.104
2953,GOh1052_G286N,GOh1052,G286N,-10.674
2954,GOh1052_G286P,GOh1052,G286P,-11.906
2956,GOh1052_G286R,GOh1052,G286R,-10.301
2957,GOh1052_G286S,GOh1052,G286S,-7.726
2958,GOh1052_G286T,GOh1052,G286T,-8.863
2959,GOh1052_G286V,GOh1052,G286V,-10.14
2960,GOh1052_G286W,GOh1052,G286W,-13.964
2961,GOh1052_G286Y,GOh1052,G286Y,-11.988
2963,GOh1052_P287C,GOh1052,P287C,-13.486
2964,GOh1052_P287D,GOh1052,P287D,-5.494
2965,GOh1052_P287E,GOh1052,P287E,-6.697
2966,GOh1052_P287F,GOh1052,P287F,-9.438
2967,GOh1052_P287G,GOh1052,P287G,-6.283
2968,GOh1052_P287H,GOh1052,P287H,-9.258
2970,GOh1052_P287K,GOh1052,P287K,-6.405
2971,GOh1052_P287L,GOh1052,P287L,-7.014
2972,GOh1052_P287M,GOh1052,P287M,-9.595
2973,GOh1052_P287N,GOh1052,P287N,-5.581
2974,GOh1052_P287Q,GOh1052,P287Q,-6.301
2975,GOh1052_P287R,GOh1052,P287R,-7.398
2976,GOh1052_P287S,GOh1052,P287S,-5.074
2978,GOh1052_P287V,GOh1052,P287V,-6.602
2979,GOh1052_P287W,GOh1052,P287W,-11.093
2980,GOh1052_P287Y,GOh1052,P287Y,-8.948
2981,GOh1052_D288A,GOh1052,D288A,-6.167
2982,GOh1052_D288C,GOh1052,D288C,-14.333
2983,GOh1052_D288E,GOh1052,D288E,-6.752
2985,GOh1052_D288G,GOh1052,D288G,-7.231
2986,GOh1052_D288H,GOh1052,D288H,-9.755
2989,GOh1052_D288L,GOh1052,D288L,-8.164
2990,GOh1052_D288M,GOh1052,D288M,-10.413
2991,GOh1052_D288N,GOh1052,D288N,-4.565
2992,GOh1052_D288P,GOh1052,D288P,-6.296
2993,GOh1052_D288Q,GOh1052,D288Q,-7.783
2994,GOh1052_D288R,GOh1052,D288R,-8.884
2995,GOh1052_D288S,GOh1052,D288S,-5.051
3019,GOh1052_Q290A,GOh1052,Q290A,0.802
3020,GOh1052_Q290C,GOh1052,Q290C,-9.228
3021,GOh1052_Q290D,GOh1052,Q290D,-1.988
3023,GOh1052_Q290F,GOh1052,Q290F,-2.39
3024,GOh1052_Q290G,GOh1052,Q290G,-0.833
3025,GOh1052_Q290H,GOh1052,Q290H,-1.111
3027,GOh1052_Q290K,GOh1052,Q290K,2.514
3029,GOh1052_Q290M,GOh1052,Q290M,-2.473
3030,GOh1052_Q290N,GOh1052,Q290N,2.223
3031,GOh1052_Q290P,GOh1052,Q290P,-5.026
3032,GOh1052_Q290R,GOh1052,Q290R,-0.487
3033,GOh1052_Q290S,GOh1052,Q290S,0.49
3034,GOh1052_Q290T,GOh1052,Q290T,0.142
3035,GOh1052_Q290V,GOh1052,Q290V,0.015
3037,GOh1052_Q290Y,GOh1052,Q290Y,-2.513
3039,GOh1052_V291C,GOh1052,V291C,-13.076
3040,GOh1052_V291D,GOh1052,V291D,-11.077
3041,GOh1052_V291E,GOh1052,V291E,-9.763
3042,GOh1052_V291F,GOh1052,V291F,-7.524
3043,GOh1052_V291G,GOh1052,V291G,-10.597
3045,GOh1052_V291I,GOh1052,V291I,-3.408
3047,GOh1052_V291L,GOh1052,V291L,-5.191
3048,GOh1052_V291M,GOh1052,V291M,-5.339
3049,GOh1052_V291N,GOh1052,V291N,-8.441
3050,GOh1052_V291P,GOh1052,V291P,-12.081
3051,GOh1052_V291Q,GOh1052,V291Q,-7.055
3052,GOh1052_V291R,GOh1052,V291R,-8.435
3053,GOh1052_V291S,GOh1052,V291S,-8.511
3054,GOh1052_V291T,GOh1052,V291T,-6.994
3055,GOh1052_V291W,GOh1052,V291W,-10.185
3056,GOh1052_V291Y,GOh1052,V291Y,-7.029
3057,GOh1052_A292C,GOh1052,A292C,-13.474
3059,GOh1052_A292E,GOh1052,A292E,-6.307
3060,GOh1052_A292F,GOh1052,A292F,-11.013
3061,GOh1052_A292G,GOh1052,A292G,-4.004
3062,GOh1052_A292H,GOh1052,A292H,-10.385
3063,GOh1052_A292I,GOh1052,A292I,-10.422
3064,GOh1052_A292K,GOh1052,A292K,-8.27
3068,GOh1052_A292P,GOh1052,A292P,-4.483
3069,GOh1052_A292Q,GOh1052,A292Q,-7.544
3070,GOh1052_A292R,GOh1052,A292R,-8.631
3071,GOh1052_A292S,GOh1052,A292S,-6.596
3072,GOh1052_A292T,GOh1052,A292T,-7.965
3074,GOh1052_A292W,GOh1052,A292W,-10.897
3075,GOh1052_A292Y,GOh1052,A292Y,-10.393
3152,GOh1052_S297A,GOh1052,S297A,-4.509
3153,GOh1052_S297C,GOh1052,S297C,-9.571
3154,GOh1052_S297D,GOh1052,S297D,-11.483
3155,GOh1052_S297E,GOh1052,S297E,-12.338
3157,GOh1052_S297G,GOh1052,S297G,-5.979
3158,GOh1052_S297H,GOh1052,S297H,-12.322
3159,GOh1052_S297I,GOh1052,S297I,-12.965
3160,GOh1052_S297K,GOh1052,S297K,-12.493
3161,GOh1052_S297L,GOh1052,S297L,-12.983
3162,GOh1052_S297M,GOh1052,S297M,-11.815
3163,GOh1052_S297N,GOh1052,S297N,-8.937
3164,GOh1052_S297P,GOh1052,S297P,-11.357
3166,GOh1052_S297R,GOh1052,S297R,-13.05
3168,GOh1052_S297V,GOh1052,S297V,-10.752
3169,GOh1052_S297W,GOh1052,S297W,-15.53
3170,GOh1052_S297Y,GOh1052,S297Y,-13.404
3191,GOh1052_A299D,GOh1052,A299D,-10.798
3192,GOh1052_A299E,GOh1052,A299E,-11.486
3193,GOh1052_A299F,GOh1052,A299F,-11.785
3196,GOh1052_A299I,GOh1052,A299I,-7.85
3197,GOh1052_A299K,GOh1052,A299K,-14.344
3198,GOh1052_A299L,GOh1052,A299L,-10.206
3199,GOh1052_A299M,GOh1052,A299M,-10.903
3200,GOh1052_A299N,GOh1052,A299N,-8.668
3201,GOh1052_A299P,GOh1052,A299P,-12.563
3202,GOh1052_A299Q,GOh1052,A299Q,-11.755
3203,GOh1052_A299R,GOh1052,A299R,-14.051
3204,GOh1052_A299S,GOh1052,A299S,-5.631
3206,GOh1052_A299V,GOh1052,A299V,-4.654
3207,GOh1052_A299W,GOh1052,A299W,-13.025
3323,GOh1052_V306A,GOh1052,V306A,-8.353
3324,GOh1052_V306C,GOh1052,V306C,-13.565
3326,GOh1052_V306E,GOh1052,V306E,-12.079
3327,GOh1052_V306F,GOh1052,V306F,-6.244
3328,GOh1052_V306G,GOh1052,V306G,-11.756
3329,GOh1052_V306H,GOh1052,V306H,-11.023
3330,GOh1052_V306I,GOh1052,V306I,-3.479
3331,GOh1052_V306K,GOh1052,V306K,-12.743
3332,GOh1052_V306L,GOh1052,V306L,-7.767
3333,GOh1052_V306M,GOh1052,V306M,-7.349
3334,GOh1052_V306N,GOh1052,V306N,-11.333
3335,GOh1052_V306P,GOh1052,V306P,-12.276
3336,GOh1052_V306Q,GOh1052,V306Q,-10.394
3337,GOh1052_V306R,GOh1052,V306R,-12.464
3339,GOh1052_V306T,GOh1052,V306T,-8.209
3340,GOh1052_V306W,GOh1052,V306W,-10.367
3341,GOh1052_V306Y,GOh1052,V306Y,-8.557
3361,GOh1052_T308A,GOh1052,T308A,-6.893
3362,GOh1052_T308C,GOh1052,T308C,-9.082
3364,GOh1052_T308E,GOh1052,T308E,-9.667
3365,GOh1052_T308F,GOh1052,T308F,-11.796
3366,GOh1052_T308G,GOh1052,T308G,-11.428
3367,GOh1052_T308H,GOh1052,T308H,-10.89
3368,GOh1052_T308I,GOh1052,T308I,-7.665
3369,GOh1052_T308K,GOh1052,T308K,-11.082
3370,GOh1052_T308L,GOh1052,T308L,-9.173
3375,GOh1052_T308R,GOh1052,T308R,-12.6
3377,GOh1052_T308V,GOh1052,T308V,-5.087
3378,GOh1052_T308W,GOh1052,T308W,-13.965
3379,GOh1052_T308Y,GOh1052,T308Y,-11.849
3532,GOh1052_V317A,GOh1052,V317A,-4.219
3533,GOh1052_V317C,GOh1052,V317C,-11.894
3535,GOh1052_V317E,GOh1052,V317E,-4.604
3536,GOh1052_V317F,GOh1052,V317F,-7.633
3537,GOh1052_V317G,GOh1052,V317G,-6.173
3539,GOh1052_V317I,GOh1052,V317I,-4.411
3540,GOh1052_V317K,GOh1052,V317K,-3.961
3541,GOh1052_V317L,GOh1052,V317L,-4.628
3543,GOh1052_V317N,GOh1052,V317N,-3.789
3544,GOh1052_V317P,GOh1052,V317P,-7.572
3546,GOh1052_V317R,GOh1052,V317R,-5.898
3547,GOh1052_V317S,GOh1052,V317S,-4.376
3549,GOh1052_V317W,GOh1052,V317W,-9.108
3550,GOh1052_V317Y,GOh1052,V317Y,-7.65
3551,GOh1052_F318A,GOh1052,F318A,-2.19
3552,GOh1052_F318C,GOh1052,F318C,-7.966
3553,GOh1052_F318D,GOh1052,F318D,-5.093
3556,GOh1052_F318H,GOh1052,F318H,-5.547
3557,GOh1052_F318I,GOh1052,F318I,-6.415
3558,GOh1052_F318K,GOh1052,F318K,-4.988
3560,GOh1052_F318M,GOh1052,F318M,-6.824
3561,GOh1052_F318N,GOh1052,F318N,-4.959
3562,GOh1052_F318P,GOh1052,F318P,-4.057
3563,GOh1052_F318Q,GOh1052,F318Q,-6.036
3564,GOh1052_F318R,GOh1052,F318R,-5.498
3565,GOh1052_F318S,GOh1052,F318S,-4.053
3566,GOh1052_F318T,GOh1052,F318T,-4.979
3568,GOh1052_F318W,GOh1052,F318W,-5.675
3569,GOh1052_F318Y,GOh1052,F318Y,-3.517
3570,GOh1052_E319A,GOh1052,E319A,-3.241
3571,GOh1052_E319C,GOh1052,E319C,-6.959
3573,GOh1052_E319F,GOh1052,E319F,-6.795
3575,GOh1052_E319H,GOh1052,E319H,-5.191
3576,GOh1052_E319I,GOh1052,E319I,-6.006
3577,GOh1052_E319K,GOh1052,E319K,-4.431
3578,GOh1052_E319L,GOh1052,E319L,-5.222
3579,GOh1052_E319M,GOh1052,E319M,-6.54
3581,GOh1052_E319P,GOh1052,E319P,-5.311
3583,GOh1052_E319R,GOh1052,E319R,-5.093
3584,GOh1052_E319S,GOh1052,E319S,-3.159
3585,GOh1052_E319T,GOh1052,E319T,-3.862
3586,GOh1052_E319V,GOh1052,E319V,-4.365
3588,GOh1052_E319Y,GOh1052,E319Y,-6.581
3608,GOh1052_N321A,GOh1052,N321A,-7.252
3609,GOh1052_N321C,GOh1052,N321C,-12.759
3610,GOh1052_N321D,GOh1052,N321D,-5.097
3611,GOh1052_N321E,GOh1052,N321E,-7.477
3612,GOh1052_N321F,GOh1052,N321F,-7.608
3613,GOh1052_N321G,GOh1052,N321G,-7.876
3614,GOh1052_N321H,GOh1052,N321H,-6.846
3615,GOh1052_N321I,GOh1052,N321I,-7.772
3616,GOh1052_N321K,GOh1052,N321K,-7.289
3617,GOh1052_N321L,GOh1052,N321L,-7.287
3618,GOh1052_N321M,GOh1052,N321M,-9.233
3619,GOh1052_N321P,GOh1052,N321P,-9.753
3620,GOh1052_N321Q,GOh1052,N321Q,-7.684
3621,GOh1052_N321R,GOh1052,N321R,-8.246
3623,GOh1052_N321T,GOh1052,N321T,-5.922
3624,GOh1052_N321V,GOh1052,N321V,-7.387
3625,GOh1052_N321W,GOh1052,N321W,-9.658
3626,GOh1052_N321Y,GOh1052,N321Y,-7.324
3741,GOh1052_S328A,GOh1052,S328A,-4.569
3743,GOh1052_S328D,GOh1052,S328D,-5.988
3745,GOh1052_S328F,GOh1052,S328F,-8.035
3748,GOh1052_S328I,GOh1052,S328I,-6.995
3750,GOh1052_S328L,GOh1052,S328L,-6.505
3751,GOh1052_S328M,GOh1052,S328M,-9.432
3752,GOh1052_S328N,GOh1052,S328N,-6.301
3753,GOh1052_S328P,GOh1052,S328P,-9.325
3754,GOh1052_S328Q,GOh1052,S328Q,-6.095
3755,GOh1052_S328R,GOh1052,S328R,-7.534
3756,GOh1052_S328T,GOh1052,S328T,-4.936
3757,GOh1052_S328V,GOh1052,S328V,-6.578
3758,GOh1052_S328W,GOh1052,S328W,-8.676
3759,GOh1052_S328Y,GOh1052,S328Y,-8.017
3760,GOh1052_S329A,GOh1052,S329A,-4.403
3762,GOh1052_S329D,GOh1052,S329D,-5.818
3763,GOh1052_S329E,GOh1052,S329E,-7.249
3764,GOh1052_S329F,GOh1052,S329F,-9.822
3765,GOh1052_S329G,GOh1052,S329G,-6.128
3766,GOh1052_S329H,GOh1052,S329H,-10.631
3768,GOh1052_S329K,GOh1052,S329K,-6.763
3769,GOh1052_S329L,GOh1052,S329L,-5.778
3770,GOh1052_S329M,GOh1052,S329M,-9.308
3771,GOh1052_S329N,GOh1052,S329N,-4.725
3772,GOh1052_S329P,GOh1052,S329P,-10.515
3773,GOh1052_S329Q,GOh1052,S329Q,-6.056
3774,GOh1052_S329R,GOh1052,S329R,-7.263
3775,GOh1052_S329T,GOh1052,S329T,-3.377
3776,GOh1052_S329V,GOh1052,S329V,-8.476
3777,GOh1052_S329W,GOh1052,S329W,-11.101
3778,GOh1052_S329Y,GOh1052,S329Y,-9.962
3779,GOh1052_K330A,GOh1052,K330A,-5.711
3781,GOh1052_K330D,GOh1052,K330D,-4.465
3782,GOh1052_K330E,GOh1052,K330E,-6.226
3784,GOh1052_K330G,GOh1052,K330G,-3.543
3785,GOh1052_K330H,GOh1052,K330H,-6.703
3787,GOh1052_K330L,GOh1052,K330L,-7.665
3791,GOh1052_K330Q,GOh1052,K330Q,-4.998
3792,GOh1052_K330R,GOh1052,K330R,-4.41
3793,GOh1052_K330S,GOh1052,K330S,-5.013
3794,GOh1052_K330T,GOh1052,K330T,-7.674
3795,GOh1052_K330V,GOh1052,K330V,-8.775
3796,GOh1052_K330W,GOh1052,K330W,-9.07
3799,GOh1052_T331C,GOh1052,T331C,-13.44
3800,GOh1052_T331D,GOh1052,T331D,-9.375
3802,GOh1052_T331F,GOh1052,T331F,-10.502
3803,GOh1052_T331G,GOh1052,T331G,-8.496
3804,GOh1052_T331H,GOh1052,T331H,-10.451
3807,GOh1052_T331L,GOh1052,T331L,-7.774
3808,GOh1052_T331M,GOh1052,T331M,-9.109
3810,GOh1052_T331P,GOh1052,T331P,-13.309
3811,GOh1052_T331Q,GOh1052,T331Q,-6.01
3812,GOh1052_T331R,GOh1052,T331R,-6.774
3813,GOh1052_T331S,GOh1052,T331S,-3.655
3814,GOh1052_T331V,GOh1052,T331V,-6.904
3815,GOh1052_T331W,GOh1052,T331W,-11.181
3816,GOh1052_T331Y,GOh1052,T331Y,-10.23
3837,GOh1052_T333C,GOh1052,T333C,-13.602
3838,GOh1052_T333D,GOh1052,T333D,-7.747
3839,GOh1052_T333E,GOh1052,T333E,-6.774
3840,GOh1052_T333F,GOh1052,T333F,-9.825
3841,GOh1052_T333G,GOh1052,T333G,-9.03
3842,GOh1052_T333H,GOh1052,T333H,-9.655
3843,GOh1052_T333I,GOh1052,T333I,-7.757
3844,GOh1052_T333K,GOh1052,T333K,-6.273
3845,GOh1052_T333L,GOh1052,T333L,-9.124
3846,GOh1052_T333M,GOh1052,T333M,-9.471
3847,GOh1052_T333N,GOh1052,T333N,-7.318
3848,GOh1052_T333P,GOh1052,T333P,-15.211
3849,GOh1052_T333Q,GOh1052,T333Q,-6.341
3850,GOh1052_T333R,GOh1052,T333R,-7.406
3851,GOh1052_T333S,GOh1052,T333S,-4.0
3853,GOh1052_T333W,GOh1052,T333W,-11.063
3931,GOh1052_A338C,GOh1052,A338C,-5.779
3934,GOh1052_A338F,GOh1052,A338F,-12.54
3937,GOh1052_A338I,GOh1052,A338I,-8.001
3938,GOh1052_A338K,GOh1052,A338K,-13.654
3939,GOh1052_A338L,GOh1052,A338L,-10.347
3940,GOh1052_A338M,GOh1052,A338M,-10.054
3941,GOh1052_A338N,GOh1052,A338N,-8.714
3942,GOh1052_A338P,GOh1052,A338P,-11.349
3943,GOh1052_A338Q,GOh1052,A338Q,-10.489
3944,GOh1052_A338R,GOh1052,A338R,-13.797
3945,GOh1052_A338S,GOh1052,A338S,-5.902
3946,GOh1052_A338T,GOh1052,A338T,-6.546
3948,GOh1052_A338W,GOh1052,A338W,-13.956
3949,GOh1052_A338Y,GOh1052,A338Y,-12.999
3950,GOh1052_K339A,GOh1052,K339A,-5.695
3954,GOh1052_K339F,GOh1052,K339F,-8.902
3955,GOh1052_K339G,GOh1052,K339G,-7.887
3956,GOh1052_K339H,GOh1052,K339H,-7.869
3957,GOh1052_K339I,GOh1052,K339I,-7.292
3959,GOh1052_K339M,GOh1052,K339M,-7.746
3960,GOh1052_K339N,GOh1052,K339N,-5.092
3961,GOh1052_K339P,GOh1052,K339P,-6.34
3962,GOh1052_K339Q,GOh1052,K339Q,-5.742
3963,GOh1052_K339R,GOh1052,K339R,-5.459
3966,GOh1052_K339V,GOh1052,K339V,-6.575
3988,GOh1052_N341A,GOh1052,N341A,0.825
3990,GOh1052_N341D,GOh1052,N341D,-1.885
3991,GOh1052_N341E,GOh1052,N341E,-2.838
3992,GOh1052_N341F,GOh1052,N341F,-6.228
3993,GOh1052_N341G,GOh1052,N341G,-2.788
3995,GOh1052_N341I,GOh1052,N341I,-6.007
3998,GOh1052_N341M,GOh1052,N341M,-5.535
3999,GOh1052_N341P,GOh1052,N341P,-5.389
4000,GOh1052_N341Q,GOh1052,N341Q,-3.095
4002,GOh1052_N341S,GOh1052,N341S,-0.513
4003,GOh1052_N341T,GOh1052,N341T,-2.152
4004,GOh1052_N341V,GOh1052,N341V,-4.337
4005,GOh1052_N341W,GOh1052,N341W,-6.7
4006,GOh1052_N341Y,GOh1052,N341Y,-5.232
4084,GOh1052_A346D,GOh1052,A346D,-5.488
4085,GOh1052_A346E,GOh1052,A346E,-6.501
4086,GOh1052_A346F,GOh1052,A346F,-9.461
4087,GOh1052_A346G,GOh1052,A346G,-6.559
4088,GOh1052_A346H,GOh1052,A346H,-8.594
4089,GOh1052_A346I,GOh1052,A346I,-9.051
4090,GOh1052_A346K,GOh1052,A346K,-6.183
4091,GOh1052_A346L,GOh1052,A346L,-8.251
4092,GOh1052_A346M,GOh1052,A346M,-8.883
4094,GOh1052_A346P,GOh1052,A346P,-7.611
4095,GOh1052_A346Q,GOh1052,A346Q,-6.398
4096,GOh1052_A346R,GOh1052,A346R,-7.727
4097,GOh1052_A346S,GOh1052,A346S,-4.964
4098,GOh1052_A346T,GOh1052,A346T,-6.333
4099,GOh1052_A346V,GOh1052,A346V,-7.675
4100,GOh1052_A346W,GOh1052,A346W,-10.479
4101,GOh1052_A346Y,GOh1052,A346Y,-8.561
4121,GOh1052_K348A,GOh1052,K348A,-3.109
4122,GOh1052_K348C,GOh1052,K348C,-11.832
4123,GOh1052_K348D,GOh1052,K348D,-4.896
4124,GOh1052_K348E,GOh1052,K348E,-5.49
4125,GOh1052_K348F,GOh1052,K348F,-7.553
4126,GOh1052_K348G,GOh1052,K348G,-5.269
4127,GOh1052_K348H,GOh1052,K348H,-5.43
4128,GOh1052_K348I,GOh1052,K348I,-6.886
4131,GOh1052_K348N,GOh1052,K348N,-3.87
4132,GOh1052_K348P,GOh1052,K348P,-3.67
4133,GOh1052_K348Q,GOh1052,K348Q,-4.643
4134,GOh1052_K348R,GOh1052,K348R,-4.618
4135,GOh1052_K348S,GOh1052,K348S,-2.812
4137,GOh1052_K348V,GOh1052,K348V,-5.917
4138,GOh1052_K348W,GOh1052,K348W,-8.021
4139,GOh1052_K348Y,GOh1052,K348Y,-6.778
4141,GOh1052_Q349C,GOh1052,Q349C,-12.654
4142,GOh1052_Q349D,GOh1052,Q349D,-5.169
4143,GOh1052_Q349E,GOh1052,Q349E,-4.309
4144,GOh1052_Q349F,GOh1052,Q349F,-7.902
4145,GOh1052_Q349G,GOh1052,Q349G,-5.323
4146,GOh1052_Q349H,GOh1052,Q349H,-7.581
4147,GOh1052_Q349I,GOh1052,Q349I,-8.734
4148,GOh1052_Q349K,GOh1052,Q349K,-5.079
4149,GOh1052_Q349L,GOh1052,Q349L,-5.37
4151,GOh1052_Q349N,GOh1052,Q349N,-4.621
4152,GOh1052_Q349P,GOh1052,Q349P,-9.131
4156,GOh1052_Q349V,GOh1052,Q349V,-7.724
4178,GOh1052_L351A,GOh1052,L351A,-3.96
4180,GOh1052_L351D,GOh1052,L351D,-6.995
4183,GOh1052_L351G,GOh1052,L351G,-8.055
4184,GOh1052_L351H,GOh1052,L351H,-8.713
4185,GOh1052_L351I,GOh1052,L351I,-5.501
4186,GOh1052_L351K,GOh1052,L351K,-6.13
4187,GOh1052_L351M,GOh1052,L351M,-7.673
4188,GOh1052_L351N,GOh1052,L351N,-6.814
4190,GOh1052_L351Q,GOh1052,L351Q,-6.036
4191,GOh1052_L351R,GOh1052,L351R,-7.001
4192,GOh1052_L351S,GOh1052,L351S,-6.471
4194,GOh1052_L351V,GOh1052,L351V,-4.632
4195,GOh1052_L351W,GOh1052,L351W,-9.227
4196,GOh1052_L351Y,GOh1052,L351Y,-7.436
4197,GOh1052_Y352A,GOh1052,Y352A,-9.348
4198,GOh1052_Y352C,GOh1052,Y352C,-11.47
4199,GOh1052_Y352D,GOh1052,Y352D,-10.21
4202,GOh1052_Y352G,GOh1052,Y352G,-10.149
4204,GOh1052_Y352I,GOh1052,Y352I,-9.937
4205,GOh1052_Y352K,GOh1052,Y352K,-9.904
4206,GOh1052_Y352L,GOh1052,Y352L,-7.68
4207,GOh1052_Y352M,GOh1052,Y352M,-9.174
4208,GOh1052_Y352N,GOh1052,Y352N,-8.458
4209,GOh1052_Y352P,GOh1052,Y352P,-11.207
4210,GOh1052_Y352Q,GOh1052,Y352Q,-9.887
4214,GOh1052_Y352V,GOh1052,Y352V,-9.591
4215,GOh1052_Y352W,GOh1052,Y352W,-6.824
4235,GOh1052_S354A,GOh1052,S354A,-2.368
4236,GOh1052_S354C,GOh1052,S354C,-10.729
4238,GOh1052_S354E,GOh1052,S354E,-1.257
4239,GOh1052_S354F,GOh1052,S354F,-8.245
4241,GOh1052_S354H,GOh1052,S354H,-6.352
4242,GOh1052_S354I,GOh1052,S354I,-7.637
4244,GOh1052_S354L,GOh1052,S354L,-6.39
4245,GOh1052_S354M,GOh1052,S354M,-7.233
4246,GOh1052_S354N,GOh1052,S354N,-4.232
4248,GOh1052_S354Q,GOh1052,S354Q,-2.569
4249,GOh1052_S354R,GOh1052,S354R,-4.483
4250,GOh1052_S354T,GOh1052,S354T,-4.539
4251,GOh1052_S354V,GOh1052,S354V,-6.034
4311,GOh1052_A358C,GOh1052,A358C,-7.251
4313,GOh1052_A358E,GOh1052,A358E,-10.126
4314,GOh1052_A358F,GOh1052,A358F,-10.269
4315,GOh1052_A358G,GOh1052,A358G,-4.49
4316,GOh1052_A358H,GOh1052,A358H,-11.349
4317,GOh1052_A358I,GOh1052,A358I,-8.135
4318,GOh1052_A358K,GOh1052,A358K,-13.622
4319,GOh1052_A358L,GOh1052,A358L,-7.898
4320,GOh1052_A358M,GOh1052,A358M,-6.289
4321,GOh1052_A358N,GOh1052,A358N,-8.429
4322,GOh1052_A358P,GOh1052,A358P,-8.047
4323,GOh1052_A358Q,GOh1052,A358Q,-8.898
4324,GOh1052_A358R,GOh1052,A358R,-14.696
4325,GOh1052_A358S,GOh1052,A358S,-6.962
4328,GOh1052_A358W,GOh1052,A358W,-13.514
4445,GOh1052_K365C,GOh1052,K365C,-11.438
4446,GOh1052_K365D,GOh1052,K365D,-4.908
4447,GOh1052_K365E,GOh1052,K365E,-5.659
4448,GOh1052_K365F,GOh1052,K365F,-7.97
4449,GOh1052_K365G,GOh1052,K365G,-5.352
4450,GOh1052_K365H,GOh1052,K365H,-6.199
4451,GOh1052_K365I,GOh1052,K365I,-8.453
4452,GOh1052_K365L,GOh1052,K365L,-6.256
4453,GOh1052_K365M,GOh1052,K365M,-7.795
4454,GOh1052_K365N,GOh1052,K365N,-2.104
4456,GOh1052_K365Q,GOh1052,K365Q,-4.287
4458,GOh1052_K365S,GOh1052,K365S,-3.107
4459,GOh1052_K365T,GOh1052,K365T,-4.551
4460,GOh1052_K365V,GOh1052,K365V,-7.81
4461,GOh1052_K365W,GOh1052,K365W,-8.305
4462,GOh1052_K365Y,GOh1052,K365Y,-6.387
4482,GOh1052_S367A,GOh1052,S367A,-6.479
4484,GOh1052_S367D,GOh1052,S367D,-9.907
4485,GOh1052_S367E,GOh1052,S367E,-10.505
4486,GOh1052_S367F,GOh1052,S367F,-8.932
4487,GOh1052_S367G,GOh1052,S367G,-8.509
4488,GOh1052_S367H,GOh1052,S367H,-9.396
4490,GOh1052_S367K,GOh1052,S367K,-9.037
4492,GOh1052_S367M,GOh1052,S367M,-9.282
4493,GOh1052_S367N,GOh1052,S367N,-7.15
4494,GOh1052_S367P,GOh1052,S367P,-12.116
4496,GOh1052_S367R,GOh1052,S367R,-9.403
4499,GOh1052_S367W,GOh1052,S367W,-9.42
4500,GOh1052_S367Y,GOh1052,S367Y,-7.802
4634,GOh1052_T375A,GOh1052,T375A,-4.227
4635,GOh1052_T375C,GOh1052,T375C,-11.924
4636,GOh1052_T375D,GOh1052,T375D,-6.798
4637,GOh1052_T375E,GOh1052,T375E,-6.008
4638,GOh1052_T375F,GOh1052,T375F,-7.608
4640,GOh1052_T375H,GOh1052,T375H,-6.844
4641,GOh1052_T375I,GOh1052,T375I,-5.553
4642,GOh1052_T375K,GOh1052,T375K,-1.831
4643,GOh1052_T375L,GOh1052,T375L,-5.864
4644,GOh1052_T375M,GOh1052,T375M,-6.495
4645,GOh1052_T375N,GOh1052,T375N,-4.638
4646,GOh1052_T375P,GOh1052,T375P,-5.866
4649,GOh1052_T375S,GOh1052,T375S,-4.082
4650,GOh1052_T375V,GOh1052,T375V,-3.96
4652,GOh1052_T375Y,GOh1052,T375Y,-6.902
4653,GOh1052_A376C,GOh1052,A376C,-12.401
4654,GOh1052_A376D,GOh1052,A376D,-6.498
4655,GOh1052_A376E,GOh1052,A376E,-6.156
4656,GOh1052_A376F,GOh1052,A376F,-8.791
4661,GOh1052_A376L,GOh1052,A376L,-6.938
4663,GOh1052_A376N,GOh1052,A376N,-6.074
4666,GOh1052_A376R,GOh1052,A376R,-6.291
4668,GOh1052_A376T,GOh1052,A376T,-6.642
4669,GOh1052_A376V,GOh1052,A376V,-7.3
4749,GOh1052_Y381C,GOh1052,Y381C,-11.118
4750,GOh1052_Y381D,GOh1052,Y381D,-4.705
4752,GOh1052_Y381F,GOh1052,Y381F,-6.289
4753,GOh1052_Y381G,GOh1052,Y381G,-3.731
4754,GOh1052_Y381H,GOh1052,Y381H,-4.797
4755,GOh1052_Y381I,GOh1052,Y381I,-9.753
4756,GOh1052_Y381K,GOh1052,Y381K,-5.684
4757,GOh1052_Y381L,GOh1052,Y381L,-8.301
4758,GOh1052_Y381M,GOh1052,Y381M,-9.458
4759,GOh1052_Y381N,GOh1052,Y381N,-4.082
4760,GOh1052_Y381P,GOh1052,Y381P,-9.259
4761,GOh1052_Y381Q,GOh1052,Y381Q,-6.41
4763,GOh1052_Y381S,GOh1052,Y381S,-3.742
4765,GOh1052_Y381V,GOh1052,Y381V,-8.672
4786,GOh1052_S383A,GOh1052,S383A,-4.118
4787,GOh1052_S383C,GOh1052,S383C,-10.49
4788,GOh1052_S383D,GOh1052,S383D,-2.02
4789,GOh1052_S383E,GOh1052,S383E,-3.703
4790,GOh1052_S383F,GOh1052,S383F,-8.055
4791,GOh1052_S383G,GOh1052,S383G,-2.5
4793,GOh1052_S383I,GOh1052,S383I,-9.266
4794,GOh1052_S383K,GOh1052,S383K,-4.584
4795,GOh1052_S383L,GOh1052,S383L,-6.627
4796,GOh1052_S383M,GOh1052,S383M,-8.424
4797,GOh1052_S383N,GOh1052,S383N,-0.563
4798,GOh1052_S383P,GOh1052,S383P,-8.768
4799,GOh1052_S383Q,GOh1052,S383Q,-3.954
4800,GOh1052_S383R,GOh1052,S383R,-5.529
4801,GOh1052_S383T,GOh1052,S383T,-4.997
4802,GOh1052_S383V,GOh1052,S383V,-8.137
4803,GOh1052_S383W,GOh1052,S383W,-8.023
4804,GOh1052_S383Y,GOh1052,S383Y,-6.455
4824,GOh1052_S385A,GOh1052,S385A,-4.894
4825,GOh1052_S385C,GOh1052,S385C,-11.821
4826,GOh1052_S385D,GOh1052,S385D,-4.57
4827,GOh1052_S385E,GOh1052,S385E,-5.799
4828,GOh1052_S385F,GOh1052,S385F,-8.076
4830,GOh1052_S385H,GOh1052,S385H,-7.686
4832,GOh1052_S385K,GOh1052,S385K,-5.021
4833,GOh1052_S385L,GOh1052,S385L,-6.589
4834,GOh1052_S385M,GOh1052,S385M,-8.107
4835,GOh1052_S385N,GOh1052,S385N,-2.114
4838,GOh1052_S385R,GOh1052,S385R,-5.976
4839,GOh1052_S385T,GOh1052,S385T,-3.553
4840,GOh1052_S385V,GOh1052,S385V,-6.441
4842,GOh1052_S385Y,GOh1052,S385Y,-7.011
4863,GOh1052_D387C,GOh1052,D387C,-9.254
4864,GOh1052_D387E,GOh1052,D387E,-4.501
4865,GOh1052_D387F,GOh1052,D387F,-7.14
4866,GOh1052_D387G,GOh1052,D387G,-2.046
4867,GOh1052_D387H,GOh1052,D387H,-7.351
4868,GOh1052_D387I,GOh1052,D387I,-5.952
4869,GOh1052_D387K,GOh1052,D387K,-5.052
4870,GOh1052_D387L,GOh1052,D387L,-5.917
4872,GOh1052_D387N,GOh1052,D387N,-3.304
4873,GOh1052_D387P,GOh1052,D387P,-6.001
4874,GOh1052_D387Q,GOh1052,D387Q,-4.562
4875,GOh1052_D387R,GOh1052,D387R,-6.14
4876,GOh1052_D387S,GOh1052,D387S,-1.308
4877,GOh1052_D387T,GOh1052,D387T,-3.441
4878,GOh1052_D387V,GOh1052,D387V,-3.788
4879,GOh1052_D387W,GOh1052,D387W,-7.978
4880,GOh1052_D387Y,GOh1052,D387Y,-6.377
4881,GOh1052_V388A,GOh1052,V388A,-6.967
4882,GOh1052_V388C,GOh1052,V388C,-10.494
4883,GOh1052_V388D,GOh1052,V388D,-9.476
4884,GOh1052_V388E,GOh1052,V388E,-9.129
4885,GOh1052_V388F,GOh1052,V388F,-7.949
4887,GOh1052_V388H,GOh1052,V388H,-8.81
4889,GOh1052_V388K,GOh1052,V388K,-8.584
4890,GOh1052_V388L,GOh1052,V388L,-7.294
4891,GOh1052_V388M,GOh1052,V388M,-8.321
4892,GOh1052_V388N,GOh1052,V388N,-7.272
4893,GOh1052_V388P,GOh1052,V388P,-10.076
4895,GOh1052_V388R,GOh1052,V388R,-9.143
4897,GOh1052_V388T,GOh1052,V388T,-5.906
4900,GOh1052_K389A,GOh1052,K389A,-3.002
4901,GOh1052_K389C,GOh1052,K389C,-9.052
4903,GOh1052_K389E,GOh1052,K389E,-4.011
4904,GOh1052_K389F,GOh1052,K389F,-4.796
4905,GOh1052_K389G,GOh1052,K389G,-4.578
4906,GOh1052_K389H,GOh1052,K389H,-4.339
4907,GOh1052_K389I,GOh1052,K389I,-2.976
4908,GOh1052_K389L,GOh1052,K389L,-4.107
4909,GOh1052_K389M,GOh1052,K389M,-5.612
4910,GOh1052_K389N,GOh1052,K389N,-3.499
4912,GOh1052_K389Q,GOh1052,K389Q,-2.82
4913,GOh1052_K389R,GOh1052,K389R,-2.793
4915,GOh1052_K389T,GOh1052,K389T,-0.319
4917,GOh1052_K389W,GOh1052,K389W,-5.884
4919,GOh1052_S390A,GOh1052,S390A,-4.966
4920,GOh1052_S390C,GOh1052,S390C,-11.146
4921,GOh1052_S390D,GOh1052,S390D,-6.048
4922,GOh1052_S390E,GOh1052,S390E,-6.691
4923,GOh1052_S390F,GOh1052,S390F,-6.752
4924,GOh1052_S390G,GOh1052,S390G,-6.937
4925,GOh1052_S390H,GOh1052,S390H,-7.819
4926,GOh1052_S390I,GOh1052,S390I,-8.254
4928,GOh1052_S390L,GOh1052,S390L,-6.988
4929,GOh1052_S390M,GOh1052,S390M,-8.885
4931,GOh1052_S390P,GOh1052,S390P,-5.043
4932,GOh1052_S390Q,GOh1052,S390Q,-6.661
4933,GOh1052_S390R,GOh1052,S390R,-8.412
4934,GOh1052_S390T,GOh1052,S390T,-4.997
4935,GOh1052_S390V,GOh1052,S390V,-7.045
4937,GOh1052_S390Y,GOh1052,S390Y,-6.31
4976,GOh1052_K393A,GOh1052,K393A,-0.978
4977,GOh1052_K393C,GOh1052,K393C,-7.071
4978,GOh1052_K393D,GOh1052,K393D,-2.654
4979,GOh1052_K393E,GOh1052,K393E,-3.716
4980,GOh1052_K393F,GOh1052,K393F,-4.555
4981,GOh1052_K393G,GOh1052,K393G,-3.43
4982,GOh1052_K393H,GOh1052,K393H,-5.675
4983,GOh1052_K393I,GOh1052,K393I,-2.7
4984,GOh1052_K393L,GOh1052,K393L,-3.112
4986,GOh1052_K393N,GOh1052,K393N,-1.416
4987,GOh1052_K393P,GOh1052,K393P,-3.787
4988,GOh1052_K393Q,GOh1052,K393Q,-2.872
4989,GOh1052_K393R,GOh1052,K393R,-4.023
4990,GOh1052_K393S,GOh1052,K393S,0.336
4992,GOh1052_K393V,GOh1052,K393V,-1.422
4993,GOh1052_K393W,GOh1052,K393W,-5.267
4995,GOh1052_Q395A,GOh1052,Q395A,-1.105
4997,GOh1052_Q395D,GOh1052,Q395D,-0.222
4999,GOh1052_Q395F,GOh1052,Q395F,-4.556
5000,GOh1052_Q395G,GOh1052,Q395G,-1.77
5001,GOh1052_Q395H,GOh1052,Q395H,-5.116
5002,GOh1052_Q395I,GOh1052,Q395I,-2.379
5003,GOh1052_Q395K,GOh1052,Q395K,-4.055
5004,GOh1052_Q395L,GOh1052,Q395L,-2.941
5005,GOh1052_Q395M,GOh1052,Q395M,-4.447
5008,GOh1052_Q395R,GOh1052,Q395R,-5.228
5009,GOh1052_Q395S,GOh1052,Q395S,-0.538
5011,GOh1052_Q395V,GOh1052,Q395V,-1.725
5012,GOh1052_Q395W,GOh1052,Q395W,-5.547
5015,GOh1052_S396C,GOh1052,S396C,-10.444
5016,GOh1052_S396D,GOh1052,S396D,-3.923
5017,GOh1052_S396E,GOh1052,S396E,-4.999
5018,GOh1052_S396F,GOh1052,S396F,-6.952
5019,GOh1052_S396G,GOh1052,S396G,-2.055
5021,GOh1052_S396I,GOh1052,S396I,-5.613
5023,GOh1052_S396L,GOh1052,S396L,-5.422
5027,GOh1052_S396Q,GOh1052,S396Q,-4.975
5028,GOh1052_S396R,GOh1052,S396R,-7.495
5031,GOh1052_S396W,GOh1052,S396W,-7.845
5032,GOh1052_S396Y,GOh1052,S396Y,-6.474
5033,GOh1052_R398A,GOh1052,R398A,-5.978
5034,GOh1052_R398C,GOh1052,R398C,-11.09
5035,GOh1052_R398D,GOh1052,R398D,-6.717
5038,GOh1052_R398G,GOh1052,R398G,-6.358
5039,GOh1052_R398H,GOh1052,R398H,-8.008
5040,GOh1052_R398I,GOh1052,R398I,-5.997
5042,GOh1052_R398L,GOh1052,R398L,-6.826
5044,GOh1052_R398N,GOh1052,R398N,-6.485
5046,GOh1052_R398Q,GOh1052,R398Q,-6.239
5047,GOh1052_R398S,GOh1052,R398S,-6.339
5048,GOh1052_R398T,GOh1052,R398T,-5.933
5052,GOh1052_G399A,GOh1052,G399A,-6.313
5054,GOh1052_G399D,GOh1052,G399D,-6.391
5055,GOh1052_G399E,GOh1052,G399E,-8.271
5056,GOh1052_G399F,GOh1052,G399F,-9.855
5057,GOh1052_G399H,GOh1052,G399H,-10.096
5058,GOh1052_G399I,GOh1052,G399I,-9.259
5059,GOh1052_G399K,GOh1052,G399K,-8.55
5060,GOh1052_G399L,GOh1052,G399L,-8.935
5061,GOh1052_G399M,GOh1052,G399M,-9.895
5062,GOh1052_G399N,GOh1052,G399N,-6.234
5065,GOh1052_G399R,GOh1052,G399R,-8.485
5066,GOh1052_G399S,GOh1052,G399S,-6.104
5069,GOh1052_G399W,GOh1052,G399W,-9.807
5070,GOh1052_G399Y,GOh1052,G399Y,-9.362
5090,GOh1052_P402A,GOh1052,P402A,-5.092
5091,GOh1052_P402C,GOh1052,P402C,-12.709
5093,GOh1052_P402E,GOh1052,P402E,-7.103
5094,GOh1052_P402F,GOh1052,P402F,-8.665
5095,GOh1052_P402G,GOh1052,P402G,-6.146
5096,GOh1052_P402H,GOh1052,P402H,-7.397
5097,GOh1052_P402I,GOh1052,P402I,-8.382
5098,GOh1052_P402K,GOh1052,P402K,-6.282
5099,GOh1052_P402L,GOh1052,P402L,-6.843
5100,GOh1052_P402M,GOh1052,P402M,-8.733
5101,GOh1052_P402N,GOh1052,P402N,-5.283
5102,GOh1052_P402Q,GOh1052,P402Q,-6.639
5103,GOh1052_P402R,GOh1052,P402R,-6.563
5105,GOh1052_P402T,GOh1052,P402T,-5.685
5106,GOh1052_P402V,GOh1052,P402V,-7.207
5107,GOh1052_P402W,GOh1052,P402W,-8.747
5109,GOh1052_A404C,GOh1052,A404C,-9.775
5110,GOh1052_A404D,GOh1052,A404D,-9.088
5111,GOh1052_A404E,GOh1052,A404E,-5.763
5113,GOh1052_A404G,GOh1052,A404G,-6.704
5116,GOh1052_A404K,GOh1052,A404K,-9.22
5117,GOh1052_A404L,GOh1052,A404L,-8.847
5118,GOh1052_A404M,GOh1052,A404M,-8.556
5119,GOh1052_A404N,GOh1052,A404N,-5.739
5122,GOh1052_A404R,GOh1052,A404R,-7.82
5123,GOh1052_A404S,GOh1052,A404S,-2.512
5124,GOh1052_A404T,GOh1052,A404T,-5.495
5125,GOh1052_A404V,GOh1052,A404V,-7.241
5127,GOh1052_A404Y,GOh1052,A404Y,-9.722
5128,GOh1052_D427A,GOh1052,D427A,-5.187
5129,GOh1052_D427C,GOh1052,D427C,-10.852
5130,GOh1052_D427E,GOh1052,D427E,-5.933
5131,GOh1052_D427F,GOh1052,D427F,-7.189
5135,GOh1052_D427K,GOh1052,D427K,-6.926
5136,GOh1052_D427L,GOh1052,D427L,-7.567
5137,GOh1052_D427M,GOh1052,D427M,-9.356
5139,GOh1052_D427P,GOh1052,D427P,-6.876
5140,GOh1052_D427Q,GOh1052,D427Q,-6.477
5142,GOh1052_D427S,GOh1052,D427S,-4.01
5143,GOh1052_D427T,GOh1052,D427T,-5.017
5144,GOh1052_D427V,GOh1052,D427V,-6.654
5145,GOh1052_D427W,GOh1052,D427W,-10.06
5146,GOh1052_D427Y,GOh1052,D427Y,-6.392
5147,GOh1052_T429A,GOh1052,T429A,-3.761
5148,GOh1052_T429C,GOh1052,T429C,-10.455
5149,GOh1052_T429D,GOh1052,T429D,-3.9
5150,GOh1052_T429E,GOh1052,T429E,-3.179
5151,GOh1052_T429F,GOh1052,T429F,-7.242
5154,GOh1052_T429I,GOh1052,T429I,-5.815
5156,GOh1052_T429L,GOh1052,T429L,-5.703
5157,GOh1052_T429M,GOh1052,T429M,-6.154
5159,GOh1052_T429P,GOh1052,T429P,-8.6
5160,GOh1052_T429Q,GOh1052,T429Q,-2.469
5162,GOh1052_T429S,GOh1052,T429S,-3.801
5163,GOh1052_T429V,GOh1052,T429V,-4.722
5164,GOh1052_T429W,GOh1052,T429W,-7.621
5165,GOh1052_T429Y,GOh1052,T429Y,-6.814
5166,GOh1052_D430A,GOh1052,D430A,-6.436
5168,GOh1052_D430E,GOh1052,D430E,-6.679
5169,GOh1052_D430F,GOh1052,D430F,-9.56
5170,GOh1052_D430G,GOh1052,D430G,-6.617
5171,GOh1052_D430H,GOh1052,D430H,-9.394
5172,GOh1052_D430I,GOh1052,D430I,-9.398
5173,GOh1052_D430K,GOh1052,D430K,-7.826
5174,GOh1052_D430L,GOh1052,D430L,-8.807
5175,GOh1052_D430M,GOh1052,D430M,-9.514
5176,GOh1052_D430N,GOh1052,D430N,-4.104
5178,GOh1052_D430Q,GOh1052,D430Q,-7.489
5179,GOh1052_D430R,GOh1052,D430R,-9.232
5181,GOh1052_D430T,GOh1052,D430T,-6.825
5182,GOh1052_D430V,GOh1052,D430V,-8.618
5183,GOh1052_D430W,GOh1052,D430W,-10.21
5184,GOh1052_D430Y,GOh1052,D430Y,-9.235
5223,GOh1052_N436A,GOh1052,N436A,-5.663
5225,GOh1052_N436D,GOh1052,N436D,-3.585
5226,GOh1052_N436E,GOh1052,N436E,-6.337
5227,GOh1052_N436F,GOh1052,N436F,-9.169
5228,GOh1052_N436G,GOh1052,N436G,-6.838
5229,GOh1052_N436H,GOh1052,N436H,-7.628
5231,GOh1052_N436K,GOh1052,N436K,-5.972
5232,GOh1052_N436L,GOh1052,N436L,-7.897
5233,GOh1052_N436M,GOh1052,N436M,-8.732
5234,GOh1052_N436P,GOh1052,N436P,-10.907
5235,GOh1052_N436Q,GOh1052,N436Q,-6.353
5236,GOh1052_N436R,GOh1052,N436R,-6.326
5237,GOh1052_N436S,GOh1052,N436S,-4.289
5238,GOh1052_N436T,GOh1052,N436T,-4.152
5239,GOh1052_N436V,GOh1052,N436V,-7.453
5241,GOh1052_N436Y,GOh1052,N436Y,-8.051
5243,GOh1052_G443C,GOh1052,G443C,-11.102
5246,GOh1052_G443F,GOh1052,G443F,-9.485
5247,GOh1052_G443H,GOh1052,G443H,-7.49
5248,GOh1052_G443I,GOh1052,G443I,-9.309
5251,GOh1052_G443M,GOh1052,G443M,-9.304
5252,GOh1052_G443N,GOh1052,G443N,-3.05
5253,GOh1052_G443P,GOh1052,G443P,-4.675
5255,GOh1052_G443R,GOh1052,G443R,-6.929
5256,GOh1052_G443S,GOh1052,G443S,-3.782
5257,GOh1052_G443T,GOh1052,G443T,-4.664
5258,GOh1052_G443V,GOh1052,G443V,-7.485
5259,GOh1052_G443W,GOh1052,G443W,-9.117
5260,GOh1052_G443Y,GOh1052,G443Y,-7.523
5262,GOh1052_T447C,GOh1052,T447C,-5.634
5263,GOh1052_T447D,GOh1052,T447D,-4.271
5264,GOh1052_T447E,GOh1052,T447E,-4.504
5265,GOh1052_T447F,GOh1052,T447F,-6.01
5266,GOh1052_T447G,GOh1052,T447G,-3.598
5268,GOh1052_T447I,GOh1052,T447I,-5.779
5270,GOh1052_T447L,GOh1052,T447L,-5.547
5271,GOh1052_T447M,GOh1052,T447M,-6.934
5272,GOh1052_T447N,GOh1052,T447N,-3.662
5273,GOh1052_T447P,GOh1052,T447P,-5.32
5275,GOh1052_T447R,GOh1052,T447R,-5.468
5276,GOh1052_T447S,GOh1052,T447S,-2.561
5277,GOh1052_T447V,GOh1052,T447V,-4.431
5278,GOh1052_T447W,GOh1052,T447W,-5.304
5279,GOh1052_T447Y,GOh1052,T447Y,-5.371
5282,GOh1052_S448D,GOh1052,S448D,-3.916
5283,GOh1052_S448E,GOh1052,S448E,-4.405
5285,GOh1052_S448G,GOh1052,S448G,-5.252
5287,GOh1052_S448I,GOh1052,S448I,-5.931
5289,GOh1052_S448L,GOh1052,S448L,-5.096
5291,GOh1052_S448N,GOh1052,S448N,-3.239
5292,GOh1052_S448P,GOh1052,S448P,-4.631
5293,GOh1052_S448Q,GOh1052,S448Q,-4.705
5294,GOh1052_S448R,GOh1052,S448R,-6.082
5295,GOh1052_S448T,GOh1052,S448T,-3.084
5296,GOh1052_S448V,GOh1052,S448V,-4.847
5297,GOh1052_S448W,GOh1052,S448W,-7.39
5300,GOh1052_N450C,GOh1052,N450C,-5.915
5301,GOh1052_N450D,GOh1052,N450D,-3.445
5303,GOh1052_N450F,GOh1052,N450F,-2.752
5304,GOh1052_N450G,GOh1052,N450G,-3.289
5305,GOh1052_N450H,GOh1052,N450H,-4.797
5309,GOh1052_N450M,GOh1052,N450M,-4.805
5310,GOh1052_N450P,GOh1052,N450P,0.964
5311,GOh1052_N450Q,GOh1052,N450Q,-2.405
5313,GOh1052_N450S,GOh1052,N450S,-1.362
5314,GOh1052_N450T,GOh1052,N450T,-1.512
5315,GOh1052_N450V,GOh1052,N450V,-1.715
5316,GOh1052_N450W,GOh1052,N450W,-3.772
5317,GOh1052_N450Y,GOh1052,N450Y,-2.512
5318,GOh1052_V452A,GOh1052,V452A,-2.854
5319,GOh1052_V452C,GOh1052,V452C,-8.579
5320,GOh1052_V452D,GOh1052,V452D,-4.139
5322,GOh1052_V452F,GOh1052,V452F,-5.79
5323,GOh1052_V452G,GOh1052,V452G,-4.134
5324,GOh1052_V452H,GOh1052,V452H,-5.671
5325,GOh1052_V452I,GOh1052,V452I,-5.154
5327,GOh1052_V452L,GOh1052,V452L,-5.097
5328,GOh1052_V452M,GOh1052,V452M,-6.358
5330,GOh1052_V452P,GOh1052,V452P,-4.704
5331,GOh1052_V452Q,GOh1052,V452Q,-3.077
5333,GOh1052_V452S,GOh1052,V452S,-1.715
5334,GOh1052_V452T,GOh1052,V452T,-1.959
5335,GOh1052_V452W,GOh1052,V452W,-3.262
5356,GOh1052_Y459A,GOh1052,Y459A,-0.375
5357,GOh1052_Y459C,GOh1052,Y459C,-7.897
5358,GOh1052_Y459D,GOh1052,Y459D,-2.512
5359,GOh1052_Y459E,GOh1052,Y459E,-2.59
5360,GOh1052_Y459F,GOh1052,Y459F,-4.148
5361,GOh1052_Y459G,GOh1052,Y459G,-0.996
5362,GOh1052_Y459H,GOh1052,Y459H,-1.527
5363,GOh1052_Y459I,GOh1052,Y459I,-4.511
5364,GOh1052_Y459K,GOh1052,Y459K,-1.835
5366,GOh1052_Y459M,GOh1052,Y459M,-4.683
5368,GOh1052_Y459P,GOh1052,Y459P,-2.995
5370,GOh1052_Y459R,GOh1052,Y459R,-2.393
5372,GOh1052_Y459T,GOh1052,Y459T,-1.264
5373,GOh1052_Y459V,GOh1052,Y459V,-3.639
5374,GOh1052_Y459W,GOh1052,Y459W,-6.029
5376,GOh1052_A461D,GOh1052,A461D,-6.886
5377,GOh1052_A461E,GOh1052,A461E,-5.345
5378,GOh1052_A461F,GOh1052,A461F,-9.357
5379,GOh1052_A461G,GOh1052,A461G,-3.806
5380,GOh1052_A461H,GOh1052,A461H,-7.19
5381,GOh1052_A461I,GOh1052,A461I,-9.21
5382,GOh1052_A461K,GOh1052,A461K,-4.514
5383,GOh1052_A461L,GOh1052,A461L,-8.677
5384,GOh1052_A461M,GOh1052,A461M,-9.327
5385,GOh1052_A461N,GOh1052,A461N,-5.154
5386,GOh1052_A461P,GOh1052,A461P,-3.019
5387,GOh1052_A461Q,GOh1052,A461Q,-5.309
5388,GOh1052_A461R,GOh1052,A461R,-5.059
5389,GOh1052_A461S,GOh1052,A461S,-4.905
5390,GOh1052_A461T,GOh1052,A461T,-5.505
5391,GOh1052_A461V,GOh1052,A461V,-7.824
5392,GOh1052_A461W,GOh1052,A461W,-10.484
5393,GOh1052_A461Y,GOh1052,A461Y,-7.923
5395,GOh1052_R482C,GOh1052,R482C,-11.666
5396,GOh1052_R482D,GOh1052,R482D,-6.249
5398,GOh1052_R482F,GOh1052,R482F,-7.853
5399,GOh1052_R482G,GOh1052,R482G,-4.516
5400,GOh1052_R482H,GOh1052,R482H,-5.871
5403,GOh1052_R482L,GOh1052,R482L,-5.302
5406,GOh1052_R482P,GOh1052,R482P,-5.194
5407,GOh1052_R482Q,GOh1052,R482Q,-2.929
5408,GOh1052_R482S,GOh1052,R482S,-4.197
5413,GOh1052_I485A,GOh1052,I485A,-6.412
5414,GOh1052_I485C,GOh1052,I485C,-11.585
5416,GOh1052_I485E,GOh1052,I485E,-6.527
5417,GOh1052_I485F,GOh1052,I485F,-6.448
5418,GOh1052_I485G,GOh1052,I485G,-9.009
5419,GOh1052_I485H,GOh1052,I485H,-6.713
5420,GOh1052_I485K,GOh1052,I485K,-5.406
5421,GOh1052_I485L,GOh1052,I485L,-3.486
5422,GOh1052_I485M,GOh1052,I485M,-6.059
5423,GOh1052_I485N,GOh1052,I485N,-6.194
5424,GOh1052_I485P,GOh1052,I485P,-10.073
5425,GOh1052_I485Q,GOh1052,I485Q,-5.826
5428,GOh1052_I485T,GOh1052,I485T,-5.103
5430,GOh1052_I485W,GOh1052,I485W,-8.574
5432,GOh1052_S490A,GOh1052,S490A,-3.852
5433,GOh1052_S490C,GOh1052,S490C,-12.055
5434,GOh1052_S490D,GOh1052,S490D,-3.947
5436,GOh1052_S490F,GOh1052,S490F,-6.882
5437,GOh1052_S490G,GOh1052,S490G,-4.933
5438,GOh1052_S490H,GOh1052,S490H,-7.625
5439,GOh1052_S490I,GOh1052,S490I,-7.006
5440,GOh1052_S490K,GOh1052,S490K,-5.65
5441,GOh1052_S490L,GOh1052,S490L,-6.282
5442,GOh1052_S490M,GOh1052,S490M,-7.854
5443,GOh1052_S490N,GOh1052,S490N,-4.364
5444,GOh1052_S490P,GOh1052,S490P,-7.594
5445,GOh1052_S490Q,GOh1052,S490Q,-5.974
5446,GOh1052_S490R,GOh1052,S490R,-6.575
5447,GOh1052_S490T,GOh1052,S490T,-3.887
5448,GOh1052_S490V,GOh1052,S490V,-6.268
5450,GOh1052_S490Y,GOh1052,S490Y,-6.527
5451,GOh1052_T495A,GOh1052,T495A,-3.408
5453,GOh1052_T495D,GOh1052,T495D,-4.26
5454,GOh1052_T495E,GOh1052,T495E,-3.141
5455,GOh1052_T495F,GOh1052,T495F,-5.786
5456,GOh1052_T495G,GOh1052,T495G,-7.993
5458,GOh1052_T495I,GOh1052,T495I,-2.848
5460,GOh1052_T495L,GOh1052,T495L,-4.047
5461,GOh1052_T495M,GOh1052,T495M,-5.4
5462,GOh1052_T495N,GOh1052,T495N,-3.244
5463,GOh1052_T495P,GOh1052,T495P,-7.243
5464,GOh1052_T495Q,GOh1052,T495Q,-3.179
5465,GOh1052_T495R,GOh1052,T495R,-6.792
5466,GOh1052_T495S,GOh1052,T495S,-4.953
5469,GOh1052_T495Y,GOh1052,T495Y,-4.809
5471,GOh1052_V500C,GOh1052,V500C,-7.255
5473,GOh1052_V500E,GOh1052,V500E,-5.902
5476,GOh1052_V500H,GOh1052,V500H,-3.297
5477,GOh1052_V500I,GOh1052,V500I,-3.939
5478,GOh1052_V500K,GOh1052,V500K,-3.36
5480,GOh1052_V500M,GOh1052,V500M,-5.829
5482,GOh1052_V500P,GOh1052,V500P,-9.93
5484,GOh1052_V500R,GOh1052,V500R,-3.681
5485,GOh1052_V500S,GOh1052,V500S,-2.777
5488,GOh1052_V500Y,GOh1052,V500Y,-3.382
5489,GOh1052_E502A,GOh1052,E502A,-2.636
5490,GOh1052_E502C,GOh1052,E502C,-10.011
5491,GOh1052_E502D,GOh1052,E502D,-3.391
5492,GOh1052_E502F,GOh1052,E502F,-7.926
5493,GOh1052_E502G,GOh1052,E502G,-3.595
5494,GOh1052_E502H,GOh1052,E502H,-7.764
5495,GOh1052_E502I,GOh1052,E502I,-7.692
5496,GOh1052_E502K,GOh1052,E502K,-4.718
5497,GOh1052_E502L,GOh1052,E502L,-6.609
5498,GOh1052_E502M,GOh1052,E502M,-8.464
5499,GOh1052_E502N,GOh1052,E502N,-4.497
5500,GOh1052_E502P,GOh1052,E502P,-9.005
5501,GOh1052_E502Q,GOh1052,E502Q,-4.567
5502,GOh1052_E502R,GOh1052,E502R,-6.209
5503,GOh1052_E502S,GOh1052,E502S,-1.638
5505,GOh1052_E502V,GOh1052,E502V,-6.777
5506,GOh1052_E502W,GOh1052,E502W,-7.798
5509,GOh1052_D504C,GOh1052,D504C,-13.15
5510,GOh1052_D504E,GOh1052,D504E,-4.44
5512,GOh1052_D504G,GOh1052,D504G,-4.394
5513,GOh1052_D504H,GOh1052,D504H,-8.109
5514,GOh1052_D504I,GOh1052,D504I,-11.062
5515,GOh1052_D504K,GOh1052,D504K,-4.853
5516,GOh1052_D504L,GOh1052,D504L,-9.67
5517,GOh1052_D504M,GOh1052,D504M,-9.956
5518,GOh1052_D504N,GOh1052,D504N,-2.226
5521,GOh1052_D504R,GOh1052,D504R,-6.242
5523,GOh1052_D504T,GOh1052,D504T,-8.357
5524,GOh1052_D504V,GOh1052,D504V,-9.327
5525,GOh1052_D504W,GOh1052,D504W,-11.783
5526,GOh1052_D504Y,GOh1052,D504Y,-10.398
5527,GOh1052_Y507A,GOh1052,Y507A,-4.116
5528,GOh1052_Y507C,GOh1052,Y507C,-8.141
5529,GOh1052_Y507D,GOh1052,Y507D,-7.319
5531,GOh1052_Y507F,GOh1052,Y507F,-4.53
5532,GOh1052_Y507G,GOh1052,Y507G,-7.161
5533,GOh1052_Y507H,GOh1052,Y507H,-5.314
5534,GOh1052_Y507I,GOh1052,Y507I,-1.316
5535,GOh1052_Y507K,GOh1052,Y507K,-2.173
5537,GOh1052_Y507M,GOh1052,Y507M,-5.468
5538,GOh1052_Y507N,GOh1052,Y507N,-5.962
5539,GOh1052_Y507P,GOh1052,Y507P,-11.118
5540,GOh1052_Y507Q,GOh1052,Y507Q,-3.419
5541,GOh1052_Y507R,GOh1052,Y507R,-2.405
5542,GOh1052_Y507S,GOh1052,Y507S,-2.925
5543,GOh1052_Y507T,GOh1052,Y507T,-1.226
5544,GOh1052_Y507V,GOh1052,Y507V,-1.041
5545,GOh1052_Y507W,GOh1052,Y507W,-6.369
5546,GOh1052_K508A,GOh1052,K508A,-3.386
5547,GOh1052_K508C,GOh1052,K508C,-9.391
5549,GOh1052_K508E,GOh1052,K508E,-4.479
5550,GOh1052_K508F,GOh1052,K508F,-5.598
5552,GOh1052_K508H,GOh1052,K508H,-6.044
5553,GOh1052_K508I,GOh1052,K508I,-4.635
5554,GOh1052_K508L,GOh1052,K508L,-4.09
5555,GOh1052_K508M,GOh1052,K508M,-5.436
5556,GOh1052_K508N,GOh1052,K508N,-4.722
5558,GOh1052_K508Q,GOh1052,K508Q,-2.905
5560,GOh1052_K508S,GOh1052,K508S,-3.971
5561,GOh1052_K508T,GOh1052,K508T,-2.54
5562,GOh1052_K508V,GOh1052,K508V,-3.687
5563,GOh1052_K508W,GOh1052,K508W,-6.818
5564,GOh1052_K508Y,GOh1052,K508Y,-4.36
5565,GOh1052_T542A,GOh1052,T542A,-4.409
5566,GOh1052_T542C,GOh1052,T542C,-10.49
5568,GOh1052_T542E,GOh1052,T542E,-6.199
5570,GOh1052_T542G,GOh1052,T542G,-4.872
5571,GOh1052_T542H,GOh1052,T542H,-6.749
5573,GOh1052_T542K,GOh1052,T542K,-4.743
5575,GOh1052_T542M,GOh1052,T542M,-8.023
5576,GOh1052_T542N,GOh1052,T542N,-4.648
5577,GOh1052_T542P,GOh1052,T542P,-6.363
5578,GOh1052_T542Q,GOh1052,T542Q,-5.784
5579,GOh1052_T542R,GOh1052,T542R,-6.053
5580,GOh1052_T542S,GOh1052,T542S,-2.989
5582,GOh1052_T542W,GOh1052,T542W,-10.215
5584,GOh1052_F546A,GOh1052,F546A,-7.781
5585,GOh1052_F546C,GOh1052,F546C,-11.688
5586,GOh1052_F546D,GOh1052,F546D,-9.481
5587,GOh1052_F546E,GOh1052,F546E,-9.567
5588,GOh1052_F546G,GOh1052,F546G,-9.47
5589,GOh1052_F546H,GOh1052,F546H,-6.798
5590,GOh1052_F546I,GOh1052,F546I,-8.291
5591,GOh1052_F546K,GOh1052,F546K,-7.948
5592,GOh1052_F546L,GOh1052,F546L,-4.708
5593,GOh1052_F546M,GOh1052,F546M,-7.161
5594,GOh1052_F546N,GOh1052,F546N,-7.999
5595,GOh1052_F546P,GOh1052,F546P,-5.402
5597,GOh1052_F546R,GOh1052,F546R,-8.046
5599,GOh1052_F546T,GOh1052,F546T,-7.318
5600,GOh1052_F546V,GOh1052,F546V,-8.125
5601,GOh1052_F546W,GOh1052,F546W,-7.622
5602,GOh1052_F546Y,GOh1052,F546Y,-3.391
5603,GOh1052_A548C,GOh1052,A548C,-10.444
5605,GOh1052_A548E,GOh1052,A548E,-11.244
5606,GOh1052_A548F,GOh1052,A548F,-9.422
5607,GOh1052_A548G,GOh1052,A548G,-3.248
5608,GOh1052_A548H,GOh1052,A548H,-10.701
5612,GOh1052_A548M,GOh1052,A548M,-8.205
5613,GOh1052_A548N,GOh1052,A548N,-8.989
5614,GOh1052_A548P,GOh1052,A548P,-10.803
5615,GOh1052_A548Q,GOh1052,A548Q,-10.294
5616,GOh1052_A548R,GOh1052,A548R,-14.027
5617,GOh1052_A548S,GOh1052,A548S,-6.573
5618,GOh1052_A548T,GOh1052,A548T,-7.106
5619,GOh1052_A548V,GOh1052,A548V,-7.125
5621,GOh1052_A548Y,GOh1052,A548Y,-10.746
5679,GOh1052_D558A,GOh1052,D558A,-9.541
5680,GOh1052_D558C,GOh1052,D558C,-15.634
5681,GOh1052_D558E,GOh1052,D558E,-10.37
5682,GOh1052_D558F,GOh1052,D558F,-13.383
5683,GOh1052_D558G,GOh1052,D558G,-7.813
5685,GOh1052_D558I,GOh1052,D558I,-13.412
5686,GOh1052_D558K,GOh1052,D558K,-10.23
5689,GOh1052_D558N,GOh1052,D558N,-7.238
5690,GOh1052_D558P,GOh1052,D558P,-12.832
5691,GOh1052_D558Q,GOh1052,D558Q,-9.434
5692,GOh1052_D558R,GOh1052,D558R,-11.861
5694,GOh1052_D558T,GOh1052,D558T,-8.613
5695,GOh1052_D558V,GOh1052,D558V,-12.94
5696,GOh1052_D558W,GOh1052,D558W,-14.404
5697,GOh1052_D558Y,GOh1052,D558Y,-11.436
5698,GOh1052_S559A,GOh1052,S559A,-3.665
5699,GOh1052_S559C,GOh1052,S559C,-12.419
5700,GOh1052_S559D,GOh1052,S559D,-6.537
5701,GOh1052_S559E,GOh1052,S559E,-5.136
5703,GOh1052_S559G,GOh1052,S559G,-5.268
5704,GOh1052_S559H,GOh1052,S559H,-9.1
5706,GOh1052_S559K,GOh1052,S559K,-4.733
5707,GOh1052_S559L,GOh1052,S559L,-7.852
5708,GOh1052_S559M,GOh1052,S559M,-9.281
5709,GOh1052_S559N,GOh1052,S559N,-5.534
5710,GOh1052_S559P,GOh1052,S559P,-6.974
5711,GOh1052_S559Q,GOh1052,S559Q,-5.041
5712,GOh1052_S559R,GOh1052,S559R,-6.84
5713,GOh1052_S559T,GOh1052,S559T,-5.129
5714,GOh1052_S559V,GOh1052,S559V,-6.665
5715,GOh1052_S559W,GOh1052,S559W,-11.196
5736,GOh1052_L563A,GOh1052,L563A,-3.609
5737,GOh1052_L563C,GOh1052,L563C,-11.363
5740,GOh1052_L563F,GOh1052,L563F,-6.072
5742,GOh1052_L563H,GOh1052,L563H,-7.999
5747,GOh1052_L563P,GOh1052,L563P,-2.928
5748,GOh1052_L563Q,GOh1052,L563Q,-4.728
5749,GOh1052_L563R,GOh1052,L563R,-5.692
5750,GOh1052_L563S,GOh1052,L563S,-5.11
5752,GOh1052_L563V,GOh1052,L563V,-4.778
5754,GOh1052_L563Y,GOh1052,L563Y,-5.524
5755,GOh1052_T565A,GOh1052,T565A,-4.17
5756,GOh1052_T565C,GOh1052,T565C,-11.657
5757,GOh1052_T565D,GOh1052,T565D,-5.987
5758,GOh1052_T565E,GOh1052,T565E,-5.598
5760,GOh1052_T565G,GOh1052,T565G,-6.801
5761,GOh1052_T565H,GOh1052,T565H,-8.046
5762,GOh1052_T565I,GOh1052,T565I,-6.348
5763,GOh1052_T565K,GOh1052,T565K,-5.324
5764,GOh1052_T565L,GOh1052,T565L,-6.439
5765,GOh1052_T565M,GOh1052,T565M,-8.165
5766,GOh1052_T565N,GOh1052,T565N,-4.999
5767,GOh1052_T565P,GOh1052,T565P,-3.974
5768,GOh1052_T565Q,GOh1052,T565Q,-4.23
5769,GOh1052_T565R,GOh1052,T565R,-6.028
5770,GOh1052_T565S,GOh1052,T565S,-4.013
5771,GOh1052_T565V,GOh1052,T565V,-4.682
5772,GOh1052_T565W,GOh1052,T565W,-10.652
5773,GOh1052_T565Y,GOh1052,T565Y,-8.196
5775,GOh1052_K568C,GOh1052,K568C,-11.317
5776,GOh1052_K568D,GOh1052,K568D,-7.894
5777,GOh1052_K568E,GOh1052,K568E,-6.406
5778,GOh1052_K568F,GOh1052,K568F,-8.707
5782,GOh1052_K568L,GOh1052,K568L,-6.267
5784,GOh1052_K568N,GOh1052,K568N,-5.235
5785,GOh1052_K568P,GOh1052,K568P,-9.826
5786,GOh1052_K568Q,GOh1052,K568Q,-4.961
5787,GOh1052_K568R,GOh1052,K568R,-4.661
5788,GOh1052_K568S,GOh1052,K568S,-3.998
5789,GOh1052_K568T,GOh1052,K568T,-3.658
5790,GOh1052_K568V,GOh1052,K568V,-4.254
5791,GOh1052_K568W,GOh1052,K568W,-9.93
5792,GOh1052_K568Y,GOh1052,K568Y,-8.226
5793,GOh1052_R571A,GOh1052,R571A,-1.121
5794,GOh1052_R571C,GOh1052,R571C,-6.383
5795,GOh1052_R571D,GOh1052,R571D,-2.486
5796,GOh1052_R571E,GOh1052,R571E,-2.757
5797,GOh1052_R571F,GOh1052,R571F,-5.087
5799,GOh1052_R571H,GOh1052,R571H,-4.9
5800,GOh1052_R571I,GOh1052,R571I,-5.621
5801,GOh1052_R571K,GOh1052,R571K,-2.43
5802,GOh1052_R571L,GOh1052,R571L,-4.524
5803,GOh1052_R571M,GOh1052,R571M,-6.071
5804,GOh1052_R571N,GOh1052,R571N,-0.918
5806,GOh1052_R571Q,GOh1052,R571Q,-2.185
5807,GOh1052_R571S,GOh1052,R571S,1.247
5808,GOh1052_R571T,GOh1052,R571T,-1.558
5809,GOh1052_R571V,GOh1052,R571V,-4.463
5810,GOh1052_R571W,GOh1052,R571W,-5.965
5811,GOh1052_R571Y,GOh1052,R571Y,-3.99
5812,GOh1052_T574A,GOh1052,T574A,-2.85
5814,GOh1052_T574D,GOh1052,T574D,-5.432
5815,GOh1052_T574E,GOh1052,T574E,-6.258
5817,GOh1052_T574G,GOh1052,T574G,-4.995
5818,GOh1052_T574H,GOh1052,T574H,-8.116
5821,GOh1052_T574L,GOh1052,T574L,-6.9
5822,GOh1052_T574M,GOh1052,T574M,-8.091
5823,GOh1052_T574N,GOh1052,T574N,-5.158
5824,GOh1052_T574P,GOh1052,T574P,-5.389
5826,GOh1052_T574R,GOh1052,T574R,-6.848
5827,GOh1052_T574S,GOh1052,T574S,-3.11
5828,GOh1052_T574V,GOh1052,T574V,-5.194
5829,GOh1052_T574W,GOh1052,T574W,-9.489
5830,GOh1052_T574Y,GOh1052,T574Y,-7.968
5831,GOh1052_Q575A,GOh1052,Q575A,-2.334
5833,GOh1052_Q575D,GOh1052,Q575D,-2.174
5834,GOh1052_Q575E,GOh1052,Q575E,-3.609
5835,GOh1052_Q575F,GOh1052,Q575F,-6.375
5837,GOh1052_Q575H,GOh1052,Q575H,-5.531
5838,GOh1052_Q575I,GOh1052,Q575I,-6.089
5839,GOh1052_Q575K,GOh1052,Q575K,-2.519
5840,GOh1052_Q575L,GOh1052,Q575L,-5.008
5841,GOh1052_Q575M,GOh1052,Q575M,-6.094
5842,GOh1052_Q575N,GOh1052,Q575N,-1.713
5843,GOh1052_Q575P,GOh1052,Q575P,-3.627
5844,GOh1052_Q575R,GOh1052,Q575R,-3.407
5845,GOh1052_Q575S,GOh1052,Q575S,-0.356
5846,GOh1052_Q575T,GOh1052,Q575T,-0.637
5847,GOh1052_Q575V,GOh1052,Q575V,-5.052
5848,GOh1052_Q575W,GOh1052,Q575W,-7.253
5849,GOh1052_Q575Y,GOh1052,Q575Y,-4.884
5850,GOh1052_S576A,GOh1052,S576A,-5.385
5851,GOh1052_S576C,GOh1052,S576C,-9.458
5852,GOh1052_S576D,GOh1052,S576D,-4.466
5853,GOh1052_S576E,GOh1052,S576E,-4.483
5855,GOh1052_S576G,GOh1052,S576G,-7.123
5857,GOh1052_S576I,GOh1052,S576I,-6.927
5858,GOh1052_S576K,GOh1052,S576K,-5.817
5860,GOh1052_S576M,GOh1052,S576M,-8.06
5861,GOh1052_S576N,GOh1052,S576N,-3.98
5863,GOh1052_S576Q,GOh1052,S576Q,-4.722
5864,GOh1052_S576R,GOh1052,S576R,-6.373
5865,GOh1052_S576T,GOh1052,S576T,-3.552
5866,GOh1052_S576V,GOh1052,S576V,-5.878
5867,GOh1052_S576W,GOh1052,S576W,-9.09
5868,GOh1052_S576Y,GOh1052,S576Y,-7.151
5869,GOh1052_K578A,GOh1052,K578A,-2.658
5873,GOh1052_K578F,GOh1052,K578F,-6.987
5874,GOh1052_K578G,GOh1052,K578G,-3.621
5876,GOh1052_K578I,GOh1052,K578I,-6.37
5877,GOh1052_K578L,GOh1052,K578L,-5.71
5879,GOh1052_K578N,GOh1052,K578N,-3.968
5882,GOh1052_K578R,GOh1052,K578R,-3.995
5883,GOh1052_K578S,GOh1052,K578S,-2.785
5885,GOh1052_K578V,GOh1052,K578V,-4.646
5887,GOh1052_K578Y,GOh1052,K578Y,-6.172
5889,GOh1052_V579C,GOh1052,V579C,-10.167
5890,GOh1052_V579D,GOh1052,V579D,-10.205
5891,GOh1052_V579E,GOh1052,V579E,-8.874
5892,GOh1052_V579F,GOh1052,V579F,-5.746
5893,GOh1052_V579G,GOh1052,V579G,-8.515
5894,GOh1052_V579H,GOh1052,V579H,-7.142
5895,GOh1052_V579I,GOh1052,V579I,-4.528
5896,GOh1052_V579K,GOh1052,V579K,-7.427
5898,GOh1052_V579M,GOh1052,V579M,-6.727
5899,GOh1052_V579N,GOh1052,V579N,-7.76
5901,GOh1052_V579Q,GOh1052,V579Q,-6.671
5902,GOh1052_V579R,GOh1052,V579R,-6.182
5903,GOh1052_V579S,GOh1052,V579S,-6.836
5904,GOh1052_V579T,GOh1052,V579T,-5.706
5906,GOh1052_V579Y,GOh1052,V579Y,-5.43
5907,GOh1052_G581A,GOh1052,G581A,-6.172
5909,GOh1052_G581D,GOh1052,G581D,-4.67
5911,GOh1052_G581F,GOh1052,G581F,-11.709
5912,GOh1052_G581H,GOh1052,G581H,-8.852
5913,GOh1052_G581I,GOh1052,G581I,-11.892
5914,GOh1052_G581K,GOh1052,G581K,-6.843
5915,GOh1052_G581L,GOh1052,G581L,-11.036
5916,GOh1052_G581M,GOh1052,G581M,-10.071
5917,GOh1052_G581N,GOh1052,G581N,-5.458
5918,GOh1052_G581P,GOh1052,G581P,-12.324
5919,GOh1052_G581Q,GOh1052,G581Q,-4.557
5920,GOh1052_G581R,GOh1052,G581R,-7.289
5921,GOh1052_G581S,GOh1052,G581S,-4.243
5923,GOh1052_G581V,GOh1052,G581V,-10.132
5924,GOh1052_G581W,GOh1052,G581W,-12.1
5926,GOh1052_R582A,GOh1052,R582A,-3.556
5927,GOh1052_R582C,GOh1052,R582C,-9.805
5930,GOh1052_R582F,GOh1052,R582F,-5.979
5931,GOh1052_R582G,GOh1052,R582G,-5.143
5932,GOh1052_R582H,GOh1052,R582H,-5.771
5936,GOh1052_R582M,GOh1052,R582M,-4.747
5937,GOh1052_R582N,GOh1052,R582N,-1.829
5938,GOh1052_R582P,GOh1052,R582P,-5.596
5939,GOh1052_R582Q,GOh1052,R582Q,-2.816
5941,GOh1052_R582T,GOh1052,R582T,-0.173
5944,GOh1052_R582Y,GOh1052,R582Y,-5.401
5945,GOh1052_T584A,GOh1052,T584A,-5.743
5947,GOh1052_T584D,GOh1052,T584D,-4.119
5948,GOh1052_T584E,GOh1052,T584E,-5.145
5949,GOh1052_T584F,GOh1052,T584F,-7.66
5950,GOh1052_T584G,GOh1052,T584G,-6.004
5951,GOh1052_T584H,GOh1052,T584H,-7.967
5952,GOh1052_T584I,GOh1052,T584I,-7.17
5953,GOh1052_T584K,GOh1052,T584K,-6.71
5954,GOh1052_T584L,GOh1052,T584L,-7.212
5955,GOh1052_T584M,GOh1052,T584M,-8.098
5956,GOh1052_T584N,GOh1052,T584N,-3.904
5958,GOh1052_T584Q,GOh1052,T584Q,-5.183
5961,GOh1052_T584V,GOh1052,T584V,-6.084
5962,GOh1052_T584W,GOh1052,T584W,-8.085
5963,GOh1052_T584Y,GOh1052,T584Y,-6.456
5964,GOh1052_S586A,GOh1052,S586A,-4.508
5965,GOh1052_S586C,GOh1052,S586C,-9.808
5967,GOh1052_S586E,GOh1052,S586E,-3.248
5968,GOh1052_S586F,GOh1052,S586F,-6.51
5971,GOh1052_S586I,GOh1052,S586I,-7.104
5972,GOh1052_S586K,GOh1052,S586K,-5.336
5973,GOh1052_S586L,GOh1052,S586L,-6.633
5974,GOh1052_S586M,GOh1052,S586M,-7.22
5976,GOh1052_S586P,GOh1052,S586P,-9.637
5977,GOh1052_S586Q,GOh1052,S586Q,-3.493
5978,GOh1052_S586R,GOh1052,S586R,-5.468
5979,GOh1052_S586T,GOh1052,S586T,-2.371
5980,GOh1052_S586V,GOh1052,S586V,-5.952
5981,GOh1052_S586W,GOh1052,S586W,-6.717
5982,GOh1052_S586Y,GOh1052,S586Y,-4.32
5983,GOh1052_D588A,GOh1052,D588A,-6.858
5984,GOh1052_D588C,GOh1052,D588C,-14.541
5985,GOh1052_D588E,GOh1052,D588E,-8.482
5987,GOh1052_D588G,GOh1052,D588G,-6.568
5988,GOh1052_D588H,GOh1052,D588H,-11.348
5989,GOh1052_D588I,GOh1052,D588I,-11.452
5990,GOh1052_D588K,GOh1052,D588K,-9.823
5991,GOh1052_D588L,GOh1052,D588L,-10.729
5993,GOh1052_D588N,GOh1052,D588N,-4.261
5995,GOh1052_D588Q,GOh1052,D588Q,-8.087
5997,GOh1052_D588S,GOh1052,D588S,-3.753
5998,GOh1052_D588T,GOh1052,D588T,-5.324
5999,GOh1052_D588V,GOh1052,D588V,-9.98
6000,GOh1052_D588W,GOh1052,D588W,-12.779
6001,GOh1052_D588Y,GOh1052,D588Y,-10.877
6002,GOh1052_S589A,GOh1052,S589A,-5.878
6003,GOh1052_S589C,GOh1052,S589C,-13.808
6004,GOh1052_S589D,GOh1052,S589D,-7.986
6006,GOh1052_S589F,GOh1052,S589F,-11.366
6007,GOh1052_S589G,GOh1052,S589G,-5.563
6009,GOh1052_S589I,GOh1052,S589I,-10.596
6010,GOh1052_S589K,GOh1052,S589K,-8.115
6012,GOh1052_S589M,GOh1052,S589M,-10.692
6014,GOh1052_S589P,GOh1052,S589P,-11.022
6015,GOh1052_S589Q,GOh1052,S589Q,-5.97
6017,GOh1052_S589T,GOh1052,S589T,-5.685
6018,GOh1052_S589V,GOh1052,S589V,-8.72
6019,GOh1052_S589W,GOh1052,S589W,-13.231
6020,GOh1052_S589Y,GOh1052,S589Y,-10.608
6021,GOh1052_S590A,GOh1052,S590A,-2.478
6022,GOh1052_S590C,GOh1052,S590C,-12.804
6025,GOh1052_S590F,GOh1052,S590F,-8.963
6026,GOh1052_S590G,GOh1052,S590G,-5.412
6027,GOh1052_S590H,GOh1052,S590H,-9.021
6029,GOh1052_S590K,GOh1052,S590K,-5.455
6030,GOh1052_S590L,GOh1052,S590L,-6.685
6032,GOh1052_S590N,GOh1052,S590N,-3.734
6035,GOh1052_S590R,GOh1052,S590R,-6.674
6037,GOh1052_S590V,GOh1052,S590V,-5.103
6038,GOh1052_S590W,GOh1052,S590W,-10.449
6039,GOh1052_S590Y,GOh1052,S590Y,-8.446
6041,GOh1052_T592C,GOh1052,T592C,-12.731
6042,GOh1052_T592D,GOh1052,T592D,-6.164
6043,GOh1052_T592E,GOh1052,T592E,-6.333
6044,GOh1052_T592F,GOh1052,T592F,-8.615
6045,GOh1052_T592G,GOh1052,T592G,-5.283
6046,GOh1052_T592H,GOh1052,T592H,-9.412
6047,GOh1052_T592I,GOh1052,T592I,-7.607
6048,GOh1052_T592K,GOh1052,T592K,-6.204
6050,GOh1052_T592M,GOh1052,T592M,-8.628
6051,GOh1052_T592N,GOh1052,T592N,-5.354
6052,GOh1052_T592P,GOh1052,T592P,-7.757
6054,GOh1052_T592R,GOh1052,T592R,-7.102
6056,GOh1052_T592V,GOh1052,T592V,-5.009
6057,GOh1052_T592W,GOh1052,T592W,-9.551
6058,GOh1052_T592Y,GOh1052,T592Y,-7.4
6060,GOh1052_K593C,GOh1052,K593C,-12.787
6061,GOh1052_K593D,GOh1052,K593D,-6.655
6064,GOh1052_K593G,GOh1052,K593G,-5.752
6066,GOh1052_K593I,GOh1052,K593I,-9.484
6067,GOh1052_K593L,GOh1052,K593L,-8.197
6068,GOh1052_K593M,GOh1052,K593M,-7.837
6069,GOh1052_K593N,GOh1052,K593N,-4.799
6070,GOh1052_K593P,GOh1052,K593P,-13.053
6071,GOh1052_K593Q,GOh1052,K593Q,-4.431
6072,GOh1052_K593R,GOh1052,K593R,-5.167
6073,GOh1052_K593S,GOh1052,K593S,-2.94
6074,GOh1052_K593T,GOh1052,K593T,-4.173
6076,GOh1052_K593W,GOh1052,K593W,-10.103
6077,GOh1052_K593Y,GOh1052,K593Y,-8.368
6078,GOh1052_A594C,GOh1052,A594C,-12.708
6079,GOh1052_A594D,GOh1052,A594D,-13.978
6080,GOh1052_A594E,GOh1052,A594E,-13.82
6081,GOh1052_A594F,GOh1052,A594F,-11.528
6082,GOh1052_A594G,GOh1052,A594G,-6.303
6083,GOh1052_A594H,GOh1052,A594H,-14.929
6084,GOh1052_A594I,GOh1052,A594I,-11.179
6085,GOh1052_A594K,GOh1052,A594K,-16.504
6088,GOh1052_A594N,GOh1052,A594N,-14.155
6089,GOh1052_A594P,GOh1052,A594P,-11.055
6092,GOh1052_A594S,GOh1052,A594S,-9.232
6093,GOh1052_A594T,GOh1052,A594T,-9.253
6094,GOh1052_A594V,GOh1052,A594V,-7.454
6116,GOh1052_Y599A,GOh1052,Y599A,-6.823
6117,GOh1052_Y599C,GOh1052,Y599C,-9.429
6118,GOh1052_Y599D,GOh1052,Y599D,-9.24
6119,GOh1052_Y599E,GOh1052,Y599E,-8.467
6121,GOh1052_Y599G,GOh1052,Y599G,-9.158
6122,GOh1052_Y599H,GOh1052,Y599H,-5.846
6124,GOh1052_Y599K,GOh1052,Y599K,-9.979
6125,GOh1052_Y599L,GOh1052,Y599L,-2.021
6126,GOh1052_Y599M,GOh1052,Y599M,-1.988
6127,GOh1052_Y599N,GOh1052,Y599N,-3.339
6129,GOh1052_Y599Q,GOh1052,Y599Q,-6.089
6130,GOh1052_Y599R,GOh1052,Y599R,-9.379
6132,GOh1052_Y599T,GOh1052,Y599T,-4.309
6134,GOh1052_Y599W,GOh1052,Y599W,-5.444
6155,GOh1052_A602D,GOh1052,A602D,-8.668
6156,GOh1052_A602E,GOh1052,A602E,-9.492
6157,GOh1052_A602F,GOh1052,A602F,-10.263
6158,GOh1052_A602G,GOh1052,A602G,-8.965
6159,GOh1052_A602H,GOh1052,A602H,-9.923
6160,GOh1052_A602I,GOh1052,A602I,-7.207
6161,GOh1052_A602K,GOh1052,A602K,-11.602
6162,GOh1052_A602L,GOh1052,A602L,-8.638
6164,GOh1052_A602N,GOh1052,A602N,-6.454
6165,GOh1052_A602P,GOh1052,A602P,-7.661
6166,GOh1052_A602Q,GOh1052,A602Q,-6.837
6168,GOh1052_A602S,GOh1052,A602S,-4.309
6169,GOh1052_A602T,GOh1052,A602T,-4.759
6170,GOh1052_A602V,GOh1052,A602V,-3.9
6171,GOh1052_A602W,GOh1052,A602W,-11.668
6211,GOh1052_T616A,GOh1052,T616A,-5.599
6212,GOh1052_T616C,GOh1052,T616C,-12.991
6213,GOh1052_T616D,GOh1052,T616D,-6.473
6214,GOh1052_T616E,GOh1052,T616E,-6.267
6215,GOh1052_T616F,GOh1052,T616F,-9.501
6217,GOh1052_T616H,GOh1052,T616H,-9.573
6218,GOh1052_T616I,GOh1052,T616I,-7.427
6219,GOh1052_T616K,GOh1052,T616K,-6.275
6220,GOh1052_T616L,GOh1052,T616L,-7.642
6221,GOh1052_T616M,GOh1052,T616M,-8.646
6222,GOh1052_T616N,GOh1052,T616N,-5.331
6223,GOh1052_T616P,GOh1052,T616P,-7.206
6224,GOh1052_T616Q,GOh1052,T616Q,-6.015
6225,GOh1052_T616R,GOh1052,T616R,-7.399
6226,GOh1052_T616S,GOh1052,T616S,-4.702
6227,GOh1052_T616V,GOh1052,T616V,-6.117
6228,GOh1052_T616W,GOh1052,T616W,-10.856
6229,GOh1052_T616Y,GOh1052,T616Y,-8.824
6230,GOh1052_L617A,GOh1052,L617A,-5.623
6231,GOh1052_L617C,GOh1052,L617C,-10.328
6232,GOh1052_L617D,GOh1052,L617D,-9.548
6233,GOh1052_L617E,GOh1052,L617E,-8.92
6235,GOh1052_L617G,GOh1052,L617G,-7.246
6236,GOh1052_L617H,GOh1052,L617H,-9.024
6237,GOh1052_L617I,GOh1052,L617I,-4.341
6238,GOh1052_L617K,GOh1052,L617K,-8.451
6239,GOh1052_L617M,GOh1052,L617M,-5.774
6242,GOh1052_L617Q,GOh1052,L617Q,-7.785
6243,GOh1052_L617R,GOh1052,L617R,-8.56
6245,GOh1052_L617T,GOh1052,L617T,-5.375
6246,GOh1052_L617V,GOh1052,L617V,-4.046
6247,GOh1052_L617W,GOh1052,L617W,-7.924
6249,GOh1052_T618A,GOh1052,T618A,-6.159
6250,GOh1052_T618C,GOh1052,T618C,-12.394
6251,GOh1052_T618D,GOh1052,T618D,-7.297
6252,GOh1052_T618E,GOh1052,T618E,-6.785
6256,GOh1052_T618I,GOh1052,T618I,-6.147
6257,GOh1052_T618K,GOh1052,T618K,-7.582
6258,GOh1052_T618L,GOh1052,T618L,-6.785
6259,GOh1052_T618M,GOh1052,T618M,-8.861
6261,GOh1052_T618P,GOh1052,T618P,-10.916
6262,GOh1052_T618Q,GOh1052,T618Q,-6.247
6263,GOh1052_T618R,GOh1052,T618R,-7.247
6265,GOh1052_T618V,GOh1052,T618V,-5.414
6267,GOh1052_T618Y,GOh1052,T618Y,-7.766
6271,GOh1052_N619E,GOh1052,N619E,-6.929
6272,GOh1052_N619F,GOh1052,N619F,-8.822
6273,GOh1052_N619G,GOh1052,N619G,-5.178
6274,GOh1052_N619H,GOh1052,N619H,-6.076
6275,GOh1052_N619I,GOh1052,N619I,-8.68
6276,GOh1052_N619K,GOh1052,N619K,-5.16
6277,GOh1052_N619L,GOh1052,N619L,-7.034
6278,GOh1052_N619M,GOh1052,N619M,-8.572
6279,GOh1052_N619P,GOh1052,N619P,-4.109
6280,GOh1052_N619Q,GOh1052,N619Q,-5.224
6281,GOh1052_N619R,GOh1052,N619R,-5.871
6282,GOh1052_N619S,GOh1052,N619S,-2.646
6283,GOh1052_N619T,GOh1052,N619T,-5.281
6285,GOh1052_N619W,GOh1052,N619W,-8.758
6286,GOh1052_N619Y,GOh1052,N619Y,-7.179
6287,GOh1052_N620A,GOh1052,N620A,-5.519
6288,GOh1052_N620C,GOh1052,N620C,-10.901
6289,GOh1052_N620D,GOh1052,N620D,-5.922
6290,GOh1052_N620E,GOh1052,N620E,-5.003
6291,GOh1052_N620F,GOh1052,N620F,-7.48
6292,GOh1052_N620G,GOh1052,N620G,-5.978
6293,GOh1052_N620H,GOh1052,N620H,-6.326
6294,GOh1052_N620I,GOh1052,N620I,-7.181
6295,GOh1052_N620K,GOh1052,N620K,-6.7
6297,GOh1052_N620M,GOh1052,N620M,-6.671
6298,GOh1052_N620P,GOh1052,N620P,-9.122
6300,GOh1052_N620R,GOh1052,N620R,-6.908
6301,GOh1052_N620S,GOh1052,N620S,-5.035
6302,GOh1052_N620T,GOh1052,N620T,-5.253
6303,GOh1052_N620V,GOh1052,N620V,-6.79
6304,GOh1052_N620W,GOh1052,N620W,-9.026
6305,GOh1052_N620Y,GOh1052,N620Y,-6.764
6325,GOh1052_G622A,GOh1052,G622A,-4.857
6326,GOh1052_G622C,GOh1052,G622C,-10.175
6328,GOh1052_G622E,GOh1052,G622E,-7.734
6329,GOh1052_G622F,GOh1052,G622F,-7.97
6330,GOh1052_G622H,GOh1052,G622H,-8.607
6332,GOh1052_G622K,GOh1052,G622K,-7.056
6333,GOh1052_G622L,GOh1052,G622L,-7.217
6335,GOh1052_G622N,GOh1052,G622N,-2.931
6336,GOh1052_G622P,GOh1052,G622P,-7.384
6338,GOh1052_G622R,GOh1052,G622R,-6.913
6339,GOh1052_G622S,GOh1052,G622S,-3.045
6340,GOh1052_G622T,GOh1052,G622T,-4.271
6342,GOh1052_G622W,GOh1052,G622W,-9.383
6343,GOh1052_G622Y,GOh1052,G622Y,-7.585
6345,GOh1052_N623C,GOh1052,N623C,-11.079
6346,GOh1052_N623D,GOh1052,N623D,-7.153
6347,GOh1052_N623E,GOh1052,N623E,-8.959
6349,GOh1052_N623G,GOh1052,N623G,-3.477
6350,GOh1052_N623H,GOh1052,N623H,-8.069
6351,GOh1052_N623I,GOh1052,N623I,-9.503
6352,GOh1052_N623K,GOh1052,N623K,-5.675
6353,GOh1052_N623L,GOh1052,N623L,-7.688
6354,GOh1052_N623M,GOh1052,N623M,-7.385
6355,GOh1052_N623P,GOh1052,N623P,-9.689
6356,GOh1052_N623Q,GOh1052,N623Q,-6.164
6357,GOh1052_N623R,GOh1052,N623R,-6.076
6358,GOh1052_N623S,GOh1052,N623S,-4.43
6359,GOh1052_N623T,GOh1052,N623T,-5.035
6360,GOh1052_N623V,GOh1052,N623V,-8.898
6364,GOh1052_S624C,GOh1052,S624C,-10.813
6366,GOh1052_S624E,GOh1052,S624E,-5.994
6367,GOh1052_S624F,GOh1052,S624F,-9.396
6369,GOh1052_S624H,GOh1052,S624H,-9.711
6370,GOh1052_S624I,GOh1052,S624I,-7.678
6372,GOh1052_S624L,GOh1052,S624L,-7.262
6373,GOh1052_S624M,GOh1052,S624M,-8.314
6374,GOh1052_S624N,GOh1052,S624N,-4.872
6375,GOh1052_S624P,GOh1052,S624P,-11.031
6376,GOh1052_S624Q,GOh1052,S624Q,-5.062
6378,GOh1052_S624T,GOh1052,S624T,-3.752
6380,GOh1052_S624W,GOh1052,S624W,-10.514
6381,GOh1052_S624Y,GOh1052,S624Y,-8.73
6382,GOh1052_S626A,GOh1052,S626A,-6.258
6383,GOh1052_S626C,GOh1052,S626C,-10.574
6384,GOh1052_S626D,GOh1052,S626D,-5.587
6385,GOh1052_S626E,GOh1052,S626E,-6.034
6386,GOh1052_S626F,GOh1052,S626F,-9.668
6387,GOh1052_S626G,GOh1052,S626G,-7.259
6388,GOh1052_S626H,GOh1052,S626H,-10.028
6389,GOh1052_S626I,GOh1052,S626I,-7.148
6390,GOh1052_S626K,GOh1052,S626K,-8.371
6391,GOh1052_S626L,GOh1052,S626L,-8.353
6392,GOh1052_S626M,GOh1052,S626M,-8.532
6393,GOh1052_S626N,GOh1052,S626N,-6.542
6394,GOh1052_S626P,GOh1052,S626P,-11.742
6395,GOh1052_S626Q,GOh1052,S626Q,-6.393
6397,GOh1052_S626T,GOh1052,S626T,-2.679
6398,GOh1052_S626V,GOh1052,S626V,-6.131
6399,GOh1052_S626W,GOh1052,S626W,-10.801
6400,GOh1052_S626Y,GOh1052,S626Y,-9.066
6403,GOh1052_F627D,GOh1052,F627D,-10.79
6405,GOh1052_F627G,GOh1052,F627G,-5.528
6406,GOh1052_F627H,GOh1052,F627H,-12.862
6407,GOh1052_F627I,GOh1052,F627I,-4.758
6409,GOh1052_F627L,GOh1052,F627L,-3.726
6411,GOh1052_F627N,GOh1052,F627N,-11.433
6413,GOh1052_F627Q,GOh1052,F627Q,-11.386
6414,GOh1052_F627R,GOh1052,F627R,-12.907
6415,GOh1052_F627S,GOh1052,F627S,-6.709
6416,GOh1052_F627T,GOh1052,F627T,-4.423
6417,GOh1052_F627V,GOh1052,F627V,-3.282
6418,GOh1052_F627W,GOh1052,F627W,-10.414
6419,GOh1052_F627Y,GOh1052,F627Y,-8.532
6420,GOh1052_Q628A,GOh1052,Q628A,-3.577
6421,GOh1052_Q628C,GOh1052,Q628C,-10.033
6422,GOh1052_Q628D,GOh1052,Q628D,-2.873
6423,GOh1052_Q628E,GOh1052,Q628E,-4.143
6424,GOh1052_Q628F,GOh1052,Q628F,-6.103
6426,GOh1052_Q628H,GOh1052,Q628H,-7.236
6427,GOh1052_Q628I,GOh1052,Q628I,-3.796
6428,GOh1052_Q628K,GOh1052,Q628K,-4.056
6430,GOh1052_Q628M,GOh1052,Q628M,-5.217
6431,GOh1052_Q628N,GOh1052,Q628N,-2.871
6432,GOh1052_Q628P,GOh1052,Q628P,-7.188
6433,GOh1052_Q628R,GOh1052,Q628R,-4.77
6434,GOh1052_Q628S,GOh1052,Q628S,-3.018
6435,GOh1052_Q628T,GOh1052,Q628T,-0.456
6436,GOh1052_Q628V,GOh1052,Q628V,-2.73
6437,GOh1052_Q628W,GOh1052,Q628W,-7.496
6438,GOh1052_Q628Y,GOh1052,Q628Y,-5.327
6439,GOh1052_S631A,GOh1052,S631A,-3.798
6440,GOh1052_S631C,GOh1052,S631C,-11.362
6442,GOh1052_S631E,GOh1052,S631E,-6.758
6443,GOh1052_S631F,GOh1052,S631F,-8.257
6445,GOh1052_S631H,GOh1052,S631H,-9.283
6446,GOh1052_S631I,GOh1052,S631I,-7.656
6447,GOh1052_S631K,GOh1052,S631K,-5.651
6448,GOh1052_S631L,GOh1052,S631L,-6.802
6449,GOh1052_S631M,GOh1052,S631M,-8.172
6450,GOh1052_S631N,GOh1052,S631N,-5.055
6452,GOh1052_S631Q,GOh1052,S631Q,-5.854
6453,GOh1052_S631R,GOh1052,S631R,-6.299
6454,GOh1052_S631T,GOh1052,S631T,-4.342
6456,GOh1052_S631W,GOh1052,S631W,-9.324
6457,GOh1052_S631Y,GOh1052,S631Y,-8.043
6460,GOh1052_S633D,GOh1052,S633D,-7.878
6462,GOh1052_S633F,GOh1052,S633F,-6.439
6463,GOh1052_S633G,GOh1052,S633G,-4.119
6465,GOh1052_S633I,GOh1052,S633I,-5.569
6468,GOh1052_S633M,GOh1052,S633M,-7.039
6469,GOh1052_S633N,GOh1052,S633N,-5.072
6470,GOh1052_S633P,GOh1052,S633P,-2.127
6471,GOh1052_S633Q,GOh1052,S633Q,-5.667
6472,GOh1052_S633R,GOh1052,S633R,-5.247
6474,GOh1052_S633V,GOh1052,S633V,-4.86
6476,GOh1052_S633Y,GOh1052,S633Y,-6.144
6477,GOh1052_Y640A,GOh1052,Y640A,-8.78
6479,GOh1052_Y640D,GOh1052,Y640D,-7.067
6480,GOh1052_Y640E,GOh1052,Y640E,-9.799
6481,GOh1052_Y640F,GOh1052,Y640F,-5.857
6482,GOh1052_Y640G,GOh1052,Y640G,-10.749
6483,GOh1052_Y640H,GOh1052,Y640H,-5.552
6484,GOh1052_Y640I,GOh1052,Y640I,-9.319
6486,GOh1052_Y640L,GOh1052,Y640L,-9.296
6487,GOh1052_Y640M,GOh1052,Y640M,-9.9
6488,GOh1052_Y640N,GOh1052,Y640N,-6.126
6489,GOh1052_Y640P,GOh1052,Y640P,-7.369
6490,GOh1052_Y640Q,GOh1052,Y640Q,-9.273
6491,GOh1052_Y640R,GOh1052,Y640R,-10.964
6492,GOh1052_Y640S,GOh1052,Y640S,-7.982
6494,GOh1052_Y640V,GOh1052,Y640V,-9.113
6495,GOh1052_Y640W,GOh1052,Y640W,-5.384
6497,GOh1052_N647C,GOh1052,N647C,-17.605
6498,GOh1052_N647D,GOh1052,N647D,-5.701
6501,GOh1052_N647G,GOh1052,N647G,-10.527
6503,GOh1052_N647I,GOh1052,N647I,-16.233
6504,GOh1052_N647K,GOh1052,N647K,-12.744
6505,GOh1052_N647L,GOh1052,N647L,-15.754
6506,GOh1052_N647M,GOh1052,N647M,-16.314
6507,GOh1052_N647P,GOh1052,N647P,-13.878
6510,GOh1052_N647S,GOh1052,N647S,-7.802
6512,GOh1052_N647V,GOh1052,N647V,-15.42
6513,GOh1052_N647W,GOh1052,N647W,-19.076
6514,GOh1052_N647Y,GOh1052,N647Y,-15.387
6515,GOh1052_S648A,GOh1052,S648A,-5.374
6516,GOh1052_S648C,GOh1052,S648C,-12.598
6517,GOh1052_S648D,GOh1052,S648D,-7.303
6518,GOh1052_S648E,GOh1052,S648E,-8.449
6520,GOh1052_S648G,GOh1052,S648G,-5.471
6521,GOh1052_S648H,GOh1052,S648H,-11.528
6524,GOh1052_S648L,GOh1052,S648L,-11.757
6526,GOh1052_S648N,GOh1052,S648N,-6.181
6527,GOh1052_S648P,GOh1052,S648P,-9.344
6529,GOh1052_S648R,GOh1052,S648R,-8.259
6530,GOh1052_S648T,GOh1052,S648T,-6.922
6531,GOh1052_S648V,GOh1052,S648V,-10.229
6532,GOh1052_S648W,GOh1052,S648W,-13.618
6533,GOh1052_S648Y,GOh1052,S648Y,-11.144
6534,GOh1052_A649C,GOh1052,A649C,-9.837
6536,GOh1052_A649E,GOh1052,A649E,-6.32
6539,GOh1052_A649H,GOh1052,A649H,-7.7
6541,GOh1052_A649K,GOh1052,A649K,-4.391
6542,GOh1052_A649L,GOh1052,A649L,-7.774
6543,GOh1052_A649M,GOh1052,A649M,-9.091
6544,GOh1052_A649N,GOh1052,A649N,-3.476
6546,GOh1052_A649Q,GOh1052,A649Q,-4.175
6550,GOh1052_A649V,GOh1052,A649V,-7.131
6551,GOh1052_A649W,GOh1052,A649W,-11.063
6553,GOh1052_V654A,GOh1052,V654A,-7.655
6554,GOh1052_V654C,GOh1052,V654C,-11.286
6557,GOh1052_V654F,GOh1052,V654F,-9.123
6559,GOh1052_V654H,GOh1052,V654H,-9.649
6560,GOh1052_V654I,GOh1052,V654I,-4.298
6562,GOh1052_V654L,GOh1052,V654L,-7.366
6563,GOh1052_V654M,GOh1052,V654M,-7.96
6564,GOh1052_V654N,GOh1052,V654N,-8.962
6565,GOh1052_V654P,GOh1052,V654P,-8.579
6566,GOh1052_V654Q,GOh1052,V654Q,-6.959
6567,GOh1052_V654R,GOh1052,V654R,-8.252
6569,GOh1052_V654T,GOh1052,V654T,-6.034
6570,GOh1052_V654W,GOh1052,V654W,-10.699
6571,GOh1052_V654Y,GOh1052,V654Y,-8.624
6591,GOh1052_S656A,GOh1052,S656A,-4.053
6594,GOh1052_S656E,GOh1052,S656E,-4.5
6596,GOh1052_S656G,GOh1052,S656G,-6.92
6597,GOh1052_S656H,GOh1052,S656H,-5.039
6598,GOh1052_S656I,GOh1052,S656I,-7.197
6602,GOh1052_S656N,GOh1052,S656N,-4.903
6603,GOh1052_S656P,GOh1052,S656P,-6.416
6604,GOh1052_S656Q,GOh1052,S656Q,-3.651
6606,GOh1052_S656T,GOh1052,S656T,-2.801
6608,GOh1052_S656W,GOh1052,S656W,-8.849
6609,GOh1052_S656Y,GOh1052,S656Y,-5.994
6610,GOh1052_T657A,GOh1052,T657A,-7.927
6611,GOh1052_T657C,GOh1052,T657C,-12.095
6613,GOh1052_T657E,GOh1052,T657E,-10.912
6614,GOh1052_T657F,GOh1052,T657F,-8.832
6615,GOh1052_T657G,GOh1052,T657G,-9.249
6616,GOh1052_T657H,GOh1052,T657H,-6.566
6619,GOh1052_T657L,GOh1052,T657L,-8.812
6620,GOh1052_T657M,GOh1052,T657M,-6.987
6622,GOh1052_T657P,GOh1052,T657P,-8.603
6623,GOh1052_T657Q,GOh1052,T657Q,-7.177
6624,GOh1052_T657R,GOh1052,T657R,-11.109
6625,GOh1052_T657S,GOh1052,T657S,-4.568
6626,GOh1052_T657V,GOh1052,T657V,-7.93
6630,GOh1052_R659C,GOh1052,R659C,-11.475
6632,GOh1052_R659E,GOh1052,R659E,-6.002
6633,GOh1052_R659F,GOh1052,R659F,-7.797
6634,GOh1052_R659G,GOh1052,R659G,-7.946
6637,GOh1052_R659K,GOh1052,R659K,-3.003
6640,GOh1052_R659N,GOh1052,R659N,-5.157
6641,GOh1052_R659P,GOh1052,R659P,-9.9
6642,GOh1052_R659Q,GOh1052,R659Q,-3.169
6644,GOh1052_R659T,GOh1052,R659T,-6.896
6646,GOh1052_R659W,GOh1052,R659W,-8.974
6648,GOh1052_T661A,GOh1052,T661A,-4.799
6649,GOh1052_T661C,GOh1052,T661C,-10.363
6652,GOh1052_T661F,GOh1052,T661F,-7.235
6653,GOh1052_T661G,GOh1052,T661G,-4.499
6654,GOh1052_T661H,GOh1052,T661H,-7.961
6655,GOh1052_T661I,GOh1052,T661I,-6.075
6656,GOh1052_T661K,GOh1052,T661K,-6.002
6657,GOh1052_T661L,GOh1052,T661L,-5.802
6658,GOh1052_T661M,GOh1052,T661M,-7.461
6660,GOh1052_T661P,GOh1052,T661P,-8.424
6662,GOh1052_T661R,GOh1052,T661R,-6.101
6663,GOh1052_T661S,GOh1052,T661S,-3.88
6664,GOh1052_T661V,GOh1052,T661V,-5.065
6666,GOh1052_T661Y,GOh1052,T661Y,-6.531
