,name,protein_name,mutations,LLR
0,GOh1052_A24C,GOh1052,A24C,-4.887
1,GOh1052_A24D,GOh1052,A24D,-4.705
2,GOh1052_A24E,GOh1052,A24E,-4.997
3,GOh1052_A24F,GOh1052,A24F,-4.855
4,GOh1052_A24G,GOh1052,A24G,-3.753
5,GOh1052_A24H,GOh1052,A24H,-6.033
6,GOh1052_A24I,GOh1052,A24I,-4.254
7,GOh1052_A24K,GOh1052,A24K,-5.956
8,GOh1052_A24L,GOh1052,A24L,-3.842
9,GOh1052_A24M,GOh1052,A24M,-5.392
10,GOh1052_A24N,GOh1052,A24N,-5.114
11,GOh1052_A24P,GOh1052,A24P,-3.714
12,GOh1052_A24Q,GOh1052,A24Q,-4.932
13,GOh1052_A24R,GOh1052,A24R,-4.776
14,GOh1052_A24S,GOh1052,A24S,-3.607
15,GOh1052_A24T,GOh1052,A24T,-3.981
16,GOh1052_A24V,GOh1052,A24V,-3.778
17,GOh1052_A24W,GOh1052,A24W,-6.412
18,GOh1052_A24Y,GOh1052,A24Y,-4.957
19,GOh1052_A26C,GOh1052,A26C,-5.7
20,GOh1052_A26D,GOh1052,A26D,-5.233
21,GOh1052_A26E,GOh1052,A26E,-5.478
22,GOh1052_A26F,GOh1052,A26F,-5.59
23,GOh1052_A26G,GOh1052,A26G,-4.925
24,GOh1052_A26H,GOh1052,A26H,-7.35
25,GOh1052_A26I,GOh1052,A26I,-4.583
26,GOh1052_A26K,GOh1052,A26K,-5.992
27,GOh1052_A26L,GOh1052,A26L,-3.987
28,GOh1052_A26M,GOh1052,A26M,-6.12
29,GOh1052_A26N,GOh1052,A26N,-5.269
30,GOh1052_A26P,GOh1052,A26P,-4.012
31,GOh1052_A26Q,GOh1052,A26Q,-5.21
32,GOh1052_A26R,GOh1052,A26R,-5.767
33,GOh1052_A26S,GOh1052,A26S,-4.558
34,GOh1052_A26T,GOh1052,A26T,-4.258
35,GOh1052_A26V,GOh1052,A26V,-4.185
36,GOh1052_A26W,GOh1052,A26W,-7.537
37,GOh1052_A26Y,GOh1052,A26Y,-5.818
38,GOh1052_I28A,GOh1052,I28A,-1.603
39,GOh1052_I28C,GOh1052,I28C,-5.714
40,GOh1052_I28D,GOh1052,I28D,-3.869
41,GOh1052_I28E,GOh1052,I28E,-3.891
42,GOh1052_I28F,GOh1052,I28F,-4.504
43,GOh1052_I28G,GOh1052,I28G,-2.776
44,GOh1052_I28H,GOh1052,I28H,-6.141
45,GOh1052_I28K,GOh1052,I28K,-4.092
46,GOh1052_I28L,GOh1052,I28L,-3.169
47,GOh1052_I28M,GOh1052,I28M,-5.338
48,GOh1052_I28N,GOh1052,I28N,-3.201
49,GOh1052_I28P,GOh1052,I28P,-3.081
50,GOh1052_I28Q,GOh1052,I28Q,-3.311
51,GOh1052_I28R,GOh1052,I28R,-4.301
52,GOh1052_I28S,GOh1052,I28S,-1.117
53,GOh1052_I28T,GOh1052,I28T,-0.926
54,GOh1052_I28V,GOh1052,I28V,-2.266
55,GOh1052_I28W,GOh1052,I28W,-6.565
56,GOh1052_I28Y,GOh1052,I28Y,-4.558
57,GOh1052_S30A,GOh1052,S30A,-4.035
58,GOh1052_S30C,GOh1052,S30C,-10.467
59,GOh1052_S30D,GOh1052,S30D,-4.645
60,GOh1052_S30E,GOh1052,S30E,-5.325
61,GOh1052_S30F,GOh1052,S30F,-7.021
62,GOh1052_S30G,GOh1052,S30G,-4.946
63,GOh1052_S30H,GOh1052,S30H,-7.848
64,GOh1052_S30I,GOh1052,S30I,-5.044
65,GOh1052_S30K,GOh1052,S30K,-5.998
66,GOh1052_S30L,GOh1052,S30L,-5.859
67,GOh1052_S30M,GOh1052,S30M,-7.501
68,GOh1052_S30N,GOh1052,S30N,-3.947
69,GOh1052_S30P,GOh1052,S30P,-4.548
70,GOh1052_S30Q,GOh1052,S30Q,-4.563
71,GOh1052_S30R,GOh1052,S30R,-6.774
72,GOh1052_S30T,GOh1052,S30T,-2.292
73,GOh1052_S30V,GOh1052,S30V,-3.958
74,GOh1052_S30W,GOh1052,S30W,-9.99
75,GOh1052_S30Y,GOh1052,S30Y,-7.059
76,GOh1052_A31C,GOh1052,A31C,-11.755
77,GOh1052_A31D,GOh1052,A31D,-5.794
78,GOh1052_A31E,GOh1052,A31E,-3.881
79,GOh1052_A31F,GOh1052,A31F,-6.624
80,GOh1052_A31G,GOh1052,A31G,-5.77
81,GOh1052_A31H,GOh1052,A31H,-8.957
82,GOh1052_A31I,GOh1052,A31I,-4.837
83,GOh1052_A31K,GOh1052,A31K,-5.589
84,GOh1052_A31L,GOh1052,A31L,-3.975
85,GOh1052_A31M,GOh1052,A31M,-6.848
86,GOh1052_A31N,GOh1052,A31N,-5.584
87,GOh1052_A31P,GOh1052,A31P,-3.533
88,GOh1052_A31Q,GOh1052,A31Q,-3.712
89,GOh1052_A31R,GOh1052,A31R,-6.002
90,GOh1052_A31S,GOh1052,A31S,-3.681
91,GOh1052_A31T,GOh1052,A31T,-3.897
92,GOh1052_A31V,GOh1052,A31V,-4.063
93,GOh1052_A31W,GOh1052,A31W,-8.8
94,GOh1052_A31Y,GOh1052,A31Y,-7.3
95,GOh1052_T40A,GOh1052,T40A,-6.791
96,GOh1052_T40C,GOh1052,T40C,-13.142
97,GOh1052_T40D,GOh1052,T40D,-8.413
98,GOh1052_T40E,GOh1052,T40E,-8.571
99,GOh1052_T40F,GOh1052,T40F,-8.511
100,GOh1052_T40G,GOh1052,T40G,-7.983
101,GOh1052_T40H,GOh1052,T40H,-10.223
102,GOh1052_T40I,GOh1052,T40I,-8.232
103,GOh1052_T40K,GOh1052,T40K,-7.939
104,GOh1052_T40L,GOh1052,T40L,-9.018
105,GOh1052_T40M,GOh1052,T40M,-9.999
106,GOh1052_T40N,GOh1052,T40N,-7.019
107,GOh1052_T40P,GOh1052,T40P,-11.746
108,GOh1052_T40Q,GOh1052,T40Q,-8.052
109,GOh1052_T40R,GOh1052,T40R,-8.711
110,GOh1052_T40S,GOh1052,T40S,-3.288
111,GOh1052_T40V,GOh1052,T40V,-7.388
112,GOh1052_T40W,GOh1052,T40W,-8.894
113,GOh1052_T40Y,GOh1052,T40Y,-8.539
114,GOh1052_A44C,GOh1052,A44C,-8.525
115,GOh1052_A44D,GOh1052,A44D,-5.984
116,GOh1052_A44E,GOh1052,A44E,-2.779
117,GOh1052_A44F,GOh1052,A44F,-3.183
118,GOh1052_A44G,GOh1052,A44G,-5.399
119,GOh1052_A44H,GOh1052,A44H,-3.887
120,GOh1052_A44I,GOh1052,A44I,-5.895
121,GOh1052_A44K,GOh1052,A44K,-5.402
122,GOh1052_A44L,GOh1052,A44L,-5.811
123,GOh1052_A44M,GOh1052,A44M,-5.175
124,GOh1052_A44N,GOh1052,A44N,-3.995
125,GOh1052_A44P,GOh1052,A44P,-6.434
126,GOh1052_A44Q,GOh1052,A44Q,-1.152
127,GOh1052_A44R,GOh1052,A44R,-5.685
128,GOh1052_A44S,GOh1052,A44S,-2.503
129,GOh1052_A44T,GOh1052,A44T,-3.444
130,GOh1052_A44V,GOh1052,A44V,-4.042
131,GOh1052_A44W,GOh1052,A44W,-4.099
132,GOh1052_A44Y,GOh1052,A44Y,-3.119
133,GOh1052_Q45A,GOh1052,Q45A,-6.741
134,GOh1052_Q45C,GOh1052,Q45C,-13.033
135,GOh1052_Q45D,GOh1052,Q45D,-7.811
136,GOh1052_Q45E,GOh1052,Q45E,-5.51
137,GOh1052_Q45F,GOh1052,Q45F,-10.125
138,GOh1052_Q45G,GOh1052,Q45G,-9.513
139,GOh1052_Q45H,GOh1052,Q45H,-5.377
140,GOh1052_Q45I,GOh1052,Q45I,-11.319
141,GOh1052_Q45K,GOh1052,Q45K,-10.741
142,GOh1052_Q45L,GOh1052,Q45L,-10.56
143,GOh1052_Q45M,GOh1052,Q45M,-9.883
144,GOh1052_Q45N,GOh1052,Q45N,-5.989
145,GOh1052_Q45P,GOh1052,Q45P,-11.287
146,GOh1052_Q45R,GOh1052,Q45R,-10.543
147,GOh1052_Q45S,GOh1052,Q45S,-8.364
148,GOh1052_Q45T,GOh1052,Q45T,-9.739
149,GOh1052_Q45V,GOh1052,Q45V,-10.234
150,GOh1052_Q45W,GOh1052,Q45W,-9.839
151,GOh1052_Q45Y,GOh1052,Q45Y,-8.254
152,GOh1052_S46A,GOh1052,S46A,-4.838
153,GOh1052_S46C,GOh1052,S46C,-13.847
154,GOh1052_S46D,GOh1052,S46D,-5.997
155,GOh1052_S46E,GOh1052,S46E,-6.504
156,GOh1052_S46F,GOh1052,S46F,-8.738
157,GOh1052_S46G,GOh1052,S46G,-4.61
158,GOh1052_S46H,GOh1052,S46H,-9.7
159,GOh1052_S46I,GOh1052,S46I,-8.903
160,GOh1052_S46K,GOh1052,S46K,-8.001
161,GOh1052_S46L,GOh1052,S46L,-8.466
162,GOh1052_S46M,GOh1052,S46M,-11.608
163,GOh1052_S46N,GOh1052,S46N,-5.777
164,GOh1052_S46P,GOh1052,S46P,-5.117
165,GOh1052_S46Q,GOh1052,S46Q,-6.306
166,GOh1052_S46R,GOh1052,S46R,-9.331
167,GOh1052_S46T,GOh1052,S46T,-5.427
168,GOh1052_S46V,GOh1052,S46V,-7.455
169,GOh1052_S46W,GOh1052,S46W,-10.291
170,GOh1052_S46Y,GOh1052,S46Y,-9.138
171,GOh1052_E49A,GOh1052,E49A,-6.331
172,GOh1052_E49C,GOh1052,E49C,-12.616
173,GOh1052_E49D,GOh1052,E49D,-5.472
174,GOh1052_E49F,GOh1052,E49F,-10.315
175,GOh1052_E49G,GOh1052,E49G,-5.989
176,GOh1052_E49H,GOh1052,E49H,-10.114
177,GOh1052_E49I,GOh1052,E49I,-8.57
178,GOh1052_E49K,GOh1052,E49K,-9.598
179,GOh1052_E49L,GOh1052,E49L,-8.66
180,GOh1052_E49M,GOh1052,E49M,-11.097
181,GOh1052_E49N,GOh1052,E49N,-6.758
182,GOh1052_E49P,GOh1052,E49P,-6.835
183,GOh1052_E49Q,GOh1052,E49Q,-7.694
184,GOh1052_E49R,GOh1052,E49R,-10.659
185,GOh1052_E49S,GOh1052,E49S,-5.93
186,GOh1052_E49T,GOh1052,E49T,-5.646
187,GOh1052_E49V,GOh1052,E49V,-7.02
188,GOh1052_E49W,GOh1052,E49W,-10.917
189,GOh1052_E49Y,GOh1052,E49Y,-10.338
190,GOh1052_N51A,GOh1052,N51A,-2.19
191,GOh1052_N51C,GOh1052,N51C,-9.822
192,GOh1052_N51D,GOh1052,N51D,-4.314
193,GOh1052_N51E,GOh1052,N51E,-5.646
194,GOh1052_N51F,GOh1052,N51F,-5.563
195,GOh1052_N51G,GOh1052,N51G,-2.868
196,GOh1052_N51H,GOh1052,N51H,-7.314
197,GOh1052_N51I,GOh1052,N51I,-5.771
198,GOh1052_N51K,GOh1052,N51K,-5.266
199,GOh1052_N51L,GOh1052,N51L,-5.574
200,GOh1052_N51M,GOh1052,N51M,-8.576
201,GOh1052_N51P,GOh1052,N51P,-4.229
202,GOh1052_N51Q,GOh1052,N51Q,-5.232
203,GOh1052_N51R,GOh1052,N51R,-5.958
204,GOh1052_N51S,GOh1052,N51S,-1.841
205,GOh1052_N51T,GOh1052,N51T,-2.967
206,GOh1052_N51V,GOh1052,N51V,-4.934
207,GOh1052_N51W,GOh1052,N51W,-5.44
208,GOh1052_N51Y,GOh1052,N51Y,-5.216
209,GOh1052_K52A,GOh1052,K52A,-6.06
210,GOh1052_K52C,GOh1052,K52C,-10.701
211,GOh1052_K52D,GOh1052,K52D,-6.314
212,GOh1052_K52E,GOh1052,K52E,-9.087
213,GOh1052_K52F,GOh1052,K52F,-6.206
214,GOh1052_K52G,GOh1052,K52G,-7.012
215,GOh1052_K52H,GOh1052,K52H,-6.029
216,GOh1052_K52I,GOh1052,K52I,-9.324
217,GOh1052_K52L,GOh1052,K52L,-4.4
218,GOh1052_K52M,GOh1052,K52M,-6.562
219,GOh1052_K52N,GOh1052,K52N,-2.932
220,GOh1052_K52P,GOh1052,K52P,-11.011
221,GOh1052_K52Q,GOh1052,K52Q,-6.936
222,GOh1052_K52R,GOh1052,K52R,-4.882
223,GOh1052_K52S,GOh1052,K52S,-7.247
224,GOh1052_K52T,GOh1052,K52T,-9.523
225,GOh1052_K52V,GOh1052,K52V,-9.338
226,GOh1052_K52W,GOh1052,K52W,-9.171
227,GOh1052_K52Y,GOh1052,K52Y,-5.586
228,GOh1052_K58A,GOh1052,K58A,-2.486
229,GOh1052_K58C,GOh1052,K58C,-10.813
230,GOh1052_K58D,GOh1052,K58D,-5.838
231,GOh1052_K58E,GOh1052,K58E,-5.475
232,GOh1052_K58F,GOh1052,K58F,-7.141
233,GOh1052_K58G,GOh1052,K58G,-4.284
234,GOh1052_K58H,GOh1052,K58H,-7.456
235,GOh1052_K58I,GOh1052,K58I,-5.173
236,GOh1052_K58L,GOh1052,K58L,-4.87
237,GOh1052_K58M,GOh1052,K58M,-7.329
238,GOh1052_K58N,GOh1052,K58N,-4.101
239,GOh1052_K58P,GOh1052,K58P,-1.343
240,GOh1052_K58Q,GOh1052,K58Q,-4.087
241,GOh1052_K58R,GOh1052,K58R,-4.676
242,GOh1052_K58S,GOh1052,K58S,-2.661
243,GOh1052_K58T,GOh1052,K58T,-2.098
244,GOh1052_K58V,GOh1052,K58V,-4.107
245,GOh1052_K58W,GOh1052,K58W,-8.868
246,GOh1052_K58Y,GOh1052,K58Y,-7.658
247,GOh1052_Y66A,GOh1052,Y66A,-9.882
248,GOh1052_Y66C,GOh1052,Y66C,-12.64
249,GOh1052_Y66D,GOh1052,Y66D,-10.595
250,GOh1052_Y66E,GOh1052,Y66E,-11.981
251,GOh1052_Y66F,GOh1052,Y66F,-7.341
252,GOh1052_Y66G,GOh1052,Y66G,-10.71
253,GOh1052_Y66H,GOh1052,Y66H,-8.193
254,GOh1052_Y66I,GOh1052,Y66I,-11.334
255,GOh1052_Y66K,GOh1052,Y66K,-11.794
256,GOh1052_Y66L,GOh1052,Y66L,-10.26
257,GOh1052_Y66M,GOh1052,Y66M,-12.249
258,GOh1052_Y66N,GOh1052,Y66N,-10.029
259,GOh1052_Y66P,GOh1052,Y66P,-11.13
260,GOh1052_Y66Q,GOh1052,Y66Q,-10.919
261,GOh1052_Y66R,GOh1052,Y66R,-11.177
262,GOh1052_Y66S,GOh1052,Y66S,-10.035
263,GOh1052_Y66T,GOh1052,Y66T,-10.497
264,GOh1052_Y66V,GOh1052,Y66V,-10.572
265,GOh1052_Y66W,GOh1052,Y66W,-4.927
266,GOh1052_G67A,GOh1052,G67A,-3.705
267,GOh1052_G67C,GOh1052,G67C,-10.258
268,GOh1052_G67D,GOh1052,G67D,-4.28
269,GOh1052_G67E,GOh1052,G67E,-5.087
270,GOh1052_G67F,GOh1052,G67F,-7.138
271,GOh1052_G67H,GOh1052,G67H,-6.906
272,GOh1052_G67I,GOh1052,G67I,-6.515
273,GOh1052_G67K,GOh1052,G67K,-4.669
274,GOh1052_G67L,GOh1052,G67L,-6.409
275,GOh1052_G67M,GOh1052,G67M,-8.165
276,GOh1052_G67N,GOh1052,G67N,-3.292
277,GOh1052_G67P,GOh1052,G67P,-5.484
278,GOh1052_G67Q,GOh1052,G67Q,-3.512
279,GOh1052_G67R,GOh1052,G67R,-5.441
280,GOh1052_G67S,GOh1052,G67S,-1.73
281,GOh1052_G67T,GOh1052,G67T,-3.114
282,GOh1052_G67V,GOh1052,G67V,-4.693
283,GOh1052_G67W,GOh1052,G67W,-7.244
284,GOh1052_G67Y,GOh1052,G67Y,-7.004
285,GOh1052_N69A,GOh1052,N69A,-3.434
286,GOh1052_N69C,GOh1052,N69C,-9.326
287,GOh1052_N69D,GOh1052,N69D,-4.199
288,GOh1052_N69E,GOh1052,N69E,-5.084
289,GOh1052_N69F,GOh1052,N69F,-5.96
290,GOh1052_N69G,GOh1052,N69G,-2.323
291,GOh1052_N69H,GOh1052,N69H,-6.259
292,GOh1052_N69I,GOh1052,N69I,-5.867
293,GOh1052_N69K,GOh1052,N69K,-5.572
294,GOh1052_N69L,GOh1052,N69L,-5.403
295,GOh1052_N69M,GOh1052,N69M,-7.743
296,GOh1052_N69P,GOh1052,N69P,-3.535
297,GOh1052_N69Q,GOh1052,N69Q,-4.513
298,GOh1052_N69R,GOh1052,N69R,-6.142
299,GOh1052_N69S,GOh1052,N69S,-2.7
300,GOh1052_N69T,GOh1052,N69T,-3.429
301,GOh1052_N69V,GOh1052,N69V,-4.667
302,GOh1052_N69W,GOh1052,N69W,-6.528
303,GOh1052_N69Y,GOh1052,N69Y,-5.4
304,GOh1052_P72A,GOh1052,P72A,-3.956
305,GOh1052_P72C,GOh1052,P72C,-9.37
306,GOh1052_P72D,GOh1052,P72D,-6.287
307,GOh1052_P72E,GOh1052,P72E,-6.651
308,GOh1052_P72F,GOh1052,P72F,-6.05
309,GOh1052_P72G,GOh1052,P72G,-4.416
310,GOh1052_P72H,GOh1052,P72H,-6.249
311,GOh1052_P72I,GOh1052,P72I,-5.263
312,GOh1052_P72K,GOh1052,P72K,-4.969
313,GOh1052_P72L,GOh1052,P72L,-5.32
314,GOh1052_P72M,GOh1052,P72M,-7.615
315,GOh1052_P72N,GOh1052,P72N,-4.609
316,GOh1052_P72Q,GOh1052,P72Q,-4.929
317,GOh1052_P72R,GOh1052,P72R,-5.198
318,GOh1052_P72S,GOh1052,P72S,-4.532
319,GOh1052_P72T,GOh1052,P72T,-4.283
320,GOh1052_P72V,GOh1052,P72V,-4.342
321,GOh1052_P72W,GOh1052,P72W,-6.712
322,GOh1052_P72Y,GOh1052,P72Y,-5.488
323,GOh1052_K73A,GOh1052,K73A,-2.915
324,GOh1052_K73C,GOh1052,K73C,-9.605
325,GOh1052_K73D,GOh1052,K73D,-6.188
326,GOh1052_K73E,GOh1052,K73E,-6.116
327,GOh1052_K73F,GOh1052,K73F,-6.673
328,GOh1052_K73G,GOh1052,K73G,-4.004
329,GOh1052_K73H,GOh1052,K73H,-5.08
330,GOh1052_K73I,GOh1052,K73I,-5.866
331,GOh1052_K73L,GOh1052,K73L,-5.14
332,GOh1052_K73M,GOh1052,K73M,-7.403
333,GOh1052_K73N,GOh1052,K73N,-4.398
334,GOh1052_K73P,GOh1052,K73P,-3.313
335,GOh1052_K73Q,GOh1052,K73Q,-4.605
336,GOh1052_K73R,GOh1052,K73R,-4.58
337,GOh1052_K73S,GOh1052,K73S,-4.394
338,GOh1052_K73T,GOh1052,K73T,-4.321
339,GOh1052_K73V,GOh1052,K73V,-4.731
340,GOh1052_K73W,GOh1052,K73W,-8.293
341,GOh1052_K73Y,GOh1052,K73Y,-6.301
342,GOh1052_P74A,GOh1052,P74A,-6.678
343,GOh1052_P74C,GOh1052,P74C,-11.718
344,GOh1052_P74D,GOh1052,P74D,-11.835
345,GOh1052_P74E,GOh1052,P74E,-10.764
346,GOh1052_P74F,GOh1052,P74F,-7.597
347,GOh1052_P74G,GOh1052,P74G,-9.546
348,GOh1052_P74H,GOh1052,P74H,-7.003
349,GOh1052_P74I,GOh1052,P74I,-9.279
350,GOh1052_P74K,GOh1052,P74K,-9.895
351,GOh1052_P74L,GOh1052,P74L,-5.836
352,GOh1052_P74M,GOh1052,P74M,-8.334
353,GOh1052_P74N,GOh1052,P74N,-9.105
354,GOh1052_P74Q,GOh1052,P74Q,-8.68
355,GOh1052_P74R,GOh1052,P74R,-10.867
356,GOh1052_P74S,GOh1052,P74S,-8.14
357,GOh1052_P74T,GOh1052,P74T,-8.137
358,GOh1052_P74V,GOh1052,P74V,-8.289
359,GOh1052_P74W,GOh1052,P74W,-10.13
360,GOh1052_P74Y,GOh1052,P74Y,-8.129
361,GOh1052_T77A,GOh1052,T77A,-6.816
362,GOh1052_T77C,GOh1052,T77C,-12.014
363,GOh1052_T77D,GOh1052,T77D,-7.972
364,GOh1052_T77E,GOh1052,T77E,-6.795
365,GOh1052_T77F,GOh1052,T77F,-6.782
366,GOh1052_T77G,GOh1052,T77G,-9.066
367,GOh1052_T77H,GOh1052,T77H,-6.847
368,GOh1052_T77I,GOh1052,T77I,-7.147
369,GOh1052_T77K,GOh1052,T77K,-8.993
370,GOh1052_T77L,GOh1052,T77L,-8.935
371,GOh1052_T77M,GOh1052,T77M,-9.247
372,GOh1052_T77N,GOh1052,T77N,-6.126
373,GOh1052_T77P,GOh1052,T77P,-13.683
374,GOh1052_T77Q,GOh1052,T77Q,-6.841
375,GOh1052_T77R,GOh1052,T77R,-8.363
376,GOh1052_T77S,GOh1052,T77S,-4.654
377,GOh1052_T77V,GOh1052,T77V,-6.833
378,GOh1052_T77W,GOh1052,T77W,-5.645
379,GOh1052_T77Y,GOh1052,T77Y,-6.089
380,GOh1052_T84A,GOh1052,T84A,-3.089
381,GOh1052_T84C,GOh1052,T84C,-10.57
382,GOh1052_T84D,GOh1052,T84D,-6.754
383,GOh1052_T84E,GOh1052,T84E,-6.317
384,GOh1052_T84F,GOh1052,T84F,-8.547
385,GOh1052_T84G,GOh1052,T84G,-4.666
386,GOh1052_T84H,GOh1052,T84H,-8.991
387,GOh1052_T84I,GOh1052,T84I,-7.683
388,GOh1052_T84K,GOh1052,T84K,-4.71
389,GOh1052_T84L,GOh1052,T84L,-7.752
390,GOh1052_T84M,GOh1052,T84M,-8.525
391,GOh1052_T84N,GOh1052,T84N,-4.972
392,GOh1052_T84P,GOh1052,T84P,-11.33
393,GOh1052_T84Q,GOh1052,T84Q,-3.866
394,GOh1052_T84R,GOh1052,T84R,-5.926
395,GOh1052_T84S,GOh1052,T84S,-1.755
396,GOh1052_T84V,GOh1052,T84V,-6.128
397,GOh1052_T84W,GOh1052,T84W,-10.601
398,GOh1052_T84Y,GOh1052,T84Y,-8.283
399,GOh1052_T85A,GOh1052,T85A,-3.845
400,GOh1052_T85C,GOh1052,T85C,-12.564
401,GOh1052_T85D,GOh1052,T85D,-5.375
402,GOh1052_T85E,GOh1052,T85E,-4.623
403,GOh1052_T85F,GOh1052,T85F,-8.231
404,GOh1052_T85G,GOh1052,T85G,-7.186
405,GOh1052_T85H,GOh1052,T85H,-9.225
406,GOh1052_T85I,GOh1052,T85I,-5.355
407,GOh1052_T85K,GOh1052,T85K,-7.348
408,GOh1052_T85L,GOh1052,T85L,-5.547
409,GOh1052_T85M,GOh1052,T85M,-7.095
410,GOh1052_T85N,GOh1052,T85N,-4.156
411,GOh1052_T85P,GOh1052,T85P,-4.765
412,GOh1052_T85Q,GOh1052,T85Q,-4.998
413,GOh1052_T85R,GOh1052,T85R,-7.447
414,GOh1052_T85S,GOh1052,T85S,-3.393
415,GOh1052_T85V,GOh1052,T85V,-3.518
416,GOh1052_T85W,GOh1052,T85W,-9.453
417,GOh1052_T85Y,GOh1052,T85Y,-7.93
418,GOh1052_Q86A,GOh1052,Q86A,-6.433
419,GOh1052_Q86C,GOh1052,Q86C,-11.033
420,GOh1052_Q86D,GOh1052,Q86D,-9.375
421,GOh1052_Q86E,GOh1052,Q86E,-6.927
422,GOh1052_Q86F,GOh1052,Q86F,-7.972
423,GOh1052_Q86G,GOh1052,Q86G,-7.917
424,GOh1052_Q86H,GOh1052,Q86H,-6.292
425,GOh1052_Q86I,GOh1052,Q86I,-7.939
426,GOh1052_Q86K,GOh1052,Q86K,-5.443
427,GOh1052_Q86L,GOh1052,Q86L,-7.048
428,GOh1052_Q86M,GOh1052,Q86M,-7.108
429,GOh1052_Q86N,GOh1052,Q86N,-5.596
430,GOh1052_Q86P,GOh1052,Q86P,-10.719
431,GOh1052_Q86R,GOh1052,Q86R,-5.292
432,GOh1052_Q86S,GOh1052,Q86S,-6.033
433,GOh1052_Q86T,GOh1052,Q86T,-4.679
434,GOh1052_Q86V,GOh1052,Q86V,-6.801
435,GOh1052_Q86W,GOh1052,Q86W,-8.171
436,GOh1052_Q86Y,GOh1052,Q86Y,-4.63
437,GOh1052_N87A,GOh1052,N87A,-3.871
438,GOh1052_N87C,GOh1052,N87C,-9.719
439,GOh1052_N87D,GOh1052,N87D,-4.734
440,GOh1052_N87E,GOh1052,N87E,-5.515
441,GOh1052_N87F,GOh1052,N87F,-7.035
442,GOh1052_N87G,GOh1052,N87G,-5.783
443,GOh1052_N87H,GOh1052,N87H,-7.976
444,GOh1052_N87I,GOh1052,N87I,-6.488
445,GOh1052_N87K,GOh1052,N87K,-5.835
446,GOh1052_N87L,GOh1052,N87L,-4.828
447,GOh1052_N87M,GOh1052,N87M,-6.262
448,GOh1052_N87P,GOh1052,N87P,-3.777
449,GOh1052_N87Q,GOh1052,N87Q,-4.244
450,GOh1052_N87R,GOh1052,N87R,-6.468
451,GOh1052_N87S,GOh1052,N87S,-2.839
452,GOh1052_N87T,GOh1052,N87T,-3.459
453,GOh1052_N87V,GOh1052,N87V,-5.221
454,GOh1052_N87W,GOh1052,N87W,-7.24
455,GOh1052_N87Y,GOh1052,N87Y,-6.131
456,GOh1052_Q97A,GOh1052,Q97A,-8.504
457,GOh1052_Q97C,GOh1052,Q97C,-12.724
458,GOh1052_Q97D,GOh1052,Q97D,-10.547
459,GOh1052_Q97E,GOh1052,Q97E,-10.031
460,GOh1052_Q97F,GOh1052,Q97F,-11.224
461,GOh1052_Q97G,GOh1052,Q97G,-9.976
462,GOh1052_Q97H,GOh1052,Q97H,-9.796
463,GOh1052_Q97I,GOh1052,Q97I,-7.972
464,GOh1052_Q97K,GOh1052,Q97K,-8.906
465,GOh1052_Q97L,GOh1052,Q97L,-6.975
466,GOh1052_Q97M,GOh1052,Q97M,-8.586
467,GOh1052_Q97N,GOh1052,Q97N,-7.48
468,GOh1052_Q97P,GOh1052,Q97P,-9.714
469,GOh1052_Q97R,GOh1052,Q97R,-8.268
470,GOh1052_Q97S,GOh1052,Q97S,-8.979
471,GOh1052_Q97T,GOh1052,Q97T,-7.929
472,GOh1052_Q97V,GOh1052,Q97V,-8.372
473,GOh1052_Q97W,GOh1052,Q97W,-11.887
474,GOh1052_Q97Y,GOh1052,Q97Y,-10.703
475,GOh1052_Q101A,GOh1052,Q101A,-3.108
476,GOh1052_Q101C,GOh1052,Q101C,-10.32
477,GOh1052_Q101D,GOh1052,Q101D,-5.39
478,GOh1052_Q101E,GOh1052,Q101E,-4.089
479,GOh1052_Q101F,GOh1052,Q101F,-5.2
480,GOh1052_Q101G,GOh1052,Q101G,-4.825
481,GOh1052_Q101H,GOh1052,Q101H,-6.565
482,GOh1052_Q101I,GOh1052,Q101I,-3.192
483,GOh1052_Q101K,GOh1052,Q101K,-4.584
484,GOh1052_Q101L,GOh1052,Q101L,-3.292
485,GOh1052_Q101M,GOh1052,Q101M,-5.087
486,GOh1052_Q101N,GOh1052,Q101N,-4.368
487,GOh1052_Q101P,GOh1052,Q101P,-3.664
488,GOh1052_Q101R,GOh1052,Q101R,-4.656
489,GOh1052_Q101S,GOh1052,Q101S,-2.952
490,GOh1052_Q101T,GOh1052,Q101T,-1.501
491,GOh1052_Q101V,GOh1052,Q101V,-2.299
492,GOh1052_Q101W,GOh1052,Q101W,-5.66
493,GOh1052_Q101Y,GOh1052,Q101Y,-5.193
494,GOh1052_W104A,GOh1052,W104A,-2.728
495,GOh1052_W104C,GOh1052,W104C,-6.431
496,GOh1052_W104D,GOh1052,W104D,-3.852
497,GOh1052_W104E,GOh1052,W104E,-4.044
498,GOh1052_W104F,GOh1052,W104F,-2.811
499,GOh1052_W104G,GOh1052,W104G,-5.303
500,GOh1052_W104H,GOh1052,W104H,-3.586
501,GOh1052_W104I,GOh1052,W104I,0.915
502,GOh1052_W104K,GOh1052,W104K,-1.54
503,GOh1052_W104L,GOh1052,W104L,-1.236
504,GOh1052_W104M,GOh1052,W104M,-1.918
505,GOh1052_W104N,GOh1052,W104N,-0.406
506,GOh1052_W104P,GOh1052,W104P,-4.929
507,GOh1052_W104R,GOh1052,W104R,0.556
508,GOh1052_W104S,GOh1052,W104S,-2.715
509,GOh1052_W104T,GOh1052,W104T,0.767
510,GOh1052_W104V,GOh1052,W104V,-0.231
511,GOh1052_W104Y,GOh1052,W104Y,-3.723
512,GOh1052_Y111A,GOh1052,Y111A,-11.92
513,GOh1052_Y111C,GOh1052,Y111C,-12.969
514,GOh1052_Y111D,GOh1052,Y111D,-13.352
515,GOh1052_Y111E,GOh1052,Y111E,-12.324
516,GOh1052_Y111F,GOh1052,Y111F,-6.436
517,GOh1052_Y111G,GOh1052,Y111G,-14.275
518,GOh1052_Y111H,GOh1052,Y111H,-7.74
519,GOh1052_Y111I,GOh1052,Y111I,-12.163
520,GOh1052_Y111K,GOh1052,Y111K,-12.768
521,GOh1052_Y111L,GOh1052,Y111L,-10.032
522,GOh1052_Y111M,GOh1052,Y111M,-12.52
523,GOh1052_Y111N,GOh1052,Y111N,-12.086
524,GOh1052_Y111P,GOh1052,Y111P,-16.055
525,GOh1052_Y111Q,GOh1052,Y111Q,-10.761
526,GOh1052_Y111R,GOh1052,Y111R,-9.984
527,GOh1052_Y111S,GOh1052,Y111S,-9.841
528,GOh1052_Y111T,GOh1052,Y111T,-11.69
529,GOh1052_Y111V,GOh1052,Y111V,-11.967
530,GOh1052_Y111W,GOh1052,Y111W,-9.697
531,GOh1052_S114A,GOh1052,S114A,-4.959
532,GOh1052_S114C,GOh1052,S114C,-13.667
533,GOh1052_S114D,GOh1052,S114D,-5.471
534,GOh1052_S114E,GOh1052,S114E,-5.615
535,GOh1052_S114F,GOh1052,S114F,-8.606
536,GOh1052_S114G,GOh1052,S114G,-6.921
537,GOh1052_S114H,GOh1052,S114H,-9.048
538,GOh1052_S114I,GOh1052,S114I,-6.948
539,GOh1052_S114K,GOh1052,S114K,-8.066
540,GOh1052_S114L,GOh1052,S114L,-5.993
541,GOh1052_S114M,GOh1052,S114M,-6.695
542,GOh1052_S114N,GOh1052,S114N,-3.72
543,GOh1052_S114P,GOh1052,S114P,-6.402
544,GOh1052_S114Q,GOh1052,S114Q,-5.186
545,GOh1052_S114R,GOh1052,S114R,-8.082
546,GOh1052_S114T,GOh1052,S114T,-2.717
547,GOh1052_S114V,GOh1052,S114V,-5.786
548,GOh1052_S114W,GOh1052,S114W,-11.495
549,GOh1052_S114Y,GOh1052,S114Y,-8.993
550,GOh1052_T117A,GOh1052,T117A,-5.604
551,GOh1052_T117C,GOh1052,T117C,-12.303
552,GOh1052_T117D,GOh1052,T117D,-7.57
553,GOh1052_T117E,GOh1052,T117E,-6.682
554,GOh1052_T117F,GOh1052,T117F,-7.459
555,GOh1052_T117G,GOh1052,T117G,-8.076
556,GOh1052_T117H,GOh1052,T117H,-8.535
557,GOh1052_T117I,GOh1052,T117I,-4.392
558,GOh1052_T117K,GOh1052,T117K,-5.855
559,GOh1052_T117L,GOh1052,T117L,-6.684
560,GOh1052_T117M,GOh1052,T117M,-7.718
561,GOh1052_T117N,GOh1052,T117N,-4.047
562,GOh1052_T117P,GOh1052,T117P,-12.205
563,GOh1052_T117Q,GOh1052,T117Q,-5.027
564,GOh1052_T117R,GOh1052,T117R,-7.357
565,GOh1052_T117S,GOh1052,T117S,-4.002
566,GOh1052_T117V,GOh1052,T117V,-3.572
567,GOh1052_T117W,GOh1052,T117W,-10.069
568,GOh1052_T117Y,GOh1052,T117Y,-7.252
569,GOh1052_S121A,GOh1052,S121A,-4.548
570,GOh1052_S121C,GOh1052,S121C,-12.394
571,GOh1052_S121D,GOh1052,S121D,-3.786
572,GOh1052_S121E,GOh1052,S121E,-5.403
573,GOh1052_S121F,GOh1052,S121F,-9.01
574,GOh1052_S121G,GOh1052,S121G,-6.308
575,GOh1052_S121H,GOh1052,S121H,-9.32
576,GOh1052_S121I,GOh1052,S121I,-7.637
577,GOh1052_S121K,GOh1052,S121K,-7.613
578,GOh1052_S121L,GOh1052,S121L,-7.602
579,GOh1052_S121M,GOh1052,S121M,-8.928
580,GOh1052_S121N,GOh1052,S121N,-3.377
581,GOh1052_S121P,GOh1052,S121P,-6.816
582,GOh1052_S121Q,GOh1052,S121Q,-5.745
583,GOh1052_S121R,GOh1052,S121R,-7.877
584,GOh1052_S121T,GOh1052,S121T,-3.87
585,GOh1052_S121V,GOh1052,S121V,-6.743
586,GOh1052_S121W,GOh1052,S121W,-10.621
587,GOh1052_S121Y,GOh1052,S121Y,-7.986
588,GOh1052_S125A,GOh1052,S125A,-5.384
589,GOh1052_S125C,GOh1052,S125C,-9.498
590,GOh1052_S125D,GOh1052,S125D,-7.527
591,GOh1052_S125E,GOh1052,S125E,-7.047
592,GOh1052_S125F,GOh1052,S125F,-7.399
593,GOh1052_S125G,GOh1052,S125G,-7.089
594,GOh1052_S125H,GOh1052,S125H,-8.938
595,GOh1052_S125I,GOh1052,S125I,-5.438
596,GOh1052_S125K,GOh1052,S125K,-5.776
597,GOh1052_S125L,GOh1052,S125L,-7.072
598,GOh1052_S125M,GOh1052,S125M,-6.999
599,GOh1052_S125N,GOh1052,S125N,-5.192
600,GOh1052_S125P,GOh1052,S125P,-11.411
601,GOh1052_S125Q,GOh1052,S125Q,-5.937
602,GOh1052_S125R,GOh1052,S125R,-6.168
603,GOh1052_S125T,GOh1052,S125T,-2.321
604,GOh1052_S125V,GOh1052,S125V,-4.86
605,GOh1052_S125W,GOh1052,S125W,-8.587
606,GOh1052_S125Y,GOh1052,S125Y,-7.127
607,GOh1052_F129A,GOh1052,F129A,1.238
608,GOh1052_F129C,GOh1052,F129C,-6.368
609,GOh1052_F129D,GOh1052,F129D,-1.488
610,GOh1052_F129E,GOh1052,F129E,-2.068
611,GOh1052_F129G,GOh1052,F129G,-1.364
612,GOh1052_F129H,GOh1052,F129H,-5.134
613,GOh1052_F129I,GOh1052,F129I,-2.549
614,GOh1052_F129K,GOh1052,F129K,-1.155
615,GOh1052_F129L,GOh1052,F129L,-1.145
616,GOh1052_F129M,GOh1052,F129M,-3.536
617,GOh1052_F129N,GOh1052,F129N,-0.697
618,GOh1052_F129P,GOh1052,F129P,-0.394
619,GOh1052_F129Q,GOh1052,F129Q,-1.195
620,GOh1052_F129R,GOh1052,F129R,-2.501
621,GOh1052_F129S,GOh1052,F129S,-0.304
622,GOh1052_F129T,GOh1052,F129T,-0.454
623,GOh1052_F129V,GOh1052,F129V,-1.548
624,GOh1052_F129W,GOh1052,F129W,-5.547
625,GOh1052_F129Y,GOh1052,F129Y,-2.43
626,GOh1052_A130C,GOh1052,A130C,-8.258
627,GOh1052_A130D,GOh1052,A130D,-2.316
628,GOh1052_A130E,GOh1052,A130E,-5.058
629,GOh1052_A130F,GOh1052,A130F,-6.001
630,GOh1052_A130G,GOh1052,A130G,-4.65
631,GOh1052_A130H,GOh1052,A130H,-5.637
632,GOh1052_A130I,GOh1052,A130I,-5.886
633,GOh1052_A130K,GOh1052,A130K,-3.533
634,GOh1052_A130L,GOh1052,A130L,-5.04
635,GOh1052_A130M,GOh1052,A130M,-5.8
636,GOh1052_A130N,GOh1052,A130N,-1.19
637,GOh1052_A130P,GOh1052,A130P,-4.66
638,GOh1052_A130Q,GOh1052,A130Q,-3.871
639,GOh1052_A130R,GOh1052,A130R,-4.28
640,GOh1052_A130S,GOh1052,A130S,-3.262
641,GOh1052_A130T,GOh1052,A130T,-4.358
642,GOh1052_A130V,GOh1052,A130V,-5.785
643,GOh1052_A130W,GOh1052,A130W,-7.076
644,GOh1052_A130Y,GOh1052,A130Y,-5.244
645,GOh1052_S132A,GOh1052,S132A,-4.396
646,GOh1052_S132C,GOh1052,S132C,-11.485
647,GOh1052_S132D,GOh1052,S132D,-6.254
648,GOh1052_S132E,GOh1052,S132E,-6.952
649,GOh1052_S132F,GOh1052,S132F,-7.863
650,GOh1052_S132G,GOh1052,S132G,-4.652
651,GOh1052_S132H,GOh1052,S132H,-7.155
652,GOh1052_S132I,GOh1052,S132I,-8.061
653,GOh1052_S132K,GOh1052,S132K,-4.57
654,GOh1052_S132L,GOh1052,S132L,-7.642
655,GOh1052_S132M,GOh1052,S132M,-8.184
656,GOh1052_S132N,GOh1052,S132N,-4.195
657,GOh1052_S132P,GOh1052,S132P,-6.594
658,GOh1052_S132Q,GOh1052,S132Q,-5.976
659,GOh1052_S132R,GOh1052,S132R,-5.352
660,GOh1052_S132T,GOh1052,S132T,-4.7
661,GOh1052_S132V,GOh1052,S132V,-7.298
662,GOh1052_S132W,GOh1052,S132W,-8.834
663,GOh1052_S132Y,GOh1052,S132Y,-7.287
664,GOh1052_Y136A,GOh1052,Y136A,-6.742
665,GOh1052_Y136C,GOh1052,Y136C,-10.297
666,GOh1052_Y136D,GOh1052,Y136D,-7.297
667,GOh1052_Y136E,GOh1052,Y136E,-6.905
668,GOh1052_Y136F,GOh1052,Y136F,-5.332
669,GOh1052_Y136G,GOh1052,Y136G,-8.242
670,GOh1052_Y136H,GOh1052,Y136H,-6.812
671,GOh1052_Y136I,GOh1052,Y136I,-5.711
672,GOh1052_Y136K,GOh1052,Y136K,-7.302
673,GOh1052_Y136L,GOh1052,Y136L,-5.406
674,GOh1052_Y136M,GOh1052,Y136M,-7.224
675,GOh1052_Y136N,GOh1052,Y136N,-5.97
676,GOh1052_Y136P,GOh1052,Y136P,-7.731
677,GOh1052_Y136Q,GOh1052,Y136Q,-5.977
678,GOh1052_Y136R,GOh1052,Y136R,-6.944
679,GOh1052_Y136S,GOh1052,Y136S,-5.916
680,GOh1052_Y136T,GOh1052,Y136T,-4.678
681,GOh1052_Y136V,GOh1052,Y136V,-5.239
682,GOh1052_Y136W,GOh1052,Y136W,-6.939
683,GOh1052_N138A,GOh1052,N138A,-2.732
684,GOh1052_N138C,GOh1052,N138C,-7.766
685,GOh1052_N138D,GOh1052,N138D,-4.008
686,GOh1052_N138E,GOh1052,N138E,-3.995
687,GOh1052_N138F,GOh1052,N138F,-3.935
688,GOh1052_N138G,GOh1052,N138G,-3.371
689,GOh1052_N138H,GOh1052,N138H,-5.138
690,GOh1052_N138I,GOh1052,N138I,-4.962
691,GOh1052_N138K,GOh1052,N138K,-3.873
692,GOh1052_N138L,GOh1052,N138L,-3.505
693,GOh1052_N138M,GOh1052,N138M,-5.336
694,GOh1052_N138P,GOh1052,N138P,-4.74
695,GOh1052_N138Q,GOh1052,N138Q,-3.383
696,GOh1052_N138R,GOh1052,N138R,-3.097
697,GOh1052_N138S,GOh1052,N138S,-2.313
698,GOh1052_N138T,GOh1052,N138T,-1.797
699,GOh1052_N138V,GOh1052,N138V,-3.85
700,GOh1052_N138W,GOh1052,N138W,-3.734
701,GOh1052_N138Y,GOh1052,N138Y,-2.784
702,GOh1052_E140A,GOh1052,E140A,-1.224
703,GOh1052_E140C,GOh1052,E140C,-7.263
704,GOh1052_E140D,GOh1052,E140D,-3.148
705,GOh1052_E140F,GOh1052,E140F,-5.038
706,GOh1052_E140G,GOh1052,E140G,-2.73
707,GOh1052_E140H,GOh1052,E140H,-7.004
708,GOh1052_E140I,GOh1052,E140I,-4.581
709,GOh1052_E140K,GOh1052,E140K,-4.087
710,GOh1052_E140L,GOh1052,E140L,-4.046
711,GOh1052_E140M,GOh1052,E140M,-5.771
712,GOh1052_E140N,GOh1052,E140N,-2.836
713,GOh1052_E140P,GOh1052,E140P,-2.332
714,GOh1052_E140Q,GOh1052,E140Q,-3.156
715,GOh1052_E140R,GOh1052,E140R,-4.656
716,GOh1052_E140S,GOh1052,E140S,-1.72
717,GOh1052_E140T,GOh1052,E140T,-1.378
718,GOh1052_E140V,GOh1052,E140V,-3.437
719,GOh1052_E140W,GOh1052,E140W,-6.627
720,GOh1052_E140Y,GOh1052,E140Y,-5.003
721,GOh1052_R142A,GOh1052,R142A,-4.107
722,GOh1052_R142C,GOh1052,R142C,-10.76
723,GOh1052_R142D,GOh1052,R142D,-8.156
724,GOh1052_R142E,GOh1052,R142E,-5.596
725,GOh1052_R142F,GOh1052,R142F,-8.129
726,GOh1052_R142G,GOh1052,R142G,-6.68
727,GOh1052_R142H,GOh1052,R142H,-6.868
728,GOh1052_R142I,GOh1052,R142I,-6.536
729,GOh1052_R142K,GOh1052,R142K,-2.559
730,GOh1052_R142L,GOh1052,R142L,-6.532
731,GOh1052_R142M,GOh1052,R142M,-6.812
732,GOh1052_R142N,GOh1052,R142N,-6.034
733,GOh1052_R142P,GOh1052,R142P,-8.773
734,GOh1052_R142Q,GOh1052,R142Q,-3.079
735,GOh1052_R142S,GOh1052,R142S,-4.253
736,GOh1052_R142T,GOh1052,R142T,-2.966
737,GOh1052_R142V,GOh1052,R142V,-4.551
738,GOh1052_R142W,GOh1052,R142W,-10.742
739,GOh1052_R142Y,GOh1052,R142Y,-7.556
740,GOh1052_P143A,GOh1052,P143A,-2.853
741,GOh1052_P143C,GOh1052,P143C,-10.435
742,GOh1052_P143D,GOh1052,P143D,-3.571
743,GOh1052_P143E,GOh1052,P143E,-4.306
744,GOh1052_P143F,GOh1052,P143F,-7.57
745,GOh1052_P143G,GOh1052,P143G,-4.136
746,GOh1052_P143H,GOh1052,P143H,-7.577
747,GOh1052_P143I,GOh1052,P143I,-6.336
748,GOh1052_P143K,GOh1052,P143K,-4.453
749,GOh1052_P143L,GOh1052,P143L,-5.708
750,GOh1052_P143M,GOh1052,P143M,-6.507
751,GOh1052_P143N,GOh1052,P143N,-2.152
752,GOh1052_P143Q,GOh1052,P143Q,-2.194
753,GOh1052_P143R,GOh1052,P143R,-5.15
754,GOh1052_P143S,GOh1052,P143S,-0.714
755,GOh1052_P143T,GOh1052,P143T,-2.05
756,GOh1052_P143V,GOh1052,P143V,-5.258
757,GOh1052_P143W,GOh1052,P143W,-9.099
758,GOh1052_P143Y,GOh1052,P143Y,-6.575
759,GOh1052_V150A,GOh1052,V150A,-7.141
760,GOh1052_V150C,GOh1052,V150C,-12.395
761,GOh1052_V150D,GOh1052,V150D,-8.934
762,GOh1052_V150E,GOh1052,V150E,-7.895
763,GOh1052_V150F,GOh1052,V150F,-9.27
764,GOh1052_V150G,GOh1052,V150G,-10.98
765,GOh1052_V150H,GOh1052,V150H,-8.32
766,GOh1052_V150I,GOh1052,V150I,-6.444
767,GOh1052_V150K,GOh1052,V150K,-5.707
768,GOh1052_V150L,GOh1052,V150L,-6.975
769,GOh1052_V150M,GOh1052,V150M,-8.627
770,GOh1052_V150N,GOh1052,V150N,-7.181
771,GOh1052_V150P,GOh1052,V150P,-14.547
772,GOh1052_V150Q,GOh1052,V150Q,-6.026
773,GOh1052_V150R,GOh1052,V150R,-6.352
774,GOh1052_V150S,GOh1052,V150S,-7.189
775,GOh1052_V150T,GOh1052,V150T,-5.979
776,GOh1052_V150W,GOh1052,V150W,-10.844
777,GOh1052_V150Y,GOh1052,V150Y,-8.381
778,GOh1052_V152A,GOh1052,V152A,-6.166
779,GOh1052_V152C,GOh1052,V152C,-12.284
780,GOh1052_V152D,GOh1052,V152D,-6.525
781,GOh1052_V152E,GOh1052,V152E,-5.347
782,GOh1052_V152F,GOh1052,V152F,-5.354
783,GOh1052_V152G,GOh1052,V152G,-8.612
784,GOh1052_V152H,GOh1052,V152H,-6.047
785,GOh1052_V152I,GOh1052,V152I,-3.391
786,GOh1052_V152K,GOh1052,V152K,-4.888
787,GOh1052_V152L,GOh1052,V152L,-1.431
788,GOh1052_V152M,GOh1052,V152M,-4.992
789,GOh1052_V152N,GOh1052,V152N,-5.795
790,GOh1052_V152P,GOh1052,V152P,-8.694
791,GOh1052_V152Q,GOh1052,V152Q,-4.667
792,GOh1052_V152R,GOh1052,V152R,-5.515
793,GOh1052_V152S,GOh1052,V152S,-6.615
794,GOh1052_V152T,GOh1052,V152T,-4.883
795,GOh1052_V152W,GOh1052,V152W,-7.696
796,GOh1052_V152Y,GOh1052,V152Y,-4.488
797,GOh1052_A155C,GOh1052,A155C,-9.181
798,GOh1052_A155D,GOh1052,A155D,-7.858
799,GOh1052_A155E,GOh1052,A155E,-7.453
800,GOh1052_A155F,GOh1052,A155F,-7.279
801,GOh1052_A155G,GOh1052,A155G,-6.481
802,GOh1052_A155H,GOh1052,A155H,-8.528
803,GOh1052_A155I,GOh1052,A155I,-4.423
804,GOh1052_A155K,GOh1052,A155K,-9.336
805,GOh1052_A155L,GOh1052,A155L,-6.346
806,GOh1052_A155M,GOh1052,A155M,-7.208
807,GOh1052_A155N,GOh1052,A155N,-7.832
808,GOh1052_A155P,GOh1052,A155P,-8.735
809,GOh1052_A155Q,GOh1052,A155Q,-7.175
810,GOh1052_A155R,GOh1052,A155R,-9.238
811,GOh1052_A155S,GOh1052,A155S,-5.842
812,GOh1052_A155T,GOh1052,A155T,-5.578
813,GOh1052_A155V,GOh1052,A155V,-2.924
814,GOh1052_A155W,GOh1052,A155W,-8.954
815,GOh1052_A155Y,GOh1052,A155Y,-7.49
816,GOh1052_N156A,GOh1052,N156A,-7.77
817,GOh1052_N156C,GOh1052,N156C,-12.456
818,GOh1052_N156D,GOh1052,N156D,-7.358
819,GOh1052_N156E,GOh1052,N156E,-9.573
820,GOh1052_N156F,GOh1052,N156F,-8.603
821,GOh1052_N156G,GOh1052,N156G,-6.474
822,GOh1052_N156H,GOh1052,N156H,-8.643
823,GOh1052_N156I,GOh1052,N156I,-10.296
824,GOh1052_N156K,GOh1052,N156K,-8.735
825,GOh1052_N156L,GOh1052,N156L,-8.762
826,GOh1052_N156M,GOh1052,N156M,-9.898
827,GOh1052_N156P,GOh1052,N156P,-11.921
828,GOh1052_N156Q,GOh1052,N156Q,-8.584
829,GOh1052_N156R,GOh1052,N156R,-8.758
830,GOh1052_N156S,GOh1052,N156S,-6.682
831,GOh1052_N156T,GOh1052,N156T,-8.551
832,GOh1052_N156V,GOh1052,N156V,-10.116
833,GOh1052_N156W,GOh1052,N156W,-10.305
834,GOh1052_N156Y,GOh1052,N156Y,-7.851
835,GOh1052_G157A,GOh1052,G157A,-7.352
836,GOh1052_G157C,GOh1052,G157C,-11.851
837,GOh1052_G157D,GOh1052,G157D,-6.258
838,GOh1052_G157E,GOh1052,G157E,-8.553
839,GOh1052_G157F,GOh1052,G157F,-9.098
840,GOh1052_G157H,GOh1052,G157H,-8.397
841,GOh1052_G157I,GOh1052,G157I,-11.478
842,GOh1052_G157K,GOh1052,G157K,-8.386
843,GOh1052_G157L,GOh1052,G157L,-8.792
844,GOh1052_G157M,GOh1052,G157M,-10.17
845,GOh1052_G157N,GOh1052,G157N,-3.67
846,GOh1052_G157P,GOh1052,G157P,-10.105
847,GOh1052_G157Q,GOh1052,G157Q,-7.594
848,GOh1052_G157R,GOh1052,G157R,-7.988
849,GOh1052_G157S,GOh1052,G157S,-5.644
850,GOh1052_G157T,GOh1052,G157T,-8.454
851,GOh1052_G157V,GOh1052,G157V,-10.138
852,GOh1052_G157W,GOh1052,G157W,-9.457
853,GOh1052_G157Y,GOh1052,G157Y,-8.409
854,GOh1052_Q158A,GOh1052,Q158A,-3.857
855,GOh1052_Q158C,GOh1052,Q158C,-8.866
856,GOh1052_Q158D,GOh1052,Q158D,-4.026
857,GOh1052_Q158E,GOh1052,Q158E,-5.787
858,GOh1052_Q158F,GOh1052,Q158F,-6.333
859,GOh1052_Q158G,GOh1052,Q158G,-3.98
860,GOh1052_Q158H,GOh1052,Q158H,-4.648
861,GOh1052_Q158I,GOh1052,Q158I,-6.411
862,GOh1052_Q158K,GOh1052,Q158K,-2.544
863,GOh1052_Q158L,GOh1052,Q158L,-4.281
864,GOh1052_Q158M,GOh1052,Q158M,-6.534
865,GOh1052_Q158N,GOh1052,Q158N,0.49
866,GOh1052_Q158P,GOh1052,Q158P,-8.709
867,GOh1052_Q158R,GOh1052,Q158R,-3.865
868,GOh1052_Q158S,GOh1052,Q158S,-3.242
869,GOh1052_Q158T,GOh1052,Q158T,-5.44
870,GOh1052_Q158V,GOh1052,Q158V,-5.992
871,GOh1052_Q158W,GOh1052,Q158W,-7.211
872,GOh1052_Q158Y,GOh1052,Q158Y,-5.944
873,GOh1052_S162A,GOh1052,S162A,-8.006
874,GOh1052_S162C,GOh1052,S162C,-11.186
875,GOh1052_S162D,GOh1052,S162D,-12.23
876,GOh1052_S162E,GOh1052,S162E,-12.53
877,GOh1052_S162F,GOh1052,S162F,-14.49
878,GOh1052_S162G,GOh1052,S162G,-9.82
879,GOh1052_S162H,GOh1052,S162H,-11.871
880,GOh1052_S162I,GOh1052,S162I,-13.926
881,GOh1052_S162K,GOh1052,S162K,-13.725
882,GOh1052_S162L,GOh1052,S162L,-13.814
883,GOh1052_S162M,GOh1052,S162M,-12.832
884,GOh1052_S162N,GOh1052,S162N,-9.856
885,GOh1052_S162P,GOh1052,S162P,-13.5
886,GOh1052_S162Q,GOh1052,S162Q,-11.719
887,GOh1052_S162R,GOh1052,S162R,-12.68
888,GOh1052_S162T,GOh1052,S162T,-5.217
889,GOh1052_S162V,GOh1052,S162V,-11.455
890,GOh1052_S162W,GOh1052,S162W,-14.852
891,GOh1052_S162Y,GOh1052,S162Y,-14.888
892,GOh1052_N167A,GOh1052,N167A,-6.35
893,GOh1052_N167C,GOh1052,N167C,-14.14
894,GOh1052_N167D,GOh1052,N167D,-3.472
895,GOh1052_N167E,GOh1052,N167E,-4.741
896,GOh1052_N167F,GOh1052,N167F,-10.658
897,GOh1052_N167G,GOh1052,N167G,-5.733
898,GOh1052_N167H,GOh1052,N167H,-8.454
899,GOh1052_N167I,GOh1052,N167I,-10.597
900,GOh1052_N167K,GOh1052,N167K,-6.677
901,GOh1052_N167L,GOh1052,N167L,-9.379
902,GOh1052_N167M,GOh1052,N167M,-10.112
903,GOh1052_N167P,GOh1052,N167P,-13.881
904,GOh1052_N167Q,GOh1052,N167Q,-4.954
905,GOh1052_N167R,GOh1052,N167R,-7.384
906,GOh1052_N167S,GOh1052,N167S,-5.479
907,GOh1052_N167T,GOh1052,N167T,-7.032
908,GOh1052_N167V,GOh1052,N167V,-9.428
909,GOh1052_N167W,GOh1052,N167W,-10.791
910,GOh1052_N167Y,GOh1052,N167Y,-8.947
911,GOh1052_Q170A,GOh1052,Q170A,-2.219
912,GOh1052_Q170C,GOh1052,Q170C,-9.721
913,GOh1052_Q170D,GOh1052,Q170D,-4.073
914,GOh1052_Q170E,GOh1052,Q170E,-3.96
915,GOh1052_Q170F,GOh1052,Q170F,-7.097
916,GOh1052_Q170G,GOh1052,Q170G,-2.059
917,GOh1052_Q170H,GOh1052,Q170H,-6.676
918,GOh1052_Q170I,GOh1052,Q170I,-6.384
919,GOh1052_Q170K,GOh1052,Q170K,-4.459
920,GOh1052_Q170L,GOh1052,Q170L,-4.786
921,GOh1052_Q170M,GOh1052,Q170M,-6.593
922,GOh1052_Q170N,GOh1052,Q170N,-2.932
923,GOh1052_Q170P,GOh1052,Q170P,-2.959
924,GOh1052_Q170R,GOh1052,Q170R,-4.956
925,GOh1052_Q170S,GOh1052,Q170S,-2.392
926,GOh1052_Q170T,GOh1052,Q170T,-2.566
927,GOh1052_Q170V,GOh1052,Q170V,-4.84
928,GOh1052_Q170W,GOh1052,Q170W,-8.962
929,GOh1052_Q170Y,GOh1052,Q170Y,-5.425
930,GOh1052_S172A,GOh1052,S172A,-3.913
931,GOh1052_S172C,GOh1052,S172C,-10.232
932,GOh1052_S172D,GOh1052,S172D,-4.609
933,GOh1052_S172E,GOh1052,S172E,-5.222
934,GOh1052_S172F,GOh1052,S172F,-7.317
935,GOh1052_S172G,GOh1052,S172G,-3.205
936,GOh1052_S172H,GOh1052,S172H,-8.595
937,GOh1052_S172I,GOh1052,S172I,-6.694
938,GOh1052_S172K,GOh1052,S172K,-6.639
939,GOh1052_S172L,GOh1052,S172L,-6.083
940,GOh1052_S172M,GOh1052,S172M,-8.047
941,GOh1052_S172N,GOh1052,S172N,-4.523
942,GOh1052_S172P,GOh1052,S172P,-4.126
943,GOh1052_S172Q,GOh1052,S172Q,-5.018
944,GOh1052_S172R,GOh1052,S172R,-7.306
945,GOh1052_S172T,GOh1052,S172T,-3.851
946,GOh1052_S172V,GOh1052,S172V,-5.34
947,GOh1052_S172W,GOh1052,S172W,-9.607
948,GOh1052_S172Y,GOh1052,S172Y,-7.279
949,GOh1052_S173A,GOh1052,S173A,-4.104
950,GOh1052_S173C,GOh1052,S173C,-10.099
951,GOh1052_S173D,GOh1052,S173D,-5.302
952,GOh1052_S173E,GOh1052,S173E,-6.03
953,GOh1052_S173F,GOh1052,S173F,-8.182
954,GOh1052_S173G,GOh1052,S173G,-3.158
955,GOh1052_S173H,GOh1052,S173H,-8.722
956,GOh1052_S173I,GOh1052,S173I,-7.386
957,GOh1052_S173K,GOh1052,S173K,-7.403
958,GOh1052_S173L,GOh1052,S173L,-7.058
959,GOh1052_S173M,GOh1052,S173M,-9.039
960,GOh1052_S173N,GOh1052,S173N,-4.457
961,GOh1052_S173P,GOh1052,S173P,-4.648
962,GOh1052_S173Q,GOh1052,S173Q,-5.429
963,GOh1052_S173R,GOh1052,S173R,-7.72
964,GOh1052_S173T,GOh1052,S173T,-3.996
965,GOh1052_S173V,GOh1052,S173V,-5.934
966,GOh1052_S173W,GOh1052,S173W,-10.281
967,GOh1052_S173Y,GOh1052,S173Y,-8.168
968,GOh1052_Y174A,GOh1052,Y174A,-2.035
969,GOh1052_Y174C,GOh1052,Y174C,-6.634
970,GOh1052_Y174D,GOh1052,Y174D,-3.449
971,GOh1052_Y174E,GOh1052,Y174E,-4.009
972,GOh1052_Y174F,GOh1052,Y174F,-3.842
973,GOh1052_Y174G,GOh1052,Y174G,-1.191
974,GOh1052_Y174H,GOh1052,Y174H,-5.884
975,GOh1052_Y174I,GOh1052,Y174I,-3.736
976,GOh1052_Y174K,GOh1052,Y174K,-5.021
977,GOh1052_Y174L,GOh1052,Y174L,-3.613
978,GOh1052_Y174M,GOh1052,Y174M,-5.524
979,GOh1052_Y174N,GOh1052,Y174N,-2.625
980,GOh1052_Y174P,GOh1052,Y174P,-2.117
981,GOh1052_Y174Q,GOh1052,Y174Q,-3.066
982,GOh1052_Y174R,GOh1052,Y174R,-5.187
983,GOh1052_Y174S,GOh1052,Y174S,-1.343
984,GOh1052_Y174T,GOh1052,Y174T,-1.695
985,GOh1052_Y174V,GOh1052,Y174V,-2.602
986,GOh1052_Y174W,GOh1052,Y174W,-5.975
987,GOh1052_T175A,GOh1052,T175A,-4.661
988,GOh1052_T175C,GOh1052,T175C,-10.537
989,GOh1052_T175D,GOh1052,T175D,-6.118
990,GOh1052_T175E,GOh1052,T175E,-5.269
991,GOh1052_T175F,GOh1052,T175F,-7.425
992,GOh1052_T175G,GOh1052,T175G,-5.667
993,GOh1052_T175H,GOh1052,T175H,-7.857
994,GOh1052_T175I,GOh1052,T175I,-5.462
995,GOh1052_T175K,GOh1052,T175K,-6.285
996,GOh1052_T175L,GOh1052,T175L,-6.43
997,GOh1052_T175M,GOh1052,T175M,-7.902
998,GOh1052_T175N,GOh1052,T175N,-5.077
999,GOh1052_T175P,GOh1052,T175P,-4.403
1000,GOh1052_T175Q,GOh1052,T175Q,-4.643
1001,GOh1052_T175R,GOh1052,T175R,-7.186
1002,GOh1052_T175S,GOh1052,T175S,-3.771
1003,GOh1052_T175V,GOh1052,T175V,-3.589
1004,GOh1052_T175Y,GOh1052,T175Y,-7.022
1005,GOh1052_P177A,GOh1052,P177A,-5.057
1006,GOh1052_P177C,GOh1052,P177C,-11.525
1007,GOh1052_P177D,GOh1052,P177D,-6.51
1008,GOh1052_P177E,GOh1052,P177E,-6.437
1009,GOh1052_P177F,GOh1052,P177F,-8.042
1010,GOh1052_P177G,GOh1052,P177G,-6.085
1011,GOh1052_P177H,GOh1052,P177H,-8.62
1012,GOh1052_P177I,GOh1052,P177I,-7.048
1013,GOh1052_P177K,GOh1052,P177K,-6.833
1014,GOh1052_P177L,GOh1052,P177L,-6.767
1015,GOh1052_P177M,GOh1052,P177M,-8.752
1016,GOh1052_P177N,GOh1052,P177N,-6.21
1017,GOh1052_P177Q,GOh1052,P177Q,-6.077
1018,GOh1052_P177R,GOh1052,P177R,-7.661
1019,GOh1052_P177S,GOh1052,P177S,-5.074
1020,GOh1052_P177T,GOh1052,P177T,-5.359
1021,GOh1052_P177V,GOh1052,P177V,-5.973
1022,GOh1052_P177W,GOh1052,P177W,-9.657
1023,GOh1052_P177Y,GOh1052,P177Y,-7.283
1024,GOh1052_Q178A,GOh1052,Q178A,-1.577
1025,GOh1052_Q178C,GOh1052,Q178C,-11.378
1026,GOh1052_Q178D,GOh1052,Q178D,-1.877
1027,GOh1052_Q178E,GOh1052,Q178E,-3.248
1028,GOh1052_Q178F,GOh1052,Q178F,-6.342
1029,GOh1052_Q178G,GOh1052,Q178G,-3.334
1030,GOh1052_Q178H,GOh1052,Q178H,-6.079
1031,GOh1052_Q178I,GOh1052,Q178I,-5.057
1032,GOh1052_Q178K,GOh1052,Q178K,-3.915
1033,GOh1052_Q178L,GOh1052,Q178L,-4.224
1034,GOh1052_Q178M,GOh1052,Q178M,-6.377
1035,GOh1052_Q178N,GOh1052,Q178N,-2.641
1036,GOh1052_Q178P,GOh1052,Q178P,-3.797
1037,GOh1052_Q178R,GOh1052,Q178R,-5.292
1038,GOh1052_Q178S,GOh1052,Q178S,-2.036
1039,GOh1052_Q178T,GOh1052,Q178T,-2.447
1040,GOh1052_Q178V,GOh1052,Q178V,-3.789
1041,GOh1052_Q178W,GOh1052,Q178W,-8.551
1042,GOh1052_Q178Y,GOh1052,Q178Y,-5.41
1043,GOh1052_P179A,GOh1052,P179A,-3.876
1044,GOh1052_P179C,GOh1052,P179C,-10.813
1045,GOh1052_P179D,GOh1052,P179D,-5.273
1046,GOh1052_P179E,GOh1052,P179E,-5.59
1047,GOh1052_P179F,GOh1052,P179F,-8.079
1048,GOh1052_P179G,GOh1052,P179G,-4.882
1049,GOh1052_P179H,GOh1052,P179H,-8.131
1050,GOh1052_P179I,GOh1052,P179I,-6.836
1051,GOh1052_P179K,GOh1052,P179K,-6.389
1052,GOh1052_P179L,GOh1052,P179L,-6.602
1053,GOh1052_P179M,GOh1052,P179M,-8.35
1054,GOh1052_P179N,GOh1052,P179N,-4.854
1055,GOh1052_P179Q,GOh1052,P179Q,-5.569
1056,GOh1052_P179R,GOh1052,P179R,-7.515
1057,GOh1052_P179S,GOh1052,P179S,-3.488
1058,GOh1052_P179T,GOh1052,P179T,-3.982
1059,GOh1052_P179V,GOh1052,P179V,-5.537
1060,GOh1052_P179W,GOh1052,P179W,-9.43
1061,GOh1052_P179Y,GOh1052,P179Y,-7.177
1062,GOh1052_G180A,GOh1052,G180A,-3.065
1063,GOh1052_G180C,GOh1052,G180C,-9.736
1064,GOh1052_G180D,GOh1052,G180D,-4.01
1065,GOh1052_G180E,GOh1052,G180E,-3.804
1066,GOh1052_G180F,GOh1052,G180F,-5.046
1067,GOh1052_G180H,GOh1052,G180H,-5.603
1068,GOh1052_G180I,GOh1052,G180I,-4.048
1069,GOh1052_G180K,GOh1052,G180K,-5.241
1070,GOh1052_G180L,GOh1052,G180L,-4.284
1071,GOh1052_G180M,GOh1052,G180M,-6.018
1072,GOh1052_G180N,GOh1052,G180N,-2.983
1073,GOh1052_G180P,GOh1052,G180P,-5.433
1074,GOh1052_G180Q,GOh1052,G180Q,-3.874
1075,GOh1052_G180R,GOh1052,G180R,-5.994
1076,GOh1052_G180S,GOh1052,G180S,-1.968
1077,GOh1052_G180T,GOh1052,G180T,-1.297
1078,GOh1052_G180V,GOh1052,G180V,-2.618
1079,GOh1052_G180W,GOh1052,G180W,-6.333
1080,GOh1052_G180Y,GOh1052,G180Y,-3.971
1081,GOh1052_L181A,GOh1052,L181A,-3.291
1082,GOh1052_L181C,GOh1052,L181C,-10.0
1083,GOh1052_L181D,GOh1052,L181D,-3.964
1084,GOh1052_L181E,GOh1052,L181E,-3.941
1085,GOh1052_L181F,GOh1052,L181F,-5.138
1086,GOh1052_L181G,GOh1052,L181G,-4.856
1087,GOh1052_L181H,GOh1052,L181H,-5.973
1088,GOh1052_L181I,GOh1052,L181I,-3.535
1089,GOh1052_L181K,GOh1052,L181K,-4.533
1090,GOh1052_L181M,GOh1052,L181M,-5.26
1091,GOh1052_L181N,GOh1052,L181N,-4.059
1092,GOh1052_L181P,GOh1052,L181P,-5.287
1093,GOh1052_L181Q,GOh1052,L181Q,-3.26
1094,GOh1052_L181R,GOh1052,L181R,-5.821
1095,GOh1052_L181S,GOh1052,L181S,-3.874
1096,GOh1052_L181T,GOh1052,L181T,-3.236
1097,GOh1052_L181V,GOh1052,L181V,-2.614
1098,GOh1052_L181W,GOh1052,L181W,-6.869
1099,GOh1052_L181Y,GOh1052,L181Y,-4.464
1100,GOh1052_R183A,GOh1052,R183A,-3.147
1101,GOh1052_R183C,GOh1052,R183C,-10.256
1102,GOh1052_R183D,GOh1052,R183D,-6.781
1103,GOh1052_R183E,GOh1052,R183E,-4.302
1104,GOh1052_R183F,GOh1052,R183F,-7.796
1105,GOh1052_R183G,GOh1052,R183G,-6.038
1106,GOh1052_R183H,GOh1052,R183H,-6.248
1107,GOh1052_R183I,GOh1052,R183I,-6.291
1108,GOh1052_R183K,GOh1052,R183K,-2.32
1109,GOh1052_R183L,GOh1052,R183L,-6.07
1110,GOh1052_R183M,GOh1052,R183M,-5.819
1111,GOh1052_R183N,GOh1052,R183N,-5.806
1112,GOh1052_R183P,GOh1052,R183P,-10.883
1113,GOh1052_R183Q,GOh1052,R183Q,-2.802
1114,GOh1052_R183S,GOh1052,R183S,-3.2
1115,GOh1052_R183T,GOh1052,R183T,-3.729
1116,GOh1052_R183V,GOh1052,R183V,-4.658
1117,GOh1052_R183W,GOh1052,R183W,-8.797
1118,GOh1052_R183Y,GOh1052,R183Y,-6.981
1119,GOh1052_P186A,GOh1052,P186A,-5.234
1120,GOh1052_P186C,GOh1052,P186C,-13.619
1121,GOh1052_P186D,GOh1052,P186D,-5.566
1122,GOh1052_P186E,GOh1052,P186E,-5.307
1123,GOh1052_P186F,GOh1052,P186F,-11.58
1124,GOh1052_P186G,GOh1052,P186G,-6.471
1125,GOh1052_P186H,GOh1052,P186H,-9.154
1126,GOh1052_P186I,GOh1052,P186I,-10.951
1127,GOh1052_P186K,GOh1052,P186K,-5.671
1128,GOh1052_P186L,GOh1052,P186L,-9.601
1129,GOh1052_P186M,GOh1052,P186M,-10.641
1130,GOh1052_P186N,GOh1052,P186N,-6.374
1131,GOh1052_P186Q,GOh1052,P186Q,-6.185
1132,GOh1052_P186R,GOh1052,P186R,-7.084
1133,GOh1052_P186S,GOh1052,P186S,-4.794
1134,GOh1052_P186T,GOh1052,P186T,-6.61
1135,GOh1052_P186V,GOh1052,P186V,-9.463
1136,GOh1052_P186W,GOh1052,P186W,-12.329
1137,GOh1052_P186Y,GOh1052,P186Y,-10.768
1138,GOh1052_T187A,GOh1052,T187A,-6.105
1139,GOh1052_T187C,GOh1052,T187C,-14.522
1140,GOh1052_T187D,GOh1052,T187D,-8.804
1141,GOh1052_T187E,GOh1052,T187E,-7.648
1142,GOh1052_T187F,GOh1052,T187F,-9.437
1143,GOh1052_T187G,GOh1052,T187G,-9.185
1144,GOh1052_T187H,GOh1052,T187H,-10.436
1145,GOh1052_T187I,GOh1052,T187I,-7.121
1146,GOh1052_T187K,GOh1052,T187K,-7.696
1147,GOh1052_T187L,GOh1052,T187L,-6.466
1148,GOh1052_T187M,GOh1052,T187M,-7.425
1149,GOh1052_T187N,GOh1052,T187N,-7.886
1150,GOh1052_T187P,GOh1052,T187P,-8.629
1151,GOh1052_T187Q,GOh1052,T187Q,-7.355
1152,GOh1052_T187R,GOh1052,T187R,-8.546
1153,GOh1052_T187S,GOh1052,T187S,-6.6
1154,GOh1052_T187V,GOh1052,T187V,-5.858
1155,GOh1052_T187W,GOh1052,T187W,-11.829
1156,GOh1052_T187Y,GOh1052,T187Y,-9.698
1157,GOh1052_D189A,GOh1052,D189A,-3.901
1158,GOh1052_D189C,GOh1052,D189C,-12.553
1159,GOh1052_D189E,GOh1052,D189E,-5.28
1160,GOh1052_D189F,GOh1052,D189F,-8.342
1161,GOh1052_D189G,GOh1052,D189G,-4.287
1162,GOh1052_D189H,GOh1052,D189H,-5.587
1163,GOh1052_D189I,GOh1052,D189I,-8.166
1164,GOh1052_D189K,GOh1052,D189K,-2.949
1165,GOh1052_D189L,GOh1052,D189L,-7.199
1166,GOh1052_D189M,GOh1052,D189M,-7.843
1167,GOh1052_D189N,GOh1052,D189N,-2.683
1168,GOh1052_D189P,GOh1052,D189P,-2.548
1169,GOh1052_D189Q,GOh1052,D189Q,-4.172
1170,GOh1052_D189R,GOh1052,D189R,-4.816
1171,GOh1052_D189S,GOh1052,D189S,-2.798
1172,GOh1052_D189T,GOh1052,D189T,-3.973
1173,GOh1052_D189V,GOh1052,D189V,-6.917
1174,GOh1052_D189W,GOh1052,D189W,-9.654
1175,GOh1052_D189Y,GOh1052,D189Y,-7.138
1176,GOh1052_L190A,GOh1052,L190A,-6.948
1177,GOh1052_L190C,GOh1052,L190C,-9.549
1178,GOh1052_L190D,GOh1052,L190D,-11.889
1179,GOh1052_L190E,GOh1052,L190E,-10.246
1180,GOh1052_L190F,GOh1052,L190F,-0.715
1181,GOh1052_L190G,GOh1052,L190G,-9.751
1182,GOh1052_L190H,GOh1052,L190H,-7.732
1183,GOh1052_L190I,GOh1052,L190I,-5.235
1184,GOh1052_L190K,GOh1052,L190K,-10.875
1185,GOh1052_L190M,GOh1052,L190M,-3.164
1186,GOh1052_L190N,GOh1052,L190N,-10.129
1187,GOh1052_L190P,GOh1052,L190P,-10.77
1188,GOh1052_L190Q,GOh1052,L190Q,-8.58
1189,GOh1052_L190R,GOh1052,L190R,-10.224
1190,GOh1052_L190S,GOh1052,L190S,-7.968
1191,GOh1052_L190T,GOh1052,L190T,-6.361
1192,GOh1052_L190V,GOh1052,L190V,-5.482
1193,GOh1052_L190W,GOh1052,L190W,-5.859
1194,GOh1052_L190Y,GOh1052,L190Y,-4.524
1195,GOh1052_V193A,GOh1052,V193A,-7.934
1196,GOh1052_V193C,GOh1052,V193C,-13.129
1197,GOh1052_V193D,GOh1052,V193D,-11.418
1198,GOh1052_V193E,GOh1052,V193E,-10.314
1199,GOh1052_V193F,GOh1052,V193F,-9.682
1200,GOh1052_V193G,GOh1052,V193G,-11.034
1201,GOh1052_V193H,GOh1052,V193H,-10.615
1202,GOh1052_V193I,GOh1052,V193I,-3.734
1203,GOh1052_V193K,GOh1052,V193K,-10.455
1204,GOh1052_V193L,GOh1052,V193L,-5.756
1205,GOh1052_V193M,GOh1052,V193M,-8.035
1206,GOh1052_V193N,GOh1052,V193N,-7.832
1207,GOh1052_V193P,GOh1052,V193P,-9.215
1208,GOh1052_V193Q,GOh1052,V193Q,-9.107
1209,GOh1052_V193R,GOh1052,V193R,-10.894
1210,GOh1052_V193S,GOh1052,V193S,-9.654
1211,GOh1052_V193T,GOh1052,V193T,-7.528
1212,GOh1052_V193W,GOh1052,V193W,-12.222
1213,GOh1052_V193Y,GOh1052,V193Y,-10.422
1214,GOh1052_P194A,GOh1052,P194A,-5.148
1215,GOh1052_P194C,GOh1052,P194C,-9.738
1216,GOh1052_P194D,GOh1052,P194D,-11.571
1217,GOh1052_P194E,GOh1052,P194E,-11.706
1218,GOh1052_P194F,GOh1052,P194F,-12.208
1219,GOh1052_P194G,GOh1052,P194G,-7.524
1220,GOh1052_P194H,GOh1052,P194H,-12.025
1221,GOh1052_P194I,GOh1052,P194I,-11.417
1222,GOh1052_P194K,GOh1052,P194K,-14.251
1223,GOh1052_P194L,GOh1052,P194L,-10.414
1224,GOh1052_P194M,GOh1052,P194M,-11.785
1225,GOh1052_P194N,GOh1052,P194N,-10.611
1226,GOh1052_P194Q,GOh1052,P194Q,-10.541
1227,GOh1052_P194R,GOh1052,P194R,-13.942
1228,GOh1052_P194S,GOh1052,P194S,-7.593
1229,GOh1052_P194T,GOh1052,P194T,-7.919
1230,GOh1052_P194V,GOh1052,P194V,-8.952
1231,GOh1052_P194W,GOh1052,P194W,-15.696
1232,GOh1052_P194Y,GOh1052,P194Y,-13.664
1233,GOh1052_A195C,GOh1052,A195C,-8.319
1234,GOh1052_A195D,GOh1052,A195D,-9.85
1235,GOh1052_A195E,GOh1052,A195E,-9.748
1236,GOh1052_A195F,GOh1052,A195F,-11.095
1237,GOh1052_A195G,GOh1052,A195G,-6.032
1238,GOh1052_A195H,GOh1052,A195H,-11.627
1239,GOh1052_A195I,GOh1052,A195I,-6.68
1240,GOh1052_A195K,GOh1052,A195K,-13.009
1241,GOh1052_A195L,GOh1052,A195L,-9.022
1242,GOh1052_A195M,GOh1052,A195M,-8.119
1243,GOh1052_A195N,GOh1052,A195N,-8.804
1244,GOh1052_A195P,GOh1052,A195P,-6.598
1245,GOh1052_A195Q,GOh1052,A195Q,-8.971
1246,GOh1052_A195R,GOh1052,A195R,-13.882
1247,GOh1052_A195S,GOh1052,A195S,-6.239
1248,GOh1052_A195T,GOh1052,A195T,-5.822
1249,GOh1052_A195V,GOh1052,A195V,-3.033
1250,GOh1052_A195W,GOh1052,A195W,-14.891
1251,GOh1052_A195Y,GOh1052,A195Y,-13.475
1252,GOh1052_A196C,GOh1052,A196C,-9.631
1253,GOh1052_A196D,GOh1052,A196D,-11.653
1254,GOh1052_A196E,GOh1052,A196E,-12.278
1255,GOh1052_A196F,GOh1052,A196F,-12.663
1256,GOh1052_A196G,GOh1052,A196G,-6.481
1257,GOh1052_A196H,GOh1052,A196H,-11.521
1258,GOh1052_A196I,GOh1052,A196I,-12.042
1259,GOh1052_A196K,GOh1052,A196K,-15.086
1260,GOh1052_A196L,GOh1052,A196L,-11.964
1261,GOh1052_A196M,GOh1052,A196M,-10.919
1262,GOh1052_A196N,GOh1052,A196N,-10.696
1263,GOh1052_A196P,GOh1052,A196P,-11.27
1264,GOh1052_A196Q,GOh1052,A196Q,-11.211
1265,GOh1052_A196R,GOh1052,A196R,-15.657
1266,GOh1052_A196S,GOh1052,A196S,-5.837
1267,GOh1052_A196T,GOh1052,A196T,-8.327
1268,GOh1052_A196V,GOh1052,A196V,-9.08
1269,GOh1052_A196W,GOh1052,A196W,-15.268
1270,GOh1052_A196Y,GOh1052,A196Y,-13.629
1271,GOh1052_A197C,GOh1052,A197C,-10.336
1272,GOh1052_A197D,GOh1052,A197D,-12.287
1273,GOh1052_A197E,GOh1052,A197E,-12.729
1274,GOh1052_A197F,GOh1052,A197F,-11.668
1275,GOh1052_A197G,GOh1052,A197G,-5.004
1276,GOh1052_A197H,GOh1052,A197H,-13.232
1277,GOh1052_A197I,GOh1052,A197I,-10.287
1278,GOh1052_A197K,GOh1052,A197K,-15.655
1279,GOh1052_A197L,GOh1052,A197L,-10.834
1280,GOh1052_A197M,GOh1052,A197M,-9.121
1281,GOh1052_A197N,GOh1052,A197N,-11.706
1282,GOh1052_A197P,GOh1052,A197P,-9.537
1283,GOh1052_A197Q,GOh1052,A197Q,-12.547
1284,GOh1052_A197R,GOh1052,A197R,-15.638
1285,GOh1052_A197S,GOh1052,A197S,-6.488
1286,GOh1052_A197T,GOh1052,A197T,-7.446
1287,GOh1052_A197V,GOh1052,A197V,-7.393
1288,GOh1052_A197W,GOh1052,A197W,-14.891
1289,GOh1052_A197Y,GOh1052,A197Y,-12.808
1290,GOh1052_A198C,GOh1052,A198C,-10.371
1291,GOh1052_A198D,GOh1052,A198D,-11.51
1292,GOh1052_A198E,GOh1052,A198E,-11.37
1293,GOh1052_A198F,GOh1052,A198F,-10.027
1294,GOh1052_A198G,GOh1052,A198G,-6.137
1295,GOh1052_A198H,GOh1052,A198H,-11.565
1296,GOh1052_A198I,GOh1052,A198I,-10.13
1297,GOh1052_A198K,GOh1052,A198K,-13.652
1298,GOh1052_A198L,GOh1052,A198L,-10.801
1299,GOh1052_A198M,GOh1052,A198M,-10.003
1300,GOh1052_A198N,GOh1052,A198N,-10.441
1301,GOh1052_A198P,GOh1052,A198P,-12.051
1302,GOh1052_A198Q,GOh1052,A198Q,-10.899
1303,GOh1052_A198R,GOh1052,A198R,-13.839
1304,GOh1052_A198S,GOh1052,A198S,-6.514
1305,GOh1052_A198T,GOh1052,A198T,-6.79
1306,GOh1052_A198V,GOh1052,A198V,-7.393
1307,GOh1052_A198W,GOh1052,A198W,-12.851
1308,GOh1052_A198Y,GOh1052,A198Y,-12.0
1309,GOh1052_I199A,GOh1052,I199A,-7.469
1310,GOh1052_I199C,GOh1052,I199C,-12.406
1311,GOh1052_I199D,GOh1052,I199D,-12.34
1312,GOh1052_I199E,GOh1052,I199E,-10.54
1313,GOh1052_I199F,GOh1052,I199F,-7.369
1314,GOh1052_I199G,GOh1052,I199G,-10.585
1315,GOh1052_I199H,GOh1052,I199H,-10.857
1316,GOh1052_I199K,GOh1052,I199K,-10.732
1317,GOh1052_I199L,GOh1052,I199L,-4.171
1318,GOh1052_I199M,GOh1052,I199M,-6.723
1319,GOh1052_I199N,GOh1052,I199N,-9.911
1320,GOh1052_I199P,GOh1052,I199P,-9.988
1321,GOh1052_I199Q,GOh1052,I199Q,-8.9
1322,GOh1052_I199R,GOh1052,I199R,-9.596
1323,GOh1052_I199S,GOh1052,I199S,-9.004
1324,GOh1052_I199T,GOh1052,I199T,-7.258
1325,GOh1052_I199V,GOh1052,I199V,-3.774
1326,GOh1052_I199W,GOh1052,I199W,-11.123
1327,GOh1052_I199Y,GOh1052,I199Y,-9.32
1328,GOh1052_E200A,GOh1052,E200A,-7.128
1329,GOh1052_E200C,GOh1052,E200C,-10.461
1330,GOh1052_E200D,GOh1052,E200D,-2.57
1331,GOh1052_E200F,GOh1052,E200F,-10.117
1332,GOh1052_E200G,GOh1052,E200G,-9.19
1333,GOh1052_E200H,GOh1052,E200H,-4.653
1334,GOh1052_E200I,GOh1052,E200I,-7.438
1335,GOh1052_E200K,GOh1052,E200K,-9.204
1336,GOh1052_E200L,GOh1052,E200L,-6.479
1337,GOh1052_E200M,GOh1052,E200M,-7.416
1338,GOh1052_E200N,GOh1052,E200N,-6.402
1339,GOh1052_E200P,GOh1052,E200P,-10.737
1340,GOh1052_E200Q,GOh1052,E200Q,-3.975
1341,GOh1052_E200R,GOh1052,E200R,-9.482
1342,GOh1052_E200S,GOh1052,E200S,-6.465
1343,GOh1052_E200T,GOh1052,E200T,-8.5
1344,GOh1052_E200V,GOh1052,E200V,-6.632
1345,GOh1052_E200W,GOh1052,E200W,-10.352
1346,GOh1052_E200Y,GOh1052,E200Y,-9.388
1347,GOh1052_P201A,GOh1052,P201A,-3.628
1348,GOh1052_P201C,GOh1052,P201C,-11.293
1349,GOh1052_P201D,GOh1052,P201D,-7.801
1350,GOh1052_P201E,GOh1052,P201E,-8.073
1351,GOh1052_P201F,GOh1052,P201F,-9.461
1352,GOh1052_P201G,GOh1052,P201G,-3.449
1353,GOh1052_P201H,GOh1052,P201H,-7.561
1354,GOh1052_P201I,GOh1052,P201I,-9.855
1355,GOh1052_P201K,GOh1052,P201K,-6.759
1356,GOh1052_P201L,GOh1052,P201L,-8.923
1357,GOh1052_P201M,GOh1052,P201M,-9.351
1358,GOh1052_P201N,GOh1052,P201N,-7.335
1359,GOh1052_P201Q,GOh1052,P201Q,-6.911
1360,GOh1052_P201R,GOh1052,P201R,-7.136
1361,GOh1052_P201S,GOh1052,P201S,-4.515
1362,GOh1052_P201T,GOh1052,P201T,-6.314
1363,GOh1052_P201V,GOh1052,P201V,-7.953
1364,GOh1052_P201W,GOh1052,P201W,-9.202
1365,GOh1052_P201Y,GOh1052,P201Y,-7.951
1366,GOh1052_T202A,GOh1052,T202A,-4.089
1367,GOh1052_T202C,GOh1052,T202C,-9.366
1368,GOh1052_T202D,GOh1052,T202D,-5.307
1369,GOh1052_T202E,GOh1052,T202E,-5.626
1370,GOh1052_T202F,GOh1052,T202F,-6.065
1371,GOh1052_T202G,GOh1052,T202G,-4.435
1372,GOh1052_T202H,GOh1052,T202H,-5.793
1373,GOh1052_T202I,GOh1052,T202I,-3.956
1374,GOh1052_T202K,GOh1052,T202K,-3.446
1375,GOh1052_T202L,GOh1052,T202L,-4.303
1376,GOh1052_T202M,GOh1052,T202M,-6.398
1377,GOh1052_T202N,GOh1052,T202N,-3.474
1378,GOh1052_T202P,GOh1052,T202P,-7.06
1379,GOh1052_T202Q,GOh1052,T202Q,-4.36
1380,GOh1052_T202R,GOh1052,T202R,-4.035
1381,GOh1052_T202S,GOh1052,T202S,-3.676
1382,GOh1052_T202V,GOh1052,T202V,-3.025
1383,GOh1052_T202W,GOh1052,T202W,-7.629
1384,GOh1052_T202Y,GOh1052,T202Y,-4.846
1385,GOh1052_S203A,GOh1052,S203A,-9.53
1386,GOh1052_S203C,GOh1052,S203C,-13.141
1387,GOh1052_S203D,GOh1052,S203D,-8.737
1388,GOh1052_S203E,GOh1052,S203E,-11.37
1389,GOh1052_S203F,GOh1052,S203F,-11.661
1390,GOh1052_S203G,GOh1052,S203G,-7.83
1391,GOh1052_S203H,GOh1052,S203H,-10.165
1392,GOh1052_S203I,GOh1052,S203I,-11.223
1393,GOh1052_S203K,GOh1052,S203K,-9.291
1394,GOh1052_S203L,GOh1052,S203L,-10.383
1395,GOh1052_S203M,GOh1052,S203M,-12.345
1396,GOh1052_S203N,GOh1052,S203N,-6.377
1397,GOh1052_S203P,GOh1052,S203P,-11.329
1398,GOh1052_S203Q,GOh1052,S203Q,-10.354
1399,GOh1052_S203R,GOh1052,S203R,-9.082
1400,GOh1052_S203T,GOh1052,S203T,-2.298
1401,GOh1052_S203V,GOh1052,S203V,-11.183
1402,GOh1052_S203W,GOh1052,S203W,-12.774
1403,GOh1052_S203Y,GOh1052,S203Y,-10.73
1404,GOh1052_G204A,GOh1052,G204A,-9.819
1405,GOh1052_G204C,GOh1052,G204C,-14.278
1406,GOh1052_G204D,GOh1052,G204D,-8.76
1407,GOh1052_G204E,GOh1052,G204E,-9.894
1408,GOh1052_G204F,GOh1052,G204F,-12.803
1409,GOh1052_G204H,GOh1052,G204H,-9.837
1410,GOh1052_G204I,GOh1052,G204I,-14.68
1411,GOh1052_G204K,GOh1052,G204K,-7.63
1412,GOh1052_G204L,GOh1052,G204L,-11.344
1413,GOh1052_G204M,GOh1052,G204M,-11.686
1414,GOh1052_G204N,GOh1052,G204N,-6.39
1415,GOh1052_G204P,GOh1052,G204P,-12.5
1416,GOh1052_G204Q,GOh1052,G204Q,-8.304
1417,GOh1052_G204R,GOh1052,G204R,-8.668
1418,GOh1052_G204S,GOh1052,G204S,-7.497
1419,GOh1052_G204T,GOh1052,G204T,-9.216
1420,GOh1052_G204V,GOh1052,G204V,-13.577
1421,GOh1052_G204W,GOh1052,G204W,-13.409
1422,GOh1052_G204Y,GOh1052,G204Y,-11.541
1423,GOh1052_R205A,GOh1052,R205A,-8.377
1424,GOh1052_R205C,GOh1052,R205C,-12.124
1425,GOh1052_R205D,GOh1052,R205D,-8.635
1426,GOh1052_R205E,GOh1052,R205E,-7.882
1427,GOh1052_R205F,GOh1052,R205F,-10.115
1428,GOh1052_R205G,GOh1052,R205G,-9.431
1429,GOh1052_R205H,GOh1052,R205H,-6.809
1430,GOh1052_R205I,GOh1052,R205I,-8.572
1431,GOh1052_R205K,GOh1052,R205K,-0.483
1432,GOh1052_R205L,GOh1052,R205L,-7.197
1433,GOh1052_R205M,GOh1052,R205M,-8.561
1434,GOh1052_R205N,GOh1052,R205N,-4.065
1435,GOh1052_R205P,GOh1052,R205P,-12.348
1436,GOh1052_R205Q,GOh1052,R205Q,-6.154
1437,GOh1052_R205S,GOh1052,R205S,-7.882
1438,GOh1052_R205T,GOh1052,R205T,-7.01
1439,GOh1052_R205V,GOh1052,R205V,-8.287
1440,GOh1052_R205W,GOh1052,R205W,-11.446
1441,GOh1052_R205Y,GOh1052,R205Y,-8.526
1442,GOh1052_V206A,GOh1052,V206A,-7.689
1443,GOh1052_V206C,GOh1052,V206C,-13.505
1444,GOh1052_V206D,GOh1052,V206D,-14.554
1445,GOh1052_V206E,GOh1052,V206E,-13.13
1446,GOh1052_V206F,GOh1052,V206F,-8.068
1447,GOh1052_V206G,GOh1052,V206G,-11.816
1448,GOh1052_V206H,GOh1052,V206H,-12.811
1449,GOh1052_V206I,GOh1052,V206I,-4.011
1450,GOh1052_V206K,GOh1052,V206K,-14.363
1451,GOh1052_V206L,GOh1052,V206L,-5.402
1452,GOh1052_V206M,GOh1052,V206M,-6.221
1453,GOh1052_V206N,GOh1052,V206N,-13.044
1454,GOh1052_V206P,GOh1052,V206P,-9.165
1455,GOh1052_V206Q,GOh1052,V206Q,-11.608
1456,GOh1052_V206R,GOh1052,V206R,-14.151
1457,GOh1052_V206S,GOh1052,V206S,-12.195
1458,GOh1052_V206T,GOh1052,V206T,-8.573
1459,GOh1052_V206W,GOh1052,V206W,-10.929
1460,GOh1052_V206Y,GOh1052,V206Y,-8.966
1461,GOh1052_L207A,GOh1052,L207A,-12.614
1462,GOh1052_L207C,GOh1052,L207C,-14.471
1463,GOh1052_L207D,GOh1052,L207D,-16.269
1464,GOh1052_L207E,GOh1052,L207E,-14.666
1465,GOh1052_L207F,GOh1052,L207F,-7.672
1466,GOh1052_L207G,GOh1052,L207G,-14.659
1467,GOh1052_L207H,GOh1052,L207H,-11.714
1468,GOh1052_L207I,GOh1052,L207I,-4.722
1469,GOh1052_L207K,GOh1052,L207K,-13.719
1470,GOh1052_L207M,GOh1052,L207M,-7.441
1471,GOh1052_L207N,GOh1052,L207N,-13.466
1472,GOh1052_L207P,GOh1052,L207P,-14.543
1473,GOh1052_L207Q,GOh1052,L207Q,-11.931
1474,GOh1052_L207R,GOh1052,L207R,-12.809
1475,GOh1052_L207S,GOh1052,L207S,-13.026
1476,GOh1052_L207T,GOh1052,L207T,-10.689
1477,GOh1052_L207V,GOh1052,L207V,-6.66
1478,GOh1052_L207W,GOh1052,L207W,-10.321
1479,GOh1052_L207Y,GOh1052,L207Y,-9.358
1480,GOh1052_M208A,GOh1052,M208A,-5.883
1481,GOh1052_M208C,GOh1052,M208C,-10.762
1482,GOh1052_M208D,GOh1052,M208D,-13.062
1483,GOh1052_M208E,GOh1052,M208E,-11.098
1484,GOh1052_M208F,GOh1052,M208F,-4.504
1485,GOh1052_M208G,GOh1052,M208G,-10.424
1486,GOh1052_M208H,GOh1052,M208H,-9.925
1487,GOh1052_M208I,GOh1052,M208I,-4.34
1488,GOh1052_M208K,GOh1052,M208K,-12.755
1489,GOh1052_M208L,GOh1052,M208L,-3.511
1490,GOh1052_M208N,GOh1052,M208N,-10.506
1491,GOh1052_M208P,GOh1052,M208P,-14.461
1492,GOh1052_M208Q,GOh1052,M208Q,-9.495
1493,GOh1052_M208R,GOh1052,M208R,-12.647
1494,GOh1052_M208S,GOh1052,M208S,-7.935
1495,GOh1052_M208T,GOh1052,M208T,-5.864
1496,GOh1052_M208V,GOh1052,M208V,-4.321
1497,GOh1052_M208W,GOh1052,M208W,-8.766
1498,GOh1052_M208Y,GOh1052,M208Y,-6.944
1499,GOh1052_W209A,GOh1052,W209A,-15.139
1500,GOh1052_W209C,GOh1052,W209C,-15.442
1501,GOh1052_W209D,GOh1052,W209D,-18.87
1502,GOh1052_W209E,GOh1052,W209E,-18.099
1503,GOh1052_W209F,GOh1052,W209F,-7.507
1504,GOh1052_W209G,GOh1052,W209G,-16.879
1505,GOh1052_W209H,GOh1052,W209H,-14.638
1506,GOh1052_W209I,GOh1052,W209I,-12.042
1507,GOh1052_W209K,GOh1052,W209K,-17.583
1508,GOh1052_W209L,GOh1052,W209L,-12.47
1509,GOh1052_W209M,GOh1052,W209M,-12.454
1510,GOh1052_W209N,GOh1052,W209N,-17.255
1511,GOh1052_W209P,GOh1052,W209P,-17.616
1512,GOh1052_W209Q,GOh1052,W209Q,-16.381
1513,GOh1052_W209R,GOh1052,W209R,-15.552
1514,GOh1052_W209S,GOh1052,W209S,-15.22
1515,GOh1052_W209T,GOh1052,W209T,-15.137
1516,GOh1052_W209V,GOh1052,W209V,-12.988
1517,GOh1052_W209Y,GOh1052,W209Y,-9.119
1518,GOh1052_S210A,GOh1052,S210A,-6.593
1519,GOh1052_S210C,GOh1052,S210C,-10.35
1520,GOh1052_S210D,GOh1052,S210D,-11.222
1521,GOh1052_S210E,GOh1052,S210E,-10.005
1522,GOh1052_S210F,GOh1052,S210F,-14.252
1523,GOh1052_S210G,GOh1052,S210G,-8.463
1524,GOh1052_S210H,GOh1052,S210H,-12.856
1525,GOh1052_S210I,GOh1052,S210I,-13.389
1526,GOh1052_S210K,GOh1052,S210K,-15.639
1527,GOh1052_S210L,GOh1052,S210L,-13.422
1528,GOh1052_S210M,GOh1052,S210M,-11.826
1529,GOh1052_S210N,GOh1052,S210N,-9.93
1530,GOh1052_S210P,GOh1052,S210P,-11.375
1531,GOh1052_S210Q,GOh1052,S210Q,-11.205
1532,GOh1052_S210R,GOh1052,S210R,-15.588
1533,GOh1052_S210T,GOh1052,S210T,-7.739
1534,GOh1052_S210V,GOh1052,S210V,-11.798
1535,GOh1052_S210W,GOh1052,S210W,-15.501
1536,GOh1052_S210Y,GOh1052,S210Y,-14.277
1537,GOh1052_S211A,GOh1052,S211A,-4.66
1538,GOh1052_S211C,GOh1052,S211C,-9.057
1539,GOh1052_S211D,GOh1052,S211D,-12.309
1540,GOh1052_S211E,GOh1052,S211E,-13.102
1541,GOh1052_S211F,GOh1052,S211F,-12.486
1542,GOh1052_S211G,GOh1052,S211G,-8.409
1543,GOh1052_S211H,GOh1052,S211H,-13.162
1544,GOh1052_S211I,GOh1052,S211I,-12.915
1545,GOh1052_S211K,GOh1052,S211K,-14.945
1546,GOh1052_S211L,GOh1052,S211L,-12.541
1547,GOh1052_S211M,GOh1052,S211M,-12.23
1548,GOh1052_S211N,GOh1052,S211N,-10.879
1549,GOh1052_S211P,GOh1052,S211P,-12.51
1550,GOh1052_S211Q,GOh1052,S211Q,-12.947
1551,GOh1052_S211R,GOh1052,S211R,-14.248
1552,GOh1052_S211T,GOh1052,S211T,-8.396
1553,GOh1052_S211V,GOh1052,S211V,-10.555
1554,GOh1052_S211W,GOh1052,S211W,-13.719
1555,GOh1052_S211Y,GOh1052,S211Y,-12.766
1556,GOh1052_Y212A,GOh1052,Y212A,-8.72
1557,GOh1052_Y212C,GOh1052,Y212C,-13.986
1558,GOh1052_Y212D,GOh1052,Y212D,-8.461
1559,GOh1052_Y212E,GOh1052,Y212E,-9.764
1560,GOh1052_Y212F,GOh1052,Y212F,-4.878
1561,GOh1052_Y212G,GOh1052,Y212G,-9.507
1562,GOh1052_Y212H,GOh1052,Y212H,-8.588
1563,GOh1052_Y212I,GOh1052,Y212I,-10.288
1564,GOh1052_Y212K,GOh1052,Y212K,-8.94
1565,GOh1052_Y212L,GOh1052,Y212L,-8.684
1566,GOh1052_Y212M,GOh1052,Y212M,-10.029
1567,GOh1052_Y212N,GOh1052,Y212N,-8.12
1568,GOh1052_Y212P,GOh1052,Y212P,-11.706
1569,GOh1052_Y212Q,GOh1052,Y212Q,-9.481
1570,GOh1052_Y212R,GOh1052,Y212R,-8.57
1571,GOh1052_Y212S,GOh1052,Y212S,-8.043
1572,GOh1052_Y212T,GOh1052,Y212T,-9.48
1573,GOh1052_Y212V,GOh1052,Y212V,-10.225
1574,GOh1052_Y212W,GOh1052,Y212W,-5.994
1575,GOh1052_R213A,GOh1052,R213A,-3.161
1576,GOh1052_R213C,GOh1052,R213C,-10.717
1577,GOh1052_R213D,GOh1052,R213D,-6.055
1578,GOh1052_R213E,GOh1052,R213E,-6.016
1579,GOh1052_R213F,GOh1052,R213F,-4.08
1580,GOh1052_R213G,GOh1052,R213G,-4.422
1581,GOh1052_R213H,GOh1052,R213H,-5.127
1582,GOh1052_R213I,GOh1052,R213I,-6.505
1583,GOh1052_R213K,GOh1052,R213K,-2.974
1584,GOh1052_R213L,GOh1052,R213L,-5.202
1585,GOh1052_R213M,GOh1052,R213M,-5.33
1586,GOh1052_R213N,GOh1052,R213N,-4.693
1587,GOh1052_R213P,GOh1052,R213P,-6.992
1588,GOh1052_R213Q,GOh1052,R213Q,-4.56
1589,GOh1052_R213S,GOh1052,R213S,-4.174
1590,GOh1052_R213T,GOh1052,R213T,-4.732
1591,GOh1052_R213V,GOh1052,R213V,-6.058
1592,GOh1052_R213W,GOh1052,R213W,-5.296
1593,GOh1052_R213Y,GOh1052,R213Y,-3.273
1594,GOh1052_N214A,GOh1052,N214A,-3.443
1595,GOh1052_N214C,GOh1052,N214C,-11.866
1596,GOh1052_N214D,GOh1052,N214D,-4.742
1597,GOh1052_N214E,GOh1052,N214E,-5.427
1598,GOh1052_N214F,GOh1052,N214F,-7.1
1599,GOh1052_N214G,GOh1052,N214G,-5.304
1600,GOh1052_N214H,GOh1052,N214H,-6.001
1601,GOh1052_N214I,GOh1052,N214I,-5.608
1602,GOh1052_N214K,GOh1052,N214K,-4.31
1603,GOh1052_N214L,GOh1052,N214L,-5.663
1604,GOh1052_N214M,GOh1052,N214M,-6.864
1605,GOh1052_N214P,GOh1052,N214P,-4.105
1606,GOh1052_N214Q,GOh1052,N214Q,-5.131
1607,GOh1052_N214R,GOh1052,N214R,-5.091
1608,GOh1052_N214S,GOh1052,N214S,-3.943
1609,GOh1052_N214T,GOh1052,N214T,-3.938
1610,GOh1052_N214V,GOh1052,N214V,-4.776
1611,GOh1052_N214W,GOh1052,N214W,-7.702
1612,GOh1052_N214Y,GOh1052,N214Y,-5.866
1613,GOh1052_D215A,GOh1052,D215A,-4.857
1614,GOh1052_D215C,GOh1052,D215C,-12.779
1615,GOh1052_D215E,GOh1052,D215E,-5.339
1616,GOh1052_D215F,GOh1052,D215F,-7.677
1617,GOh1052_D215G,GOh1052,D215G,-4.468
1618,GOh1052_D215H,GOh1052,D215H,-7.178
1619,GOh1052_D215I,GOh1052,D215I,-6.974
1620,GOh1052_D215K,GOh1052,D215K,-5.681
1621,GOh1052_D215L,GOh1052,D215L,-6.662
1622,GOh1052_D215M,GOh1052,D215M,-8.478
1623,GOh1052_D215N,GOh1052,D215N,-3.7
1624,GOh1052_D215P,GOh1052,D215P,-6.398
1625,GOh1052_D215Q,GOh1052,D215Q,-5.893
1626,GOh1052_D215R,GOh1052,D215R,-6.443
1627,GOh1052_D215S,GOh1052,D215S,-4.634
1628,GOh1052_D215T,GOh1052,D215T,-4.716
1629,GOh1052_D215V,GOh1052,D215V,-5.984
1630,GOh1052_D215W,GOh1052,D215W,-9.164
1631,GOh1052_D215Y,GOh1052,D215Y,-7.177
1632,GOh1052_A216C,GOh1052,A216C,-10.72
1633,GOh1052_A216D,GOh1052,A216D,-4.334
1634,GOh1052_A216E,GOh1052,A216E,-4.178
1635,GOh1052_A216F,GOh1052,A216F,-5.531
1636,GOh1052_A216G,GOh1052,A216G,-4.78
1637,GOh1052_A216H,GOh1052,A216H,-5.67
1638,GOh1052_A216I,GOh1052,A216I,-4.425
1639,GOh1052_A216K,GOh1052,A216K,-3.608
1640,GOh1052_A216L,GOh1052,A216L,-4.755
1641,GOh1052_A216M,GOh1052,A216M,-6.233
1642,GOh1052_A216N,GOh1052,A216N,-4.071
1643,GOh1052_A216P,GOh1052,A216P,-4.638
1644,GOh1052_A216Q,GOh1052,A216Q,-3.983
1645,GOh1052_A216R,GOh1052,A216R,-4.558
1646,GOh1052_A216S,GOh1052,A216S,-3.792
1647,GOh1052_A216T,GOh1052,A216T,-2.885
1648,GOh1052_A216V,GOh1052,A216V,-3.621
1649,GOh1052_A216W,GOh1052,A216W,-6.885
1650,GOh1052_A216Y,GOh1052,A216Y,-5.969
1651,GOh1052_E218A,GOh1052,E218A,-2.273
1652,GOh1052_E218C,GOh1052,E218C,-6.55
1653,GOh1052_E218D,GOh1052,E218D,-2.374
1654,GOh1052_E218F,GOh1052,E218F,-1.237
1655,GOh1052_E218G,GOh1052,E218G,2.471
1656,GOh1052_E218H,GOh1052,E218H,-3.911
1657,GOh1052_E218I,GOh1052,E218I,-3.472
1658,GOh1052_E218K,GOh1052,E218K,-3.694
1659,GOh1052_E218L,GOh1052,E218L,-3.1
1660,GOh1052_E218M,GOh1052,E218M,-4.797
1661,GOh1052_E218N,GOh1052,E218N,-1.741
1662,GOh1052_E218P,GOh1052,E218P,-3.676
1663,GOh1052_E218Q,GOh1052,E218Q,-3.341
1664,GOh1052_E218R,GOh1052,E218R,-3.577
1665,GOh1052_E218S,GOh1052,E218S,-2.116
1666,GOh1052_E218T,GOh1052,E218T,-3.196
1667,GOh1052_E218V,GOh1052,E218V,-3.089
1668,GOh1052_E218W,GOh1052,E218W,-4.275
1669,GOh1052_E218Y,GOh1052,E218Y,-3.044
1670,GOh1052_G219A,GOh1052,G219A,-4.528
1671,GOh1052_G219C,GOh1052,G219C,-10.731
1672,GOh1052_G219D,GOh1052,G219D,-4.982
1673,GOh1052_G219E,GOh1052,G219E,-5.877
1674,GOh1052_G219F,GOh1052,G219F,-3.195
1675,GOh1052_G219H,GOh1052,G219H,-6.316
1676,GOh1052_G219I,GOh1052,G219I,-5.413
1677,GOh1052_G219K,GOh1052,G219K,-5.686
1678,GOh1052_G219L,GOh1052,G219L,-5.422
1679,GOh1052_G219M,GOh1052,G219M,-7.067
1680,GOh1052_G219N,GOh1052,G219N,-4.399
1681,GOh1052_G219P,GOh1052,G219P,-4.623
1682,GOh1052_G219Q,GOh1052,G219Q,-5.666
1683,GOh1052_G219R,GOh1052,G219R,-6.57
1684,GOh1052_G219S,GOh1052,G219S,-3.918
1685,GOh1052_G219T,GOh1052,G219T,-4.238
1686,GOh1052_G219V,GOh1052,G219V,-5.068
1687,GOh1052_G219W,GOh1052,G219W,-6.053
1688,GOh1052_G219Y,GOh1052,G219Y,-4.811
1689,GOh1052_S220A,GOh1052,S220A,-3.943
1690,GOh1052_S220C,GOh1052,S220C,-10.882
1691,GOh1052_S220D,GOh1052,S220D,-3.478
1692,GOh1052_S220E,GOh1052,S220E,-4.7
1693,GOh1052_S220F,GOh1052,S220F,-5.998
1694,GOh1052_S220G,GOh1052,S220G,-2.987
1695,GOh1052_S220H,GOh1052,S220H,-6.007
1696,GOh1052_S220I,GOh1052,S220I,-5.812
1697,GOh1052_S220K,GOh1052,S220K,-4.789
1698,GOh1052_S220L,GOh1052,S220L,-5.176
1699,GOh1052_S220M,GOh1052,S220M,-6.803
1700,GOh1052_S220N,GOh1052,S220N,-3.707
1701,GOh1052_S220P,GOh1052,S220P,-4.589
1702,GOh1052_S220Q,GOh1052,S220Q,-4.889
1703,GOh1052_S220R,GOh1052,S220R,-5.78
1704,GOh1052_S220T,GOh1052,S220T,-3.741
1705,GOh1052_S220V,GOh1052,S220V,-4.92
1706,GOh1052_S220W,GOh1052,S220W,-7.129
1707,GOh1052_S220Y,GOh1052,S220Y,-5.854
1708,GOh1052_P221A,GOh1052,P221A,-3.873
1709,GOh1052_P221C,GOh1052,P221C,-12.449
1710,GOh1052_P221D,GOh1052,P221D,-4.442
1711,GOh1052_P221E,GOh1052,P221E,-4.614
1712,GOh1052_P221F,GOh1052,P221F,-6.642
1713,GOh1052_P221G,GOh1052,P221G,-4.964
1714,GOh1052_P221H,GOh1052,P221H,-6.655
1715,GOh1052_P221I,GOh1052,P221I,-5.832
1716,GOh1052_P221K,GOh1052,P221K,-4.651
1717,GOh1052_P221L,GOh1052,P221L,-5.59
1718,GOh1052_P221M,GOh1052,P221M,-7.186
1719,GOh1052_P221N,GOh1052,P221N,-4.487
1720,GOh1052_P221Q,GOh1052,P221Q,-4.68
1721,GOh1052_P221R,GOh1052,P221R,-5.583
1722,GOh1052_P221S,GOh1052,P221S,-3.62
1723,GOh1052_P221T,GOh1052,P221T,-3.362
1724,GOh1052_P221V,GOh1052,P221V,-4.742
1725,GOh1052_P221W,GOh1052,P221W,-8.426
1726,GOh1052_P221Y,GOh1052,P221Y,-7.046
1727,GOh1052_G222A,GOh1052,G222A,-5.71
1728,GOh1052_G222C,GOh1052,G222C,-12.592
1729,GOh1052_G222D,GOh1052,G222D,-5.542
1730,GOh1052_G222E,GOh1052,G222E,-6.517
1731,GOh1052_G222F,GOh1052,G222F,-7.718
1732,GOh1052_G222H,GOh1052,G222H,-7.607
1733,GOh1052_G222I,GOh1052,G222I,-8.675
1734,GOh1052_G222K,GOh1052,G222K,-6.65
1735,GOh1052_G222L,GOh1052,G222L,-7.501
1736,GOh1052_G222M,GOh1052,G222M,-9.298
1737,GOh1052_G222N,GOh1052,G222N,-5.541
1738,GOh1052_G222P,GOh1052,G222P,-6.47
1739,GOh1052_G222Q,GOh1052,G222Q,-6.955
1740,GOh1052_G222R,GOh1052,G222R,-7.322
1741,GOh1052_G222S,GOh1052,G222S,-5.947
1742,GOh1052_G222T,GOh1052,G222T,-6.544
1743,GOh1052_G222V,GOh1052,G222V,-7.504
1744,GOh1052_G222W,GOh1052,G222W,-9.338
1745,GOh1052_G222Y,GOh1052,G222Y,-7.278
1746,GOh1052_G223A,GOh1052,G223A,-8.278
1747,GOh1052_G223C,GOh1052,G223C,-12.038
1748,GOh1052_G223D,GOh1052,G223D,-10.066
1749,GOh1052_G223E,GOh1052,G223E,-10.86
1750,GOh1052_G223F,GOh1052,G223F,-11.53
1751,GOh1052_G223H,GOh1052,G223H,-11.133
1752,GOh1052_G223I,GOh1052,G223I,-12.156
1753,GOh1052_G223K,GOh1052,G223K,-10.539
1754,GOh1052_G223L,GOh1052,G223L,-11.418
1755,GOh1052_G223M,GOh1052,G223M,-11.801
1756,GOh1052_G223N,GOh1052,G223N,-9.091
1757,GOh1052_G223P,GOh1052,G223P,-10.637
1758,GOh1052_G223Q,GOh1052,G223Q,-10.515
1759,GOh1052_G223R,GOh1052,G223R,-11.026
1760,GOh1052_G223S,GOh1052,G223S,-7.673
1761,GOh1052_G223T,GOh1052,G223T,-9.059
1762,GOh1052_G223V,GOh1052,G223V,-11.019
1763,GOh1052_G223W,GOh1052,G223W,-12.089
1764,GOh1052_G223Y,GOh1052,G223Y,-11.399
1765,GOh1052_I224A,GOh1052,I224A,-2.558
1766,GOh1052_I224C,GOh1052,I224C,-8.358
1767,GOh1052_I224D,GOh1052,I224D,-4.098
1768,GOh1052_I224E,GOh1052,I224E,-2.132
1769,GOh1052_I224F,GOh1052,I224F,-2.138
1770,GOh1052_I224G,GOh1052,I224G,-3.978
1771,GOh1052_I224H,GOh1052,I224H,-2.058
1772,GOh1052_I224K,GOh1052,I224K,-0.57
1773,GOh1052_I224L,GOh1052,I224L,-0.92
1774,GOh1052_I224M,GOh1052,I224M,-2.972
1775,GOh1052_I224N,GOh1052,I224N,-3.13
1776,GOh1052_I224P,GOh1052,I224P,-5.477
1777,GOh1052_I224Q,GOh1052,I224Q,-0.654
1778,GOh1052_I224R,GOh1052,I224R,-1.326
1779,GOh1052_I224S,GOh1052,I224S,-2.843
1780,GOh1052_I224T,GOh1052,I224T,-2.684
1781,GOh1052_I224V,GOh1052,I224V,-2.697
1782,GOh1052_I224W,GOh1052,I224W,-2.957
1783,GOh1052_I224Y,GOh1052,I224Y,-1.174
1784,GOh1052_T225A,GOh1052,T225A,-9.035
1785,GOh1052_T225C,GOh1052,T225C,-10.503
1786,GOh1052_T225D,GOh1052,T225D,-11.978
1787,GOh1052_T225E,GOh1052,T225E,-13.382
1788,GOh1052_T225F,GOh1052,T225F,-12.831
1789,GOh1052_T225G,GOh1052,T225G,-11.107
1790,GOh1052_T225H,GOh1052,T225H,-13.382
1791,GOh1052_T225I,GOh1052,T225I,-10.912
1792,GOh1052_T225K,GOh1052,T225K,-11.88
1793,GOh1052_T225L,GOh1052,T225L,-11.645
1794,GOh1052_T225M,GOh1052,T225M,-10.61
1795,GOh1052_T225N,GOh1052,T225N,-9.509
1796,GOh1052_T225P,GOh1052,T225P,-10.38
1797,GOh1052_T225Q,GOh1052,T225Q,-12.592
1798,GOh1052_T225R,GOh1052,T225R,-12.406
1799,GOh1052_T225S,GOh1052,T225S,-7.92
1800,GOh1052_T225V,GOh1052,T225V,-10.144
1801,GOh1052_T225W,GOh1052,T225W,-14.755
1802,GOh1052_T225Y,GOh1052,T225Y,-13.354
1803,GOh1052_L226A,GOh1052,L226A,-6.914
1804,GOh1052_L226C,GOh1052,L226C,-12.19
1805,GOh1052_L226D,GOh1052,L226D,-8.376
1806,GOh1052_L226E,GOh1052,L226E,-7.258
1807,GOh1052_L226F,GOh1052,L226F,-6.14
1808,GOh1052_L226G,GOh1052,L226G,-9.434
1809,GOh1052_L226H,GOh1052,L226H,-6.463
1810,GOh1052_L226I,GOh1052,L226I,-4.869
1811,GOh1052_L226K,GOh1052,L226K,-5.742
1812,GOh1052_L226M,GOh1052,L226M,-6.11
1813,GOh1052_L226N,GOh1052,L226N,-7.364
1814,GOh1052_L226P,GOh1052,L226P,-9.351
1815,GOh1052_L226Q,GOh1052,L226Q,-4.082
1816,GOh1052_L226R,GOh1052,L226R,-5.699
1817,GOh1052_L226S,GOh1052,L226S,-7.734
1818,GOh1052_L226T,GOh1052,L226T,-6.602
1819,GOh1052_L226V,GOh1052,L226V,-5.178
1820,GOh1052_L226W,GOh1052,L226W,-7.304
1821,GOh1052_L226Y,GOh1052,L226Y,-5.725
1822,GOh1052_T227A,GOh1052,T227A,-6.569
1823,GOh1052_T227C,GOh1052,T227C,-11.018
1824,GOh1052_T227D,GOh1052,T227D,-13.329
1825,GOh1052_T227E,GOh1052,T227E,-13.561
1826,GOh1052_T227F,GOh1052,T227F,-11.225
1827,GOh1052_T227G,GOh1052,T227G,-10.586
1828,GOh1052_T227H,GOh1052,T227H,-12.61
1829,GOh1052_T227I,GOh1052,T227I,-8.945
1830,GOh1052_T227K,GOh1052,T227K,-13.777
1831,GOh1052_T227L,GOh1052,T227L,-9.129
1832,GOh1052_T227M,GOh1052,T227M,-9.824
1833,GOh1052_T227N,GOh1052,T227N,-9.398
1834,GOh1052_T227P,GOh1052,T227P,-11.107
1835,GOh1052_T227Q,GOh1052,T227Q,-11.955
1836,GOh1052_T227R,GOh1052,T227R,-14.01
1837,GOh1052_T227S,GOh1052,T227S,-6.479
1838,GOh1052_T227V,GOh1052,T227V,-6.625
1839,GOh1052_T227W,GOh1052,T227W,-14.662
1840,GOh1052_T227Y,GOh1052,T227Y,-11.439
1841,GOh1052_S228A,GOh1052,S228A,-3.908
1842,GOh1052_S228C,GOh1052,S228C,-9.237
1843,GOh1052_S228D,GOh1052,S228D,-9.074
1844,GOh1052_S228E,GOh1052,S228E,-10.197
1845,GOh1052_S228F,GOh1052,S228F,-10.879
1846,GOh1052_S228G,GOh1052,S228G,-7.341
1847,GOh1052_S228H,GOh1052,S228H,-10.048
1848,GOh1052_S228I,GOh1052,S228I,-10.055
1849,GOh1052_S228K,GOh1052,S228K,-8.841
1850,GOh1052_S228L,GOh1052,S228L,-10.142
1851,GOh1052_S228M,GOh1052,S228M,-9.385
1852,GOh1052_S228N,GOh1052,S228N,-8.09
1853,GOh1052_S228P,GOh1052,S228P,-11.965
1854,GOh1052_S228Q,GOh1052,S228Q,-8.771
1855,GOh1052_S228R,GOh1052,S228R,-7.426
1856,GOh1052_S228T,GOh1052,S228T,-2.476
1857,GOh1052_S228V,GOh1052,S228V,-7.235
1858,GOh1052_S228W,GOh1052,S228W,-12.043
1859,GOh1052_S228Y,GOh1052,S228Y,-10.818
1860,GOh1052_S229A,GOh1052,S229A,-4.599
1861,GOh1052_S229C,GOh1052,S229C,-11.139
1862,GOh1052_S229D,GOh1052,S229D,-6.816
1863,GOh1052_S229E,GOh1052,S229E,-5.363
1864,GOh1052_S229F,GOh1052,S229F,-4.153
1865,GOh1052_S229G,GOh1052,S229G,-7.565
1866,GOh1052_S229H,GOh1052,S229H,-7.179
1867,GOh1052_S229I,GOh1052,S229I,-2.358
1868,GOh1052_S229K,GOh1052,S229K,-6.905
1869,GOh1052_S229L,GOh1052,S229L,-2.206
1870,GOh1052_S229M,GOh1052,S229M,-4.279
1871,GOh1052_S229N,GOh1052,S229N,-6.07
1872,GOh1052_S229P,GOh1052,S229P,-11.359
1873,GOh1052_S229Q,GOh1052,S229Q,-4.843
1874,GOh1052_S229R,GOh1052,S229R,-5.544
1875,GOh1052_S229T,GOh1052,S229T,-3.302
1876,GOh1052_S229V,GOh1052,S229V,-2.71
1877,GOh1052_S229W,GOh1052,S229W,-5.447
1878,GOh1052_S229Y,GOh1052,S229Y,-5.594
1879,GOh1052_W230A,GOh1052,W230A,-12.702
1880,GOh1052_W230C,GOh1052,W230C,-11.243
1881,GOh1052_W230D,GOh1052,W230D,-15.559
1882,GOh1052_W230E,GOh1052,W230E,-15.636
1883,GOh1052_W230F,GOh1052,W230F,-3.938
1884,GOh1052_W230G,GOh1052,W230G,-15.086
1885,GOh1052_W230H,GOh1052,W230H,-10.132
1886,GOh1052_W230I,GOh1052,W230I,-9.185
1887,GOh1052_W230K,GOh1052,W230K,-14.224
1888,GOh1052_W230L,GOh1052,W230L,-7.216
1889,GOh1052_W230M,GOh1052,W230M,-8.907
1890,GOh1052_W230N,GOh1052,W230N,-13.744
1891,GOh1052_W230P,GOh1052,W230P,-16.531
1892,GOh1052_W230Q,GOh1052,W230Q,-13.893
1893,GOh1052_W230R,GOh1052,W230R,-11.855
1894,GOh1052_W230S,GOh1052,W230S,-13.409
1895,GOh1052_W230T,GOh1052,W230T,-12.747
1896,GOh1052_W230V,GOh1052,W230V,-9.689
1897,GOh1052_W230Y,GOh1052,W230Y,-3.022
1898,GOh1052_D231A,GOh1052,D231A,-10.0
1899,GOh1052_D231C,GOh1052,D231C,-12.721
1900,GOh1052_D231E,GOh1052,D231E,-7.923
1901,GOh1052_D231F,GOh1052,D231F,-10.611
1902,GOh1052_D231G,GOh1052,D231G,-12.735
1903,GOh1052_D231H,GOh1052,D231H,-9.989
1904,GOh1052_D231I,GOh1052,D231I,-8.362
1905,GOh1052_D231K,GOh1052,D231K,-9.878
1906,GOh1052_D231L,GOh1052,D231L,-10.076
1907,GOh1052_D231M,GOh1052,D231M,-10.938
1908,GOh1052_D231N,GOh1052,D231N,-4.289
1909,GOh1052_D231P,GOh1052,D231P,-16.679
1910,GOh1052_D231Q,GOh1052,D231Q,-9.581
1911,GOh1052_D231R,GOh1052,D231R,-10.308
1912,GOh1052_D231S,GOh1052,D231S,-7.617
1913,GOh1052_D231T,GOh1052,D231T,-7.088
1914,GOh1052_D231V,GOh1052,D231V,-7.968
1915,GOh1052_D231W,GOh1052,D231W,-11.434
1916,GOh1052_D231Y,GOh1052,D231Y,-9.562
1917,GOh1052_P232A,GOh1052,P232A,-7.797
1918,GOh1052_P232C,GOh1052,P232C,-12.723
1919,GOh1052_P232D,GOh1052,P232D,-13.069
1920,GOh1052_P232E,GOh1052,P232E,-11.268
1921,GOh1052_P232F,GOh1052,P232F,-8.681
1922,GOh1052_P232G,GOh1052,P232G,-10.932
1923,GOh1052_P232H,GOh1052,P232H,-11.661
1924,GOh1052_P232I,GOh1052,P232I,-7.659
1925,GOh1052_P232K,GOh1052,P232K,-11.097
1926,GOh1052_P232L,GOh1052,P232L,-7.453
1927,GOh1052_P232M,GOh1052,P232M,-9.254
1928,GOh1052_P232N,GOh1052,P232N,-11.912
1929,GOh1052_P232Q,GOh1052,P232Q,-9.817
1930,GOh1052_P232R,GOh1052,P232R,-10.756
1931,GOh1052_P232S,GOh1052,P232S,-8.573
1932,GOh1052_P232T,GOh1052,P232T,-8.179
1933,GOh1052_P232V,GOh1052,P232V,-7.226
1934,GOh1052_P232W,GOh1052,P232W,-10.863
1935,GOh1052_P232Y,GOh1052,P232Y,-9.361
1936,GOh1052_S233A,GOh1052,S233A,-2.813
1937,GOh1052_S233C,GOh1052,S233C,-9.781
1938,GOh1052_S233D,GOh1052,S233D,-5.769
1939,GOh1052_S233E,GOh1052,S233E,-5.457
1940,GOh1052_S233F,GOh1052,S233F,-6.29
1941,GOh1052_S233G,GOh1052,S233G,-5.603
1942,GOh1052_S233H,GOh1052,S233H,-6.96
1943,GOh1052_S233I,GOh1052,S233I,-4.878
1944,GOh1052_S233K,GOh1052,S233K,-2.549
1945,GOh1052_S233L,GOh1052,S233L,-4.75
1946,GOh1052_S233M,GOh1052,S233M,-6.571
1947,GOh1052_S233N,GOh1052,S233N,-3.748
1948,GOh1052_S233P,GOh1052,S233P,-11.404
1949,GOh1052_S233Q,GOh1052,S233Q,-4.774
1950,GOh1052_S233R,GOh1052,S233R,-3.372
1951,GOh1052_S233T,GOh1052,S233T,-3.988
1952,GOh1052_S233V,GOh1052,S233V,-3.592
1953,GOh1052_S233W,GOh1052,S233W,-6.91
1954,GOh1052_S233Y,GOh1052,S233Y,-5.338
1955,GOh1052_T234A,GOh1052,T234A,-9.029
1956,GOh1052_T234C,GOh1052,T234C,-13.124
1957,GOh1052_T234D,GOh1052,T234D,-11.208
1958,GOh1052_T234E,GOh1052,T234E,-12.584
1959,GOh1052_T234F,GOh1052,T234F,-13.356
1960,GOh1052_T234G,GOh1052,T234G,-11.194
1961,GOh1052_T234H,GOh1052,T234H,-13.652
1962,GOh1052_T234I,GOh1052,T234I,-10.935
1963,GOh1052_T234K,GOh1052,T234K,-8.05
1964,GOh1052_T234L,GOh1052,T234L,-9.421
1965,GOh1052_T234M,GOh1052,T234M,-11.729
1966,GOh1052_T234N,GOh1052,T234N,-8.08
1967,GOh1052_T234P,GOh1052,T234P,-14.999
1968,GOh1052_T234Q,GOh1052,T234Q,-10.516
1969,GOh1052_T234R,GOh1052,T234R,-9.446
1970,GOh1052_T234S,GOh1052,T234S,-5.756
1971,GOh1052_T234V,GOh1052,T234V,-11.062
1972,GOh1052_T234W,GOh1052,T234W,-14.829
1973,GOh1052_T234Y,GOh1052,T234Y,-13.205
1974,GOh1052_G235A,GOh1052,G235A,-8.977
1975,GOh1052_G235C,GOh1052,G235C,-11.628
1976,GOh1052_G235D,GOh1052,G235D,-7.479
1977,GOh1052_G235E,GOh1052,G235E,-9.271
1978,GOh1052_G235F,GOh1052,G235F,-11.026
1979,GOh1052_G235H,GOh1052,G235H,-9.477
1980,GOh1052_G235I,GOh1052,G235I,-13.826
1981,GOh1052_G235K,GOh1052,G235K,-7.719
1982,GOh1052_G235L,GOh1052,G235L,-9.493
1983,GOh1052_G235M,GOh1052,G235M,-9.722
1984,GOh1052_G235N,GOh1052,G235N,-4.621
1985,GOh1052_G235P,GOh1052,G235P,-13.842
1986,GOh1052_G235Q,GOh1052,G235Q,-7.665
1987,GOh1052_G235R,GOh1052,G235R,-8.429
1988,GOh1052_G235S,GOh1052,G235S,-7.494
1989,GOh1052_G235T,GOh1052,G235T,-10.16
1990,GOh1052_G235V,GOh1052,G235V,-12.723
1991,GOh1052_G235W,GOh1052,G235W,-11.358
1992,GOh1052_G235Y,GOh1052,G235Y,-11.0
1993,GOh1052_I236A,GOh1052,I236A,-2.301
1994,GOh1052_I236C,GOh1052,I236C,-10.827
1995,GOh1052_I236D,GOh1052,I236D,-4.794
1996,GOh1052_I236E,GOh1052,I236E,-3.786
1997,GOh1052_I236F,GOh1052,I236F,-6.82
1998,GOh1052_I236G,GOh1052,I236G,-5.527
1999,GOh1052_I236H,GOh1052,I236H,-6.41
2000,GOh1052_I236K,GOh1052,I236K,-2.095
2001,GOh1052_I236L,GOh1052,I236L,-4.25
2002,GOh1052_I236M,GOh1052,I236M,-5.604
2003,GOh1052_I236N,GOh1052,I236N,-2.787
2004,GOh1052_I236P,GOh1052,I236P,-9.863
2005,GOh1052_I236Q,GOh1052,I236Q,-2.807
2006,GOh1052_I236R,GOh1052,I236R,-4.173
2007,GOh1052_I236S,GOh1052,I236S,-3.24
2008,GOh1052_I236T,GOh1052,I236T,-2.239
2009,GOh1052_I236V,GOh1052,I236V,-2.084
2010,GOh1052_I236W,GOh1052,I236W,-8.693
2011,GOh1052_I236Y,GOh1052,I236Y,-6.545
2012,GOh1052_V237A,GOh1052,V237A,-5.745
2013,GOh1052_V237C,GOh1052,V237C,-10.172
2014,GOh1052_V237D,GOh1052,V237D,-9.072
2015,GOh1052_V237E,GOh1052,V237E,-8.873
2016,GOh1052_V237F,GOh1052,V237F,-7.361
2017,GOh1052_V237G,GOh1052,V237G,-9.01
2018,GOh1052_V237H,GOh1052,V237H,-6.658
2019,GOh1052_V237I,GOh1052,V237I,-4.571
2020,GOh1052_V237K,GOh1052,V237K,-6.411
2021,GOh1052_V237L,GOh1052,V237L,-5.297
2022,GOh1052_V237M,GOh1052,V237M,-7.001
2023,GOh1052_V237N,GOh1052,V237N,-7.09
2024,GOh1052_V237P,GOh1052,V237P,-8.053
2025,GOh1052_V237Q,GOh1052,V237Q,-7.224
2026,GOh1052_V237R,GOh1052,V237R,-7.318
2027,GOh1052_V237S,GOh1052,V237S,-6.401
2028,GOh1052_V237T,GOh1052,V237T,-5.389
2029,GOh1052_V237W,GOh1052,V237W,-8.738
2030,GOh1052_V237Y,GOh1052,V237Y,-7.595
2031,GOh1052_S238A,GOh1052,S238A,-5.499
2032,GOh1052_S238C,GOh1052,S238C,-11.782
2033,GOh1052_S238D,GOh1052,S238D,-6.845
2034,GOh1052_S238E,GOh1052,S238E,-5.957
2035,GOh1052_S238F,GOh1052,S238F,-9.231
2036,GOh1052_S238G,GOh1052,S238G,-6.746
2037,GOh1052_S238H,GOh1052,S238H,-7.705
2038,GOh1052_S238I,GOh1052,S238I,-7.636
2039,GOh1052_S238K,GOh1052,S238K,-4.769
2040,GOh1052_S238L,GOh1052,S238L,-7.784
2041,GOh1052_S238M,GOh1052,S238M,-9.064
2042,GOh1052_S238N,GOh1052,S238N,-5.938
2043,GOh1052_S238P,GOh1052,S238P,-10.978
2044,GOh1052_S238Q,GOh1052,S238Q,-5.229
2045,GOh1052_S238R,GOh1052,S238R,-5.983
2046,GOh1052_S238T,GOh1052,S238T,-3.151
2047,GOh1052_S238V,GOh1052,S238V,-6.811
2048,GOh1052_S238W,GOh1052,S238W,-10.747
2049,GOh1052_S238Y,GOh1052,S238Y,-8.29
2050,GOh1052_D239A,GOh1052,D239A,-3.735
2051,GOh1052_D239C,GOh1052,D239C,-11.619
2052,GOh1052_D239E,GOh1052,D239E,-1.422
2053,GOh1052_D239F,GOh1052,D239F,-8.644
2054,GOh1052_D239G,GOh1052,D239G,-5.182
2055,GOh1052_D239H,GOh1052,D239H,-6.53
2056,GOh1052_D239I,GOh1052,D239I,-8.144
2057,GOh1052_D239K,GOh1052,D239K,-3.978
2058,GOh1052_D239L,GOh1052,D239L,-6.934
2059,GOh1052_D239M,GOh1052,D239M,-7.623
2060,GOh1052_D239N,GOh1052,D239N,-3.718
2061,GOh1052_D239P,GOh1052,D239P,-3.908
2062,GOh1052_D239Q,GOh1052,D239Q,-1.092
2063,GOh1052_D239R,GOh1052,D239R,-5.596
2064,GOh1052_D239S,GOh1052,D239S,-3.295
2065,GOh1052_D239T,GOh1052,D239T,-3.85
2066,GOh1052_D239V,GOh1052,D239V,-6.611
2067,GOh1052_D239W,GOh1052,D239W,-9.578
2068,GOh1052_D239Y,GOh1052,D239Y,-7.046
2069,GOh1052_R240A,GOh1052,R240A,-9.133
2070,GOh1052_R240C,GOh1052,R240C,-14.033
2071,GOh1052_R240D,GOh1052,R240D,-12.305
2072,GOh1052_R240E,GOh1052,R240E,-10.552
2073,GOh1052_R240F,GOh1052,R240F,-12.152
2074,GOh1052_R240G,GOh1052,R240G,-10.261
2075,GOh1052_R240H,GOh1052,R240H,-8.486
2076,GOh1052_R240I,GOh1052,R240I,-10.898
2077,GOh1052_R240K,GOh1052,R240K,-5.025
2078,GOh1052_R240L,GOh1052,R240L,-9.32
2079,GOh1052_R240M,GOh1052,R240M,-9.147
2080,GOh1052_R240N,GOh1052,R240N,-10.136
2081,GOh1052_R240P,GOh1052,R240P,-12.467
2082,GOh1052_R240Q,GOh1052,R240Q,-7.958
2083,GOh1052_R240S,GOh1052,R240S,-9.902
2084,GOh1052_R240T,GOh1052,R240T,-10.109
2085,GOh1052_R240V,GOh1052,R240V,-10.118
2086,GOh1052_R240W,GOh1052,R240W,-13.196
2087,GOh1052_R240Y,GOh1052,R240Y,-11.666
2088,GOh1052_T241A,GOh1052,T241A,-3.78
2089,GOh1052_T241C,GOh1052,T241C,-11.75
2090,GOh1052_T241D,GOh1052,T241D,-4.934
2091,GOh1052_T241E,GOh1052,T241E,-3.978
2092,GOh1052_T241F,GOh1052,T241F,-6.006
2093,GOh1052_T241G,GOh1052,T241G,-6.306
2094,GOh1052_T241H,GOh1052,T241H,-5.877
2095,GOh1052_T241I,GOh1052,T241I,-4.203
2096,GOh1052_T241K,GOh1052,T241K,-3.199
2097,GOh1052_T241L,GOh1052,T241L,-3.607
2098,GOh1052_T241M,GOh1052,T241M,-5.323
2099,GOh1052_T241N,GOh1052,T241N,-3.5
2100,GOh1052_T241P,GOh1052,T241P,-4.206
2101,GOh1052_T241Q,GOh1052,T241Q,-3.238
2102,GOh1052_T241R,GOh1052,T241R,-3.622
2103,GOh1052_T241S,GOh1052,T241S,-4.514
2104,GOh1052_T241V,GOh1052,T241V,-3.453
2105,GOh1052_T241W,GOh1052,T241W,-7.837
2106,GOh1052_T241Y,GOh1052,T241Y,-5.547
2107,GOh1052_V242A,GOh1052,V242A,-7.909
2108,GOh1052_V242C,GOh1052,V242C,-12.35
2109,GOh1052_V242D,GOh1052,V242D,-12.168
2110,GOh1052_V242E,GOh1052,V242E,-11.029
2111,GOh1052_V242F,GOh1052,V242F,-10.318
2112,GOh1052_V242G,GOh1052,V242G,-11.554
2113,GOh1052_V242H,GOh1052,V242H,-12.756
2114,GOh1052_V242I,GOh1052,V242I,-5.706
2115,GOh1052_V242K,GOh1052,V242K,-10.231
2116,GOh1052_V242L,GOh1052,V242L,-7.972
2117,GOh1052_V242M,GOh1052,V242M,-9.389
2118,GOh1052_V242N,GOh1052,V242N,-10.612
2119,GOh1052_V242P,GOh1052,V242P,-8.924
2120,GOh1052_V242Q,GOh1052,V242Q,-10.803
2121,GOh1052_V242R,GOh1052,V242R,-11.248
2122,GOh1052_V242S,GOh1052,V242S,-10.693
2123,GOh1052_V242T,GOh1052,V242T,-8.624
2124,GOh1052_V242W,GOh1052,V242W,-13.461
2125,GOh1052_V242Y,GOh1052,V242Y,-11.426
2126,GOh1052_T243A,GOh1052,T243A,-4.193
2127,GOh1052_T243C,GOh1052,T243C,-12.462
2128,GOh1052_T243D,GOh1052,T243D,-7.767
2129,GOh1052_T243E,GOh1052,T243E,-8.478
2130,GOh1052_T243F,GOh1052,T243F,-10.206
2131,GOh1052_T243G,GOh1052,T243G,-7.408
2132,GOh1052_T243H,GOh1052,T243H,-9.442
2133,GOh1052_T243I,GOh1052,T243I,-8.725
2134,GOh1052_T243K,GOh1052,T243K,-6.948
2135,GOh1052_T243L,GOh1052,T243L,-8.241
2136,GOh1052_T243M,GOh1052,T243M,-9.228
2137,GOh1052_T243N,GOh1052,T243N,-5.832
2138,GOh1052_T243P,GOh1052,T243P,-7.204
2139,GOh1052_T243Q,GOh1052,T243Q,-7.868
2140,GOh1052_T243R,GOh1052,T243R,-7.948
2141,GOh1052_T243S,GOh1052,T243S,-2.759
2142,GOh1052_T243V,GOh1052,T243V,-7.724
2143,GOh1052_T243W,GOh1052,T243W,-11.959
2144,GOh1052_T243Y,GOh1052,T243Y,-10.196
2145,GOh1052_V244A,GOh1052,V244A,-2.33
2146,GOh1052_V244C,GOh1052,V244C,-9.91
2147,GOh1052_V244D,GOh1052,V244D,-2.108
2148,GOh1052_V244E,GOh1052,V244E,-1.51
2149,GOh1052_V244F,GOh1052,V244F,-5.237
2150,GOh1052_V244G,GOh1052,V244G,-3.276
2151,GOh1052_V244H,GOh1052,V244H,-3.487
2152,GOh1052_V244I,GOh1052,V244I,-4.898
2153,GOh1052_V244K,GOh1052,V244K,-2.252
2154,GOh1052_V244L,GOh1052,V244L,-4.01
2155,GOh1052_V244M,GOh1052,V244M,-5.253
2156,GOh1052_V244N,GOh1052,V244N,-0.308
2157,GOh1052_V244P,GOh1052,V244P,-5.917
2158,GOh1052_V244Q,GOh1052,V244Q,-1.239
2159,GOh1052_V244R,GOh1052,V244R,-3.444
2160,GOh1052_V244S,GOh1052,V244S,-2.036
2161,GOh1052_V244T,GOh1052,V244T,-2.299
2162,GOh1052_V244W,GOh1052,V244W,-6.806
2163,GOh1052_V244Y,GOh1052,V244Y,-4.335
2164,GOh1052_T245A,GOh1052,T245A,-8.179
2165,GOh1052_T245C,GOh1052,T245C,-13.066
2166,GOh1052_T245D,GOh1052,T245D,-11.356
2167,GOh1052_T245E,GOh1052,T245E,-11.391
2168,GOh1052_T245F,GOh1052,T245F,-12.15
2169,GOh1052_T245G,GOh1052,T245G,-11.081
2170,GOh1052_T245H,GOh1052,T245H,-12.199
2171,GOh1052_T245I,GOh1052,T245I,-9.616
2172,GOh1052_T245K,GOh1052,T245K,-11.947
2173,GOh1052_T245L,GOh1052,T245L,-9.984
2174,GOh1052_T245M,GOh1052,T245M,-10.105
2175,GOh1052_T245N,GOh1052,T245N,-9.64
2176,GOh1052_T245P,GOh1052,T245P,-10.394
2177,GOh1052_T245Q,GOh1052,T245Q,-11.206
2178,GOh1052_T245R,GOh1052,T245R,-13.0
2179,GOh1052_T245S,GOh1052,T245S,-7.83
2180,GOh1052_T245V,GOh1052,T245V,-7.799
2181,GOh1052_T245W,GOh1052,T245W,-14.242
2182,GOh1052_T245Y,GOh1052,T245Y,-12.501
2183,GOh1052_K246A,GOh1052,K246A,-6.245
2184,GOh1052_K246C,GOh1052,K246C,-12.215
2185,GOh1052_K246D,GOh1052,K246D,-5.923
2186,GOh1052_K246E,GOh1052,K246E,-5.937
2187,GOh1052_K246F,GOh1052,K246F,-8.13
2188,GOh1052_K246G,GOh1052,K246G,-3.166
2189,GOh1052_K246H,GOh1052,K246H,-5.176
2190,GOh1052_K246I,GOh1052,K246I,-9.605
2191,GOh1052_K246L,GOh1052,K246L,-6.774
2192,GOh1052_K246M,GOh1052,K246M,-7.766
2193,GOh1052_K246N,GOh1052,K246N,-3.721
2194,GOh1052_K246P,GOh1052,K246P,-8.269
2195,GOh1052_K246Q,GOh1052,K246Q,-4.568
2196,GOh1052_K246R,GOh1052,K246R,-5.046
2197,GOh1052_K246S,GOh1052,K246S,-5.406
2198,GOh1052_K246T,GOh1052,K246T,-6.581
2199,GOh1052_K246V,GOh1052,K246V,-8.732
2200,GOh1052_K246W,GOh1052,K246W,-9.988
2201,GOh1052_K246Y,GOh1052,K246Y,-8.028
2202,GOh1052_H247A,GOh1052,H247A,-11.969
2203,GOh1052_H247C,GOh1052,H247C,-14.598
2204,GOh1052_H247D,GOh1052,H247D,-10.288
2205,GOh1052_H247E,GOh1052,H247E,-11.846
2206,GOh1052_H247F,GOh1052,H247F,-12.351
2207,GOh1052_H247G,GOh1052,H247G,-12.474
2208,GOh1052_H247I,GOh1052,H247I,-12.807
2209,GOh1052_H247K,GOh1052,H247K,-13.113
2210,GOh1052_H247L,GOh1052,H247L,-11.905
2211,GOh1052_H247M,GOh1052,H247M,-12.902
2212,GOh1052_H247N,GOh1052,H247N,-9.262
2213,GOh1052_H247P,GOh1052,H247P,-13.389
2214,GOh1052_H247Q,GOh1052,H247Q,-9.392
2215,GOh1052_H247R,GOh1052,H247R,-11.917
2216,GOh1052_H247S,GOh1052,H247S,-11.652
2217,GOh1052_H247T,GOh1052,H247T,-11.699
2218,GOh1052_H247V,GOh1052,H247V,-12.611
2219,GOh1052_H247W,GOh1052,H247W,-13.604
2220,GOh1052_H247Y,GOh1052,H247Y,-10.635
2221,GOh1052_D248A,GOh1052,D248A,-11.123
2222,GOh1052_D248C,GOh1052,D248C,-13.757
2223,GOh1052_D248E,GOh1052,D248E,-8.131
2224,GOh1052_D248F,GOh1052,D248F,-15.065
2225,GOh1052_D248G,GOh1052,D248G,-10.611
2226,GOh1052_D248H,GOh1052,D248H,-11.792
2227,GOh1052_D248I,GOh1052,D248I,-13.635
2228,GOh1052_D248K,GOh1052,D248K,-12.552
2229,GOh1052_D248L,GOh1052,D248L,-13.691
2230,GOh1052_D248M,GOh1052,D248M,-14.255
2231,GOh1052_D248N,GOh1052,D248N,-8.59
2232,GOh1052_D248P,GOh1052,D248P,-13.475
2233,GOh1052_D248Q,GOh1052,D248Q,-10.005
2234,GOh1052_D248R,GOh1052,D248R,-13.4
2235,GOh1052_D248S,GOh1052,D248S,-11.176
2236,GOh1052_D248T,GOh1052,D248T,-11.851
2237,GOh1052_D248V,GOh1052,D248V,-11.541
2238,GOh1052_D248W,GOh1052,D248W,-15.272
2239,GOh1052_D248Y,GOh1052,D248Y,-13.322
2240,GOh1052_M249A,GOh1052,M249A,-11.668
2241,GOh1052_M249C,GOh1052,M249C,-12.459
2242,GOh1052_M249D,GOh1052,M249D,-14.362
2243,GOh1052_M249E,GOh1052,M249E,-12.747
2244,GOh1052_M249F,GOh1052,M249F,-9.995
2245,GOh1052_M249G,GOh1052,M249G,-13.492
2246,GOh1052_M249H,GOh1052,M249H,-13.296
2247,GOh1052_M249I,GOh1052,M249I,-8.193
2248,GOh1052_M249K,GOh1052,M249K,-13.425
2249,GOh1052_M249L,GOh1052,M249L,-7.329
2250,GOh1052_M249N,GOh1052,M249N,-12.625
2251,GOh1052_M249P,GOh1052,M249P,-12.95
2252,GOh1052_M249Q,GOh1052,M249Q,-11.0
2253,GOh1052_M249R,GOh1052,M249R,-14.081
2254,GOh1052_M249S,GOh1052,M249S,-11.053
2255,GOh1052_M249T,GOh1052,M249T,-10.277
2256,GOh1052_M249V,GOh1052,M249V,-10.197
2257,GOh1052_M249W,GOh1052,M249W,-14.226
2258,GOh1052_M249Y,GOh1052,M249Y,-13.328
2259,GOh1052_F250A,GOh1052,F250A,-13.092
2260,GOh1052_F250C,GOh1052,F250C,-12.044
2261,GOh1052_F250D,GOh1052,F250D,-13.741
2262,GOh1052_F250E,GOh1052,F250E,-15.347
2263,GOh1052_F250G,GOh1052,F250G,-13.845
2264,GOh1052_F250H,GOh1052,F250H,-12.453
2265,GOh1052_F250I,GOh1052,F250I,-13.149
2266,GOh1052_F250K,GOh1052,F250K,-15.98
2267,GOh1052_F250L,GOh1052,F250L,-10.739
2268,GOh1052_F250M,GOh1052,F250M,-12.493
2269,GOh1052_F250N,GOh1052,F250N,-13.377
2270,GOh1052_F250P,GOh1052,F250P,-14.253
2271,GOh1052_F250Q,GOh1052,F250Q,-14.676
2272,GOh1052_F250R,GOh1052,F250R,-14.705
2273,GOh1052_F250S,GOh1052,F250S,-11.47
2274,GOh1052_F250T,GOh1052,F250T,-13.598
2275,GOh1052_F250V,GOh1052,F250V,-13.222
2276,GOh1052_F250W,GOh1052,F250W,-10.941
2277,GOh1052_F250Y,GOh1052,F250Y,-8.405
2278,GOh1052_C251A,GOh1052,C251A,-11.602
2279,GOh1052_C251D,GOh1052,C251D,-12.601
2280,GOh1052_C251E,GOh1052,C251E,-13.532
2281,GOh1052_C251F,GOh1052,C251F,-11.062
2282,GOh1052_C251G,GOh1052,C251G,-11.55
2283,GOh1052_C251H,GOh1052,C251H,-11.836
2284,GOh1052_C251I,GOh1052,C251I,-15.25
2285,GOh1052_C251K,GOh1052,C251K,-14.968
2286,GOh1052_C251L,GOh1052,C251L,-13.855
2287,GOh1052_C251M,GOh1052,C251M,-15.631
2288,GOh1052_C251N,GOh1052,C251N,-12.881
2289,GOh1052_C251P,GOh1052,C251P,-15.778
2290,GOh1052_C251Q,GOh1052,C251Q,-13.387
2291,GOh1052_C251R,GOh1052,C251R,-11.256
2292,GOh1052_C251S,GOh1052,C251S,-10.141
2293,GOh1052_C251T,GOh1052,C251T,-14.038
2294,GOh1052_C251V,GOh1052,C251V,-13.441
2295,GOh1052_C251W,GOh1052,C251W,-11.14
2296,GOh1052_C251Y,GOh1052,C251Y,-9.364
2297,GOh1052_P252A,GOh1052,P252A,-9.183
2298,GOh1052_P252C,GOh1052,P252C,-12.001
2299,GOh1052_P252D,GOh1052,P252D,-13.52
2300,GOh1052_P252E,GOh1052,P252E,-13.305
2301,GOh1052_P252F,GOh1052,P252F,-14.591
2302,GOh1052_P252G,GOh1052,P252G,-10.157
2303,GOh1052_P252H,GOh1052,P252H,-13.097
2304,GOh1052_P252I,GOh1052,P252I,-13.257
2305,GOh1052_P252K,GOh1052,P252K,-16.017
2306,GOh1052_P252L,GOh1052,P252L,-12.264
2307,GOh1052_P252M,GOh1052,P252M,-13.116
2308,GOh1052_P252N,GOh1052,P252N,-10.368
2309,GOh1052_P252Q,GOh1052,P252Q,-11.026
2310,GOh1052_P252R,GOh1052,P252R,-15.983
2311,GOh1052_P252S,GOh1052,P252S,-9.543
2312,GOh1052_P252T,GOh1052,P252T,-10.38
2313,GOh1052_P252V,GOh1052,P252V,-12.548
2314,GOh1052_P252W,GOh1052,P252W,-16.556
2315,GOh1052_P252Y,GOh1052,P252Y,-15.492
2316,GOh1052_G253A,GOh1052,G253A,-9.525
2317,GOh1052_G253C,GOh1052,G253C,-12.325
2318,GOh1052_G253D,GOh1052,G253D,-12.623
2319,GOh1052_G253E,GOh1052,G253E,-13.166
2320,GOh1052_G253F,GOh1052,G253F,-15.957
2321,GOh1052_G253H,GOh1052,G253H,-15.537
2322,GOh1052_G253I,GOh1052,G253I,-15.887
2323,GOh1052_G253K,GOh1052,G253K,-16.246
2324,GOh1052_G253L,GOh1052,G253L,-15.175
2325,GOh1052_G253M,GOh1052,G253M,-14.626
2326,GOh1052_G253N,GOh1052,G253N,-12.757
2327,GOh1052_G253P,GOh1052,G253P,-14.493
2328,GOh1052_G253Q,GOh1052,G253Q,-14.05
2329,GOh1052_G253R,GOh1052,G253R,-15.201
2330,GOh1052_G253S,GOh1052,G253S,-10.416
2331,GOh1052_G253T,GOh1052,G253T,-13.265
2332,GOh1052_G253V,GOh1052,G253V,-13.517
2333,GOh1052_G253W,GOh1052,G253W,-16.287
2334,GOh1052_G253Y,GOh1052,G253Y,-15.993
2335,GOh1052_I254A,GOh1052,I254A,-8.642
2336,GOh1052_I254C,GOh1052,I254C,-9.571
2337,GOh1052_I254D,GOh1052,I254D,-11.501
2338,GOh1052_I254E,GOh1052,I254E,-10.567
2339,GOh1052_I254F,GOh1052,I254F,-9.035
2340,GOh1052_I254G,GOh1052,I254G,-11.338
2341,GOh1052_I254H,GOh1052,I254H,-11.537
2342,GOh1052_I254K,GOh1052,I254K,-11.767
2343,GOh1052_I254L,GOh1052,I254L,-6.457
2344,GOh1052_I254M,GOh1052,I254M,-4.396
2345,GOh1052_I254N,GOh1052,I254N,-8.745
2346,GOh1052_I254P,GOh1052,I254P,-11.964
2347,GOh1052_I254Q,GOh1052,I254Q,-9.268
2348,GOh1052_I254R,GOh1052,I254R,-12.466
2349,GOh1052_I254S,GOh1052,I254S,-8.129
2350,GOh1052_I254T,GOh1052,I254T,-4.142
2351,GOh1052_I254V,GOh1052,I254V,-7.004
2352,GOh1052_I254W,GOh1052,I254W,-11.802
2353,GOh1052_I254Y,GOh1052,I254Y,-10.554
2354,GOh1052_S255A,GOh1052,S255A,-6.937
2355,GOh1052_S255C,GOh1052,S255C,-8.762
2356,GOh1052_S255D,GOh1052,S255D,-10.825
2357,GOh1052_S255E,GOh1052,S255E,-11.903
2358,GOh1052_S255F,GOh1052,S255F,-14.161
2359,GOh1052_S255G,GOh1052,S255G,-9.974
2360,GOh1052_S255H,GOh1052,S255H,-12.406
2361,GOh1052_S255I,GOh1052,S255I,-11.761
2362,GOh1052_S255K,GOh1052,S255K,-14.149
2363,GOh1052_S255L,GOh1052,S255L,-12.388
2364,GOh1052_S255M,GOh1052,S255M,-11.638
2365,GOh1052_S255N,GOh1052,S255N,-7.911
2366,GOh1052_S255P,GOh1052,S255P,-13.34
2367,GOh1052_S255Q,GOh1052,S255Q,-10.635
2368,GOh1052_S255R,GOh1052,S255R,-14.265
2369,GOh1052_S255T,GOh1052,S255T,-7.688
2370,GOh1052_S255V,GOh1052,S255V,-10.001
2371,GOh1052_S255W,GOh1052,S255W,-15.71
2372,GOh1052_S255Y,GOh1052,S255Y,-14.646
2373,GOh1052_M256A,GOh1052,M256A,-6.782
2374,GOh1052_M256C,GOh1052,M256C,-10.842
2375,GOh1052_M256D,GOh1052,M256D,-9.488
2376,GOh1052_M256E,GOh1052,M256E,-8.864
2377,GOh1052_M256F,GOh1052,M256F,-8.607
2378,GOh1052_M256G,GOh1052,M256G,-8.784
2379,GOh1052_M256H,GOh1052,M256H,-7.542
2380,GOh1052_M256I,GOh1052,M256I,-5.138
2381,GOh1052_M256K,GOh1052,M256K,-8.117
2382,GOh1052_M256L,GOh1052,M256L,-5.451
2383,GOh1052_M256N,GOh1052,M256N,-5.635
2384,GOh1052_M256P,GOh1052,M256P,-9.919
2385,GOh1052_M256Q,GOh1052,M256Q,-5.974
2386,GOh1052_M256R,GOh1052,M256R,-8.411
2387,GOh1052_M256S,GOh1052,M256S,-6.332
2388,GOh1052_M256T,GOh1052,M256T,-4.73
2389,GOh1052_M256V,GOh1052,M256V,-5.805
2390,GOh1052_M256W,GOh1052,M256W,-11.157
2391,GOh1052_M256Y,GOh1052,M256Y,-10.102
2392,GOh1052_D257A,GOh1052,D257A,-6.941
2393,GOh1052_D257C,GOh1052,D257C,-11.463
2394,GOh1052_D257E,GOh1052,D257E,-7.95
2395,GOh1052_D257F,GOh1052,D257F,-9.972
2396,GOh1052_D257G,GOh1052,D257G,-7.749
2397,GOh1052_D257H,GOh1052,D257H,-8.967
2398,GOh1052_D257I,GOh1052,D257I,-8.704
2399,GOh1052_D257K,GOh1052,D257K,-10.25
2400,GOh1052_D257L,GOh1052,D257L,-5.66
2401,GOh1052_D257M,GOh1052,D257M,-7.525
2402,GOh1052_D257N,GOh1052,D257N,-3.953
2403,GOh1052_D257P,GOh1052,D257P,-12.309
2404,GOh1052_D257Q,GOh1052,D257Q,-8.232
2405,GOh1052_D257R,GOh1052,D257R,-9.512
2406,GOh1052_D257S,GOh1052,D257S,-7.095
2407,GOh1052_D257T,GOh1052,D257T,-7.293
2408,GOh1052_D257V,GOh1052,D257V,-8.69
2409,GOh1052_D257W,GOh1052,D257W,-12.596
2410,GOh1052_D257Y,GOh1052,D257Y,-9.313
2411,GOh1052_G258A,GOh1052,G258A,-2.81
2412,GOh1052_G258C,GOh1052,G258C,-10.147
2413,GOh1052_G258D,GOh1052,G258D,-5.378
2414,GOh1052_G258E,GOh1052,G258E,-4.364
2415,GOh1052_G258F,GOh1052,G258F,-3.878
2416,GOh1052_G258H,GOh1052,G258H,-3.687
2417,GOh1052_G258I,GOh1052,G258I,-7.418
2418,GOh1052_G258K,GOh1052,G258K,-4.815
2419,GOh1052_G258L,GOh1052,G258L,-6.07
2420,GOh1052_G258M,GOh1052,G258M,-7.182
2421,GOh1052_G258N,GOh1052,G258N,-4.805
2422,GOh1052_G258P,GOh1052,G258P,-6.097
2423,GOh1052_G258Q,GOh1052,G258Q,-4.475
2424,GOh1052_G258R,GOh1052,G258R,-4.803
2425,GOh1052_G258S,GOh1052,G258S,-3.594
2426,GOh1052_G258T,GOh1052,G258T,-5.116
2427,GOh1052_G258V,GOh1052,G258V,-5.922
2428,GOh1052_G258W,GOh1052,G258W,-5.949
2429,GOh1052_G258Y,GOh1052,G258Y,-2.935
2430,GOh1052_N259A,GOh1052,N259A,-4.969
2431,GOh1052_N259C,GOh1052,N259C,-11.978
2432,GOh1052_N259D,GOh1052,N259D,-4.674
2433,GOh1052_N259E,GOh1052,N259E,-5.78
2434,GOh1052_N259F,GOh1052,N259F,-8.31
2435,GOh1052_N259G,GOh1052,N259G,-6.678
2436,GOh1052_N259H,GOh1052,N259H,-7.928
2437,GOh1052_N259I,GOh1052,N259I,-8.537
2438,GOh1052_N259K,GOh1052,N259K,-5.502
2439,GOh1052_N259L,GOh1052,N259L,-6.188
2440,GOh1052_N259M,GOh1052,N259M,-8.066
2441,GOh1052_N259P,GOh1052,N259P,-9.332
2442,GOh1052_N259Q,GOh1052,N259Q,-5.4
2443,GOh1052_N259R,GOh1052,N259R,-6.54
2444,GOh1052_N259S,GOh1052,N259S,-3.808
2445,GOh1052_N259T,GOh1052,N259T,-4.784
2446,GOh1052_N259V,GOh1052,N259V,-7.944
2447,GOh1052_N259W,GOh1052,N259W,-9.246
2448,GOh1052_N259Y,GOh1052,N259Y,-7.507
2449,GOh1052_G260A,GOh1052,G260A,-3.891
2450,GOh1052_G260C,GOh1052,G260C,-10.933
2451,GOh1052_G260D,GOh1052,G260D,-6.532
2452,GOh1052_G260E,GOh1052,G260E,-7.461
2453,GOh1052_G260F,GOh1052,G260F,-10.595
2454,GOh1052_G260H,GOh1052,G260H,-7.653
2455,GOh1052_G260I,GOh1052,G260I,-12.717
2456,GOh1052_G260K,GOh1052,G260K,-6.464
2457,GOh1052_G260L,GOh1052,G260L,-9.176
2458,GOh1052_G260M,GOh1052,G260M,-9.172
2459,GOh1052_G260N,GOh1052,G260N,-4.957
2460,GOh1052_G260P,GOh1052,G260P,-11.949
2461,GOh1052_G260Q,GOh1052,G260Q,-6.148
2462,GOh1052_G260R,GOh1052,G260R,-6.25
2463,GOh1052_G260S,GOh1052,G260S,-4.957
2464,GOh1052_G260T,GOh1052,G260T,-8.301
2465,GOh1052_G260V,GOh1052,G260V,-10.135
2466,GOh1052_G260W,GOh1052,G260W,-11.151
2467,GOh1052_G260Y,GOh1052,G260Y,-9.807
2468,GOh1052_Q261A,GOh1052,Q261A,-7.025
2469,GOh1052_Q261C,GOh1052,Q261C,-10.317
2470,GOh1052_Q261D,GOh1052,Q261D,-3.553
2471,GOh1052_Q261E,GOh1052,Q261E,-5.108
2472,GOh1052_Q261F,GOh1052,Q261F,-6.637
2473,GOh1052_Q261G,GOh1052,Q261G,-7.029
2474,GOh1052_Q261H,GOh1052,Q261H,-5.564
2475,GOh1052_Q261I,GOh1052,Q261I,-6.755
2476,GOh1052_Q261K,GOh1052,Q261K,-4.195
2477,GOh1052_Q261L,GOh1052,Q261L,-4.503
2478,GOh1052_Q261M,GOh1052,Q261M,-5.97
2479,GOh1052_Q261N,GOh1052,Q261N,-1.396
2480,GOh1052_Q261P,GOh1052,Q261P,-11.825
2481,GOh1052_Q261R,GOh1052,Q261R,-3.215
2482,GOh1052_Q261S,GOh1052,Q261S,-4.571
2483,GOh1052_Q261T,GOh1052,Q261T,-3.49
2484,GOh1052_Q261V,GOh1052,Q261V,-6.272
2485,GOh1052_Q261W,GOh1052,Q261W,-7.898
2486,GOh1052_Q261Y,GOh1052,Q261Y,-6.043
2487,GOh1052_I262A,GOh1052,I262A,-8.631
2488,GOh1052_I262C,GOh1052,I262C,-12.81
2489,GOh1052_I262D,GOh1052,I262D,-14.892
2490,GOh1052_I262E,GOh1052,I262E,-13.631
2491,GOh1052_I262F,GOh1052,I262F,-8.474
2492,GOh1052_I262G,GOh1052,I262G,-12.883
2493,GOh1052_I262H,GOh1052,I262H,-13.723
2494,GOh1052_I262K,GOh1052,I262K,-15.199
2495,GOh1052_I262L,GOh1052,I262L,-5.307
2496,GOh1052_I262M,GOh1052,I262M,-6.16
2497,GOh1052_I262N,GOh1052,I262N,-12.91
2498,GOh1052_I262P,GOh1052,I262P,-10.112
2499,GOh1052_I262Q,GOh1052,I262Q,-11.906
2500,GOh1052_I262R,GOh1052,I262R,-14.628
2501,GOh1052_I262S,GOh1052,I262S,-11.381
2502,GOh1052_I262T,GOh1052,I262T,-8.971
2503,GOh1052_I262V,GOh1052,I262V,-3.707
2504,GOh1052_I262W,GOh1052,I262W,-11.47
2505,GOh1052_I262Y,GOh1052,I262Y,-10.585
2506,GOh1052_V263A,GOh1052,V263A,-10.13
2507,GOh1052_V263C,GOh1052,V263C,-13.817
2508,GOh1052_V263D,GOh1052,V263D,-16.217
2509,GOh1052_V263E,GOh1052,V263E,-14.089
2510,GOh1052_V263F,GOh1052,V263F,-7.909
2511,GOh1052_V263G,GOh1052,V263G,-14.581
2512,GOh1052_V263H,GOh1052,V263H,-13.566
2513,GOh1052_V263I,GOh1052,V263I,-5.521
2514,GOh1052_V263K,GOh1052,V263K,-14.67
2515,GOh1052_V263L,GOh1052,V263L,-6.763
2516,GOh1052_V263M,GOh1052,V263M,-7.919
2517,GOh1052_V263N,GOh1052,V263N,-13.485
2518,GOh1052_V263P,GOh1052,V263P,-14.681
2519,GOh1052_V263Q,GOh1052,V263Q,-12.966
2520,GOh1052_V263R,GOh1052,V263R,-14.767
2521,GOh1052_V263S,GOh1052,V263S,-13.162
2522,GOh1052_V263T,GOh1052,V263T,-10.324
2523,GOh1052_V263W,GOh1052,V263W,-13.033
2524,GOh1052_V263Y,GOh1052,V263Y,-11.386
2525,GOh1052_V264A,GOh1052,V264A,-9.571
2526,GOh1052_V264C,GOh1052,V264C,-12.894
2527,GOh1052_V264D,GOh1052,V264D,-13.004
2528,GOh1052_V264E,GOh1052,V264E,-12.47
2529,GOh1052_V264F,GOh1052,V264F,-12.212
2530,GOh1052_V264G,GOh1052,V264G,-14.416
2531,GOh1052_V264H,GOh1052,V264H,-15.487
2532,GOh1052_V264I,GOh1052,V264I,-6.6
2533,GOh1052_V264K,GOh1052,V264K,-15.19
2534,GOh1052_V264L,GOh1052,V264L,-8.965
2535,GOh1052_V264M,GOh1052,V264M,-10.402
2536,GOh1052_V264N,GOh1052,V264N,-11.944
2537,GOh1052_V264P,GOh1052,V264P,-16.961
2538,GOh1052_V264Q,GOh1052,V264Q,-13.319
2539,GOh1052_V264R,GOh1052,V264R,-16.69
2540,GOh1052_V264S,GOh1052,V264S,-12.414
2541,GOh1052_V264T,GOh1052,V264T,-10.1
2542,GOh1052_V264W,GOh1052,V264W,-15.357
2543,GOh1052_V264Y,GOh1052,V264Y,-13.951
2544,GOh1052_T265A,GOh1052,T265A,-8.245
2545,GOh1052_T265C,GOh1052,T265C,-10.108
2546,GOh1052_T265D,GOh1052,T265D,-11.767
2547,GOh1052_T265E,GOh1052,T265E,-12.301
2548,GOh1052_T265F,GOh1052,T265F,-11.903
2549,GOh1052_T265G,GOh1052,T265G,-10.567
2550,GOh1052_T265H,GOh1052,T265H,-10.053
2551,GOh1052_T265I,GOh1052,T265I,-9.59
2552,GOh1052_T265K,GOh1052,T265K,-13.175
2553,GOh1052_T265L,GOh1052,T265L,-10.671
2554,GOh1052_T265M,GOh1052,T265M,-9.516
2555,GOh1052_T265N,GOh1052,T265N,-6.807
2556,GOh1052_T265P,GOh1052,T265P,-10.376
2557,GOh1052_T265Q,GOh1052,T265Q,-9.569
2558,GOh1052_T265R,GOh1052,T265R,-14.742
2559,GOh1052_T265S,GOh1052,T265S,-6.893
2560,GOh1052_T265V,GOh1052,T265V,-8.203
2561,GOh1052_T265W,GOh1052,T265W,-15.329
2562,GOh1052_T265Y,GOh1052,T265Y,-14.097
2563,GOh1052_G266A,GOh1052,G266A,-7.931
2564,GOh1052_G266C,GOh1052,G266C,-9.97
2565,GOh1052_G266D,GOh1052,G266D,-10.705
2566,GOh1052_G266E,GOh1052,G266E,-10.838
2567,GOh1052_G266F,GOh1052,G266F,-14.107
2568,GOh1052_G266H,GOh1052,G266H,-11.879
2569,GOh1052_G266I,GOh1052,G266I,-14.407
2570,GOh1052_G266K,GOh1052,G266K,-11.266
2571,GOh1052_G266L,GOh1052,G266L,-12.623
2572,GOh1052_G266M,GOh1052,G266M,-12.163
2573,GOh1052_G266N,GOh1052,G266N,-10.759
2574,GOh1052_G266P,GOh1052,G266P,-12.54
2575,GOh1052_G266Q,GOh1052,G266Q,-10.296
2576,GOh1052_G266R,GOh1052,G266R,-9.234
2577,GOh1052_G266S,GOh1052,G266S,-7.99
2578,GOh1052_G266T,GOh1052,G266T,-11.465
2579,GOh1052_G266V,GOh1052,G266V,-13.031
2580,GOh1052_G266W,GOh1052,G266W,-13.676
2581,GOh1052_G266Y,GOh1052,G266Y,-14.066
2582,GOh1052_G267A,GOh1052,G267A,-12.156
2583,GOh1052_G267C,GOh1052,G267C,-12.971
2584,GOh1052_G267D,GOh1052,G267D,-12.351
2585,GOh1052_G267E,GOh1052,G267E,-13.11
2586,GOh1052_G267F,GOh1052,G267F,-14.863
2587,GOh1052_G267H,GOh1052,G267H,-15.433
2588,GOh1052_G267I,GOh1052,G267I,-14.705
2589,GOh1052_G267K,GOh1052,G267K,-15.121
2590,GOh1052_G267L,GOh1052,G267L,-14.155
2591,GOh1052_G267M,GOh1052,G267M,-14.645
2592,GOh1052_G267N,GOh1052,G267N,-14.241
2593,GOh1052_G267P,GOh1052,G267P,-15.992
2594,GOh1052_G267Q,GOh1052,G267Q,-15.203
2595,GOh1052_G267R,GOh1052,G267R,-13.255
2596,GOh1052_G267S,GOh1052,G267S,-11.634
2597,GOh1052_G267T,GOh1052,G267T,-13.768
2598,GOh1052_G267V,GOh1052,G267V,-12.458
2599,GOh1052_G267W,GOh1052,G267W,-14.333
2600,GOh1052_G267Y,GOh1052,G267Y,-15.184
2601,GOh1052_W268A,GOh1052,W268A,1.514
2602,GOh1052_W268C,GOh1052,W268C,-2.922
2603,GOh1052_W268D,GOh1052,W268D,2.35
2604,GOh1052_W268E,GOh1052,W268E,-0.858
2605,GOh1052_W268F,GOh1052,W268F,-1.499
2606,GOh1052_W268G,GOh1052,W268G,0.876
2607,GOh1052_W268H,GOh1052,W268H,-0.715
2608,GOh1052_W268I,GOh1052,W268I,-1.513
2609,GOh1052_W268K,GOh1052,W268K,-1.329
2610,GOh1052_W268L,GOh1052,W268L,-0.785
2611,GOh1052_W268M,GOh1052,W268M,-1.994
2612,GOh1052_W268N,GOh1052,W268N,3.795
2613,GOh1052_W268P,GOh1052,W268P,-1.026
2614,GOh1052_W268Q,GOh1052,W268Q,-0.476
2615,GOh1052_W268R,GOh1052,W268R,-1.873
2616,GOh1052_W268S,GOh1052,W268S,6.525
2617,GOh1052_W268T,GOh1052,W268T,2.236
2618,GOh1052_W268V,GOh1052,W268V,-1.094
2619,GOh1052_W268Y,GOh1052,W268Y,-0.914
2620,GOh1052_D269A,GOh1052,D269A,-6.735
2621,GOh1052_D269C,GOh1052,D269C,-12.711
2622,GOh1052_D269E,GOh1052,D269E,-7.311
2623,GOh1052_D269F,GOh1052,D269F,-8.776
2624,GOh1052_D269G,GOh1052,D269G,-5.998
2625,GOh1052_D269H,GOh1052,D269H,-8.489
2626,GOh1052_D269I,GOh1052,D269I,-9.423
2627,GOh1052_D269K,GOh1052,D269K,-8.637
2628,GOh1052_D269L,GOh1052,D269L,-7.784
2629,GOh1052_D269M,GOh1052,D269M,-9.741
2630,GOh1052_D269N,GOh1052,D269N,-3.283
2631,GOh1052_D269P,GOh1052,D269P,-9.898
2632,GOh1052_D269Q,GOh1052,D269Q,-8.263
2633,GOh1052_D269R,GOh1052,D269R,-9.292
2634,GOh1052_D269S,GOh1052,D269S,-3.635
2635,GOh1052_D269T,GOh1052,D269T,-6.118
2636,GOh1052_D269V,GOh1052,D269V,-9.109
2637,GOh1052_D269W,GOh1052,D269W,-9.174
2638,GOh1052_D269Y,GOh1052,D269Y,-8.225
2639,GOh1052_A270C,GOh1052,A270C,-11.315
2640,GOh1052_A270D,GOh1052,A270D,-7.181
2641,GOh1052_A270E,GOh1052,A270E,-7.277
2642,GOh1052_A270F,GOh1052,A270F,-10.07
2643,GOh1052_A270G,GOh1052,A270G,-6.556
2644,GOh1052_A270H,GOh1052,A270H,-9.567
2645,GOh1052_A270I,GOh1052,A270I,-8.668
2646,GOh1052_A270K,GOh1052,A270K,-8.969
2647,GOh1052_A270L,GOh1052,A270L,-9.221
2648,GOh1052_A270M,GOh1052,A270M,-10.073
2649,GOh1052_A270N,GOh1052,A270N,-8.161
2650,GOh1052_A270P,GOh1052,A270P,-8.572
2651,GOh1052_A270Q,GOh1052,A270Q,-8.399
2652,GOh1052_A270R,GOh1052,A270R,-9.637
2653,GOh1052_A270S,GOh1052,A270S,-4.296
2654,GOh1052_A270T,GOh1052,A270T,-6.943
2655,GOh1052_A270V,GOh1052,A270V,-7.657
2656,GOh1052_A270W,GOh1052,A270W,-10.381
2657,GOh1052_A270Y,GOh1052,A270Y,-9.76
2658,GOh1052_K271A,GOh1052,K271A,-2.802
2659,GOh1052_K271C,GOh1052,K271C,-12.157
2660,GOh1052_K271D,GOh1052,K271D,-5.201
2661,GOh1052_K271E,GOh1052,K271E,-3.783
2662,GOh1052_K271F,GOh1052,K271F,-8.156
2663,GOh1052_K271G,GOh1052,K271G,-6.086
2664,GOh1052_K271H,GOh1052,K271H,-6.511
2665,GOh1052_K271I,GOh1052,K271I,-7.089
2666,GOh1052_K271L,GOh1052,K271L,-6.969
2667,GOh1052_K271M,GOh1052,K271M,-7.183
2668,GOh1052_K271N,GOh1052,K271N,-5.284
2669,GOh1052_K271P,GOh1052,K271P,-4.68
2670,GOh1052_K271Q,GOh1052,K271Q,-3.497
2671,GOh1052_K271R,GOh1052,K271R,-5.133
2672,GOh1052_K271S,GOh1052,K271S,-4.402
2673,GOh1052_K271T,GOh1052,K271T,-4.57
2674,GOh1052_K271V,GOh1052,K271V,-5.382
2675,GOh1052_K271W,GOh1052,K271W,-8.772
2676,GOh1052_K271Y,GOh1052,K271Y,-7.84
2677,GOh1052_K272A,GOh1052,K272A,-7.187
2678,GOh1052_K272C,GOh1052,K272C,-13.117
2679,GOh1052_K272D,GOh1052,K272D,-10.511
2680,GOh1052_K272E,GOh1052,K272E,-8.996
2681,GOh1052_K272F,GOh1052,K272F,-10.207
2682,GOh1052_K272G,GOh1052,K272G,-10.79
2683,GOh1052_K272H,GOh1052,K272H,-7.6
2684,GOh1052_K272I,GOh1052,K272I,-8.176
2685,GOh1052_K272L,GOh1052,K272L,-8.36
2686,GOh1052_K272M,GOh1052,K272M,-9.17
2687,GOh1052_K272N,GOh1052,K272N,-8.344
2688,GOh1052_K272P,GOh1052,K272P,-10.688
2689,GOh1052_K272Q,GOh1052,K272Q,-7.492
2690,GOh1052_K272R,GOh1052,K272R,-4.796
2691,GOh1052_K272S,GOh1052,K272S,-8.88
2692,GOh1052_K272T,GOh1052,K272T,-7.988
2693,GOh1052_K272V,GOh1052,K272V,-7.201
2694,GOh1052_K272W,GOh1052,K272W,-10.701
2695,GOh1052_K272Y,GOh1052,K272Y,-9.681
2696,GOh1052_T273A,GOh1052,T273A,-5.924
2697,GOh1052_T273C,GOh1052,T273C,-9.747
2698,GOh1052_T273D,GOh1052,T273D,-10.811
2699,GOh1052_T273E,GOh1052,T273E,-11.074
2700,GOh1052_T273F,GOh1052,T273F,-12.229
2701,GOh1052_T273G,GOh1052,T273G,-11.511
2702,GOh1052_T273H,GOh1052,T273H,-12.996
2703,GOh1052_T273I,GOh1052,T273I,-8.072
2704,GOh1052_T273K,GOh1052,T273K,-13.419
2705,GOh1052_T273L,GOh1052,T273L,-9.258
2706,GOh1052_T273M,GOh1052,T273M,-9.22
2707,GOh1052_T273N,GOh1052,T273N,-7.79
2708,GOh1052_T273P,GOh1052,T273P,-12.23
2709,GOh1052_T273Q,GOh1052,T273Q,-11.138
2710,GOh1052_T273R,GOh1052,T273R,-13.683
2711,GOh1052_T273S,GOh1052,T273S,-7.019
2712,GOh1052_T273V,GOh1052,T273V,-3.38
2713,GOh1052_T273W,GOh1052,T273W,-14.705
2714,GOh1052_T273Y,GOh1052,T273Y,-13.437
2715,GOh1052_S274A,GOh1052,S274A,-9.738
2716,GOh1052_S274C,GOh1052,S274C,-11.577
2717,GOh1052_S274D,GOh1052,S274D,-11.516
2718,GOh1052_S274E,GOh1052,S274E,-13.304
2719,GOh1052_S274F,GOh1052,S274F,-13.718
2720,GOh1052_S274G,GOh1052,S274G,-12.611
2721,GOh1052_S274H,GOh1052,S274H,-13.185
2722,GOh1052_S274I,GOh1052,S274I,-11.669
2723,GOh1052_S274K,GOh1052,S274K,-14.706
2724,GOh1052_S274L,GOh1052,S274L,-12.174
2725,GOh1052_S274M,GOh1052,S274M,-12.912
2726,GOh1052_S274N,GOh1052,S274N,-9.9
2727,GOh1052_S274P,GOh1052,S274P,-15.751
2728,GOh1052_S274Q,GOh1052,S274Q,-13.376
2729,GOh1052_S274R,GOh1052,S274R,-13.534
2730,GOh1052_S274T,GOh1052,S274T,-7.181
2731,GOh1052_S274V,GOh1052,S274V,-9.542
2732,GOh1052_S274W,GOh1052,S274W,-14.395
2733,GOh1052_S274Y,GOh1052,S274Y,-12.499
2734,GOh1052_L275A,GOh1052,L275A,-10.547
2735,GOh1052_L275C,GOh1052,L275C,-13.427
2736,GOh1052_L275D,GOh1052,L275D,-13.499
2737,GOh1052_L275E,GOh1052,L275E,-11.032
2738,GOh1052_L275F,GOh1052,L275F,-5.658
2739,GOh1052_L275G,GOh1052,L275G,-13.209
2740,GOh1052_L275H,GOh1052,L275H,-10.59
2741,GOh1052_L275I,GOh1052,L275I,-2.556
2742,GOh1052_L275K,GOh1052,L275K,-10.176
2743,GOh1052_L275M,GOh1052,L275M,-6.842
2744,GOh1052_L275N,GOh1052,L275N,-10.8
2745,GOh1052_L275P,GOh1052,L275P,-12.687
2746,GOh1052_L275Q,GOh1052,L275Q,-9.782
2747,GOh1052_L275R,GOh1052,L275R,-8.345
2748,GOh1052_L275S,GOh1052,L275S,-10.218
2749,GOh1052_L275T,GOh1052,L275T,-7.318
2750,GOh1052_L275V,GOh1052,L275V,-4.885
2751,GOh1052_L275W,GOh1052,L275W,-9.178
2752,GOh1052_L275Y,GOh1052,L275Y,-7.242
2753,GOh1052_Y276A,GOh1052,Y276A,-13.589
2754,GOh1052_Y276C,GOh1052,Y276C,-12.556
2755,GOh1052_Y276D,GOh1052,Y276D,-13.86
2756,GOh1052_Y276E,GOh1052,Y276E,-16.104
2757,GOh1052_Y276F,GOh1052,Y276F,-5.668
2758,GOh1052_Y276G,GOh1052,Y276G,-14.586
2759,GOh1052_Y276H,GOh1052,Y276H,-8.531
2760,GOh1052_Y276I,GOh1052,Y276I,-13.274
2761,GOh1052_Y276K,GOh1052,Y276K,-14.104
2762,GOh1052_Y276L,GOh1052,Y276L,-9.759
2763,GOh1052_Y276M,GOh1052,Y276M,-12.335
2764,GOh1052_Y276N,GOh1052,Y276N,-12.345
2765,GOh1052_Y276P,GOh1052,Y276P,-15.097
2766,GOh1052_Y276Q,GOh1052,Y276Q,-13.583
2767,GOh1052_Y276R,GOh1052,Y276R,-11.98
2768,GOh1052_Y276S,GOh1052,Y276S,-12.146
2769,GOh1052_Y276T,GOh1052,Y276T,-13.199
2770,GOh1052_Y276V,GOh1052,Y276V,-14.074
2771,GOh1052_Y276W,GOh1052,Y276W,-8.18
2772,GOh1052_D277A,GOh1052,D277A,-7.049
2773,GOh1052_D277C,GOh1052,D277C,-12.817
2774,GOh1052_D277E,GOh1052,D277E,-6.793
2775,GOh1052_D277F,GOh1052,D277F,-7.598
2776,GOh1052_D277G,GOh1052,D277G,-7.714
2777,GOh1052_D277H,GOh1052,D277H,-7.954
2778,GOh1052_D277I,GOh1052,D277I,-6.959
2779,GOh1052_D277K,GOh1052,D277K,-5.826
2780,GOh1052_D277L,GOh1052,D277L,-5.302
2781,GOh1052_D277M,GOh1052,D277M,-7.573
2782,GOh1052_D277N,GOh1052,D277N,-3.468
2783,GOh1052_D277P,GOh1052,D277P,-9.835
2784,GOh1052_D277Q,GOh1052,D277Q,-5.562
2785,GOh1052_D277R,GOh1052,D277R,-5.801
2786,GOh1052_D277S,GOh1052,D277S,-4.067
2787,GOh1052_D277T,GOh1052,D277T,-4.603
2788,GOh1052_D277V,GOh1052,D277V,-6.877
2789,GOh1052_D277W,GOh1052,D277W,-9.06
2790,GOh1052_D277Y,GOh1052,D277Y,-6.264
2791,GOh1052_S278A,GOh1052,S278A,-2.432
2792,GOh1052_S278C,GOh1052,S278C,-9.292
2793,GOh1052_S278D,GOh1052,S278D,-7.864
2794,GOh1052_S278E,GOh1052,S278E,-7.183
2795,GOh1052_S278F,GOh1052,S278F,-4.393
2796,GOh1052_S278G,GOh1052,S278G,-5.785
2797,GOh1052_S278H,GOh1052,S278H,-4.597
2798,GOh1052_S278I,GOh1052,S278I,-3.981
2799,GOh1052_S278K,GOh1052,S278K,-4.298
2800,GOh1052_S278L,GOh1052,S278L,-4.668
2801,GOh1052_S278M,GOh1052,S278M,-5.969
2802,GOh1052_S278N,GOh1052,S278N,-6.259
2803,GOh1052_S278P,GOh1052,S278P,-1.412
2804,GOh1052_S278Q,GOh1052,S278Q,-5.279
2805,GOh1052_S278R,GOh1052,S278R,-3.851
2806,GOh1052_S278T,GOh1052,S278T,-3.78
2807,GOh1052_S278V,GOh1052,S278V,-3.33
2808,GOh1052_S278W,GOh1052,S278W,-5.395
2809,GOh1052_S278Y,GOh1052,S278Y,-4.196
2810,GOh1052_S279A,GOh1052,S279A,-3.4
2811,GOh1052_S279C,GOh1052,S279C,-11.037
2812,GOh1052_S279D,GOh1052,S279D,-6.042
2813,GOh1052_S279E,GOh1052,S279E,-6.513
2814,GOh1052_S279F,GOh1052,S279F,-6.097
2815,GOh1052_S279G,GOh1052,S279G,-4.302
2816,GOh1052_S279H,GOh1052,S279H,-6.902
2817,GOh1052_S279I,GOh1052,S279I,-5.428
2818,GOh1052_S279K,GOh1052,S279K,-3.264
2819,GOh1052_S279L,GOh1052,S279L,-5.382
2820,GOh1052_S279M,GOh1052,S279M,-7.744
2821,GOh1052_S279N,GOh1052,S279N,-4.223
2822,GOh1052_S279P,GOh1052,S279P,-7.759
2823,GOh1052_S279Q,GOh1052,S279Q,-5.238
2824,GOh1052_S279R,GOh1052,S279R,-3.835
2825,GOh1052_S279T,GOh1052,S279T,-4.151
2826,GOh1052_S279V,GOh1052,S279V,-4.48
2827,GOh1052_S279W,GOh1052,S279W,-7.264
2828,GOh1052_S279Y,GOh1052,S279Y,-5.274
2829,GOh1052_S280A,GOh1052,S280A,-4.198
2830,GOh1052_S280C,GOh1052,S280C,-11.909
2831,GOh1052_S280D,GOh1052,S280D,-7.15
2832,GOh1052_S280E,GOh1052,S280E,-8.093
2833,GOh1052_S280F,GOh1052,S280F,-8.281
2834,GOh1052_S280G,GOh1052,S280G,-5.773
2835,GOh1052_S280H,GOh1052,S280H,-8.035
2836,GOh1052_S280I,GOh1052,S280I,-5.777
2837,GOh1052_S280K,GOh1052,S280K,-3.597
2838,GOh1052_S280L,GOh1052,S280L,-5.098
2839,GOh1052_S280M,GOh1052,S280M,-8.112
2840,GOh1052_S280N,GOh1052,S280N,-4.049
2841,GOh1052_S280P,GOh1052,S280P,-11.33
2842,GOh1052_S280Q,GOh1052,S280Q,-4.76
2843,GOh1052_S280R,GOh1052,S280R,-4.695
2844,GOh1052_S280T,GOh1052,S280T,-3.148
2845,GOh1052_S280V,GOh1052,S280V,-6.014
2846,GOh1052_S280W,GOh1052,S280W,-10.288
2847,GOh1052_S280Y,GOh1052,S280Y,-8.715
2848,GOh1052_D281A,GOh1052,D281A,-6.816
2849,GOh1052_D281C,GOh1052,D281C,-13.856
2850,GOh1052_D281E,GOh1052,D281E,-6.719
2851,GOh1052_D281F,GOh1052,D281F,-9.361
2852,GOh1052_D281G,GOh1052,D281G,-4.553
2853,GOh1052_D281H,GOh1052,D281H,-7.319
2854,GOh1052_D281I,GOh1052,D281I,-10.167
2855,GOh1052_D281K,GOh1052,D281K,-5.613
2856,GOh1052_D281L,GOh1052,D281L,-7.729
2857,GOh1052_D281M,GOh1052,D281M,-8.569
2858,GOh1052_D281N,GOh1052,D281N,-1.992
2859,GOh1052_D281P,GOh1052,D281P,-9.922
2860,GOh1052_D281Q,GOh1052,D281Q,-5.846
2861,GOh1052_D281R,GOh1052,D281R,-6.347
2862,GOh1052_D281S,GOh1052,D281S,-5.963
2863,GOh1052_D281T,GOh1052,D281T,-7.954
2864,GOh1052_D281V,GOh1052,D281V,-9.128
2865,GOh1052_D281W,GOh1052,D281W,-10.452
2866,GOh1052_D281Y,GOh1052,D281Y,-8.111
2867,GOh1052_S282A,GOh1052,S282A,-5.128
2868,GOh1052_S282C,GOh1052,S282C,-12.037
2869,GOh1052_S282D,GOh1052,S282D,-7.995
2870,GOh1052_S282E,GOh1052,S282E,-7.093
2871,GOh1052_S282F,GOh1052,S282F,-9.81
2872,GOh1052_S282G,GOh1052,S282G,-7.918
2873,GOh1052_S282H,GOh1052,S282H,-9.049
2874,GOh1052_S282I,GOh1052,S282I,-7.221
2875,GOh1052_S282K,GOh1052,S282K,-4.463
2876,GOh1052_S282L,GOh1052,S282L,-6.884
2877,GOh1052_S282M,GOh1052,S282M,-7.776
2878,GOh1052_S282N,GOh1052,S282N,-6.081
2879,GOh1052_S282P,GOh1052,S282P,-13.26
2880,GOh1052_S282Q,GOh1052,S282Q,-5.015
2881,GOh1052_S282R,GOh1052,S282R,-5.386
2882,GOh1052_S282T,GOh1052,S282T,-3.57
2883,GOh1052_S282V,GOh1052,S282V,-6.637
2884,GOh1052_S282W,GOh1052,S282W,-11.197
2885,GOh1052_S282Y,GOh1052,S282Y,-9.515
2886,GOh1052_W283A,GOh1052,W283A,-13.191
2887,GOh1052_W283C,GOh1052,W283C,-13.462
2888,GOh1052_W283D,GOh1052,W283D,-15.679
2889,GOh1052_W283E,GOh1052,W283E,-15.204
2890,GOh1052_W283F,GOh1052,W283F,-7.225
2891,GOh1052_W283G,GOh1052,W283G,-13.582
2892,GOh1052_W283H,GOh1052,W283H,-14.2
2893,GOh1052_W283I,GOh1052,W283I,-11.459
2894,GOh1052_W283K,GOh1052,W283K,-13.814
2895,GOh1052_W283L,GOh1052,W283L,-10.918
2896,GOh1052_W283M,GOh1052,W283M,-11.838
2897,GOh1052_W283N,GOh1052,W283N,-14.632
2898,GOh1052_W283P,GOh1052,W283P,-14.858
2899,GOh1052_W283Q,GOh1052,W283Q,-14.296
2900,GOh1052_W283R,GOh1052,W283R,-13.036
2901,GOh1052_W283S,GOh1052,W283S,-12.978
2902,GOh1052_W283T,GOh1052,W283T,-13.123
2903,GOh1052_W283V,GOh1052,W283V,-11.922
2904,GOh1052_W283Y,GOh1052,W283Y,-8.647
2905,GOh1052_I284A,GOh1052,I284A,-3.929
2906,GOh1052_I284C,GOh1052,I284C,-10.121
2907,GOh1052_I284D,GOh1052,I284D,-7.013
2908,GOh1052_I284E,GOh1052,I284E,-5.813
2909,GOh1052_I284F,GOh1052,I284F,-5.542
2910,GOh1052_I284G,GOh1052,I284G,-5.299
2911,GOh1052_I284H,GOh1052,I284H,-6.282
2912,GOh1052_I284K,GOh1052,I284K,-3.817
2913,GOh1052_I284L,GOh1052,I284L,-4.396
2914,GOh1052_I284M,GOh1052,I284M,-6.35
2915,GOh1052_I284N,GOh1052,I284N,-5.113
2916,GOh1052_I284P,GOh1052,I284P,-9.216
2917,GOh1052_I284Q,GOh1052,I284Q,-4.468
2918,GOh1052_I284R,GOh1052,I284R,-4.349
2919,GOh1052_I284S,GOh1052,I284S,-1.745
2920,GOh1052_I284T,GOh1052,I284T,-1.695
2921,GOh1052_I284V,GOh1052,I284V,-3.107
2922,GOh1052_I284W,GOh1052,I284W,-8.237
2923,GOh1052_I284Y,GOh1052,I284Y,-5.199
2924,GOh1052_P285A,GOh1052,P285A,-1.364
2925,GOh1052_P285C,GOh1052,P285C,-11.13
2926,GOh1052_P285D,GOh1052,P285D,-3.712
2927,GOh1052_P285E,GOh1052,P285E,-4.209
2928,GOh1052_P285F,GOh1052,P285F,-5.452
2929,GOh1052_P285G,GOh1052,P285G,-4.522
2930,GOh1052_P285H,GOh1052,P285H,-6.108
2931,GOh1052_P285I,GOh1052,P285I,-5.487
2932,GOh1052_P285K,GOh1052,P285K,-2.476
2933,GOh1052_P285L,GOh1052,P285L,-4.826
2934,GOh1052_P285M,GOh1052,P285M,-6.546
2935,GOh1052_P285N,GOh1052,P285N,-3.345
2936,GOh1052_P285Q,GOh1052,P285Q,-1.184
2937,GOh1052_P285R,GOh1052,P285R,-3.104
2938,GOh1052_P285S,GOh1052,P285S,-2.296
2939,GOh1052_P285T,GOh1052,P285T,-2.949
2940,GOh1052_P285V,GOh1052,P285V,-4.425
2941,GOh1052_P285W,GOh1052,P285W,-5.959
2942,GOh1052_P285Y,GOh1052,P285Y,-3.902
2943,GOh1052_G286A,GOh1052,G286A,-4.973
2944,GOh1052_G286C,GOh1052,G286C,-14.265
2945,GOh1052_G286D,GOh1052,G286D,-11.255
2946,GOh1052_G286E,GOh1052,G286E,-10.932
2947,GOh1052_G286F,GOh1052,G286F,-12.825
2948,GOh1052_G286H,GOh1052,G286H,-12.293
2949,GOh1052_G286I,GOh1052,G286I,-11.672
2950,GOh1052_G286K,GOh1052,G286K,-10.094
2951,GOh1052_G286L,GOh1052,G286L,-10.052
2952,GOh1052_G286M,GOh1052,G286M,-11.104
2953,GOh1052_G286N,GOh1052,G286N,-10.674
2954,GOh1052_G286P,GOh1052,G286P,-11.906
2955,GOh1052_G286Q,GOh1052,G286Q,-9.878
2956,GOh1052_G286R,GOh1052,G286R,-10.301
2957,GOh1052_G286S,GOh1052,G286S,-7.726
2958,GOh1052_G286T,GOh1052,G286T,-8.863
2959,GOh1052_G286V,GOh1052,G286V,-10.14
2960,GOh1052_G286W,GOh1052,G286W,-13.964
2961,GOh1052_G286Y,GOh1052,G286Y,-11.988
2962,GOh1052_P287A,GOh1052,P287A,-4.109
2963,GOh1052_P287C,GOh1052,P287C,-13.486
2964,GOh1052_P287D,GOh1052,P287D,-5.494
2965,GOh1052_P287E,GOh1052,P287E,-6.697
2966,GOh1052_P287F,GOh1052,P287F,-9.438
2967,GOh1052_P287G,GOh1052,P287G,-6.283
2968,GOh1052_P287H,GOh1052,P287H,-9.258
2969,GOh1052_P287I,GOh1052,P287I,-7.844
2970,GOh1052_P287K,GOh1052,P287K,-6.405
2971,GOh1052_P287L,GOh1052,P287L,-7.014
2972,GOh1052_P287M,GOh1052,P287M,-9.595
2973,GOh1052_P287N,GOh1052,P287N,-5.581
2974,GOh1052_P287Q,GOh1052,P287Q,-6.301
2975,GOh1052_P287R,GOh1052,P287R,-7.398
2976,GOh1052_P287S,GOh1052,P287S,-5.074
2977,GOh1052_P287T,GOh1052,P287T,-4.321
2978,GOh1052_P287V,GOh1052,P287V,-6.602
2979,GOh1052_P287W,GOh1052,P287W,-11.093
2980,GOh1052_P287Y,GOh1052,P287Y,-8.948
2981,GOh1052_D288A,GOh1052,D288A,-6.167
2982,GOh1052_D288C,GOh1052,D288C,-14.333
2983,GOh1052_D288E,GOh1052,D288E,-6.752
2984,GOh1052_D288F,GOh1052,D288F,-9.857
2985,GOh1052_D288G,GOh1052,D288G,-7.231
2986,GOh1052_D288H,GOh1052,D288H,-9.755
2987,GOh1052_D288I,GOh1052,D288I,-9.705
2988,GOh1052_D288K,GOh1052,D288K,-8.034
2989,GOh1052_D288L,GOh1052,D288L,-8.164
2990,GOh1052_D288M,GOh1052,D288M,-10.413
2991,GOh1052_D288N,GOh1052,D288N,-4.565
2992,GOh1052_D288P,GOh1052,D288P,-6.296
2993,GOh1052_D288Q,GOh1052,D288Q,-7.783
2994,GOh1052_D288R,GOh1052,D288R,-8.884
2995,GOh1052_D288S,GOh1052,D288S,-5.051
2996,GOh1052_D288T,GOh1052,D288T,-6.934
2997,GOh1052_D288V,GOh1052,D288V,-8.634
2998,GOh1052_D288W,GOh1052,D288W,-11.382
2999,GOh1052_D288Y,GOh1052,D288Y,-9.47
3000,GOh1052_M289A,GOh1052,M289A,-8.876
3001,GOh1052_M289C,GOh1052,M289C,-11.104
3002,GOh1052_M289D,GOh1052,M289D,-13.834
3003,GOh1052_M289E,GOh1052,M289E,-13.379
3004,GOh1052_M289F,GOh1052,M289F,-10.735
3005,GOh1052_M289G,GOh1052,M289G,-11.244
3006,GOh1052_M289H,GOh1052,M289H,-11.295
3007,GOh1052_M289I,GOh1052,M289I,-9.172
3008,GOh1052_M289K,GOh1052,M289K,-13.251
3009,GOh1052_M289L,GOh1052,M289L,-5.991
3010,GOh1052_M289N,GOh1052,M289N,-11.221
3011,GOh1052_M289P,GOh1052,M289P,-11.663
3012,GOh1052_M289Q,GOh1052,M289Q,-9.484
3013,GOh1052_M289R,GOh1052,M289R,-13.411
3014,GOh1052_M289S,GOh1052,M289S,-9.517
3015,GOh1052_M289T,GOh1052,M289T,-8.942
3016,GOh1052_M289V,GOh1052,M289V,-10.658
3017,GOh1052_M289W,GOh1052,M289W,-15.041
3018,GOh1052_M289Y,GOh1052,M289Y,-12.706
3019,GOh1052_Q290A,GOh1052,Q290A,0.802
3020,GOh1052_Q290C,GOh1052,Q290C,-9.228
3021,GOh1052_Q290D,GOh1052,Q290D,-1.988
3022,GOh1052_Q290E,GOh1052,Q290E,-1.812
3023,GOh1052_Q290F,GOh1052,Q290F,-2.39
3024,GOh1052_Q290G,GOh1052,Q290G,-0.833
3025,GOh1052_Q290H,GOh1052,Q290H,-1.111
3026,GOh1052_Q290I,GOh1052,Q290I,-0.915
3027,GOh1052_Q290K,GOh1052,Q290K,2.514
3028,GOh1052_Q290L,GOh1052,Q290L,-0.144
3029,GOh1052_Q290M,GOh1052,Q290M,-2.473
3030,GOh1052_Q290N,GOh1052,Q290N,2.223
3031,GOh1052_Q290P,GOh1052,Q290P,-5.026
3032,GOh1052_Q290R,GOh1052,Q290R,-0.487
3033,GOh1052_Q290S,GOh1052,Q290S,0.49
3034,GOh1052_Q290T,GOh1052,Q290T,0.142
3035,GOh1052_Q290V,GOh1052,Q290V,0.015
3036,GOh1052_Q290W,GOh1052,Q290W,-5.264
3037,GOh1052_Q290Y,GOh1052,Q290Y,-2.513
3038,GOh1052_V291A,GOh1052,V291A,-8.359
3039,GOh1052_V291C,GOh1052,V291C,-13.076
3040,GOh1052_V291D,GOh1052,V291D,-11.077
3041,GOh1052_V291E,GOh1052,V291E,-9.763
3042,GOh1052_V291F,GOh1052,V291F,-7.524
3043,GOh1052_V291G,GOh1052,V291G,-10.597
3044,GOh1052_V291H,GOh1052,V291H,-9.052
3045,GOh1052_V291I,GOh1052,V291I,-3.408
3046,GOh1052_V291K,GOh1052,V291K,-6.101
3047,GOh1052_V291L,GOh1052,V291L,-5.191
3048,GOh1052_V291M,GOh1052,V291M,-5.339
3049,GOh1052_V291N,GOh1052,V291N,-8.441
3050,GOh1052_V291P,GOh1052,V291P,-12.081
3051,GOh1052_V291Q,GOh1052,V291Q,-7.055
3052,GOh1052_V291R,GOh1052,V291R,-8.435
3053,GOh1052_V291S,GOh1052,V291S,-8.511
3054,GOh1052_V291T,GOh1052,V291T,-6.994
3055,GOh1052_V291W,GOh1052,V291W,-10.185
3056,GOh1052_V291Y,GOh1052,V291Y,-7.029
3057,GOh1052_A292C,GOh1052,A292C,-13.474
3058,GOh1052_A292D,GOh1052,A292D,-8.771
3059,GOh1052_A292E,GOh1052,A292E,-6.307
3060,GOh1052_A292F,GOh1052,A292F,-11.013
3061,GOh1052_A292G,GOh1052,A292G,-4.004
3062,GOh1052_A292H,GOh1052,A292H,-10.385
3063,GOh1052_A292I,GOh1052,A292I,-10.422
3064,GOh1052_A292K,GOh1052,A292K,-8.27
3065,GOh1052_A292L,GOh1052,A292L,-10.337
3066,GOh1052_A292M,GOh1052,A292M,-10.427
3067,GOh1052_A292N,GOh1052,A292N,-8.799
3068,GOh1052_A292P,GOh1052,A292P,-4.483
3069,GOh1052_A292Q,GOh1052,A292Q,-7.544
3070,GOh1052_A292R,GOh1052,A292R,-8.631
3071,GOh1052_A292S,GOh1052,A292S,-6.596
3072,GOh1052_A292T,GOh1052,A292T,-7.965
3073,GOh1052_A292V,GOh1052,A292V,-8.743
3074,GOh1052_A292W,GOh1052,A292W,-10.897
3075,GOh1052_A292Y,GOh1052,A292Y,-10.393
3076,GOh1052_R293A,GOh1052,R293A,-12.799
3077,GOh1052_R293C,GOh1052,R293C,-11.821
3078,GOh1052_R293D,GOh1052,R293D,-13.897
3079,GOh1052_R293E,GOh1052,R293E,-13.421
3080,GOh1052_R293F,GOh1052,R293F,-14.589
3081,GOh1052_R293G,GOh1052,R293G,-11.493
3082,GOh1052_R293H,GOh1052,R293H,-9.023
3083,GOh1052_R293I,GOh1052,R293I,-11.914
3084,GOh1052_R293K,GOh1052,R293K,-8.859
3085,GOh1052_R293L,GOh1052,R293L,-11.519
3086,GOh1052_R293M,GOh1052,R293M,-12.846
3087,GOh1052_R293N,GOh1052,R293N,-11.849
3088,GOh1052_R293P,GOh1052,R293P,-12.624
3089,GOh1052_R293Q,GOh1052,R293Q,-11.779
3090,GOh1052_R293S,GOh1052,R293S,-11.044
3091,GOh1052_R293T,GOh1052,R293T,-12.273
3092,GOh1052_R293V,GOh1052,R293V,-13.473
3093,GOh1052_R293W,GOh1052,R293W,-12.767
3094,GOh1052_R293Y,GOh1052,R293Y,-12.414
3095,GOh1052_G294A,GOh1052,G294A,-6.268
3096,GOh1052_G294C,GOh1052,G294C,-11.097
3097,GOh1052_G294D,GOh1052,G294D,-11.049
3098,GOh1052_G294E,GOh1052,G294E,-12.568
3099,GOh1052_G294F,GOh1052,G294F,-13.967
3100,GOh1052_G294H,GOh1052,G294H,-13.942
3101,GOh1052_G294I,GOh1052,G294I,-14.408
3102,GOh1052_G294K,GOh1052,G294K,-14.135
3103,GOh1052_G294L,GOh1052,G294L,-13.596
3104,GOh1052_G294M,GOh1052,G294M,-13.768
3105,GOh1052_G294N,GOh1052,G294N,-11.542
3106,GOh1052_G294P,GOh1052,G294P,-16.16
3107,GOh1052_G294Q,GOh1052,G294Q,-12.848
3108,GOh1052_G294R,GOh1052,G294R,-12.923
3109,GOh1052_G294S,GOh1052,G294S,-8.672
3110,GOh1052_G294T,GOh1052,G294T,-12.193
3111,GOh1052_G294V,GOh1052,G294V,-12.579
3112,GOh1052_G294W,GOh1052,G294W,-14.422
3113,GOh1052_G294Y,GOh1052,G294Y,-12.66
3114,GOh1052_Y295A,GOh1052,Y295A,-12.93
3115,GOh1052_Y295C,GOh1052,Y295C,-10.362
3116,GOh1052_Y295D,GOh1052,Y295D,-10.95
3117,GOh1052_Y295E,GOh1052,Y295E,-12.481
3118,GOh1052_Y295F,GOh1052,Y295F,-10.678
3119,GOh1052_Y295G,GOh1052,Y295G,-13.595
3120,GOh1052_Y295H,GOh1052,Y295H,-10.721
3121,GOh1052_Y295I,GOh1052,Y295I,-15.056
3122,GOh1052_Y295K,GOh1052,Y295K,-14.365
3123,GOh1052_Y295L,GOh1052,Y295L,-12.908
3124,GOh1052_Y295M,GOh1052,Y295M,-13.5
3125,GOh1052_Y295N,GOh1052,Y295N,-11.717
3126,GOh1052_Y295P,GOh1052,Y295P,-15.681
3127,GOh1052_Y295Q,GOh1052,Y295Q,-12.284
3128,GOh1052_Y295R,GOh1052,Y295R,-14.092
3129,GOh1052_Y295S,GOh1052,Y295S,-12.068
3130,GOh1052_Y295T,GOh1052,Y295T,-14.356
3131,GOh1052_Y295V,GOh1052,Y295V,-13.715
3132,GOh1052_Y295W,GOh1052,Y295W,-11.569
3133,GOh1052_Q296A,GOh1052,Q296A,-10.684
3134,GOh1052_Q296C,GOh1052,Q296C,-13.171
3135,GOh1052_Q296D,GOh1052,Q296D,-13.073
3136,GOh1052_Q296E,GOh1052,Q296E,-10.187
3137,GOh1052_Q296F,GOh1052,Q296F,-13.797
3138,GOh1052_Q296G,GOh1052,Q296G,-11.483
3139,GOh1052_Q296H,GOh1052,Q296H,-8.066
3140,GOh1052_Q296I,GOh1052,Q296I,-13.157
3141,GOh1052_Q296K,GOh1052,Q296K,-13.096
3142,GOh1052_Q296L,GOh1052,Q296L,-10.477
3143,GOh1052_Q296M,GOh1052,Q296M,-11.333
3144,GOh1052_Q296N,GOh1052,Q296N,-10.567
3145,GOh1052_Q296P,GOh1052,Q296P,-10.77
3146,GOh1052_Q296R,GOh1052,Q296R,-13.901
3147,GOh1052_Q296S,GOh1052,Q296S,-10.613
3148,GOh1052_Q296T,GOh1052,Q296T,-11.098
3149,GOh1052_Q296V,GOh1052,Q296V,-11.694
3150,GOh1052_Q296W,GOh1052,Q296W,-17.009
3151,GOh1052_Q296Y,GOh1052,Q296Y,-13.961
3152,GOh1052_S297A,GOh1052,S297A,-4.509
3153,GOh1052_S297C,GOh1052,S297C,-9.571
3154,GOh1052_S297D,GOh1052,S297D,-11.483
3155,GOh1052_S297E,GOh1052,S297E,-12.338
3156,GOh1052_S297F,GOh1052,S297F,-13.391
3157,GOh1052_S297G,GOh1052,S297G,-5.979
3158,GOh1052_S297H,GOh1052,S297H,-12.322
3159,GOh1052_S297I,GOh1052,S297I,-12.965
3160,GOh1052_S297K,GOh1052,S297K,-12.493
3161,GOh1052_S297L,GOh1052,S297L,-12.983
3162,GOh1052_S297M,GOh1052,S297M,-11.815
3163,GOh1052_S297N,GOh1052,S297N,-8.937
3164,GOh1052_S297P,GOh1052,S297P,-11.357
3165,GOh1052_S297Q,GOh1052,S297Q,-11.058
3166,GOh1052_S297R,GOh1052,S297R,-13.05
3167,GOh1052_S297T,GOh1052,S297T,-6.144
3168,GOh1052_S297V,GOh1052,S297V,-10.752
3169,GOh1052_S297W,GOh1052,S297W,-15.53
3170,GOh1052_S297Y,GOh1052,S297Y,-13.404
3171,GOh1052_S298A,GOh1052,S298A,-5.719
3172,GOh1052_S298C,GOh1052,S298C,-7.378
3173,GOh1052_S298D,GOh1052,S298D,-9.81
3174,GOh1052_S298E,GOh1052,S298E,-10.747
3175,GOh1052_S298F,GOh1052,S298F,-12.103
3176,GOh1052_S298G,GOh1052,S298G,-8.477
3177,GOh1052_S298H,GOh1052,S298H,-9.786
3178,GOh1052_S298I,GOh1052,S298I,-8.993
3179,GOh1052_S298K,GOh1052,S298K,-12.316
3180,GOh1052_S298L,GOh1052,S298L,-8.838
3181,GOh1052_S298M,GOh1052,S298M,-7.218
3182,GOh1052_S298N,GOh1052,S298N,-4.954
3183,GOh1052_S298P,GOh1052,S298P,-11.725
3184,GOh1052_S298Q,GOh1052,S298Q,-6.557
3185,GOh1052_S298R,GOh1052,S298R,-13.592
3186,GOh1052_S298T,GOh1052,S298T,-5.179
3187,GOh1052_S298V,GOh1052,S298V,-7.725
3188,GOh1052_S298W,GOh1052,S298W,-14.574
3189,GOh1052_S298Y,GOh1052,S298Y,-12.978
3190,GOh1052_A299C,GOh1052,A299C,-4.839
3191,GOh1052_A299D,GOh1052,A299D,-10.798
3192,GOh1052_A299E,GOh1052,A299E,-11.486
3193,GOh1052_A299F,GOh1052,A299F,-11.785
3194,GOh1052_A299G,GOh1052,A299G,-8.73
3195,GOh1052_A299H,GOh1052,A299H,-12.208
3196,GOh1052_A299I,GOh1052,A299I,-7.85
3197,GOh1052_A299K,GOh1052,A299K,-14.344
3198,GOh1052_A299L,GOh1052,A299L,-10.206
3199,GOh1052_A299M,GOh1052,A299M,-10.903
3200,GOh1052_A299N,GOh1052,A299N,-8.668
3201,GOh1052_A299P,GOh1052,A299P,-12.563
3202,GOh1052_A299Q,GOh1052,A299Q,-11.755
3203,GOh1052_A299R,GOh1052,A299R,-14.051
3204,GOh1052_A299S,GOh1052,A299S,-5.631
3205,GOh1052_A299T,GOh1052,A299T,-3.802
3206,GOh1052_A299V,GOh1052,A299V,-4.654
3207,GOh1052_A299W,GOh1052,A299W,-13.025
3208,GOh1052_A299Y,GOh1052,A299Y,-12.605
3209,GOh1052_T300A,GOh1052,T300A,-9.292
3210,GOh1052_T300C,GOh1052,T300C,-13.613
3211,GOh1052_T300D,GOh1052,T300D,-13.429
3212,GOh1052_T300E,GOh1052,T300E,-12.212
3213,GOh1052_T300F,GOh1052,T300F,-9.806
3214,GOh1052_T300G,GOh1052,T300G,-11.207
3215,GOh1052_T300H,GOh1052,T300H,-11.248
3216,GOh1052_T300I,GOh1052,T300I,-8.414
3217,GOh1052_T300K,GOh1052,T300K,-10.087
3218,GOh1052_T300L,GOh1052,T300L,-8.212
3219,GOh1052_T300M,GOh1052,T300M,-9.034
3220,GOh1052_T300N,GOh1052,T300N,-9.463
3221,GOh1052_T300P,GOh1052,T300P,-11.347
3222,GOh1052_T300Q,GOh1052,T300Q,-10.849
3223,GOh1052_T300R,GOh1052,T300R,-9.939
3224,GOh1052_T300S,GOh1052,T300S,-8.012
3225,GOh1052_T300V,GOh1052,T300V,-7.929
3226,GOh1052_T300W,GOh1052,T300W,-12.439
3227,GOh1052_T300Y,GOh1052,T300Y,-11.097
3228,GOh1052_M301A,GOh1052,M301A,-0.895
3229,GOh1052_M301C,GOh1052,M301C,-2.245
3230,GOh1052_M301D,GOh1052,M301D,-8.003
3231,GOh1052_M301E,GOh1052,M301E,-9.791
3232,GOh1052_M301F,GOh1052,M301F,-6.972
3233,GOh1052_M301G,GOh1052,M301G,-5.052
3234,GOh1052_M301H,GOh1052,M301H,-8.137
3235,GOh1052_M301I,GOh1052,M301I,-3.539
3236,GOh1052_M301K,GOh1052,M301K,-9.083
3237,GOh1052_M301L,GOh1052,M301L,1.472
3238,GOh1052_M301N,GOh1052,M301N,-5.002
3239,GOh1052_M301P,GOh1052,M301P,-8.728
3240,GOh1052_M301Q,GOh1052,M301Q,-7.01
3241,GOh1052_M301R,GOh1052,M301R,-7.919
3242,GOh1052_M301S,GOh1052,M301S,-3.717
3243,GOh1052_M301T,GOh1052,M301T,-1.421
3244,GOh1052_M301V,GOh1052,M301V,-2.266
3245,GOh1052_M301W,GOh1052,M301W,-10.094
3246,GOh1052_M301Y,GOh1052,M301Y,-8.056
3247,GOh1052_S302A,GOh1052,S302A,-6.992
3248,GOh1052_S302C,GOh1052,S302C,-12.394
3249,GOh1052_S302D,GOh1052,S302D,-9.112
3250,GOh1052_S302E,GOh1052,S302E,-9.699
3251,GOh1052_S302F,GOh1052,S302F,-11.339
3252,GOh1052_S302G,GOh1052,S302G,-7.062
3253,GOh1052_S302H,GOh1052,S302H,-10.876
3254,GOh1052_S302I,GOh1052,S302I,-10.889
3255,GOh1052_S302K,GOh1052,S302K,-9.449
3256,GOh1052_S302L,GOh1052,S302L,-9.715
3257,GOh1052_S302M,GOh1052,S302M,-10.73
3258,GOh1052_S302N,GOh1052,S302N,-8.588
3259,GOh1052_S302P,GOh1052,S302P,-8.915
3260,GOh1052_S302Q,GOh1052,S302Q,-9.262
3261,GOh1052_S302R,GOh1052,S302R,-10.204
3262,GOh1052_S302T,GOh1052,S302T,-6.653
3263,GOh1052_S302V,GOh1052,S302V,-10.335
3264,GOh1052_S302W,GOh1052,S302W,-11.494
3265,GOh1052_S302Y,GOh1052,S302Y,-10.73
3266,GOh1052_D303A,GOh1052,D303A,-12.549
3267,GOh1052_D303C,GOh1052,D303C,-14.582
3268,GOh1052_D303E,GOh1052,D303E,-11.407
3269,GOh1052_D303F,GOh1052,D303F,-15.721
3270,GOh1052_D303G,GOh1052,D303G,-10.344
3271,GOh1052_D303H,GOh1052,D303H,-13.878
3272,GOh1052_D303I,GOh1052,D303I,-14.548
3273,GOh1052_D303K,GOh1052,D303K,-13.531
3274,GOh1052_D303L,GOh1052,D303L,-14.785
3275,GOh1052_D303M,GOh1052,D303M,-16.205
3276,GOh1052_D303N,GOh1052,D303N,-7.426
3277,GOh1052_D303P,GOh1052,D303P,-14.785
3278,GOh1052_D303Q,GOh1052,D303Q,-13.497
3279,GOh1052_D303R,GOh1052,D303R,-14.021
3280,GOh1052_D303S,GOh1052,D303S,-9.524
3281,GOh1052_D303T,GOh1052,D303T,-10.048
3282,GOh1052_D303V,GOh1052,D303V,-13.822
3283,GOh1052_D303W,GOh1052,D303W,-16.29
3284,GOh1052_D303Y,GOh1052,D303Y,-13.637
3285,GOh1052_G304A,GOh1052,G304A,-10.301
3286,GOh1052_G304C,GOh1052,G304C,-12.631
3287,GOh1052_G304D,GOh1052,G304D,-8.736
3288,GOh1052_G304E,GOh1052,G304E,-9.706
3289,GOh1052_G304F,GOh1052,G304F,-13.637
3290,GOh1052_G304H,GOh1052,G304H,-12.3
3291,GOh1052_G304I,GOh1052,G304I,-15.961
3292,GOh1052_G304K,GOh1052,G304K,-10.066
3293,GOh1052_G304L,GOh1052,G304L,-11.911
3294,GOh1052_G304M,GOh1052,G304M,-12.69
3295,GOh1052_G304N,GOh1052,G304N,-8.844
3296,GOh1052_G304P,GOh1052,G304P,-17.404
3297,GOh1052_G304Q,GOh1052,G304Q,-9.574
3298,GOh1052_G304R,GOh1052,G304R,-10.34
3299,GOh1052_G304S,GOh1052,G304S,-9.231
3300,GOh1052_G304T,GOh1052,G304T,-11.72
3301,GOh1052_G304V,GOh1052,G304V,-14.133
3302,GOh1052_G304W,GOh1052,G304W,-13.033
3303,GOh1052_G304Y,GOh1052,G304Y,-12.845
3304,GOh1052_R305A,GOh1052,R305A,-9.77
3305,GOh1052_R305C,GOh1052,R305C,-11.643
3306,GOh1052_R305D,GOh1052,R305D,-9.196
3307,GOh1052_R305E,GOh1052,R305E,-9.673
3308,GOh1052_R305F,GOh1052,R305F,-12.576
3309,GOh1052_R305G,GOh1052,R305G,-9.262
3310,GOh1052_R305H,GOh1052,R305H,-9.777
3311,GOh1052_R305I,GOh1052,R305I,-13.185
3312,GOh1052_R305K,GOh1052,R305K,-6.167
3313,GOh1052_R305L,GOh1052,R305L,-10.411
3314,GOh1052_R305M,GOh1052,R305M,-10.272
3315,GOh1052_R305N,GOh1052,R305N,-7.239
3316,GOh1052_R305P,GOh1052,R305P,-14.957
3317,GOh1052_R305Q,GOh1052,R305Q,-7.614
3318,GOh1052_R305S,GOh1052,R305S,-6.342
3319,GOh1052_R305T,GOh1052,R305T,-6.327
3320,GOh1052_R305V,GOh1052,R305V,-12.38
3321,GOh1052_R305W,GOh1052,R305W,-11.863
3322,GOh1052_R305Y,GOh1052,R305Y,-11.074
3323,GOh1052_V306A,GOh1052,V306A,-8.353
3324,GOh1052_V306C,GOh1052,V306C,-13.565
3325,GOh1052_V306D,GOh1052,V306D,-13.357
3326,GOh1052_V306E,GOh1052,V306E,-12.079
3327,GOh1052_V306F,GOh1052,V306F,-6.244
3328,GOh1052_V306G,GOh1052,V306G,-11.756
3329,GOh1052_V306H,GOh1052,V306H,-11.023
3330,GOh1052_V306I,GOh1052,V306I,-3.479
3331,GOh1052_V306K,GOh1052,V306K,-12.743
3332,GOh1052_V306L,GOh1052,V306L,-7.767
3333,GOh1052_V306M,GOh1052,V306M,-7.349
3334,GOh1052_V306N,GOh1052,V306N,-11.333
3335,GOh1052_V306P,GOh1052,V306P,-12.276
3336,GOh1052_V306Q,GOh1052,V306Q,-10.394
3337,GOh1052_V306R,GOh1052,V306R,-12.464
3338,GOh1052_V306S,GOh1052,V306S,-9.638
3339,GOh1052_V306T,GOh1052,V306T,-8.209
3340,GOh1052_V306W,GOh1052,V306W,-10.367
3341,GOh1052_V306Y,GOh1052,V306Y,-8.557
3342,GOh1052_F307A,GOh1052,F307A,-12.758
3343,GOh1052_F307C,GOh1052,F307C,-13.718
3344,GOh1052_F307D,GOh1052,F307D,-15.874
3345,GOh1052_F307E,GOh1052,F307E,-15.655
3346,GOh1052_F307G,GOh1052,F307G,-15.058
3347,GOh1052_F307H,GOh1052,F307H,-13.433
3348,GOh1052_F307I,GOh1052,F307I,-10.464
3349,GOh1052_F307K,GOh1052,F307K,-17.603
3350,GOh1052_F307L,GOh1052,F307L,-7.954
3351,GOh1052_F307M,GOh1052,F307M,-10.067
3352,GOh1052_F307N,GOh1052,F307N,-16.174
3353,GOh1052_F307P,GOh1052,F307P,-15.938
3354,GOh1052_F307Q,GOh1052,F307Q,-15.519
3355,GOh1052_F307R,GOh1052,F307R,-16.458
3356,GOh1052_F307S,GOh1052,F307S,-13.364
3357,GOh1052_F307T,GOh1052,F307T,-13.536
3358,GOh1052_F307V,GOh1052,F307V,-10.242
3359,GOh1052_F307W,GOh1052,F307W,-9.685
3360,GOh1052_F307Y,GOh1052,F307Y,-8.137
3361,GOh1052_T308A,GOh1052,T308A,-6.893
3362,GOh1052_T308C,GOh1052,T308C,-9.082
3363,GOh1052_T308D,GOh1052,T308D,-8.707
3364,GOh1052_T308E,GOh1052,T308E,-9.667
3365,GOh1052_T308F,GOh1052,T308F,-11.796
3366,GOh1052_T308G,GOh1052,T308G,-11.428
3367,GOh1052_T308H,GOh1052,T308H,-10.89
3368,GOh1052_T308I,GOh1052,T308I,-7.665
3369,GOh1052_T308K,GOh1052,T308K,-11.082
3370,GOh1052_T308L,GOh1052,T308L,-9.173
3371,GOh1052_T308M,GOh1052,T308M,-9.204
3372,GOh1052_T308N,GOh1052,T308N,-5.147
3373,GOh1052_T308P,GOh1052,T308P,-15.103
3374,GOh1052_T308Q,GOh1052,T308Q,-10.073
3375,GOh1052_T308R,GOh1052,T308R,-12.6
3376,GOh1052_T308S,GOh1052,T308S,-6.337
3377,GOh1052_T308V,GOh1052,T308V,-5.087
3378,GOh1052_T308W,GOh1052,T308W,-13.965
3379,GOh1052_T308Y,GOh1052,T308Y,-11.849
3380,GOh1052_I309A,GOh1052,I309A,-9.666
3381,GOh1052_I309C,GOh1052,I309C,-10.732
3382,GOh1052_I309D,GOh1052,I309D,-12.241
3383,GOh1052_I309E,GOh1052,I309E,-12.698
3384,GOh1052_I309F,GOh1052,I309F,-8.783
3385,GOh1052_I309G,GOh1052,I309G,-11.745
3386,GOh1052_I309H,GOh1052,I309H,-11.109
3387,GOh1052_I309K,GOh1052,I309K,-14.238
3388,GOh1052_I309L,GOh1052,I309L,-4.866
3389,GOh1052_I309M,GOh1052,I309M,-6.868
3390,GOh1052_I309N,GOh1052,I309N,-9.797
3391,GOh1052_I309P,GOh1052,I309P,-11.826
3392,GOh1052_I309Q,GOh1052,I309Q,-10.885
3393,GOh1052_I309R,GOh1052,I309R,-15.158
3394,GOh1052_I309S,GOh1052,I309S,-9.205
3395,GOh1052_I309T,GOh1052,I309T,-7.045
3396,GOh1052_I309V,GOh1052,I309V,-6.347
3397,GOh1052_I309W,GOh1052,I309W,-13.827
3398,GOh1052_I309Y,GOh1052,I309Y,-12.209
3399,GOh1052_G310A,GOh1052,G310A,-9.745
3400,GOh1052_G310C,GOh1052,G310C,-11.197
3401,GOh1052_G310D,GOh1052,G310D,-12.126
3402,GOh1052_G310E,GOh1052,G310E,-13.636
3403,GOh1052_G310F,GOh1052,G310F,-15.524
3404,GOh1052_G310H,GOh1052,G310H,-14.497
3405,GOh1052_G310I,GOh1052,G310I,-15.052
3406,GOh1052_G310K,GOh1052,G310K,-16.336
3407,GOh1052_G310L,GOh1052,G310L,-13.774
3408,GOh1052_G310M,GOh1052,G310M,-14.97
3409,GOh1052_G310N,GOh1052,G310N,-13.195
3410,GOh1052_G310P,GOh1052,G310P,-13.909
3411,GOh1052_G310Q,GOh1052,G310Q,-14.516
3412,GOh1052_G310R,GOh1052,G310R,-14.836
3413,GOh1052_G310S,GOh1052,G310S,-9.649
3414,GOh1052_G310T,GOh1052,G310T,-12.349
3415,GOh1052_G310V,GOh1052,G310V,-14.814
3416,GOh1052_G310W,GOh1052,G310W,-16.259
3417,GOh1052_G310Y,GOh1052,G310Y,-16.075
3418,GOh1052_G311A,GOh1052,G311A,-11.12
3419,GOh1052_G311C,GOh1052,G311C,-13.037
3420,GOh1052_G311D,GOh1052,G311D,-11.622
3421,GOh1052_G311E,GOh1052,G311E,-12.917
3422,GOh1052_G311F,GOh1052,G311F,-15.131
3423,GOh1052_G311H,GOh1052,G311H,-14.664
3424,GOh1052_G311I,GOh1052,G311I,-14.549
3425,GOh1052_G311K,GOh1052,G311K,-14.946
3426,GOh1052_G311L,GOh1052,G311L,-14.501
3427,GOh1052_G311M,GOh1052,G311M,-15.25
3428,GOh1052_G311N,GOh1052,G311N,-13.535
3429,GOh1052_G311P,GOh1052,G311P,-15.148
3430,GOh1052_G311Q,GOh1052,G311Q,-14.945
3431,GOh1052_G311R,GOh1052,G311R,-12.682
3432,GOh1052_G311S,GOh1052,G311S,-11.051
3433,GOh1052_G311T,GOh1052,G311T,-14.617
3434,GOh1052_G311V,GOh1052,G311V,-13.294
3435,GOh1052_G311W,GOh1052,G311W,-14.463
3436,GOh1052_G311Y,GOh1052,G311Y,-14.957
3437,GOh1052_S312A,GOh1052,S312A,-10.119
3438,GOh1052_S312C,GOh1052,S312C,-11.152
3439,GOh1052_S312D,GOh1052,S312D,-12.165
3440,GOh1052_S312E,GOh1052,S312E,-13.833
3441,GOh1052_S312F,GOh1052,S312F,-14.534
3442,GOh1052_S312G,GOh1052,S312G,-10.28
3443,GOh1052_S312H,GOh1052,S312H,-14.039
3444,GOh1052_S312I,GOh1052,S312I,-14.436
3445,GOh1052_S312K,GOh1052,S312K,-15.37
3446,GOh1052_S312L,GOh1052,S312L,-13.431
3447,GOh1052_S312M,GOh1052,S312M,-14.179
3448,GOh1052_S312N,GOh1052,S312N,-10.791
3449,GOh1052_S312P,GOh1052,S312P,-14.508
3450,GOh1052_S312Q,GOh1052,S312Q,-13.574
3451,GOh1052_S312R,GOh1052,S312R,-14.747
3452,GOh1052_S312T,GOh1052,S312T,-7.301
3453,GOh1052_S312V,GOh1052,S312V,-12.8
3454,GOh1052_S312W,GOh1052,S312W,-15.2
3455,GOh1052_S312Y,GOh1052,S312Y,-14.422
3456,GOh1052_F313A,GOh1052,F313A,-9.716
3457,GOh1052_F313C,GOh1052,F313C,-8.855
3458,GOh1052_F313D,GOh1052,F313D,-10.68
3459,GOh1052_F313E,GOh1052,F313E,-11.808
3460,GOh1052_F313G,GOh1052,F313G,-8.693
3461,GOh1052_F313H,GOh1052,F313H,-7.163
3462,GOh1052_F313I,GOh1052,F313I,-10.559
3463,GOh1052_F313K,GOh1052,F313K,-10.983
3464,GOh1052_F313L,GOh1052,F313L,-8.218
3465,GOh1052_F313M,GOh1052,F313M,-8.884
3466,GOh1052_F313N,GOh1052,F313N,-9.325
3467,GOh1052_F313P,GOh1052,F313P,-10.423
3468,GOh1052_F313Q,GOh1052,F313Q,-10.237
3469,GOh1052_F313R,GOh1052,F313R,-8.68
3470,GOh1052_F313S,GOh1052,F313S,-8.758
3471,GOh1052_F313T,GOh1052,F313T,-9.994
3472,GOh1052_F313V,GOh1052,F313V,-10.204
3473,GOh1052_F313W,GOh1052,F313W,0.968
3474,GOh1052_F313Y,GOh1052,F313Y,-3.718
3475,GOh1052_S314A,GOh1052,S314A,-7.838
3476,GOh1052_S314C,GOh1052,S314C,-12.968
3477,GOh1052_S314D,GOh1052,S314D,-7.182
3478,GOh1052_S314E,GOh1052,S314E,-8.237
3479,GOh1052_S314F,GOh1052,S314F,-10.007
3480,GOh1052_S314G,GOh1052,S314G,-8.223
3481,GOh1052_S314H,GOh1052,S314H,-9.873
3482,GOh1052_S314I,GOh1052,S314I,-10.334
3483,GOh1052_S314K,GOh1052,S314K,-9.113
3484,GOh1052_S314L,GOh1052,S314L,-9.749
3485,GOh1052_S314M,GOh1052,S314M,-10.435
3486,GOh1052_S314N,GOh1052,S314N,-6.527
3487,GOh1052_S314P,GOh1052,S314P,-10.284
3488,GOh1052_S314Q,GOh1052,S314Q,-8.921
3489,GOh1052_S314R,GOh1052,S314R,-9.744
3490,GOh1052_S314T,GOh1052,S314T,-5.664
3491,GOh1052_S314V,GOh1052,S314V,-9.155
3492,GOh1052_S314W,GOh1052,S314W,-10.508
3493,GOh1052_S314Y,GOh1052,S314Y,-9.655
3494,GOh1052_G315A,GOh1052,G315A,-8.391
3495,GOh1052_G315C,GOh1052,G315C,-11.349
3496,GOh1052_G315D,GOh1052,G315D,-6.913
3497,GOh1052_G315E,GOh1052,G315E,-9.074
3498,GOh1052_G315F,GOh1052,G315F,-11.807
3499,GOh1052_G315H,GOh1052,G315H,-9.995
3500,GOh1052_G315I,GOh1052,G315I,-12.857
3501,GOh1052_G315K,GOh1052,G315K,-8.906
3502,GOh1052_G315L,GOh1052,G315L,-11.285
3503,GOh1052_G315M,GOh1052,G315M,-12.36
3504,GOh1052_G315N,GOh1052,G315N,-6.841
3505,GOh1052_G315P,GOh1052,G315P,-9.983
3506,GOh1052_G315Q,GOh1052,G315Q,-10.11
3507,GOh1052_G315R,GOh1052,G315R,-9.479
3508,GOh1052_G315S,GOh1052,G315S,-7.84
3509,GOh1052_G315T,GOh1052,G315T,-10.016
3510,GOh1052_G315V,GOh1052,G315V,-11.187
3511,GOh1052_G315W,GOh1052,G315W,-11.888
3512,GOh1052_G315Y,GOh1052,G315Y,-11.237
3513,GOh1052_G316A,GOh1052,G316A,-6.878
3514,GOh1052_G316C,GOh1052,G316C,-11.531
3515,GOh1052_G316D,GOh1052,G316D,-7.263
3516,GOh1052_G316E,GOh1052,G316E,-8.547
3517,GOh1052_G316F,GOh1052,G316F,-9.925
3518,GOh1052_G316H,GOh1052,G316H,-10.284
3519,GOh1052_G316I,GOh1052,G316I,-10.502
3520,GOh1052_G316K,GOh1052,G316K,-8.362
3521,GOh1052_G316L,GOh1052,G316L,-9.869
3522,GOh1052_G316M,GOh1052,G316M,-10.953
3523,GOh1052_G316N,GOh1052,G316N,-7.391
3524,GOh1052_G316P,GOh1052,G316P,-7.346
3525,GOh1052_G316Q,GOh1052,G316Q,-8.873
3526,GOh1052_G316R,GOh1052,G316R,-9.002
3527,GOh1052_G316S,GOh1052,G316S,-6.791
3528,GOh1052_G316T,GOh1052,G316T,-8.071
3529,GOh1052_G316V,GOh1052,G316V,-9.399
3530,GOh1052_G316W,GOh1052,G316W,-10.824
3531,GOh1052_G316Y,GOh1052,G316Y,-10.45
3532,GOh1052_V317A,GOh1052,V317A,-4.219
3533,GOh1052_V317C,GOh1052,V317C,-11.894
3534,GOh1052_V317D,GOh1052,V317D,-5.372
3535,GOh1052_V317E,GOh1052,V317E,-4.604
3536,GOh1052_V317F,GOh1052,V317F,-7.633
3537,GOh1052_V317G,GOh1052,V317G,-6.173
3538,GOh1052_V317H,GOh1052,V317H,-6.908
3539,GOh1052_V317I,GOh1052,V317I,-4.411
3540,GOh1052_V317K,GOh1052,V317K,-3.961
3541,GOh1052_V317L,GOh1052,V317L,-4.628
3542,GOh1052_V317M,GOh1052,V317M,-6.482
3543,GOh1052_V317N,GOh1052,V317N,-3.789
3544,GOh1052_V317P,GOh1052,V317P,-7.572
3545,GOh1052_V317Q,GOh1052,V317Q,-2.825
3546,GOh1052_V317R,GOh1052,V317R,-5.898
3547,GOh1052_V317S,GOh1052,V317S,-4.376
3548,GOh1052_V317T,GOh1052,V317T,-2.929
3549,GOh1052_V317W,GOh1052,V317W,-9.108
3550,GOh1052_V317Y,GOh1052,V317Y,-7.65
3551,GOh1052_F318A,GOh1052,F318A,-2.19
3552,GOh1052_F318C,GOh1052,F318C,-7.966
3553,GOh1052_F318D,GOh1052,F318D,-5.093
3554,GOh1052_F318E,GOh1052,F318E,-5.88
3555,GOh1052_F318G,GOh1052,F318G,-0.835
3556,GOh1052_F318H,GOh1052,F318H,-5.547
3557,GOh1052_F318I,GOh1052,F318I,-6.415
3558,GOh1052_F318K,GOh1052,F318K,-4.988
3559,GOh1052_F318L,GOh1052,F318L,-5.499
3560,GOh1052_F318M,GOh1052,F318M,-6.824
3561,GOh1052_F318N,GOh1052,F318N,-4.959
3562,GOh1052_F318P,GOh1052,F318P,-4.057
3563,GOh1052_F318Q,GOh1052,F318Q,-6.036
3564,GOh1052_F318R,GOh1052,F318R,-5.498
3565,GOh1052_F318S,GOh1052,F318S,-4.053
3566,GOh1052_F318T,GOh1052,F318T,-4.979
3567,GOh1052_F318V,GOh1052,F318V,-4.923
3568,GOh1052_F318W,GOh1052,F318W,-5.675
3569,GOh1052_F318Y,GOh1052,F318Y,-3.517
3570,GOh1052_E319A,GOh1052,E319A,-3.241
3571,GOh1052_E319C,GOh1052,E319C,-6.959
3572,GOh1052_E319D,GOh1052,E319D,-2.588
3573,GOh1052_E319F,GOh1052,E319F,-6.795
3574,GOh1052_E319G,GOh1052,E319G,0.018
3575,GOh1052_E319H,GOh1052,E319H,-5.191
3576,GOh1052_E319I,GOh1052,E319I,-6.006
3577,GOh1052_E319K,GOh1052,E319K,-4.431
3578,GOh1052_E319L,GOh1052,E319L,-5.222
3579,GOh1052_E319M,GOh1052,E319M,-6.54
3580,GOh1052_E319N,GOh1052,E319N,-3.245
3581,GOh1052_E319P,GOh1052,E319P,-5.311
3582,GOh1052_E319Q,GOh1052,E319Q,-3.973
3583,GOh1052_E319R,GOh1052,E319R,-5.093
3584,GOh1052_E319S,GOh1052,E319S,-3.159
3585,GOh1052_E319T,GOh1052,E319T,-3.862
3586,GOh1052_E319V,GOh1052,E319V,-4.365
3587,GOh1052_E319W,GOh1052,E319W,-6.552
3588,GOh1052_E319Y,GOh1052,E319Y,-6.581
3589,GOh1052_K320A,GOh1052,K320A,-10.739
3590,GOh1052_K320C,GOh1052,K320C,-14.199
3591,GOh1052_K320D,GOh1052,K320D,-10.739
3592,GOh1052_K320E,GOh1052,K320E,-11.075
3593,GOh1052_K320F,GOh1052,K320F,-12.516
3594,GOh1052_K320G,GOh1052,K320G,-11.112
3595,GOh1052_K320H,GOh1052,K320H,-11.229
3596,GOh1052_K320I,GOh1052,K320I,-11.833
3597,GOh1052_K320L,GOh1052,K320L,-10.585
3598,GOh1052_K320M,GOh1052,K320M,-11.32
3599,GOh1052_K320N,GOh1052,K320N,-8.516
3600,GOh1052_K320P,GOh1052,K320P,-11.785
3601,GOh1052_K320Q,GOh1052,K320Q,-10.174
3602,GOh1052_K320R,GOh1052,K320R,-6.667
3603,GOh1052_K320S,GOh1052,K320S,-10.653
3604,GOh1052_K320T,GOh1052,K320T,-10.382
3605,GOh1052_K320V,GOh1052,K320V,-11.503
3606,GOh1052_K320W,GOh1052,K320W,-13.295
3607,GOh1052_K320Y,GOh1052,K320Y,-12.418
3608,GOh1052_N321A,GOh1052,N321A,-7.252
3609,GOh1052_N321C,GOh1052,N321C,-12.759
3610,GOh1052_N321D,GOh1052,N321D,-5.097
3611,GOh1052_N321E,GOh1052,N321E,-7.477
3612,GOh1052_N321F,GOh1052,N321F,-7.608
3613,GOh1052_N321G,GOh1052,N321G,-7.876
3614,GOh1052_N321H,GOh1052,N321H,-6.846
3615,GOh1052_N321I,GOh1052,N321I,-7.772
3616,GOh1052_N321K,GOh1052,N321K,-7.289
3617,GOh1052_N321L,GOh1052,N321L,-7.287
3618,GOh1052_N321M,GOh1052,N321M,-9.233
3619,GOh1052_N321P,GOh1052,N321P,-9.753
3620,GOh1052_N321Q,GOh1052,N321Q,-7.684
3621,GOh1052_N321R,GOh1052,N321R,-8.246
3622,GOh1052_N321S,GOh1052,N321S,-6.291
3623,GOh1052_N321T,GOh1052,N321T,-5.922
3624,GOh1052_N321V,GOh1052,N321V,-7.387
3625,GOh1052_N321W,GOh1052,N321W,-9.658
3626,GOh1052_N321Y,GOh1052,N321Y,-7.324
3627,GOh1052_G322A,GOh1052,G322A,-7.097
3628,GOh1052_G322C,GOh1052,G322C,-10.369
3629,GOh1052_G322D,GOh1052,G322D,-11.005
3630,GOh1052_G322E,GOh1052,G322E,-12.584
3631,GOh1052_G322F,GOh1052,G322F,-14.311
3632,GOh1052_G322H,GOh1052,G322H,-14.271
3633,GOh1052_G322I,GOh1052,G322I,-13.271
3634,GOh1052_G322K,GOh1052,G322K,-15.63
3635,GOh1052_G322L,GOh1052,G322L,-13.477
3636,GOh1052_G322M,GOh1052,G322M,-13.558
3637,GOh1052_G322N,GOh1052,G322N,-11.479
3638,GOh1052_G322P,GOh1052,G322P,-10.074
3639,GOh1052_G322Q,GOh1052,G322Q,-13.596
3640,GOh1052_G322R,GOh1052,G322R,-15.016
3641,GOh1052_G322S,GOh1052,G322S,-9.644
3642,GOh1052_G322T,GOh1052,G322T,-11.264
3643,GOh1052_G322V,GOh1052,G322V,-11.406
3644,GOh1052_G322W,GOh1052,G322W,-15.471
3645,GOh1052_G322Y,GOh1052,G322Y,-14.989
3646,GOh1052_E323A,GOh1052,E323A,-9.82
3647,GOh1052_E323C,GOh1052,E323C,-13.602
3648,GOh1052_E323D,GOh1052,E323D,-8.763
3649,GOh1052_E323F,GOh1052,E323F,-14.628
3650,GOh1052_E323G,GOh1052,E323G,-10.636
3651,GOh1052_E323H,GOh1052,E323H,-12.974
3652,GOh1052_E323I,GOh1052,E323I,-13.033
3653,GOh1052_E323K,GOh1052,E323K,-13.142
3654,GOh1052_E323L,GOh1052,E323L,-12.778
3655,GOh1052_E323M,GOh1052,E323M,-13.4
3656,GOh1052_E323N,GOh1052,E323N,-11.889
3657,GOh1052_E323P,GOh1052,E323P,-18.372
3658,GOh1052_E323Q,GOh1052,E323Q,-9.626
3659,GOh1052_E323R,GOh1052,E323R,-13.731
3660,GOh1052_E323S,GOh1052,E323S,-11.008
3661,GOh1052_E323T,GOh1052,E323T,-12.15
3662,GOh1052_E323V,GOh1052,E323V,-11.546
3663,GOh1052_E323W,GOh1052,E323W,-15.647
3664,GOh1052_E323Y,GOh1052,E323Y,-14.174
3665,GOh1052_V324A,GOh1052,V324A,-8.727
3666,GOh1052_V324C,GOh1052,V324C,-13.375
3667,GOh1052_V324D,GOh1052,V324D,-13.157
3668,GOh1052_V324E,GOh1052,V324E,-9.715
3669,GOh1052_V324F,GOh1052,V324F,-8.927
3670,GOh1052_V324G,GOh1052,V324G,-13.008
3671,GOh1052_V324H,GOh1052,V324H,-12.974
3672,GOh1052_V324I,GOh1052,V324I,-3.594
3673,GOh1052_V324K,GOh1052,V324K,-10.657
3674,GOh1052_V324L,GOh1052,V324L,-6.368
3675,GOh1052_V324M,GOh1052,V324M,-8.241
3676,GOh1052_V324N,GOh1052,V324N,-12.03
3677,GOh1052_V324P,GOh1052,V324P,-15.09
3678,GOh1052_V324Q,GOh1052,V324Q,-9.914
3679,GOh1052_V324R,GOh1052,V324R,-11.171
3680,GOh1052_V324S,GOh1052,V324S,-10.227
3681,GOh1052_V324T,GOh1052,V324T,-6.637
3682,GOh1052_V324W,GOh1052,V324W,-11.308
3683,GOh1052_V324Y,GOh1052,V324Y,-8.865
3684,GOh1052_Y325A,GOh1052,Y325A,-11.88
3685,GOh1052_Y325C,GOh1052,Y325C,-13.442
3686,GOh1052_Y325D,GOh1052,Y325D,-13.266
3687,GOh1052_Y325E,GOh1052,Y325E,-14.674
3688,GOh1052_Y325F,GOh1052,Y325F,-5.392
3689,GOh1052_Y325G,GOh1052,Y325G,-12.32
3690,GOh1052_Y325H,GOh1052,Y325H,-10.179
3691,GOh1052_Y325I,GOh1052,Y325I,-11.77
3692,GOh1052_Y325K,GOh1052,Y325K,-14.532
3693,GOh1052_Y325L,GOh1052,Y325L,-7.705
3694,GOh1052_Y325M,GOh1052,Y325M,-10.968
3695,GOh1052_Y325N,GOh1052,Y325N,-12.171
3696,GOh1052_Y325P,GOh1052,Y325P,-15.605
3697,GOh1052_Y325Q,GOh1052,Y325Q,-12.294
3698,GOh1052_Y325R,GOh1052,Y325R,-12.504
3699,GOh1052_Y325S,GOh1052,Y325S,-11.089
3700,GOh1052_Y325T,GOh1052,Y325T,-11.256
3701,GOh1052_Y325V,GOh1052,Y325V,-12.898
3702,GOh1052_Y325W,GOh1052,Y325W,-5.471
3703,GOh1052_S326A,GOh1052,S326A,-6.839
3704,GOh1052_S326C,GOh1052,S326C,-12.247
3705,GOh1052_S326D,GOh1052,S326D,-1.826
3706,GOh1052_S326E,GOh1052,S326E,-5.359
3707,GOh1052_S326F,GOh1052,S326F,-9.574
3708,GOh1052_S326G,GOh1052,S326G,-8.941
3709,GOh1052_S326H,GOh1052,S326H,-7.347
3710,GOh1052_S326I,GOh1052,S326I,-8.245
3711,GOh1052_S326K,GOh1052,S326K,-7.527
3712,GOh1052_S326L,GOh1052,S326L,-7.873
3713,GOh1052_S326M,GOh1052,S326M,-9.649
3714,GOh1052_S326N,GOh1052,S326N,-2.466
3715,GOh1052_S326P,GOh1052,S326P,-13.052
3716,GOh1052_S326Q,GOh1052,S326Q,-7.057
3717,GOh1052_S326R,GOh1052,S326R,-8.652
3718,GOh1052_S326T,GOh1052,S326T,-4.775
3719,GOh1052_S326V,GOh1052,S326V,-7.396
3720,GOh1052_S326W,GOh1052,S326W,-10.797
3721,GOh1052_S326Y,GOh1052,S326Y,-8.05
3722,GOh1052_P327A,GOh1052,P327A,-5.103
3723,GOh1052_P327C,GOh1052,P327C,-12.53
3724,GOh1052_P327D,GOh1052,P327D,-8.302
3725,GOh1052_P327E,GOh1052,P327E,-7.444
3726,GOh1052_P327F,GOh1052,P327F,-6.63
3727,GOh1052_P327G,GOh1052,P327G,-7.775
3728,GOh1052_P327H,GOh1052,P327H,-8.305
3729,GOh1052_P327I,GOh1052,P327I,-6.756
3730,GOh1052_P327K,GOh1052,P327K,-8.078
3731,GOh1052_P327L,GOh1052,P327L,-6.607
3732,GOh1052_P327M,GOh1052,P327M,-8.008
3733,GOh1052_P327N,GOh1052,P327N,-7.774
3734,GOh1052_P327Q,GOh1052,P327Q,-6.541
3735,GOh1052_P327R,GOh1052,P327R,-8.396
3736,GOh1052_P327S,GOh1052,P327S,-4.781
3737,GOh1052_P327T,GOh1052,P327T,-5.309
3738,GOh1052_P327V,GOh1052,P327V,-6.109
3739,GOh1052_P327W,GOh1052,P327W,-8.919
3740,GOh1052_P327Y,GOh1052,P327Y,-6.57
3741,GOh1052_S328A,GOh1052,S328A,-4.569
3742,GOh1052_S328C,GOh1052,S328C,-12.614
3743,GOh1052_S328D,GOh1052,S328D,-5.988
3744,GOh1052_S328E,GOh1052,S328E,-5.639
3745,GOh1052_S328F,GOh1052,S328F,-8.035
3746,GOh1052_S328G,GOh1052,S328G,-6.124
3747,GOh1052_S328H,GOh1052,S328H,-9.679
3748,GOh1052_S328I,GOh1052,S328I,-6.995
3749,GOh1052_S328K,GOh1052,S328K,-6.829
3750,GOh1052_S328L,GOh1052,S328L,-6.505
3751,GOh1052_S328M,GOh1052,S328M,-9.432
3752,GOh1052_S328N,GOh1052,S328N,-6.301
3753,GOh1052_S328P,GOh1052,S328P,-9.325
3754,GOh1052_S328Q,GOh1052,S328Q,-6.095
3755,GOh1052_S328R,GOh1052,S328R,-7.534
3756,GOh1052_S328T,GOh1052,S328T,-4.936
3757,GOh1052_S328V,GOh1052,S328V,-6.578
3758,GOh1052_S328W,GOh1052,S328W,-8.676
3759,GOh1052_S328Y,GOh1052,S328Y,-8.017
3760,GOh1052_S329A,GOh1052,S329A,-4.403
3761,GOh1052_S329C,GOh1052,S329C,-12.391
3762,GOh1052_S329D,GOh1052,S329D,-5.818
3763,GOh1052_S329E,GOh1052,S329E,-7.249
3764,GOh1052_S329F,GOh1052,S329F,-9.822
3765,GOh1052_S329G,GOh1052,S329G,-6.128
3766,GOh1052_S329H,GOh1052,S329H,-10.631
3767,GOh1052_S329I,GOh1052,S329I,-9.094
3768,GOh1052_S329K,GOh1052,S329K,-6.763
3769,GOh1052_S329L,GOh1052,S329L,-5.778
3770,GOh1052_S329M,GOh1052,S329M,-9.308
3771,GOh1052_S329N,GOh1052,S329N,-4.725
3772,GOh1052_S329P,GOh1052,S329P,-10.515
3773,GOh1052_S329Q,GOh1052,S329Q,-6.056
3774,GOh1052_S329R,GOh1052,S329R,-7.263
3775,GOh1052_S329T,GOh1052,S329T,-3.377
3776,GOh1052_S329V,GOh1052,S329V,-8.476
3777,GOh1052_S329W,GOh1052,S329W,-11.101
3778,GOh1052_S329Y,GOh1052,S329Y,-9.962
3779,GOh1052_K330A,GOh1052,K330A,-5.711
3780,GOh1052_K330C,GOh1052,K330C,-12.313
3781,GOh1052_K330D,GOh1052,K330D,-4.465
3782,GOh1052_K330E,GOh1052,K330E,-6.226
3783,GOh1052_K330F,GOh1052,K330F,-8.827
3784,GOh1052_K330G,GOh1052,K330G,-3.543
3785,GOh1052_K330H,GOh1052,K330H,-6.703
3786,GOh1052_K330I,GOh1052,K330I,-9.926
3787,GOh1052_K330L,GOh1052,K330L,-7.665
3788,GOh1052_K330M,GOh1052,K330M,-8.027
3789,GOh1052_K330N,GOh1052,K330N,-2.38
3790,GOh1052_K330P,GOh1052,K330P,-10.036
3791,GOh1052_K330Q,GOh1052,K330Q,-4.998
3792,GOh1052_K330R,GOh1052,K330R,-4.41
3793,GOh1052_K330S,GOh1052,K330S,-5.013
3794,GOh1052_K330T,GOh1052,K330T,-7.674
3795,GOh1052_K330V,GOh1052,K330V,-8.775
3796,GOh1052_K330W,GOh1052,K330W,-9.07
3797,GOh1052_K330Y,GOh1052,K330Y,-8.061
3798,GOh1052_T331A,GOh1052,T331A,-6.153
3799,GOh1052_T331C,GOh1052,T331C,-13.44
3800,GOh1052_T331D,GOh1052,T331D,-9.375
3801,GOh1052_T331E,GOh1052,T331E,-8.259
3802,GOh1052_T331F,GOh1052,T331F,-10.502
3803,GOh1052_T331G,GOh1052,T331G,-8.496
3804,GOh1052_T331H,GOh1052,T331H,-10.451
3805,GOh1052_T331I,GOh1052,T331I,-7.736
3806,GOh1052_T331K,GOh1052,T331K,-5.603
3807,GOh1052_T331L,GOh1052,T331L,-7.774
3808,GOh1052_T331M,GOh1052,T331M,-9.109
3809,GOh1052_T331N,GOh1052,T331N,-6.464
3810,GOh1052_T331P,GOh1052,T331P,-13.309
3811,GOh1052_T331Q,GOh1052,T331Q,-6.01
3812,GOh1052_T331R,GOh1052,T331R,-6.774
3813,GOh1052_T331S,GOh1052,T331S,-3.655
3814,GOh1052_T331V,GOh1052,T331V,-6.904
3815,GOh1052_T331W,GOh1052,T331W,-11.181
3816,GOh1052_T331Y,GOh1052,T331Y,-10.23
3817,GOh1052_W332A,GOh1052,W332A,-14.828
3818,GOh1052_W332C,GOh1052,W332C,-13.306
3819,GOh1052_W332D,GOh1052,W332D,-16.912
3820,GOh1052_W332E,GOh1052,W332E,-16.881
3821,GOh1052_W332F,GOh1052,W332F,-10.442
3822,GOh1052_W332G,GOh1052,W332G,-14.242
3823,GOh1052_W332H,GOh1052,W332H,-16.507
3824,GOh1052_W332I,GOh1052,W332I,-13.466
3825,GOh1052_W332K,GOh1052,W332K,-14.565
3826,GOh1052_W332L,GOh1052,W332L,-12.66
3827,GOh1052_W332M,GOh1052,W332M,-13.377
3828,GOh1052_W332N,GOh1052,W332N,-15.126
3829,GOh1052_W332P,GOh1052,W332P,-15.974
3830,GOh1052_W332Q,GOh1052,W332Q,-15.125
3831,GOh1052_W332R,GOh1052,W332R,-13.369
3832,GOh1052_W332S,GOh1052,W332S,-13.525
3833,GOh1052_W332T,GOh1052,W332T,-13.807
3834,GOh1052_W332V,GOh1052,W332V,-13.789
3835,GOh1052_W332Y,GOh1052,W332Y,-11.22
3836,GOh1052_T333A,GOh1052,T333A,-6.412
3837,GOh1052_T333C,GOh1052,T333C,-13.602
3838,GOh1052_T333D,GOh1052,T333D,-7.747
3839,GOh1052_T333E,GOh1052,T333E,-6.774
3840,GOh1052_T333F,GOh1052,T333F,-9.825
3841,GOh1052_T333G,GOh1052,T333G,-9.03
3842,GOh1052_T333H,GOh1052,T333H,-9.655
3843,GOh1052_T333I,GOh1052,T333I,-7.757
3844,GOh1052_T333K,GOh1052,T333K,-6.273
3845,GOh1052_T333L,GOh1052,T333L,-9.124
3846,GOh1052_T333M,GOh1052,T333M,-9.471
3847,GOh1052_T333N,GOh1052,T333N,-7.318
3848,GOh1052_T333P,GOh1052,T333P,-15.211
3849,GOh1052_T333Q,GOh1052,T333Q,-6.341
3850,GOh1052_T333R,GOh1052,T333R,-7.406
3851,GOh1052_T333S,GOh1052,T333S,-4.0
3852,GOh1052_T333V,GOh1052,T333V,-7.143
3853,GOh1052_T333W,GOh1052,T333W,-11.063
3854,GOh1052_T333Y,GOh1052,T333Y,-9.208
3855,GOh1052_S334A,GOh1052,S334A,-3.461
3856,GOh1052_S334C,GOh1052,S334C,-10.891
3857,GOh1052_S334D,GOh1052,S334D,-6.613
3858,GOh1052_S334E,GOh1052,S334E,-5.793
3859,GOh1052_S334F,GOh1052,S334F,-6.075
3860,GOh1052_S334G,GOh1052,S334G,-6.009
3861,GOh1052_S334H,GOh1052,S334H,-7.453
3862,GOh1052_S334I,GOh1052,S334I,-5.054
3863,GOh1052_S334K,GOh1052,S334K,-3.239
3864,GOh1052_S334L,GOh1052,S334L,-2.053
3865,GOh1052_S334M,GOh1052,S334M,-5.677
3866,GOh1052_S334N,GOh1052,S334N,-5.284
3867,GOh1052_S334P,GOh1052,S334P,-4.405
3868,GOh1052_S334Q,GOh1052,S334Q,-4.624
3869,GOh1052_S334R,GOh1052,S334R,-4.236
3870,GOh1052_S334T,GOh1052,S334T,-3.873
3871,GOh1052_S334V,GOh1052,S334V,-4.462
3872,GOh1052_S334W,GOh1052,S334W,-8.007
3873,GOh1052_S334Y,GOh1052,S334Y,-6.319
3874,GOh1052_L335A,GOh1052,L335A,-12.587
3875,GOh1052_L335C,GOh1052,L335C,-14.456
3876,GOh1052_L335D,GOh1052,L335D,-14.791
3877,GOh1052_L335E,GOh1052,L335E,-12.694
3878,GOh1052_L335F,GOh1052,L335F,-10.489
3879,GOh1052_L335G,GOh1052,L335G,-15.506
3880,GOh1052_L335H,GOh1052,L335H,-12.559
3881,GOh1052_L335I,GOh1052,L335I,-7.686
3882,GOh1052_L335K,GOh1052,L335K,-11.224
3883,GOh1052_L335M,GOh1052,L335M,-8.794
3884,GOh1052_L335N,GOh1052,L335N,-12.902
3885,GOh1052_L335P,GOh1052,L335P,-14.372
3886,GOh1052_L335Q,GOh1052,L335Q,-10.816
3887,GOh1052_L335R,GOh1052,L335R,-10.936
3888,GOh1052_L335S,GOh1052,L335S,-13.126
3889,GOh1052_L335T,GOh1052,L335T,-11.717
3890,GOh1052_L335V,GOh1052,L335V,-8.955
3891,GOh1052_L335W,GOh1052,L335W,-10.657
3892,GOh1052_L335Y,GOh1052,L335Y,-11.037
3893,GOh1052_P336A,GOh1052,P336A,-5.628
3894,GOh1052_P336C,GOh1052,P336C,-14.153
3895,GOh1052_P336D,GOh1052,P336D,-7.706
3896,GOh1052_P336E,GOh1052,P336E,-8.483
3897,GOh1052_P336F,GOh1052,P336F,-7.154
3898,GOh1052_P336G,GOh1052,P336G,-7.507
3899,GOh1052_P336H,GOh1052,P336H,-9.213
3900,GOh1052_P336I,GOh1052,P336I,-8.013
3901,GOh1052_P336K,GOh1052,P336K,-5.573
3902,GOh1052_P336L,GOh1052,P336L,-7.092
3903,GOh1052_P336M,GOh1052,P336M,-9.166
3904,GOh1052_P336N,GOh1052,P336N,-6.481
3905,GOh1052_P336Q,GOh1052,P336Q,-7.311
3906,GOh1052_P336R,GOh1052,P336R,-7.128
3907,GOh1052_P336S,GOh1052,P336S,-5.197
3908,GOh1052_P336T,GOh1052,P336T,-4.787
3909,GOh1052_P336V,GOh1052,P336V,-7.265
3910,GOh1052_P336W,GOh1052,P336W,-9.205
3911,GOh1052_P336Y,GOh1052,P336Y,-6.521
3912,GOh1052_N337A,GOh1052,N337A,-7.239
3913,GOh1052_N337C,GOh1052,N337C,-11.144
3914,GOh1052_N337D,GOh1052,N337D,-5.298
3915,GOh1052_N337E,GOh1052,N337E,-7.811
3916,GOh1052_N337F,GOh1052,N337F,-9.943
3917,GOh1052_N337G,GOh1052,N337G,-2.501
3918,GOh1052_N337H,GOh1052,N337H,-8.96
3919,GOh1052_N337I,GOh1052,N337I,-11.64
3920,GOh1052_N337K,GOh1052,N337K,-6.968
3921,GOh1052_N337L,GOh1052,N337L,-9.32
3922,GOh1052_N337M,GOh1052,N337M,-10.605
3923,GOh1052_N337P,GOh1052,N337P,-11.761
3924,GOh1052_N337Q,GOh1052,N337Q,-7.474
3925,GOh1052_N337R,GOh1052,N337R,-7.786
3926,GOh1052_N337S,GOh1052,N337S,-5.362
3927,GOh1052_N337T,GOh1052,N337T,-8.355
3928,GOh1052_N337V,GOh1052,N337V,-10.568
3929,GOh1052_N337W,GOh1052,N337W,-10.102
3930,GOh1052_N337Y,GOh1052,N337Y,-8.598
3931,GOh1052_A338C,GOh1052,A338C,-5.779
3932,GOh1052_A338D,GOh1052,A338D,-11.028
3933,GOh1052_A338E,GOh1052,A338E,-11.567
3934,GOh1052_A338F,GOh1052,A338F,-12.54
3935,GOh1052_A338G,GOh1052,A338G,-8.016
3936,GOh1052_A338H,GOh1052,A338H,-12.68
3937,GOh1052_A338I,GOh1052,A338I,-8.001
3938,GOh1052_A338K,GOh1052,A338K,-13.654
3939,GOh1052_A338L,GOh1052,A338L,-10.347
3940,GOh1052_A338M,GOh1052,A338M,-10.054
3941,GOh1052_A338N,GOh1052,A338N,-8.714
3942,GOh1052_A338P,GOh1052,A338P,-11.349
3943,GOh1052_A338Q,GOh1052,A338Q,-10.489
3944,GOh1052_A338R,GOh1052,A338R,-13.797
3945,GOh1052_A338S,GOh1052,A338S,-5.902
3946,GOh1052_A338T,GOh1052,A338T,-6.546
3947,GOh1052_A338V,GOh1052,A338V,-6.265
3948,GOh1052_A338W,GOh1052,A338W,-13.956
3949,GOh1052_A338Y,GOh1052,A338Y,-12.999
3950,GOh1052_K339A,GOh1052,K339A,-5.695
3951,GOh1052_K339C,GOh1052,K339C,-12.221
3952,GOh1052_K339D,GOh1052,K339D,-6.304
3953,GOh1052_K339E,GOh1052,K339E,-6.799
3954,GOh1052_K339F,GOh1052,K339F,-8.902
3955,GOh1052_K339G,GOh1052,K339G,-7.887
3956,GOh1052_K339H,GOh1052,K339H,-7.869
3957,GOh1052_K339I,GOh1052,K339I,-7.292
3958,GOh1052_K339L,GOh1052,K339L,-6.276
3959,GOh1052_K339M,GOh1052,K339M,-7.746
3960,GOh1052_K339N,GOh1052,K339N,-5.092
3961,GOh1052_K339P,GOh1052,K339P,-6.34
3962,GOh1052_K339Q,GOh1052,K339Q,-5.742
3963,GOh1052_K339R,GOh1052,K339R,-5.459
3964,GOh1052_K339S,GOh1052,K339S,-5.577
3965,GOh1052_K339T,GOh1052,K339T,-5.8
3966,GOh1052_K339V,GOh1052,K339V,-6.575
3967,GOh1052_K339W,GOh1052,K339W,-10.113
3968,GOh1052_K339Y,GOh1052,K339Y,-8.207
3969,GOh1052_V340A,GOh1052,V340A,-6.324
3970,GOh1052_V340C,GOh1052,V340C,-10.168
3971,GOh1052_V340D,GOh1052,V340D,-9.565
3972,GOh1052_V340E,GOh1052,V340E,-10.092
3973,GOh1052_V340F,GOh1052,V340F,-10.012
3974,GOh1052_V340G,GOh1052,V340G,-9.035
3975,GOh1052_V340H,GOh1052,V340H,-11.606
3976,GOh1052_V340I,GOh1052,V340I,-6.743
3977,GOh1052_V340K,GOh1052,V340K,-10.824
3978,GOh1052_V340L,GOh1052,V340L,-8.986
3979,GOh1052_V340M,GOh1052,V340M,-9.473
3980,GOh1052_V340N,GOh1052,V340N,-8.655
3981,GOh1052_V340P,GOh1052,V340P,-10.555
3982,GOh1052_V340Q,GOh1052,V340Q,-10.394
3983,GOh1052_V340R,GOh1052,V340R,-11.489
3984,GOh1052_V340S,GOh1052,V340S,-8.144
3985,GOh1052_V340T,GOh1052,V340T,-7.956
3986,GOh1052_V340W,GOh1052,V340W,-12.207
3987,GOh1052_V340Y,GOh1052,V340Y,-10.696
3988,GOh1052_N341A,GOh1052,N341A,0.825
3989,GOh1052_N341C,GOh1052,N341C,-9.541
3990,GOh1052_N341D,GOh1052,N341D,-1.885
3991,GOh1052_N341E,GOh1052,N341E,-2.838
3992,GOh1052_N341F,GOh1052,N341F,-6.228
3993,GOh1052_N341G,GOh1052,N341G,-2.788
3994,GOh1052_N341H,GOh1052,N341H,-5.664
3995,GOh1052_N341I,GOh1052,N341I,-6.007
3996,GOh1052_N341K,GOh1052,N341K,-2.725
3997,GOh1052_N341L,GOh1052,N341L,-5.041
3998,GOh1052_N341M,GOh1052,N341M,-5.535
3999,GOh1052_N341P,GOh1052,N341P,-5.389
4000,GOh1052_N341Q,GOh1052,N341Q,-3.095
4001,GOh1052_N341R,GOh1052,N341R,-4.261
4002,GOh1052_N341S,GOh1052,N341S,-0.513
4003,GOh1052_N341T,GOh1052,N341T,-2.152
4004,GOh1052_N341V,GOh1052,N341V,-4.337
4005,GOh1052_N341W,GOh1052,N341W,-6.7
4006,GOh1052_N341Y,GOh1052,N341Y,-5.232
4007,GOh1052_P342A,GOh1052,P342A,-6.239
4008,GOh1052_P342C,GOh1052,P342C,-13.205
4009,GOh1052_P342D,GOh1052,P342D,-7.226
4010,GOh1052_P342E,GOh1052,P342E,-6.186
4011,GOh1052_P342F,GOh1052,P342F,-11.159
4012,GOh1052_P342G,GOh1052,P342G,-7.393
4013,GOh1052_P342H,GOh1052,P342H,-8.628
4014,GOh1052_P342I,GOh1052,P342I,-10.992
4015,GOh1052_P342K,GOh1052,P342K,-7.149
4016,GOh1052_P342L,GOh1052,P342L,-9.817
4017,GOh1052_P342M,GOh1052,P342M,-10.368
4018,GOh1052_P342N,GOh1052,P342N,-6.749
4019,GOh1052_P342Q,GOh1052,P342Q,-6.659
4020,GOh1052_P342R,GOh1052,P342R,-8.171
4021,GOh1052_P342S,GOh1052,P342S,-6.579
4022,GOh1052_P342T,GOh1052,P342T,-6.91
4023,GOh1052_P342V,GOh1052,P342V,-8.928
4024,GOh1052_P342W,GOh1052,P342W,-11.3
4025,GOh1052_P342Y,GOh1052,P342Y,-9.531
4026,GOh1052_M343A,GOh1052,M343A,-9.448
4027,GOh1052_M343C,GOh1052,M343C,-12.443
4028,GOh1052_M343D,GOh1052,M343D,-11.486
4029,GOh1052_M343E,GOh1052,M343E,-10.751
4030,GOh1052_M343F,GOh1052,M343F,-8.51
4031,GOh1052_M343G,GOh1052,M343G,-10.93
4032,GOh1052_M343H,GOh1052,M343H,-10.345
4033,GOh1052_M343I,GOh1052,M343I,-6.521
4034,GOh1052_M343K,GOh1052,M343K,-9.893
4035,GOh1052_M343L,GOh1052,M343L,-6.156
4036,GOh1052_M343N,GOh1052,M343N,-9.103
4037,GOh1052_M343P,GOh1052,M343P,-10.181
4038,GOh1052_M343Q,GOh1052,M343Q,-8.54
4039,GOh1052_M343R,GOh1052,M343R,-10.296
4040,GOh1052_M343S,GOh1052,M343S,-9.909
4041,GOh1052_M343T,GOh1052,M343T,-8.764
4042,GOh1052_M343V,GOh1052,M343V,-8.172
4043,GOh1052_M343W,GOh1052,M343W,-10.845
4044,GOh1052_M343Y,GOh1052,M343Y,-9.788
4045,GOh1052_L344A,GOh1052,L344A,-9.942
4046,GOh1052_L344C,GOh1052,L344C,-13.292
4047,GOh1052_L344D,GOh1052,L344D,-11.605
4048,GOh1052_L344E,GOh1052,L344E,-10.828
4049,GOh1052_L344F,GOh1052,L344F,-8.428
4050,GOh1052_L344G,GOh1052,L344G,-11.492
4051,GOh1052_L344H,GOh1052,L344H,-10.489
4052,GOh1052_L344I,GOh1052,L344I,-8.227
4053,GOh1052_L344K,GOh1052,L344K,-8.984
4054,GOh1052_L344M,GOh1052,L344M,-7.295
4055,GOh1052_L344N,GOh1052,L344N,-8.819
4056,GOh1052_L344P,GOh1052,L344P,-9.564
4057,GOh1052_L344Q,GOh1052,L344Q,-8.764
4058,GOh1052_L344R,GOh1052,L344R,-9.116
4059,GOh1052_L344S,GOh1052,L344S,-10.285
4060,GOh1052_L344T,GOh1052,L344T,-9.16
4061,GOh1052_L344V,GOh1052,L344V,-8.545
4062,GOh1052_L344W,GOh1052,L344W,-10.765
4063,GOh1052_L344Y,GOh1052,L344Y,-9.433
4064,GOh1052_T345A,GOh1052,T345A,-9.568
4065,GOh1052_T345C,GOh1052,T345C,-13.458
4066,GOh1052_T345D,GOh1052,T345D,-11.5
4067,GOh1052_T345E,GOh1052,T345E,-11.714
4068,GOh1052_T345F,GOh1052,T345F,-12.036
4069,GOh1052_T345G,GOh1052,T345G,-9.266
4070,GOh1052_T345H,GOh1052,T345H,-12.632
4071,GOh1052_T345I,GOh1052,T345I,-10.845
4072,GOh1052_T345K,GOh1052,T345K,-10.303
4073,GOh1052_T345L,GOh1052,T345L,-10.147
4074,GOh1052_T345M,GOh1052,T345M,-10.601
4075,GOh1052_T345N,GOh1052,T345N,-9.901
4076,GOh1052_T345P,GOh1052,T345P,-11.384
4077,GOh1052_T345Q,GOh1052,T345Q,-11.075
4078,GOh1052_T345R,GOh1052,T345R,-11.684
4079,GOh1052_T345S,GOh1052,T345S,-8.182
4080,GOh1052_T345V,GOh1052,T345V,-10.507
4081,GOh1052_T345W,GOh1052,T345W,-14.022
4082,GOh1052_T345Y,GOh1052,T345Y,-12.056
4083,GOh1052_A346C,GOh1052,A346C,-12.764
4084,GOh1052_A346D,GOh1052,A346D,-5.488
4085,GOh1052_A346E,GOh1052,A346E,-6.501
4086,GOh1052_A346F,GOh1052,A346F,-9.461
4087,GOh1052_A346G,GOh1052,A346G,-6.559
4088,GOh1052_A346H,GOh1052,A346H,-8.594
4089,GOh1052_A346I,GOh1052,A346I,-9.051
4090,GOh1052_A346K,GOh1052,A346K,-6.183
4091,GOh1052_A346L,GOh1052,A346L,-8.251
4092,GOh1052_A346M,GOh1052,A346M,-8.883
4093,GOh1052_A346N,GOh1052,A346N,-5.726
4094,GOh1052_A346P,GOh1052,A346P,-7.611
4095,GOh1052_A346Q,GOh1052,A346Q,-6.398
4096,GOh1052_A346R,GOh1052,A346R,-7.727
4097,GOh1052_A346S,GOh1052,A346S,-4.964
4098,GOh1052_A346T,GOh1052,A346T,-6.333
4099,GOh1052_A346V,GOh1052,A346V,-7.675
4100,GOh1052_A346W,GOh1052,A346W,-10.479
4101,GOh1052_A346Y,GOh1052,A346Y,-8.561
4102,GOh1052_D347A,GOh1052,D347A,-11.163
4103,GOh1052_D347C,GOh1052,D347C,-15.086
4104,GOh1052_D347E,GOh1052,D347E,-9.648
4105,GOh1052_D347F,GOh1052,D347F,-14.507
4106,GOh1052_D347G,GOh1052,D347G,-11.672
4107,GOh1052_D347H,GOh1052,D347H,-12.169
4108,GOh1052_D347I,GOh1052,D347I,-13.471
4109,GOh1052_D347K,GOh1052,D347K,-12.753
4110,GOh1052_D347L,GOh1052,D347L,-13.484
4111,GOh1052_D347M,GOh1052,D347M,-14.049
4112,GOh1052_D347N,GOh1052,D347N,-8.965
4113,GOh1052_D347P,GOh1052,D347P,-12.869
4114,GOh1052_D347Q,GOh1052,D347Q,-12.082
4115,GOh1052_D347R,GOh1052,D347R,-13.173
4116,GOh1052_D347S,GOh1052,D347S,-10.75
4117,GOh1052_D347T,GOh1052,D347T,-12.215
4118,GOh1052_D347V,GOh1052,D347V,-12.364
4119,GOh1052_D347W,GOh1052,D347W,-14.571
4120,GOh1052_D347Y,GOh1052,D347Y,-12.06
4121,GOh1052_K348A,GOh1052,K348A,-3.109
4122,GOh1052_K348C,GOh1052,K348C,-11.832
4123,GOh1052_K348D,GOh1052,K348D,-4.896
4124,GOh1052_K348E,GOh1052,K348E,-5.49
4125,GOh1052_K348F,GOh1052,K348F,-7.553
4126,GOh1052_K348G,GOh1052,K348G,-5.269
4127,GOh1052_K348H,GOh1052,K348H,-5.43
4128,GOh1052_K348I,GOh1052,K348I,-6.886
4129,GOh1052_K348L,GOh1052,K348L,-6.014
4130,GOh1052_K348M,GOh1052,K348M,-7.565
4131,GOh1052_K348N,GOh1052,K348N,-3.87
4132,GOh1052_K348P,GOh1052,K348P,-3.67
4133,GOh1052_K348Q,GOh1052,K348Q,-4.643
4134,GOh1052_K348R,GOh1052,K348R,-4.618
4135,GOh1052_K348S,GOh1052,K348S,-2.812
4136,GOh1052_K348T,GOh1052,K348T,-3.566
4137,GOh1052_K348V,GOh1052,K348V,-5.917
4138,GOh1052_K348W,GOh1052,K348W,-8.021
4139,GOh1052_K348Y,GOh1052,K348Y,-6.778
4140,GOh1052_Q349A,GOh1052,Q349A,-3.845
4141,GOh1052_Q349C,GOh1052,Q349C,-12.654
4142,GOh1052_Q349D,GOh1052,Q349D,-5.169
4143,GOh1052_Q349E,GOh1052,Q349E,-4.309
4144,GOh1052_Q349F,GOh1052,Q349F,-7.902
4145,GOh1052_Q349G,GOh1052,Q349G,-5.323
4146,GOh1052_Q349H,GOh1052,Q349H,-7.581
4147,GOh1052_Q349I,GOh1052,Q349I,-8.734
4148,GOh1052_Q349K,GOh1052,Q349K,-5.079
4149,GOh1052_Q349L,GOh1052,Q349L,-5.37
4150,GOh1052_Q349M,GOh1052,Q349M,-6.992
4151,GOh1052_Q349N,GOh1052,Q349N,-4.621
4152,GOh1052_Q349P,GOh1052,Q349P,-9.131
4153,GOh1052_Q349R,GOh1052,Q349R,-6.365
4154,GOh1052_Q349S,GOh1052,Q349S,-5.364
4155,GOh1052_Q349T,GOh1052,Q349T,-6.432
4156,GOh1052_Q349V,GOh1052,Q349V,-7.724
4157,GOh1052_Q349W,GOh1052,Q349W,-9.234
4158,GOh1052_Q349Y,GOh1052,Q349Y,-7.42
4159,GOh1052_G350A,GOh1052,G350A,-9.125
4160,GOh1052_G350C,GOh1052,G350C,-11.412
4161,GOh1052_G350D,GOh1052,G350D,-8.377
4162,GOh1052_G350E,GOh1052,G350E,-10.016
4163,GOh1052_G350F,GOh1052,G350F,-12.088
4164,GOh1052_G350H,GOh1052,G350H,-8.77
4165,GOh1052_G350I,GOh1052,G350I,-13.791
4166,GOh1052_G350K,GOh1052,G350K,-8.552
4167,GOh1052_G350L,GOh1052,G350L,-11.135
4168,GOh1052_G350M,GOh1052,G350M,-11.615
4169,GOh1052_G350N,GOh1052,G350N,-7.452
4170,GOh1052_G350P,GOh1052,G350P,-13.01
4171,GOh1052_G350Q,GOh1052,G350Q,-9.117
4172,GOh1052_G350R,GOh1052,G350R,-9.091
4173,GOh1052_G350S,GOh1052,G350S,-8.519
4174,GOh1052_G350T,GOh1052,G350T,-11.356
4175,GOh1052_G350V,GOh1052,G350V,-12.182
4176,GOh1052_G350W,GOh1052,G350W,-12.535
4177,GOh1052_G350Y,GOh1052,G350Y,-11.248
4178,GOh1052_L351A,GOh1052,L351A,-3.96
4179,GOh1052_L351C,GOh1052,L351C,-12.22
4180,GOh1052_L351D,GOh1052,L351D,-6.995
4181,GOh1052_L351E,GOh1052,L351E,-5.829
4182,GOh1052_L351F,GOh1052,L351F,-7.48
4183,GOh1052_L351G,GOh1052,L351G,-8.055
4184,GOh1052_L351H,GOh1052,L351H,-8.713
4185,GOh1052_L351I,GOh1052,L351I,-5.501
4186,GOh1052_L351K,GOh1052,L351K,-6.13
4187,GOh1052_L351M,GOh1052,L351M,-7.673
4188,GOh1052_L351N,GOh1052,L351N,-6.814
4189,GOh1052_L351P,GOh1052,L351P,-7.562
4190,GOh1052_L351Q,GOh1052,L351Q,-6.036
4191,GOh1052_L351R,GOh1052,L351R,-7.001
4192,GOh1052_L351S,GOh1052,L351S,-6.471
4193,GOh1052_L351T,GOh1052,L351T,-5.759
4194,GOh1052_L351V,GOh1052,L351V,-4.632
4195,GOh1052_L351W,GOh1052,L351W,-9.227
4196,GOh1052_L351Y,GOh1052,L351Y,-7.436
4197,GOh1052_Y352A,GOh1052,Y352A,-9.348
4198,GOh1052_Y352C,GOh1052,Y352C,-11.47
4199,GOh1052_Y352D,GOh1052,Y352D,-10.21
4200,GOh1052_Y352E,GOh1052,Y352E,-10.269
4201,GOh1052_Y352F,GOh1052,Y352F,-4.256
4202,GOh1052_Y352G,GOh1052,Y352G,-10.149
4203,GOh1052_Y352H,GOh1052,Y352H,-7.964
4204,GOh1052_Y352I,GOh1052,Y352I,-9.937
4205,GOh1052_Y352K,GOh1052,Y352K,-9.904
4206,GOh1052_Y352L,GOh1052,Y352L,-7.68
4207,GOh1052_Y352M,GOh1052,Y352M,-9.174
4208,GOh1052_Y352N,GOh1052,Y352N,-8.458
4209,GOh1052_Y352P,GOh1052,Y352P,-11.207
4210,GOh1052_Y352Q,GOh1052,Y352Q,-9.887
4211,GOh1052_Y352R,GOh1052,Y352R,-9.729
4212,GOh1052_Y352S,GOh1052,Y352S,-9.3
4213,GOh1052_Y352T,GOh1052,Y352T,-9.634
4214,GOh1052_Y352V,GOh1052,Y352V,-9.591
4215,GOh1052_Y352W,GOh1052,Y352W,-6.824
4216,GOh1052_M353A,GOh1052,M353A,-1.835
4217,GOh1052_M353C,GOh1052,M353C,-4.794
4218,GOh1052_M353D,GOh1052,M353D,-4.244
4219,GOh1052_M353E,GOh1052,M353E,-3.148
4220,GOh1052_M353F,GOh1052,M353F,-3.666
4221,GOh1052_M353G,GOh1052,M353G,-2.715
4222,GOh1052_M353H,GOh1052,M353H,1.103
4223,GOh1052_M353I,GOh1052,M353I,-2.897
4224,GOh1052_M353K,GOh1052,M353K,-0.774
4225,GOh1052_M353L,GOh1052,M353L,-2.213
4226,GOh1052_M353N,GOh1052,M353N,-2.083
4227,GOh1052_M353P,GOh1052,M353P,-2.264
4228,GOh1052_M353Q,GOh1052,M353Q,-1.216
4229,GOh1052_M353R,GOh1052,M353R,6.03
4230,GOh1052_M353S,GOh1052,M353S,-1.891
4231,GOh1052_M353T,GOh1052,M353T,-1.403
4232,GOh1052_M353V,GOh1052,M353V,-1.573
4233,GOh1052_M353W,GOh1052,M353W,-3.513
4234,GOh1052_M353Y,GOh1052,M353Y,-2.6
4235,GOh1052_S354A,GOh1052,S354A,-2.368
4236,GOh1052_S354C,GOh1052,S354C,-10.729
4237,GOh1052_S354D,GOh1052,S354D,-4.578
4238,GOh1052_S354E,GOh1052,S354E,-1.257
4239,GOh1052_S354F,GOh1052,S354F,-8.245
4240,GOh1052_S354G,GOh1052,S354G,-4.838
4241,GOh1052_S354H,GOh1052,S354H,-6.352
4242,GOh1052_S354I,GOh1052,S354I,-7.637
4243,GOh1052_S354K,GOh1052,S354K,-2.687
4244,GOh1052_S354L,GOh1052,S354L,-6.39
4245,GOh1052_S354M,GOh1052,S354M,-7.233
4246,GOh1052_S354N,GOh1052,S354N,-4.232
4247,GOh1052_S354P,GOh1052,S354P,-7.261
4248,GOh1052_S354Q,GOh1052,S354Q,-2.569
4249,GOh1052_S354R,GOh1052,S354R,-4.483
4250,GOh1052_S354T,GOh1052,S354T,-4.539
4251,GOh1052_S354V,GOh1052,S354V,-6.034
4252,GOh1052_S354W,GOh1052,S354W,-8.809
4253,GOh1052_S354Y,GOh1052,S354Y,-6.634
4254,GOh1052_D355A,GOh1052,D355A,-12.948
4255,GOh1052_D355C,GOh1052,D355C,-13.995
4256,GOh1052_D355E,GOh1052,D355E,-11.075
4257,GOh1052_D355F,GOh1052,D355F,-15.503
4258,GOh1052_D355G,GOh1052,D355G,-12.17
4259,GOh1052_D355H,GOh1052,D355H,-12.665
4260,GOh1052_D355I,GOh1052,D355I,-15.355
4261,GOh1052_D355K,GOh1052,D355K,-15.039
4262,GOh1052_D355L,GOh1052,D355L,-15.356
4263,GOh1052_D355M,GOh1052,D355M,-15.842
4264,GOh1052_D355N,GOh1052,D355N,-9.318
4265,GOh1052_D355P,GOh1052,D355P,-14.868
4266,GOh1052_D355Q,GOh1052,D355Q,-13.775
4267,GOh1052_D355R,GOh1052,D355R,-16.041
4268,GOh1052_D355S,GOh1052,D355S,-11.714
4269,GOh1052_D355T,GOh1052,D355T,-13.161
4270,GOh1052_D355V,GOh1052,D355V,-14.508
4271,GOh1052_D355W,GOh1052,D355W,-16.743
4272,GOh1052_D355Y,GOh1052,D355Y,-13.582
4273,GOh1052_N356A,GOh1052,N356A,-11.548
4274,GOh1052_N356C,GOh1052,N356C,-12.302
4275,GOh1052_N356D,GOh1052,N356D,-10.854
4276,GOh1052_N356E,GOh1052,N356E,-13.823
4277,GOh1052_N356F,GOh1052,N356F,-13.87
4278,GOh1052_N356G,GOh1052,N356G,-11.773
4279,GOh1052_N356H,GOh1052,N356H,-11.675
4280,GOh1052_N356I,GOh1052,N356I,-12.073
4281,GOh1052_N356K,GOh1052,N356K,-13.167
4282,GOh1052_N356L,GOh1052,N356L,-10.202
4283,GOh1052_N356M,GOh1052,N356M,-12.186
4284,GOh1052_N356P,GOh1052,N356P,-14.71
4285,GOh1052_N356Q,GOh1052,N356Q,-11.877
4286,GOh1052_N356R,GOh1052,N356R,-14.615
4287,GOh1052_N356S,GOh1052,N356S,-9.265
4288,GOh1052_N356T,GOh1052,N356T,-10.389
4289,GOh1052_N356V,GOh1052,N356V,-12.097
4290,GOh1052_N356W,GOh1052,N356W,-16.088
4291,GOh1052_N356Y,GOh1052,N356Y,-13.303
4292,GOh1052_H357A,GOh1052,H357A,-12.957
4293,GOh1052_H357C,GOh1052,H357C,-12.741
4294,GOh1052_H357D,GOh1052,H357D,-12.326
4295,GOh1052_H357E,GOh1052,H357E,-12.907
4296,GOh1052_H357F,GOh1052,H357F,-10.959
4297,GOh1052_H357G,GOh1052,H357G,-14.034
4298,GOh1052_H357I,GOh1052,H357I,-12.164
4299,GOh1052_H357K,GOh1052,H357K,-13.816
4300,GOh1052_H357L,GOh1052,H357L,-11.869
4301,GOh1052_H357M,GOh1052,H357M,-11.292
4302,GOh1052_H357N,GOh1052,H357N,-10.707
4303,GOh1052_H357P,GOh1052,H357P,-13.569
4304,GOh1052_H357Q,GOh1052,H357Q,-10.398
4305,GOh1052_H357R,GOh1052,H357R,-13.603
4306,GOh1052_H357S,GOh1052,H357S,-11.916
4307,GOh1052_H357T,GOh1052,H357T,-12.314
4308,GOh1052_H357V,GOh1052,H357V,-13.413
4309,GOh1052_H357W,GOh1052,H357W,-14.499
4310,GOh1052_H357Y,GOh1052,H357Y,-11.57
4311,GOh1052_A358C,GOh1052,A358C,-7.251
4312,GOh1052_A358D,GOh1052,A358D,-10.782
4313,GOh1052_A358E,GOh1052,A358E,-10.126
4314,GOh1052_A358F,GOh1052,A358F,-10.269
4315,GOh1052_A358G,GOh1052,A358G,-4.49
4316,GOh1052_A358H,GOh1052,A358H,-11.349
4317,GOh1052_A358I,GOh1052,A358I,-8.135
4318,GOh1052_A358K,GOh1052,A358K,-13.622
4319,GOh1052_A358L,GOh1052,A358L,-7.898
4320,GOh1052_A358M,GOh1052,A358M,-6.289
4321,GOh1052_A358N,GOh1052,A358N,-8.429
4322,GOh1052_A358P,GOh1052,A358P,-8.047
4323,GOh1052_A358Q,GOh1052,A358Q,-8.898
4324,GOh1052_A358R,GOh1052,A358R,-14.696
4325,GOh1052_A358S,GOh1052,A358S,-6.962
4326,GOh1052_A358T,GOh1052,A358T,-8.071
4327,GOh1052_A358V,GOh1052,A358V,-7.136
4328,GOh1052_A358W,GOh1052,A358W,-13.514
4329,GOh1052_A358Y,GOh1052,A358Y,-12.779
4330,GOh1052_W359A,GOh1052,W359A,-10.387
4331,GOh1052_W359C,GOh1052,W359C,-12.16
4332,GOh1052_W359D,GOh1052,W359D,-14.487
4333,GOh1052_W359E,GOh1052,W359E,-13.883
4334,GOh1052_W359F,GOh1052,W359F,-7.047
4335,GOh1052_W359G,GOh1052,W359G,-12.963
4336,GOh1052_W359H,GOh1052,W359H,-10.375
4337,GOh1052_W359I,GOh1052,W359I,-10.571
4338,GOh1052_W359K,GOh1052,W359K,-13.394
4339,GOh1052_W359L,GOh1052,W359L,-10.647
4340,GOh1052_W359M,GOh1052,W359M,-10.381
4341,GOh1052_W359N,GOh1052,W359N,-10.697
4342,GOh1052_W359P,GOh1052,W359P,-16.41
4343,GOh1052_W359Q,GOh1052,W359Q,-11.805
4344,GOh1052_W359R,GOh1052,W359R,-12.391
4345,GOh1052_W359S,GOh1052,W359S,-11.067
4346,GOh1052_W359T,GOh1052,W359T,-10.992
4347,GOh1052_W359V,GOh1052,W359V,-10.562
4348,GOh1052_W359Y,GOh1052,W359Y,-7.563
4349,GOh1052_L360A,GOh1052,L360A,-11.767
4350,GOh1052_L360C,GOh1052,L360C,-12.347
4351,GOh1052_L360D,GOh1052,L360D,-14.428
4352,GOh1052_L360E,GOh1052,L360E,-13.399
4353,GOh1052_L360F,GOh1052,L360F,-12.05
4354,GOh1052_L360G,GOh1052,L360G,-14.851
4355,GOh1052_L360H,GOh1052,L360H,-14.134
4356,GOh1052_L360I,GOh1052,L360I,-8.63
4357,GOh1052_L360K,GOh1052,L360K,-14.294
4358,GOh1052_L360M,GOh1052,L360M,-8.501
4359,GOh1052_L360N,GOh1052,L360N,-12.063
4360,GOh1052_L360P,GOh1052,L360P,-14.162
4361,GOh1052_L360Q,GOh1052,L360Q,-11.747
4362,GOh1052_L360R,GOh1052,L360R,-14.388
4363,GOh1052_L360S,GOh1052,L360S,-12.632
4364,GOh1052_L360T,GOh1052,L360T,-11.411
4365,GOh1052_L360V,GOh1052,L360V,-8.887
4366,GOh1052_L360W,GOh1052,L360W,-15.353
4367,GOh1052_L360Y,GOh1052,L360Y,-12.737
4368,GOh1052_F361A,GOh1052,F361A,-12.818
4369,GOh1052_F361C,GOh1052,F361C,-12.369
4370,GOh1052_F361D,GOh1052,F361D,-16.303
4371,GOh1052_F361E,GOh1052,F361E,-16.15
4372,GOh1052_F361G,GOh1052,F361G,-15.348
4373,GOh1052_F361H,GOh1052,F361H,-11.219
4374,GOh1052_F361I,GOh1052,F361I,-9.412
4375,GOh1052_F361K,GOh1052,F361K,-16.76
4376,GOh1052_F361L,GOh1052,F361L,-8.851
4377,GOh1052_F361M,GOh1052,F361M,-9.651
4378,GOh1052_F361N,GOh1052,F361N,-13.846
4379,GOh1052_F361P,GOh1052,F361P,-17.879
4380,GOh1052_F361Q,GOh1052,F361Q,-13.926
4381,GOh1052_F361R,GOh1052,F361R,-15.824
4382,GOh1052_F361S,GOh1052,F361S,-12.379
4383,GOh1052_F361T,GOh1052,F361T,-12.284
4384,GOh1052_F361V,GOh1052,F361V,-10.61
4385,GOh1052_F361W,GOh1052,F361W,-7.786
4386,GOh1052_F361Y,GOh1052,F361Y,-7.518
4387,GOh1052_G362A,GOh1052,G362A,-4.223
4388,GOh1052_G362C,GOh1052,G362C,-11.741
4389,GOh1052_G362D,GOh1052,G362D,-10.826
4390,GOh1052_G362E,GOh1052,G362E,-11.059
4391,GOh1052_G362F,GOh1052,G362F,-13.314
4392,GOh1052_G362H,GOh1052,G362H,-11.543
4393,GOh1052_G362I,GOh1052,G362I,-11.761
4394,GOh1052_G362K,GOh1052,G362K,-11.143
4395,GOh1052_G362L,GOh1052,G362L,-10.453
4396,GOh1052_G362M,GOh1052,G362M,-11.323
4397,GOh1052_G362N,GOh1052,G362N,-9.17
4398,GOh1052_G362P,GOh1052,G362P,-5.376
4399,GOh1052_G362Q,GOh1052,G362Q,-9.714
4400,GOh1052_G362R,GOh1052,G362R,-10.227
4401,GOh1052_G362S,GOh1052,G362S,-5.437
4402,GOh1052_G362T,GOh1052,G362T,-6.855
4403,GOh1052_G362V,GOh1052,G362V,-9.136
4404,GOh1052_G362W,GOh1052,G362W,-13.81
4405,GOh1052_G362Y,GOh1052,G362Y,-13.243
4406,GOh1052_W363A,GOh1052,W363A,-10.416
4407,GOh1052_W363C,GOh1052,W363C,-12.928
4408,GOh1052_W363D,GOh1052,W363D,-12.341
4409,GOh1052_W363E,GOh1052,W363E,-14.157
4410,GOh1052_W363F,GOh1052,W363F,-7.512
4411,GOh1052_W363G,GOh1052,W363G,-11.616
4412,GOh1052_W363H,GOh1052,W363H,-9.238
4413,GOh1052_W363I,GOh1052,W363I,-11.79
4414,GOh1052_W363K,GOh1052,W363K,-14.453
4415,GOh1052_W363L,GOh1052,W363L,-10.85
4416,GOh1052_W363M,GOh1052,W363M,-11.054
4417,GOh1052_W363N,GOh1052,W363N,-11.306
4418,GOh1052_W363P,GOh1052,W363P,-15.556
4419,GOh1052_W363Q,GOh1052,W363Q,-12.755
4420,GOh1052_W363R,GOh1052,W363R,-11.51
4421,GOh1052_W363S,GOh1052,W363S,-10.095
4422,GOh1052_W363T,GOh1052,W363T,-11.206
4423,GOh1052_W363V,GOh1052,W363V,-11.301
4424,GOh1052_W363Y,GOh1052,W363Y,-6.043
4425,GOh1052_K364A,GOh1052,K364A,-7.299
4426,GOh1052_K364C,GOh1052,K364C,-13.12
4427,GOh1052_K364D,GOh1052,K364D,-8.305
4428,GOh1052_K364E,GOh1052,K364E,-6.818
4429,GOh1052_K364F,GOh1052,K364F,-11.387
4430,GOh1052_K364G,GOh1052,K364G,-8.821
4431,GOh1052_K364H,GOh1052,K364H,-9.213
4432,GOh1052_K364I,GOh1052,K364I,-9.71
4433,GOh1052_K364L,GOh1052,K364L,-8.59
4434,GOh1052_K364M,GOh1052,K364M,-9.263
4435,GOh1052_K364N,GOh1052,K364N,-7.254
4436,GOh1052_K364P,GOh1052,K364P,-10.879
4437,GOh1052_K364Q,GOh1052,K364Q,-6.481
4438,GOh1052_K364R,GOh1052,K364R,-5.771
4439,GOh1052_K364S,GOh1052,K364S,-5.327
4440,GOh1052_K364T,GOh1052,K364T,-5.714
4441,GOh1052_K364V,GOh1052,K364V,-8.582
4442,GOh1052_K364W,GOh1052,K364W,-11.275
4443,GOh1052_K364Y,GOh1052,K364Y,-9.991
4444,GOh1052_K365A,GOh1052,K365A,-5.349
4445,GOh1052_K365C,GOh1052,K365C,-11.438
4446,GOh1052_K365D,GOh1052,K365D,-4.908
4447,GOh1052_K365E,GOh1052,K365E,-5.659
4448,GOh1052_K365F,GOh1052,K365F,-7.97
4449,GOh1052_K365G,GOh1052,K365G,-5.352
4450,GOh1052_K365H,GOh1052,K365H,-6.199
4451,GOh1052_K365I,GOh1052,K365I,-8.453
4452,GOh1052_K365L,GOh1052,K365L,-6.256
4453,GOh1052_K365M,GOh1052,K365M,-7.795
4454,GOh1052_K365N,GOh1052,K365N,-2.104
4455,GOh1052_K365P,GOh1052,K365P,-7.878
4456,GOh1052_K365Q,GOh1052,K365Q,-4.287
4457,GOh1052_K365R,GOh1052,K365R,-4.81
4458,GOh1052_K365S,GOh1052,K365S,-3.107
4459,GOh1052_K365T,GOh1052,K365T,-4.551
4460,GOh1052_K365V,GOh1052,K365V,-7.81
4461,GOh1052_K365W,GOh1052,K365W,-8.305
4462,GOh1052_K365Y,GOh1052,K365Y,-6.387
4463,GOh1052_G366A,GOh1052,G366A,-6.825
4464,GOh1052_G366C,GOh1052,G366C,-12.041
4465,GOh1052_G366D,GOh1052,G366D,-5.325
4466,GOh1052_G366E,GOh1052,G366E,-7.12
4467,GOh1052_G366F,GOh1052,G366F,-10.116
4468,GOh1052_G366H,GOh1052,G366H,-6.488
4469,GOh1052_G366I,GOh1052,G366I,-12.198
4470,GOh1052_G366K,GOh1052,G366K,-6.908
4471,GOh1052_G366L,GOh1052,G366L,-9.973
4472,GOh1052_G366M,GOh1052,G366M,-10.314
4473,GOh1052_G366N,GOh1052,G366N,-5.153
4474,GOh1052_G366P,GOh1052,G366P,-9.616
4475,GOh1052_G366Q,GOh1052,G366Q,-6.701
4476,GOh1052_G366R,GOh1052,G366R,-7.409
4477,GOh1052_G366S,GOh1052,G366S,-5.611
4478,GOh1052_G366T,GOh1052,G366T,-6.579
4479,GOh1052_G366V,GOh1052,G366V,-11.073
4480,GOh1052_G366W,GOh1052,G366W,-9.81
4481,GOh1052_G366Y,GOh1052,G366Y,-8.419
4482,GOh1052_S367A,GOh1052,S367A,-6.479
4483,GOh1052_S367C,GOh1052,S367C,-10.929
4484,GOh1052_S367D,GOh1052,S367D,-9.907
4485,GOh1052_S367E,GOh1052,S367E,-10.505
4486,GOh1052_S367F,GOh1052,S367F,-8.932
4487,GOh1052_S367G,GOh1052,S367G,-8.509
4488,GOh1052_S367H,GOh1052,S367H,-9.396
4489,GOh1052_S367I,GOh1052,S367I,-9.077
4490,GOh1052_S367K,GOh1052,S367K,-9.037
4491,GOh1052_S367L,GOh1052,S367L,-8.953
4492,GOh1052_S367M,GOh1052,S367M,-9.282
4493,GOh1052_S367N,GOh1052,S367N,-7.15
4494,GOh1052_S367P,GOh1052,S367P,-12.116
4495,GOh1052_S367Q,GOh1052,S367Q,-9.818
4496,GOh1052_S367R,GOh1052,S367R,-9.403
4497,GOh1052_S367T,GOh1052,S367T,-6.388
4498,GOh1052_S367V,GOh1052,S367V,-8.556
4499,GOh1052_S367W,GOh1052,S367W,-9.42
4500,GOh1052_S367Y,GOh1052,S367Y,-7.802
4501,GOh1052_V368A,GOh1052,V368A,-9.788
4502,GOh1052_V368C,GOh1052,V368C,-13.298
4503,GOh1052_V368D,GOh1052,V368D,-14.674
4504,GOh1052_V368E,GOh1052,V368E,-14.058
4505,GOh1052_V368F,GOh1052,V368F,-12.109
4506,GOh1052_V368G,GOh1052,V368G,-14.571
4507,GOh1052_V368H,GOh1052,V368H,-16.377
4508,GOh1052_V368I,GOh1052,V368I,-6.02
4509,GOh1052_V368K,GOh1052,V368K,-16.294
4510,GOh1052_V368L,GOh1052,V368L,-8.553
4511,GOh1052_V368M,GOh1052,V368M,-9.929
4512,GOh1052_V368N,GOh1052,V368N,-13.932
4513,GOh1052_V368P,GOh1052,V368P,-14.65
4514,GOh1052_V368Q,GOh1052,V368Q,-14.828
4515,GOh1052_V368R,GOh1052,V368R,-16.807
4516,GOh1052_V368S,GOh1052,V368S,-12.619
4517,GOh1052_V368T,GOh1052,V368T,-10.088
4518,GOh1052_V368W,GOh1052,V368W,-16.045
4519,GOh1052_V368Y,GOh1052,V368Y,-14.75
4520,GOh1052_F369A,GOh1052,F369A,-13.295
4521,GOh1052_F369C,GOh1052,F369C,-13.416
4522,GOh1052_F369D,GOh1052,F369D,-17.778
4523,GOh1052_F369E,GOh1052,F369E,-17.243
4524,GOh1052_F369G,GOh1052,F369G,-15.618
4525,GOh1052_F369H,GOh1052,F369H,-15.011
4526,GOh1052_F369I,GOh1052,F369I,-10.239
4527,GOh1052_F369K,GOh1052,F369K,-17.565
4528,GOh1052_F369L,GOh1052,F369L,-7.031
4529,GOh1052_F369M,GOh1052,F369M,-9.142
4530,GOh1052_F369N,GOh1052,F369N,-16.527
4531,GOh1052_F369P,GOh1052,F369P,-16.327
4532,GOh1052_F369Q,GOh1052,F369Q,-15.235
4533,GOh1052_F369R,GOh1052,F369R,-16.705
4534,GOh1052_F369S,GOh1052,F369S,-13.829
4535,GOh1052_F369T,GOh1052,F369T,-14.755
4536,GOh1052_F369V,GOh1052,F369V,-10.631
4537,GOh1052_F369W,GOh1052,F369W,-10.268
4538,GOh1052_F369Y,GOh1052,F369Y,-9.727
4539,GOh1052_Q370A,GOh1052,Q370A,-10.597
4540,GOh1052_Q370C,GOh1052,Q370C,-13.838
4541,GOh1052_Q370D,GOh1052,Q370D,-12.669
4542,GOh1052_Q370E,GOh1052,Q370E,-8.875
4543,GOh1052_Q370F,GOh1052,Q370F,-13.028
4544,GOh1052_Q370G,GOh1052,Q370G,-11.98
4545,GOh1052_Q370H,GOh1052,Q370H,-6.116
4546,GOh1052_Q370I,GOh1052,Q370I,-12.442
4547,GOh1052_Q370K,GOh1052,Q370K,-11.954
4548,GOh1052_Q370L,GOh1052,Q370L,-11.595
4549,GOh1052_Q370M,GOh1052,Q370M,-10.999
4550,GOh1052_Q370N,GOh1052,Q370N,-9.686
4551,GOh1052_Q370P,GOh1052,Q370P,-14.828
4552,GOh1052_Q370R,GOh1052,Q370R,-12.676
4553,GOh1052_Q370S,GOh1052,Q370S,-10.164
4554,GOh1052_Q370T,GOh1052,Q370T,-10.193
4555,GOh1052_Q370V,GOh1052,Q370V,-11.652
4556,GOh1052_Q370W,GOh1052,Q370W,-14.688
4557,GOh1052_Q370Y,GOh1052,Q370Y,-12.18
4558,GOh1052_A371C,GOh1052,A371C,-9.966
4559,GOh1052_A371D,GOh1052,A371D,-12.177
4560,GOh1052_A371E,GOh1052,A371E,-13.405
4561,GOh1052_A371F,GOh1052,A371F,-12.577
4562,GOh1052_A371G,GOh1052,A371G,-7.509
4563,GOh1052_A371H,GOh1052,A371H,-15.09
4564,GOh1052_A371I,GOh1052,A371I,-11.701
4565,GOh1052_A371K,GOh1052,A371K,-15.349
4566,GOh1052_A371L,GOh1052,A371L,-12.764
4567,GOh1052_A371M,GOh1052,A371M,-11.967
4568,GOh1052_A371N,GOh1052,A371N,-12.792
4569,GOh1052_A371P,GOh1052,A371P,-11.547
4570,GOh1052_A371Q,GOh1052,A371Q,-14.774
4571,GOh1052_A371R,GOh1052,A371R,-15.787
4572,GOh1052_A371S,GOh1052,A371S,-7.248
4573,GOh1052_A371T,GOh1052,A371T,-8.152
4574,GOh1052_A371V,GOh1052,A371V,-8.22
4575,GOh1052_A371W,GOh1052,A371W,-15.223
4576,GOh1052_A371Y,GOh1052,A371Y,-14.336
4577,GOh1052_G372A,GOh1052,G372A,-10.081
4578,GOh1052_G372C,GOh1052,G372C,-11.49
4579,GOh1052_G372D,GOh1052,G372D,-13.268
4580,GOh1052_G372E,GOh1052,G372E,-14.113
4581,GOh1052_G372F,GOh1052,G372F,-12.853
4582,GOh1052_G372H,GOh1052,G372H,-13.881
4583,GOh1052_G372I,GOh1052,G372I,-15.764
4584,GOh1052_G372K,GOh1052,G372K,-15.577
4585,GOh1052_G372L,GOh1052,G372L,-14.2
4586,GOh1052_G372M,GOh1052,G372M,-14.621
4587,GOh1052_G372N,GOh1052,G372N,-13.533
4588,GOh1052_G372P,GOh1052,G372P,-14.482
4589,GOh1052_G372Q,GOh1052,G372Q,-14.644
4590,GOh1052_G372R,GOh1052,G372R,-14.183
4591,GOh1052_G372S,GOh1052,G372S,-11.41
4592,GOh1052_G372T,GOh1052,G372T,-14.452
4593,GOh1052_G372V,GOh1052,G372V,-13.763
4594,GOh1052_G372W,GOh1052,G372W,-12.969
4595,GOh1052_G372Y,GOh1052,G372Y,-12.269
4596,GOh1052_P373A,GOh1052,P373A,-8.253
4597,GOh1052_P373C,GOh1052,P373C,-11.906
4598,GOh1052_P373D,GOh1052,P373D,-13.016
4599,GOh1052_P373E,GOh1052,P373E,-12.603
4600,GOh1052_P373F,GOh1052,P373F,-12.092
4601,GOh1052_P373G,GOh1052,P373G,-9.286
4602,GOh1052_P373H,GOh1052,P373H,-11.698
4603,GOh1052_P373I,GOh1052,P373I,-10.96
4604,GOh1052_P373K,GOh1052,P373K,-11.821
4605,GOh1052_P373L,GOh1052,P373L,-9.787
4606,GOh1052_P373M,GOh1052,P373M,-11.741
4607,GOh1052_P373N,GOh1052,P373N,-11.584
4608,GOh1052_P373Q,GOh1052,P373Q,-10.681
4609,GOh1052_P373R,GOh1052,P373R,-11.849
4610,GOh1052_P373S,GOh1052,P373S,-8.894
4611,GOh1052_P373T,GOh1052,P373T,-9.586
4612,GOh1052_P373V,GOh1052,P373V,-9.877
4613,GOh1052_P373W,GOh1052,P373W,-13.348
4614,GOh1052_P373Y,GOh1052,P373Y,-12.081
4615,GOh1052_S374A,GOh1052,S374A,-9.802
4616,GOh1052_S374C,GOh1052,S374C,-10.978
4617,GOh1052_S374D,GOh1052,S374D,-12.795
4618,GOh1052_S374E,GOh1052,S374E,-14.348
4619,GOh1052_S374F,GOh1052,S374F,-13.711
4620,GOh1052_S374G,GOh1052,S374G,-9.707
4621,GOh1052_S374H,GOh1052,S374H,-13.547
4622,GOh1052_S374I,GOh1052,S374I,-14.982
4623,GOh1052_S374K,GOh1052,S374K,-14.67
4624,GOh1052_S374L,GOh1052,S374L,-14.002
4625,GOh1052_S374M,GOh1052,S374M,-14.609
4626,GOh1052_S374N,GOh1052,S374N,-10.817
4627,GOh1052_S374P,GOh1052,S374P,-14.154
4628,GOh1052_S374Q,GOh1052,S374Q,-14.287
4629,GOh1052_S374R,GOh1052,S374R,-14.285
4630,GOh1052_S374T,GOh1052,S374T,-9.204
4631,GOh1052_S374V,GOh1052,S374V,-13.861
4632,GOh1052_S374W,GOh1052,S374W,-14.619
4633,GOh1052_S374Y,GOh1052,S374Y,-13.786
4634,GOh1052_T375A,GOh1052,T375A,-4.227
4635,GOh1052_T375C,GOh1052,T375C,-11.924
4636,GOh1052_T375D,GOh1052,T375D,-6.798
4637,GOh1052_T375E,GOh1052,T375E,-6.008
4638,GOh1052_T375F,GOh1052,T375F,-7.608
4639,GOh1052_T375G,GOh1052,T375G,-6.612
4640,GOh1052_T375H,GOh1052,T375H,-6.844
4641,GOh1052_T375I,GOh1052,T375I,-5.553
4642,GOh1052_T375K,GOh1052,T375K,-1.831
4643,GOh1052_T375L,GOh1052,T375L,-5.864
4644,GOh1052_T375M,GOh1052,T375M,-6.495
4645,GOh1052_T375N,GOh1052,T375N,-4.638
4646,GOh1052_T375P,GOh1052,T375P,-5.866
4647,GOh1052_T375Q,GOh1052,T375Q,-4.832
4648,GOh1052_T375R,GOh1052,T375R,-3.578
4649,GOh1052_T375S,GOh1052,T375S,-4.082
4650,GOh1052_T375V,GOh1052,T375V,-3.96
4651,GOh1052_T375W,GOh1052,T375W,-8.831
4652,GOh1052_T375Y,GOh1052,T375Y,-6.902
4653,GOh1052_A376C,GOh1052,A376C,-12.401
4654,GOh1052_A376D,GOh1052,A376D,-6.498
4655,GOh1052_A376E,GOh1052,A376E,-6.156
4656,GOh1052_A376F,GOh1052,A376F,-8.791
4657,GOh1052_A376G,GOh1052,A376G,-6.704
4658,GOh1052_A376H,GOh1052,A376H,-7.237
4659,GOh1052_A376I,GOh1052,A376I,-8.665
4660,GOh1052_A376K,GOh1052,A376K,-5.563
4661,GOh1052_A376L,GOh1052,A376L,-6.938
4662,GOh1052_A376M,GOh1052,A376M,-7.429
4663,GOh1052_A376N,GOh1052,A376N,-6.074
4664,GOh1052_A376P,GOh1052,A376P,-11.696
4665,GOh1052_A376Q,GOh1052,A376Q,-5.105
4666,GOh1052_A376R,GOh1052,A376R,-6.291
4667,GOh1052_A376S,GOh1052,A376S,-5.43
4668,GOh1052_A376T,GOh1052,A376T,-6.642
4669,GOh1052_A376V,GOh1052,A376V,-7.3
4670,GOh1052_A376W,GOh1052,A376W,-8.603
4671,GOh1052_A376Y,GOh1052,A376Y,-7.445
4672,GOh1052_M377A,GOh1052,M377A,-7.682
4673,GOh1052_M377C,GOh1052,M377C,-11.94
4674,GOh1052_M377D,GOh1052,M377D,-12.332
4675,GOh1052_M377E,GOh1052,M377E,-9.242
4676,GOh1052_M377F,GOh1052,M377F,-10.852
4677,GOh1052_M377G,GOh1052,M377G,-12.045
4678,GOh1052_M377H,GOh1052,M377H,-13.103
4679,GOh1052_M377I,GOh1052,M377I,-9.635
4680,GOh1052_M377K,GOh1052,M377K,-13.136
4681,GOh1052_M377L,GOh1052,M377L,-8.374
4682,GOh1052_M377N,GOh1052,M377N,-11.428
4683,GOh1052_M377P,GOh1052,M377P,-12.706
4684,GOh1052_M377Q,GOh1052,M377Q,-7.324
4685,GOh1052_M377R,GOh1052,M377R,-14.011
4686,GOh1052_M377S,GOh1052,M377S,-9.844
4687,GOh1052_M377T,GOh1052,M377T,-8.724
4688,GOh1052_M377V,GOh1052,M377V,-9.545
4689,GOh1052_M377W,GOh1052,M377W,-14.018
4690,GOh1052_M377Y,GOh1052,M377Y,-13.593
4691,GOh1052_N378A,GOh1052,N378A,-10.243
4692,GOh1052_N378C,GOh1052,N378C,-13.908
4693,GOh1052_N378D,GOh1052,N378D,-8.979
4694,GOh1052_N378E,GOh1052,N378E,-10.449
4695,GOh1052_N378F,GOh1052,N378F,-12.841
4696,GOh1052_N378G,GOh1052,N378G,-11.792
4697,GOh1052_N378H,GOh1052,N378H,-7.611
4698,GOh1052_N378I,GOh1052,N378I,-11.395
4699,GOh1052_N378K,GOh1052,N378K,-11.837
4700,GOh1052_N378L,GOh1052,N378L,-9.886
4701,GOh1052_N378M,GOh1052,N378M,-10.627
4702,GOh1052_N378P,GOh1052,N378P,-14.63
4703,GOh1052_N378Q,GOh1052,N378Q,-7.818
4704,GOh1052_N378R,GOh1052,N378R,-11.742
4705,GOh1052_N378S,GOh1052,N378S,-8.979
4706,GOh1052_N378T,GOh1052,N378T,-10.334
4707,GOh1052_N378V,GOh1052,N378V,-11.246
4708,GOh1052_N378W,GOh1052,N378W,-13.252
4709,GOh1052_N378Y,GOh1052,N378Y,-11.452
4710,GOh1052_W379A,GOh1052,W379A,-12.246
4711,GOh1052_W379C,GOh1052,W379C,-14.315
4712,GOh1052_W379D,GOh1052,W379D,-13.813
4713,GOh1052_W379E,GOh1052,W379E,-12.178
4714,GOh1052_W379F,GOh1052,W379F,-9.903
4715,GOh1052_W379G,GOh1052,W379G,-13.82
4716,GOh1052_W379H,GOh1052,W379H,-11.854
4717,GOh1052_W379I,GOh1052,W379I,-11.567
4718,GOh1052_W379K,GOh1052,W379K,-10.499
4719,GOh1052_W379L,GOh1052,W379L,-9.798
4720,GOh1052_W379M,GOh1052,W379M,-10.491
4721,GOh1052_W379N,GOh1052,W379N,-12.189
4722,GOh1052_W379P,GOh1052,W379P,-15.795
4723,GOh1052_W379Q,GOh1052,W379Q,-10.988
4724,GOh1052_W379R,GOh1052,W379R,-7.967
4725,GOh1052_W379S,GOh1052,W379S,-11.057
4726,GOh1052_W379T,GOh1052,W379T,-10.886
4727,GOh1052_W379V,GOh1052,W379V,-11.84
4728,GOh1052_W379Y,GOh1052,W379Y,-8.521
4729,GOh1052_Y380A,GOh1052,Y380A,-13.691
4730,GOh1052_Y380C,GOh1052,Y380C,-12.804
4731,GOh1052_Y380D,GOh1052,Y380D,-14.348
4732,GOh1052_Y380E,GOh1052,Y380E,-15.848
4733,GOh1052_Y380F,GOh1052,Y380F,-6.614
4734,GOh1052_Y380G,GOh1052,Y380G,-15.973
4735,GOh1052_Y380H,GOh1052,Y380H,-9.927
4736,GOh1052_Y380I,GOh1052,Y380I,-8.694
4737,GOh1052_Y380K,GOh1052,Y380K,-15.999
4738,GOh1052_Y380L,GOh1052,Y380L,-9.353
4739,GOh1052_Y380M,GOh1052,Y380M,-11.218
4740,GOh1052_Y380N,GOh1052,Y380N,-12.252
4741,GOh1052_Y380P,GOh1052,Y380P,-15.898
4742,GOh1052_Y380Q,GOh1052,Y380Q,-14.107
4743,GOh1052_Y380R,GOh1052,Y380R,-14.554
4744,GOh1052_Y380S,GOh1052,Y380S,-12.512
4745,GOh1052_Y380T,GOh1052,Y380T,-11.263
4746,GOh1052_Y380V,GOh1052,Y380V,-11.202
4747,GOh1052_Y380W,GOh1052,Y380W,-10.512
4748,GOh1052_Y381A,GOh1052,Y381A,-6.181
4749,GOh1052_Y381C,GOh1052,Y381C,-11.118
4750,GOh1052_Y381D,GOh1052,Y381D,-4.705
4751,GOh1052_Y381E,GOh1052,Y381E,-6.942
4752,GOh1052_Y381F,GOh1052,Y381F,-6.289
4753,GOh1052_Y381G,GOh1052,Y381G,-3.731
4754,GOh1052_Y381H,GOh1052,Y381H,-4.797
4755,GOh1052_Y381I,GOh1052,Y381I,-9.753
4756,GOh1052_Y381K,GOh1052,Y381K,-5.684
4757,GOh1052_Y381L,GOh1052,Y381L,-8.301
4758,GOh1052_Y381M,GOh1052,Y381M,-9.458
4759,GOh1052_Y381N,GOh1052,Y381N,-4.082
4760,GOh1052_Y381P,GOh1052,Y381P,-9.259
4761,GOh1052_Y381Q,GOh1052,Y381Q,-6.41
4762,GOh1052_Y381R,GOh1052,Y381R,-6.236
4763,GOh1052_Y381S,GOh1052,Y381S,-3.742
4764,GOh1052_Y381T,GOh1052,Y381T,-5.161
4765,GOh1052_Y381V,GOh1052,Y381V,-8.672
4766,GOh1052_Y381W,GOh1052,Y381W,-5.4
4767,GOh1052_T382A,GOh1052,T382A,-5.887
4768,GOh1052_T382C,GOh1052,T382C,-11.549
4769,GOh1052_T382D,GOh1052,T382D,-9.552
4770,GOh1052_T382E,GOh1052,T382E,-9.315
4771,GOh1052_T382F,GOh1052,T382F,-9.344
4772,GOh1052_T382G,GOh1052,T382G,-9.51
4773,GOh1052_T382H,GOh1052,T382H,-9.728
4774,GOh1052_T382I,GOh1052,T382I,-7.478
4775,GOh1052_T382K,GOh1052,T382K,-9.655
4776,GOh1052_T382L,GOh1052,T382L,-7.831
4777,GOh1052_T382M,GOh1052,T382M,-8.883
4778,GOh1052_T382N,GOh1052,T382N,-8.315
4779,GOh1052_T382P,GOh1052,T382P,-7.343
4780,GOh1052_T382Q,GOh1052,T382Q,-9.177
4781,GOh1052_T382R,GOh1052,T382R,-10.564
4782,GOh1052_T382S,GOh1052,T382S,-6.974
4783,GOh1052_T382V,GOh1052,T382V,-5.694
4784,GOh1052_T382W,GOh1052,T382W,-10.286
4785,GOh1052_T382Y,GOh1052,T382Y,-7.903
4786,GOh1052_S383A,GOh1052,S383A,-4.118
4787,GOh1052_S383C,GOh1052,S383C,-10.49
4788,GOh1052_S383D,GOh1052,S383D,-2.02
4789,GOh1052_S383E,GOh1052,S383E,-3.703
4790,GOh1052_S383F,GOh1052,S383F,-8.055
4791,GOh1052_S383G,GOh1052,S383G,-2.5
4792,GOh1052_S383H,GOh1052,S383H,-6.225
4793,GOh1052_S383I,GOh1052,S383I,-9.266
4794,GOh1052_S383K,GOh1052,S383K,-4.584
4795,GOh1052_S383L,GOh1052,S383L,-6.627
4796,GOh1052_S383M,GOh1052,S383M,-8.424
4797,GOh1052_S383N,GOh1052,S383N,-0.563
4798,GOh1052_S383P,GOh1052,S383P,-8.768
4799,GOh1052_S383Q,GOh1052,S383Q,-3.954
4800,GOh1052_S383R,GOh1052,S383R,-5.529
4801,GOh1052_S383T,GOh1052,S383T,-4.997
4802,GOh1052_S383V,GOh1052,S383V,-8.137
4803,GOh1052_S383W,GOh1052,S383W,-8.023
4804,GOh1052_S383Y,GOh1052,S383Y,-6.455
4805,GOh1052_G384A,GOh1052,G384A,-9.642
4806,GOh1052_G384C,GOh1052,G384C,-12.123
4807,GOh1052_G384D,GOh1052,G384D,-8.899
4808,GOh1052_G384E,GOh1052,G384E,-10.102
4809,GOh1052_G384F,GOh1052,G384F,-12.636
4810,GOh1052_G384H,GOh1052,G384H,-12.444
4811,GOh1052_G384I,GOh1052,G384I,-13.509
4812,GOh1052_G384K,GOh1052,G384K,-10.309
4813,GOh1052_G384L,GOh1052,G384L,-11.696
4814,GOh1052_G384M,GOh1052,G384M,-13.229
4815,GOh1052_G384N,GOh1052,G384N,-8.646
4816,GOh1052_G384P,GOh1052,G384P,-11.052
4817,GOh1052_G384Q,GOh1052,G384Q,-10.741
4818,GOh1052_G384R,GOh1052,G384R,-10.52
4819,GOh1052_G384S,GOh1052,G384S,-8.685
4820,GOh1052_G384T,GOh1052,G384T,-10.781
4821,GOh1052_G384V,GOh1052,G384V,-12.234
4822,GOh1052_G384W,GOh1052,G384W,-12.111
4823,GOh1052_G384Y,GOh1052,G384Y,-12.415
4824,GOh1052_S385A,GOh1052,S385A,-4.894
4825,GOh1052_S385C,GOh1052,S385C,-11.821
4826,GOh1052_S385D,GOh1052,S385D,-4.57
4827,GOh1052_S385E,GOh1052,S385E,-5.799
4828,GOh1052_S385F,GOh1052,S385F,-8.076
4829,GOh1052_S385G,GOh1052,S385G,-5.951
4830,GOh1052_S385H,GOh1052,S385H,-7.686
4831,GOh1052_S385I,GOh1052,S385I,-7.258
4832,GOh1052_S385K,GOh1052,S385K,-5.021
4833,GOh1052_S385L,GOh1052,S385L,-6.589
4834,GOh1052_S385M,GOh1052,S385M,-8.107
4835,GOh1052_S385N,GOh1052,S385N,-2.114
4836,GOh1052_S385P,GOh1052,S385P,-6.53
4837,GOh1052_S385Q,GOh1052,S385Q,-5.236
4838,GOh1052_S385R,GOh1052,S385R,-5.976
4839,GOh1052_S385T,GOh1052,S385T,-3.553
4840,GOh1052_S385V,GOh1052,S385V,-6.441
4841,GOh1052_S385W,GOh1052,S385W,-9.059
4842,GOh1052_S385Y,GOh1052,S385Y,-7.011
4843,GOh1052_G386A,GOh1052,G386A,-9.898
4844,GOh1052_G386C,GOh1052,G386C,-14.572
4845,GOh1052_G386D,GOh1052,G386D,-9.772
4846,GOh1052_G386E,GOh1052,G386E,-11.196
4847,GOh1052_G386F,GOh1052,G386F,-12.602
4848,GOh1052_G386H,GOh1052,G386H,-12.975
4849,GOh1052_G386I,GOh1052,G386I,-13.049
4850,GOh1052_G386K,GOh1052,G386K,-11.212
4851,GOh1052_G386L,GOh1052,G386L,-12.012
4852,GOh1052_G386M,GOh1052,G386M,-13.566
4853,GOh1052_G386N,GOh1052,G386N,-9.225
4854,GOh1052_G386P,GOh1052,G386P,-11.101
4855,GOh1052_G386Q,GOh1052,G386Q,-11.294
4856,GOh1052_G386R,GOh1052,G386R,-11.58
4857,GOh1052_G386S,GOh1052,G386S,-9.246
4858,GOh1052_G386T,GOh1052,G386T,-10.58
4859,GOh1052_G386V,GOh1052,G386V,-12.103
4860,GOh1052_G386W,GOh1052,G386W,-12.578
4861,GOh1052_G386Y,GOh1052,G386Y,-12.771
4862,GOh1052_D387A,GOh1052,D387A,-2.37
4863,GOh1052_D387C,GOh1052,D387C,-9.254
4864,GOh1052_D387E,GOh1052,D387E,-4.501
4865,GOh1052_D387F,GOh1052,D387F,-7.14
4866,GOh1052_D387G,GOh1052,D387G,-2.046
4867,GOh1052_D387H,GOh1052,D387H,-7.351
4868,GOh1052_D387I,GOh1052,D387I,-5.952
4869,GOh1052_D387K,GOh1052,D387K,-5.052
4870,GOh1052_D387L,GOh1052,D387L,-5.917
4871,GOh1052_D387M,GOh1052,D387M,-7.589
4872,GOh1052_D387N,GOh1052,D387N,-3.304
4873,GOh1052_D387P,GOh1052,D387P,-6.001
4874,GOh1052_D387Q,GOh1052,D387Q,-4.562
4875,GOh1052_D387R,GOh1052,D387R,-6.14
4876,GOh1052_D387S,GOh1052,D387S,-1.308
4877,GOh1052_D387T,GOh1052,D387T,-3.441
4878,GOh1052_D387V,GOh1052,D387V,-3.788
4879,GOh1052_D387W,GOh1052,D387W,-7.978
4880,GOh1052_D387Y,GOh1052,D387Y,-6.377
4881,GOh1052_V388A,GOh1052,V388A,-6.967
4882,GOh1052_V388C,GOh1052,V388C,-10.494
4883,GOh1052_V388D,GOh1052,V388D,-9.476
4884,GOh1052_V388E,GOh1052,V388E,-9.129
4885,GOh1052_V388F,GOh1052,V388F,-7.949
4886,GOh1052_V388G,GOh1052,V388G,-8.736
4887,GOh1052_V388H,GOh1052,V388H,-8.81
4888,GOh1052_V388I,GOh1052,V388I,-4.78
4889,GOh1052_V388K,GOh1052,V388K,-8.584
4890,GOh1052_V388L,GOh1052,V388L,-7.294
4891,GOh1052_V388M,GOh1052,V388M,-8.321
4892,GOh1052_V388N,GOh1052,V388N,-7.272
4893,GOh1052_V388P,GOh1052,V388P,-10.076
4894,GOh1052_V388Q,GOh1052,V388Q,-8.354
4895,GOh1052_V388R,GOh1052,V388R,-9.143
4896,GOh1052_V388S,GOh1052,V388S,-6.097
4897,GOh1052_V388T,GOh1052,V388T,-5.906
4898,GOh1052_V388W,GOh1052,V388W,-7.968
4899,GOh1052_V388Y,GOh1052,V388Y,-8.485
4900,GOh1052_K389A,GOh1052,K389A,-3.002
4901,GOh1052_K389C,GOh1052,K389C,-9.052
4902,GOh1052_K389D,GOh1052,K389D,-4.243
4903,GOh1052_K389E,GOh1052,K389E,-4.011
4904,GOh1052_K389F,GOh1052,K389F,-4.796
4905,GOh1052_K389G,GOh1052,K389G,-4.578
4906,GOh1052_K389H,GOh1052,K389H,-4.339
4907,GOh1052_K389I,GOh1052,K389I,-2.976
4908,GOh1052_K389L,GOh1052,K389L,-4.107
4909,GOh1052_K389M,GOh1052,K389M,-5.612
4910,GOh1052_K389N,GOh1052,K389N,-3.499
4911,GOh1052_K389P,GOh1052,K389P,-8.091
4912,GOh1052_K389Q,GOh1052,K389Q,-2.82
4913,GOh1052_K389R,GOh1052,K389R,-2.793
4914,GOh1052_K389S,GOh1052,K389S,-2.39
4915,GOh1052_K389T,GOh1052,K389T,-0.319
4916,GOh1052_K389V,GOh1052,K389V,-2.154
4917,GOh1052_K389W,GOh1052,K389W,-5.884
4918,GOh1052_K389Y,GOh1052,K389Y,-4.13
4919,GOh1052_S390A,GOh1052,S390A,-4.966
4920,GOh1052_S390C,GOh1052,S390C,-11.146
4921,GOh1052_S390D,GOh1052,S390D,-6.048
4922,GOh1052_S390E,GOh1052,S390E,-6.691
4923,GOh1052_S390F,GOh1052,S390F,-6.752
4924,GOh1052_S390G,GOh1052,S390G,-6.937
4925,GOh1052_S390H,GOh1052,S390H,-7.819
4926,GOh1052_S390I,GOh1052,S390I,-8.254
4927,GOh1052_S390K,GOh1052,S390K,-7.68
4928,GOh1052_S390L,GOh1052,S390L,-6.988
4929,GOh1052_S390M,GOh1052,S390M,-8.885
4930,GOh1052_S390N,GOh1052,S390N,-5.169
4931,GOh1052_S390P,GOh1052,S390P,-5.043
4932,GOh1052_S390Q,GOh1052,S390Q,-6.661
4933,GOh1052_S390R,GOh1052,S390R,-8.412
4934,GOh1052_S390T,GOh1052,S390T,-4.997
4935,GOh1052_S390V,GOh1052,S390V,-7.045
4936,GOh1052_S390W,GOh1052,S390W,-8.567
4937,GOh1052_S390Y,GOh1052,S390Y,-6.31
4938,GOh1052_A391C,GOh1052,A391C,-11.124
4939,GOh1052_A391D,GOh1052,A391D,-9.573
4940,GOh1052_A391E,GOh1052,A391E,-9.669
4941,GOh1052_A391F,GOh1052,A391F,-9.953
4942,GOh1052_A391G,GOh1052,A391G,-8.168
4943,GOh1052_A391H,GOh1052,A391H,-10.204
4944,GOh1052_A391I,GOh1052,A391I,-8.331
4945,GOh1052_A391K,GOh1052,A391K,-9.395
4946,GOh1052_A391L,GOh1052,A391L,-8.582
4947,GOh1052_A391M,GOh1052,A391M,-9.263
4948,GOh1052_A391N,GOh1052,A391N,-9.588
4949,GOh1052_A391P,GOh1052,A391P,-7.889
4950,GOh1052_A391Q,GOh1052,A391Q,-9.008
4951,GOh1052_A391R,GOh1052,A391R,-8.824
4952,GOh1052_A391S,GOh1052,A391S,-6.98
4953,GOh1052_A391T,GOh1052,A391T,-6.796
4954,GOh1052_A391V,GOh1052,A391V,-6.076
4955,GOh1052_A391W,GOh1052,A391W,-11.243
4956,GOh1052_A391Y,GOh1052,A391Y,-9.912
4957,GOh1052_G392A,GOh1052,G392A,-7.411
4958,GOh1052_G392C,GOh1052,G392C,-12.783
4959,GOh1052_G392D,GOh1052,G392D,-8.341
4960,GOh1052_G392E,GOh1052,G392E,-9.238
4961,GOh1052_G392F,GOh1052,G392F,-10.966
4962,GOh1052_G392H,GOh1052,G392H,-10.973
4963,GOh1052_G392I,GOh1052,G392I,-10.761
4964,GOh1052_G392K,GOh1052,G392K,-9.65
4965,GOh1052_G392L,GOh1052,G392L,-9.907
4966,GOh1052_G392M,GOh1052,G392M,-11.012
4967,GOh1052_G392N,GOh1052,G392N,-7.795
4968,GOh1052_G392P,GOh1052,G392P,-8.756
4969,GOh1052_G392Q,GOh1052,G392Q,-9.172
4970,GOh1052_G392R,GOh1052,G392R,-10.421
4971,GOh1052_G392S,GOh1052,G392S,-7.291
4972,GOh1052_G392T,GOh1052,G392T,-8.224
4973,GOh1052_G392V,GOh1052,G392V,-9.467
4974,GOh1052_G392W,GOh1052,G392W,-10.961
4975,GOh1052_G392Y,GOh1052,G392Y,-10.387
4976,GOh1052_K393A,GOh1052,K393A,-0.978
4977,GOh1052_K393C,GOh1052,K393C,-7.071
4978,GOh1052_K393D,GOh1052,K393D,-2.654
4979,GOh1052_K393E,GOh1052,K393E,-3.716
4980,GOh1052_K393F,GOh1052,K393F,-4.555
4981,GOh1052_K393G,GOh1052,K393G,-3.43
4982,GOh1052_K393H,GOh1052,K393H,-5.675
4983,GOh1052_K393I,GOh1052,K393I,-2.7
4984,GOh1052_K393L,GOh1052,K393L,-3.112
4985,GOh1052_K393M,GOh1052,K393M,-4.506
4986,GOh1052_K393N,GOh1052,K393N,-1.416
4987,GOh1052_K393P,GOh1052,K393P,-3.787
4988,GOh1052_K393Q,GOh1052,K393Q,-2.872
4989,GOh1052_K393R,GOh1052,K393R,-4.023
4990,GOh1052_K393S,GOh1052,K393S,0.336
4991,GOh1052_K393T,GOh1052,K393T,-0.351
4992,GOh1052_K393V,GOh1052,K393V,-1.422
4993,GOh1052_K393W,GOh1052,K393W,-5.267
4994,GOh1052_K393Y,GOh1052,K393Y,-3.623
4995,GOh1052_Q395A,GOh1052,Q395A,-1.105
4996,GOh1052_Q395C,GOh1052,Q395C,-7.482
4997,GOh1052_Q395D,GOh1052,Q395D,-0.222
4998,GOh1052_Q395E,GOh1052,Q395E,-2.647
4999,GOh1052_Q395F,GOh1052,Q395F,-4.556
5000,GOh1052_Q395G,GOh1052,Q395G,-1.77
5001,GOh1052_Q395H,GOh1052,Q395H,-5.116
5002,GOh1052_Q395I,GOh1052,Q395I,-2.379
5003,GOh1052_Q395K,GOh1052,Q395K,-4.055
5004,GOh1052_Q395L,GOh1052,Q395L,-2.941
5005,GOh1052_Q395M,GOh1052,Q395M,-4.447
5006,GOh1052_Q395N,GOh1052,Q395N,-0.889
5007,GOh1052_Q395P,GOh1052,Q395P,-2.418
5008,GOh1052_Q395R,GOh1052,Q395R,-5.228
5009,GOh1052_Q395S,GOh1052,Q395S,-0.538
5010,GOh1052_Q395T,GOh1052,Q395T,0.648
5011,GOh1052_Q395V,GOh1052,Q395V,-1.725
5012,GOh1052_Q395W,GOh1052,Q395W,-5.547
5013,GOh1052_Q395Y,GOh1052,Q395Y,-4.047
5014,GOh1052_S396A,GOh1052,S396A,-2.568
5015,GOh1052_S396C,GOh1052,S396C,-10.444
5016,GOh1052_S396D,GOh1052,S396D,-3.923
5017,GOh1052_S396E,GOh1052,S396E,-4.999
5018,GOh1052_S396F,GOh1052,S396F,-6.952
5019,GOh1052_S396G,GOh1052,S396G,-2.055
5020,GOh1052_S396H,GOh1052,S396H,-7.808
5021,GOh1052_S396I,GOh1052,S396I,-5.613
5022,GOh1052_S396K,GOh1052,S396K,-6.046
5023,GOh1052_S396L,GOh1052,S396L,-5.422
5024,GOh1052_S396M,GOh1052,S396M,-7.184
5025,GOh1052_S396N,GOh1052,S396N,-3.928
5026,GOh1052_S396P,GOh1052,S396P,-4.616
5027,GOh1052_S396Q,GOh1052,S396Q,-4.975
5028,GOh1052_S396R,GOh1052,S396R,-7.495
5029,GOh1052_S396T,GOh1052,S396T,-3.618
5030,GOh1052_S396V,GOh1052,S396V,-4.673
5031,GOh1052_S396W,GOh1052,S396W,-7.845
5032,GOh1052_S396Y,GOh1052,S396Y,-6.474
5033,GOh1052_R398A,GOh1052,R398A,-5.978
5034,GOh1052_R398C,GOh1052,R398C,-11.09
5035,GOh1052_R398D,GOh1052,R398D,-6.717
5036,GOh1052_R398E,GOh1052,R398E,-6.621
5037,GOh1052_R398F,GOh1052,R398F,-8.427
5038,GOh1052_R398G,GOh1052,R398G,-6.358
5039,GOh1052_R398H,GOh1052,R398H,-8.008
5040,GOh1052_R398I,GOh1052,R398I,-5.997
5041,GOh1052_R398K,GOh1052,R398K,-5.725
5042,GOh1052_R398L,GOh1052,R398L,-6.826
5043,GOh1052_R398M,GOh1052,R398M,-8.135
5044,GOh1052_R398N,GOh1052,R398N,-6.485
5045,GOh1052_R398P,GOh1052,R398P,-5.759
5046,GOh1052_R398Q,GOh1052,R398Q,-6.239
5047,GOh1052_R398S,GOh1052,R398S,-6.339
5048,GOh1052_R398T,GOh1052,R398T,-5.933
5049,GOh1052_R398V,GOh1052,R398V,-5.405
5050,GOh1052_R398W,GOh1052,R398W,-9.017
5051,GOh1052_R398Y,GOh1052,R398Y,-8.214
5052,GOh1052_G399A,GOh1052,G399A,-6.313
5053,GOh1052_G399C,GOh1052,G399C,-12.199
5054,GOh1052_G399D,GOh1052,G399D,-6.391
5055,GOh1052_G399E,GOh1052,G399E,-8.271
5056,GOh1052_G399F,GOh1052,G399F,-9.855
5057,GOh1052_G399H,GOh1052,G399H,-10.096
5058,GOh1052_G399I,GOh1052,G399I,-9.259
5059,GOh1052_G399K,GOh1052,G399K,-8.55
5060,GOh1052_G399L,GOh1052,G399L,-8.935
5061,GOh1052_G399M,GOh1052,G399M,-9.895
5062,GOh1052_G399N,GOh1052,G399N,-6.234
5063,GOh1052_G399P,GOh1052,G399P,-7.357
5064,GOh1052_G399Q,GOh1052,G399Q,-8.094
5065,GOh1052_G399R,GOh1052,G399R,-8.485
5066,GOh1052_G399S,GOh1052,G399S,-6.104
5067,GOh1052_G399T,GOh1052,G399T,-6.916
5068,GOh1052_G399V,GOh1052,G399V,-8.533
5069,GOh1052_G399W,GOh1052,G399W,-9.807
5070,GOh1052_G399Y,GOh1052,G399Y,-9.362
5071,GOh1052_A401C,GOh1052,A401C,-10.276
5072,GOh1052_A401D,GOh1052,A401D,0.248
5073,GOh1052_A401E,GOh1052,A401E,-3.421
5074,GOh1052_A401F,GOh1052,A401F,-6.823
5075,GOh1052_A401G,GOh1052,A401G,-4.523
5076,GOh1052_A401H,GOh1052,A401H,-6.506
5077,GOh1052_A401I,GOh1052,A401I,-5.728
5078,GOh1052_A401K,GOh1052,A401K,-5.724
5079,GOh1052_A401L,GOh1052,A401L,-5.932
5080,GOh1052_A401M,GOh1052,A401M,-6.77
5081,GOh1052_A401N,GOh1052,A401N,-3.059
5082,GOh1052_A401P,GOh1052,A401P,-5.159
5083,GOh1052_A401Q,GOh1052,A401Q,-4.435
5084,GOh1052_A401R,GOh1052,A401R,-6.619
5085,GOh1052_A401S,GOh1052,A401S,-3.337
5086,GOh1052_A401T,GOh1052,A401T,-3.533
5087,GOh1052_A401V,GOh1052,A401V,-4.348
5088,GOh1052_A401W,GOh1052,A401W,-6.982
5089,GOh1052_A401Y,GOh1052,A401Y,-5.619
5090,GOh1052_P402A,GOh1052,P402A,-5.092
5091,GOh1052_P402C,GOh1052,P402C,-12.709
5092,GOh1052_P402D,GOh1052,P402D,-6.554
5093,GOh1052_P402E,GOh1052,P402E,-7.103
5094,GOh1052_P402F,GOh1052,P402F,-8.665
5095,GOh1052_P402G,GOh1052,P402G,-6.146
5096,GOh1052_P402H,GOh1052,P402H,-7.397
5097,GOh1052_P402I,GOh1052,P402I,-8.382
5098,GOh1052_P402K,GOh1052,P402K,-6.282
5099,GOh1052_P402L,GOh1052,P402L,-6.843
5100,GOh1052_P402M,GOh1052,P402M,-8.733
5101,GOh1052_P402N,GOh1052,P402N,-5.283
5102,GOh1052_P402Q,GOh1052,P402Q,-6.639
5103,GOh1052_P402R,GOh1052,P402R,-6.563
5104,GOh1052_P402S,GOh1052,P402S,-5.621
5105,GOh1052_P402T,GOh1052,P402T,-5.685
5106,GOh1052_P402V,GOh1052,P402V,-7.207
5107,GOh1052_P402W,GOh1052,P402W,-8.747
5108,GOh1052_P402Y,GOh1052,P402Y,-7.613
5109,GOh1052_A404C,GOh1052,A404C,-9.775
5110,GOh1052_A404D,GOh1052,A404D,-9.088
5111,GOh1052_A404E,GOh1052,A404E,-5.763
5112,GOh1052_A404F,GOh1052,A404F,-10.36
5113,GOh1052_A404G,GOh1052,A404G,-6.704
5114,GOh1052_A404H,GOh1052,A404H,-7.409
5115,GOh1052_A404I,GOh1052,A404I,-9.469
5116,GOh1052_A404K,GOh1052,A404K,-9.22
5117,GOh1052_A404L,GOh1052,A404L,-8.847
5118,GOh1052_A404M,GOh1052,A404M,-8.556
5119,GOh1052_A404N,GOh1052,A404N,-5.739
5120,GOh1052_A404P,GOh1052,A404P,-7.467
5121,GOh1052_A404Q,GOh1052,A404Q,-3.986
5122,GOh1052_A404R,GOh1052,A404R,-7.82
5123,GOh1052_A404S,GOh1052,A404S,-2.512
5124,GOh1052_A404T,GOh1052,A404T,-5.495
5125,GOh1052_A404V,GOh1052,A404V,-7.241
5126,GOh1052_A404W,GOh1052,A404W,-11.087
5127,GOh1052_A404Y,GOh1052,A404Y,-9.722
5128,GOh1052_D427A,GOh1052,D427A,-5.187
5129,GOh1052_D427C,GOh1052,D427C,-10.852
5130,GOh1052_D427E,GOh1052,D427E,-5.933
5131,GOh1052_D427F,GOh1052,D427F,-7.189
5132,GOh1052_D427G,GOh1052,D427G,-6.603
5133,GOh1052_D427H,GOh1052,D427H,-7.778
5134,GOh1052_D427I,GOh1052,D427I,-8.073
5135,GOh1052_D427K,GOh1052,D427K,-6.926
5136,GOh1052_D427L,GOh1052,D427L,-7.567
5137,GOh1052_D427M,GOh1052,D427M,-9.356
5138,GOh1052_D427N,GOh1052,D427N,-3.126
5139,GOh1052_D427P,GOh1052,D427P,-6.876
5140,GOh1052_D427Q,GOh1052,D427Q,-6.477
5141,GOh1052_D427R,GOh1052,D427R,-7.532
5142,GOh1052_D427S,GOh1052,D427S,-4.01
5143,GOh1052_D427T,GOh1052,D427T,-5.017
5144,GOh1052_D427V,GOh1052,D427V,-6.654
5145,GOh1052_D427W,GOh1052,D427W,-10.06
5146,GOh1052_D427Y,GOh1052,D427Y,-6.392
5147,GOh1052_T429A,GOh1052,T429A,-3.761
5148,GOh1052_T429C,GOh1052,T429C,-10.455
5149,GOh1052_T429D,GOh1052,T429D,-3.9
5150,GOh1052_T429E,GOh1052,T429E,-3.179
5151,GOh1052_T429F,GOh1052,T429F,-7.242
5152,GOh1052_T429G,GOh1052,T429G,-4.686
5153,GOh1052_T429H,GOh1052,T429H,-6.195
5154,GOh1052_T429I,GOh1052,T429I,-5.815
5155,GOh1052_T429K,GOh1052,T429K,-4.211
5156,GOh1052_T429L,GOh1052,T429L,-5.703
5157,GOh1052_T429M,GOh1052,T429M,-6.154
5158,GOh1052_T429N,GOh1052,T429N,-3.155
5159,GOh1052_T429P,GOh1052,T429P,-8.6
5160,GOh1052_T429Q,GOh1052,T429Q,-2.469
5161,GOh1052_T429R,GOh1052,T429R,-5.353
5162,GOh1052_T429S,GOh1052,T429S,-3.801
5163,GOh1052_T429V,GOh1052,T429V,-4.722
5164,GOh1052_T429W,GOh1052,T429W,-7.621
5165,GOh1052_T429Y,GOh1052,T429Y,-6.814
5166,GOh1052_D430A,GOh1052,D430A,-6.436
5167,GOh1052_D430C,GOh1052,D430C,-13.711
5168,GOh1052_D430E,GOh1052,D430E,-6.679
5169,GOh1052_D430F,GOh1052,D430F,-9.56
5170,GOh1052_D430G,GOh1052,D430G,-6.617
5171,GOh1052_D430H,GOh1052,D430H,-9.394
5172,GOh1052_D430I,GOh1052,D430I,-9.398
5173,GOh1052_D430K,GOh1052,D430K,-7.826
5174,GOh1052_D430L,GOh1052,D430L,-8.807
5175,GOh1052_D430M,GOh1052,D430M,-9.514
5176,GOh1052_D430N,GOh1052,D430N,-4.104
5177,GOh1052_D430P,GOh1052,D430P,-8.724
5178,GOh1052_D430Q,GOh1052,D430Q,-7.489
5179,GOh1052_D430R,GOh1052,D430R,-9.232
5180,GOh1052_D430S,GOh1052,D430S,-5.857
5181,GOh1052_D430T,GOh1052,D430T,-6.825
5182,GOh1052_D430V,GOh1052,D430V,-8.618
5183,GOh1052_D430W,GOh1052,D430W,-10.21
5184,GOh1052_D430Y,GOh1052,D430Y,-9.235
5185,GOh1052_D432A,GOh1052,D432A,-6.899
5186,GOh1052_D432C,GOh1052,D432C,-13.368
5187,GOh1052_D432E,GOh1052,D432E,-6.607
5188,GOh1052_D432F,GOh1052,D432F,-7.468
5189,GOh1052_D432G,GOh1052,D432G,-7.809
5190,GOh1052_D432H,GOh1052,D432H,-8.516
5191,GOh1052_D432I,GOh1052,D432I,-8.41
5192,GOh1052_D432K,GOh1052,D432K,-8.617
5193,GOh1052_D432L,GOh1052,D432L,-7.51
5194,GOh1052_D432M,GOh1052,D432M,-9.517
5195,GOh1052_D432N,GOh1052,D432N,-5.29
5196,GOh1052_D432P,GOh1052,D432P,-5.541
5197,GOh1052_D432Q,GOh1052,D432Q,-8.005
5198,GOh1052_D432R,GOh1052,D432R,-9.0
5199,GOh1052_D432S,GOh1052,D432S,-6.584
5200,GOh1052_D432T,GOh1052,D432T,-6.355
5201,GOh1052_D432V,GOh1052,D432V,-8.018
5202,GOh1052_D432W,GOh1052,D432W,-8.97
5203,GOh1052_D432Y,GOh1052,D432Y,-6.333
5204,GOh1052_T435A,GOh1052,T435A,-2.726
5205,GOh1052_T435C,GOh1052,T435C,-10.323
5206,GOh1052_T435D,GOh1052,T435D,-3.499
5207,GOh1052_T435E,GOh1052,T435E,-5.905
5208,GOh1052_T435F,GOh1052,T435F,-6.689
5209,GOh1052_T435G,GOh1052,T435G,-4.588
5210,GOh1052_T435H,GOh1052,T435H,-5.989
5211,GOh1052_T435I,GOh1052,T435I,-6.207
5212,GOh1052_T435K,GOh1052,T435K,-2.238
5213,GOh1052_T435L,GOh1052,T435L,-5.091
5214,GOh1052_T435M,GOh1052,T435M,-5.96
5215,GOh1052_T435N,GOh1052,T435N,-1.832
5216,GOh1052_T435P,GOh1052,T435P,-6.055
5217,GOh1052_T435Q,GOh1052,T435Q,-4.27
5218,GOh1052_T435R,GOh1052,T435R,-2.745
5219,GOh1052_T435S,GOh1052,T435S,-2.9
5220,GOh1052_T435V,GOh1052,T435V,-5.934
5221,GOh1052_T435W,GOh1052,T435W,-7.157
5222,GOh1052_T435Y,GOh1052,T435Y,-6.139
5223,GOh1052_N436A,GOh1052,N436A,-5.663
5224,GOh1052_N436C,GOh1052,N436C,-11.271
5225,GOh1052_N436D,GOh1052,N436D,-3.585
5226,GOh1052_N436E,GOh1052,N436E,-6.337
5227,GOh1052_N436F,GOh1052,N436F,-9.169
5228,GOh1052_N436G,GOh1052,N436G,-6.838
5229,GOh1052_N436H,GOh1052,N436H,-7.628
5230,GOh1052_N436I,GOh1052,N436I,-8.1
5231,GOh1052_N436K,GOh1052,N436K,-5.972
5232,GOh1052_N436L,GOh1052,N436L,-7.897
5233,GOh1052_N436M,GOh1052,N436M,-8.732
5234,GOh1052_N436P,GOh1052,N436P,-10.907
5235,GOh1052_N436Q,GOh1052,N436Q,-6.353
5236,GOh1052_N436R,GOh1052,N436R,-6.326
5237,GOh1052_N436S,GOh1052,N436S,-4.289
5238,GOh1052_N436T,GOh1052,N436T,-4.152
5239,GOh1052_N436V,GOh1052,N436V,-7.453
5240,GOh1052_N436W,GOh1052,N436W,-9.793
5241,GOh1052_N436Y,GOh1052,N436Y,-8.051
5242,GOh1052_G443A,GOh1052,G443A,-4.611
5243,GOh1052_G443C,GOh1052,G443C,-11.102
5244,GOh1052_G443D,GOh1052,G443D,-2.909
5245,GOh1052_G443E,GOh1052,G443E,-3.86
5246,GOh1052_G443F,GOh1052,G443F,-9.485
5247,GOh1052_G443H,GOh1052,G443H,-7.49
5248,GOh1052_G443I,GOh1052,G443I,-9.309
5249,GOh1052_G443K,GOh1052,G443K,-5.145
5250,GOh1052_G443L,GOh1052,G443L,-8.429
5251,GOh1052_G443M,GOh1052,G443M,-9.304
5252,GOh1052_G443N,GOh1052,G443N,-3.05
5253,GOh1052_G443P,GOh1052,G443P,-4.675
5254,GOh1052_G443Q,GOh1052,G443Q,-5.445
5255,GOh1052_G443R,GOh1052,G443R,-6.929
5256,GOh1052_G443S,GOh1052,G443S,-3.782
5257,GOh1052_G443T,GOh1052,G443T,-4.664
5258,GOh1052_G443V,GOh1052,G443V,-7.485
5259,GOh1052_G443W,GOh1052,G443W,-9.117
5260,GOh1052_G443Y,GOh1052,G443Y,-7.523
5261,GOh1052_T447A,GOh1052,T447A,-3.57
5262,GOh1052_T447C,GOh1052,T447C,-5.634
5263,GOh1052_T447D,GOh1052,T447D,-4.271
5264,GOh1052_T447E,GOh1052,T447E,-4.504
5265,GOh1052_T447F,GOh1052,T447F,-6.01
5266,GOh1052_T447G,GOh1052,T447G,-3.598
5267,GOh1052_T447H,GOh1052,T447H,-6.854
5268,GOh1052_T447I,GOh1052,T447I,-5.779
5269,GOh1052_T447K,GOh1052,T447K,-4.118
5270,GOh1052_T447L,GOh1052,T447L,-5.547
5271,GOh1052_T447M,GOh1052,T447M,-6.934
5272,GOh1052_T447N,GOh1052,T447N,-3.662
5273,GOh1052_T447P,GOh1052,T447P,-5.32
5274,GOh1052_T447Q,GOh1052,T447Q,-4.164
5275,GOh1052_T447R,GOh1052,T447R,-5.468
5276,GOh1052_T447S,GOh1052,T447S,-2.561
5277,GOh1052_T447V,GOh1052,T447V,-4.431
5278,GOh1052_T447W,GOh1052,T447W,-5.304
5279,GOh1052_T447Y,GOh1052,T447Y,-5.371
5280,GOh1052_S448A,GOh1052,S448A,-3.874
5281,GOh1052_S448C,GOh1052,S448C,-8.477
5282,GOh1052_S448D,GOh1052,S448D,-3.916
5283,GOh1052_S448E,GOh1052,S448E,-4.405
5284,GOh1052_S448F,GOh1052,S448F,-6.248
5285,GOh1052_S448G,GOh1052,S448G,-5.252
5286,GOh1052_S448H,GOh1052,S448H,-7.005
5287,GOh1052_S448I,GOh1052,S448I,-5.931
5288,GOh1052_S448K,GOh1052,S448K,-5.014
5289,GOh1052_S448L,GOh1052,S448L,-5.096
5290,GOh1052_S448M,GOh1052,S448M,-7.039
5291,GOh1052_S448N,GOh1052,S448N,-3.239
5292,GOh1052_S448P,GOh1052,S448P,-4.631
5293,GOh1052_S448Q,GOh1052,S448Q,-4.705
5294,GOh1052_S448R,GOh1052,S448R,-6.082
5295,GOh1052_S448T,GOh1052,S448T,-3.084
5296,GOh1052_S448V,GOh1052,S448V,-4.847
5297,GOh1052_S448W,GOh1052,S448W,-7.39
5298,GOh1052_S448Y,GOh1052,S448Y,-5.64
5299,GOh1052_N450A,GOh1052,N450A,-1.208
5300,GOh1052_N450C,GOh1052,N450C,-5.915
5301,GOh1052_N450D,GOh1052,N450D,-3.445
5302,GOh1052_N450E,GOh1052,N450E,-2.481
5303,GOh1052_N450F,GOh1052,N450F,-2.752
5304,GOh1052_N450G,GOh1052,N450G,-3.289
5305,GOh1052_N450H,GOh1052,N450H,-4.797
5306,GOh1052_N450I,GOh1052,N450I,-3.071
5307,GOh1052_N450K,GOh1052,N450K,-2.483
5308,GOh1052_N450L,GOh1052,N450L,-3.332
5309,GOh1052_N450M,GOh1052,N450M,-4.805
5310,GOh1052_N450P,GOh1052,N450P,0.964
5311,GOh1052_N450Q,GOh1052,N450Q,-2.405
5312,GOh1052_N450R,GOh1052,N450R,-3.741
5313,GOh1052_N450S,GOh1052,N450S,-1.362
5314,GOh1052_N450T,GOh1052,N450T,-1.512
5315,GOh1052_N450V,GOh1052,N450V,-1.715
5316,GOh1052_N450W,GOh1052,N450W,-3.772
5317,GOh1052_N450Y,GOh1052,N450Y,-2.512
5318,GOh1052_V452A,GOh1052,V452A,-2.854
5319,GOh1052_V452C,GOh1052,V452C,-8.579
5320,GOh1052_V452D,GOh1052,V452D,-4.139
5321,GOh1052_V452E,GOh1052,V452E,-3.198
5322,GOh1052_V452F,GOh1052,V452F,-5.79
5323,GOh1052_V452G,GOh1052,V452G,-4.134
5324,GOh1052_V452H,GOh1052,V452H,-5.671
5325,GOh1052_V452I,GOh1052,V452I,-5.154
5326,GOh1052_V452K,GOh1052,V452K,-2.595
5327,GOh1052_V452L,GOh1052,V452L,-5.097
5328,GOh1052_V452M,GOh1052,V452M,-6.358
5329,GOh1052_V452N,GOh1052,V452N,-3.821
5330,GOh1052_V452P,GOh1052,V452P,-4.704
5331,GOh1052_V452Q,GOh1052,V452Q,-3.077
5332,GOh1052_V452R,GOh1052,V452R,-2.973
5333,GOh1052_V452S,GOh1052,V452S,-1.715
5334,GOh1052_V452T,GOh1052,V452T,-1.959
5335,GOh1052_V452W,GOh1052,V452W,-3.262
5336,GOh1052_V452Y,GOh1052,V452Y,-5.043
5337,GOh1052_F453A,GOh1052,F453A,0.818
5338,GOh1052_F453C,GOh1052,F453C,-7.258
5339,GOh1052_F453D,GOh1052,F453D,-0.894
5340,GOh1052_F453E,GOh1052,F453E,-1.121
5341,GOh1052_F453G,GOh1052,F453G,-1.363
5342,GOh1052_F453H,GOh1052,F453H,-3.06
5343,GOh1052_F453I,GOh1052,F453I,-1.809
5344,GOh1052_F453K,GOh1052,F453K,1.032
5345,GOh1052_F453L,GOh1052,F453L,-1.125
5346,GOh1052_F453M,GOh1052,F453M,-3.14
5347,GOh1052_F453N,GOh1052,F453N,-0.239
5348,GOh1052_F453P,GOh1052,F453P,0.509
5349,GOh1052_F453Q,GOh1052,F453Q,-0.161
5350,GOh1052_F453R,GOh1052,F453R,-0.19
5351,GOh1052_F453S,GOh1052,F453S,0.975
5352,GOh1052_F453T,GOh1052,F453T,1.36
5353,GOh1052_F453V,GOh1052,F453V,0.163
5354,GOh1052_F453W,GOh1052,F453W,-4.019
5355,GOh1052_F453Y,GOh1052,F453Y,-2.47
5356,GOh1052_Y459A,GOh1052,Y459A,-0.375
5357,GOh1052_Y459C,GOh1052,Y459C,-7.897
5358,GOh1052_Y459D,GOh1052,Y459D,-2.512
5359,GOh1052_Y459E,GOh1052,Y459E,-2.59
5360,GOh1052_Y459F,GOh1052,Y459F,-4.148
5361,GOh1052_Y459G,GOh1052,Y459G,-0.996
5362,GOh1052_Y459H,GOh1052,Y459H,-1.527
5363,GOh1052_Y459I,GOh1052,Y459I,-4.511
5364,GOh1052_Y459K,GOh1052,Y459K,-1.835
5365,GOh1052_Y459L,GOh1052,Y459L,-3.61
5366,GOh1052_Y459M,GOh1052,Y459M,-4.683
5367,GOh1052_Y459N,GOh1052,Y459N,-0.568
5368,GOh1052_Y459P,GOh1052,Y459P,-2.995
5369,GOh1052_Y459Q,GOh1052,Y459Q,-1.556
5370,GOh1052_Y459R,GOh1052,Y459R,-2.393
5371,GOh1052_Y459S,GOh1052,Y459S,-0.148
5372,GOh1052_Y459T,GOh1052,Y459T,-1.264
5373,GOh1052_Y459V,GOh1052,Y459V,-3.639
5374,GOh1052_Y459W,GOh1052,Y459W,-6.029
5375,GOh1052_A461C,GOh1052,A461C,-12.675
5376,GOh1052_A461D,GOh1052,A461D,-6.886
5377,GOh1052_A461E,GOh1052,A461E,-5.345
5378,GOh1052_A461F,GOh1052,A461F,-9.357
5379,GOh1052_A461G,GOh1052,A461G,-3.806
5380,GOh1052_A461H,GOh1052,A461H,-7.19
5381,GOh1052_A461I,GOh1052,A461I,-9.21
5382,GOh1052_A461K,GOh1052,A461K,-4.514
5383,GOh1052_A461L,GOh1052,A461L,-8.677
5384,GOh1052_A461M,GOh1052,A461M,-9.327
5385,GOh1052_A461N,GOh1052,A461N,-5.154
5386,GOh1052_A461P,GOh1052,A461P,-3.019
5387,GOh1052_A461Q,GOh1052,A461Q,-5.309
5388,GOh1052_A461R,GOh1052,A461R,-5.059
5389,GOh1052_A461S,GOh1052,A461S,-4.905
5390,GOh1052_A461T,GOh1052,A461T,-5.505
5391,GOh1052_A461V,GOh1052,A461V,-7.824
5392,GOh1052_A461W,GOh1052,A461W,-10.484
5393,GOh1052_A461Y,GOh1052,A461Y,-7.923
5394,GOh1052_R482A,GOh1052,R482A,-3.647
5395,GOh1052_R482C,GOh1052,R482C,-11.666
5396,GOh1052_R482D,GOh1052,R482D,-6.249
5397,GOh1052_R482E,GOh1052,R482E,-4.823
5398,GOh1052_R482F,GOh1052,R482F,-7.853
5399,GOh1052_R482G,GOh1052,R482G,-4.516
5400,GOh1052_R482H,GOh1052,R482H,-5.871
5401,GOh1052_R482I,GOh1052,R482I,-6.209
5402,GOh1052_R482K,GOh1052,R482K,-3.019
5403,GOh1052_R482L,GOh1052,R482L,-5.302
5404,GOh1052_R482M,GOh1052,R482M,-6.268
5405,GOh1052_R482N,GOh1052,R482N,-5.248
5406,GOh1052_R482P,GOh1052,R482P,-5.194
5407,GOh1052_R482Q,GOh1052,R482Q,-2.929
5408,GOh1052_R482S,GOh1052,R482S,-4.197
5409,GOh1052_R482T,GOh1052,R482T,-3.628
5410,GOh1052_R482V,GOh1052,R482V,-5.357
5411,GOh1052_R482W,GOh1052,R482W,-8.809
5412,GOh1052_R482Y,GOh1052,R482Y,-7.946
5413,GOh1052_I485A,GOh1052,I485A,-6.412
5414,GOh1052_I485C,GOh1052,I485C,-11.585
5415,GOh1052_I485D,GOh1052,I485D,-7.806
5416,GOh1052_I485E,GOh1052,I485E,-6.527
5417,GOh1052_I485F,GOh1052,I485F,-6.448
5418,GOh1052_I485G,GOh1052,I485G,-9.009
5419,GOh1052_I485H,GOh1052,I485H,-6.713
5420,GOh1052_I485K,GOh1052,I485K,-5.406
5421,GOh1052_I485L,GOh1052,I485L,-3.486
5422,GOh1052_I485M,GOh1052,I485M,-6.059
5423,GOh1052_I485N,GOh1052,I485N,-6.194
5424,GOh1052_I485P,GOh1052,I485P,-10.073
5425,GOh1052_I485Q,GOh1052,I485Q,-5.826
5426,GOh1052_I485R,GOh1052,I485R,-5.614
5427,GOh1052_I485S,GOh1052,I485S,-7.022
5428,GOh1052_I485T,GOh1052,I485T,-5.103
5429,GOh1052_I485V,GOh1052,I485V,-2.699
5430,GOh1052_I485W,GOh1052,I485W,-8.574
5431,GOh1052_I485Y,GOh1052,I485Y,-6.315
5432,GOh1052_S490A,GOh1052,S490A,-3.852
5433,GOh1052_S490C,GOh1052,S490C,-12.055
5434,GOh1052_S490D,GOh1052,S490D,-3.947
5435,GOh1052_S490E,GOh1052,S490E,-5.181
5436,GOh1052_S490F,GOh1052,S490F,-6.882
5437,GOh1052_S490G,GOh1052,S490G,-4.933
5438,GOh1052_S490H,GOh1052,S490H,-7.625
5439,GOh1052_S490I,GOh1052,S490I,-7.006
5440,GOh1052_S490K,GOh1052,S490K,-5.65
5441,GOh1052_S490L,GOh1052,S490L,-6.282
5442,GOh1052_S490M,GOh1052,S490M,-7.854
5443,GOh1052_S490N,GOh1052,S490N,-4.364
5444,GOh1052_S490P,GOh1052,S490P,-7.594
5445,GOh1052_S490Q,GOh1052,S490Q,-5.974
5446,GOh1052_S490R,GOh1052,S490R,-6.575
5447,GOh1052_S490T,GOh1052,S490T,-3.887
5448,GOh1052_S490V,GOh1052,S490V,-6.268
5449,GOh1052_S490W,GOh1052,S490W,-8.082
5450,GOh1052_S490Y,GOh1052,S490Y,-6.527
5451,GOh1052_T495A,GOh1052,T495A,-3.408
5452,GOh1052_T495C,GOh1052,T495C,-11.718
5453,GOh1052_T495D,GOh1052,T495D,-4.26
5454,GOh1052_T495E,GOh1052,T495E,-3.141
5455,GOh1052_T495F,GOh1052,T495F,-5.786
5456,GOh1052_T495G,GOh1052,T495G,-7.993
5457,GOh1052_T495H,GOh1052,T495H,-7.34
5458,GOh1052_T495I,GOh1052,T495I,-2.848
5459,GOh1052_T495K,GOh1052,T495K,-6.393
5460,GOh1052_T495L,GOh1052,T495L,-4.047
5461,GOh1052_T495M,GOh1052,T495M,-5.4
5462,GOh1052_T495N,GOh1052,T495N,-3.244
5463,GOh1052_T495P,GOh1052,T495P,-7.243
5464,GOh1052_T495Q,GOh1052,T495Q,-3.179
5465,GOh1052_T495R,GOh1052,T495R,-6.792
5466,GOh1052_T495S,GOh1052,T495S,-4.953
5467,GOh1052_T495V,GOh1052,T495V,-2.238
5468,GOh1052_T495W,GOh1052,T495W,-6.344
5469,GOh1052_T495Y,GOh1052,T495Y,-4.809
5470,GOh1052_V500A,GOh1052,V500A,-5.886
5471,GOh1052_V500C,GOh1052,V500C,-7.255
5472,GOh1052_V500D,GOh1052,V500D,-2.536
5473,GOh1052_V500E,GOh1052,V500E,-5.902
5474,GOh1052_V500F,GOh1052,V500F,-4.113
5475,GOh1052_V500G,GOh1052,V500G,-9.557
5476,GOh1052_V500H,GOh1052,V500H,-3.297
5477,GOh1052_V500I,GOh1052,V500I,-3.939
5478,GOh1052_V500K,GOh1052,V500K,-3.36
5479,GOh1052_V500L,GOh1052,V500L,-3.748
5480,GOh1052_V500M,GOh1052,V500M,-5.829
5481,GOh1052_V500N,GOh1052,V500N,-2.296
5482,GOh1052_V500P,GOh1052,V500P,-9.93
5483,GOh1052_V500Q,GOh1052,V500Q,-5.128
5484,GOh1052_V500R,GOh1052,V500R,-3.681
5485,GOh1052_V500S,GOh1052,V500S,-2.777
5486,GOh1052_V500T,GOh1052,V500T,-6.502
5487,GOh1052_V500W,GOh1052,V500W,-6.477
5488,GOh1052_V500Y,GOh1052,V500Y,-3.382
5489,GOh1052_E502A,GOh1052,E502A,-2.636
5490,GOh1052_E502C,GOh1052,E502C,-10.011
5491,GOh1052_E502D,GOh1052,E502D,-3.391
5492,GOh1052_E502F,GOh1052,E502F,-7.926
5493,GOh1052_E502G,GOh1052,E502G,-3.595
5494,GOh1052_E502H,GOh1052,E502H,-7.764
5495,GOh1052_E502I,GOh1052,E502I,-7.692
5496,GOh1052_E502K,GOh1052,E502K,-4.718
5497,GOh1052_E502L,GOh1052,E502L,-6.609
5498,GOh1052_E502M,GOh1052,E502M,-8.464
5499,GOh1052_E502N,GOh1052,E502N,-4.497
5500,GOh1052_E502P,GOh1052,E502P,-9.005
5501,GOh1052_E502Q,GOh1052,E502Q,-4.567
5502,GOh1052_E502R,GOh1052,E502R,-6.209
5503,GOh1052_E502S,GOh1052,E502S,-1.638
5504,GOh1052_E502T,GOh1052,E502T,-4.932
5505,GOh1052_E502V,GOh1052,E502V,-6.777
5506,GOh1052_E502W,GOh1052,E502W,-7.798
5507,GOh1052_E502Y,GOh1052,E502Y,-6.487
5508,GOh1052_D504A,GOh1052,D504A,-6.779
5509,GOh1052_D504C,GOh1052,D504C,-13.15
5510,GOh1052_D504E,GOh1052,D504E,-4.44
5511,GOh1052_D504F,GOh1052,D504F,-11.565
5512,GOh1052_D504G,GOh1052,D504G,-4.394
5513,GOh1052_D504H,GOh1052,D504H,-8.109
5514,GOh1052_D504I,GOh1052,D504I,-11.062
5515,GOh1052_D504K,GOh1052,D504K,-4.853
5516,GOh1052_D504L,GOh1052,D504L,-9.67
5517,GOh1052_D504M,GOh1052,D504M,-9.956
5518,GOh1052_D504N,GOh1052,D504N,-2.226
5519,GOh1052_D504P,GOh1052,D504P,-11.897
5520,GOh1052_D504Q,GOh1052,D504Q,-5.163
5521,GOh1052_D504R,GOh1052,D504R,-6.242
5522,GOh1052_D504S,GOh1052,D504S,-6.553
5523,GOh1052_D504T,GOh1052,D504T,-8.357
5524,GOh1052_D504V,GOh1052,D504V,-9.327
5525,GOh1052_D504W,GOh1052,D504W,-11.783
5526,GOh1052_D504Y,GOh1052,D504Y,-10.398
5527,GOh1052_Y507A,GOh1052,Y507A,-4.116
5528,GOh1052_Y507C,GOh1052,Y507C,-8.141
5529,GOh1052_Y507D,GOh1052,Y507D,-7.319
5530,GOh1052_Y507E,GOh1052,Y507E,-4.541
5531,GOh1052_Y507F,GOh1052,Y507F,-4.53
5532,GOh1052_Y507G,GOh1052,Y507G,-7.161
5533,GOh1052_Y507H,GOh1052,Y507H,-5.314
5534,GOh1052_Y507I,GOh1052,Y507I,-1.316
5535,GOh1052_Y507K,GOh1052,Y507K,-2.173
5536,GOh1052_Y507L,GOh1052,Y507L,-3.397
5537,GOh1052_Y507M,GOh1052,Y507M,-5.468
5538,GOh1052_Y507N,GOh1052,Y507N,-5.962
5539,GOh1052_Y507P,GOh1052,Y507P,-11.118
5540,GOh1052_Y507Q,GOh1052,Y507Q,-3.419
5541,GOh1052_Y507R,GOh1052,Y507R,-2.405
5542,GOh1052_Y507S,GOh1052,Y507S,-2.925
5543,GOh1052_Y507T,GOh1052,Y507T,-1.226
5544,GOh1052_Y507V,GOh1052,Y507V,-1.041
5545,GOh1052_Y507W,GOh1052,Y507W,-6.369
5546,GOh1052_K508A,GOh1052,K508A,-3.386
5547,GOh1052_K508C,GOh1052,K508C,-9.391
5548,GOh1052_K508D,GOh1052,K508D,-5.635
5549,GOh1052_K508E,GOh1052,K508E,-4.479
5550,GOh1052_K508F,GOh1052,K508F,-5.598
5551,GOh1052_K508G,GOh1052,K508G,-5.995
5552,GOh1052_K508H,GOh1052,K508H,-6.044
5553,GOh1052_K508I,GOh1052,K508I,-4.635
5554,GOh1052_K508L,GOh1052,K508L,-4.09
5555,GOh1052_K508M,GOh1052,K508M,-5.436
5556,GOh1052_K508N,GOh1052,K508N,-4.722
5557,GOh1052_K508P,GOh1052,K508P,-4.004
5558,GOh1052_K508Q,GOh1052,K508Q,-2.905
5559,GOh1052_K508R,GOh1052,K508R,-3.175
5560,GOh1052_K508S,GOh1052,K508S,-3.971
5561,GOh1052_K508T,GOh1052,K508T,-2.54
5562,GOh1052_K508V,GOh1052,K508V,-3.687
5563,GOh1052_K508W,GOh1052,K508W,-6.818
5564,GOh1052_K508Y,GOh1052,K508Y,-4.36
5565,GOh1052_T542A,GOh1052,T542A,-4.409
5566,GOh1052_T542C,GOh1052,T542C,-10.49
5567,GOh1052_T542D,GOh1052,T542D,-5.691
5568,GOh1052_T542E,GOh1052,T542E,-6.199
5569,GOh1052_T542F,GOh1052,T542F,-7.781
5570,GOh1052_T542G,GOh1052,T542G,-4.872
5571,GOh1052_T542H,GOh1052,T542H,-6.749
5572,GOh1052_T542I,GOh1052,T542I,-7.675
5573,GOh1052_T542K,GOh1052,T542K,-4.743
5574,GOh1052_T542L,GOh1052,T542L,-6.925
5575,GOh1052_T542M,GOh1052,T542M,-8.023
5576,GOh1052_T542N,GOh1052,T542N,-4.648
5577,GOh1052_T542P,GOh1052,T542P,-6.363
5578,GOh1052_T542Q,GOh1052,T542Q,-5.784
5579,GOh1052_T542R,GOh1052,T542R,-6.053
5580,GOh1052_T542S,GOh1052,T542S,-2.989
5581,GOh1052_T542V,GOh1052,T542V,-6.095
5582,GOh1052_T542W,GOh1052,T542W,-10.215
5583,GOh1052_T542Y,GOh1052,T542Y,-7.645
5584,GOh1052_F546A,GOh1052,F546A,-7.781
5585,GOh1052_F546C,GOh1052,F546C,-11.688
5586,GOh1052_F546D,GOh1052,F546D,-9.481
5587,GOh1052_F546E,GOh1052,F546E,-9.567
5588,GOh1052_F546G,GOh1052,F546G,-9.47
5589,GOh1052_F546H,GOh1052,F546H,-6.798
5590,GOh1052_F546I,GOh1052,F546I,-8.291
5591,GOh1052_F546K,GOh1052,F546K,-7.948
5592,GOh1052_F546L,GOh1052,F546L,-4.708
5593,GOh1052_F546M,GOh1052,F546M,-7.161
5594,GOh1052_F546N,GOh1052,F546N,-7.999
5595,GOh1052_F546P,GOh1052,F546P,-5.402
5596,GOh1052_F546Q,GOh1052,F546Q,-7.817
5597,GOh1052_F546R,GOh1052,F546R,-8.046
5598,GOh1052_F546S,GOh1052,F546S,-7.743
5599,GOh1052_F546T,GOh1052,F546T,-7.318
5600,GOh1052_F546V,GOh1052,F546V,-8.125
5601,GOh1052_F546W,GOh1052,F546W,-7.622
5602,GOh1052_F546Y,GOh1052,F546Y,-3.391
5603,GOh1052_A548C,GOh1052,A548C,-10.444
5604,GOh1052_A548D,GOh1052,A548D,-10.286
5605,GOh1052_A548E,GOh1052,A548E,-11.244
5606,GOh1052_A548F,GOh1052,A548F,-9.422
5607,GOh1052_A548G,GOh1052,A548G,-3.248
5608,GOh1052_A548H,GOh1052,A548H,-10.701
5609,GOh1052_A548I,GOh1052,A548I,-8.921
5610,GOh1052_A548K,GOh1052,A548K,-13.689
5611,GOh1052_A548L,GOh1052,A548L,-8.828
5612,GOh1052_A548M,GOh1052,A548M,-8.205
5613,GOh1052_A548N,GOh1052,A548N,-8.989
5614,GOh1052_A548P,GOh1052,A548P,-10.803
5615,GOh1052_A548Q,GOh1052,A548Q,-10.294
5616,GOh1052_A548R,GOh1052,A548R,-14.027
5617,GOh1052_A548S,GOh1052,A548S,-6.573
5618,GOh1052_A548T,GOh1052,A548T,-7.106
5619,GOh1052_A548V,GOh1052,A548V,-7.125
5620,GOh1052_A548W,GOh1052,A548W,-11.887
5621,GOh1052_A548Y,GOh1052,A548Y,-10.746
5622,GOh1052_Q549A,GOh1052,Q549A,-7.118
5623,GOh1052_Q549C,GOh1052,Q549C,-13.38
5624,GOh1052_Q549D,GOh1052,Q549D,-10.877
5625,GOh1052_Q549E,GOh1052,Q549E,-5.778
5626,GOh1052_Q549F,GOh1052,Q549F,-12.178
5627,GOh1052_Q549G,GOh1052,Q549G,-10.538
5628,GOh1052_Q549H,GOh1052,Q549H,-9.965
5629,GOh1052_Q549I,GOh1052,Q549I,-12.871
5630,GOh1052_Q549K,GOh1052,Q549K,-10.666
5631,GOh1052_Q549L,GOh1052,Q549L,-10.898
5632,GOh1052_Q549M,GOh1052,Q549M,-9.365
5633,GOh1052_Q549N,GOh1052,Q549N,-9.447
5634,GOh1052_Q549P,GOh1052,Q549P,-15.249
5635,GOh1052_Q549R,GOh1052,Q549R,-10.502
5636,GOh1052_Q549S,GOh1052,Q549S,-8.311
5637,GOh1052_Q549T,GOh1052,Q549T,-8.864
5638,GOh1052_Q549V,GOh1052,Q549V,-11.066
5639,GOh1052_Q549W,GOh1052,Q549W,-12.395
5640,GOh1052_Q549Y,GOh1052,Q549Y,-11.096
5641,GOh1052_N554A,GOh1052,N554A,-1.155
5642,GOh1052_N554C,GOh1052,N554C,-9.665
5643,GOh1052_N554D,GOh1052,N554D,-3.296
5644,GOh1052_N554E,GOh1052,N554E,-4.37
5645,GOh1052_N554F,GOh1052,N554F,-6.522
5646,GOh1052_N554G,GOh1052,N554G,-1.615
5647,GOh1052_N554H,GOh1052,N554H,-4.393
5648,GOh1052_N554I,GOh1052,N554I,-8.945
5649,GOh1052_N554K,GOh1052,N554K,-4.176
5650,GOh1052_N554L,GOh1052,N554L,-6.627
5651,GOh1052_N554M,GOh1052,N554M,-8.56
5652,GOh1052_N554P,GOh1052,N554P,1.861
5653,GOh1052_N554Q,GOh1052,N554Q,-4.212
5654,GOh1052_N554R,GOh1052,N554R,-4.581
5655,GOh1052_N554S,GOh1052,N554S,-0.842
5656,GOh1052_N554T,GOh1052,N554T,-3.896
5657,GOh1052_N554V,GOh1052,N554V,-7.029
5658,GOh1052_N554W,GOh1052,N554W,-5.839
5659,GOh1052_N554Y,GOh1052,N554Y,-4.268
5660,GOh1052_Y557A,GOh1052,Y557A,-9.794
5661,GOh1052_Y557C,GOh1052,Y557C,-10.722
5662,GOh1052_Y557D,GOh1052,Y557D,-11.548
5663,GOh1052_Y557E,GOh1052,Y557E,-11.111
5664,GOh1052_Y557F,GOh1052,Y557F,-0.466
5665,GOh1052_Y557G,GOh1052,Y557G,-11.782
5666,GOh1052_Y557H,GOh1052,Y557H,-9.333
5667,GOh1052_Y557I,GOh1052,Y557I,-6.355
5668,GOh1052_Y557K,GOh1052,Y557K,-8.746
5669,GOh1052_Y557L,GOh1052,Y557L,-1.919
5670,GOh1052_Y557M,GOh1052,Y557M,-6.02
5671,GOh1052_Y557N,GOh1052,Y557N,-9.995
5672,GOh1052_Y557P,GOh1052,Y557P,-12.709
5673,GOh1052_Y557Q,GOh1052,Y557Q,-9.067
5674,GOh1052_Y557R,GOh1052,Y557R,-8.626
5675,GOh1052_Y557S,GOh1052,Y557S,-8.995
5676,GOh1052_Y557T,GOh1052,Y557T,-7.617
5677,GOh1052_Y557V,GOh1052,Y557V,-7.109
5678,GOh1052_Y557W,GOh1052,Y557W,-8.075
5679,GOh1052_D558A,GOh1052,D558A,-9.541
5680,GOh1052_D558C,GOh1052,D558C,-15.634
5681,GOh1052_D558E,GOh1052,D558E,-10.37
5682,GOh1052_D558F,GOh1052,D558F,-13.383
5683,GOh1052_D558G,GOh1052,D558G,-7.813
5684,GOh1052_D558H,GOh1052,D558H,-13.063
5685,GOh1052_D558I,GOh1052,D558I,-13.412
5686,GOh1052_D558K,GOh1052,D558K,-10.23
5687,GOh1052_D558L,GOh1052,D558L,-10.954
5688,GOh1052_D558M,GOh1052,D558M,-12.132
5689,GOh1052_D558N,GOh1052,D558N,-7.238
5690,GOh1052_D558P,GOh1052,D558P,-12.832
5691,GOh1052_D558Q,GOh1052,D558Q,-9.434
5692,GOh1052_D558R,GOh1052,D558R,-11.861
5693,GOh1052_D558S,GOh1052,D558S,-8.555
5694,GOh1052_D558T,GOh1052,D558T,-8.613
5695,GOh1052_D558V,GOh1052,D558V,-12.94
5696,GOh1052_D558W,GOh1052,D558W,-14.404
5697,GOh1052_D558Y,GOh1052,D558Y,-11.436
5698,GOh1052_S559A,GOh1052,S559A,-3.665
5699,GOh1052_S559C,GOh1052,S559C,-12.419
5700,GOh1052_S559D,GOh1052,S559D,-6.537
5701,GOh1052_S559E,GOh1052,S559E,-5.136
5702,GOh1052_S559F,GOh1052,S559F,-9.915
5703,GOh1052_S559G,GOh1052,S559G,-5.268
5704,GOh1052_S559H,GOh1052,S559H,-9.1
5705,GOh1052_S559I,GOh1052,S559I,-8.047
5706,GOh1052_S559K,GOh1052,S559K,-4.733
5707,GOh1052_S559L,GOh1052,S559L,-7.852
5708,GOh1052_S559M,GOh1052,S559M,-9.281
5709,GOh1052_S559N,GOh1052,S559N,-5.534
5710,GOh1052_S559P,GOh1052,S559P,-6.974
5711,GOh1052_S559Q,GOh1052,S559Q,-5.041
5712,GOh1052_S559R,GOh1052,S559R,-6.84
5713,GOh1052_S559T,GOh1052,S559T,-5.129
5714,GOh1052_S559V,GOh1052,S559V,-6.665
5715,GOh1052_S559W,GOh1052,S559W,-11.196
5716,GOh1052_S559Y,GOh1052,S559Y,-9.351
5717,GOh1052_N560A,GOh1052,N560A,-5.911
5718,GOh1052_N560C,GOh1052,N560C,-11.54
5719,GOh1052_N560D,GOh1052,N560D,-6.498
5720,GOh1052_N560E,GOh1052,N560E,-7.093
5721,GOh1052_N560F,GOh1052,N560F,-9.608
5722,GOh1052_N560G,GOh1052,N560G,-6.696
5723,GOh1052_N560H,GOh1052,N560H,-8.1
5724,GOh1052_N560I,GOh1052,N560I,-10.697
5725,GOh1052_N560K,GOh1052,N560K,-6.09
5726,GOh1052_N560L,GOh1052,N560L,-7.93
5727,GOh1052_N560M,GOh1052,N560M,-9.26
5728,GOh1052_N560P,GOh1052,N560P,-13.05
5729,GOh1052_N560Q,GOh1052,N560Q,-5.301
5730,GOh1052_N560R,GOh1052,N560R,-7.559
5731,GOh1052_N560S,GOh1052,N560S,-3.806
5732,GOh1052_N560T,GOh1052,N560T,-6.724
5733,GOh1052_N560V,GOh1052,N560V,-9.94
5734,GOh1052_N560W,GOh1052,N560W,-11.01
5735,GOh1052_N560Y,GOh1052,N560Y,-8.499
5736,GOh1052_L563A,GOh1052,L563A,-3.609
5737,GOh1052_L563C,GOh1052,L563C,-11.363
5738,GOh1052_L563D,GOh1052,L563D,-7.645
5739,GOh1052_L563E,GOh1052,L563E,-5.411
5740,GOh1052_L563F,GOh1052,L563F,-6.072
5741,GOh1052_L563G,GOh1052,L563G,-7.754
5742,GOh1052_L563H,GOh1052,L563H,-7.999
5743,GOh1052_L563I,GOh1052,L563I,-5.958
5744,GOh1052_L563K,GOh1052,L563K,-5.666
5745,GOh1052_L563M,GOh1052,L563M,-7.52
5746,GOh1052_L563N,GOh1052,L563N,-6.609
5747,GOh1052_L563P,GOh1052,L563P,-2.928
5748,GOh1052_L563Q,GOh1052,L563Q,-4.728
5749,GOh1052_L563R,GOh1052,L563R,-5.692
5750,GOh1052_L563S,GOh1052,L563S,-5.11
5751,GOh1052_L563T,GOh1052,L563T,-5.253
5752,GOh1052_L563V,GOh1052,L563V,-4.778
5753,GOh1052_L563W,GOh1052,L563W,-7.6
5754,GOh1052_L563Y,GOh1052,L563Y,-5.524
5755,GOh1052_T565A,GOh1052,T565A,-4.17
5756,GOh1052_T565C,GOh1052,T565C,-11.657
5757,GOh1052_T565D,GOh1052,T565D,-5.987
5758,GOh1052_T565E,GOh1052,T565E,-5.598
5759,GOh1052_T565F,GOh1052,T565F,-9.402
5760,GOh1052_T565G,GOh1052,T565G,-6.801
5761,GOh1052_T565H,GOh1052,T565H,-8.046
5762,GOh1052_T565I,GOh1052,T565I,-6.348
5763,GOh1052_T565K,GOh1052,T565K,-5.324
5764,GOh1052_T565L,GOh1052,T565L,-6.439
5765,GOh1052_T565M,GOh1052,T565M,-8.165
5766,GOh1052_T565N,GOh1052,T565N,-4.999
5767,GOh1052_T565P,GOh1052,T565P,-3.974
5768,GOh1052_T565Q,GOh1052,T565Q,-4.23
5769,GOh1052_T565R,GOh1052,T565R,-6.028
5770,GOh1052_T565S,GOh1052,T565S,-4.013
5771,GOh1052_T565V,GOh1052,T565V,-4.682
5772,GOh1052_T565W,GOh1052,T565W,-10.652
5773,GOh1052_T565Y,GOh1052,T565Y,-8.196
5774,GOh1052_K568A,GOh1052,K568A,-4.507
5775,GOh1052_K568C,GOh1052,K568C,-11.317
5776,GOh1052_K568D,GOh1052,K568D,-7.894
5777,GOh1052_K568E,GOh1052,K568E,-6.406
5778,GOh1052_K568F,GOh1052,K568F,-8.707
5779,GOh1052_K568G,GOh1052,K568G,-6.934
5780,GOh1052_K568H,GOh1052,K568H,-7.525
5781,GOh1052_K568I,GOh1052,K568I,-6.013
5782,GOh1052_K568L,GOh1052,K568L,-6.267
5783,GOh1052_K568M,GOh1052,K568M,-7.425
5784,GOh1052_K568N,GOh1052,K568N,-5.235
5785,GOh1052_K568P,GOh1052,K568P,-9.826
5786,GOh1052_K568Q,GOh1052,K568Q,-4.961
5787,GOh1052_K568R,GOh1052,K568R,-4.661
5788,GOh1052_K568S,GOh1052,K568S,-3.998
5789,GOh1052_K568T,GOh1052,K568T,-3.658
5790,GOh1052_K568V,GOh1052,K568V,-4.254
5791,GOh1052_K568W,GOh1052,K568W,-9.93
5792,GOh1052_K568Y,GOh1052,K568Y,-8.226
5793,GOh1052_R571A,GOh1052,R571A,-1.121
5794,GOh1052_R571C,GOh1052,R571C,-6.383
5795,GOh1052_R571D,GOh1052,R571D,-2.486
5796,GOh1052_R571E,GOh1052,R571E,-2.757
5797,GOh1052_R571F,GOh1052,R571F,-5.087
5798,GOh1052_R571G,GOh1052,R571G,0.55
5799,GOh1052_R571H,GOh1052,R571H,-4.9
5800,GOh1052_R571I,GOh1052,R571I,-5.621
5801,GOh1052_R571K,GOh1052,R571K,-2.43
5802,GOh1052_R571L,GOh1052,R571L,-4.524
5803,GOh1052_R571M,GOh1052,R571M,-6.071
5804,GOh1052_R571N,GOh1052,R571N,-0.918
5805,GOh1052_R571P,GOh1052,R571P,-5.783
5806,GOh1052_R571Q,GOh1052,R571Q,-2.185
5807,GOh1052_R571S,GOh1052,R571S,1.247
5808,GOh1052_R571T,GOh1052,R571T,-1.558
5809,GOh1052_R571V,GOh1052,R571V,-4.463
5810,GOh1052_R571W,GOh1052,R571W,-5.965
5811,GOh1052_R571Y,GOh1052,R571Y,-3.99
5812,GOh1052_T574A,GOh1052,T574A,-2.85
5813,GOh1052_T574C,GOh1052,T574C,-9.78
5814,GOh1052_T574D,GOh1052,T574D,-5.432
5815,GOh1052_T574E,GOh1052,T574E,-6.258
5816,GOh1052_T574F,GOh1052,T574F,-8.559
5817,GOh1052_T574G,GOh1052,T574G,-4.995
5818,GOh1052_T574H,GOh1052,T574H,-8.116
5819,GOh1052_T574I,GOh1052,T574I,-7.389
5820,GOh1052_T574K,GOh1052,T574K,-6.248
5821,GOh1052_T574L,GOh1052,T574L,-6.9
5822,GOh1052_T574M,GOh1052,T574M,-8.091
5823,GOh1052_T574N,GOh1052,T574N,-5.158
5824,GOh1052_T574P,GOh1052,T574P,-5.389
5825,GOh1052_T574Q,GOh1052,T574Q,-5.312
5826,GOh1052_T574R,GOh1052,T574R,-6.848
5827,GOh1052_T574S,GOh1052,T574S,-3.11
5828,GOh1052_T574V,GOh1052,T574V,-5.194
5829,GOh1052_T574W,GOh1052,T574W,-9.489
5830,GOh1052_T574Y,GOh1052,T574Y,-7.968
5831,GOh1052_Q575A,GOh1052,Q575A,-2.334
5832,GOh1052_Q575C,GOh1052,Q575C,-7.972
5833,GOh1052_Q575D,GOh1052,Q575D,-2.174
5834,GOh1052_Q575E,GOh1052,Q575E,-3.609
5835,GOh1052_Q575F,GOh1052,Q575F,-6.375
5836,GOh1052_Q575G,GOh1052,Q575G,-2.485
5837,GOh1052_Q575H,GOh1052,Q575H,-5.531
5838,GOh1052_Q575I,GOh1052,Q575I,-6.089
5839,GOh1052_Q575K,GOh1052,Q575K,-2.519
5840,GOh1052_Q575L,GOh1052,Q575L,-5.008
5841,GOh1052_Q575M,GOh1052,Q575M,-6.094
5842,GOh1052_Q575N,GOh1052,Q575N,-1.713
5843,GOh1052_Q575P,GOh1052,Q575P,-3.627
5844,GOh1052_Q575R,GOh1052,Q575R,-3.407
5845,GOh1052_Q575S,GOh1052,Q575S,-0.356
5846,GOh1052_Q575T,GOh1052,Q575T,-0.637
5847,GOh1052_Q575V,GOh1052,Q575V,-5.052
5848,GOh1052_Q575W,GOh1052,Q575W,-7.253
5849,GOh1052_Q575Y,GOh1052,Q575Y,-4.884
5850,GOh1052_S576A,GOh1052,S576A,-5.385
5851,GOh1052_S576C,GOh1052,S576C,-9.458
5852,GOh1052_S576D,GOh1052,S576D,-4.466
5853,GOh1052_S576E,GOh1052,S576E,-4.483
5854,GOh1052_S576F,GOh1052,S576F,-7.746
5855,GOh1052_S576G,GOh1052,S576G,-7.123
5856,GOh1052_S576H,GOh1052,S576H,-7.746
5857,GOh1052_S576I,GOh1052,S576I,-6.927
5858,GOh1052_S576K,GOh1052,S576K,-5.817
5859,GOh1052_S576L,GOh1052,S576L,-6.663
5860,GOh1052_S576M,GOh1052,S576M,-8.06
5861,GOh1052_S576N,GOh1052,S576N,-3.98
5862,GOh1052_S576P,GOh1052,S576P,-8.732
5863,GOh1052_S576Q,GOh1052,S576Q,-4.722
5864,GOh1052_S576R,GOh1052,S576R,-6.373
5865,GOh1052_S576T,GOh1052,S576T,-3.552
5866,GOh1052_S576V,GOh1052,S576V,-5.878
5867,GOh1052_S576W,GOh1052,S576W,-9.09
5868,GOh1052_S576Y,GOh1052,S576Y,-7.151
5869,GOh1052_K578A,GOh1052,K578A,-2.658
5870,GOh1052_K578C,GOh1052,K578C,-7.783
5871,GOh1052_K578D,GOh1052,K578D,-5.528
5872,GOh1052_K578E,GOh1052,K578E,-5.427
5873,GOh1052_K578F,GOh1052,K578F,-6.987
5874,GOh1052_K578G,GOh1052,K578G,-3.621
5875,GOh1052_K578H,GOh1052,K578H,-6.645
5876,GOh1052_K578I,GOh1052,K578I,-6.37
5877,GOh1052_K578L,GOh1052,K578L,-5.71
5878,GOh1052_K578M,GOh1052,K578M,-6.904
5879,GOh1052_K578N,GOh1052,K578N,-3.968
5880,GOh1052_K578P,GOh1052,K578P,-4.008
5881,GOh1052_K578Q,GOh1052,K578Q,-4.308
5882,GOh1052_K578R,GOh1052,K578R,-3.995
5883,GOh1052_K578S,GOh1052,K578S,-2.785
5884,GOh1052_K578T,GOh1052,K578T,-3.316
5885,GOh1052_K578V,GOh1052,K578V,-4.646
5886,GOh1052_K578W,GOh1052,K578W,-9.031
5887,GOh1052_K578Y,GOh1052,K578Y,-6.172
5888,GOh1052_V579A,GOh1052,V579A,-4.883
5889,GOh1052_V579C,GOh1052,V579C,-10.167
5890,GOh1052_V579D,GOh1052,V579D,-10.205
5891,GOh1052_V579E,GOh1052,V579E,-8.874
5892,GOh1052_V579F,GOh1052,V579F,-5.746
5893,GOh1052_V579G,GOh1052,V579G,-8.515
5894,GOh1052_V579H,GOh1052,V579H,-7.142
5895,GOh1052_V579I,GOh1052,V579I,-4.528
5896,GOh1052_V579K,GOh1052,V579K,-7.427
5897,GOh1052_V579L,GOh1052,V579L,-4.395
5898,GOh1052_V579M,GOh1052,V579M,-6.727
5899,GOh1052_V579N,GOh1052,V579N,-7.76
5900,GOh1052_V579P,GOh1052,V579P,-4.894
5901,GOh1052_V579Q,GOh1052,V579Q,-6.671
5902,GOh1052_V579R,GOh1052,V579R,-6.182
5903,GOh1052_V579S,GOh1052,V579S,-6.836
5904,GOh1052_V579T,GOh1052,V579T,-5.706
5905,GOh1052_V579W,GOh1052,V579W,-8.065
5906,GOh1052_V579Y,GOh1052,V579Y,-5.43
5907,GOh1052_G581A,GOh1052,G581A,-6.172
5908,GOh1052_G581C,GOh1052,G581C,-11.875
5909,GOh1052_G581D,GOh1052,G581D,-4.67
5910,GOh1052_G581E,GOh1052,G581E,-4.735
5911,GOh1052_G581F,GOh1052,G581F,-11.709
5912,GOh1052_G581H,GOh1052,G581H,-8.852
5913,GOh1052_G581I,GOh1052,G581I,-11.892
5914,GOh1052_G581K,GOh1052,G581K,-6.843
5915,GOh1052_G581L,GOh1052,G581L,-11.036
5916,GOh1052_G581M,GOh1052,G581M,-10.071
5917,GOh1052_G581N,GOh1052,G581N,-5.458
5918,GOh1052_G581P,GOh1052,G581P,-12.324
5919,GOh1052_G581Q,GOh1052,G581Q,-4.557
5920,GOh1052_G581R,GOh1052,G581R,-7.289
5921,GOh1052_G581S,GOh1052,G581S,-4.243
5922,GOh1052_G581T,GOh1052,G581T,-5.874
5923,GOh1052_G581V,GOh1052,G581V,-10.132
5924,GOh1052_G581W,GOh1052,G581W,-12.1
5925,GOh1052_G581Y,GOh1052,G581Y,-9.211
5926,GOh1052_R582A,GOh1052,R582A,-3.556
5927,GOh1052_R582C,GOh1052,R582C,-9.805
5928,GOh1052_R582D,GOh1052,R582D,-4.776
5929,GOh1052_R582E,GOh1052,R582E,-4.317
5930,GOh1052_R582F,GOh1052,R582F,-5.979
5931,GOh1052_R582G,GOh1052,R582G,-5.143
5932,GOh1052_R582H,GOh1052,R582H,-5.771
5933,GOh1052_R582I,GOh1052,R582I,-4.046
5934,GOh1052_R582K,GOh1052,R582K,-2.509
5935,GOh1052_R582L,GOh1052,R582L,-4.808
5936,GOh1052_R582M,GOh1052,R582M,-4.747
5937,GOh1052_R582N,GOh1052,R582N,-1.829
5938,GOh1052_R582P,GOh1052,R582P,-5.596
5939,GOh1052_R582Q,GOh1052,R582Q,-2.816
5940,GOh1052_R582S,GOh1052,R582S,-0.757
5941,GOh1052_R582T,GOh1052,R582T,-0.173
5942,GOh1052_R582V,GOh1052,R582V,-3.569
5943,GOh1052_R582W,GOh1052,R582W,-7.215
5944,GOh1052_R582Y,GOh1052,R582Y,-5.401
5945,GOh1052_T584A,GOh1052,T584A,-5.743
5946,GOh1052_T584C,GOh1052,T584C,-11.204
5947,GOh1052_T584D,GOh1052,T584D,-4.119
5948,GOh1052_T584E,GOh1052,T584E,-5.145
5949,GOh1052_T584F,GOh1052,T584F,-7.66
5950,GOh1052_T584G,GOh1052,T584G,-6.004
5951,GOh1052_T584H,GOh1052,T584H,-7.967
5952,GOh1052_T584I,GOh1052,T584I,-7.17
5953,GOh1052_T584K,GOh1052,T584K,-6.71
5954,GOh1052_T584L,GOh1052,T584L,-7.212
5955,GOh1052_T584M,GOh1052,T584M,-8.098
5956,GOh1052_T584N,GOh1052,T584N,-3.904
5957,GOh1052_T584P,GOh1052,T584P,-8.173
5958,GOh1052_T584Q,GOh1052,T584Q,-5.183
5959,GOh1052_T584R,GOh1052,T584R,-6.654
5960,GOh1052_T584S,GOh1052,T584S,-3.67
5961,GOh1052_T584V,GOh1052,T584V,-6.084
5962,GOh1052_T584W,GOh1052,T584W,-8.085
5963,GOh1052_T584Y,GOh1052,T584Y,-6.456
5964,GOh1052_S586A,GOh1052,S586A,-4.508
5965,GOh1052_S586C,GOh1052,S586C,-9.808
5966,GOh1052_S586D,GOh1052,S586D,-2.779
5967,GOh1052_S586E,GOh1052,S586E,-3.248
5968,GOh1052_S586F,GOh1052,S586F,-6.51
5969,GOh1052_S586G,GOh1052,S586G,-3.135
5970,GOh1052_S586H,GOh1052,S586H,-5.896
5971,GOh1052_S586I,GOh1052,S586I,-7.104
5972,GOh1052_S586K,GOh1052,S586K,-5.336
5973,GOh1052_S586L,GOh1052,S586L,-6.633
5974,GOh1052_S586M,GOh1052,S586M,-7.22
5975,GOh1052_S586N,GOh1052,S586N,-3.721
5976,GOh1052_S586P,GOh1052,S586P,-9.637
5977,GOh1052_S586Q,GOh1052,S586Q,-3.493
5978,GOh1052_S586R,GOh1052,S586R,-5.468
5979,GOh1052_S586T,GOh1052,S586T,-2.371
5980,GOh1052_S586V,GOh1052,S586V,-5.952
5981,GOh1052_S586W,GOh1052,S586W,-6.717
5982,GOh1052_S586Y,GOh1052,S586Y,-4.32
5983,GOh1052_D588A,GOh1052,D588A,-6.858
5984,GOh1052_D588C,GOh1052,D588C,-14.541
5985,GOh1052_D588E,GOh1052,D588E,-8.482
5986,GOh1052_D588F,GOh1052,D588F,-11.962
5987,GOh1052_D588G,GOh1052,D588G,-6.568
5988,GOh1052_D588H,GOh1052,D588H,-11.348
5989,GOh1052_D588I,GOh1052,D588I,-11.452
5990,GOh1052_D588K,GOh1052,D588K,-9.823
5991,GOh1052_D588L,GOh1052,D588L,-10.729
5992,GOh1052_D588M,GOh1052,D588M,-12.122
5993,GOh1052_D588N,GOh1052,D588N,-4.261
5994,GOh1052_D588P,GOh1052,D588P,-5.737
5995,GOh1052_D588Q,GOh1052,D588Q,-8.087
5996,GOh1052_D588R,GOh1052,D588R,-11.05
5997,GOh1052_D588S,GOh1052,D588S,-3.753
5998,GOh1052_D588T,GOh1052,D588T,-5.324
5999,GOh1052_D588V,GOh1052,D588V,-9.98
6000,GOh1052_D588W,GOh1052,D588W,-12.779
6001,GOh1052_D588Y,GOh1052,D588Y,-10.877
6002,GOh1052_S589A,GOh1052,S589A,-5.878
6003,GOh1052_S589C,GOh1052,S589C,-13.808
6004,GOh1052_S589D,GOh1052,S589D,-7.986
6005,GOh1052_S589E,GOh1052,S589E,-7.994
6006,GOh1052_S589F,GOh1052,S589F,-11.366
6007,GOh1052_S589G,GOh1052,S589G,-5.563
6008,GOh1052_S589H,GOh1052,S589H,-10.655
6009,GOh1052_S589I,GOh1052,S589I,-10.596
6010,GOh1052_S589K,GOh1052,S589K,-8.115
6011,GOh1052_S589L,GOh1052,S589L,-9.485
6012,GOh1052_S589M,GOh1052,S589M,-10.692
6013,GOh1052_S589N,GOh1052,S589N,-6.986
6014,GOh1052_S589P,GOh1052,S589P,-11.022
6015,GOh1052_S589Q,GOh1052,S589Q,-5.97
6016,GOh1052_S589R,GOh1052,S589R,-7.873
6017,GOh1052_S589T,GOh1052,S589T,-5.685
6018,GOh1052_S589V,GOh1052,S589V,-8.72
6019,GOh1052_S589W,GOh1052,S589W,-13.231
6020,GOh1052_S589Y,GOh1052,S589Y,-10.608
6021,GOh1052_S590A,GOh1052,S590A,-2.478
6022,GOh1052_S590C,GOh1052,S590C,-12.804
6023,GOh1052_S590D,GOh1052,S590D,-6.181
6024,GOh1052_S590E,GOh1052,S590E,-6.235
6025,GOh1052_S590F,GOh1052,S590F,-8.963
6026,GOh1052_S590G,GOh1052,S590G,-5.412
6027,GOh1052_S590H,GOh1052,S590H,-9.021
6028,GOh1052_S590I,GOh1052,S590I,-7.188
6029,GOh1052_S590K,GOh1052,S590K,-5.455
6030,GOh1052_S590L,GOh1052,S590L,-6.685
6031,GOh1052_S590M,GOh1052,S590M,-7.402
6032,GOh1052_S590N,GOh1052,S590N,-3.734
6033,GOh1052_S590P,GOh1052,S590P,-3.787
6034,GOh1052_S590Q,GOh1052,S590Q,-4.593
6035,GOh1052_S590R,GOh1052,S590R,-6.674
6036,GOh1052_S590T,GOh1052,S590T,-2.562
6037,GOh1052_S590V,GOh1052,S590V,-5.103
6038,GOh1052_S590W,GOh1052,S590W,-10.449
6039,GOh1052_S590Y,GOh1052,S590Y,-8.446
6040,GOh1052_T592A,GOh1052,T592A,-2.072
6041,GOh1052_T592C,GOh1052,T592C,-12.731
6042,GOh1052_T592D,GOh1052,T592D,-6.164
6043,GOh1052_T592E,GOh1052,T592E,-6.333
6044,GOh1052_T592F,GOh1052,T592F,-8.615
6045,GOh1052_T592G,GOh1052,T592G,-5.283
6046,GOh1052_T592H,GOh1052,T592H,-9.412
6047,GOh1052_T592I,GOh1052,T592I,-7.607
6048,GOh1052_T592K,GOh1052,T592K,-6.204
6049,GOh1052_T592L,GOh1052,T592L,-7.09
6050,GOh1052_T592M,GOh1052,T592M,-8.628
6051,GOh1052_T592N,GOh1052,T592N,-5.354
6052,GOh1052_T592P,GOh1052,T592P,-7.757
6053,GOh1052_T592Q,GOh1052,T592Q,-5.003
6054,GOh1052_T592R,GOh1052,T592R,-7.102
6055,GOh1052_T592S,GOh1052,T592S,-2.488
6056,GOh1052_T592V,GOh1052,T592V,-5.009
6057,GOh1052_T592W,GOh1052,T592W,-9.551
6058,GOh1052_T592Y,GOh1052,T592Y,-7.4
6059,GOh1052_K593A,GOh1052,K593A,-5.336
6060,GOh1052_K593C,GOh1052,K593C,-12.787
6061,GOh1052_K593D,GOh1052,K593D,-6.655
6062,GOh1052_K593E,GOh1052,K593E,-6.502
6063,GOh1052_K593F,GOh1052,K593F,-9.321
6064,GOh1052_K593G,GOh1052,K593G,-5.752
6065,GOh1052_K593H,GOh1052,K593H,-6.903
6066,GOh1052_K593I,GOh1052,K593I,-9.484
6067,GOh1052_K593L,GOh1052,K593L,-8.197
6068,GOh1052_K593M,GOh1052,K593M,-7.837
6069,GOh1052_K593N,GOh1052,K593N,-4.799
6070,GOh1052_K593P,GOh1052,K593P,-13.053
6071,GOh1052_K593Q,GOh1052,K593Q,-4.431
6072,GOh1052_K593R,GOh1052,K593R,-5.167
6073,GOh1052_K593S,GOh1052,K593S,-2.94
6074,GOh1052_K593T,GOh1052,K593T,-4.173
6075,GOh1052_K593V,GOh1052,K593V,-7.92
6076,GOh1052_K593W,GOh1052,K593W,-10.103
6077,GOh1052_K593Y,GOh1052,K593Y,-8.368
6078,GOh1052_A594C,GOh1052,A594C,-12.708
6079,GOh1052_A594D,GOh1052,A594D,-13.978
6080,GOh1052_A594E,GOh1052,A594E,-13.82
6081,GOh1052_A594F,GOh1052,A594F,-11.528
6082,GOh1052_A594G,GOh1052,A594G,-6.303
6083,GOh1052_A594H,GOh1052,A594H,-14.929
6084,GOh1052_A594I,GOh1052,A594I,-11.179
6085,GOh1052_A594K,GOh1052,A594K,-16.504
6086,GOh1052_A594L,GOh1052,A594L,-10.875
6087,GOh1052_A594M,GOh1052,A594M,-11.852
6088,GOh1052_A594N,GOh1052,A594N,-14.155
6089,GOh1052_A594P,GOh1052,A594P,-11.055
6090,GOh1052_A594Q,GOh1052,A594Q,-14.164
6091,GOh1052_A594R,GOh1052,A594R,-16.205
6092,GOh1052_A594S,GOh1052,A594S,-9.232
6093,GOh1052_A594T,GOh1052,A594T,-9.253
6094,GOh1052_A594V,GOh1052,A594V,-7.454
6095,GOh1052_A594W,GOh1052,A594W,-14.138
6096,GOh1052_A594Y,GOh1052,A594Y,-13.071
6097,GOh1052_S595A,GOh1052,S595A,-4.117
6098,GOh1052_S595C,GOh1052,S595C,-9.709
6099,GOh1052_S595D,GOh1052,S595D,-8.142
6100,GOh1052_S595E,GOh1052,S595E,-7.909
6101,GOh1052_S595F,GOh1052,S595F,-10.42
6102,GOh1052_S595G,GOh1052,S595G,-8.942
6103,GOh1052_S595H,GOh1052,S595H,-10.064
6104,GOh1052_S595I,GOh1052,S595I,-8.632
6105,GOh1052_S595K,GOh1052,S595K,-13.461
6106,GOh1052_S595L,GOh1052,S595L,-10.277
6107,GOh1052_S595M,GOh1052,S595M,-8.898
6108,GOh1052_S595N,GOh1052,S595N,-7.602
6109,GOh1052_S595P,GOh1052,S595P,-13.468
6110,GOh1052_S595Q,GOh1052,S595Q,-8.932
6111,GOh1052_S595R,GOh1052,S595R,-12.188
6112,GOh1052_S595T,GOh1052,S595T,-3.828
6113,GOh1052_S595V,GOh1052,S595V,-4.757
6114,GOh1052_S595W,GOh1052,S595W,-11.459
6115,GOh1052_S595Y,GOh1052,S595Y,-9.412
6116,GOh1052_Y599A,GOh1052,Y599A,-6.823
6117,GOh1052_Y599C,GOh1052,Y599C,-9.429
6118,GOh1052_Y599D,GOh1052,Y599D,-9.24
6119,GOh1052_Y599E,GOh1052,Y599E,-8.467
6120,GOh1052_Y599F,GOh1052,Y599F,-3.502
6121,GOh1052_Y599G,GOh1052,Y599G,-9.158
6122,GOh1052_Y599H,GOh1052,Y599H,-5.846
6123,GOh1052_Y599I,GOh1052,Y599I,-5.254
6124,GOh1052_Y599K,GOh1052,Y599K,-9.979
6125,GOh1052_Y599L,GOh1052,Y599L,-2.021
6126,GOh1052_Y599M,GOh1052,Y599M,-1.988
6127,GOh1052_Y599N,GOh1052,Y599N,-3.339
6128,GOh1052_Y599P,GOh1052,Y599P,-7.05
6129,GOh1052_Y599Q,GOh1052,Y599Q,-6.089
6130,GOh1052_Y599R,GOh1052,Y599R,-9.379
6131,GOh1052_Y599S,GOh1052,Y599S,-6.397
6132,GOh1052_Y599T,GOh1052,Y599T,-4.309
6133,GOh1052_Y599V,GOh1052,Y599V,-5.3
6134,GOh1052_Y599W,GOh1052,Y599W,-5.444
6135,GOh1052_G600A,GOh1052,G600A,-5.588
6136,GOh1052_G600C,GOh1052,G600C,-9.012
6137,GOh1052_G600D,GOh1052,G600D,-10.838
6138,GOh1052_G600E,GOh1052,G600E,-11.415
6139,GOh1052_G600F,GOh1052,G600F,-11.217
6140,GOh1052_G600H,GOh1052,G600H,-12.303
6141,GOh1052_G600I,GOh1052,G600I,-8.58
6142,GOh1052_G600K,GOh1052,G600K,-15.864
6143,GOh1052_G600L,GOh1052,G600L,-9.449
6144,GOh1052_G600M,GOh1052,G600M,-7.328
6145,GOh1052_G600N,GOh1052,G600N,-8.038
6146,GOh1052_G600P,GOh1052,G600P,-7.707
6147,GOh1052_G600Q,GOh1052,G600Q,-10.35
6148,GOh1052_G600R,GOh1052,G600R,-14.533
6149,GOh1052_G600S,GOh1052,G600S,-4.035
6150,GOh1052_G600T,GOh1052,G600T,-6.593
6151,GOh1052_G600V,GOh1052,G600V,-7.477
6152,GOh1052_G600W,GOh1052,G600W,-13.179
6153,GOh1052_G600Y,GOh1052,G600Y,-12.975
6154,GOh1052_A602C,GOh1052,A602C,-9.253
6155,GOh1052_A602D,GOh1052,A602D,-8.668
6156,GOh1052_A602E,GOh1052,A602E,-9.492
6157,GOh1052_A602F,GOh1052,A602F,-10.263
6158,GOh1052_A602G,GOh1052,A602G,-8.965
6159,GOh1052_A602H,GOh1052,A602H,-9.923
6160,GOh1052_A602I,GOh1052,A602I,-7.207
6161,GOh1052_A602K,GOh1052,A602K,-11.602
6162,GOh1052_A602L,GOh1052,A602L,-8.638
6163,GOh1052_A602M,GOh1052,A602M,-8.187
6164,GOh1052_A602N,GOh1052,A602N,-6.454
6165,GOh1052_A602P,GOh1052,A602P,-7.661
6166,GOh1052_A602Q,GOh1052,A602Q,-6.837
6167,GOh1052_A602R,GOh1052,A602R,-11.82
6168,GOh1052_A602S,GOh1052,A602S,-4.309
6169,GOh1052_A602T,GOh1052,A602T,-4.759
6170,GOh1052_A602V,GOh1052,A602V,-3.9
6171,GOh1052_A602W,GOh1052,A602W,-11.668
6172,GOh1052_A602Y,GOh1052,A602Y,-10.599
6173,GOh1052_N607A,GOh1052,N607A,-10.994
6174,GOh1052_N607C,GOh1052,N607C,-14.216
6175,GOh1052_N607D,GOh1052,N607D,-6.704
6176,GOh1052_N607E,GOh1052,N607E,-12.064
6177,GOh1052_N607F,GOh1052,N607F,-13.698
6178,GOh1052_N607G,GOh1052,N607G,-10.707
6179,GOh1052_N607H,GOh1052,N607H,-9.471
6180,GOh1052_N607I,GOh1052,N607I,-12.734
6181,GOh1052_N607K,GOh1052,N607K,-14.143
6182,GOh1052_N607L,GOh1052,N607L,-13.542
6183,GOh1052_N607M,GOh1052,N607M,-13.326
6184,GOh1052_N607P,GOh1052,N607P,-13.638
6185,GOh1052_N607Q,GOh1052,N607Q,-11.836
6186,GOh1052_N607R,GOh1052,N607R,-14.682
6187,GOh1052_N607S,GOh1052,N607S,-9.011
6188,GOh1052_N607T,GOh1052,N607T,-10.706
6189,GOh1052_N607V,GOh1052,N607V,-12.179
6190,GOh1052_N607W,GOh1052,N607W,-15.453
6191,GOh1052_N607Y,GOh1052,N607Y,-12.849
6192,GOh1052_P614A,GOh1052,P614A,-6.948
6193,GOh1052_P614C,GOh1052,P614C,-15.905
6194,GOh1052_P614D,GOh1052,P614D,-6.994
6195,GOh1052_P614E,GOh1052,P614E,-8.03
6196,GOh1052_P614F,GOh1052,P614F,-10.046
6197,GOh1052_P614G,GOh1052,P614G,-8.014
6198,GOh1052_P614H,GOh1052,P614H,-10.729
6199,GOh1052_P614I,GOh1052,P614I,-10.736
6200,GOh1052_P614K,GOh1052,P614K,-10.039
6201,GOh1052_P614L,GOh1052,P614L,-8.435
6202,GOh1052_P614M,GOh1052,P614M,-10.085
6203,GOh1052_P614N,GOh1052,P614N,-7.724
6204,GOh1052_P614Q,GOh1052,P614Q,-8.287
6205,GOh1052_P614R,GOh1052,P614R,-10.858
6206,GOh1052_P614S,GOh1052,P614S,-7.321
6207,GOh1052_P614T,GOh1052,P614T,-8.499
6208,GOh1052_P614V,GOh1052,P614V,-9.561
6209,GOh1052_P614W,GOh1052,P614W,-11.625
6210,GOh1052_P614Y,GOh1052,P614Y,-10.355
6211,GOh1052_T616A,GOh1052,T616A,-5.599
6212,GOh1052_T616C,GOh1052,T616C,-12.991
6213,GOh1052_T616D,GOh1052,T616D,-6.473
6214,GOh1052_T616E,GOh1052,T616E,-6.267
6215,GOh1052_T616F,GOh1052,T616F,-9.501
6216,GOh1052_T616G,GOh1052,T616G,-7.371
6217,GOh1052_T616H,GOh1052,T616H,-9.573
6218,GOh1052_T616I,GOh1052,T616I,-7.427
6219,GOh1052_T616K,GOh1052,T616K,-6.275
6220,GOh1052_T616L,GOh1052,T616L,-7.642
6221,GOh1052_T616M,GOh1052,T616M,-8.646
6222,GOh1052_T616N,GOh1052,T616N,-5.331
6223,GOh1052_T616P,GOh1052,T616P,-7.206
6224,GOh1052_T616Q,GOh1052,T616Q,-6.015
6225,GOh1052_T616R,GOh1052,T616R,-7.399
6226,GOh1052_T616S,GOh1052,T616S,-4.702
6227,GOh1052_T616V,GOh1052,T616V,-6.117
6228,GOh1052_T616W,GOh1052,T616W,-10.856
6229,GOh1052_T616Y,GOh1052,T616Y,-8.824
6230,GOh1052_L617A,GOh1052,L617A,-5.623
6231,GOh1052_L617C,GOh1052,L617C,-10.328
6232,GOh1052_L617D,GOh1052,L617D,-9.548
6233,GOh1052_L617E,GOh1052,L617E,-8.92
6234,GOh1052_L617F,GOh1052,L617F,-5.474
6235,GOh1052_L617G,GOh1052,L617G,-7.246
6236,GOh1052_L617H,GOh1052,L617H,-9.024
6237,GOh1052_L617I,GOh1052,L617I,-4.341
6238,GOh1052_L617K,GOh1052,L617K,-8.451
6239,GOh1052_L617M,GOh1052,L617M,-5.774
6240,GOh1052_L617N,GOh1052,L617N,-8.076
6241,GOh1052_L617P,GOh1052,L617P,-5.946
6242,GOh1052_L617Q,GOh1052,L617Q,-7.785
6243,GOh1052_L617R,GOh1052,L617R,-8.56
6244,GOh1052_L617S,GOh1052,L617S,-5.889
6245,GOh1052_L617T,GOh1052,L617T,-5.375
6246,GOh1052_L617V,GOh1052,L617V,-4.046
6247,GOh1052_L617W,GOh1052,L617W,-7.924
6248,GOh1052_L617Y,GOh1052,L617Y,-6.547
6249,GOh1052_T618A,GOh1052,T618A,-6.159
6250,GOh1052_T618C,GOh1052,T618C,-12.394
6251,GOh1052_T618D,GOh1052,T618D,-7.297
6252,GOh1052_T618E,GOh1052,T618E,-6.785
6253,GOh1052_T618F,GOh1052,T618F,-7.779
6254,GOh1052_T618G,GOh1052,T618G,-8.029
6255,GOh1052_T618H,GOh1052,T618H,-9.297
6256,GOh1052_T618I,GOh1052,T618I,-6.147
6257,GOh1052_T618K,GOh1052,T618K,-7.582
6258,GOh1052_T618L,GOh1052,T618L,-6.785
6259,GOh1052_T618M,GOh1052,T618M,-8.861
6260,GOh1052_T618N,GOh1052,T618N,-6.493
6261,GOh1052_T618P,GOh1052,T618P,-10.916
6262,GOh1052_T618Q,GOh1052,T618Q,-6.247
6263,GOh1052_T618R,GOh1052,T618R,-7.247
6264,GOh1052_T618S,GOh1052,T618S,-4.5
6265,GOh1052_T618V,GOh1052,T618V,-5.414
6266,GOh1052_T618W,GOh1052,T618W,-9.762
6267,GOh1052_T618Y,GOh1052,T618Y,-7.766
6268,GOh1052_N619A,GOh1052,N619A,-3.491
6269,GOh1052_N619C,GOh1052,N619C,-11.137
6270,GOh1052_N619D,GOh1052,N619D,-3.817
6271,GOh1052_N619E,GOh1052,N619E,-6.929
6272,GOh1052_N619F,GOh1052,N619F,-8.822
6273,GOh1052_N619G,GOh1052,N619G,-5.178
6274,GOh1052_N619H,GOh1052,N619H,-6.076
6275,GOh1052_N619I,GOh1052,N619I,-8.68
6276,GOh1052_N619K,GOh1052,N619K,-5.16
6277,GOh1052_N619L,GOh1052,N619L,-7.034
6278,GOh1052_N619M,GOh1052,N619M,-8.572
6279,GOh1052_N619P,GOh1052,N619P,-4.109
6280,GOh1052_N619Q,GOh1052,N619Q,-5.224
6281,GOh1052_N619R,GOh1052,N619R,-5.871
6282,GOh1052_N619S,GOh1052,N619S,-2.646
6283,GOh1052_N619T,GOh1052,N619T,-5.281
6284,GOh1052_N619V,GOh1052,N619V,-6.967
6285,GOh1052_N619W,GOh1052,N619W,-8.758
6286,GOh1052_N619Y,GOh1052,N619Y,-7.179
6287,GOh1052_N620A,GOh1052,N620A,-5.519
6288,GOh1052_N620C,GOh1052,N620C,-10.901
6289,GOh1052_N620D,GOh1052,N620D,-5.922
6290,GOh1052_N620E,GOh1052,N620E,-5.003
6291,GOh1052_N620F,GOh1052,N620F,-7.48
6292,GOh1052_N620G,GOh1052,N620G,-5.978
6293,GOh1052_N620H,GOh1052,N620H,-6.326
6294,GOh1052_N620I,GOh1052,N620I,-7.181
6295,GOh1052_N620K,GOh1052,N620K,-6.7
6296,GOh1052_N620L,GOh1052,N620L,-5.151
6297,GOh1052_N620M,GOh1052,N620M,-6.671
6298,GOh1052_N620P,GOh1052,N620P,-9.122
6299,GOh1052_N620Q,GOh1052,N620Q,-4.678
6300,GOh1052_N620R,GOh1052,N620R,-6.908
6301,GOh1052_N620S,GOh1052,N620S,-5.035
6302,GOh1052_N620T,GOh1052,N620T,-5.253
6303,GOh1052_N620V,GOh1052,N620V,-6.79
6304,GOh1052_N620W,GOh1052,N620W,-9.026
6305,GOh1052_N620Y,GOh1052,N620Y,-6.764
6306,GOh1052_G621A,GOh1052,G621A,-7.248
6307,GOh1052_G621C,GOh1052,G621C,-11.77
6308,GOh1052_G621D,GOh1052,G621D,-8.553
6309,GOh1052_G621E,GOh1052,G621E,-9.309
6310,GOh1052_G621F,GOh1052,G621F,-9.65
6311,GOh1052_G621H,GOh1052,G621H,-10.425
6312,GOh1052_G621I,GOh1052,G621I,-10.317
6313,GOh1052_G621K,GOh1052,G621K,-9.847
6314,GOh1052_G621L,GOh1052,G621L,-9.184
6315,GOh1052_G621M,GOh1052,G621M,-10.964
6316,GOh1052_G621N,GOh1052,G621N,-6.172
6317,GOh1052_G621P,GOh1052,G621P,-9.375
6318,GOh1052_G621Q,GOh1052,G621Q,-8.563
6319,GOh1052_G621R,GOh1052,G621R,-8.887
6320,GOh1052_G621S,GOh1052,G621S,-5.152
6321,GOh1052_G621T,GOh1052,G621T,-7.374
6322,GOh1052_G621V,GOh1052,G621V,-9.46
6323,GOh1052_G621W,GOh1052,G621W,-10.121
6324,GOh1052_G621Y,GOh1052,G621Y,-8.665
6325,GOh1052_G622A,GOh1052,G622A,-4.857
6326,GOh1052_G622C,GOh1052,G622C,-10.175
6327,GOh1052_G622D,GOh1052,G622D,-4.985
6328,GOh1052_G622E,GOh1052,G622E,-7.734
6329,GOh1052_G622F,GOh1052,G622F,-7.97
6330,GOh1052_G622H,GOh1052,G622H,-8.607
6331,GOh1052_G622I,GOh1052,G622I,-7.977
6332,GOh1052_G622K,GOh1052,G622K,-7.056
6333,GOh1052_G622L,GOh1052,G622L,-7.217
6334,GOh1052_G622M,GOh1052,G622M,-8.988
6335,GOh1052_G622N,GOh1052,G622N,-2.931
6336,GOh1052_G622P,GOh1052,G622P,-7.384
6337,GOh1052_G622Q,GOh1052,G622Q,-6.695
6338,GOh1052_G622R,GOh1052,G622R,-6.913
6339,GOh1052_G622S,GOh1052,G622S,-3.045
6340,GOh1052_G622T,GOh1052,G622T,-4.271
6341,GOh1052_G622V,GOh1052,G622V,-7.115
6342,GOh1052_G622W,GOh1052,G622W,-9.383
6343,GOh1052_G622Y,GOh1052,G622Y,-7.585
6344,GOh1052_N623A,GOh1052,N623A,-6.725
6345,GOh1052_N623C,GOh1052,N623C,-11.079
6346,GOh1052_N623D,GOh1052,N623D,-7.153
6347,GOh1052_N623E,GOh1052,N623E,-8.959
6348,GOh1052_N623F,GOh1052,N623F,-9.191
6349,GOh1052_N623G,GOh1052,N623G,-3.477
6350,GOh1052_N623H,GOh1052,N623H,-8.069
6351,GOh1052_N623I,GOh1052,N623I,-9.503
6352,GOh1052_N623K,GOh1052,N623K,-5.675
6353,GOh1052_N623L,GOh1052,N623L,-7.688
6354,GOh1052_N623M,GOh1052,N623M,-7.385
6355,GOh1052_N623P,GOh1052,N623P,-9.689
6356,GOh1052_N623Q,GOh1052,N623Q,-6.164
6357,GOh1052_N623R,GOh1052,N623R,-6.076
6358,GOh1052_N623S,GOh1052,N623S,-4.43
6359,GOh1052_N623T,GOh1052,N623T,-5.035
6360,GOh1052_N623V,GOh1052,N623V,-8.898
6361,GOh1052_N623W,GOh1052,N623W,-11.524
6362,GOh1052_N623Y,GOh1052,N623Y,-8.288
6363,GOh1052_S624A,GOh1052,S624A,-5.841
6364,GOh1052_S624C,GOh1052,S624C,-10.813
6365,GOh1052_S624D,GOh1052,S624D,-5.793
6366,GOh1052_S624E,GOh1052,S624E,-5.994
6367,GOh1052_S624F,GOh1052,S624F,-9.396
6368,GOh1052_S624G,GOh1052,S624G,-6.362
6369,GOh1052_S624H,GOh1052,S624H,-9.711
6370,GOh1052_S624I,GOh1052,S624I,-7.678
6371,GOh1052_S624K,GOh1052,S624K,-6.8
6372,GOh1052_S624L,GOh1052,S624L,-7.262
6373,GOh1052_S624M,GOh1052,S624M,-8.314
6374,GOh1052_S624N,GOh1052,S624N,-4.872
6375,GOh1052_S624P,GOh1052,S624P,-11.031
6376,GOh1052_S624Q,GOh1052,S624Q,-5.062
6377,GOh1052_S624R,GOh1052,S624R,-6.837
6378,GOh1052_S624T,GOh1052,S624T,-3.752
6379,GOh1052_S624V,GOh1052,S624V,-6.894
6380,GOh1052_S624W,GOh1052,S624W,-10.514
6381,GOh1052_S624Y,GOh1052,S624Y,-8.73
6382,GOh1052_S626A,GOh1052,S626A,-6.258
6383,GOh1052_S626C,GOh1052,S626C,-10.574
6384,GOh1052_S626D,GOh1052,S626D,-5.587
6385,GOh1052_S626E,GOh1052,S626E,-6.034
6386,GOh1052_S626F,GOh1052,S626F,-9.668
6387,GOh1052_S626G,GOh1052,S626G,-7.259
6388,GOh1052_S626H,GOh1052,S626H,-10.028
6389,GOh1052_S626I,GOh1052,S626I,-7.148
6390,GOh1052_S626K,GOh1052,S626K,-8.371
6391,GOh1052_S626L,GOh1052,S626L,-8.353
6392,GOh1052_S626M,GOh1052,S626M,-8.532
6393,GOh1052_S626N,GOh1052,S626N,-6.542
6394,GOh1052_S626P,GOh1052,S626P,-11.742
6395,GOh1052_S626Q,GOh1052,S626Q,-6.393
6396,GOh1052_S626R,GOh1052,S626R,-7.982
6397,GOh1052_S626T,GOh1052,S626T,-2.679
6398,GOh1052_S626V,GOh1052,S626V,-6.131
6399,GOh1052_S626W,GOh1052,S626W,-10.801
6400,GOh1052_S626Y,GOh1052,S626Y,-9.066
6401,GOh1052_F627A,GOh1052,F627A,-2.129
6402,GOh1052_F627C,GOh1052,F627C,-6.263
6403,GOh1052_F627D,GOh1052,F627D,-10.79
6404,GOh1052_F627E,GOh1052,F627E,-10.872
6405,GOh1052_F627G,GOh1052,F627G,-5.528
6406,GOh1052_F627H,GOh1052,F627H,-12.862
6407,GOh1052_F627I,GOh1052,F627I,-4.758
6408,GOh1052_F627K,GOh1052,F627K,-12.754
6409,GOh1052_F627L,GOh1052,F627L,-3.726
6410,GOh1052_F627M,GOh1052,F627M,-4.927
6411,GOh1052_F627N,GOh1052,F627N,-11.433
6412,GOh1052_F627P,GOh1052,F627P,-11.59
6413,GOh1052_F627Q,GOh1052,F627Q,-11.386
6414,GOh1052_F627R,GOh1052,F627R,-12.907
6415,GOh1052_F627S,GOh1052,F627S,-6.709
6416,GOh1052_F627T,GOh1052,F627T,-4.423
6417,GOh1052_F627V,GOh1052,F627V,-3.282
6418,GOh1052_F627W,GOh1052,F627W,-10.414
6419,GOh1052_F627Y,GOh1052,F627Y,-8.532
6420,GOh1052_Q628A,GOh1052,Q628A,-3.577
6421,GOh1052_Q628C,GOh1052,Q628C,-10.033
6422,GOh1052_Q628D,GOh1052,Q628D,-2.873
6423,GOh1052_Q628E,GOh1052,Q628E,-4.143
6424,GOh1052_Q628F,GOh1052,Q628F,-6.103
6425,GOh1052_Q628G,GOh1052,Q628G,-5.786
6426,GOh1052_Q628H,GOh1052,Q628H,-7.236
6427,GOh1052_Q628I,GOh1052,Q628I,-3.796
6428,GOh1052_Q628K,GOh1052,Q628K,-4.056
6429,GOh1052_Q628L,GOh1052,Q628L,-4.044
6430,GOh1052_Q628M,GOh1052,Q628M,-5.217
6431,GOh1052_Q628N,GOh1052,Q628N,-2.871
6432,GOh1052_Q628P,GOh1052,Q628P,-7.188
6433,GOh1052_Q628R,GOh1052,Q628R,-4.77
6434,GOh1052_Q628S,GOh1052,Q628S,-3.018
6435,GOh1052_Q628T,GOh1052,Q628T,-0.456
6436,GOh1052_Q628V,GOh1052,Q628V,-2.73
6437,GOh1052_Q628W,GOh1052,Q628W,-7.496
6438,GOh1052_Q628Y,GOh1052,Q628Y,-5.327
6439,GOh1052_S631A,GOh1052,S631A,-3.798
6440,GOh1052_S631C,GOh1052,S631C,-11.362
6441,GOh1052_S631D,GOh1052,S631D,-6.588
6442,GOh1052_S631E,GOh1052,S631E,-6.758
6443,GOh1052_S631F,GOh1052,S631F,-8.257
6444,GOh1052_S631G,GOh1052,S631G,-5.446
6445,GOh1052_S631H,GOh1052,S631H,-9.283
6446,GOh1052_S631I,GOh1052,S631I,-7.656
6447,GOh1052_S631K,GOh1052,S631K,-5.651
6448,GOh1052_S631L,GOh1052,S631L,-6.802
6449,GOh1052_S631M,GOh1052,S631M,-8.172
6450,GOh1052_S631N,GOh1052,S631N,-5.055
6451,GOh1052_S631P,GOh1052,S631P,-6.647
6452,GOh1052_S631Q,GOh1052,S631Q,-5.854
6453,GOh1052_S631R,GOh1052,S631R,-6.299
6454,GOh1052_S631T,GOh1052,S631T,-4.342
6455,GOh1052_S631V,GOh1052,S631V,-6.256
6456,GOh1052_S631W,GOh1052,S631W,-9.324
6457,GOh1052_S631Y,GOh1052,S631Y,-8.043
6458,GOh1052_S633A,GOh1052,S633A,-2.944
6459,GOh1052_S633C,GOh1052,S633C,-9.802
6460,GOh1052_S633D,GOh1052,S633D,-7.878
6461,GOh1052_S633E,GOh1052,S633E,-7.417
6462,GOh1052_S633F,GOh1052,S633F,-6.439
6463,GOh1052_S633G,GOh1052,S633G,-4.119
6464,GOh1052_S633H,GOh1052,S633H,-7.188
6465,GOh1052_S633I,GOh1052,S633I,-5.569
6466,GOh1052_S633K,GOh1052,S633K,-5.619
6467,GOh1052_S633L,GOh1052,S633L,-5.726
6468,GOh1052_S633M,GOh1052,S633M,-7.039
6469,GOh1052_S633N,GOh1052,S633N,-5.072
6470,GOh1052_S633P,GOh1052,S633P,-2.127
6471,GOh1052_S633Q,GOh1052,S633Q,-5.667
6472,GOh1052_S633R,GOh1052,S633R,-5.247
6473,GOh1052_S633T,GOh1052,S633T,-4.302
6474,GOh1052_S633V,GOh1052,S633V,-4.86
6475,GOh1052_S633W,GOh1052,S633W,-8.507
6476,GOh1052_S633Y,GOh1052,S633Y,-6.144
6477,GOh1052_Y640A,GOh1052,Y640A,-8.78
6478,GOh1052_Y640C,GOh1052,Y640C,-11.882
6479,GOh1052_Y640D,GOh1052,Y640D,-7.067
6480,GOh1052_Y640E,GOh1052,Y640E,-9.799
6481,GOh1052_Y640F,GOh1052,Y640F,-5.857
6482,GOh1052_Y640G,GOh1052,Y640G,-10.749
6483,GOh1052_Y640H,GOh1052,Y640H,-5.552
6484,GOh1052_Y640I,GOh1052,Y640I,-9.319
6485,GOh1052_Y640K,GOh1052,Y640K,-11.832
6486,GOh1052_Y640L,GOh1052,Y640L,-9.296
6487,GOh1052_Y640M,GOh1052,Y640M,-9.9
6488,GOh1052_Y640N,GOh1052,Y640N,-6.126
6489,GOh1052_Y640P,GOh1052,Y640P,-7.369
6490,GOh1052_Y640Q,GOh1052,Y640Q,-9.273
6491,GOh1052_Y640R,GOh1052,Y640R,-10.964
6492,GOh1052_Y640S,GOh1052,Y640S,-7.982
6493,GOh1052_Y640T,GOh1052,Y640T,-8.321
6494,GOh1052_Y640V,GOh1052,Y640V,-9.113
6495,GOh1052_Y640W,GOh1052,Y640W,-5.384
6496,GOh1052_N647A,GOh1052,N647A,-12.768
6497,GOh1052_N647C,GOh1052,N647C,-17.605
6498,GOh1052_N647D,GOh1052,N647D,-5.701
6499,GOh1052_N647E,GOh1052,N647E,-14.257
6500,GOh1052_N647F,GOh1052,N647F,-17.486
6501,GOh1052_N647G,GOh1052,N647G,-10.527
6502,GOh1052_N647H,GOh1052,N647H,-13.589
6503,GOh1052_N647I,GOh1052,N647I,-16.233
6504,GOh1052_N647K,GOh1052,N647K,-12.744
6505,GOh1052_N647L,GOh1052,N647L,-15.754
6506,GOh1052_N647M,GOh1052,N647M,-16.314
6507,GOh1052_N647P,GOh1052,N647P,-13.878
6508,GOh1052_N647Q,GOh1052,N647Q,-13.951
6509,GOh1052_N647R,GOh1052,N647R,-13.761
6510,GOh1052_N647S,GOh1052,N647S,-7.802
6511,GOh1052_N647T,GOh1052,N647T,-8.259
6512,GOh1052_N647V,GOh1052,N647V,-15.42
6513,GOh1052_N647W,GOh1052,N647W,-19.076
6514,GOh1052_N647Y,GOh1052,N647Y,-15.387
6515,GOh1052_S648A,GOh1052,S648A,-5.374
6516,GOh1052_S648C,GOh1052,S648C,-12.598
6517,GOh1052_S648D,GOh1052,S648D,-7.303
6518,GOh1052_S648E,GOh1052,S648E,-8.449
6519,GOh1052_S648F,GOh1052,S648F,-12.343
6520,GOh1052_S648G,GOh1052,S648G,-5.471
6521,GOh1052_S648H,GOh1052,S648H,-11.528
6522,GOh1052_S648I,GOh1052,S648I,-11.439
6523,GOh1052_S648K,GOh1052,S648K,-7.383
6524,GOh1052_S648L,GOh1052,S648L,-11.757
6525,GOh1052_S648M,GOh1052,S648M,-11.819
6526,GOh1052_S648N,GOh1052,S648N,-6.181
6527,GOh1052_S648P,GOh1052,S648P,-9.344
6528,GOh1052_S648Q,GOh1052,S648Q,-7.296
6529,GOh1052_S648R,GOh1052,S648R,-8.259
6530,GOh1052_S648T,GOh1052,S648T,-6.922
6531,GOh1052_S648V,GOh1052,S648V,-10.229
6532,GOh1052_S648W,GOh1052,S648W,-13.618
6533,GOh1052_S648Y,GOh1052,S648Y,-11.144
6534,GOh1052_A649C,GOh1052,A649C,-9.837
6535,GOh1052_A649D,GOh1052,A649D,-5.608
6536,GOh1052_A649E,GOh1052,A649E,-6.32
6537,GOh1052_A649F,GOh1052,A649F,-9.422
6538,GOh1052_A649G,GOh1052,A649G,-6.1
6539,GOh1052_A649H,GOh1052,A649H,-7.7
6540,GOh1052_A649I,GOh1052,A649I,-8.949
6541,GOh1052_A649K,GOh1052,A649K,-4.391
6542,GOh1052_A649L,GOh1052,A649L,-7.774
6543,GOh1052_A649M,GOh1052,A649M,-9.091
6544,GOh1052_A649N,GOh1052,A649N,-3.476
6545,GOh1052_A649P,GOh1052,A649P,-11.82
6546,GOh1052_A649Q,GOh1052,A649Q,-4.175
6547,GOh1052_A649R,GOh1052,A649R,-6.009
6548,GOh1052_A649S,GOh1052,A649S,-3.013
6549,GOh1052_A649T,GOh1052,A649T,-6.23
6550,GOh1052_A649V,GOh1052,A649V,-7.131
6551,GOh1052_A649W,GOh1052,A649W,-11.063
6552,GOh1052_A649Y,GOh1052,A649Y,-7.821
6553,GOh1052_V654A,GOh1052,V654A,-7.655
6554,GOh1052_V654C,GOh1052,V654C,-11.286
6555,GOh1052_V654D,GOh1052,V654D,-8.682
6556,GOh1052_V654E,GOh1052,V654E,-6.286
6557,GOh1052_V654F,GOh1052,V654F,-9.123
6558,GOh1052_V654G,GOh1052,V654G,-10.667
6559,GOh1052_V654H,GOh1052,V654H,-9.649
6560,GOh1052_V654I,GOh1052,V654I,-4.298
6561,GOh1052_V654K,GOh1052,V654K,-6.434
6562,GOh1052_V654L,GOh1052,V654L,-7.366
6563,GOh1052_V654M,GOh1052,V654M,-7.96
6564,GOh1052_V654N,GOh1052,V654N,-8.962
6565,GOh1052_V654P,GOh1052,V654P,-8.579
6566,GOh1052_V654Q,GOh1052,V654Q,-6.959
6567,GOh1052_V654R,GOh1052,V654R,-8.252
6568,GOh1052_V654S,GOh1052,V654S,-8.655
6569,GOh1052_V654T,GOh1052,V654T,-6.034
6570,GOh1052_V654W,GOh1052,V654W,-10.699
6571,GOh1052_V654Y,GOh1052,V654Y,-8.624
6572,GOh1052_A655C,GOh1052,A655C,-10.897
6573,GOh1052_A655D,GOh1052,A655D,-12.654
6574,GOh1052_A655E,GOh1052,A655E,-11.959
6575,GOh1052_A655F,GOh1052,A655F,-14.138
6576,GOh1052_A655G,GOh1052,A655G,-6.091
6577,GOh1052_A655H,GOh1052,A655H,-14.055
6578,GOh1052_A655I,GOh1052,A655I,-12.631
6579,GOh1052_A655K,GOh1052,A655K,-14.588
6580,GOh1052_A655L,GOh1052,A655L,-13.487
6581,GOh1052_A655M,GOh1052,A655M,-12.056
6582,GOh1052_A655N,GOh1052,A655N,-10.947
6583,GOh1052_A655P,GOh1052,A655P,-10.914
6584,GOh1052_A655Q,GOh1052,A655Q,-12.52
6585,GOh1052_A655R,GOh1052,A655R,-14.34
6586,GOh1052_A655S,GOh1052,A655S,-4.762
6587,GOh1052_A655T,GOh1052,A655T,-8.96
6588,GOh1052_A655V,GOh1052,A655V,-10.066
6589,GOh1052_A655W,GOh1052,A655W,-14.615
6590,GOh1052_A655Y,GOh1052,A655Y,-13.983
6591,GOh1052_S656A,GOh1052,S656A,-4.053
6592,GOh1052_S656C,GOh1052,S656C,-9.934
6593,GOh1052_S656D,GOh1052,S656D,-4.988
6594,GOh1052_S656E,GOh1052,S656E,-4.5
6595,GOh1052_S656F,GOh1052,S656F,-8.121
6596,GOh1052_S656G,GOh1052,S656G,-6.92
6597,GOh1052_S656H,GOh1052,S656H,-5.039
6598,GOh1052_S656I,GOh1052,S656I,-7.197
6599,GOh1052_S656K,GOh1052,S656K,-2.134
6600,GOh1052_S656L,GOh1052,S656L,-7.056
6601,GOh1052_S656M,GOh1052,S656M,-7.259
6602,GOh1052_S656N,GOh1052,S656N,-4.903
6603,GOh1052_S656P,GOh1052,S656P,-6.416
6604,GOh1052_S656Q,GOh1052,S656Q,-3.651
6605,GOh1052_S656R,GOh1052,S656R,-3.826
6606,GOh1052_S656T,GOh1052,S656T,-2.801
6607,GOh1052_S656V,GOh1052,S656V,-5.452
6608,GOh1052_S656W,GOh1052,S656W,-8.849
6609,GOh1052_S656Y,GOh1052,S656Y,-5.994
6610,GOh1052_T657A,GOh1052,T657A,-7.927
6611,GOh1052_T657C,GOh1052,T657C,-12.095
6612,GOh1052_T657D,GOh1052,T657D,-10.599
6613,GOh1052_T657E,GOh1052,T657E,-10.912
6614,GOh1052_T657F,GOh1052,T657F,-8.832
6615,GOh1052_T657G,GOh1052,T657G,-9.249
6616,GOh1052_T657H,GOh1052,T657H,-6.566
6617,GOh1052_T657I,GOh1052,T657I,-6.827
6618,GOh1052_T657K,GOh1052,T657K,-9.861
6619,GOh1052_T657L,GOh1052,T657L,-8.812
6620,GOh1052_T657M,GOh1052,T657M,-6.987
6621,GOh1052_T657N,GOh1052,T657N,-4.556
6622,GOh1052_T657P,GOh1052,T657P,-8.603
6623,GOh1052_T657Q,GOh1052,T657Q,-7.177
6624,GOh1052_T657R,GOh1052,T657R,-11.109
6625,GOh1052_T657S,GOh1052,T657S,-4.568
6626,GOh1052_T657V,GOh1052,T657V,-7.93
6627,GOh1052_T657W,GOh1052,T657W,-10.843
6628,GOh1052_T657Y,GOh1052,T657Y,-10.702
6629,GOh1052_R659A,GOh1052,R659A,-6.551
6630,GOh1052_R659C,GOh1052,R659C,-11.475
6631,GOh1052_R659D,GOh1052,R659D,-8.364
6632,GOh1052_R659E,GOh1052,R659E,-6.002
6633,GOh1052_R659F,GOh1052,R659F,-7.797
6634,GOh1052_R659G,GOh1052,R659G,-7.946
6635,GOh1052_R659H,GOh1052,R659H,-5.457
6636,GOh1052_R659I,GOh1052,R659I,-8.594
6637,GOh1052_R659K,GOh1052,R659K,-3.003
6638,GOh1052_R659L,GOh1052,R659L,-5.164
6639,GOh1052_R659M,GOh1052,R659M,-6.236
6640,GOh1052_R659N,GOh1052,R659N,-5.157
6641,GOh1052_R659P,GOh1052,R659P,-9.9
6642,GOh1052_R659Q,GOh1052,R659Q,-3.169
6643,GOh1052_R659S,GOh1052,R659S,-6.245
6644,GOh1052_R659T,GOh1052,R659T,-6.896
6645,GOh1052_R659V,GOh1052,R659V,-8.032
6646,GOh1052_R659W,GOh1052,R659W,-8.974
6647,GOh1052_R659Y,GOh1052,R659Y,-7.02
6648,GOh1052_T661A,GOh1052,T661A,-4.799
6649,GOh1052_T661C,GOh1052,T661C,-10.363
6650,GOh1052_T661D,GOh1052,T661D,-5.346
6651,GOh1052_T661E,GOh1052,T661E,-4.991
6652,GOh1052_T661F,GOh1052,T661F,-7.235
6653,GOh1052_T661G,GOh1052,T661G,-4.499
6654,GOh1052_T661H,GOh1052,T661H,-7.961
6655,GOh1052_T661I,GOh1052,T661I,-6.075
6656,GOh1052_T661K,GOh1052,T661K,-6.002
6657,GOh1052_T661L,GOh1052,T661L,-5.802
6658,GOh1052_T661M,GOh1052,T661M,-7.461
6659,GOh1052_T661N,GOh1052,T661N,-5.035
6660,GOh1052_T661P,GOh1052,T661P,-8.424
6661,GOh1052_T661Q,GOh1052,T661Q,-5.316
6662,GOh1052_T661R,GOh1052,T661R,-6.101
6663,GOh1052_T661S,GOh1052,T661S,-3.88
6664,GOh1052_T661V,GOh1052,T661V,-5.065
6665,GOh1052_T661W,GOh1052,T661W,-8.821
6666,GOh1052_T661Y,GOh1052,T661Y,-6.531
6667,GOh1052_Q662A,GOh1052,Q662A,-0.778
6668,GOh1052_Q662C,GOh1052,Q662C,-7.371
6669,GOh1052_Q662D,GOh1052,Q662D,-4.025
6670,GOh1052_Q662E,GOh1052,Q662E,-4.105
6671,GOh1052_Q662F,GOh1052,Q662F,-4.576
6672,GOh1052_Q662G,GOh1052,Q662G,-1.663
6673,GOh1052_Q662H,GOh1052,Q662H,-5.726
6674,GOh1052_Q662I,GOh1052,Q662I,-4.154
6675,GOh1052_Q662K,GOh1052,Q662K,-3.268
6676,GOh1052_Q662L,GOh1052,Q662L,-2.755
6677,GOh1052_Q662M,GOh1052,Q662M,-4.815
6678,GOh1052_Q662N,GOh1052,Q662N,-2.693
6679,GOh1052_Q662P,GOh1052,Q662P,-1.534
6680,GOh1052_Q662R,GOh1052,Q662R,-3.351
6681,GOh1052_Q662S,GOh1052,Q662S,-1.69
6682,GOh1052_Q662T,GOh1052,Q662T,-1.93
6683,GOh1052_Q662V,GOh1052,Q662V,-2.925
6684,GOh1052_Q662W,GOh1052,Q662W,-6.549
6685,GOh1052_Q662Y,GOh1052,Q662Y,-4.909