,name,protein_name,mutations,LLR,LLR_norm,entropy
0,GOh1052_M1A,GOh1052,M1A,-6.772,0.481,0.1367
1,GOh1052_M1R,GOh1052,M1R,-8.453,0.415,0.1367
2,GOh1052_M1N,GOh1052,M1N,-7.509,0.452,0.1367
3,GOh1052_M1D,GOh1052,M1D,-7.087,0.468,0.1367
4,GOh1052_M1C,GOh1052,M1C,-8.544,0.411,0.1367
5,GOh1052_M1Q,GOh1052,M1Q,-7.993,0.433,0.1367
6,GOh1052_M1E,GOh1052,M1E,-7.577,0.449,0.1367
7,GOh1052_M1G,GOh1052,M1G,-5.932,0.513,0.1367
8,GOh1052_M1H,GOh1052,M1H,-8.019,0.432,0.1367
9,GOh1052_M1I,GOh1052,M1I,-8.314,0.420,0.1367
10,GOh1052_M1L,GOh1052,M1L,-7.571,0.449,0.1367
11,GOh1052_M1K,GOh1052,M1K,-8.703,0.405,0.1367
12,GOh1052_M1F,GOh1052,M1F,-8.799,0.401,0.1367
13,GOh1052_M1P,GOh1052,M1P,-7.245,0.462,0.1367
14,GOh1052_M1S,GOh1052,M1S,-6.148,0.505,0.1367
15,GOh1052_M1T,GOh1052,M1T,-6.993,0.472,0.1367
16,GOh1052_M1W,GOh1052,M1W,-10.429,0.338,0.1367
17,GOh1052_M1Y,GOh1052,M1Y,-9.172,0.387,0.1367
18,GOh1052_M1V,GOh1052,M1V,-7.944,0.435,0.1367
19,GOh1052_G2A,GOh1052,G2A,-3.359,0.614,1.3606
20,GOh1052_G2R,GOh1052,G2R,-5.432,0.533,1.3606
21,GOh1052_G2N,GOh1052,G2N,-4.606,0.565,1.3606
22,GOh1052_G2D,GOh1052,G2D,-4.257,0.579,1.3606
23,GOh1052_G2C,GOh1052,G2C,-6.492,0.492,1.3606
24,GOh1052_G2Q,GOh1052,G2Q,-5.409,0.534,1.3606
25,GOh1052_G2E,GOh1052,G2E,-4.574,0.566,1.3606
26,GOh1052_G2H,GOh1052,G2H,-4.825,0.557,1.3606
27,GOh1052_G2I,GOh1052,G2I,-5.26,0.539666419280497,1.3606
28,GOh1052_G2L,GOh1052,G2L,-4.851,0.556,1.3606
29,GOh1052_G2K,GOh1052,G2K,-5.468,0.532,1.3606
30,GOh1052_G2M,GOh1052,G2M,-5.62,0.525604468575446,1.3606
31,GOh1052_G2F,GOh1052,G2F,-5.539,0.529,1.3606
32,GOh1052_G2P,GOh1052,G2P,-4.073,0.586,1.3606
33,GOh1052_G2S,GOh1052,G2S,-2.512,0.647,1.3606
34,GOh1052_G2T,GOh1052,G2T,-3.837,0.595,1.3606
35,GOh1052_G2W,GOh1052,G2W,-7.783,0.441,1.3606
36,GOh1052_G2Y,GOh1052,G2Y,-6.233,0.502,1.3606
37,GOh1052_G2V,GOh1052,G2V,-4.999,0.550,1.3606
38,GOh1052_S3A,GOh1052,S3A,-4.3,0.577164954493965,1.1271
39,GOh1052_S3R,GOh1052,S3R,-5.744,0.521,1.1271
40,GOh1052_S3N,GOh1052,S3N,-4.586,0.566,1.1271
41,GOh1052_S3D,GOh1052,S3D,-3.823,0.596,1.1271
42,GOh1052_S3C,GOh1052,S3C,-6.499,0.491,1.1271
43,GOh1052_S3Q,GOh1052,S3Q,-5.37,0.53536971212062,1.1271
44,GOh1052_S3E,GOh1052,S3E,-4.169,0.582,1.1271
45,GOh1052_S3G,GOh1052,S3G,-3.211,0.620,1.1271
46,GOh1052_S3H,GOh1052,S3H,-3.732,0.599,1.1271
47,GOh1052_S3I,GOh1052,S3I,-5.637,0.525,1.1271
48,GOh1052_S3L,GOh1052,S3L,-5.159,0.544,1.1271
49,GOh1052_S3K,GOh1052,S3K,-5.822,0.518,1.1271
50,GOh1052_S3M,GOh1052,S3M,-6.138,0.505,1.1271
51,GOh1052_S3F,GOh1052,S3F,-5.691,0.523,1.1271
52,GOh1052_S3P,GOh1052,S3P,-5.343,0.536,1.1271
53,GOh1052_S3T,GOh1052,S3T,-4.858,0.555,1.1271
54,GOh1052_S3W,GOh1052,S3W,-7.611,0.448,1.1271
55,GOh1052_S3Y,GOh1052,S3Y,-5.889,0.515,1.1271
56,GOh1052_S3V,GOh1052,S3V,-5.55,0.528338736768095,1.1271
57,GOh1052_S4A,GOh1052,S4A,-4.238,0.580,1.3186
58,GOh1052_S4R,GOh1052,S4R,-5.952,0.513,1.3186
59,GOh1052_S4N,GOh1052,S4N,-4.558,0.567,1.3186
60,GOh1052_S4D,GOh1052,S4D,-3.563,0.606,1.3186
61,GOh1052_S4C,GOh1052,S4C,-7.029,0.471,1.3186
62,GOh1052_S4Q,GOh1052,S4Q,-5.338,0.537,1.3186
63,GOh1052_S4E,GOh1052,S4E,-4.085,0.586,1.3186
64,GOh1052_S4G,GOh1052,S4G,-2.979,0.629,1.3186
65,GOh1052_S4H,GOh1052,S4H,-2.214,0.659,1.3186
66,GOh1052_S4I,GOh1052,S4I,-6.5,0.491230811296434,1.3186
67,GOh1052_S4L,GOh1052,S4L,-5.985,0.511,1.3186
68,GOh1052_S4K,GOh1052,S4K,-6.34,0.497480567165345,1.3186
69,GOh1052_S4M,GOh1052,S4M,-5.899,0.515,1.3186
70,GOh1052_S4F,GOh1052,S4F,-6.379,0.496,1.3186
71,GOh1052_S4P,GOh1052,S4P,-5.638,0.525,1.3186
72,GOh1052_S4T,GOh1052,S4T,-5.221,0.541,1.3186
73,GOh1052_S4W,GOh1052,S4W,-8.347,0.419,1.3186
74,GOh1052_S4Y,GOh1052,S4Y,-6.082,0.508,1.3186
75,GOh1052_S4V,GOh1052,S4V,-6.164,0.504,1.3186
76,GOh1052_H5A,GOh1052,H5A,-5.435,0.533,0.567
77,GOh1052_H5R,GOh1052,H5R,-7.483,0.453,0.567
78,GOh1052_H5N,GOh1052,H5N,-6.073,0.508,0.567
79,GOh1052_H5D,GOh1052,H5D,-4.554,0.567,0.567
80,GOh1052_H5C,GOh1052,H5C,-9.189,0.386,0.567
81,GOh1052_H5Q,GOh1052,H5Q,-6.465,0.493,0.567
82,GOh1052_H5E,GOh1052,H5E,-4.878,0.555,0.567
83,GOh1052_H5G,GOh1052,H5G,-3.434,0.611,0.567
84,GOh1052_H5I,GOh1052,H5I,-7.997,0.433,0.567
85,GOh1052_H5L,GOh1052,H5L,-7.789,0.441,0.567
86,GOh1052_H5K,GOh1052,H5K,-7.405,0.456,0.567
87,GOh1052_H5M,GOh1052,H5M,-7.756,0.442,0.567
88,GOh1052_H5F,GOh1052,H5F,-8.433,0.416,0.567
89,GOh1052_H5P,GOh1052,H5P,-7.411,0.456,0.567
90,GOh1052_H5S,GOh1052,H5S,-4.456,0.571,0.567
91,GOh1052_H5T,GOh1052,H5T,-6.336,0.498,0.567
92,GOh1052_H5W,GOh1052,H5W,-9.569,0.371,0.567
93,GOh1052_H5Y,GOh1052,H5Y,-7.182,0.465,0.567
94,GOh1052_H5V,GOh1052,H5V,-7.153,0.466,0.567
95,GOh1052_H6A,GOh1052,H6A,-8.043,0.431,0.0517
96,GOh1052_H6R,GOh1052,H6R,-9.476,0.375,0.0517
97,GOh1052_H6N,GOh1052,H6N,-8.679,0.406,0.0517
98,GOh1052_H6D,GOh1052,H6D,-7.214,0.463,0.0517
99,GOh1052_H6C,GOh1052,H6C,-11.769,0.285,0.0517
100,GOh1052_H6Q,GOh1052,H6Q,-8.798,0.401,0.0517
101,GOh1052_H6E,GOh1052,H6E,-7.695,0.445,0.0517
102,GOh1052_H6G,GOh1052,H6G,-6.817,0.479,0.0517
103,GOh1052_H6I,GOh1052,H6I,-10.698,0.327,0.0517
104,GOh1052_H6L,GOh1052,H6L,-10.487,0.335,0.0517
105,GOh1052_H6K,GOh1052,H6K,-10.45,0.336939963282684,0.0517
106,GOh1052_H6M,GOh1052,H6M,-10.794,0.324,0.0517
107,GOh1052_H6F,GOh1052,H6F,-10.663,0.329,0.0517
108,GOh1052_H6P,GOh1052,H6P,-10.413,0.338,0.0517
109,GOh1052_H6S,GOh1052,H6S,-7.248,0.462,0.0517
110,GOh1052_H6T,GOh1052,H6T,-9.43,0.376782156946994,0.0517
111,GOh1052_H6W,GOh1052,H6W,-11.687,0.289,0.0517
112,GOh1052_H6Y,GOh1052,H6Y,-8.863,0.399,0.0517
113,GOh1052_H6V,GOh1052,H6V,-9.959,0.356,0.0517
114,GOh1052_H7A,GOh1052,H7A,-9.382,0.379,0.0172
115,GOh1052_H7R,GOh1052,H7R,-10.317,0.342,0.0172
116,GOh1052_H7N,GOh1052,H7N,-10.093,0.351,0.0172
117,GOh1052_H7D,GOh1052,H7D,-8.322,0.420,0.0172
118,GOh1052_H7C,GOh1052,H7C,-12.563,0.254,0.0172
119,GOh1052_H7Q,GOh1052,H7Q,-9.74,0.364673254950978,0.0172
120,GOh1052_H7E,GOh1052,H7E,-8.977,0.394,0.0172
121,GOh1052_H7G,GOh1052,H7G,-8.648,0.407,0.0172
122,GOh1052_H7I,GOh1052,H7I,-11.826,0.283,0.0172
123,GOh1052_H7L,GOh1052,H7L,-11.572,0.293,0.0172
124,GOh1052_H7K,GOh1052,H7K,-11.874,0.281,0.0172
125,GOh1052_H7M,GOh1052,H7M,-11.841,0.283,0.0172
126,GOh1052_H7F,GOh1052,H7F,-11.831,0.283,0.0172
127,GOh1052_H7P,GOh1052,H7P,-11.647,0.290,0.0172
128,GOh1052_H7S,GOh1052,H7S,-8.225,0.424,0.0172
129,GOh1052_H7T,GOh1052,H7T,-10.515,0.334,0.0172
130,GOh1052_H7W,GOh1052,H7W,-12.997,0.237,0.0172
131,GOh1052_H7Y,GOh1052,H7Y,-9.552,0.372,0.0172
132,GOh1052_H7V,GOh1052,H7V,-11.143,0.310,0.0172
133,GOh1052_H8A,GOh1052,H8A,-9.635,0.369,0.0133
134,GOh1052_H8R,GOh1052,H8R,-10.426,0.338,0.0133
135,GOh1052_H8N,GOh1052,H8N,-10.707,0.327,0.0133
136,GOh1052_H8D,GOh1052,H8D,-8.85,0.399437521971798,0.0133
137,GOh1052_H8C,GOh1052,H8C,-12.324,0.264,0.0133
138,GOh1052_H8Q,GOh1052,H8Q,-9.76,0.363892035467365,0.0133
139,GOh1052_H8E,GOh1052,H8E,-9.456,0.376,0.0133
140,GOh1052_H8G,GOh1052,H8G,-8.891,0.398,0.0133
141,GOh1052_H8I,GOh1052,H8I,-12.132,0.271,0.0133
142,GOh1052_H8L,GOh1052,H8L,-11.487,0.296,0.0133
143,GOh1052_H8K,GOh1052,H8K,-12.251,0.267,0.0133
144,GOh1052_H8M,GOh1052,H8M,-11.779,0.285,0.0133
145,GOh1052_H8F,GOh1052,H8F,-12.405,0.261,0.0133
146,GOh1052_H8P,GOh1052,H8P,-11.135,0.310,0.0133
147,GOh1052_H8S,GOh1052,H8S,-8.366,0.418,0.0133
148,GOh1052_H8T,GOh1052,H8T,-10.742,0.326,0.0133
149,GOh1052_H8W,GOh1052,H8W,-13.434,0.220,0.0133
150,GOh1052_H8Y,GOh1052,H8Y,-10.0,0.354517401663998,0.0133
151,GOh1052_H8V,GOh1052,H8V,-11.582,0.293,0.0133
152,GOh1052_H9A,GOh1052,H9A,-7.76,0.442013983828757,0.09
153,GOh1052_H9R,GOh1052,H9R,-9.751,0.364,0.09
154,GOh1052_H9N,GOh1052,H9N,-8.212,0.424,0.09
155,GOh1052_H9D,GOh1052,H9D,-6.327,0.498,0.09
156,GOh1052_H9C,GOh1052,H9C,-11.659,0.290,0.09
157,GOh1052_H9Q,GOh1052,H9Q,-8.177,0.426,0.09
158,GOh1052_H9E,GOh1052,H9E,-7.938,0.435,0.09
159,GOh1052_H9G,GOh1052,H9G,-6.266,0.500,0.09
160,GOh1052_H9I,GOh1052,H9I,-10.847,0.321,0.09
161,GOh1052_H9L,GOh1052,H9L,-10.225,0.346,0.09
162,GOh1052_H9K,GOh1052,H9K,-10.971,0.317,0.09
163,GOh1052_H9M,GOh1052,H9M,-10.216,0.346,0.09
164,GOh1052_H9F,GOh1052,H9F,-10.728,0.326,0.09
165,GOh1052_H9P,GOh1052,H9P,-10.401,0.339,0.09
166,GOh1052_H9S,GOh1052,H9S,-5.924,0.514,0.09
167,GOh1052_H9T,GOh1052,H9T,-8.806,0.401,0.09
168,GOh1052_H9W,GOh1052,H9W,-12.14,0.270926916917308,0.09
169,GOh1052_H9Y,GOh1052,H9Y,-9.409,0.378,0.09
170,GOh1052_H9V,GOh1052,H9V,-10.121,0.350,0.09
171,GOh1052_H10A,GOh1052,H10A,-6.64,0.485762274911136,0.2594
172,GOh1052_H10R,GOh1052,H10R,-8.57,0.410374594742393,0.2594
173,GOh1052_H10N,GOh1052,H10N,-7.851,0.438,0.2594
174,GOh1052_H10D,GOh1052,H10D,-6.141,0.505,0.2594
175,GOh1052_H10C,GOh1052,H10C,-9.49,0.374438498496152,0.2594
176,GOh1052_H10Q,GOh1052,H10Q,-7.342,0.458,0.2594
177,GOh1052_H10E,GOh1052,H10E,-7.027,0.471,0.2594
178,GOh1052_H10G,GOh1052,H10G,-4.004,0.589,0.2594
179,GOh1052_H10I,GOh1052,H10I,-9.327,0.381,0.2594
180,GOh1052_H10L,GOh1052,H10L,-8.579,0.410,0.2594
181,GOh1052_H10K,GOh1052,H10K,-9.921,0.358,0.2594
182,GOh1052_H10M,GOh1052,H10M,-8.672,0.406,0.2594
183,GOh1052_H10F,GOh1052,H10F,-9.145,0.388,0.2594
184,GOh1052_H10P,GOh1052,H10P,-8.372,0.418,0.2594
185,GOh1052_H10S,GOh1052,H10S,-5.212,0.542,0.2594
186,GOh1052_H10T,GOh1052,H10T,-7.9,0.436545447443459,0.2594
187,GOh1052_H10W,GOh1052,H10W,-10.72,0.326393500253896,0.2594
188,GOh1052_H10Y,GOh1052,H10Y,-8.35,0.418968009062146,0.2594
189,GOh1052_H10V,GOh1052,H10V,-8.54,0.411546423967814,0.2594
190,GOh1052_S11A,GOh1052,S11A,-4.921,0.553,1.3629
191,GOh1052_S11R,GOh1052,S11R,-6.158,0.505,1.3629
192,GOh1052_S11N,GOh1052,S11N,-4.923,0.553,1.3629
193,GOh1052_S11D,GOh1052,S11D,-3.695,0.601,1.3629
194,GOh1052_S11C,GOh1052,S11C,-7.867,0.438,1.3629
195,GOh1052_S11Q,GOh1052,S11Q,-5.747,0.521,1.3629
196,GOh1052_S11E,GOh1052,S11E,-4.759,0.559,1.3629
197,GOh1052_S11G,GOh1052,S11G,-2.256,0.657,1.3629
198,GOh1052_S11H,GOh1052,S11H,-1.808,0.675,1.3629
199,GOh1052_S11I,GOh1052,S11I,-6.962,0.473,1.3629
200,GOh1052_S11L,GOh1052,S11L,-6.346,0.497,1.3629
201,GOh1052_S11K,GOh1052,S11K,-7.225,0.463,1.3629
202,GOh1052_S11M,GOh1052,S11M,-6.76,0.481074958009453,1.3629
203,GOh1052_S11F,GOh1052,S11F,-6.213,0.502,1.3629
204,GOh1052_S11P,GOh1052,S11P,-5.935,0.513,1.3629
205,GOh1052_S11T,GOh1052,S11T,-5.582,0.527,1.3629
206,GOh1052_S11W,GOh1052,S11W,-8.118,0.428,1.3629
207,GOh1052_S11Y,GOh1052,S11Y,-6.514,0.491,1.3629
208,GOh1052_S11V,GOh1052,S11V,-6.408,0.495,1.3629
209,GOh1052_S12A,GOh1052,S12A,-4.455,0.571,1.0154
210,GOh1052_S12R,GOh1052,S12R,-5.741,0.521,1.0154
211,GOh1052_S12N,GOh1052,S12N,-4.671,0.563,1.0154
212,GOh1052_S12D,GOh1052,S12D,-4.002,0.589,1.0154
213,GOh1052_S12C,GOh1052,S12C,-7.569,0.449,1.0154
214,GOh1052_S12Q,GOh1052,S12Q,-5.849,0.517,1.0154
215,GOh1052_S12E,GOh1052,S12E,-4.824,0.557,1.0154
216,GOh1052_S12G,GOh1052,S12G,-3.016,0.627,1.0154
217,GOh1052_S12H,GOh1052,S12H,-4.108,0.585,1.0154
218,GOh1052_S12I,GOh1052,S12I,-5.85,0.516620444513886,1.0154
219,GOh1052_S12L,GOh1052,S12L,-5.262,0.540,1.0154
220,GOh1052_S12K,GOh1052,S12K,-6.544,0.490,1.0154
221,GOh1052_S12M,GOh1052,S12M,-5.952,0.513,1.0154
222,GOh1052_S12F,GOh1052,S12F,-5.953,0.513,1.0154
223,GOh1052_S12P,GOh1052,S12P,-5.322,0.537,1.0154
224,GOh1052_S12T,GOh1052,S12T,-4.795,0.558,1.0154
225,GOh1052_S12W,GOh1052,S12W,-7.844,0.439,1.0154
226,GOh1052_S12Y,GOh1052,S12Y,-6.412,0.495,1.0154
227,GOh1052_S12V,GOh1052,S12V,-5.543,0.529,1.0154
228,GOh1052_G13A,GOh1052,G13A,-3.941,0.591,1.2343
229,GOh1052_G13R,GOh1052,G13R,-5.04,0.54825983360025,1.2343
230,GOh1052_G13N,GOh1052,G13N,-4.41,0.572868247334089,1.2343
231,GOh1052_G13D,GOh1052,G13D,-3.963,0.590,1.2343
232,GOh1052_G13C,GOh1052,G13C,-7.796,0.441,1.2343
233,GOh1052_G13Q,GOh1052,G13Q,-5.077,0.547,1.2343
234,GOh1052_G13E,GOh1052,G13E,-4.212,0.581,1.2343
235,GOh1052_G13H,GOh1052,G13H,-5.23,0.540838248505918,1.2343
236,GOh1052_G13I,GOh1052,G13I,-5.295,0.538,1.2343
237,GOh1052_G13L,GOh1052,G13L,-4.604,0.565,1.2343
238,GOh1052_G13K,GOh1052,G13K,-5.321,0.537,1.2343
239,GOh1052_G13M,GOh1052,G13M,-5.914,0.514,1.2343
240,GOh1052_G13F,GOh1052,G13F,-5.532,0.529,1.2343
241,GOh1052_G13P,GOh1052,G13P,-4.407,0.573,1.2343
242,GOh1052_G13S,GOh1052,G13S,-3.236,0.619,1.2343
243,GOh1052_G13T,GOh1052,G13T,-4.141,0.583,1.2343
244,GOh1052_G13W,GOh1052,G13W,-7.241,0.462,1.2343
245,GOh1052_G13Y,GOh1052,G13Y,-5.869,0.516,1.2343
246,GOh1052_G13V,GOh1052,G13V,-4.71,0.56114995507988,1.2343
247,GOh1052_L14A,GOh1052,L14A,-2.722,0.639,2.4434
248,GOh1052_L14R,GOh1052,L14R,-4.03,0.587711417522753,2.4434
249,GOh1052_L14N,GOh1052,L14N,-3.318,0.616,2.4434
250,GOh1052_L14D,GOh1052,L14D,-3.037,0.626,2.4434
251,GOh1052_L14C,GOh1052,L14C,-6.415,0.495,2.4434
252,GOh1052_L14Q,GOh1052,L14Q,-3.978,0.590,2.4434
253,GOh1052_L14E,GOh1052,L14E,-3.213,0.620,2.4434
254,GOh1052_L14G,GOh1052,L14G,-2.757,0.637,2.4434
255,GOh1052_L14H,GOh1052,L14H,-4.453,0.571,2.4434
256,GOh1052_L14I,GOh1052,L14I,-3.674,0.602,2.4434
257,GOh1052_L14K,GOh1052,L14K,-4.445,0.572,2.4434
258,GOh1052_L14M,GOh1052,L14M,-4.354,0.575,2.4434
259,GOh1052_L14F,GOh1052,L14F,-3.786,0.597,2.4434
260,GOh1052_L14P,GOh1052,L14P,-3.183,0.621,2.4434
261,GOh1052_L14S,GOh1052,L14S,-2.209,0.659,2.4434
262,GOh1052_L14T,GOh1052,L14T,-3.082,0.625,2.4434
263,GOh1052_L14W,GOh1052,L14W,-5.735,0.521,2.4434
264,GOh1052_L14Y,GOh1052,L14Y,-4.225,0.580,2.4434
265,GOh1052_L14V,GOh1052,L14V,-3.287,0.617,2.4434
266,GOh1052_V15A,GOh1052,V15A,-2.508,0.647,2.3218
267,GOh1052_V15R,GOh1052,V15R,-3.902,0.593,2.3218
268,GOh1052_V15N,GOh1052,V15N,-3.602,0.604,2.3218
269,GOh1052_V15D,GOh1052,V15D,-3.448,0.610,2.3218
270,GOh1052_V15C,GOh1052,V15C,-6.516,0.491,2.3218
271,GOh1052_V15Q,GOh1052,V15Q,-3.542,0.607,2.3218
272,GOh1052_V15E,GOh1052,V15E,-3.457,0.610,2.3218
273,GOh1052_V15G,GOh1052,V15G,-3.156,0.622,2.3218
274,GOh1052_V15H,GOh1052,V15H,-4.527,0.568,2.3218
275,GOh1052_V15I,GOh1052,V15I,-3.86,0.594351783133471,2.3218
276,GOh1052_V15L,GOh1052,V15L,-3.304,0.616,2.3218
277,GOh1052_V15K,GOh1052,V15K,-4.092,0.585,2.3218
278,GOh1052_V15M,GOh1052,V15M,-4.418,0.573,2.3218
279,GOh1052_V15F,GOh1052,V15F,-4.321,0.576,2.3218
280,GOh1052_V15P,GOh1052,V15P,-3.554,0.606,2.3218
281,GOh1052_V15S,GOh1052,V15S,-2.308,0.655,2.3218
282,GOh1052_V15T,GOh1052,V15T,-2.862,0.633,2.3218
283,GOh1052_V15W,GOh1052,V15W,-6.283,0.500,2.3218
284,GOh1052_V15Y,GOh1052,V15Y,-4.959,0.551,2.3218
285,GOh1052_P16A,GOh1052,P16A,-2.56,0.645131049568376,2.3193
286,GOh1052_P16R,GOh1052,P16R,-3.654,0.602,2.3193
287,GOh1052_P16N,GOh1052,P16N,-3.721,0.600,2.3193
288,GOh1052_P16D,GOh1052,P16D,-3.569,0.606,2.3193
289,GOh1052_P16C,GOh1052,P16C,-6.25,0.500996054841608,2.3193
290,GOh1052_P16Q,GOh1052,P16Q,-3.876,0.594,2.3193
291,GOh1052_P16E,GOh1052,P16E,-3.58,0.605288855904066,2.3193
292,GOh1052_P16G,GOh1052,P16G,-2.952,0.630,2.3193
293,GOh1052_P16H,GOh1052,P16H,-4.553,0.567,2.3193
294,GOh1052_P16I,GOh1052,P16I,-3.863,0.594,2.3193
295,GOh1052_P16L,GOh1052,P16L,-3.252,0.618,2.3193
296,GOh1052_P16K,GOh1052,P16K,-3.754,0.598,2.3193
297,GOh1052_P16M,GOh1052,P16M,-4.667,0.563,2.3193
298,GOh1052_P16F,GOh1052,P16F,-4.373,0.574,2.3193
299,GOh1052_P16S,GOh1052,P16S,-2.366,0.653,2.3193
300,GOh1052_P16T,GOh1052,P16T,-3.07,0.625209952736221,2.3193
301,GOh1052_P16W,GOh1052,P16W,-5.865,0.516,2.3193
302,GOh1052_P16Y,GOh1052,P16Y,-4.699,0.562,2.3193
303,GOh1052_P16V,GOh1052,P16V,-3.33,0.61505409944924,2.3193
304,GOh1052_R17A,GOh1052,R17A,-1.375,0.691,3.4269
305,GOh1052_R17N,GOh1052,R17N,-2.811,0.635,3.4269
306,GOh1052_R17D,GOh1052,R17D,-2.211,0.659,3.4269
307,GOh1052_R17C,GOh1052,R17C,-5.408,0.534,3.4269
308,GOh1052_R17Q,GOh1052,R17Q,-2.666,0.641,3.4269
309,GOh1052_R17E,GOh1052,R17E,-2.602,0.643,3.4269
310,GOh1052_R17G,GOh1052,R17G,-1.894,0.671,3.4269
311,GOh1052_R17H,GOh1052,R17H,-4.159,0.583,3.4269
312,GOh1052_R17I,GOh1052,R17I,-2.821,0.635,3.4269
313,GOh1052_R17L,GOh1052,R17L,-1.608,0.682,3.4269
314,GOh1052_R17K,GOh1052,R17K,-3.656,0.602,3.4269
315,GOh1052_R17M,GOh1052,R17M,-2.79,0.636147025506816,3.4269
316,GOh1052_R17F,GOh1052,R17F,-2.305,0.655,3.4269
317,GOh1052_R17P,GOh1052,R17P,-2.286,0.656,3.4269
318,GOh1052_R17S,GOh1052,R17S,-1.44,0.688879340650756,3.4269
319,GOh1052_R17T,GOh1052,R17T,-1.955,0.669,3.4269
320,GOh1052_R17W,GOh1052,R17W,-4.388,0.574,3.4269
321,GOh1052_R17Y,GOh1052,R17Y,-3.119,0.623,3.4269
322,GOh1052_R17V,GOh1052,R17V,-2.253,0.657,3.4269
323,GOh1052_G18A,GOh1052,G18A,-2.803,0.636,1.9978
324,GOh1052_G18R,GOh1052,G18R,-3.874,0.594,1.9978
325,GOh1052_G18N,GOh1052,G18N,-4.225,0.580,1.9978
326,GOh1052_G18D,GOh1052,G18D,-4.13,0.583805320104683,1.9978
327,GOh1052_G18C,GOh1052,G18C,-6.526,0.490,1.9978
328,GOh1052_G18Q,GOh1052,G18Q,-3.517,0.608,1.9978
329,GOh1052_G18E,GOh1052,G18E,-4.064,0.586,1.9978
330,GOh1052_G18H,GOh1052,G18H,-4.801,0.558,1.9978
331,GOh1052_G18I,GOh1052,G18I,-3.947,0.591,1.9978
332,GOh1052_G18L,GOh1052,G18L,-3.406,0.612,1.9978
333,GOh1052_G18K,GOh1052,G18K,-4.613,0.565,1.9978
334,GOh1052_G18M,GOh1052,G18M,-4.896,0.554,1.9978
335,GOh1052_G18F,GOh1052,G18F,-4.203,0.581,1.9978
336,GOh1052_G18P,GOh1052,G18P,-3.729,0.599,1.9978
337,GOh1052_G18S,GOh1052,G18S,-2.789,0.636,1.9978
338,GOh1052_G18T,GOh1052,G18T,-3.478,0.609,1.9978
339,GOh1052_G18W,GOh1052,G18W,-5.805,0.518,1.9978
340,GOh1052_G18Y,GOh1052,G18Y,-4.568,0.567,1.9978
341,GOh1052_G18V,GOh1052,G18V,-3.6,0.604507636420452,1.9978
342,GOh1052_S19A,GOh1052,S19A,-3.264,0.618,1.7319
343,GOh1052_S19R,GOh1052,S19R,-4.255,0.579,1.7319
344,GOh1052_S19N,GOh1052,S19N,-4.48,0.57013397914144,1.7319
345,GOh1052_S19D,GOh1052,S19D,-4.311,0.577,1.7319
346,GOh1052_S19C,GOh1052,S19C,-6.155,0.505,1.7319
347,GOh1052_S19Q,GOh1052,S19Q,-4.496,0.570,1.7319
348,GOh1052_S19E,GOh1052,S19E,-4.11,0.584586539588297,1.7319
349,GOh1052_S19G,GOh1052,S19G,-3.626,0.603,1.7319
350,GOh1052_S19H,GOh1052,S19H,-4.922,0.553,1.7319
351,GOh1052_S19I,GOh1052,S19I,-3.736,0.599,1.7319
352,GOh1052_S19L,GOh1052,S19L,-3.294,0.616,1.7319
353,GOh1052_S19K,GOh1052,S19K,-4.847,0.556,1.7319
354,GOh1052_S19M,GOh1052,S19M,-4.751,0.560,1.7319
355,GOh1052_S19F,GOh1052,S19F,-4.337,0.576,1.7319
356,GOh1052_S19P,GOh1052,S19P,-4.313,0.577,1.7319
357,GOh1052_S19T,GOh1052,S19T,-3.651,0.603,1.7319
358,GOh1052_S19W,GOh1052,S19W,-5.853,0.517,1.7319
359,GOh1052_S19Y,GOh1052,S19Y,-4.758,0.559,1.7319
360,GOh1052_S19V,GOh1052,S19V,-3.515,0.608,1.7319
361,GOh1052_H20A,GOh1052,H20A,-0.218,0.737,3.8366
362,GOh1052_H20R,GOh1052,H20R,-1.449,0.689,3.8366
363,GOh1052_H20N,GOh1052,H20N,-1.687,0.679,3.8366
364,GOh1052_H20D,GOh1052,H20D,-1.523,0.686,3.8366
365,GOh1052_H20C,GOh1052,H20C,-3.493,0.609,3.8366
366,GOh1052_H20Q,GOh1052,H20Q,-1.953,0.669,3.8366
367,GOh1052_H20E,GOh1052,H20E,-1.724,0.678,3.8366
368,GOh1052_H20G,GOh1052,H20G,-0.346,0.732,3.8366
369,GOh1052_H20I,GOh1052,H20I,-1.153,0.700,3.8366
370,GOh1052_H20L,GOh1052,H20L,-0.203,0.737,3.8366
371,GOh1052_H20K,GOh1052,H20K,-2.272,0.656,3.8366
372,GOh1052_H20M,GOh1052,H20M,-2.265,0.657,3.8366
373,GOh1052_H20F,GOh1052,H20F,-1.655,0.680,3.8366
374,GOh1052_H20P,GOh1052,H20P,-1.27,0.695519706261474,3.8366
375,GOh1052_H20S,GOh1052,H20S,-0.094,0.741,3.8366
376,GOh1052_H20T,GOh1052,H20T,-0.47,0.726768485606031,3.8366
377,GOh1052_H20W,GOh1052,H20W,-3.469,0.610,3.8366
378,GOh1052_H20Y,GOh1052,H20Y,-2.251,0.657,3.8366
379,GOh1052_H20V,GOh1052,H20V,-0.628,0.721,3.8366
380,GOh1052_M21A,GOh1052,M21A,-0.461,0.727,3.8396
381,GOh1052_M21R,GOh1052,M21R,-1.384,0.691,3.8396
382,GOh1052_M21N,GOh1052,M21N,-1.839,0.673,3.8396
383,GOh1052_M21D,GOh1052,M21D,-1.842,0.673,3.8396
384,GOh1052_M21C,GOh1052,M21C,-2.487,0.648,3.8396
385,GOh1052_M21Q,GOh1052,M21Q,-1.929,0.670,3.8396
386,GOh1052_M21E,GOh1052,M21E,-2.074,0.664,3.8396
387,GOh1052_M21G,GOh1052,M21G,-0.543,0.724,3.8396
388,GOh1052_M21H,GOh1052,M21H,-2.704,0.640,3.8396
389,GOh1052_M21I,GOh1052,M21I,-1.666,0.680,3.8396
390,GOh1052_M21L,GOh1052,M21L,-1.089,0.703,3.8396
391,GOh1052_M21K,GOh1052,M21K,-2.578,0.644,3.8396
392,GOh1052_M21F,GOh1052,M21F,-1.796,0.675,3.8396
393,GOh1052_M21P,GOh1052,M21P,-0.924,0.709,3.8396
394,GOh1052_M21S,GOh1052,M21S,-0.233,0.736,3.8396
395,GOh1052_M21T,GOh1052,M21T,-0.769,0.715,3.8396
396,GOh1052_M21W,GOh1052,M21W,-3.761,0.598,3.8396
397,GOh1052_M21Y,GOh1052,M21Y,-2.383,0.652,3.8396
398,GOh1052_M21V,GOh1052,M21V,-1.245,0.696,3.8396
399,GOh1052_G22A,GOh1052,G22A,-2.506,0.647,2.0414
400,GOh1052_G22R,GOh1052,G22R,-3.949,0.591,2.0414
401,GOh1052_G22N,GOh1052,G22N,-4.311,0.577,2.0414
402,GOh1052_G22D,GOh1052,G22D,-4.409,0.573,2.0414
403,GOh1052_G22C,GOh1052,G22C,-5.383,0.535,2.0414
404,GOh1052_G22Q,GOh1052,G22Q,-4.007,0.589,2.0414
405,GOh1052_G22E,GOh1052,G22E,-4.184,0.582,2.0414
406,GOh1052_G22H,GOh1052,G22H,-5.037,0.548,2.0414
407,GOh1052_G22I,GOh1052,G22I,-3.967,0.590,2.0414
408,GOh1052_G22L,GOh1052,G22L,-3.271,0.617,2.0414
409,GOh1052_G22K,GOh1052,G22K,-4.775,0.559,2.0414
410,GOh1052_G22M,GOh1052,G22M,-4.855,0.555,2.0414
411,GOh1052_G22F,GOh1052,G22F,-4.416,0.573,2.0414
412,GOh1052_G22P,GOh1052,G22P,-2.873,0.633,2.0414
413,GOh1052_G22S,GOh1052,G22S,-2.988,0.628,2.0414
414,GOh1052_G22T,GOh1052,G22T,-3.284,0.617,2.0414
415,GOh1052_G22W,GOh1052,G22W,-6.28,0.499824225616187,2.0414
416,GOh1052_G22Y,GOh1052,G22Y,-4.937,0.552,2.0414
417,GOh1052_G22V,GOh1052,G22V,-3.412,0.612,2.0414
418,GOh1052_T23A,GOh1052,T23A,-2.798,0.636,1.9365
419,GOh1052_T23R,GOh1052,T23R,-4.063,0.586,1.9365
420,GOh1052_T23N,GOh1052,T23N,-4.343,0.575,1.9365
421,GOh1052_T23D,GOh1052,T23D,-4.353,0.575,1.9365
422,GOh1052_T23C,GOh1052,T23C,-4.862,0.555,1.9365
423,GOh1052_T23Q,GOh1052,T23Q,-4.479,0.570,1.9365
424,GOh1052_T23E,GOh1052,T23E,-4.375,0.574,1.9365
425,GOh1052_T23G,GOh1052,T23G,-3.421,0.611,1.9365
426,GOh1052_T23H,GOh1052,T23H,-5.058,0.548,1.9365
427,GOh1052_T23I,GOh1052,T23I,-3.857,0.594,1.9365
428,GOh1052_T23L,GOh1052,T23L,-3.167,0.621,1.9365
429,GOh1052_T23K,GOh1052,T23K,-4.74,0.559978125854459,1.9365
430,GOh1052_T23M,GOh1052,T23M,-4.661,0.563,1.9365
431,GOh1052_T23F,GOh1052,T23F,-4.222,0.580,1.9365
432,GOh1052_T23P,GOh1052,T23P,-3.74,0.599039100035155,1.9365
433,GOh1052_T23S,GOh1052,T23S,-2.947,0.630,1.9365
434,GOh1052_T23W,GOh1052,T23W,-6.147,0.505,1.9365
435,GOh1052_T23Y,GOh1052,T23Y,-4.701,0.562,1.9365
436,GOh1052_T23V,GOh1052,T23V,-3.497,0.609,1.9365
437,GOh1052_A24R,GOh1052,A24R,-4.776,0.559,1.3963
438,GOh1052_A24N,GOh1052,A24N,-5.114,0.545,1.3963
439,GOh1052_A24D,GOh1052,A24D,-4.705,0.561,1.3963
440,GOh1052_A24C,GOh1052,A24C,-4.887,0.554,1.3963
441,GOh1052_A24Q,GOh1052,A24Q,-4.932,0.552,1.3963
442,GOh1052_A24E,GOh1052,A24E,-4.997,0.550,1.3963
443,GOh1052_A24G,GOh1052,A24G,-3.753,0.599,1.3963
444,GOh1052_A24H,GOh1052,A24H,-6.033,0.509,1.3963
445,GOh1052_A24I,GOh1052,A24I,-4.254,0.579,1.3963
446,GOh1052_A24L,GOh1052,A24L,-3.842,0.595,1.3963
447,GOh1052_A24K,GOh1052,A24K,-5.956,0.512,1.3963
448,GOh1052_A24M,GOh1052,A24M,-5.392,0.535,1.3963
449,GOh1052_A24F,GOh1052,A24F,-4.855,0.555,1.3963
450,GOh1052_A24P,GOh1052,A24P,-3.714,0.600,1.3963
451,GOh1052_A24S,GOh1052,A24S,-3.607,0.604,1.3963
452,GOh1052_A24T,GOh1052,A24T,-3.981,0.590,1.3963
453,GOh1052_A24W,GOh1052,A24W,-6.412,0.495,1.3963
454,GOh1052_A24Y,GOh1052,A24Y,-4.957,0.552,1.3963
455,GOh1052_A24V,GOh1052,A24V,-3.778,0.598,1.3963
456,GOh1052_S25A,GOh1052,S25A,-3.456,0.610,1.4028
457,GOh1052_S25R,GOh1052,S25R,-5.57,0.527557517284481,1.4028
458,GOh1052_S25N,GOh1052,S25N,-4.577,0.566,1.4028
459,GOh1052_S25D,GOh1052,S25D,-4.774,0.559,1.4028
460,GOh1052_S25C,GOh1052,S25C,-5.464,0.532,1.4028
461,GOh1052_S25Q,GOh1052,S25Q,-4.69,0.561931174563494,1.4028
462,GOh1052_S25E,GOh1052,S25E,-5.054,0.548,1.4028
463,GOh1052_S25G,GOh1052,S25G,-4.267,0.578,1.4028
464,GOh1052_S25H,GOh1052,S25H,-6.542,0.490,1.4028
465,GOh1052_S25I,GOh1052,S25I,-4.355,0.575,1.4028
466,GOh1052_S25L,GOh1052,S25L,-4.124,0.584,1.4028
467,GOh1052_S25K,GOh1052,S25K,-5.428,0.533,1.4028
468,GOh1052_S25M,GOh1052,S25M,-5.763,0.520,1.4028
469,GOh1052_S25F,GOh1052,S25F,-5.072,0.547,1.4028
470,GOh1052_S25P,GOh1052,S25P,-3.067,0.625,1.4028
471,GOh1052_S25T,GOh1052,S25T,-3.527,0.607,1.4028
472,GOh1052_S25W,GOh1052,S25W,-6.995,0.472,1.4028
473,GOh1052_S25Y,GOh1052,S25Y,-5.301,0.538,1.4028
474,GOh1052_S25V,GOh1052,S25V,-3.895,0.593,1.4028
475,GOh1052_A26R,GOh1052,A26R,-5.767,0.520,0.9695
476,GOh1052_A26N,GOh1052,A26N,-5.269,0.539,0.9695
477,GOh1052_A26D,GOh1052,A26D,-5.233,0.541,0.9695
478,GOh1052_A26C,GOh1052,A26C,-5.7,0.522479590640991,0.9695
479,GOh1052_A26Q,GOh1052,A26Q,-5.21,0.541619467989532,0.9695
480,GOh1052_A26E,GOh1052,A26E,-5.478,0.531,0.9695
481,GOh1052_A26G,GOh1052,A26G,-4.925,0.553,0.9695
482,GOh1052_A26H,GOh1052,A26H,-7.35,0.458028983242842,0.9695
483,GOh1052_A26I,GOh1052,A26I,-4.583,0.566,0.9695
484,GOh1052_A26L,GOh1052,A26L,-3.987,0.589,0.9695
485,GOh1052_A26K,GOh1052,A26K,-5.992,0.511,0.9695
486,GOh1052_A26M,GOh1052,A26M,-6.12,0.506073981485098,0.9695
487,GOh1052_A26F,GOh1052,A26F,-5.59,0.526776297800867,0.9695
488,GOh1052_A26P,GOh1052,A26P,-4.012,0.588,0.9695
489,GOh1052_A26S,GOh1052,A26S,-4.558,0.567,0.9695
490,GOh1052_A26T,GOh1052,A26T,-4.258,0.579,0.9695
491,GOh1052_A26W,GOh1052,A26W,-7.537,0.451,0.9695
492,GOh1052_A26Y,GOh1052,A26Y,-5.818,0.518,0.9695
493,GOh1052_A26V,GOh1052,A26V,-4.185,0.582,0.9695
494,GOh1052_P27A,GOh1052,P27A,-4.398,0.573,0.7443
495,GOh1052_P27R,GOh1052,P27R,-6.27,0.500214835357994,0.7443
496,GOh1052_P27N,GOh1052,P27N,-5.335,0.537,0.7443
497,GOh1052_P27D,GOh1052,P27D,-5.33,0.536932151087848,0.7443
498,GOh1052_P27C,GOh1052,P27C,-7.08,0.46857544627163,0.7443
499,GOh1052_P27Q,GOh1052,P27Q,-5.709,0.522,0.7443
500,GOh1052_P27E,GOh1052,P27E,-6.067,0.508,0.7443
501,GOh1052_P27G,GOh1052,P27G,-4.549,0.567,0.7443
502,GOh1052_P27H,GOh1052,P27H,-7.449,0.454,0.7443
503,GOh1052_P27I,GOh1052,P27I,-5.395,0.534,0.7443
504,GOh1052_P27L,GOh1052,P27L,-4.786,0.558,0.7443
505,GOh1052_P27K,GOh1052,P27K,-6.431,0.494,0.7443
506,GOh1052_P27M,GOh1052,P27M,-6.929,0.474,0.7443
507,GOh1052_P27F,GOh1052,P27F,-5.936,0.513,0.7443
508,GOh1052_P27S,GOh1052,P27S,-4.457,0.571,0.7443
509,GOh1052_P27T,GOh1052,P27T,-4.601,0.565,0.7443
510,GOh1052_P27W,GOh1052,P27W,-7.516,0.452,0.7443
511,GOh1052_P27Y,GOh1052,P27Y,-5.829,0.517,0.7443
512,GOh1052_P27V,GOh1052,P27V,-4.748,0.560,0.7443
513,GOh1052_I28A,GOh1052,I28A,-1.603,0.683,2.7305
514,GOh1052_I28R,GOh1052,I28R,-4.301,0.577,2.7305
515,GOh1052_I28N,GOh1052,I28N,-3.201,0.620,2.7305
516,GOh1052_I28D,GOh1052,I28D,-3.869,0.594,2.7305
517,GOh1052_I28C,GOh1052,I28C,-5.714,0.522,2.7305
518,GOh1052_I28Q,GOh1052,I28Q,-3.311,0.616,2.7305
519,GOh1052_I28E,GOh1052,I28E,-3.891,0.593,2.7305
520,GOh1052_I28G,GOh1052,I28G,-2.776,0.637,2.7305
521,GOh1052_I28H,GOh1052,I28H,-6.141,0.505,2.7305
522,GOh1052_I28L,GOh1052,I28L,-3.169,0.621,2.7305
523,GOh1052_I28K,GOh1052,I28K,-4.092,0.585,2.7305
524,GOh1052_I28M,GOh1052,I28M,-5.338,0.537,2.7305
525,GOh1052_I28F,GOh1052,I28F,-4.504,0.569,2.7305
526,GOh1052_I28P,GOh1052,I28P,-3.081,0.625,2.7305
527,GOh1052_I28S,GOh1052,I28S,-1.117,0.701,2.7305
528,GOh1052_I28T,GOh1052,I28T,-0.926,0.709,2.7305
529,GOh1052_I28W,GOh1052,I28W,-6.565,0.489,2.7305
530,GOh1052_I28Y,GOh1052,I28Y,-4.558,0.567,2.7305
531,GOh1052_I28V,GOh1052,I28V,-2.266,0.657,2.7305
532,GOh1052_G29A,GOh1052,G29A,-5.244,0.540,0.3259
533,GOh1052_G29R,GOh1052,G29R,-7.632,0.447,0.3259
534,GOh1052_G29N,GOh1052,G29N,-6.849,0.478,0.3259
535,GOh1052_G29D,GOh1052,G29D,-6.461,0.493,0.3259
536,GOh1052_G29C,GOh1052,G29C,-8.999,0.394,0.3259
537,GOh1052_G29Q,GOh1052,G29Q,-6.236,0.502,0.3259
538,GOh1052_G29E,GOh1052,G29E,-5.966,0.512,0.3259
539,GOh1052_G29H,GOh1052,G29H,-9.081,0.390,0.3259
540,GOh1052_G29I,GOh1052,G29I,-7.104,0.468,0.3259
541,GOh1052_G29L,GOh1052,G29L,-5.863,0.516,0.3259
542,GOh1052_G29K,GOh1052,G29K,-7.824,0.440,0.3259
543,GOh1052_G29M,GOh1052,G29M,-8.269,0.422,0.3259
544,GOh1052_G29F,GOh1052,G29F,-7.247,0.462,0.3259
545,GOh1052_G29P,GOh1052,G29P,-5.418,0.533,0.3259
546,GOh1052_G29S,GOh1052,G29S,-5.179,0.543,0.3259
547,GOh1052_G29T,GOh1052,G29T,-5.894,0.515,0.3259
548,GOh1052_G29W,GOh1052,G29W,-9.304,0.382,0.3259
549,GOh1052_G29Y,GOh1052,G29Y,-7.362,0.458,0.3259
550,GOh1052_G29V,GOh1052,G29V,-6.178,0.504,0.3259
551,GOh1052_S30A,GOh1052,S30A,-4.035,0.588,1.1699
552,GOh1052_S30R,GOh1052,S30R,-6.774,0.481,1.1699
553,GOh1052_S30N,GOh1052,S30N,-3.947,0.591,1.1699
554,GOh1052_S30D,GOh1052,S30D,-4.645,0.564,1.1699
555,GOh1052_S30C,GOh1052,S30C,-10.467,0.336,1.1699
556,GOh1052_S30Q,GOh1052,S30Q,-4.563,0.567,1.1699
557,GOh1052_S30E,GOh1052,S30E,-5.325,0.537,1.1699
558,GOh1052_S30G,GOh1052,S30G,-4.946,0.552,1.1699
559,GOh1052_S30H,GOh1052,S30H,-7.848,0.439,1.1699
560,GOh1052_S30I,GOh1052,S30I,-5.044,0.548,1.1699
561,GOh1052_S30L,GOh1052,S30L,-5.859,0.516,1.1699
562,GOh1052_S30K,GOh1052,S30K,-5.998,0.511,1.1699
563,GOh1052_S30M,GOh1052,S30M,-7.501,0.452,1.1699
564,GOh1052_S30F,GOh1052,S30F,-7.021,0.471,1.1699
565,GOh1052_S30P,GOh1052,S30P,-4.548,0.567,1.1699
566,GOh1052_S30T,GOh1052,S30T,-2.292,0.656,1.1699
567,GOh1052_S30W,GOh1052,S30W,-9.99,0.354908011405804,1.1699
568,GOh1052_S30Y,GOh1052,S30Y,-7.059,0.469,1.1699
569,GOh1052_S30V,GOh1052,S30V,-3.958,0.591,1.1699
570,GOh1052_A31R,GOh1052,A31R,-6.002,0.511,1.1507
571,GOh1052_A31N,GOh1052,A31N,-5.584,0.527,1.1507
572,GOh1052_A31D,GOh1052,A31D,-5.794,0.519,1.1507
573,GOh1052_A31C,GOh1052,A31C,-11.755,0.286,1.1507
574,GOh1052_A31Q,GOh1052,A31Q,-3.712,0.600,1.1507
575,GOh1052_A31E,GOh1052,A31E,-3.881,0.594,1.1507
576,GOh1052_A31G,GOh1052,A31G,-5.77,0.519745322448342,1.1507
577,GOh1052_A31H,GOh1052,A31H,-8.957,0.395,1.1507
578,GOh1052_A31I,GOh1052,A31I,-4.837,0.556,1.1507
579,GOh1052_A31L,GOh1052,A31L,-3.975,0.590,1.1507
580,GOh1052_A31K,GOh1052,A31K,-5.589,0.527,1.1507
581,GOh1052_A31M,GOh1052,A31M,-6.848,0.478,1.1507
582,GOh1052_A31F,GOh1052,A31F,-6.624,0.486,1.1507
583,GOh1052_A31P,GOh1052,A31P,-3.533,0.607,1.1507
584,GOh1052_A31S,GOh1052,A31S,-3.681,0.601,1.1507
585,GOh1052_A31T,GOh1052,A31T,-3.897,0.593,1.1507
586,GOh1052_A31W,GOh1052,A31W,-8.8,0.401390570680833,1.1507
587,GOh1052_A31Y,GOh1052,A31Y,-7.3,0.459982031951877,1.1507
588,GOh1052_A31V,GOh1052,A31V,-4.063,0.586,1.1507
589,GOh1052_I32A,GOh1052,I32A,-6.611,0.487,0.9841
590,GOh1052_I32R,GOh1052,I32R,-9.522,0.373,0.9841
591,GOh1052_I32N,GOh1052,I32N,-8.996,0.394,0.9841
592,GOh1052_I32D,GOh1052,I32D,-10.367,0.340,0.9841
593,GOh1052_I32C,GOh1052,I32C,-11.816,0.284,0.9841
594,GOh1052_I32Q,GOh1052,I32Q,-7.307,0.460,0.9841
595,GOh1052_I32E,GOh1052,I32E,-9.163,0.387,0.9841
596,GOh1052_I32G,GOh1052,I32G,-10.008,0.354,0.9841
597,GOh1052_I32H,GOh1052,I32H,-10.252,0.345,0.9841
598,GOh1052_I32L,GOh1052,I32L,-1.052,0.704,0.9841
599,GOh1052_I32K,GOh1052,I32K,-8.929,0.396,0.9841
600,GOh1052_I32M,GOh1052,I32M,-5.268,0.539,0.9841
601,GOh1052_I32F,GOh1052,I32F,-6.25,0.500996054841608,0.9841
602,GOh1052_I32P,GOh1052,I32P,-8.064,0.430,0.9841
603,GOh1052_I32S,GOh1052,I32S,-8.052,0.431,0.9841
604,GOh1052_I32T,GOh1052,I32T,-7.035,0.470,0.9841
605,GOh1052_I32W,GOh1052,I32W,-9.363,0.379,0.9841
606,GOh1052_I32Y,GOh1052,I32Y,-7.033,0.470,0.9841
607,GOh1052_I32V,GOh1052,I32V,-4.339,0.576,0.9841
608,GOh1052_P33A,GOh1052,P33A,-4.838,0.556,0.7619
609,GOh1052_P33R,GOh1052,P33R,-9.132,0.388,0.7619
610,GOh1052_P33N,GOh1052,P33N,-3.79,0.59708605132612,0.7619
611,GOh1052_P33D,GOh1052,P33D,-3.803,0.597,0.7619
612,GOh1052_P33C,GOh1052,P33C,-13.108,0.233,0.7619
613,GOh1052_P33Q,GOh1052,P33Q,-6.635,0.486,0.7619
614,GOh1052_P33E,GOh1052,P33E,-7.018,0.471,0.7619
615,GOh1052_P33G,GOh1052,P33G,-4.964,0.551,0.7619
616,GOh1052_P33H,GOh1052,P33H,-9.697,0.366,0.7619
617,GOh1052_P33I,GOh1052,P33I,-8.311,0.420,0.7619
618,GOh1052_P33L,GOh1052,P33L,-7.474,0.453,0.7619
619,GOh1052_P33K,GOh1052,P33K,-8.198,0.425,0.7619
620,GOh1052_P33M,GOh1052,P33M,-10.221,0.346,0.7619
621,GOh1052_P33F,GOh1052,P33F,-9.754,0.364,0.7619
622,GOh1052_P33S,GOh1052,P33S,-2.882,0.633,0.7619
623,GOh1052_P33T,GOh1052,P33T,-5.447,0.532,0.7619
624,GOh1052_P33W,GOh1052,P33W,-11.067,0.313,0.7619
625,GOh1052_P33Y,GOh1052,P33Y,-8.792,0.402,0.7619
626,GOh1052_P33V,GOh1052,P33V,-7.094,0.468,0.7619
627,GOh1052_R34A,GOh1052,R34A,-6.592,0.488,0.4293
628,GOh1052_R34N,GOh1052,R34N,-5.979,0.512,0.4293
629,GOh1052_R34D,GOh1052,R34D,-8.68,0.406077887582516,0.4293
630,GOh1052_R34C,GOh1052,R34C,-12.733,0.248,0.4293
631,GOh1052_R34Q,GOh1052,R34Q,-3.62,0.603726416936838,0.4293
632,GOh1052_R34E,GOh1052,R34E,-8.584,0.410,0.4293
633,GOh1052_R34G,GOh1052,R34G,-6.638,0.486,0.4293
634,GOh1052_R34H,GOh1052,R34H,-5.891,0.515,0.4293
635,GOh1052_R34I,GOh1052,R34I,-8.469,0.414,0.4293
636,GOh1052_R34L,GOh1052,R34L,-6.205,0.503,0.4293
637,GOh1052_R34K,GOh1052,R34K,-4.621,0.565,0.4293
638,GOh1052_R34M,GOh1052,R34M,-7.857,0.438,0.4293
639,GOh1052_R34F,GOh1052,R34F,-7.997,0.433,0.4293
640,GOh1052_R34P,GOh1052,R34P,-7.893,0.437,0.4293
641,GOh1052_R34S,GOh1052,R34S,-5.704,0.522,0.4293
642,GOh1052_R34T,GOh1052,R34T,-6.25,0.500996054841608,0.4293
643,GOh1052_R34W,GOh1052,R34W,-8.835,0.400,0.4293
644,GOh1052_R34Y,GOh1052,R34Y,-7.37,0.457247763759228,0.4293
645,GOh1052_R34V,GOh1052,R34V,-7.911,0.436,0.4293
646,GOh1052_N35A,GOh1052,N35A,-2.842,0.634,1.7337
647,GOh1052_N35R,GOh1052,N35R,-6.95,0.473653372915121,1.7337
648,GOh1052_N35D,GOh1052,N35D,-3.895,0.593,1.7337
649,GOh1052_N35C,GOh1052,N35C,-10.588,0.332,1.7337
650,GOh1052_N35Q,GOh1052,N35Q,-5.377,0.535,1.7337
651,GOh1052_N35E,GOh1052,N35E,-4.747,0.560,1.7337
652,GOh1052_N35G,GOh1052,N35G,-2.82,0.634975196281395,1.7337
653,GOh1052_N35H,GOh1052,N35H,-8.174,0.426,1.7337
654,GOh1052_N35I,GOh1052,N35I,-6.687,0.484,1.7337
655,GOh1052_N35L,GOh1052,N35L,-6.544,0.490,1.7337
656,GOh1052_N35K,GOh1052,N35K,-5.481,0.531,1.7337
657,GOh1052_N35M,GOh1052,N35M,-8.432,0.416,1.7337
658,GOh1052_N35F,GOh1052,N35F,-7.599,0.448,1.7337
659,GOh1052_N35P,GOh1052,N35P,-5.734,0.521,1.7337
660,GOh1052_N35S,GOh1052,N35S,-1.182,0.699,1.7337
661,GOh1052_N35T,GOh1052,N35T,-2.257,0.657,1.7337
662,GOh1052_N35W,GOh1052,N35W,-8.836,0.400,1.7337
663,GOh1052_N35Y,GOh1052,N35Y,-7.741,0.443,1.7337
664,GOh1052_N35V,GOh1052,N35V,-5.662,0.524,1.7337
665,GOh1052_N36A,GOh1052,N36A,-4.814,0.557,1.3155
666,GOh1052_N36R,GOh1052,N36R,-7.649,0.446,1.3155
667,GOh1052_N36D,GOh1052,N36D,-3.938,0.591,1.3155
668,GOh1052_N36C,GOh1052,N36C,-10.377,0.340,1.3155
669,GOh1052_N36Q,GOh1052,N36Q,-4.576,0.566,1.3155
670,GOh1052_N36E,GOh1052,N36E,-5.793,0.519,1.3155
671,GOh1052_N36G,GOh1052,N36G,-0.939,0.708,1.3155
672,GOh1052_N36H,GOh1052,N36H,-8.631,0.408,1.3155
673,GOh1052_N36I,GOh1052,N36I,-8.083,0.429,1.3155
674,GOh1052_N36L,GOh1052,N36L,-6.08,0.507636420452326,1.3155
675,GOh1052_N36K,GOh1052,N36K,-6.901,0.476,1.3155
676,GOh1052_N36M,GOh1052,N36M,-8.653,0.407,1.3155
677,GOh1052_N36F,GOh1052,N36F,-7.691,0.445,1.3155
678,GOh1052_N36P,GOh1052,N36P,-7.739,0.443,1.3155
679,GOh1052_N36S,GOh1052,N36S,-3.203,0.620,1.3155
680,GOh1052_N36T,GOh1052,N36T,-4.695,0.562,1.3155
681,GOh1052_N36W,GOh1052,N36W,-9.689,0.367,1.3155
682,GOh1052_N36Y,GOh1052,N36Y,-8.816,0.401,1.3155
683,GOh1052_N36V,GOh1052,N36V,-7.189,0.464,1.3155
684,GOh1052_W37A,GOh1052,W37A,-12.692,0.249,0.0036
685,GOh1052_W37R,GOh1052,W37R,-13.648,0.212,0.0036
686,GOh1052_W37N,GOh1052,W37N,-14.203,0.190,0.0036
687,GOh1052_W37D,GOh1052,W37D,-15.058,0.157,0.0036
688,GOh1052_W37C,GOh1052,W37C,-13.98,0.199054724424827,0.0036
689,GOh1052_W37Q,GOh1052,W37Q,-14.126,0.193,0.0036
690,GOh1052_W37E,GOh1052,W37E,-16.061,0.118,0.0036
691,GOh1052_W37G,GOh1052,W37G,-13.652,0.212,0.0036
692,GOh1052_W37H,GOh1052,W37H,-13.096,0.234,0.0036
693,GOh1052_W37I,GOh1052,W37I,-14.385,0.183,0.0036
694,GOh1052_W37L,GOh1052,W37L,-13.02,0.236553259638295,0.0036
695,GOh1052_W37K,GOh1052,W37K,-14.988,0.160,0.0036
696,GOh1052_W37M,GOh1052,W37M,-11.798,0.284,0.0036
697,GOh1052_W37F,GOh1052,W37F,-9.692,0.367,0.0036
698,GOh1052_W37P,GOh1052,W37P,-15.07,0.156478262567868,0.0036
699,GOh1052_W37S,GOh1052,W37S,-12.332,0.263,0.0036
700,GOh1052_W37T,GOh1052,W37T,-12.788,0.246,0.0036
701,GOh1052_W37Y,GOh1052,W37Y,-8.808,0.401,0.0036
702,GOh1052_W37V,GOh1052,W37V,-13.924,0.201,0.0036
703,GOh1052_A38R,GOh1052,A38R,-5.421,0.533,1.8289
704,GOh1052_A38N,GOh1052,A38N,-4.49,0.569743369399633,1.8289
705,GOh1052_A38D,GOh1052,A38D,-6.014,0.510,1.8289
706,GOh1052_A38C,GOh1052,A38C,-11.392,0.300,1.8289
707,GOh1052_A38Q,GOh1052,A38Q,-3.454,0.610,1.8289
708,GOh1052_A38E,GOh1052,A38E,-4.877,0.555,1.8289
709,GOh1052_A38G,GOh1052,A38G,-6.196,0.503,1.8289
710,GOh1052_A38H,GOh1052,A38H,-8.006,0.432,1.8289
711,GOh1052_A38I,GOh1052,A38I,-3.728,0.600,1.8289
712,GOh1052_A38L,GOh1052,A38L,-5.366,0.536,1.8289
713,GOh1052_A38K,GOh1052,A38K,-4.299,0.577,1.8289
714,GOh1052_A38M,GOh1052,A38M,-5.825,0.518,1.8289
715,GOh1052_A38F,GOh1052,A38F,-6.866,0.477,1.8289
716,GOh1052_A38P,GOh1052,A38P,-8.955,0.395,1.8289
717,GOh1052_A38S,GOh1052,A38S,-1.866,0.672,1.8289
718,GOh1052_A38T,GOh1052,A38T,-0.542,0.724,1.8289
719,GOh1052_A38W,GOh1052,A38W,-9.318,0.381,1.8289
720,GOh1052_A38Y,GOh1052,A38Y,-7.818,0.440,1.8289
721,GOh1052_A38V,GOh1052,A38V,-3.132,0.623,1.8289
722,GOh1052_V39A,GOh1052,V39A,-3.226,0.619,0.3371
723,GOh1052_V39R,GOh1052,V39R,-10.726,0.326,0.3371
724,GOh1052_V39N,GOh1052,V39N,-10.99,0.315847037225108,0.3371
725,GOh1052_V39D,GOh1052,V39D,-11.669,0.289,0.3371
726,GOh1052_V39C,GOh1052,V39C,-11.386,0.300,0.3371
727,GOh1052_V39Q,GOh1052,V39Q,-10.97,0.316628256708722,0.3371
728,GOh1052_V39E,GOh1052,V39E,-11.241,0.306,0.3371
729,GOh1052_V39G,GOh1052,V39G,-8.325,0.420,0.3371
730,GOh1052_V39H,GOh1052,V39H,-11.353,0.302,0.3371
731,GOh1052_V39I,GOh1052,V39I,-4.718,0.561,0.3371
732,GOh1052_V39L,GOh1052,V39L,-7.074,0.469,0.3371
733,GOh1052_V39K,GOh1052,V39K,-10.446,0.337,0.3371
734,GOh1052_V39M,GOh1052,V39M,-8.283,0.422,0.3371
735,GOh1052_V39F,GOh1052,V39F,-9.084,0.390,0.3371
736,GOh1052_V39P,GOh1052,V39P,-9.068,0.391,0.3371
737,GOh1052_V39S,GOh1052,V39S,-8.21,0.424436545447443,0.3371
738,GOh1052_V39T,GOh1052,V39T,-7.137,0.466,0.3371
739,GOh1052_V39W,GOh1052,V39W,-11.28,0.304519354712707,0.3371
740,GOh1052_V39Y,GOh1052,V39Y,-9.171,0.387,0.3371
741,GOh1052_T40A,GOh1052,T40A,-6.791,0.480,0.2858
742,GOh1052_T40R,GOh1052,T40R,-8.711,0.405,0.2858
743,GOh1052_T40N,GOh1052,T40N,-7.019,0.471,0.2858
744,GOh1052_T40D,GOh1052,T40D,-8.413,0.417,0.2858
745,GOh1052_T40C,GOh1052,T40C,-13.142,0.232,0.2858
746,GOh1052_T40Q,GOh1052,T40Q,-8.052,0.431,0.2858
747,GOh1052_T40E,GOh1052,T40E,-8.571,0.410,0.2858
748,GOh1052_T40G,GOh1052,T40G,-7.983,0.433,0.2858
749,GOh1052_T40H,GOh1052,T40H,-10.223,0.346,0.2858
750,GOh1052_T40I,GOh1052,T40I,-8.232,0.424,0.2858
751,GOh1052_T40L,GOh1052,T40L,-9.018,0.393,0.2858
752,GOh1052_T40K,GOh1052,T40K,-7.939,0.435,0.2858
753,GOh1052_T40M,GOh1052,T40M,-9.999,0.355,0.2858
754,GOh1052_T40F,GOh1052,T40F,-8.511,0.413,0.2858
755,GOh1052_T40P,GOh1052,T40P,-11.746,0.286,0.2858
756,GOh1052_T40S,GOh1052,T40S,-3.288,0.617,0.2858
757,GOh1052_T40W,GOh1052,T40W,-8.894,0.398,0.2858
758,GOh1052_T40Y,GOh1052,T40Y,-8.539,0.412,0.2858
759,GOh1052_T40V,GOh1052,T40V,-7.388,0.457,0.2858
760,GOh1052_C41A,GOh1052,C41A,-3.93,0.591617514940823,0.1928
761,GOh1052_C41R,GOh1052,C41R,-11.383,0.300,0.1928
762,GOh1052_C41N,GOh1052,C41N,-9.712,0.366,0.1928
763,GOh1052_C41D,GOh1052,C41D,-8.404,0.417,0.1928
764,GOh1052_C41Q,GOh1052,C41Q,-7.981,0.433,0.1928
765,GOh1052_C41E,GOh1052,C41E,-7.459,0.454,0.1928
766,GOh1052_C41G,GOh1052,C41G,-6.572,0.488,0.1928
767,GOh1052_C41H,GOh1052,C41H,-10.203,0.347,0.1928
768,GOh1052_C41I,GOh1052,C41I,-11.164,0.309,0.1928
769,GOh1052_C41L,GOh1052,C41L,-11.056,0.313,0.1928
770,GOh1052_C41K,GOh1052,C41K,-10.403,0.339,0.1928
771,GOh1052_C41M,GOh1052,C41M,-10.855,0.321,0.1928
772,GOh1052_C41F,GOh1052,C41F,-10.629,0.330,0.1928
773,GOh1052_C41P,GOh1052,C41P,-10.609,0.331,0.1928
774,GOh1052_C41S,GOh1052,C41S,-7.117,0.467,0.1928
775,GOh1052_C41T,GOh1052,C41T,-8.174,0.426,0.1928
776,GOh1052_C41W,GOh1052,C41W,-11.48,0.296707159876567,0.1928
777,GOh1052_C41Y,GOh1052,C41Y,-9.328,0.381,0.1928
778,GOh1052_C41V,GOh1052,C41V,-7.182,0.465,0.1928
779,GOh1052_D42A,GOh1052,D42A,-9.645,0.368,0.046
780,GOh1052_D42R,GOh1052,D42R,-11.807,0.284,0.046
781,GOh1052_D42N,GOh1052,D42N,-7.939,0.435,0.046
782,GOh1052_D42C,GOh1052,D42C,-14.337,0.185,0.046
783,GOh1052_D42Q,GOh1052,D42Q,-9.73,0.365063864692785,0.046
784,GOh1052_D42E,GOh1052,D42E,-7.449,0.454,0.046
785,GOh1052_D42G,GOh1052,D42G,-8.998,0.394,0.046
786,GOh1052_D42H,GOh1052,D42H,-10.774,0.324,0.046
787,GOh1052_D42I,GOh1052,D42I,-12.472,0.258,0.046
788,GOh1052_D42L,GOh1052,D42L,-11.925,0.279,0.046
789,GOh1052_D42K,GOh1052,D42K,-11.51,0.295535330651146,0.046
790,GOh1052_D42M,GOh1052,D42M,-12.673,0.250,0.046
791,GOh1052_D42F,GOh1052,D42F,-11.34,0.302175696261865,0.046
792,GOh1052_D42P,GOh1052,D42P,-11.569,0.293,0.046
793,GOh1052_D42S,GOh1052,D42S,-6.004,0.511,0.046
794,GOh1052_D42T,GOh1052,D42T,-8.298,0.421,0.046
795,GOh1052_D42W,GOh1052,D42W,-12.453,0.259,0.046
796,GOh1052_D42Y,GOh1052,D42Y,-10.943,0.318,0.046
797,GOh1052_D42V,GOh1052,D42V,-9.878,0.359,0.046
798,GOh1052_S43A,GOh1052,S43A,-8.938,0.396,0.052
799,GOh1052_S43R,GOh1052,S43R,-10.396,0.339,0.052
800,GOh1052_S43N,GOh1052,S43N,-8.106,0.428,0.052
801,GOh1052_S43D,GOh1052,S43D,-7.526,0.451,0.052
802,GOh1052_S43C,GOh1052,S43C,-13.218,0.229,0.052
803,GOh1052_S43Q,GOh1052,S43Q,-9.484,0.375,0.052
804,GOh1052_S43E,GOh1052,S43E,-8.43,0.41584313112769,0.052
805,GOh1052_S43G,GOh1052,S43G,-6.558,0.489,0.052
806,GOh1052_S43H,GOh1052,S43H,-10.223,0.346,0.052
807,GOh1052_S43I,GOh1052,S43I,-11.378,0.301,0.052
808,GOh1052_S43L,GOh1052,S43L,-10.947,0.318,0.052
809,GOh1052_S43K,GOh1052,S43K,-11.145,0.310,0.052
810,GOh1052_S43M,GOh1052,S43M,-12.12,0.271708136400922,0.052
811,GOh1052_S43F,GOh1052,S43F,-11.465,0.297,0.052
812,GOh1052_S43P,GOh1052,S43P,-9.829,0.361,0.052
813,GOh1052_S43T,GOh1052,S43T,-6.516,0.491,0.052
814,GOh1052_S43W,GOh1052,S43W,-11.921,0.279,0.052
815,GOh1052_S43Y,GOh1052,S43Y,-10.538,0.334,0.052
816,GOh1052_S43V,GOh1052,S43V,-10.354,0.341,0.052
817,GOh1052_A44R,GOh1052,A44R,-5.685,0.523,2.0979
818,GOh1052_A44N,GOh1052,A44N,-3.995,0.589,2.0979
819,GOh1052_A44D,GOh1052,A44D,-5.984,0.511,2.0979
820,GOh1052_A44C,GOh1052,A44C,-8.525,0.412,2.0979
821,GOh1052_A44Q,GOh1052,A44Q,-1.152,0.700,2.0979
822,GOh1052_A44E,GOh1052,A44E,-2.779,0.637,2.0979
823,GOh1052_A44G,GOh1052,A44G,-5.399,0.534,2.0979
824,GOh1052_A44H,GOh1052,A44H,-3.887,0.593,2.0979
825,GOh1052_A44I,GOh1052,A44I,-5.895,0.515,2.0979
826,GOh1052_A44L,GOh1052,A44L,-5.811,0.518,2.0979
827,GOh1052_A44K,GOh1052,A44K,-5.402,0.534,2.0979
828,GOh1052_A44M,GOh1052,A44M,-5.175,0.543,2.0979
829,GOh1052_A44F,GOh1052,A44F,-3.183,0.621,2.0979
830,GOh1052_A44P,GOh1052,A44P,-6.434,0.494,2.0979
831,GOh1052_A44S,GOh1052,A44S,-2.503,0.647,2.0979
832,GOh1052_A44T,GOh1052,A44T,-3.444,0.611,2.0979
833,GOh1052_A44W,GOh1052,A44W,-4.099,0.585,2.0979
834,GOh1052_A44Y,GOh1052,A44Y,-3.119,0.623,2.0979
835,GOh1052_A44V,GOh1052,A44V,-4.042,0.587,2.0979
836,GOh1052_Q45A,GOh1052,Q45A,-6.741,0.482,0.1357
837,GOh1052_Q45R,GOh1052,Q45R,-10.543,0.333,0.1357
838,GOh1052_Q45N,GOh1052,Q45N,-5.989,0.511,0.1357
839,GOh1052_Q45D,GOh1052,Q45D,-7.811,0.440,0.1357
840,GOh1052_Q45C,GOh1052,Q45C,-13.033,0.236,0.1357
841,GOh1052_Q45E,GOh1052,Q45E,-5.51,0.529901175735323,0.1357
842,GOh1052_Q45G,GOh1052,Q45G,-9.513,0.374,0.1357
843,GOh1052_Q45H,GOh1052,Q45H,-5.377,0.535,0.1357
844,GOh1052_Q45I,GOh1052,Q45I,-11.319,0.303,0.1357
845,GOh1052_Q45L,GOh1052,Q45L,-10.56,0.332643256122808,0.1357
846,GOh1052_Q45K,GOh1052,Q45K,-10.741,0.326,0.1357
847,GOh1052_Q45M,GOh1052,Q45M,-9.883,0.359,0.1357
848,GOh1052_Q45F,GOh1052,Q45F,-10.125,0.350,0.1357
849,GOh1052_Q45P,GOh1052,Q45P,-11.287,0.304,0.1357
850,GOh1052_Q45S,GOh1052,Q45S,-8.364,0.418,0.1357
851,GOh1052_Q45T,GOh1052,Q45T,-9.739,0.365,0.1357
852,GOh1052_Q45W,GOh1052,Q45W,-9.839,0.361,0.1357
853,GOh1052_Q45Y,GOh1052,Q45Y,-8.254,0.423,0.1357
854,GOh1052_Q45V,GOh1052,Q45V,-10.234,0.345,0.1357
855,GOh1052_S46A,GOh1052,S46A,-4.838,0.556,0.3425
856,GOh1052_S46R,GOh1052,S46R,-9.331,0.381,0.3425
857,GOh1052_S46N,GOh1052,S46N,-5.777,0.519,0.3425
858,GOh1052_S46D,GOh1052,S46D,-5.997,0.511,0.3425
859,GOh1052_S46C,GOh1052,S46C,-13.847,0.204,0.3425
860,GOh1052_S46Q,GOh1052,S46Q,-6.306,0.499,0.3425
861,GOh1052_S46E,GOh1052,S46E,-6.504,0.491,0.3425
862,GOh1052_S46G,GOh1052,S46G,-4.61,0.565056052497949,0.3425
863,GOh1052_S46H,GOh1052,S46H,-9.7,0.366235693918206,0.3425
864,GOh1052_S46I,GOh1052,S46I,-8.903,0.397,0.3425
865,GOh1052_S46L,GOh1052,S46L,-8.466,0.414,0.3425
866,GOh1052_S46K,GOh1052,S46K,-8.001,0.433,0.3425
867,GOh1052_S46M,GOh1052,S46M,-11.608,0.292,0.3425
868,GOh1052_S46F,GOh1052,S46F,-8.738,0.404,0.3425
869,GOh1052_S46P,GOh1052,S46P,-5.117,0.545,0.3425
870,GOh1052_S46T,GOh1052,S46T,-5.427,0.533,0.3425
871,GOh1052_S46W,GOh1052,S46W,-10.291,0.343,0.3425
872,GOh1052_S46Y,GOh1052,S46Y,-9.138,0.388,0.3425
873,GOh1052_S46V,GOh1052,S46V,-7.455,0.454,0.3425
874,GOh1052_G47A,GOh1052,G47A,-8.624,0.408,0.0307
875,GOh1052_G47R,GOh1052,G47R,-10.613,0.331,0.0307
876,GOh1052_G47N,GOh1052,G47N,-7.487,0.453,0.0307
877,GOh1052_G47D,GOh1052,G47D,-7.663,0.446,0.0307
878,GOh1052_G47C,GOh1052,G47C,-12.503,0.257,0.0307
879,GOh1052_G47Q,GOh1052,G47Q,-9.921,0.358,0.0307
880,GOh1052_G47E,GOh1052,G47E,-9.214,0.385,0.0307
881,GOh1052_G47H,GOh1052,G47H,-11.837,0.283,0.0307
882,GOh1052_G47I,GOh1052,G47I,-11.046,0.314,0.0307
883,GOh1052_G47L,GOh1052,G47L,-10.675,0.328,0.0307
884,GOh1052_G47K,GOh1052,G47K,-10.31,0.342408499667982,0.0307
885,GOh1052_G47M,GOh1052,G47M,-12.734,0.248,0.0307
886,GOh1052_G47F,GOh1052,G47F,-11.134,0.310,0.0307
887,GOh1052_G47P,GOh1052,G47P,-8.558,0.411,0.0307
888,GOh1052_G47S,GOh1052,G47S,-7.778,0.441,0.0307
889,GOh1052_G47T,GOh1052,G47T,-9.004,0.393,0.0307
890,GOh1052_G47W,GOh1052,G47W,-11.331,0.303,0.0307
891,GOh1052_G47Y,GOh1052,G47Y,-11.017,0.315,0.0307
892,GOh1052_G47V,GOh1052,G47V,-9.678,0.367,0.0307
893,GOh1052_N48A,GOh1052,N48A,-7.701,0.444,0.1218
894,GOh1052_N48R,GOh1052,N48R,-10.24,0.34514276786063,0.1218
895,GOh1052_N48D,GOh1052,N48D,-6.061,0.508,0.1218
896,GOh1052_N48C,GOh1052,N48C,-11.685,0.289,0.1218
897,GOh1052_N48Q,GOh1052,N48Q,-6.743,0.482,0.1218
898,GOh1052_N48E,GOh1052,N48E,-5.939,0.513,0.1218
899,GOh1052_N48G,GOh1052,N48G,-6.507,0.491,0.1218
900,GOh1052_N48H,GOh1052,N48H,-8.344,0.419,0.1218
901,GOh1052_N48I,GOh1052,N48I,-11.843,0.283,0.1218
902,GOh1052_N48L,GOh1052,N48L,-9.065,0.391,0.1218
903,GOh1052_N48K,GOh1052,N48K,-9.757,0.364,0.1218
904,GOh1052_N48M,GOh1052,N48M,-9.714,0.366,0.1218
905,GOh1052_N48F,GOh1052,N48F,-8.516,0.412,0.1218
906,GOh1052_N48P,GOh1052,N48P,-11.546,0.294,0.1218
907,GOh1052_N48S,GOh1052,N48S,-6.312,0.499,0.1218
908,GOh1052_N48T,GOh1052,N48T,-8.261,0.422,0.1218
909,GOh1052_N48W,GOh1052,N48W,-10.289,0.343,0.1218
910,GOh1052_N48Y,GOh1052,N48Y,-8.13,0.427561423381899,0.1218
911,GOh1052_N48V,GOh1052,N48V,-10.735,0.326,0.1218
912,GOh1052_E49A,GOh1052,E49A,-6.331,0.498,0.1905
913,GOh1052_E49R,GOh1052,E49R,-10.659,0.329,0.1905
914,GOh1052_E49N,GOh1052,E49N,-6.758,0.481,0.1905
915,GOh1052_E49D,GOh1052,E49D,-5.472,0.531,0.1905
916,GOh1052_E49C,GOh1052,E49C,-12.616,0.252,0.1905
917,GOh1052_E49Q,GOh1052,E49Q,-7.694,0.445,0.1905
918,GOh1052_E49G,GOh1052,E49G,-5.989,0.511,0.1905
919,GOh1052_E49H,GOh1052,E49H,-10.114,0.350,0.1905
920,GOh1052_E49I,GOh1052,E49I,-8.57,0.410374594742393,0.1905
921,GOh1052_E49L,GOh1052,E49L,-8.66,0.40685910706613,0.1905
922,GOh1052_E49K,GOh1052,E49K,-9.598,0.370,0.1905
923,GOh1052_E49M,GOh1052,E49M,-11.097,0.312,0.1905
924,GOh1052_E49F,GOh1052,E49F,-10.315,0.342,0.1905
925,GOh1052_E49P,GOh1052,E49P,-6.835,0.478,0.1905
926,GOh1052_E49S,GOh1052,E49S,-5.93,0.51349556657943,0.1905
927,GOh1052_E49T,GOh1052,E49T,-5.646,0.525,0.1905
928,GOh1052_E49W,GOh1052,E49W,-10.917,0.319,0.1905
929,GOh1052_E49Y,GOh1052,E49Y,-10.338,0.341,0.1905
930,GOh1052_E49V,GOh1052,E49V,-7.02,0.470919104722472,0.1905
931,GOh1052_C50A,GOh1052,C50A,-7.069,0.469,0.0854
932,GOh1052_C50R,GOh1052,C50R,-10.33,0.341627280184368,0.0854
933,GOh1052_C50N,GOh1052,C50N,-11.236,0.306,0.0854
934,GOh1052_C50D,GOh1052,C50D,-10.659,0.329,0.0854
935,GOh1052_C50Q,GOh1052,C50Q,-10.824,0.322,0.0854
936,GOh1052_C50E,GOh1052,C50E,-10.741,0.326,0.0854
937,GOh1052_C50G,GOh1052,C50G,-5.07,0.547088004374829,0.0854
938,GOh1052_C50H,GOh1052,C50H,-12.167,0.270,0.0854
939,GOh1052_C50I,GOh1052,C50I,-9.768,0.364,0.0854
940,GOh1052_C50L,GOh1052,C50L,-9.981,0.355,0.0854
941,GOh1052_C50K,GOh1052,C50K,-10.054,0.352,0.0854
942,GOh1052_C50M,GOh1052,C50M,-10.675,0.328,0.0854
943,GOh1052_C50F,GOh1052,C50F,-11.661,0.290,0.0854
944,GOh1052_C50P,GOh1052,C50P,-6.742,0.482,0.0854
945,GOh1052_C50S,GOh1052,C50S,-9.248,0.384,0.0854
946,GOh1052_C50T,GOh1052,C50T,-10.628,0.330,0.0854
947,GOh1052_C50W,GOh1052,C50W,-11.897,0.280,0.0854
948,GOh1052_C50Y,GOh1052,C50Y,-11.1,0.311550330065232,0.0854
949,GOh1052_C50V,GOh1052,C50V,-9.701,0.366,0.0854
950,GOh1052_N51A,GOh1052,N51A,-2.19,0.659583610015234,1.7477
951,GOh1052_N51R,GOh1052,N51R,-5.958,0.512,1.7477
952,GOh1052_N51D,GOh1052,N51D,-4.314,0.577,1.7477
953,GOh1052_N51C,GOh1052,N51C,-9.822,0.361,1.7477
954,GOh1052_N51Q,GOh1052,N51Q,-5.232,0.541,1.7477
955,GOh1052_N51E,GOh1052,N51E,-5.646,0.525,1.7477
956,GOh1052_N51G,GOh1052,N51G,-2.868,0.633,1.7477
957,GOh1052_N51H,GOh1052,N51H,-7.314,0.459,1.7477
958,GOh1052_N51I,GOh1052,N51I,-5.771,0.520,1.7477
959,GOh1052_N51L,GOh1052,N51L,-5.574,0.527,1.7477
960,GOh1052_N51K,GOh1052,N51K,-5.266,0.539,1.7477
961,GOh1052_N51M,GOh1052,N51M,-8.576,0.410,1.7477
962,GOh1052_N51F,GOh1052,N51F,-5.563,0.528,1.7477
963,GOh1052_N51P,GOh1052,N51P,-4.229,0.580,1.7477
964,GOh1052_N51S,GOh1052,N51S,-1.841,0.673,1.7477
965,GOh1052_N51T,GOh1052,N51T,-2.967,0.629,1.7477
966,GOh1052_N51W,GOh1052,N51W,-5.44,0.532635443927972,1.7477
967,GOh1052_N51Y,GOh1052,N51Y,-5.216,0.541,1.7477
968,GOh1052_N51V,GOh1052,N51V,-4.934,0.552,1.7477
969,GOh1052_K52A,GOh1052,K52A,-6.06,0.50841763993594,0.5916
970,GOh1052_K52R,GOh1052,K52R,-4.882,0.554,0.5916
971,GOh1052_K52N,GOh1052,K52N,-2.932,0.631,0.5916
972,GOh1052_K52D,GOh1052,K52D,-6.314,0.498,0.5916
973,GOh1052_K52C,GOh1052,K52C,-10.701,0.327,0.5916
974,GOh1052_K52Q,GOh1052,K52Q,-6.936,0.474,0.5916
975,GOh1052_K52E,GOh1052,K52E,-9.087,0.390,0.5916
976,GOh1052_K52G,GOh1052,K52G,-7.012,0.471,0.5916
977,GOh1052_K52H,GOh1052,K52H,-6.029,0.510,0.5916
978,GOh1052_K52I,GOh1052,K52I,-9.324,0.381,0.5916
979,GOh1052_K52L,GOh1052,K52L,-4.4,0.573258857075895,0.5916
980,GOh1052_K52M,GOh1052,K52M,-6.562,0.489,0.5916
981,GOh1052_K52F,GOh1052,K52F,-6.206,0.503,0.5916
982,GOh1052_K52P,GOh1052,K52P,-11.011,0.315,0.5916
983,GOh1052_K52S,GOh1052,K52S,-7.247,0.462,0.5916
984,GOh1052_K52T,GOh1052,K52T,-9.523,0.373,0.5916
985,GOh1052_K52W,GOh1052,K52W,-9.171,0.387,0.5916
986,GOh1052_K52Y,GOh1052,K52Y,-5.586,0.527,0.5916
987,GOh1052_K52V,GOh1052,K52V,-9.338,0.380,0.5916
988,GOh1052_A53R,GOh1052,A53R,-16.79,0.0892933869770712,0.1178
989,GOh1052_A53N,GOh1052,A53N,-13.276,0.227,0.1178
990,GOh1052_A53D,GOh1052,A53D,-13.84,0.204523260810125,0.1178
991,GOh1052_A53C,GOh1052,A53C,-12.585,0.254,0.1178
992,GOh1052_A53Q,GOh1052,A53Q,-13.362,0.223,0.1178
993,GOh1052_A53E,GOh1052,A53E,-14.187,0.191,0.1178
994,GOh1052_A53G,GOh1052,A53G,-6.813,0.479,0.1178
995,GOh1052_A53H,GOh1052,A53H,-16.708,0.092,0.1178
996,GOh1052_A53I,GOh1052,A53I,-7.549,0.450,0.1178
997,GOh1052_A53L,GOh1052,A53L,-6.694,0.484,0.1178
998,GOh1052_A53K,GOh1052,A53K,-17.01,0.0806999726573181,0.1178
999,GOh1052_A53M,GOh1052,A53M,-7.459,0.454,0.1178
1000,GOh1052_A53F,GOh1052,A53F,-11.708,0.288,0.1178
1001,GOh1052_A53P,GOh1052,A53P,-9.618,0.369,0.1178
1002,GOh1052_A53S,GOh1052,A53S,-7.155,0.466,0.1178
1003,GOh1052_A53T,GOh1052,A53T,-5.134,0.545,0.1178
1004,GOh1052_A53W,GOh1052,A53W,-15.157,0.153,0.1178
1005,GOh1052_A53Y,GOh1052,A53Y,-15.317,0.147,0.1178
1006,GOh1052_A53V,GOh1052,A53V,-6.466,0.493,0.1178
1007,GOh1052_I54A,GOh1052,I54A,-8.4,0.417014960353111,0.263
1008,GOh1052_I54R,GOh1052,I54R,-7.153,0.466,0.263
1009,GOh1052_I54N,GOh1052,I54N,-9.457,0.376,0.263
1010,GOh1052_I54D,GOh1052,I54D,-11.734,0.287,0.263
1011,GOh1052_I54C,GOh1052,I54C,-9.068,0.391,0.263
1012,GOh1052_I54Q,GOh1052,I54Q,-8.891,0.398,0.263
1013,GOh1052_I54E,GOh1052,I54E,-10.82,0.322487402835827,0.263
1014,GOh1052_I54G,GOh1052,I54G,-9.85,0.360376547791102,0.263
1015,GOh1052_I54H,GOh1052,I54H,-10.447,0.337,0.263
1016,GOh1052_I54L,GOh1052,I54L,-3.831,0.595,0.263
1017,GOh1052_I54K,GOh1052,I54K,-8.312,0.420,0.263
1018,GOh1052_I54M,GOh1052,I54M,-7.601,0.448,0.263
1019,GOh1052_I54F,GOh1052,I54F,-5.658,0.524,0.263
1020,GOh1052_I54P,GOh1052,I54P,-11.643,0.290,0.263
1021,GOh1052_I54S,GOh1052,I54S,-9.252,0.384,0.263
1022,GOh1052_I54T,GOh1052,I54T,-7.203,0.464,0.263
1023,GOh1052_I54W,GOh1052,I54W,-9.985,0.355,0.263
1024,GOh1052_I54Y,GOh1052,I54Y,-8.547,0.411,0.263
1025,GOh1052_I54V,GOh1052,I54V,-5.334,0.537,0.263
1026,GOh1052_D55A,GOh1052,D55A,-12.361,0.262,0.0032
1027,GOh1052_D55R,GOh1052,D55R,-14.689,0.171,0.0032
1028,GOh1052_D55N,GOh1052,D55N,-9.199,0.386,0.0032
1029,GOh1052_D55C,GOh1052,D55C,-14.633,0.174,0.0032
1030,GOh1052_D55Q,GOh1052,D55Q,-13.991,0.199,0.0032
1031,GOh1052_D55E,GOh1052,D55E,-10.521,0.334,0.0032
1032,GOh1052_D55G,GOh1052,D55G,-10.153,0.349,0.0032
1033,GOh1052_D55H,GOh1052,D55H,-13.289,0.226,0.0032
1034,GOh1052_D55I,GOh1052,D55I,-13.634,0.213,0.0032
1035,GOh1052_D55L,GOh1052,D55L,-13.878,0.203,0.0032
1036,GOh1052_D55K,GOh1052,D55K,-14.739,0.169,0.0032
1037,GOh1052_D55M,GOh1052,D55M,-15.806,0.128,0.0032
1038,GOh1052_D55F,GOh1052,D55F,-15.145,0.154,0.0032
1039,GOh1052_D55P,GOh1052,D55P,-14.305,0.186,0.0032
1040,GOh1052_D55S,GOh1052,D55S,-11.433,0.299,0.0032
1041,GOh1052_D55T,GOh1052,D55T,-12.261,0.266,0.0032
1042,GOh1052_D55W,GOh1052,D55W,-16.267,0.110,0.0032
1043,GOh1052_D55Y,GOh1052,D55Y,-13.098,0.234,0.0032
1044,GOh1052_D55V,GOh1052,D55V,-12.804,0.245,0.0032
1045,GOh1052_G56A,GOh1052,G56A,-8.884,0.398,0.0634
1046,GOh1052_G56R,GOh1052,G56R,-9.624,0.369,0.0634
1047,GOh1052_G56N,GOh1052,G56N,-5.751,0.520,0.0634
1048,GOh1052_G56D,GOh1052,G56D,-7.023,0.471,0.0634
1049,GOh1052_G56C,GOh1052,G56C,-12.337,0.263,0.0634
1050,GOh1052_G56Q,GOh1052,G56Q,-7.923,0.436,0.0634
1051,GOh1052_G56E,GOh1052,G56E,-9.097,0.390,0.0634
1052,GOh1052_G56H,GOh1052,G56H,-10.857,0.321,0.0634
1053,GOh1052_G56I,GOh1052,G56I,-13.665,0.211,0.0634
1054,GOh1052_G56L,GOh1052,G56L,-9.43,0.376782156946994,0.0634
1055,GOh1052_G56K,GOh1052,G56K,-9.567,0.371,0.0634
1056,GOh1052_G56M,GOh1052,G56M,-11.199,0.308,0.0634
1057,GOh1052_G56F,GOh1052,G56F,-10.377,0.340,0.0634
1058,GOh1052_G56P,GOh1052,G56P,-12.745,0.247,0.0634
1059,GOh1052_G56S,GOh1052,G56S,-7.406,0.456,0.0634
1060,GOh1052_G56T,GOh1052,G56T,-9.251,0.384,0.0634
1061,GOh1052_G56W,GOh1052,G56W,-10.988,0.316,0.0634
1062,GOh1052_G56Y,GOh1052,G56Y,-10.424,0.338,0.0634
1063,GOh1052_G56V,GOh1052,G56V,-12.577,0.254,0.0634
1064,GOh1052_N57A,GOh1052,N57A,-7.787,0.441,0.1991
1065,GOh1052_N57R,GOh1052,N57R,-6.712,0.483,0.1991
1066,GOh1052_N57D,GOh1052,N57D,-5.143,0.544,0.1991
1067,GOh1052_N57C,GOh1052,N57C,-12.765,0.247,0.1991
1068,GOh1052_N57Q,GOh1052,N57Q,-7.385,0.457,0.1991
1069,GOh1052_N57E,GOh1052,N57E,-9.165,0.387,0.1991
1070,GOh1052_N57G,GOh1052,N57G,-9.665,0.368,0.1991
1071,GOh1052_N57H,GOh1052,N57H,-9.351,0.380,0.1991
1072,GOh1052_N57I,GOh1052,N57I,-8.205,0.425,0.1991
1073,GOh1052_N57L,GOh1052,N57L,-7.929,0.435,0.1991
1074,GOh1052_N57K,GOh1052,N57K,-5.432,0.533,0.1991
1075,GOh1052_N57M,GOh1052,N57M,-10.249,0.345,0.1991
1076,GOh1052_N57F,GOh1052,N57F,-9.517,0.373,0.1991
1077,GOh1052_N57P,GOh1052,N57P,-12.872,0.242,0.1991
1078,GOh1052_N57S,GOh1052,N57S,-4.993,0.550,0.1991
1079,GOh1052_N57T,GOh1052,N57T,-7.934,0.435,0.1991
1080,GOh1052_N57W,GOh1052,N57W,-10.84,0.321706183352213,0.1991
1081,GOh1052_N57Y,GOh1052,N57Y,-9.406,0.378,0.1991
1082,GOh1052_N57V,GOh1052,N57V,-7.711,0.444,0.1991
1083,GOh1052_K58A,GOh1052,K58A,-2.486,0.648,1.9745
1084,GOh1052_K58R,GOh1052,K58R,-4.676,0.562,1.9745
1085,GOh1052_K58N,GOh1052,K58N,-4.101,0.585,1.9745
1086,GOh1052_K58D,GOh1052,K58D,-5.838,0.517,1.9745
1087,GOh1052_K58C,GOh1052,K58C,-10.813,0.323,1.9745
1088,GOh1052_K58Q,GOh1052,K58Q,-4.087,0.585,1.9745
1089,GOh1052_K58E,GOh1052,K58E,-5.475,0.531,1.9745
1090,GOh1052_K58G,GOh1052,K58G,-4.284,0.578,1.9745
1091,GOh1052_K58H,GOh1052,K58H,-7.456,0.454,1.9745
1092,GOh1052_K58I,GOh1052,K58I,-5.173,0.543,1.9745
1093,GOh1052_K58L,GOh1052,K58L,-4.87,0.554900199210968,1.9745
1094,GOh1052_K58M,GOh1052,K58M,-7.329,0.459,1.9745
1095,GOh1052_K58F,GOh1052,K58F,-7.141,0.466,1.9745
1096,GOh1052_K58P,GOh1052,K58P,-1.343,0.693,1.9745
1097,GOh1052_K58S,GOh1052,K58S,-2.661,0.641,1.9745
1098,GOh1052_K58T,GOh1052,K58T,-2.098,0.663,1.9745
1099,GOh1052_K58W,GOh1052,K58W,-8.868,0.399,1.9745
1100,GOh1052_K58Y,GOh1052,K58Y,-7.658,0.446,1.9745
1101,GOh1052_K58V,GOh1052,K58V,-4.107,0.585,1.9745
1102,GOh1052_D59A,GOh1052,D59A,-4.291,0.578,0.8926
1103,GOh1052_D59R,GOh1052,D59R,-8.914,0.397,0.8926
1104,GOh1052_D59N,GOh1052,D59N,-2.76,0.637318854732237,0.8926
1105,GOh1052_D59C,GOh1052,D59C,-11.478,0.297,0.8926
1106,GOh1052_D59Q,GOh1052,D59Q,-6.19,0.50333971329245,0.8926
1107,GOh1052_D59E,GOh1052,D59E,-6.174,0.504,0.8926
1108,GOh1052_D59G,GOh1052,D59G,-3.872,0.594,0.8926
1109,GOh1052_D59H,GOh1052,D59H,-8.597,0.409,0.8926
1110,GOh1052_D59I,GOh1052,D59I,-9.818,0.362,0.8926
1111,GOh1052_D59L,GOh1052,D59L,-7.165,0.465,0.8926
1112,GOh1052_D59K,GOh1052,D59K,-8.333,0.420,0.8926
1113,GOh1052_D59M,GOh1052,D59M,-10.157,0.348,0.8926
1114,GOh1052_D59F,GOh1052,D59F,-8.327,0.420,0.8926
1115,GOh1052_D59P,GOh1052,D59P,-10.813,0.323,0.8926
1116,GOh1052_D59S,GOh1052,D59S,-2.944,0.630,0.8926
1117,GOh1052_D59T,GOh1052,D59T,-5.303,0.538,0.8926
1118,GOh1052_D59W,GOh1052,D59W,-9.104,0.390,0.8926
1119,GOh1052_D59Y,GOh1052,D59Y,-6.868,0.477,0.8926
1120,GOh1052_D59V,GOh1052,D59V,-8.781,0.402,0.8926
1121,GOh1052_T60A,GOh1052,T60A,-10.448,0.337,0.043
1122,GOh1052_T60R,GOh1052,T60R,-10.982,0.316,0.043
1123,GOh1052_T60N,GOh1052,T60N,-9.102,0.390,0.043
1124,GOh1052_T60D,GOh1052,T60D,-10.548,0.333,0.043
1125,GOh1052_T60C,GOh1052,T60C,-15.505,0.139,0.043
1126,GOh1052_T60Q,GOh1052,T60Q,-11.869,0.282,0.043
1127,GOh1052_T60E,GOh1052,T60E,-12.27,0.265848990273817,0.043
1128,GOh1052_T60G,GOh1052,T60G,-9.6,0.370141791336276,0.043
1129,GOh1052_T60H,GOh1052,T60H,-12.324,0.264,0.043
1130,GOh1052_T60I,GOh1052,T60I,-12.06,0.274051794851764,0.043
1131,GOh1052_T60L,GOh1052,T60L,-12.685,0.250,0.043
1132,GOh1052_T60K,GOh1052,T60K,-10.841,0.322,0.043
1133,GOh1052_T60M,GOh1052,T60M,-12.064,0.274,0.043
1134,GOh1052_T60F,GOh1052,T60F,-12.637,0.252,0.043
1135,GOh1052_T60P,GOh1052,T60P,-12.726,0.248,0.043
1136,GOh1052_T60S,GOh1052,T60S,-5.507,0.530,0.043
1137,GOh1052_T60W,GOh1052,T60W,-13.397,0.222,0.043
1138,GOh1052_T60Y,GOh1052,T60Y,-12.39,0.261161673372134,0.043
1139,GOh1052_T60V,GOh1052,T60V,-12.322,0.264,0.043
1140,GOh1052_F61A,GOh1052,F61A,-9.142,0.388,0.317
1141,GOh1052_F61R,GOh1052,F61R,-8.201,0.425,0.317
1142,GOh1052_F61N,GOh1052,F61N,-8.85,0.399437521971798,0.317
1143,GOh1052_F61D,GOh1052,F61D,-10.633,0.330,0.317
1144,GOh1052_F61C,GOh1052,F61C,-11.693,0.288,0.317
1145,GOh1052_F61Q,GOh1052,F61Q,-8.199,0.425,0.317
1146,GOh1052_F61E,GOh1052,F61E,-10.281,0.344,0.317
1147,GOh1052_F61G,GOh1052,F61G,-10.221,0.346,0.317
1148,GOh1052_F61H,GOh1052,F61H,-7.655,0.446,0.317
1149,GOh1052_F61I,GOh1052,F61I,-3.935,0.591,0.317
1150,GOh1052_F61L,GOh1052,F61L,-5.653,0.524,0.317
1151,GOh1052_F61K,GOh1052,F61K,-7.206,0.464,0.317
1152,GOh1052_F61M,GOh1052,F61M,-5.231,0.541,0.317
1153,GOh1052_F61P,GOh1052,F61P,-11.48,0.296707159876567,0.317
1154,GOh1052_F61S,GOh1052,F61S,-8.706,0.405,0.317
1155,GOh1052_F61T,GOh1052,F61T,-8.643,0.408,0.317
1156,GOh1052_F61W,GOh1052,F61W,-8.508,0.413,0.317
1157,GOh1052_F61Y,GOh1052,F61Y,-4.865,0.555,0.317
1158,GOh1052_F61V,GOh1052,F61V,-7.427,0.455,0.317
1159,GOh1052_W62A,GOh1052,W62A,-12.782,0.246,0.0223
1160,GOh1052_W62R,GOh1052,W62R,-11.934,0.279,0.0223
1161,GOh1052_W62N,GOh1052,W62N,-12.78,0.245927893441662,0.0223
1162,GOh1052_W62D,GOh1052,W62D,-14.88,0.163899847662201,0.0223
1163,GOh1052_W62C,GOh1052,W62C,-12.172,0.270,0.0223
1164,GOh1052_W62Q,GOh1052,W62Q,-13.122,0.233,0.0223
1165,GOh1052_W62E,GOh1052,W62E,-14.993,0.159,0.0223
1166,GOh1052_W62G,GOh1052,W62G,-11.252,0.306,0.0223
1167,GOh1052_W62H,GOh1052,W62H,-11.358,0.301,0.0223
1168,GOh1052_W62I,GOh1052,W62I,-12.503,0.257,0.0223
1169,GOh1052_W62L,GOh1052,W62L,-11.659,0.290,0.0223
1170,GOh1052_W62K,GOh1052,W62K,-14.515,0.178,0.0223
1171,GOh1052_W62M,GOh1052,W62M,-12.391,0.261,0.0223
1172,GOh1052_W62F,GOh1052,W62F,-6.858,0.477,0.0223
1173,GOh1052_W62P,GOh1052,W62P,-15.31,0.147103628764501,0.0223
1174,GOh1052_W62S,GOh1052,W62S,-11.531,0.295,0.0223
1175,GOh1052_W62T,GOh1052,W62T,-12.568,0.254,0.0223
1176,GOh1052_W62Y,GOh1052,W62Y,-7.181,0.465,0.0223
1177,GOh1052_W62V,GOh1052,W62V,-12.45,0.258818014921292,0.0223
1178,GOh1052_H63A,GOh1052,H63A,-8.817,0.401,0.0192
1179,GOh1052_H63R,GOh1052,H63R,-10.368,0.340,0.0192
1180,GOh1052_H63N,GOh1052,H63N,-9.578,0.371,0.0192
1181,GOh1052_H63D,GOh1052,H63D,-9.248,0.384,0.0192
1182,GOh1052_H63C,GOh1052,H63C,-12.174,0.270,0.0192
1183,GOh1052_H63Q,GOh1052,H63Q,-8.406,0.417,0.0192
1184,GOh1052_H63E,GOh1052,H63E,-9.111,0.389,0.0192
1185,GOh1052_H63G,GOh1052,H63G,-8.149,0.427,0.0192
1186,GOh1052_H63I,GOh1052,H63I,-11.444,0.298,0.0192
1187,GOh1052_H63L,GOh1052,H63L,-10.822,0.322,0.0192
1188,GOh1052_H63K,GOh1052,H63K,-11.345,0.302,0.0192
1189,GOh1052_H63M,GOh1052,H63M,-11.01,0.315065817741494,0.0192
1190,GOh1052_H63F,GOh1052,H63F,-11.81,0.283817038396938,0.0192
1191,GOh1052_H63P,GOh1052,H63P,-13.164,0.231,0.0192
1192,GOh1052_H63S,GOh1052,H63S,-8.545,0.411,0.0192
1193,GOh1052_H63T,GOh1052,H63T,-9.877,0.359,0.0192
1194,GOh1052_H63W,GOh1052,H63W,-11.976,0.277,0.0192
1195,GOh1052_H63Y,GOh1052,H63Y,-11.603,0.292,0.0192
1196,GOh1052_H63V,GOh1052,H63V,-10.273,0.344,0.0192
1197,GOh1052_T64A,GOh1052,T64A,-8.497,0.413,0.1611
1198,GOh1052_T64R,GOh1052,T64R,-12.75,0.247099722667083,0.1611
1199,GOh1052_T64N,GOh1052,T64N,-9.595,0.370,0.1611
1200,GOh1052_T64D,GOh1052,T64D,-10.677,0.328,0.1611
1201,GOh1052_T64C,GOh1052,T64C,-10.493,0.335,0.1611
1202,GOh1052_T64Q,GOh1052,T64Q,-12.525,0.256,0.1611
1203,GOh1052_T64E,GOh1052,T64E,-12.854,0.243,0.1611
1204,GOh1052_T64G,GOh1052,T64G,-8.788,0.402,0.1611
1205,GOh1052_T64H,GOh1052,T64H,-12.423,0.260,0.1611
1206,GOh1052_T64I,GOh1052,T64I,-11.452,0.298,0.1611
1207,GOh1052_T64L,GOh1052,T64L,-12.618,0.252,0.1611
1208,GOh1052_T64K,GOh1052,T64K,-13.641,0.212,0.1611
1209,GOh1052_T64M,GOh1052,T64M,-12.117,0.272,0.1611
1210,GOh1052_T64F,GOh1052,T64F,-13.223,0.229,0.1611
1211,GOh1052_T64P,GOh1052,T64P,-10.962,0.317,0.1611
1212,GOh1052_T64S,GOh1052,T64S,-3.788,0.597,0.1611
1213,GOh1052_T64W,GOh1052,T64W,-14.282,0.187,0.1611
1214,GOh1052_T64Y,GOh1052,T64Y,-13.195,0.230,0.1611
1215,GOh1052_T64V,GOh1052,T64V,-11.122,0.311,0.1611
1216,GOh1052_F65A,GOh1052,F65A,1.418,0.801,3.355
1217,GOh1052_F65R,GOh1052,F65R,0.962,0.783,3.355
1218,GOh1052_F65N,GOh1052,F65N,1.603,0.808,3.355
1219,GOh1052_F65D,GOh1052,F65D,-0.76,0.715440803093629,3.355
1220,GOh1052_F65C,GOh1052,F65C,-4.354,0.575,3.355
1221,GOh1052_F65Q,GOh1052,F65Q,1.496,0.804,3.355
1222,GOh1052_F65E,GOh1052,F65E,-0.415,0.729,3.355
1223,GOh1052_F65G,GOh1052,F65G,-1.464,0.688,3.355
1224,GOh1052_F65H,GOh1052,F65H,-1.471,0.688,3.355
1225,GOh1052_F65I,GOh1052,F65I,-1.993,0.667,3.355
1226,GOh1052_F65L,GOh1052,F65L,-1.446,0.689,3.355
1227,GOh1052_F65K,GOh1052,F65K,1.081,0.787,3.355
1228,GOh1052_F65M,GOh1052,F65M,-1.353,0.692,3.355
1229,GOh1052_F65P,GOh1052,F65P,0.171,0.752,3.355
1230,GOh1052_F65S,GOh1052,F65S,-0.01,0.744736533729151,3.355
1231,GOh1052_F65T,GOh1052,F65T,-0.933,0.709,3.355
1232,GOh1052_F65W,GOh1052,F65W,-3.178,0.621,3.355
1233,GOh1052_F65Y,GOh1052,F65Y,-2.462,0.649,3.355
1234,GOh1052_F65V,GOh1052,F65V,-1.219,0.698,3.355
1235,GOh1052_Y66A,GOh1052,Y66A,-9.882,0.359,0.0787
1236,GOh1052_Y66R,GOh1052,Y66R,-11.177,0.309,0.0787
1237,GOh1052_Y66N,GOh1052,Y66N,-10.029,0.353,0.0787
1238,GOh1052_Y66D,GOh1052,Y66D,-10.595,0.331,0.0787
1239,GOh1052_Y66C,GOh1052,Y66C,-12.64,0.25139642982696,0.0787
1240,GOh1052_Y66Q,GOh1052,Y66Q,-10.919,0.319,0.0787
1241,GOh1052_Y66E,GOh1052,Y66E,-11.981,0.277,0.0787
1242,GOh1052_Y66G,GOh1052,Y66G,-10.71,0.326784109995703,0.0787
1243,GOh1052_Y66H,GOh1052,Y66H,-8.193,0.425,0.0787
1244,GOh1052_Y66I,GOh1052,Y66I,-11.334,0.302,0.0787
1245,GOh1052_Y66L,GOh1052,Y66L,-10.26,0.344361548377017,0.0787
1246,GOh1052_Y66K,GOh1052,Y66K,-11.794,0.284,0.0787
1247,GOh1052_Y66M,GOh1052,Y66M,-12.249,0.267,0.0787
1248,GOh1052_Y66F,GOh1052,Y66F,-7.341,0.458,0.0787
1249,GOh1052_Y66P,GOh1052,Y66P,-11.13,0.310378500839811,0.0787
1250,GOh1052_Y66S,GOh1052,Y66S,-10.035,0.353,0.0787
1251,GOh1052_Y66T,GOh1052,Y66T,-10.497,0.335,0.0787
1252,GOh1052_Y66W,GOh1052,Y66W,-4.927,0.553,0.0787
1253,GOh1052_Y66V,GOh1052,Y66V,-10.572,0.332,0.0787
1254,GOh1052_G67A,GOh1052,G67A,-3.705,0.600,1.5425
1255,GOh1052_G67R,GOh1052,G67R,-5.441,0.533,1.5425
1256,GOh1052_G67N,GOh1052,G67N,-3.292,0.617,1.5425
1257,GOh1052_G67D,GOh1052,G67D,-4.28,0.577946173977579,1.5425
1258,GOh1052_G67C,GOh1052,G67C,-10.258,0.344,1.5425
1259,GOh1052_G67Q,GOh1052,G67Q,-3.512,0.608,1.5425
1260,GOh1052_G67E,GOh1052,G67E,-5.087,0.546,1.5425
1261,GOh1052_G67H,GOh1052,G67H,-6.906,0.475,1.5425
1262,GOh1052_G67I,GOh1052,G67I,-6.515,0.491,1.5425
1263,GOh1052_G67L,GOh1052,G67L,-6.409,0.495,1.5425
1264,GOh1052_G67K,GOh1052,G67K,-4.669,0.563,1.5425
1265,GOh1052_G67M,GOh1052,G67M,-8.165,0.426,1.5425
1266,GOh1052_G67F,GOh1052,G67F,-7.138,0.466,1.5425
1267,GOh1052_G67P,GOh1052,G67P,-5.484,0.531,1.5425
1268,GOh1052_G67S,GOh1052,G67S,-1.73,0.677551658138354,1.5425
1269,GOh1052_G67T,GOh1052,G67T,-3.114,0.623,1.5425
1270,GOh1052_G67W,GOh1052,G67W,-7.244,0.462,1.5425
1271,GOh1052_G67Y,GOh1052,G67Y,-7.004,0.472,1.5425
1272,GOh1052_G67V,GOh1052,G67V,-4.693,0.562,1.5425
1273,GOh1052_A68R,GOh1052,A68R,-5.832,0.517,1.533
1274,GOh1052_A68N,GOh1052,A68N,-3.935,0.591,1.533
1275,GOh1052_A68D,GOh1052,A68D,-4.604,0.565,1.533
1276,GOh1052_A68C,GOh1052,A68C,-9.793,0.363,1.533
1277,GOh1052_A68Q,GOh1052,A68Q,-4.177,0.582,1.533
1278,GOh1052_A68E,GOh1052,A68E,-5.025,0.549,1.533
1279,GOh1052_A68G,GOh1052,A68G,-2.549,0.646,1.533
1280,GOh1052_A68H,GOh1052,A68H,-6.577,0.488,1.533
1281,GOh1052_A68I,GOh1052,A68I,-6.0,0.510761298386782,1.533
1282,GOh1052_A68L,GOh1052,A68L,-5.859,0.516,1.533
1283,GOh1052_A68K,GOh1052,A68K,-5.526,0.529,1.533
1284,GOh1052_A68M,GOh1052,A68M,-8.136,0.427,1.533
1285,GOh1052_A68F,GOh1052,A68F,-6.692,0.484,1.533
1286,GOh1052_A68P,GOh1052,A68P,-2.308,0.655,1.533
1287,GOh1052_A68S,GOh1052,A68S,-2.894,0.632,1.533
1288,GOh1052_A68T,GOh1052,A68T,-3.929,0.592,1.533
1289,GOh1052_A68W,GOh1052,A68W,-7.137,0.466,1.533
1290,GOh1052_A68Y,GOh1052,A68Y,-6.364,0.497,1.533
1291,GOh1052_A68V,GOh1052,A68V,-4.786,0.558,1.533
1292,GOh1052_N69A,GOh1052,N69A,-3.434,0.611,1.5632
1293,GOh1052_N69R,GOh1052,N69R,-6.142,0.505,1.5632
1294,GOh1052_N69D,GOh1052,N69D,-4.199,0.581,1.5632
1295,GOh1052_N69C,GOh1052,N69C,-9.326,0.381,1.5632
1296,GOh1052_N69Q,GOh1052,N69Q,-4.513,0.569,1.5632
1297,GOh1052_N69E,GOh1052,N69E,-5.084,0.547,1.5632
1298,GOh1052_N69G,GOh1052,N69G,-2.323,0.654,1.5632
1299,GOh1052_N69H,GOh1052,N69H,-6.259,0.501,1.5632
1300,GOh1052_N69I,GOh1052,N69I,-5.867,0.516,1.5632
1301,GOh1052_N69L,GOh1052,N69L,-5.403,0.534,1.5632
1302,GOh1052_N69K,GOh1052,N69K,-5.572,0.527,1.5632
1303,GOh1052_N69M,GOh1052,N69M,-7.743,0.443,1.5632
1304,GOh1052_N69F,GOh1052,N69F,-5.96,0.51232373735401,1.5632
1305,GOh1052_N69P,GOh1052,N69P,-3.535,0.607,1.5632
1306,GOh1052_N69S,GOh1052,N69S,-2.7,0.639662513183079,1.5632
1307,GOh1052_N69T,GOh1052,N69T,-3.429,0.611,1.5632
1308,GOh1052_N69W,GOh1052,N69W,-6.528,0.490,1.5632
1309,GOh1052_N69Y,GOh1052,N69Y,-5.4,0.534197882895199,1.5632
1310,GOh1052_N69V,GOh1052,N69V,-4.667,0.563,1.5632
1311,GOh1052_G70A,GOh1052,G70A,-4.566,0.567,0.9876
1312,GOh1052_G70R,GOh1052,G70R,-5.199,0.542,0.9876
1313,GOh1052_G70N,GOh1052,G70N,-4.067,0.586,0.9876
1314,GOh1052_G70D,GOh1052,G70D,-5.941,0.513,0.9876
1315,GOh1052_G70C,GOh1052,G70C,-9.38,0.378735205656029,0.9876
1316,GOh1052_G70Q,GOh1052,G70Q,-4.719,0.561,0.9876
1317,GOh1052_G70E,GOh1052,G70E,-6.284,0.500,0.9876
1318,GOh1052_G70H,GOh1052,G70H,-5.66,0.524042029608218,0.9876
1319,GOh1052_G70I,GOh1052,G70I,-5.992,0.511,0.9876
1320,GOh1052_G70L,GOh1052,G70L,-5.97,0.511933127612203,0.9876
1321,GOh1052_G70K,GOh1052,G70K,-5.017,0.549,0.9876
1322,GOh1052_G70M,GOh1052,G70M,-8.103,0.429,0.9876
1323,GOh1052_G70F,GOh1052,G70F,-6.626,0.486,0.9876
1324,GOh1052_G70P,GOh1052,G70P,-3.307,0.616,0.9876
1325,GOh1052_G70S,GOh1052,G70S,-4.047,0.587,0.9876
1326,GOh1052_G70T,GOh1052,G70T,-4.091,0.585,0.9876
1327,GOh1052_G70W,GOh1052,G70W,-7.314,0.459,0.9876
1328,GOh1052_G70Y,GOh1052,G70Y,-6.028,0.510,0.9876
1329,GOh1052_G70V,GOh1052,G70V,-4.833,0.556,0.9876
1330,GOh1052_D71A,GOh1052,D71A,-3.238,0.619,1.7935
1331,GOh1052_D71R,GOh1052,D71R,-5.705,0.522,1.7935
1332,GOh1052_D71N,GOh1052,D71N,-3.147,0.622,1.7935
1333,GOh1052_D71C,GOh1052,D71C,-8.129,0.428,1.7935
1334,GOh1052_D71Q,GOh1052,D71Q,-3.417,0.612,1.7935
1335,GOh1052_D71E,GOh1052,D71E,-4.09,0.585367759071911,1.7935
1336,GOh1052_D71G,GOh1052,D71G,-3.388,0.613,1.7935
1337,GOh1052_D71H,GOh1052,D71H,-6.099,0.507,1.7935
1338,GOh1052_D71I,GOh1052,D71I,-4.431,0.572,1.7935
1339,GOh1052_D71L,GOh1052,D71L,-4.493,0.570,1.7935
1340,GOh1052_D71K,GOh1052,D71K,-5.078,0.547,1.7935
1341,GOh1052_D71M,GOh1052,D71M,-6.724,0.482,1.7935
1342,GOh1052_D71F,GOh1052,D71F,-5.361,0.536,1.7935
1343,GOh1052_D71P,GOh1052,D71P,-4.74,0.559978125854459,1.7935
1344,GOh1052_D71S,GOh1052,D71S,-3.147,0.622,1.7935
1345,GOh1052_D71T,GOh1052,D71T,-2.841,0.634,1.7935
1346,GOh1052_D71W,GOh1052,D71W,-6.064,0.508,1.7935
1347,GOh1052_D71Y,GOh1052,D71Y,-4.814,0.557,1.7935
1348,GOh1052_D71V,GOh1052,D71V,-3.363,0.614,1.7935
1349,GOh1052_P72A,GOh1052,P72A,-3.956,0.591,0.9037
1350,GOh1052_P72R,GOh1052,P72R,-5.198,0.542,0.9037
1351,GOh1052_P72N,GOh1052,P72N,-4.609,0.565,0.9037
1352,GOh1052_P72D,GOh1052,P72D,-6.287,0.500,0.9037
1353,GOh1052_P72C,GOh1052,P72C,-9.37,0.379125815397836,0.9037
1354,GOh1052_P72Q,GOh1052,P72Q,-4.929,0.553,0.9037
1355,GOh1052_P72E,GOh1052,P72E,-6.651,0.485,0.9037
1356,GOh1052_P72G,GOh1052,P72G,-4.416,0.573,0.9037
1357,GOh1052_P72H,GOh1052,P72H,-6.249,0.501,0.9037
1358,GOh1052_P72I,GOh1052,P72I,-5.263,0.540,0.9037
1359,GOh1052_P72L,GOh1052,P72L,-5.32,0.537322760829655,0.9037
1360,GOh1052_P72K,GOh1052,P72K,-4.969,0.551,0.9037
1361,GOh1052_P72M,GOh1052,P72M,-7.615,0.448,0.9037
1362,GOh1052_P72F,GOh1052,P72F,-6.05,0.508808249677747,0.9037
1363,GOh1052_P72S,GOh1052,P72S,-4.532,0.568,0.9037
1364,GOh1052_P72T,GOh1052,P72T,-4.283,0.578,0.9037
1365,GOh1052_P72W,GOh1052,P72W,-6.712,0.483,0.9037
1366,GOh1052_P72Y,GOh1052,P72Y,-5.488,0.531,0.9037
1367,GOh1052_P72V,GOh1052,P72V,-4.342,0.576,0.9037
1368,GOh1052_K73A,GOh1052,K73A,-2.915,0.631,1.2052
1369,GOh1052_K73R,GOh1052,K73R,-4.58,0.56622788172337,1.2052
1370,GOh1052_K73N,GOh1052,K73N,-4.398,0.573,1.2052
1371,GOh1052_K73D,GOh1052,K73D,-6.188,0.503,1.2052
1372,GOh1052_K73C,GOh1052,K73C,-9.605,0.370,1.2052
1373,GOh1052_K73Q,GOh1052,K73Q,-4.605,0.565,1.2052
1374,GOh1052_K73E,GOh1052,K73E,-6.116,0.506,1.2052
1375,GOh1052_K73G,GOh1052,K73G,-4.004,0.589,1.2052
1376,GOh1052_K73H,GOh1052,K73H,-5.08,0.546697394633022,1.2052
1377,GOh1052_K73I,GOh1052,K73I,-5.866,0.516,1.2052
1378,GOh1052_K73L,GOh1052,K73L,-5.14,0.54435373618218,1.2052
1379,GOh1052_K73M,GOh1052,K73M,-7.403,0.456,1.2052
1380,GOh1052_K73F,GOh1052,K73F,-6.673,0.484,1.2052
1381,GOh1052_K73P,GOh1052,K73P,-3.313,0.616,1.2052
1382,GOh1052_K73S,GOh1052,K73S,-4.394,0.573,1.2052
1383,GOh1052_K73T,GOh1052,K73T,-4.321,0.576,1.2052
1384,GOh1052_K73W,GOh1052,K73W,-8.293,0.421,1.2052
1385,GOh1052_K73Y,GOh1052,K73Y,-6.301,0.499,1.2052
1386,GOh1052_K73V,GOh1052,K73V,-4.731,0.560,1.2052
1387,GOh1052_P74A,GOh1052,P74A,-6.678,0.484,0.0859
1388,GOh1052_P74R,GOh1052,P74R,-10.867,0.321,0.0859
1389,GOh1052_P74N,GOh1052,P74N,-9.105,0.389,0.0859
1390,GOh1052_P74D,GOh1052,P74D,-11.835,0.283,0.0859
1391,GOh1052_P74C,GOh1052,P74C,-11.718,0.287,0.0859
1392,GOh1052_P74Q,GOh1052,P74Q,-8.68,0.406077887582516,0.0859
1393,GOh1052_P74E,GOh1052,P74E,-10.764,0.325,0.0859
1394,GOh1052_P74G,GOh1052,P74G,-9.546,0.372,0.0859
1395,GOh1052_P74H,GOh1052,P74H,-7.003,0.472,0.0859
1396,GOh1052_P74I,GOh1052,P74I,-9.279,0.383,0.0859
1397,GOh1052_P74L,GOh1052,P74L,-5.836,0.517,0.0859
1398,GOh1052_P74K,GOh1052,P74K,-9.895,0.359,0.0859
1399,GOh1052_P74M,GOh1052,P74M,-8.334,0.420,0.0859
1400,GOh1052_P74F,GOh1052,P74F,-7.597,0.448,0.0859
1401,GOh1052_P74S,GOh1052,P74S,-8.14,0.427170813640092,0.0859
1402,GOh1052_P74T,GOh1052,P74T,-8.137,0.427,0.0859
1403,GOh1052_P74W,GOh1052,P74W,-10.13,0.349439475020507,0.0859
1404,GOh1052_P74Y,GOh1052,P74Y,-8.129,0.428,0.0859
1405,GOh1052_P74V,GOh1052,P74V,-8.289,0.421,0.0859
1406,GOh1052_P75A,GOh1052,P75A,-8.895,0.398,0.0229
1407,GOh1052_P75R,GOh1052,P75R,-11.241,0.306,0.0229
1408,GOh1052_P75N,GOh1052,P75N,-8.024,0.432,0.0229
1409,GOh1052_P75D,GOh1052,P75D,-9.335,0.380,0.0229
1410,GOh1052_P75C,GOh1052,P75C,-15.148,0.153,0.0229
1411,GOh1052_P75Q,GOh1052,P75Q,-9.812,0.362,0.0229
1412,GOh1052_P75E,GOh1052,P75E,-9.912,0.358,0.0229
1413,GOh1052_P75G,GOh1052,P75G,-8.037,0.431,0.0229
1414,GOh1052_P75H,GOh1052,P75H,-11.245,0.306,0.0229
1415,GOh1052_P75I,GOh1052,P75I,-10.432,0.338,0.0229
1416,GOh1052_P75L,GOh1052,P75L,-9.609,0.370,0.0229
1417,GOh1052_P75K,GOh1052,P75K,-10.424,0.338,0.0229
1418,GOh1052_P75M,GOh1052,P75M,-11.528,0.295,0.0229
1419,GOh1052_P75F,GOh1052,P75F,-11.092,0.312,0.0229
1420,GOh1052_P75S,GOh1052,P75S,-8.755,0.403,0.0229
1421,GOh1052_P75T,GOh1052,P75T,-8.499,0.413,0.0229
1422,GOh1052_P75W,GOh1052,P75W,-12.726,0.248,0.0229
1423,GOh1052_P75Y,GOh1052,P75Y,-10.861,0.321,0.0229
1424,GOh1052_P75V,GOh1052,P75V,-9.453,0.376,0.0229
1425,GOh1052_H76A,GOh1052,H76A,-10.326,0.342,0.0126
1426,GOh1052_H76R,GOh1052,H76R,-9.384,0.379,0.0126
1427,GOh1052_H76N,GOh1052,H76N,-8.53,0.411937033709621,0.0126
1428,GOh1052_H76D,GOh1052,H76D,-12.582,0.254,0.0126
1429,GOh1052_H76C,GOh1052,H76C,-13.164,0.231,0.0126
1430,GOh1052_H76Q,GOh1052,H76Q,-8.902,0.397,0.0126
1431,GOh1052_H76E,GOh1052,H76E,-13.412,0.221,0.0126
1432,GOh1052_H76G,GOh1052,H76G,-11.817,0.284,0.0126
1433,GOh1052_H76I,GOh1052,H76I,-12.364,0.262,0.0126
1434,GOh1052_H76L,GOh1052,H76L,-11.193,0.308,0.0126
1435,GOh1052_H76K,GOh1052,H76K,-10.988,0.316,0.0126
1436,GOh1052_H76M,GOh1052,H76M,-12.416,0.260,0.0126
1437,GOh1052_H76F,GOh1052,H76F,-9.059,0.391,0.0126
1438,GOh1052_H76P,GOh1052,H76P,-15.054,0.157,0.0126
1439,GOh1052_H76S,GOh1052,H76S,-10.285,0.343,0.0126
1440,GOh1052_H76T,GOh1052,H76T,-11.369,0.301,0.0126
1441,GOh1052_H76W,GOh1052,H76W,-11.071,0.313,0.0126
1442,GOh1052_H76Y,GOh1052,H76Y,-8.724,0.404,0.0126
1443,GOh1052_H76V,GOh1052,H76V,-11.458,0.298,0.0126
1444,GOh1052_T77A,GOh1052,T77A,-6.816,0.479,0.249
1445,GOh1052_T77R,GOh1052,T77R,-8.363,0.418,0.249
1446,GOh1052_T77N,GOh1052,T77N,-6.126,0.506,0.249
1447,GOh1052_T77D,GOh1052,T77D,-7.972,0.434,0.249
1448,GOh1052_T77C,GOh1052,T77C,-12.014,0.276,0.249
1449,GOh1052_T77Q,GOh1052,T77Q,-6.841,0.478,0.249
1450,GOh1052_T77E,GOh1052,T77E,-6.795,0.480,0.249
1451,GOh1052_T77G,GOh1052,T77G,-9.066,0.391,0.249
1452,GOh1052_T77H,GOh1052,T77H,-6.847,0.478,0.249
1453,GOh1052_T77I,GOh1052,T77I,-7.147,0.466,0.249
1454,GOh1052_T77L,GOh1052,T77L,-8.935,0.396,0.249
1455,GOh1052_T77K,GOh1052,T77K,-8.993,0.394,0.249
1456,GOh1052_T77M,GOh1052,T77M,-9.247,0.384,0.249
1457,GOh1052_T77F,GOh1052,T77F,-6.782,0.480,0.249
1458,GOh1052_T77P,GOh1052,T77P,-13.683,0.211,0.249
1459,GOh1052_T77S,GOh1052,T77S,-4.654,0.563,0.249
1460,GOh1052_T77W,GOh1052,T77W,-5.645,0.525,0.249
1461,GOh1052_T77Y,GOh1052,T77Y,-6.089,0.507,0.249
1462,GOh1052_T77V,GOh1052,T77V,-6.833,0.478,0.249
1463,GOh1052_Y78A,GOh1052,Y78A,-3.592,0.605,1.8578
1464,GOh1052_Y78R,GOh1052,Y78R,-10.37,0.34006484121714,1.8578
1465,GOh1052_Y78N,GOh1052,Y78N,-9.589,0.371,1.8578
1466,GOh1052_Y78D,GOh1052,Y78D,-11.016,0.315,1.8578
1467,GOh1052_Y78C,GOh1052,Y78C,-8.382,0.418,1.8578
1468,GOh1052_Y78Q,GOh1052,Y78Q,-9.266,0.383,1.8578
1469,GOh1052_Y78E,GOh1052,Y78E,-9.496,0.374,1.8578
1470,GOh1052_Y78G,GOh1052,Y78G,-9.8,0.362329596500137,1.8578
1471,GOh1052_Y78H,GOh1052,Y78H,-8.327,0.420,1.8578
1472,GOh1052_Y78I,GOh1052,Y78I,1.832,0.817,1.8578
1473,GOh1052_Y78L,GOh1052,Y78L,0.497,0.765,1.8578
1474,GOh1052_Y78K,GOh1052,Y78K,-11.569,0.293,1.8578
1475,GOh1052_Y78M,GOh1052,Y78M,-2.462,0.649,1.8578
1476,GOh1052_Y78F,GOh1052,Y78F,-0.18,0.738096168118433,1.8578
1477,GOh1052_Y78P,GOh1052,Y78P,-9.704,0.366,1.8578
1478,GOh1052_Y78S,GOh1052,Y78S,-9.522,0.373,1.8578
1479,GOh1052_Y78T,GOh1052,Y78T,-6.18,0.503730323034256,1.8578
1480,GOh1052_Y78W,GOh1052,Y78W,-3.969,0.590,1.8578
1481,GOh1052_Y78V,GOh1052,Y78V,-0.197,0.737,1.8578
1482,GOh1052_T79A,GOh1052,T79A,-8.502,0.413,0.1863
1483,GOh1052_T79R,GOh1052,T79R,-7.807,0.440,0.1863
1484,GOh1052_T79N,GOh1052,T79N,-6.489,0.492,0.1863
1485,GOh1052_T79D,GOh1052,T79D,-6.768,0.481,0.1863
1486,GOh1052_T79C,GOh1052,T79C,-13.259,0.227,0.1863
1487,GOh1052_T79Q,GOh1052,T79Q,-4.485,0.570,0.1863
1488,GOh1052_T79E,GOh1052,T79E,-7.834,0.439,0.1863
1489,GOh1052_T79G,GOh1052,T79G,-9.503,0.374,0.1863
1490,GOh1052_T79H,GOh1052,T79H,-9.668,0.367,0.1863
1491,GOh1052_T79I,GOh1052,T79I,-6.937,0.474,0.1863
1492,GOh1052_T79L,GOh1052,T79L,-7.932,0.435,0.1863
1493,GOh1052_T79K,GOh1052,T79K,-7.392,0.456,0.1863
1494,GOh1052_T79M,GOh1052,T79M,-8.538,0.412,0.1863
1495,GOh1052_T79F,GOh1052,T79F,-11.08,0.312331549548846,0.1863
1496,GOh1052_T79P,GOh1052,T79P,-13.44,0.220147650482403,0.1863
1497,GOh1052_T79S,GOh1052,T79S,-6.844,0.478,0.1863
1498,GOh1052_T79W,GOh1052,T79W,-10.556,0.333,0.1863
1499,GOh1052_T79Y,GOh1052,T79Y,-10.039,0.353,0.1863
1500,GOh1052_T79V,GOh1052,T79V,-6.476,0.492,0.1863
1501,GOh1052_I80A,GOh1052,I80A,-11.31,0.303347525487286,0.0526
1502,GOh1052_I80R,GOh1052,I80R,-15.14,0.15374399437522,0.0526
1503,GOh1052_I80N,GOh1052,I80N,-15.243,0.150,0.0526
1504,GOh1052_I80D,GOh1052,I80D,-16.158,0.114,0.0526
1505,GOh1052_I80C,GOh1052,I80C,-16.037,0.119,0.0526
1506,GOh1052_I80Q,GOh1052,I80Q,-15.831,0.127,0.0526
1507,GOh1052_I80E,GOh1052,I80E,-17.486,0.062,0.0526
1508,GOh1052_I80G,GOh1052,I80G,-14.702,0.171,0.0526
1509,GOh1052_I80H,GOh1052,I80H,-16.774,0.090,0.0526
1510,GOh1052_I80L,GOh1052,I80L,-5.828,0.517,0.0526
1511,GOh1052_I80K,GOh1052,I80K,-16.549,0.099,0.0526
1512,GOh1052_I80M,GOh1052,I80M,-9.679,0.367,0.0526
1513,GOh1052_I80F,GOh1052,I80F,-9.259,0.383,0.0526
1514,GOh1052_I80P,GOh1052,I80P,-16.769,0.090,0.0526
1515,GOh1052_I80S,GOh1052,I80S,-14.63,0.173665091207375,0.0526
1516,GOh1052_I80T,GOh1052,I80T,-12.919,0.240,0.0526
1517,GOh1052_I80W,GOh1052,I80W,-13.23,0.228350455060349,0.0526
1518,GOh1052_I80Y,GOh1052,I80Y,-13.978,0.199,0.0526
1519,GOh1052_I80V,GOh1052,I80V,-6.196,0.503,0.0526
1520,GOh1052_D81A,GOh1052,D81A,-11.306,0.304,0.0035
1521,GOh1052_D81R,GOh1052,D81R,-13.482,0.219,0.0035
1522,GOh1052_D81N,GOh1052,D81N,-8.989,0.394,0.0035
1523,GOh1052_D81C,GOh1052,D81C,-15.489,0.140,0.0035
1524,GOh1052_D81Q,GOh1052,D81Q,-12.25,0.266630209757431,0.0035
1525,GOh1052_D81E,GOh1052,D81E,-10.354,0.341,0.0035
1526,GOh1052_D81G,GOh1052,D81G,-12.093,0.273,0.0035
1527,GOh1052_D81H,GOh1052,D81H,-13.217,0.229,0.0035
1528,GOh1052_D81I,GOh1052,D81I,-14.756,0.169,0.0035
1529,GOh1052_D81L,GOh1052,D81L,-14.52,0.177961798367251,0.0035
1530,GOh1052_D81K,GOh1052,D81K,-13.378,0.223,0.0035
1531,GOh1052_D81M,GOh1052,D81M,-15.249,0.149,0.0035
1532,GOh1052_D81F,GOh1052,D81F,-14.8,0.167024725596656,0.0035
1533,GOh1052_D81P,GOh1052,D81P,-15.617,0.135,0.0035
1534,GOh1052_D81S,GOh1052,D81S,-10.965,0.317,0.0035
1535,GOh1052_D81T,GOh1052,D81T,-11.43,0.298660208585602,0.0035
1536,GOh1052_D81W,GOh1052,D81W,-15.206,0.151,0.0035
1537,GOh1052_D81Y,GOh1052,D81Y,-12.863,0.243,0.0035
1538,GOh1052_D81V,GOh1052,D81V,-13.157,0.231,0.0035
1539,GOh1052_M82A,GOh1052,M82A,-9.712,0.366,0.0425
1540,GOh1052_M82R,GOh1052,M82R,-11.641,0.290,0.0425
1541,GOh1052_M82N,GOh1052,M82N,-13.139,0.232,0.0425
1542,GOh1052_M82D,GOh1052,M82D,-14.15,0.192414358814109,0.0425
1543,GOh1052_M82C,GOh1052,M82C,-13.574,0.215,0.0425
1544,GOh1052_M82Q,GOh1052,M82Q,-11.505,0.296,0.0425
1545,GOh1052_M82E,GOh1052,M82E,-13.596,0.214,0.0425
1546,GOh1052_M82G,GOh1052,M82G,-12.369,0.262,0.0425
1547,GOh1052_M82H,GOh1052,M82H,-14.784,0.168,0.0425
1548,GOh1052_M82I,GOh1052,M82I,-11.236,0.306,0.0425
1549,GOh1052_M82L,GOh1052,M82L,-5.625,0.525,0.0425
1550,GOh1052_M82K,GOh1052,M82K,-11.338,0.302,0.0425
1551,GOh1052_M82F,GOh1052,M82F,-8.853,0.399,0.0425
1552,GOh1052_M82P,GOh1052,M82P,-12.357,0.262,0.0425
1553,GOh1052_M82S,GOh1052,M82S,-11.754,0.286,0.0425
1554,GOh1052_M82T,GOh1052,M82T,-8.158,0.426,0.0425
1555,GOh1052_M82W,GOh1052,M82W,-13.034,0.236,0.0425
1556,GOh1052_M82Y,GOh1052,M82Y,-12.803,0.245,0.0425
1557,GOh1052_M82V,GOh1052,M82V,-11.84,0.282645209171517,0.0425
1558,GOh1052_K83A,GOh1052,K83A,-7.368,0.457,0.5788
1559,GOh1052_K83R,GOh1052,K83R,-4.235,0.580,0.5788
1560,GOh1052_K83N,GOh1052,K83N,-6.782,0.480,0.5788
1561,GOh1052_K83D,GOh1052,K83D,-9.455,0.376,0.5788
1562,GOh1052_K83C,GOh1052,K83C,-11.571,0.293,0.5788
1563,GOh1052_K83Q,GOh1052,K83Q,-4.51,0.568962149916019,0.5788
1564,GOh1052_K83E,GOh1052,K83E,-8.05,0.430686301316355,0.5788
1565,GOh1052_K83G,GOh1052,K83G,-2.818,0.635,0.5788
1566,GOh1052_K83H,GOh1052,K83H,-5.671,0.524,0.5788
1567,GOh1052_K83I,GOh1052,K83I,-10.226,0.346,0.5788
1568,GOh1052_K83L,GOh1052,K83L,-6.098,0.507,0.5788
1569,GOh1052_K83M,GOh1052,K83M,-8.447,0.415,0.5788
1570,GOh1052_K83F,GOh1052,K83F,-9.839,0.361,0.5788
1571,GOh1052_K83P,GOh1052,K83P,-11.255,0.305,0.5788
1572,GOh1052_K83S,GOh1052,K83S,-7.75,0.442404593570564,0.5788
1573,GOh1052_K83T,GOh1052,K83T,-7.896,0.437,0.5788
1574,GOh1052_K83W,GOh1052,K83W,-11.53,0.294754111167533,0.5788
1575,GOh1052_K83Y,GOh1052,K83Y,-10.016,0.354,0.5788
1576,GOh1052_K83V,GOh1052,K83V,-8.185,0.425,0.5788
1577,GOh1052_T84A,GOh1052,T84A,-3.089,0.624,1.1517
1578,GOh1052_T84R,GOh1052,T84R,-5.926,0.514,1.1517
1579,GOh1052_T84N,GOh1052,T84N,-4.972,0.551,1.1517
1580,GOh1052_T84D,GOh1052,T84D,-6.754,0.481,1.1517
1581,GOh1052_T84C,GOh1052,T84C,-10.57,0.332252646381001,1.1517
1582,GOh1052_T84Q,GOh1052,T84Q,-3.866,0.594,1.1517
1583,GOh1052_T84E,GOh1052,T84E,-6.317,0.498,1.1517
1584,GOh1052_T84G,GOh1052,T84G,-4.666,0.563,1.1517
1585,GOh1052_T84H,GOh1052,T84H,-8.991,0.394,1.1517
1586,GOh1052_T84I,GOh1052,T84I,-7.683,0.445,1.1517
1587,GOh1052_T84L,GOh1052,T84L,-7.752,0.442,1.1517
1588,GOh1052_T84K,GOh1052,T84K,-4.71,0.56114995507988,1.1517
1589,GOh1052_T84M,GOh1052,T84M,-8.525,0.412,1.1517
1590,GOh1052_T84F,GOh1052,T84F,-8.547,0.411,1.1517
1591,GOh1052_T84P,GOh1052,T84P,-11.33,0.302566306003672,1.1517
1592,GOh1052_T84S,GOh1052,T84S,-1.755,0.677,1.1517
1593,GOh1052_T84W,GOh1052,T84W,-10.601,0.331,1.1517
1594,GOh1052_T84Y,GOh1052,T84Y,-8.283,0.422,1.1517
1595,GOh1052_T84V,GOh1052,T84V,-6.128,0.506,1.1517
1596,GOh1052_T85A,GOh1052,T85A,-3.845,0.595,0.9301
1597,GOh1052_T85R,GOh1052,T85R,-7.447,0.454,0.9301
1598,GOh1052_T85N,GOh1052,T85N,-4.156,0.583,0.9301
1599,GOh1052_T85D,GOh1052,T85D,-5.375,0.535,0.9301
1600,GOh1052_T85C,GOh1052,T85C,-12.564,0.254,0.9301
1601,GOh1052_T85Q,GOh1052,T85Q,-4.998,0.550,0.9301
1602,GOh1052_T85E,GOh1052,T85E,-4.623,0.565,0.9301
1603,GOh1052_T85G,GOh1052,T85G,-7.186,0.464,0.9301
1604,GOh1052_T85H,GOh1052,T85H,-9.225,0.385,0.9301
1605,GOh1052_T85I,GOh1052,T85I,-5.355,0.536,0.9301
1606,GOh1052_T85L,GOh1052,T85L,-5.547,0.528,0.9301
1607,GOh1052_T85K,GOh1052,T85K,-7.348,0.458,0.9301
1608,GOh1052_T85M,GOh1052,T85M,-7.095,0.468,0.9301
1609,GOh1052_T85F,GOh1052,T85F,-8.231,0.424,0.9301
1610,GOh1052_T85P,GOh1052,T85P,-4.765,0.559,0.9301
1611,GOh1052_T85S,GOh1052,T85S,-3.393,0.613,0.9301
1612,GOh1052_T85W,GOh1052,T85W,-9.453,0.376,0.9301
1613,GOh1052_T85Y,GOh1052,T85Y,-7.93,0.435373618218038,0.9301
1614,GOh1052_T85V,GOh1052,T85V,-3.518,0.608,0.9301
1615,GOh1052_Q86A,GOh1052,Q86A,-6.433,0.494,0.3851
1616,GOh1052_Q86R,GOh1052,Q86R,-5.292,0.538,0.3851
1617,GOh1052_Q86N,GOh1052,Q86N,-5.596,0.527,0.3851
1618,GOh1052_Q86D,GOh1052,Q86D,-9.375,0.379,0.3851
1619,GOh1052_Q86C,GOh1052,Q86C,-11.033,0.314,0.3851
1620,GOh1052_Q86E,GOh1052,Q86E,-6.927,0.475,0.3851
1621,GOh1052_Q86G,GOh1052,Q86G,-7.917,0.436,0.3851
1622,GOh1052_Q86H,GOh1052,Q86H,-6.292,0.499,0.3851
1623,GOh1052_Q86I,GOh1052,Q86I,-7.939,0.435,0.3851
1624,GOh1052_Q86L,GOh1052,Q86L,-7.048,0.470,0.3851
1625,GOh1052_Q86K,GOh1052,Q86K,-5.443,0.533,0.3851
1626,GOh1052_Q86M,GOh1052,Q86M,-7.108,0.467,0.3851
1627,GOh1052_Q86F,GOh1052,Q86F,-7.972,0.434,0.3851
1628,GOh1052_Q86P,GOh1052,Q86P,-10.719,0.326,0.3851
1629,GOh1052_Q86S,GOh1052,Q86S,-6.033,0.509,0.3851
1630,GOh1052_Q86T,GOh1052,Q86T,-4.679,0.562,0.3851
1631,GOh1052_Q86W,GOh1052,Q86W,-8.171,0.426,0.3851
1632,GOh1052_Q86Y,GOh1052,Q86Y,-4.63,0.564274833014335,0.3851
1633,GOh1052_Q86V,GOh1052,Q86V,-6.801,0.479,0.3851
1634,GOh1052_N87A,GOh1052,N87A,-3.871,0.594,1.1337
1635,GOh1052_N87R,GOh1052,N87R,-6.468,0.492,1.1337
1636,GOh1052_N87D,GOh1052,N87D,-4.734,0.560,1.1337
1637,GOh1052_N87C,GOh1052,N87C,-9.719,0.365,1.1337
1638,GOh1052_N87Q,GOh1052,N87Q,-4.244,0.579,1.1337
1639,GOh1052_N87E,GOh1052,N87E,-5.515,0.530,1.1337
1640,GOh1052_N87G,GOh1052,N87G,-5.783,0.519,1.1337
1641,GOh1052_N87H,GOh1052,N87H,-7.976,0.434,1.1337
1642,GOh1052_N87I,GOh1052,N87I,-6.488,0.492,1.1337
1643,GOh1052_N87L,GOh1052,N87L,-4.828,0.557,1.1337
1644,GOh1052_N87K,GOh1052,N87K,-5.835,0.517,1.1337
1645,GOh1052_N87M,GOh1052,N87M,-6.262,0.501,1.1337
1646,GOh1052_N87F,GOh1052,N87F,-7.035,0.470,1.1337
1647,GOh1052_N87P,GOh1052,N87P,-3.777,0.598,1.1337
1648,GOh1052_N87S,GOh1052,N87S,-2.839,0.634,1.1337
1649,GOh1052_N87T,GOh1052,N87T,-3.459,0.610,1.1337
1650,GOh1052_N87W,GOh1052,N87W,-7.24,0.462325690402719,1.1337
1651,GOh1052_N87Y,GOh1052,N87Y,-6.131,0.506,1.1337
1652,GOh1052_N87V,GOh1052,N87V,-5.221,0.541,1.1337
1653,GOh1052_V88A,GOh1052,V88A,-9.652,0.368,0.1529
1654,GOh1052_V88R,GOh1052,V88R,-15.876,0.125,0.1529
1655,GOh1052_V88N,GOh1052,V88N,-15.587,0.136,0.1529
1656,GOh1052_V88D,GOh1052,V88D,-16.912,0.085,0.1529
1657,GOh1052_V88C,GOh1052,V88C,-14.091,0.195,0.1529
1658,GOh1052_V88Q,GOh1052,V88Q,-14.804,0.167,0.1529
1659,GOh1052_V88E,GOh1052,V88E,-15.919,0.123,0.1529
1660,GOh1052_V88G,GOh1052,V88G,-15.542,0.138,0.1529
1661,GOh1052_V88H,GOh1052,V88H,-17.023,0.080,0.1529
1662,GOh1052_V88I,GOh1052,V88I,-3.92,0.59200812468263,0.1529
1663,GOh1052_V88L,GOh1052,V88L,-7.181,0.465,0.1529
1664,GOh1052_V88K,GOh1052,V88K,-16.553,0.099,0.1529
1665,GOh1052_V88M,GOh1052,V88M,-9.215,0.385,0.1529
1666,GOh1052_V88F,GOh1052,V88F,-8.407,0.417,0.1529
1667,GOh1052_V88P,GOh1052,V88P,-14.097,0.194,0.1529
1668,GOh1052_V88S,GOh1052,V88S,-13.775,0.207,0.1529
1669,GOh1052_V88T,GOh1052,V88T,-10.569,0.332,0.1529
1670,GOh1052_V88W,GOh1052,V88W,-15.458,0.141,0.1529
1671,GOh1052_V88Y,GOh1052,V88Y,-14.962,0.161,0.1529
1672,GOh1052_N89A,GOh1052,N89A,-3.794,0.597,0.9497
1673,GOh1052_N89R,GOh1052,N89R,-6.344,0.497,0.9497
1674,GOh1052_N89D,GOh1052,N89D,-4.789,0.558,0.9497
1675,GOh1052_N89C,GOh1052,N89C,-9.005,0.393,0.9497
1676,GOh1052_N89Q,GOh1052,N89Q,-6.121,0.506,0.9497
1677,GOh1052_N89E,GOh1052,N89E,-6.385,0.496,0.9497
1678,GOh1052_N89G,GOh1052,N89G,-3.682,0.601,0.9497
1679,GOh1052_N89H,GOh1052,N89H,-6.541,0.490,0.9497
1680,GOh1052_N89I,GOh1052,N89I,-7.208,0.464,0.9497
1681,GOh1052_N89L,GOh1052,N89L,-7.586,0.449,0.9497
1682,GOh1052_N89K,GOh1052,N89K,-6.171,0.504,0.9497
1683,GOh1052_N89M,GOh1052,N89M,-7.9,0.436545447443459,0.9497
1684,GOh1052_N89F,GOh1052,N89F,-6.757,0.481,0.9497
1685,GOh1052_N89P,GOh1052,N89P,-9.926,0.357,0.9497
1686,GOh1052_N89S,GOh1052,N89S,-2.658,0.641,0.9497
1687,GOh1052_N89T,GOh1052,N89T,-3.96,0.590445685715402,0.9497
1688,GOh1052_N89W,GOh1052,N89W,-8.121,0.428,0.9497
1689,GOh1052_N89Y,GOh1052,N89Y,-5.942,0.513,0.9497
1690,GOh1052_N89V,GOh1052,N89V,-6.13,0.505683371743291,0.9497
1691,GOh1052_G90A,GOh1052,G90A,-5.594,0.527,0.1278
1692,GOh1052_G90R,GOh1052,G90R,-6.439,0.494,0.1278
1693,GOh1052_G90N,GOh1052,G90N,-8.413,0.417,0.1278
1694,GOh1052_G90D,GOh1052,G90D,-9.711,0.366,0.1278
1695,GOh1052_G90C,GOh1052,G90C,-11.665,0.289,0.1278
1696,GOh1052_G90Q,GOh1052,G90Q,-7.684,0.445,0.1278
1697,GOh1052_G90E,GOh1052,G90E,-8.822,0.401,0.1278
1698,GOh1052_G90H,GOh1052,G90H,-9.177,0.387,0.1278
1699,GOh1052_G90I,GOh1052,G90I,-9.733,0.365,0.1278
1700,GOh1052_G90L,GOh1052,G90L,-8.186,0.425,0.1278
1701,GOh1052_G90K,GOh1052,G90K,-8.609,0.409,0.1278
1702,GOh1052_G90M,GOh1052,G90M,-9.001,0.394,0.1278
1703,GOh1052_G90F,GOh1052,G90F,-8.481,0.414,0.1278
1704,GOh1052_G90P,GOh1052,G90P,-15.05,0.157259482051482,0.1278
1705,GOh1052_G90S,GOh1052,G90S,-5.855,0.516,0.1278
1706,GOh1052_G90T,GOh1052,G90T,-7.59,0.448654349439475,0.1278
1707,GOh1052_G90W,GOh1052,G90W,-9.134,0.388,0.1278
1708,GOh1052_G90Y,GOh1052,G90Y,-6.826,0.478,0.1278
1709,GOh1052_G90V,GOh1052,G90V,-8.412,0.417,0.1278
1710,GOh1052_L91A,GOh1052,L91A,-8.494,0.413,0.2463
1711,GOh1052_L91R,GOh1052,L91R,-13.634,0.213,0.2463
1712,GOh1052_L91N,GOh1052,L91N,-12.813,0.245,0.2463
1713,GOh1052_L91D,GOh1052,L91D,-14.284,0.187,0.2463
1714,GOh1052_L91C,GOh1052,L91C,-14.595,0.175,0.2463
1715,GOh1052_L91Q,GOh1052,L91Q,-12.607,0.253,0.2463
1716,GOh1052_L91E,GOh1052,L91E,-13.514,0.217,0.2463
1717,GOh1052_L91G,GOh1052,L91G,-12.574,0.254,0.2463
1718,GOh1052_L91H,GOh1052,L91H,-12.188,0.269,0.2463
1719,GOh1052_L91I,GOh1052,L91I,-4.443,0.572,0.2463
1720,GOh1052_L91K,GOh1052,L91K,-14.981,0.160,0.2463
1721,GOh1052_L91M,GOh1052,L91M,-6.9,0.475606421624155,0.2463
1722,GOh1052_L91F,GOh1052,L91F,-5.472,0.531,0.2463
1723,GOh1052_L91P,GOh1052,L91P,-12.409,0.260,0.2463
1724,GOh1052_L91S,GOh1052,L91S,-10.372,0.340,0.2463
1725,GOh1052_L91T,GOh1052,L91T,-8.496,0.413,0.2463
1726,GOh1052_L91W,GOh1052,L91W,-11.47,0.297097769618374,0.2463
1727,GOh1052_L91Y,GOh1052,L91Y,-9.601,0.370,0.2463
1728,GOh1052_L91V,GOh1052,L91V,-4.318,0.576,0.2463
1729,GOh1052_S92A,GOh1052,S92A,-4.704,0.561,0.3228
1730,GOh1052_S92R,GOh1052,S92R,-6.789,0.480,0.3228
1731,GOh1052_S92N,GOh1052,S92N,-6.684,0.484,0.3228
1732,GOh1052_S92D,GOh1052,S92D,-6.411,0.495,0.3228
1733,GOh1052_S92C,GOh1052,S92C,-10.822,0.322,0.3228
1734,GOh1052_S92Q,GOh1052,S92Q,-5.674,0.523,0.3228
1735,GOh1052_S92E,GOh1052,S92E,-6.283,0.500,0.3228
1736,GOh1052_S92G,GOh1052,S92G,-5.961,0.512,0.3228
1737,GOh1052_S92H,GOh1052,S92H,-7.501,0.452,0.3228
1738,GOh1052_S92I,GOh1052,S92I,-7.968,0.434,0.3228
1739,GOh1052_S92L,GOh1052,S92L,-7.32,0.459200812468263,0.3228
1740,GOh1052_S92K,GOh1052,S92K,-8.423,0.416,0.3228
1741,GOh1052_S92M,GOh1052,S92M,-7.746,0.443,0.3228
1742,GOh1052_S92F,GOh1052,S92F,-7.594,0.448,0.3228
1743,GOh1052_S92P,GOh1052,S92P,-11.42,0.299050818327409,0.3228
1744,GOh1052_S92T,GOh1052,S92T,-4.889,0.554,0.3228
1745,GOh1052_S92W,GOh1052,S92W,-6.942,0.474,0.3228
1746,GOh1052_S92Y,GOh1052,S92Y,-6.563,0.489,0.3228
1747,GOh1052_S92V,GOh1052,S92V,-6.945,0.474,0.3228
1748,GOh1052_V93A,GOh1052,V93A,-5.375,0.535,1.1138
1749,GOh1052_V93R,GOh1052,V93R,-10.091,0.351,1.1138
1750,GOh1052_V93N,GOh1052,V93N,-6.67,0.484590445685715,1.1138
1751,GOh1052_V93D,GOh1052,V93D,-7.764,0.442,1.1138
1752,GOh1052_V93C,GOh1052,V93C,-6.418,0.494,1.1138
1753,GOh1052_V93Q,GOh1052,V93Q,-7.729,0.443,1.1138
1754,GOh1052_V93E,GOh1052,V93E,-8.593,0.409,1.1138
1755,GOh1052_V93G,GOh1052,V93G,-9.011,0.393,1.1138
1756,GOh1052_V93H,GOh1052,V93H,-4.721,0.561,1.1138
1757,GOh1052_V93I,GOh1052,V93I,-2.918,0.631,1.1138
1758,GOh1052_V93L,GOh1052,V93L,-4.474,0.570,1.1138
1759,GOh1052_V93K,GOh1052,V93K,-10.741,0.326,1.1138
1760,GOh1052_V93M,GOh1052,V93M,-4.198,0.581,1.1138
1761,GOh1052_V93F,GOh1052,V93F,-2.049,0.665,1.1138
1762,GOh1052_V93P,GOh1052,V93P,-9.202,0.386,1.1138
1763,GOh1052_V93S,GOh1052,V93S,-6.142,0.505,1.1138
1764,GOh1052_V93T,GOh1052,V93T,-5.324,0.537,1.1138
1765,GOh1052_V93W,GOh1052,V93W,-5.224,0.541,1.1138
1766,GOh1052_V93Y,GOh1052,V93Y,1.271,0.795,1.1138
1767,GOh1052_L94A,GOh1052,L94A,-7.391,0.456,0.2218
1768,GOh1052_L94R,GOh1052,L94R,-7.575,0.449,0.2218
1769,GOh1052_L94N,GOh1052,L94N,-8.908,0.397,0.2218
1770,GOh1052_L94D,GOh1052,L94D,-9.073,0.391,0.2218
1771,GOh1052_L94C,GOh1052,L94C,-10.314,0.342,0.2218
1772,GOh1052_L94Q,GOh1052,L94Q,-5.051,0.548,0.2218
1773,GOh1052_L94E,GOh1052,L94E,-8.927,0.396,0.2218
1774,GOh1052_L94G,GOh1052,L94G,-10.832,0.322,0.2218
1775,GOh1052_L94H,GOh1052,L94H,-9.697,0.366,0.2218
1776,GOh1052_L94I,GOh1052,L94I,-6.044,0.509,0.2218
1777,GOh1052_L94K,GOh1052,L94K,-8.383,0.418,0.2218
1778,GOh1052_L94M,GOh1052,L94M,-6.898,0.476,0.2218
1779,GOh1052_L94F,GOh1052,L94F,-8.608,0.409,0.2218
1780,GOh1052_L94P,GOh1052,L94P,-11.087,0.312,0.2218
1781,GOh1052_L94S,GOh1052,L94S,-8.066,0.430,0.2218
1782,GOh1052_L94T,GOh1052,L94T,-5.011,0.549,0.2218
1783,GOh1052_L94W,GOh1052,L94W,-8.819,0.401,0.2218
1784,GOh1052_L94Y,GOh1052,L94Y,-8.908,0.397,0.2218
1785,GOh1052_L94V,GOh1052,L94V,-5.388,0.535,0.2218
1786,GOh1052_P95A,GOh1052,P95A,-6.629,0.486,0.0587
1787,GOh1052_P95R,GOh1052,P95R,-9.053,0.392,0.0587
1788,GOh1052_P95N,GOh1052,P95N,-9.16,0.387328619975782,0.0587
1789,GOh1052_P95D,GOh1052,P95D,-11.709,0.288,0.0587
1790,GOh1052_P95C,GOh1052,P95C,-11.852,0.282,0.0587
1791,GOh1052_P95Q,GOh1052,P95Q,-9.682,0.367,0.0587
1792,GOh1052_P95E,GOh1052,P95E,-11.531,0.295,0.0587
1793,GOh1052_P95G,GOh1052,P95G,-6.11,0.506464591226905,0.0587
1794,GOh1052_P95H,GOh1052,P95H,-10.011,0.354,0.0587
1795,GOh1052_P95I,GOh1052,P95I,-11.984,0.277,0.0587
1796,GOh1052_P95L,GOh1052,P95L,-9.761,0.364,0.0587
1797,GOh1052_P95K,GOh1052,P95K,-12.199,0.269,0.0587
1798,GOh1052_P95M,GOh1052,P95M,-11.419,0.299,0.0587
1799,GOh1052_P95F,GOh1052,P95F,-10.35,0.340846060700754,0.0587
1800,GOh1052_P95S,GOh1052,P95S,-7.39,0.456466544275614,0.0587
1801,GOh1052_P95T,GOh1052,P95T,-7.725,0.443,0.0587
1802,GOh1052_P95W,GOh1052,P95W,-11.988,0.277,0.0587
1803,GOh1052_P95Y,GOh1052,P95Y,-11.756,0.286,0.0587
1804,GOh1052_P95V,GOh1052,P95V,-9.469,0.375,0.0587
1805,GOh1052_R96A,GOh1052,R96A,-12.433,0.259,0.0021
1806,GOh1052_R96N,GOh1052,R96N,-12.119,0.272,0.0021
1807,GOh1052_R96D,GOh1052,R96D,-14.917,0.162,0.0021
1808,GOh1052_R96C,GOh1052,R96C,-13.201,0.229,0.0021
1809,GOh1052_R96Q,GOh1052,R96Q,-12.221,0.268,0.0021
1810,GOh1052_R96E,GOh1052,R96E,-15.363,0.145,0.0021
1811,GOh1052_R96G,GOh1052,R96G,-12.401,0.261,0.0021
1812,GOh1052_R96H,GOh1052,R96H,-11.129,0.310,0.0021
1813,GOh1052_R96I,GOh1052,R96I,-12.956,0.239,0.0021
1814,GOh1052_R96L,GOh1052,R96L,-12.099,0.273,0.0021
1815,GOh1052_R96K,GOh1052,R96K,-9.919,0.358,0.0021
1816,GOh1052_R96M,GOh1052,R96M,-12.781,0.246,0.0021
1817,GOh1052_R96F,GOh1052,R96F,-13.507,0.218,0.0021
1818,GOh1052_R96P,GOh1052,R96P,-12.336,0.263,0.0021
1819,GOh1052_R96S,GOh1052,R96S,-11.864,0.282,0.0021
1820,GOh1052_R96T,GOh1052,R96T,-13.192,0.230,0.0021
1821,GOh1052_R96W,GOh1052,R96W,-12.375,0.262,0.0021
1822,GOh1052_R96Y,GOh1052,R96Y,-12.933,0.240,0.0021
1823,GOh1052_R96V,GOh1052,R96V,-13.436,0.220,0.0021
1824,GOh1052_Q97A,GOh1052,Q97A,-8.504,0.413,0.0467
1825,GOh1052_Q97R,GOh1052,Q97R,-8.268,0.422,0.0467
1826,GOh1052_Q97N,GOh1052,Q97N,-7.48,0.452951056599352,0.0467
1827,GOh1052_Q97D,GOh1052,Q97D,-10.547,0.333,0.0467
1828,GOh1052_Q97C,GOh1052,Q97C,-12.724,0.248,0.0467
1829,GOh1052_Q97E,GOh1052,Q97E,-10.031,0.353,0.0467
1830,GOh1052_Q97G,GOh1052,Q97G,-9.976,0.355,0.0467
1831,GOh1052_Q97H,GOh1052,Q97H,-9.796,0.362,0.0467
1832,GOh1052_Q97I,GOh1052,Q97I,-7.972,0.434,0.0467
1833,GOh1052_Q97L,GOh1052,Q97L,-6.975,0.473,0.0467
1834,GOh1052_Q97K,GOh1052,Q97K,-8.906,0.397,0.0467
1835,GOh1052_Q97M,GOh1052,Q97M,-8.586,0.410,0.0467
1836,GOh1052_Q97F,GOh1052,Q97F,-11.224,0.307,0.0467
1837,GOh1052_Q97P,GOh1052,Q97P,-9.714,0.366,0.0467
1838,GOh1052_Q97S,GOh1052,Q97S,-8.979,0.394,0.0467
1839,GOh1052_Q97T,GOh1052,Q97T,-7.929,0.435,0.0467
1840,GOh1052_Q97W,GOh1052,Q97W,-11.887,0.281,0.0467
1841,GOh1052_Q97Y,GOh1052,Q97Y,-10.703,0.327,0.0467
1842,GOh1052_Q97V,GOh1052,Q97V,-8.372,0.418,0.0467
1843,GOh1052_D98A,GOh1052,D98A,-8.712,0.405,0.0657
1844,GOh1052_D98R,GOh1052,D98R,-11.026,0.314,0.0657
1845,GOh1052_D98N,GOh1052,D98N,-5.956,0.512,0.0657
1846,GOh1052_D98C,GOh1052,D98C,-14.048,0.196,0.0657
1847,GOh1052_D98Q,GOh1052,D98Q,-10.07,0.351783133471349,0.0657
1848,GOh1052_D98E,GOh1052,D98E,-8.542,0.411,0.0657
1849,GOh1052_D98G,GOh1052,D98G,-7.108,0.467,0.0657
1850,GOh1052_D98H,GOh1052,D98H,-10.237,0.345,0.0657
1851,GOh1052_D98I,GOh1052,D98I,-10.893,0.320,0.0657
1852,GOh1052_D98L,GOh1052,D98L,-10.692,0.327,0.0657
1853,GOh1052_D98K,GOh1052,D98K,-11.371,0.301,0.0657
1854,GOh1052_D98M,GOh1052,D98M,-12.324,0.264,0.0657
1855,GOh1052_D98F,GOh1052,D98F,-10.975,0.316,0.0657
1856,GOh1052_D98P,GOh1052,D98P,-12.825,0.244,0.0657
1857,GOh1052_D98S,GOh1052,D98S,-6.497,0.491,0.0657
1858,GOh1052_D98T,GOh1052,D98T,-8.013,0.432,0.0657
1859,GOh1052_D98W,GOh1052,D98W,-11.437,0.298,0.0657
1860,GOh1052_D98Y,GOh1052,D98Y,-9.428,0.377,0.0657
1861,GOh1052_D98V,GOh1052,D98V,-10.2,0.346705206827858,0.0657
1862,GOh1052_G99A,GOh1052,G99A,-7.406,0.456,0.0357
1863,GOh1052_G99R,GOh1052,G99R,-9.409,0.378,0.0357
1864,GOh1052_G99N,GOh1052,G99N,-7.438,0.455,0.0357
1865,GOh1052_G99D,GOh1052,G99D,-9.446,0.376,0.0357
1866,GOh1052_G99C,GOh1052,G99C,-12.388,0.261,0.0357
1867,GOh1052_G99Q,GOh1052,G99Q,-9.764,0.364,0.0357
1868,GOh1052_G99E,GOh1052,G99E,-10.275,0.344,0.0357
1869,GOh1052_G99H,GOh1052,G99H,-10.855,0.321,0.0357
1870,GOh1052_G99I,GOh1052,G99I,-10.684,0.328,0.0357
1871,GOh1052_G99L,GOh1052,G99L,-10.213,0.346,0.0357
1872,GOh1052_G99K,GOh1052,G99K,-9.357,0.380,0.0357
1873,GOh1052_G99M,GOh1052,G99M,-11.87,0.281473379946096,0.0357
1874,GOh1052_G99F,GOh1052,G99F,-9.59,0.370532401078083,0.0357
1875,GOh1052_G99P,GOh1052,G99P,-9.923,0.358,0.0357
1876,GOh1052_G99S,GOh1052,G99S,-7.209,0.464,0.0357
1877,GOh1052_G99T,GOh1052,G99T,-8.952,0.395,0.0357
1878,GOh1052_G99W,GOh1052,G99W,-10.529,0.334,0.0357
1879,GOh1052_G99Y,GOh1052,G99Y,-9.995,0.355,0.0357
1880,GOh1052_G99V,GOh1052,G99V,-9.683,0.367,0.0357
1881,GOh1052_N100A,GOh1052,N100A,-5.451,0.532,0.7375
1882,GOh1052_N100R,GOh1052,N100R,-7.804,0.440,0.7375
1883,GOh1052_N100D,GOh1052,N100D,-5.996,0.511,0.7375
1884,GOh1052_N100C,GOh1052,N100C,-10.916,0.319,0.7375
1885,GOh1052_N100Q,GOh1052,N100Q,-7.163,0.465,0.7375
1886,GOh1052_N100E,GOh1052,N100E,-8.068,0.430,0.7375
1887,GOh1052_N100G,GOh1052,N100G,-3.783,0.597,0.7375
1888,GOh1052_N100H,GOh1052,N100H,-8.417,0.416,0.7375
1889,GOh1052_N100I,GOh1052,N100I,-8.578,0.410,0.7375
1890,GOh1052_N100L,GOh1052,N100L,-8.153,0.427,0.7375
1891,GOh1052_N100K,GOh1052,N100K,-7.463,0.454,0.7375
1892,GOh1052_N100M,GOh1052,N100M,-9.582,0.371,0.7375
1893,GOh1052_N100F,GOh1052,N100F,-8.201,0.425,0.7375
1894,GOh1052_N100P,GOh1052,N100P,-7.056,0.470,0.7375
1895,GOh1052_N100S,GOh1052,N100S,-2.288,0.656,0.7375
1896,GOh1052_N100T,GOh1052,N100T,-5.059,0.548,0.7375
1897,GOh1052_N100W,GOh1052,N100W,-8.114,0.428,0.7375
1898,GOh1052_N100Y,GOh1052,N100Y,-7.13,0.466622397562595,0.7375
1899,GOh1052_N100V,GOh1052,N100V,-7.52,0.451388617632124,0.7375
1900,GOh1052_Q101A,GOh1052,Q101A,-3.108,0.624,2.1229
1901,GOh1052_Q101R,GOh1052,Q101R,-4.656,0.563,2.1229
1902,GOh1052_Q101N,GOh1052,Q101N,-4.368,0.575,2.1229
1903,GOh1052_Q101D,GOh1052,Q101D,-5.39,0.534588492637006,2.1229
1904,GOh1052_Q101C,GOh1052,Q101C,-10.32,0.342017889926175,2.1229
1905,GOh1052_Q101E,GOh1052,Q101E,-4.089,0.585,2.1229
1906,GOh1052_Q101G,GOh1052,Q101G,-4.825,0.557,2.1229
1907,GOh1052_Q101H,GOh1052,Q101H,-6.565,0.489,2.1229
1908,GOh1052_Q101I,GOh1052,Q101I,-3.192,0.620,2.1229
1909,GOh1052_Q101L,GOh1052,Q101L,-3.292,0.617,2.1229
1910,GOh1052_Q101K,GOh1052,Q101K,-4.584,0.566,2.1229
1911,GOh1052_Q101M,GOh1052,Q101M,-5.087,0.546,2.1229
1912,GOh1052_Q101F,GOh1052,Q101F,-5.2,0.542010077731339,2.1229
1913,GOh1052_Q101P,GOh1052,Q101P,-3.664,0.602,2.1229
1914,GOh1052_Q101S,GOh1052,Q101S,-2.952,0.630,2.1229
1915,GOh1052_Q101T,GOh1052,Q101T,-1.501,0.686,2.1229
1916,GOh1052_Q101W,GOh1052,Q101W,-5.66,0.524042029608218,2.1229
1917,GOh1052_Q101Y,GOh1052,Q101Y,-5.193,0.542,2.1229
1918,GOh1052_Q101V,GOh1052,Q101V,-2.299,0.655,2.1229
1919,GOh1052_N102A,GOh1052,N102A,-9.434,0.377,0.0165
1920,GOh1052_N102R,GOh1052,N102R,-8.764,0.403,0.0165
1921,GOh1052_N102D,GOh1052,N102D,-9.614,0.370,0.0165
1922,GOh1052_N102C,GOh1052,N102C,-14.843,0.165,0.0165
1923,GOh1052_N102Q,GOh1052,N102Q,-9.877,0.359,0.0165
1924,GOh1052_N102E,GOh1052,N102E,-11.418,0.299,0.0165
1925,GOh1052_N102G,GOh1052,N102G,-9.063,0.391,0.0165
1926,GOh1052_N102H,GOh1052,N102H,-9.612,0.370,0.0165
1927,GOh1052_N102I,GOh1052,N102I,-11.601,0.292,0.0165
1928,GOh1052_N102L,GOh1052,N102L,-11.284,0.304,0.0165
1929,GOh1052_N102K,GOh1052,N102K,-10.134,0.349,0.0165
1930,GOh1052_N102M,GOh1052,N102M,-12.291,0.265,0.0165
1931,GOh1052_N102F,GOh1052,N102F,-11.178,0.309,0.0165
1932,GOh1052_N102P,GOh1052,N102P,-10.718,0.326,0.0165
1933,GOh1052_N102S,GOh1052,N102S,-8.06,0.430295691574548,0.0165
1934,GOh1052_N102T,GOh1052,N102T,-9.274,0.383,0.0165
1935,GOh1052_N102W,GOh1052,N102W,-11.734,0.287,0.0165
1936,GOh1052_N102Y,GOh1052,N102Y,-10.022,0.354,0.0165
1937,GOh1052_N102V,GOh1052,N102V,-10.982,0.316,0.0165
1938,GOh1052_G103A,GOh1052,G103A,-11.892,0.281,0.0006
1939,GOh1052_G103R,GOh1052,G103R,-13.281,0.226,0.0006
1940,GOh1052_G103N,GOh1052,G103N,-13.044,0.236,0.0006
1941,GOh1052_G103D,GOh1052,G103D,-11.735,0.287,0.0006
1942,GOh1052_G103C,GOh1052,G103C,-14.341,0.185,0.0006
1943,GOh1052_G103Q,GOh1052,G103Q,-15.033,0.158,0.0006
1944,GOh1052_G103E,GOh1052,G103E,-12.91,0.240849966798172,0.0006
1945,GOh1052_G103H,GOh1052,G103H,-15.174,0.152,0.0006
1946,GOh1052_G103I,GOh1052,G103I,-15.493,0.140,0.0006
1947,GOh1052_G103L,GOh1052,G103L,-14.935,0.162,0.0006
1948,GOh1052_G103K,GOh1052,G103K,-16.127,0.115,0.0006
1949,GOh1052_G103M,GOh1052,G103M,-15.97,0.121323385805242,0.0006
1950,GOh1052_G103F,GOh1052,G103F,-14.565,0.176,0.0006
1951,GOh1052_G103P,GOh1052,G103P,-16.314,0.108,0.0006
1952,GOh1052_G103S,GOh1052,G103S,-12.006,0.276,0.0006
1953,GOh1052_G103T,GOh1052,G103T,-14.411,0.182,0.0006
1954,GOh1052_G103W,GOh1052,G103W,-13.835,0.205,0.0006
1955,GOh1052_G103Y,GOh1052,G103Y,-14.604,0.175,0.0006
1956,GOh1052_G103V,GOh1052,G103V,-13.387,0.222,0.0006
1957,GOh1052_W104A,GOh1052,W104A,-2.728,0.639,2.9971
1958,GOh1052_W104R,GOh1052,W104R,0.556,0.767,2.9971
1959,GOh1052_W104N,GOh1052,W104N,-0.406,0.729,2.9971
1960,GOh1052_W104D,GOh1052,W104D,-3.852,0.595,2.9971
1961,GOh1052_W104C,GOh1052,W104C,-6.431,0.494,2.9971
1962,GOh1052_W104Q,GOh1052,W104Q,-1.711,0.678,2.9971
1963,GOh1052_W104E,GOh1052,W104E,-4.044,0.587,2.9971
1964,GOh1052_W104G,GOh1052,W104G,-5.303,0.538,2.9971
1965,GOh1052_W104H,GOh1052,W104H,-3.586,0.605,2.9971
1966,GOh1052_W104I,GOh1052,W104I,0.915,0.781,2.9971
1967,GOh1052_W104L,GOh1052,W104L,-1.236,0.697,2.9971
1968,GOh1052_W104K,GOh1052,W104K,-1.54,0.684973243232686,2.9971
1969,GOh1052_W104M,GOh1052,W104M,-1.918,0.670,2.9971
1970,GOh1052_W104F,GOh1052,W104F,-2.811,0.635,2.9971
1971,GOh1052_W104P,GOh1052,W104P,-4.929,0.553,2.9971
1972,GOh1052_W104S,GOh1052,W104S,-2.715,0.639,2.9971
1973,GOh1052_W104T,GOh1052,W104T,0.767,0.775,2.9971
1974,GOh1052_W104Y,GOh1052,W104Y,-3.723,0.600,2.9971
1975,GOh1052_W104V,GOh1052,W104V,-0.231,0.736,2.9971
1976,GOh1052_I105A,GOh1052,I105A,-11.762,0.286,0.0313
1977,GOh1052_I105R,GOh1052,I105R,-16.146,0.114,0.0313
1978,GOh1052_I105N,GOh1052,I105N,-12.6,0.252958868794188,0.0313
1979,GOh1052_I105D,GOh1052,I105D,-14.076,0.195,0.0313
1980,GOh1052_I105C,GOh1052,I105C,-13.462,0.219,0.0313
1981,GOh1052_I105Q,GOh1052,I105Q,-13.836,0.205,0.0313
1982,GOh1052_I105E,GOh1052,I105E,-14.061,0.196,0.0313
1983,GOh1052_I105G,GOh1052,I105G,-14.457,0.180,0.0313
1984,GOh1052_I105H,GOh1052,I105H,-14.612,0.174,0.0313
1985,GOh1052_I105L,GOh1052,I105L,-8.89,0.39787508300457,0.0313
1986,GOh1052_I105K,GOh1052,I105K,-16.073,0.117,0.0313
1987,GOh1052_I105M,GOh1052,I105M,-10.859,0.321,0.0313
1988,GOh1052_I105F,GOh1052,I105F,-10.355,0.341,0.0313
1989,GOh1052_I105P,GOh1052,I105P,-11.812,0.284,0.0313
1990,GOh1052_I105S,GOh1052,I105S,-13.002,0.237,0.0313
1991,GOh1052_I105T,GOh1052,I105T,-9.345,0.380,0.0313
1992,GOh1052_I105W,GOh1052,I105W,-13.142,0.232,0.0313
1993,GOh1052_I105Y,GOh1052,I105Y,-13.181,0.230,0.0313
1994,GOh1052_I105V,GOh1052,I105V,-5.925,0.514,0.0313
1995,GOh1052_G106A,GOh1052,G106A,-4.947,0.552,0.3692
1996,GOh1052_G106R,GOh1052,G106R,-7.819,0.440,0.3692
1997,GOh1052_G106N,GOh1052,G106N,-6.463,0.493,0.3692
1998,GOh1052_G106D,GOh1052,G106D,-6.116,0.506,0.3692
1999,GOh1052_G106C,GOh1052,G106C,-12.889,0.242,0.3692
2000,GOh1052_G106Q,GOh1052,G106Q,-7.016,0.471,0.3692
2001,GOh1052_G106E,GOh1052,G106E,-6.027,0.510,0.3692
2002,GOh1052_G106H,GOh1052,G106H,-9.571,0.371,0.3692
2003,GOh1052_G106I,GOh1052,G106I,-7.299,0.460,0.3692
2004,GOh1052_G106L,GOh1052,G106L,-7.042,0.470,0.3692
2005,GOh1052_G106K,GOh1052,G106K,-7.66,0.445920081246826,0.3692
2006,GOh1052_G106M,GOh1052,G106M,-8.682,0.406,0.3692
2007,GOh1052_G106F,GOh1052,G106F,-8.88,0.398265692746377,0.3692
2008,GOh1052_G106P,GOh1052,G106P,-9.289,0.382,0.3692
2009,GOh1052_G106S,GOh1052,G106S,-4.848,0.556,0.3692
2010,GOh1052_G106T,GOh1052,G106T,-4.042,0.587,0.3692
2011,GOh1052_G106W,GOh1052,G106W,-8.971,0.395,0.3692
2012,GOh1052_G106Y,GOh1052,G106Y,-8.168,0.426,0.3692
2013,GOh1052_G106V,GOh1052,G106V,-6.741,0.482,0.3692
2014,GOh1052_R107A,GOh1052,R107A,-3.315,0.616,1.3971
2015,GOh1052_R107N,GOh1052,R107N,-3.132,0.623,1.3971
2016,GOh1052_R107D,GOh1052,R107D,-4.047,0.587,1.3971
2017,GOh1052_R107C,GOh1052,R107C,-12.461,0.258,1.3971
2018,GOh1052_R107Q,GOh1052,R107Q,-3.529,0.607,1.3971
2019,GOh1052_R107E,GOh1052,R107E,-5.064,0.547,1.3971
2020,GOh1052_R107G,GOh1052,R107G,-3.841,0.595,1.3971
2021,GOh1052_R107H,GOh1052,R107H,-5.673,0.524,1.3971
2022,GOh1052_R107I,GOh1052,R107I,-7.313,0.459,1.3971
2023,GOh1052_R107L,GOh1052,R107L,-5.84,0.517011054255693,1.3971
2024,GOh1052_R107K,GOh1052,R107K,-3.654,0.602,1.3971
2025,GOh1052_R107M,GOh1052,R107M,-7.492,0.452,1.3971
2026,GOh1052_R107F,GOh1052,R107F,-6.78,0.480293738525839,1.3971
2027,GOh1052_R107P,GOh1052,R107P,-7.987,0.433,1.3971
2028,GOh1052_R107S,GOh1052,R107S,-3.32,0.615444709191047,1.3971
2029,GOh1052_R107T,GOh1052,R107T,-4.089,0.585,1.3971
2030,GOh1052_R107W,GOh1052,R107W,-6.809,0.479,1.3971
2031,GOh1052_R107Y,GOh1052,R107Y,-5.228,0.541,1.3971
2032,GOh1052_R107V,GOh1052,R107V,-6.373,0.496,1.3971
2033,GOh1052_H108A,GOh1052,H108A,-11.653,0.290,0.0648
2034,GOh1052_H108R,GOh1052,H108R,-13.088,0.234,0.0648
2035,GOh1052_H108N,GOh1052,H108N,-8.322,0.420,0.0648
2036,GOh1052_H108D,GOh1052,H108D,-12.217,0.268,0.0648
2037,GOh1052_H108C,GOh1052,H108C,-12.371,0.262,0.0648
2038,GOh1052_H108Q,GOh1052,H108Q,-7.738,0.443,0.0648
2039,GOh1052_H108E,GOh1052,H108E,-11.212,0.307,0.0648
2040,GOh1052_H108G,GOh1052,H108G,-13.29,0.226006796609507,0.0648
2041,GOh1052_H108I,GOh1052,H108I,-12.08,0.27327057536815,0.0648
2042,GOh1052_H108L,GOh1052,H108L,-12.414,0.260,0.0648
2043,GOh1052_H108K,GOh1052,H108K,-13.861,0.204,0.0648
2044,GOh1052_H108M,GOh1052,H108M,-12.469,0.258,0.0648
2045,GOh1052_H108F,GOh1052,H108F,-9.466,0.375,0.0648
2046,GOh1052_H108P,GOh1052,H108P,-13.787,0.207,0.0648
2047,GOh1052_H108S,GOh1052,H108S,-10.349,0.341,0.0648
2048,GOh1052_H108T,GOh1052,H108T,-11.19,0.308034842388969,0.0648
2049,GOh1052_H108W,GOh1052,H108W,-12.134,0.271,0.0648
2050,GOh1052_H108Y,GOh1052,H108Y,-5.11,0.545525565407601,0.0648
2051,GOh1052_H108V,GOh1052,H108V,-11.132,0.310,0.0648
2052,GOh1052_E109A,GOh1052,E109A,-6.987,0.472,0.241
2053,GOh1052_E109R,GOh1052,E109R,-7.469,0.453,0.241
2054,GOh1052_E109N,GOh1052,E109N,-5.726,0.521,0.241
2055,GOh1052_E109D,GOh1052,E109D,-5.359,0.536,0.241
2056,GOh1052_E109C,GOh1052,E109C,-13.391,0.222,0.241
2057,GOh1052_E109Q,GOh1052,E109Q,-4.469,0.571,0.241
2058,GOh1052_E109G,GOh1052,E109G,-9.236,0.384,0.241
2059,GOh1052_E109H,GOh1052,E109H,-8.397,0.417,0.241
2060,GOh1052_E109I,GOh1052,E109I,-9.257,0.384,0.241
2061,GOh1052_E109L,GOh1052,E109L,-7.567,0.450,0.241
2062,GOh1052_E109K,GOh1052,E109K,-7.426,0.455,0.241
2063,GOh1052_E109M,GOh1052,E109M,-8.387,0.418,0.241
2064,GOh1052_E109F,GOh1052,E109F,-9.093,0.390,0.241
2065,GOh1052_E109P,GOh1052,E109P,-14.991,0.160,0.241
2066,GOh1052_E109S,GOh1052,E109S,-6.405,0.495,0.241
2067,GOh1052_E109T,GOh1052,E109T,-6.987,0.472,0.241
2068,GOh1052_E109W,GOh1052,E109W,-9.893,0.359,0.241
2069,GOh1052_E109Y,GOh1052,E109Y,-7.384,0.457,0.241
2070,GOh1052_E109V,GOh1052,E109V,-8.39,0.417405570094918,0.241
2071,GOh1052_V110A,GOh1052,V110A,-8.455,0.415,0.4553
2072,GOh1052_V110R,GOh1052,V110R,-13.239,0.228,0.4553
2073,GOh1052_V110N,GOh1052,V110N,-12.219,0.268,0.4553
2074,GOh1052_V110D,GOh1052,V110D,-13.354,0.224,0.4553
2075,GOh1052_V110C,GOh1052,V110C,-12.215,0.268,0.4553
2076,GOh1052_V110Q,GOh1052,V110Q,-12.058,0.274,0.4553
2077,GOh1052_V110E,GOh1052,V110E,-12.913,0.241,0.4553
2078,GOh1052_V110G,GOh1052,V110G,-14.27,0.187727041912425,0.4553
2079,GOh1052_V110H,GOh1052,V110H,-11.61,0.291629233233077,0.4553
2080,GOh1052_V110I,GOh1052,V110I,-2.69,0.640053122924886,0.4553
2081,GOh1052_V110L,GOh1052,V110L,-4.672,0.563,0.4553
2082,GOh1052_V110K,GOh1052,V110K,-15.484,0.140,0.4553
2083,GOh1052_V110M,GOh1052,V110M,-7.335,0.459,0.4553
2084,GOh1052_V110F,GOh1052,V110F,-5.667,0.524,0.4553
2085,GOh1052_V110P,GOh1052,V110P,-14.856,0.165,0.4553
2086,GOh1052_V110S,GOh1052,V110S,-11.67,0.289285574782235,0.4553
2087,GOh1052_V110T,GOh1052,V110T,-9.095,0.390,0.4553
2088,GOh1052_V110W,GOh1052,V110W,-10.736,0.326,0.4553
2089,GOh1052_V110Y,GOh1052,V110Y,-8.334,0.420,0.4553
2090,GOh1052_Y111A,GOh1052,Y111A,-11.92,0.279520331237061,0.0271
2091,GOh1052_Y111R,GOh1052,Y111R,-9.984,0.355,0.0271
2092,GOh1052_Y111N,GOh1052,Y111N,-12.086,0.273,0.0271
2093,GOh1052_Y111D,GOh1052,Y111D,-13.352,0.224,0.0271
2094,GOh1052_Y111C,GOh1052,Y111C,-12.969,0.239,0.0271
2095,GOh1052_Y111Q,GOh1052,Y111Q,-10.761,0.325,0.0271
2096,GOh1052_Y111E,GOh1052,Y111E,-12.324,0.264,0.0271
2097,GOh1052_Y111G,GOh1052,Y111G,-14.275,0.188,0.0271
2098,GOh1052_Y111H,GOh1052,Y111H,-7.74,0.442795203312371,0.0271
2099,GOh1052_Y111I,GOh1052,Y111I,-12.163,0.270,0.0271
2100,GOh1052_Y111L,GOh1052,Y111L,-10.032,0.353,0.0271
2101,GOh1052_Y111K,GOh1052,Y111K,-12.768,0.246,0.0271
2102,GOh1052_Y111M,GOh1052,Y111M,-12.52,0.256083746728643,0.0271
2103,GOh1052_Y111F,GOh1052,Y111F,-6.436,0.494,0.0271
2104,GOh1052_Y111P,GOh1052,Y111P,-16.055,0.118,0.0271
2105,GOh1052_Y111S,GOh1052,Y111S,-9.841,0.361,0.0271
2106,GOh1052_Y111T,GOh1052,Y111T,-11.69,0.288504355298621,0.0271
2107,GOh1052_Y111W,GOh1052,Y111W,-9.697,0.366,0.0271
2108,GOh1052_Y111V,GOh1052,Y111V,-11.967,0.278,0.0271
2109,GOh1052_L112A,GOh1052,L112A,-9.287,0.382,0.1171
2110,GOh1052_L112R,GOh1052,L112R,-13.489,0.218,0.1171
2111,GOh1052_L112N,GOh1052,L112N,-14.67,0.172102652240147,0.1171
2112,GOh1052_L112D,GOh1052,L112D,-15.148,0.153,0.1171
2113,GOh1052_L112C,GOh1052,L112C,-12.74,0.24749033240889,0.1171
2114,GOh1052_L112Q,GOh1052,L112Q,-12.698,0.249,0.1171
2115,GOh1052_L112E,GOh1052,L112E,-13.77,0.207257529002773,0.1171
2116,GOh1052_L112G,GOh1052,L112G,-13.715,0.209,0.1171
2117,GOh1052_L112H,GOh1052,L112H,-14.569,0.176,0.1171
2118,GOh1052_L112I,GOh1052,L112I,-6.241,0.501,0.1171
2119,GOh1052_L112K,GOh1052,L112K,-15.447,0.142,0.1171
2120,GOh1052_L112M,GOh1052,L112M,-9.296,0.382,0.1171
2121,GOh1052_L112F,GOh1052,L112F,-7.749,0.442,0.1171
2122,GOh1052_L112P,GOh1052,L112P,-12.649,0.251,0.1171
2123,GOh1052_L112S,GOh1052,L112S,-11.405,0.300,0.1171
2124,GOh1052_L112T,GOh1052,L112T,-7.249,0.462,0.1171
2125,GOh1052_L112W,GOh1052,L112W,-12.608,0.253,0.1171
2126,GOh1052_L112Y,GOh1052,L112Y,-11.683,0.289,0.1171
2127,GOh1052_L112V,GOh1052,L112V,-4.606,0.565,0.1171
2128,GOh1052_S113A,GOh1052,S113A,-10.157,0.348,0.0044
2129,GOh1052_S113R,GOh1052,S113R,-13.17,0.230694113511191,0.0044
2130,GOh1052_S113N,GOh1052,S113N,-11.528,0.295,0.0044
2131,GOh1052_S113D,GOh1052,S113D,-12.722,0.248,0.0044
2132,GOh1052_S113C,GOh1052,S113C,-13.542,0.216,0.0044
2133,GOh1052_S113Q,GOh1052,S113Q,-14.118,0.194,0.0044
2134,GOh1052_S113E,GOh1052,S113E,-15.151,0.153,0.0044
2135,GOh1052_S113G,GOh1052,S113G,-8.536,0.412,0.0044
2136,GOh1052_S113H,GOh1052,S113H,-14.123,0.193,0.0044
2137,GOh1052_S113I,GOh1052,S113I,-15.11,0.154915823600641,0.0044
2138,GOh1052_S113L,GOh1052,S113L,-13.762,0.208,0.0044
2139,GOh1052_S113K,GOh1052,S113K,-14.552,0.177,0.0044
2140,GOh1052_S113M,GOh1052,S113M,-14.943,0.161,0.0044
2141,GOh1052_S113F,GOh1052,S113F,-13.351,0.224,0.0044
2142,GOh1052_S113P,GOh1052,S113P,-13.752,0.208,0.0044
2143,GOh1052_S113T,GOh1052,S113T,-10.345,0.341,0.0044
2144,GOh1052_S113W,GOh1052,S113W,-13.982,0.199,0.0044
2145,GOh1052_S113Y,GOh1052,S113Y,-13.388,0.222,0.0044
2146,GOh1052_S113V,GOh1052,S113V,-15.011,0.159,0.0044
2147,GOh1052_S114A,GOh1052,S114A,-4.959,0.551,0.7462
2148,GOh1052_S114R,GOh1052,S114R,-8.082,0.429,0.7462
2149,GOh1052_S114N,GOh1052,S114N,-3.72,0.599820319518769,0.7462
2150,GOh1052_S114D,GOh1052,S114D,-5.471,0.531,0.7462
2151,GOh1052_S114C,GOh1052,S114C,-13.667,0.211,0.7462
2152,GOh1052_S114Q,GOh1052,S114Q,-5.186,0.543,0.7462
2153,GOh1052_S114E,GOh1052,S114E,-5.615,0.526,0.7462
2154,GOh1052_S114G,GOh1052,S114G,-6.921,0.475,0.7462
2155,GOh1052_S114H,GOh1052,S114H,-9.048,0.392,0.7462
2156,GOh1052_S114I,GOh1052,S114I,-6.948,0.474,0.7462
2157,GOh1052_S114L,GOh1052,S114L,-5.993,0.511,0.7462
2158,GOh1052_S114K,GOh1052,S114K,-8.066,0.430,0.7462
2159,GOh1052_S114M,GOh1052,S114M,-6.695,0.484,0.7462
2160,GOh1052_S114F,GOh1052,S114F,-8.606,0.409,0.7462
2161,GOh1052_S114P,GOh1052,S114P,-6.402,0.495,0.7462
2162,GOh1052_S114T,GOh1052,S114T,-2.717,0.639,0.7462
2163,GOh1052_S114W,GOh1052,S114W,-11.495,0.296,0.7462
2164,GOh1052_S114Y,GOh1052,S114Y,-8.993,0.394,0.7462
2165,GOh1052_S114V,GOh1052,S114V,-5.786,0.519,0.7462
2166,GOh1052_D115A,GOh1052,D115A,-12.748,0.247,0.0232
2167,GOh1052_D115R,GOh1052,D115R,-15.515,0.139,0.0232
2168,GOh1052_D115N,GOh1052,D115N,-6.318,0.498,0.0232
2169,GOh1052_D115C,GOh1052,D115C,-14.588,0.175,0.0232
2170,GOh1052_D115Q,GOh1052,D115Q,-13.165,0.231,0.0232
2171,GOh1052_D115E,GOh1052,D115E,-10.967,0.317,0.0232
2172,GOh1052_D115G,GOh1052,D115G,-9.936,0.357,0.0232
2173,GOh1052_D115H,GOh1052,D115H,-14.067,0.196,0.0232
2174,GOh1052_D115I,GOh1052,D115I,-13.706,0.210,0.0232
2175,GOh1052_D115L,GOh1052,D115L,-14.184,0.191,0.0232
2176,GOh1052_D115K,GOh1052,D115K,-14.47,0.179914847076286,0.0232
2177,GOh1052_D115M,GOh1052,D115M,-15.252,0.149,0.0232
2178,GOh1052_D115F,GOh1052,D115F,-13.934,0.201,0.0232
2179,GOh1052_D115P,GOh1052,D115P,-16.256,0.110,0.0232
2180,GOh1052_D115S,GOh1052,D115S,-9.731,0.365,0.0232
2181,GOh1052_D115T,GOh1052,D115T,-8.953,0.395,0.0232
2182,GOh1052_D115W,GOh1052,D115W,-14.794,0.167,0.0232
2183,GOh1052_D115Y,GOh1052,D115Y,-12.431,0.260,0.0232
2184,GOh1052_D115V,GOh1052,D115V,-12.776,0.246,0.0232
2185,GOh1052_G116A,GOh1052,G116A,-7.235,0.463,0.0748
2186,GOh1052_G116R,GOh1052,G116R,-7.871,0.438,0.0748
2187,GOh1052_G116N,GOh1052,G116N,-5.586,0.527,0.0748
2188,GOh1052_G116D,GOh1052,G116D,-9.453,0.376,0.0748
2189,GOh1052_G116C,GOh1052,G116C,-14.287,0.187,0.0748
2190,GOh1052_G116Q,GOh1052,G116Q,-8.218,0.424,0.0748
2191,GOh1052_G116E,GOh1052,G116E,-10.432,0.338,0.0748
2192,GOh1052_G116H,GOh1052,G116H,-10.504,0.335,0.0748
2193,GOh1052_G116I,GOh1052,G116I,-13.435,0.220,0.0748
2194,GOh1052_G116L,GOh1052,G116L,-9.364,0.379,0.0748
2195,GOh1052_G116K,GOh1052,G116K,-7.383,0.457,0.0748
2196,GOh1052_G116M,GOh1052,G116M,-10.045,0.353,0.0748
2197,GOh1052_G116F,GOh1052,G116F,-11.315,0.303,0.0748
2198,GOh1052_G116P,GOh1052,G116P,-8.725,0.404,0.0748
2199,GOh1052_G116S,GOh1052,G116S,-7.967,0.434,0.0748
2200,GOh1052_G116T,GOh1052,G116T,-8.173,0.426,0.0748
2201,GOh1052_G116W,GOh1052,G116W,-13.707,0.210,0.0748
2202,GOh1052_G116Y,GOh1052,G116Y,-11.704,0.288,0.0748
2203,GOh1052_G116V,GOh1052,G116V,-12.307,0.264,0.0748
2204,GOh1052_T117A,GOh1052,T117A,-5.604,0.526,0.6738
2205,GOh1052_T117R,GOh1052,T117R,-7.357,0.458,0.6738
2206,GOh1052_T117N,GOh1052,T117N,-4.047,0.587,0.6738
2207,GOh1052_T117D,GOh1052,T117D,-7.57,0.449435568923089,0.6738
2208,GOh1052_T117C,GOh1052,T117C,-12.303,0.265,0.6738
2209,GOh1052_T117Q,GOh1052,T117Q,-5.027,0.549,0.6738
2210,GOh1052_T117E,GOh1052,T117E,-6.682,0.484,0.6738
2211,GOh1052_T117G,GOh1052,T117G,-8.076,0.430,0.6738
2212,GOh1052_T117H,GOh1052,T117H,-8.535,0.412,0.6738
2213,GOh1052_T117I,GOh1052,T117I,-4.392,0.574,0.6738
2214,GOh1052_T117L,GOh1052,T117L,-6.684,0.484,0.6738
2215,GOh1052_T117K,GOh1052,T117K,-5.855,0.516,0.6738
2216,GOh1052_T117M,GOh1052,T117M,-7.718,0.444,0.6738
2217,GOh1052_T117F,GOh1052,T117F,-7.459,0.454,0.6738
2218,GOh1052_T117P,GOh1052,T117P,-12.205,0.268,0.6738
2219,GOh1052_T117S,GOh1052,T117S,-4.002,0.589,0.6738
2220,GOh1052_T117W,GOh1052,T117W,-10.069,0.352,0.6738
2221,GOh1052_T117Y,GOh1052,T117Y,-7.252,0.462,0.6738
2222,GOh1052_T117V,GOh1052,T117V,-3.572,0.606,0.6738
2223,GOh1052_N118A,GOh1052,N118A,-8.697,0.405,0.1156
2224,GOh1052_N118R,GOh1052,N118R,-9.299,0.382,0.1156
2225,GOh1052_N118D,GOh1052,N118D,-8.745,0.404,0.1156
2226,GOh1052_N118C,GOh1052,N118C,-14.587,0.175,0.1156
2227,GOh1052_N118Q,GOh1052,N118Q,-8.597,0.409,0.1156
2228,GOh1052_N118E,GOh1052,N118E,-10.094,0.351,0.1156
2229,GOh1052_N118G,GOh1052,N118G,-9.498,0.374,0.1156
2230,GOh1052_N118H,GOh1052,N118H,-6.752,0.481,0.1156
2231,GOh1052_N118I,GOh1052,N118I,-10.294,0.343,0.1156
2232,GOh1052_N118L,GOh1052,N118L,-11.193,0.308,0.1156
2233,GOh1052_N118K,GOh1052,N118K,-8.578,0.410,0.1156
2234,GOh1052_N118M,GOh1052,N118M,-11.964,0.278,0.1156
2235,GOh1052_N118F,GOh1052,N118F,-11.152,0.310,0.1156
2236,GOh1052_N118P,GOh1052,N118P,-13.14,0.231865942736612,0.1156
2237,GOh1052_N118S,GOh1052,N118S,-5.334,0.537,0.1156
2238,GOh1052_N118T,GOh1052,N118T,-5.337,0.537,0.1156
2239,GOh1052_N118W,GOh1052,N118W,-12.63,0.251787039568767,0.1156
2240,GOh1052_N118Y,GOh1052,N118Y,-10.068,0.352,0.1156
2241,GOh1052_N118V,GOh1052,N118V,-9.705,0.366,0.1156
2242,GOh1052_W119A,GOh1052,W119A,-11.901,0.280,0.251
2243,GOh1052_W119R,GOh1052,W119R,-13.254,0.227,0.251
2244,GOh1052_W119N,GOh1052,W119N,-12.297,0.265,0.251
2245,GOh1052_W119D,GOh1052,W119D,-13.365,0.223,0.251
2246,GOh1052_W119C,GOh1052,W119C,-13.582,0.215,0.251
2247,GOh1052_W119Q,GOh1052,W119Q,-12.999,0.237,0.251
2248,GOh1052_W119E,GOh1052,W119E,-14.058,0.196,0.251
2249,GOh1052_W119G,GOh1052,W119G,-12.763,0.247,0.251
2250,GOh1052_W119H,GOh1052,W119H,-11.847,0.282,0.251
2251,GOh1052_W119I,GOh1052,W119I,-12.699,0.249,0.251
2252,GOh1052_W119L,GOh1052,W119L,-10.093,0.351,0.251
2253,GOh1052_W119K,GOh1052,W119K,-13.498,0.218,0.251
2254,GOh1052_W119M,GOh1052,W119M,-10.55,0.333033865864615,0.251
2255,GOh1052_W119F,GOh1052,W119F,-3.38,0.613101050740205,0.251
2256,GOh1052_W119P,GOh1052,W119P,-12.273,0.266,0.251
2257,GOh1052_W119S,GOh1052,W119S,-11.3,0.303738135229093,0.251
2258,GOh1052_W119T,GOh1052,W119T,-13.391,0.222,0.251
2259,GOh1052_W119Y,GOh1052,W119Y,-5.382,0.535,0.251
2260,GOh1052_W119V,GOh1052,W119V,-12.902,0.241,0.251
2261,GOh1052_G120A,GOh1052,G120A,-9.097,0.390,0.0318
2262,GOh1052_G120R,GOh1052,G120R,-11.22,0.306863013163548,0.0318
2263,GOh1052_G120N,GOh1052,G120N,-7.786,0.441,0.0318
2264,GOh1052_G120D,GOh1052,G120D,-7.226,0.463,0.0318
2265,GOh1052_G120C,GOh1052,G120C,-14.324,0.186,0.0318
2266,GOh1052_G120Q,GOh1052,G120Q,-10.222,0.346,0.0318
2267,GOh1052_G120E,GOh1052,G120E,-8.957,0.395,0.0318
2268,GOh1052_G120H,GOh1052,G120H,-13.345,0.224,0.0318
2269,GOh1052_G120I,GOh1052,G120I,-11.79,0.284598257880552,0.0318
2270,GOh1052_G120L,GOh1052,G120L,-11.033,0.314,0.0318
2271,GOh1052_G120K,GOh1052,G120K,-11.589,0.292,0.0318
2272,GOh1052_G120M,GOh1052,G120M,-12.686,0.250,0.0318
2273,GOh1052_G120F,GOh1052,G120F,-12.779,0.246,0.0318
2274,GOh1052_G120P,GOh1052,G120P,-9.627,0.369,0.0318
2275,GOh1052_G120S,GOh1052,G120S,-7.247,0.462,0.0318
2276,GOh1052_G120T,GOh1052,G120T,-8.453,0.415,0.0318
2277,GOh1052_G120W,GOh1052,G120W,-12.539,0.255,0.0318
2278,GOh1052_G120Y,GOh1052,G120Y,-12.421,0.260,0.0318
2279,GOh1052_G120V,GOh1052,G120V,-10.635,0.330,0.0318
2280,GOh1052_S121A,GOh1052,S121A,-4.548,0.567,0.6906
2281,GOh1052_S121R,GOh1052,S121R,-7.877,0.437,0.6906
2282,GOh1052_S121N,GOh1052,S121N,-3.377,0.613,0.6906
2283,GOh1052_S121D,GOh1052,S121D,-3.786,0.597,0.6906
2284,GOh1052_S121C,GOh1052,S121C,-12.394,0.261,0.6906
2285,GOh1052_S121Q,GOh1052,S121Q,-5.745,0.521,0.6906
2286,GOh1052_S121E,GOh1052,S121E,-5.403,0.534,0.6906
2287,GOh1052_S121G,GOh1052,S121G,-6.308,0.499,0.6906
2288,GOh1052_S121H,GOh1052,S121H,-9.32,0.381078864106871,0.6906
2289,GOh1052_S121I,GOh1052,S121I,-7.637,0.447,0.6906
2290,GOh1052_S121L,GOh1052,S121L,-7.602,0.448,0.6906
2291,GOh1052_S121K,GOh1052,S121K,-7.613,0.448,0.6906
2292,GOh1052_S121M,GOh1052,S121M,-8.928,0.396,0.6906
2293,GOh1052_S121F,GOh1052,S121F,-9.01,0.393187766102887,0.6906
2294,GOh1052_S121P,GOh1052,S121P,-6.816,0.479,0.6906
2295,GOh1052_S121T,GOh1052,S121T,-3.87,0.593961173391664,0.6906
2296,GOh1052_S121W,GOh1052,S121W,-10.621,0.330,0.6906
2297,GOh1052_S121Y,GOh1052,S121Y,-7.986,0.433,0.6906
2298,GOh1052_S121V,GOh1052,S121V,-6.743,0.482,0.6906
2299,GOh1052_P122A,GOh1052,P122A,-3.569,0.606,0.3001
2300,GOh1052_P122R,GOh1052,P122R,-6.775,0.480,0.3001
2301,GOh1052_P122N,GOh1052,P122N,-8.996,0.394,0.3001
2302,GOh1052_P122D,GOh1052,P122D,-11.576,0.293,0.3001
2303,GOh1052_P122C,GOh1052,P122C,-12.034,0.275,0.3001
2304,GOh1052_P122Q,GOh1052,P122Q,-7.036,0.470,0.3001
2305,GOh1052_P122E,GOh1052,P122E,-8.488,0.414,0.3001
2306,GOh1052_P122G,GOh1052,P122G,-9.323,0.381,0.3001
2307,GOh1052_P122H,GOh1052,P122H,-10.404,0.339,0.3001
2308,GOh1052_P122I,GOh1052,P122I,-8.894,0.398,0.3001
2309,GOh1052_P122L,GOh1052,P122L,-8.148,0.427,0.3001
2310,GOh1052_P122K,GOh1052,P122K,-5.892,0.515,0.3001
2311,GOh1052_P122M,GOh1052,P122M,-8.599,0.409,0.3001
2312,GOh1052_P122F,GOh1052,P122F,-10.723,0.326,0.3001
2313,GOh1052_P122S,GOh1052,P122S,-5.429,0.533,0.3001
2314,GOh1052_P122T,GOh1052,P122T,-7.404,0.456,0.3001
2315,GOh1052_P122W,GOh1052,P122W,-11.838,0.283,0.3001
2316,GOh1052_P122Y,GOh1052,P122Y,-10.744,0.325,0.3001
2317,GOh1052_P122V,GOh1052,P122V,-6.976,0.473,0.3001
2318,GOh1052_V123A,GOh1052,V123A,-6.551,0.489,0.0507
2319,GOh1052_V123R,GOh1052,V123R,-10.598,0.331,0.0507
2320,GOh1052_V123N,GOh1052,V123N,-11.595,0.292,0.0507
2321,GOh1052_V123D,GOh1052,V123D,-11.943,0.279,0.0507
2322,GOh1052_V123C,GOh1052,V123C,-13.827,0.205,0.0507
2323,GOh1052_V123Q,GOh1052,V123Q,-10.266,0.344,0.0507
2324,GOh1052_V123E,GOh1052,V123E,-9.554,0.372,0.0507
2325,GOh1052_V123G,GOh1052,V123G,-11.296,0.304,0.0507
2326,GOh1052_V123H,GOh1052,V123H,-13.283,0.226,0.0507
2327,GOh1052_V123I,GOh1052,V123I,-6.007,0.510,0.0507
2328,GOh1052_V123L,GOh1052,V123L,-8.919,0.397,0.0507
2329,GOh1052_V123K,GOh1052,V123K,-10.48,0.335768134057263,0.0507
2330,GOh1052_V123M,GOh1052,V123M,-9.174,0.387,0.0507
2331,GOh1052_V123F,GOh1052,V123F,-10.934,0.318,0.0507
2332,GOh1052_V123P,GOh1052,V123P,-15.451,0.142,0.0507
2333,GOh1052_V123S,GOh1052,V123S,-9.325,0.381,0.0507
2334,GOh1052_V123T,GOh1052,V123T,-8.886,0.398,0.0507
2335,GOh1052_V123W,GOh1052,V123W,-13.466,0.219,0.0507
2336,GOh1052_V123Y,GOh1052,V123Y,-11.065,0.313,0.0507
2337,GOh1052_A124R,GOh1052,A124R,-9.393,0.378,0.211
2338,GOh1052_A124N,GOh1052,A124N,-8.615,0.409,0.211
2339,GOh1052_A124D,GOh1052,A124D,-9.122,0.389,0.211
2340,GOh1052_A124C,GOh1052,A124C,-11.877,0.281,0.211
2341,GOh1052_A124Q,GOh1052,A124Q,-8.801,0.401,0.211
2342,GOh1052_A124E,GOh1052,A124E,-9.51,0.373657279012539,0.211
2343,GOh1052_A124G,GOh1052,A124G,-8.312,0.420,0.211
2344,GOh1052_A124H,GOh1052,A124H,-10.13,0.349439475020507,0.211
2345,GOh1052_A124I,GOh1052,A124I,-7.783,0.441,0.211
2346,GOh1052_A124L,GOh1052,A124L,-8.279,0.422,0.211
2347,GOh1052_A124K,GOh1052,A124K,-8.543,0.411,0.211
2348,GOh1052_A124M,GOh1052,A124M,-9.636,0.369,0.211
2349,GOh1052_A124F,GOh1052,A124F,-9.037,0.392,0.211
2350,GOh1052_A124P,GOh1052,A124P,-13.38,0.222491308933245,0.211
2351,GOh1052_A124S,GOh1052,A124S,-4.314,0.577,0.211
2352,GOh1052_A124T,GOh1052,A124T,-5.572,0.527,0.211
2353,GOh1052_A124W,GOh1052,A124W,-10.536,0.334,0.211
2354,GOh1052_A124Y,GOh1052,A124Y,-9.19,0.386156790750361,0.211
2355,GOh1052_A124V,GOh1052,A124V,-5.223,0.541,0.211
2356,GOh1052_S125A,GOh1052,S125A,-5.384,0.535,0.7307
2357,GOh1052_S125R,GOh1052,S125R,-6.168,0.504,0.7307
2358,GOh1052_S125N,GOh1052,S125N,-5.192,0.542,0.7307
2359,GOh1052_S125D,GOh1052,S125D,-7.527,0.451,0.7307
2360,GOh1052_S125C,GOh1052,S125C,-9.498,0.374,0.7307
2361,GOh1052_S125Q,GOh1052,S125Q,-5.937,0.513,0.7307
2362,GOh1052_S125E,GOh1052,S125E,-7.047,0.470,0.7307
2363,GOh1052_S125G,GOh1052,S125G,-7.089,0.468,0.7307
2364,GOh1052_S125H,GOh1052,S125H,-8.938,0.396,0.7307
2365,GOh1052_S125I,GOh1052,S125I,-5.438,0.533,0.7307
2366,GOh1052_S125L,GOh1052,S125L,-7.072,0.469,0.7307
2367,GOh1052_S125K,GOh1052,S125K,-5.776,0.520,0.7307
2368,GOh1052_S125M,GOh1052,S125M,-6.999,0.472,0.7307
2369,GOh1052_S125F,GOh1052,S125F,-7.399,0.456,0.7307
2370,GOh1052_S125P,GOh1052,S125P,-11.411,0.299,0.7307
2371,GOh1052_S125T,GOh1052,S125T,-2.321,0.654,0.7307
2372,GOh1052_S125W,GOh1052,S125W,-8.587,0.410,0.7307
2373,GOh1052_S125Y,GOh1052,S125Y,-7.127,0.467,0.7307
2374,GOh1052_S125V,GOh1052,S125V,-4.86,0.555290808952775,0.7307
2375,GOh1052_G126A,GOh1052,G126A,-8.189,0.425,0.0224
2376,GOh1052_G126R,GOh1052,G126R,-10.003,0.354,0.0224
2377,GOh1052_G126N,GOh1052,G126N,-8.101,0.429,0.0224
2378,GOh1052_G126D,GOh1052,G126D,-8.134,0.427,0.0224
2379,GOh1052_G126C,GOh1052,G126C,-10.409,0.339,0.0224
2380,GOh1052_G126Q,GOh1052,G126Q,-10.22,0.345923987344244,0.0224
2381,GOh1052_G126E,GOh1052,G126E,-9.777,0.363,0.0224
2382,GOh1052_G126H,GOh1052,G126H,-12.188,0.269,0.0224
2383,GOh1052_G126I,GOh1052,G126I,-11.82,0.283426428655131,0.0224
2384,GOh1052_G126L,GOh1052,G126L,-11.059,0.313,0.0224
2385,GOh1052_G126K,GOh1052,G126K,-11.108,0.311,0.0224
2386,GOh1052_G126M,GOh1052,G126M,-11.809,0.284,0.0224
2387,GOh1052_G126F,GOh1052,G126F,-11.51,0.295535330651146,0.0224
2388,GOh1052_G126P,GOh1052,G126P,-14.18,0.191242529588688,0.0224
2389,GOh1052_G126S,GOh1052,G126S,-7.872,0.438,0.0224
2390,GOh1052_G126T,GOh1052,G126T,-9.456,0.376,0.0224
2391,GOh1052_G126W,GOh1052,G126W,-11.842,0.283,0.0224
2392,GOh1052_G126Y,GOh1052,G126Y,-11.888,0.281,0.0224
2393,GOh1052_G126V,GOh1052,G126V,-9.848,0.360,0.0224
2394,GOh1052_S127A,GOh1052,S127A,-4.087,0.585,1.5167
2395,GOh1052_S127R,GOh1052,S127R,-4.614,0.565,1.5167
2396,GOh1052_S127N,GOh1052,S127N,-4.125,0.584,1.5167
2397,GOh1052_S127D,GOh1052,S127D,-5.451,0.532,1.5167
2398,GOh1052_S127C,GOh1052,S127C,-8.366,0.418,1.5167
2399,GOh1052_S127Q,GOh1052,S127Q,-3.918,0.592,1.5167
2400,GOh1052_S127E,GOh1052,S127E,-3.989,0.589,1.5167
2401,GOh1052_S127G,GOh1052,S127G,-5.755,0.520,1.5167
2402,GOh1052_S127H,GOh1052,S127H,-6.638,0.486,1.5167
2403,GOh1052_S127I,GOh1052,S127I,-4.163,0.583,1.5167
2404,GOh1052_S127L,GOh1052,S127L,-4.176,0.582,1.5167
2405,GOh1052_S127K,GOh1052,S127K,-5.663,0.524,1.5167
2406,GOh1052_S127M,GOh1052,S127M,-5.257,0.540,1.5167
2407,GOh1052_S127F,GOh1052,S127F,-4.564,0.567,1.5167
2408,GOh1052_S127P,GOh1052,S127P,-8.486,0.414,1.5167
2409,GOh1052_S127T,GOh1052,S127T,-2.24,0.657630561306199,1.5167
2410,GOh1052_S127W,GOh1052,S127W,-5.924,0.514,1.5167
2411,GOh1052_S127Y,GOh1052,S127Y,-4.177,0.582,1.5167
2412,GOh1052_S127V,GOh1052,S127V,-3.6,0.604507636420452,1.5167
2413,GOh1052_W128A,GOh1052,W128A,-13.39,0.222100699191438,0.0212
2414,GOh1052_W128R,GOh1052,W128R,-12.525,0.256,0.0212
2415,GOh1052_W128N,GOh1052,W128N,-13.061,0.235,0.0212
2416,GOh1052_W128D,GOh1052,W128D,-14.475,0.180,0.0212
2417,GOh1052_W128C,GOh1052,W128C,-13.124,0.232,0.0212
2418,GOh1052_W128Q,GOh1052,W128Q,-13.486,0.218,0.0212
2419,GOh1052_W128E,GOh1052,W128E,-14.992,0.160,0.0212
2420,GOh1052_W128G,GOh1052,W128G,-13.942,0.201,0.0212
2421,GOh1052_W128H,GOh1052,W128H,-10.633,0.330,0.0212
2422,GOh1052_W128I,GOh1052,W128I,-12.912,0.241,0.0212
2423,GOh1052_W128L,GOh1052,W128L,-10.243,0.345,0.0212
2424,GOh1052_W128K,GOh1052,W128K,-14.873,0.164,0.0212
2425,GOh1052_W128M,GOh1052,W128M,-11.792,0.285,0.0212
2426,GOh1052_W128F,GOh1052,W128F,-7.39,0.456466544275614,0.0212
2427,GOh1052_W128P,GOh1052,W128P,-14.52,0.177961798367251,0.0212
2428,GOh1052_W128S,GOh1052,W128S,-12.847,0.243,0.0212
2429,GOh1052_W128T,GOh1052,W128T,-13.778,0.207,0.0212
2430,GOh1052_W128Y,GOh1052,W128Y,-6.829,0.478,0.0212
2431,GOh1052_W128V,GOh1052,W128V,-13.406,0.221,0.0212
2432,GOh1052_F129A,GOh1052,F129A,1.238,0.793,3.1771
2433,GOh1052_F129R,GOh1052,F129R,-2.501,0.647,3.1771
2434,GOh1052_F129N,GOh1052,F129N,-0.697,0.718,3.1771
2435,GOh1052_F129D,GOh1052,F129D,-1.488,0.687,3.1771
2436,GOh1052_F129C,GOh1052,F129C,-6.368,0.496,3.1771
2437,GOh1052_F129Q,GOh1052,F129Q,-1.195,0.698,3.1771
2438,GOh1052_F129E,GOh1052,F129E,-2.068,0.664,3.1771
2439,GOh1052_F129G,GOh1052,F129G,-1.364,0.692,3.1771
2440,GOh1052_F129H,GOh1052,F129H,-5.134,0.545,3.1771
2441,GOh1052_F129I,GOh1052,F129I,-2.549,0.646,3.1771
2442,GOh1052_F129L,GOh1052,F129L,-1.145,0.700,3.1771
2443,GOh1052_F129K,GOh1052,F129K,-1.155,0.700,3.1771
2444,GOh1052_F129M,GOh1052,F129M,-3.536,0.607,3.1771
2445,GOh1052_F129P,GOh1052,F129P,-0.394,0.730,3.1771
2446,GOh1052_F129S,GOh1052,F129S,-0.304,0.733,3.1771
2447,GOh1052_F129T,GOh1052,F129T,-0.454,0.727,3.1771
2448,GOh1052_F129W,GOh1052,F129W,-5.547,0.528,3.1771
2449,GOh1052_F129Y,GOh1052,F129Y,-2.43,0.650208976211867,3.1771
2450,GOh1052_F129V,GOh1052,F129V,-1.548,0.685,3.1771
2451,GOh1052_A130R,GOh1052,A130R,-4.28,0.577946173977579,1.8366
2452,GOh1052_A130N,GOh1052,A130N,-1.19,0.69864458419593,1.8366
2453,GOh1052_A130D,GOh1052,A130D,-2.316,0.655,1.8366
2454,GOh1052_A130C,GOh1052,A130C,-8.258,0.423,1.8366
2455,GOh1052_A130Q,GOh1052,A130Q,-3.871,0.594,1.8366
2456,GOh1052_A130E,GOh1052,A130E,-5.058,0.548,1.8366
2457,GOh1052_A130G,GOh1052,A130G,-4.65,0.563493613530721,1.8366
2458,GOh1052_A130H,GOh1052,A130H,-5.637,0.525,1.8366
2459,GOh1052_A130I,GOh1052,A130I,-5.886,0.515,1.8366
2460,GOh1052_A130L,GOh1052,A130L,-5.04,0.54825983360025,1.8366
2461,GOh1052_A130K,GOh1052,A130K,-3.533,0.607,1.8366
2462,GOh1052_A130M,GOh1052,A130M,-5.8,0.518573493222921,1.8366
2463,GOh1052_A130F,GOh1052,A130F,-6.001,0.511,1.8366
2464,GOh1052_A130P,GOh1052,A130P,-4.66,0.563103003788914,1.8366
2465,GOh1052_A130S,GOh1052,A130S,-3.262,0.618,1.8366
2466,GOh1052_A130T,GOh1052,A130T,-4.358,0.575,1.8366
2467,GOh1052_A130W,GOh1052,A130W,-7.076,0.469,1.8366
2468,GOh1052_A130Y,GOh1052,A130Y,-5.244,0.540,1.8366
2469,GOh1052_A130V,GOh1052,A130V,-5.785,0.519,1.8366
2470,GOh1052_D131A,GOh1052,D131A,-7.22,0.463106909886333,0.2418
2471,GOh1052_D131R,GOh1052,D131R,-9.355,0.380,0.2418
2472,GOh1052_D131N,GOh1052,D131N,-3.941,0.591,0.2418
2473,GOh1052_D131C,GOh1052,D131C,-12.017,0.276,0.2418
2474,GOh1052_D131Q,GOh1052,D131Q,-8.474,0.414,0.2418
2475,GOh1052_D131E,GOh1052,D131E,-8.015,0.432,0.2418
2476,GOh1052_D131G,GOh1052,D131G,-6.291,0.499,0.2418
2477,GOh1052_D131H,GOh1052,D131H,-7.811,0.440,0.2418
2478,GOh1052_D131I,GOh1052,D131I,-9.425,0.377,0.2418
2479,GOh1052_D131L,GOh1052,D131L,-10.263,0.344,0.2418
2480,GOh1052_D131K,GOh1052,D131K,-9.35,0.37990703488145,0.2418
2481,GOh1052_D131M,GOh1052,D131M,-10.428,0.338,0.2418
2482,GOh1052_D131F,GOh1052,D131F,-10.929,0.318,0.2418
2483,GOh1052_D131P,GOh1052,D131P,-11.148,0.310,0.2418
2484,GOh1052_D131S,GOh1052,D131S,-5.549,0.528,0.2418
2485,GOh1052_D131T,GOh1052,D131T,-6.066,0.508,0.2418
2486,GOh1052_D131W,GOh1052,D131W,-11.877,0.281,0.2418
2487,GOh1052_D131Y,GOh1052,D131Y,-9.398,0.378,0.2418
2488,GOh1052_D131V,GOh1052,D131V,-8.787,0.402,0.2418
2489,GOh1052_S132A,GOh1052,S132A,-4.396,0.573,0.5692
2490,GOh1052_S132R,GOh1052,S132R,-5.352,0.536,0.5692
2491,GOh1052_S132N,GOh1052,S132N,-4.195,0.581,0.5692
2492,GOh1052_S132D,GOh1052,S132D,-6.254,0.501,0.5692
2493,GOh1052_S132C,GOh1052,S132C,-11.485,0.297,0.5692
2494,GOh1052_S132Q,GOh1052,S132Q,-5.976,0.512,0.5692
2495,GOh1052_S132E,GOh1052,S132E,-6.952,0.474,0.5692
2496,GOh1052_S132G,GOh1052,S132G,-4.652,0.563,0.5692
2497,GOh1052_S132H,GOh1052,S132H,-7.155,0.466,0.5692
2498,GOh1052_S132I,GOh1052,S132I,-8.061,0.430,0.5692
2499,GOh1052_S132L,GOh1052,S132L,-7.642,0.447,0.5692
2500,GOh1052_S132K,GOh1052,S132K,-4.57,0.566618491465177,0.5692
2501,GOh1052_S132M,GOh1052,S132M,-8.184,0.425,0.5692
2502,GOh1052_S132F,GOh1052,S132F,-7.863,0.438,0.5692
2503,GOh1052_S132P,GOh1052,S132P,-6.594,0.488,0.5692
2504,GOh1052_S132T,GOh1052,S132T,-4.7,0.561540564821687,0.5692
2505,GOh1052_S132W,GOh1052,S132W,-8.834,0.400,0.5692
2506,GOh1052_S132Y,GOh1052,S132Y,-7.287,0.460,0.5692
2507,GOh1052_S132V,GOh1052,S132V,-7.298,0.460,0.5692
2508,GOh1052_T133A,GOh1052,T133A,-4.718,0.561,0.5617
2509,GOh1052_T133R,GOh1052,T133R,-5.407,0.534,0.5617
2510,GOh1052_T133N,GOh1052,T133N,-4.218,0.580,0.5617
2511,GOh1052_T133D,GOh1052,T133D,-6.508,0.491,0.5617
2512,GOh1052_T133C,GOh1052,T133C,-11.661,0.290,0.5617
2513,GOh1052_T133Q,GOh1052,T133Q,-5.227,0.541,0.5617
2514,GOh1052_T133E,GOh1052,T133E,-6.552,0.489,0.5617
2515,GOh1052_T133G,GOh1052,T133G,-6.164,0.504,0.5617
2516,GOh1052_T133H,GOh1052,T133H,-7.517,0.452,0.5617
2517,GOh1052_T133I,GOh1052,T133I,-7.136,0.466,0.5617
2518,GOh1052_T133L,GOh1052,T133L,-6.751,0.481,0.5617
2519,GOh1052_T133K,GOh1052,T133K,-4.801,0.558,0.5617
2520,GOh1052_T133M,GOh1052,T133M,-7.684,0.445,0.5617
2521,GOh1052_T133F,GOh1052,T133F,-7.779,0.441,0.5617
2522,GOh1052_T133P,GOh1052,T133P,-10.682,0.328,0.5617
2523,GOh1052_T133S,GOh1052,T133S,-3.988,0.589,0.5617
2524,GOh1052_T133W,GOh1052,T133W,-9.442,0.376,0.5617
2525,GOh1052_T133Y,GOh1052,T133Y,-7.686,0.445,0.5617
2526,GOh1052_T133V,GOh1052,T133V,-6.23,0.501777274325222,0.5617
2527,GOh1052_T134A,GOh1052,T134A,-4.493,0.570,1.3384
2528,GOh1052_T134R,GOh1052,T134R,-6.484,0.492,1.3384
2529,GOh1052_T134N,GOh1052,T134N,-5.074,0.547,1.3384
2530,GOh1052_T134D,GOh1052,T134D,-4.714,0.561,1.3384
2531,GOh1052_T134C,GOh1052,T134C,-11.996,0.277,1.3384
2532,GOh1052_T134Q,GOh1052,T134Q,-4.222,0.580,1.3384
2533,GOh1052_T134E,GOh1052,T134E,-2.161,0.661,1.3384
2534,GOh1052_T134G,GOh1052,T134G,-8.051,0.431,1.3384
2535,GOh1052_T134H,GOh1052,T134H,-7.734,0.443,1.3384
2536,GOh1052_T134I,GOh1052,T134I,-3.991,0.589,1.3384
2537,GOh1052_T134L,GOh1052,T134L,-3.677,0.601,1.3384
2538,GOh1052_T134K,GOh1052,T134K,-6.3,0.499043006132573,1.3384
2539,GOh1052_T134M,GOh1052,T134M,-5.853,0.517,1.3384
2540,GOh1052_T134F,GOh1052,T134F,-5.977,0.512,1.3384
2541,GOh1052_T134P,GOh1052,T134P,-4.611,0.565,1.3384
2542,GOh1052_T134S,GOh1052,T134S,-5.412,0.534,1.3384
2543,GOh1052_T134W,GOh1052,T134W,-6.719,0.483,1.3384
2544,GOh1052_T134Y,GOh1052,T134Y,-5.989,0.511,1.3384
2545,GOh1052_T134V,GOh1052,T134V,-3.3,0.616225928674661,1.3384
2546,GOh1052_K135A,GOh1052,K135A,-12.314,0.264,0.009
2547,GOh1052_K135R,GOh1052,K135R,-7.692,0.445,0.009
2548,GOh1052_K135N,GOh1052,K135N,-10.41,0.338502402249912,0.009
2549,GOh1052_K135D,GOh1052,K135D,-13.044,0.236,0.009
2550,GOh1052_K135C,GOh1052,K135C,-16.377,0.105,0.009
2551,GOh1052_K135Q,GOh1052,K135Q,-9.912,0.358,0.009
2552,GOh1052_K135E,GOh1052,K135E,-11.007,0.315,0.009
2553,GOh1052_K135G,GOh1052,K135G,-13.276,0.227,0.009
2554,GOh1052_K135H,GOh1052,K135H,-10.464,0.336,0.009
2555,GOh1052_K135I,GOh1052,K135I,-11.774,0.285,0.009
2556,GOh1052_K135L,GOh1052,K135L,-11.816,0.284,0.009
2557,GOh1052_K135M,GOh1052,K135M,-11.154,0.309,0.009
2558,GOh1052_K135F,GOh1052,K135F,-13.125,0.232,0.009
2559,GOh1052_K135P,GOh1052,K135P,-14.491,0.179,0.009
2560,GOh1052_K135S,GOh1052,K135S,-12.4,0.260771063630327,0.009
2561,GOh1052_K135T,GOh1052,K135T,-11.162,0.309,0.009
2562,GOh1052_K135W,GOh1052,K135W,-12.888,0.242,0.009
2563,GOh1052_K135Y,GOh1052,K135Y,-13.114,0.233,0.009
2564,GOh1052_K135V,GOh1052,K135V,-12.168,0.270,0.009
2565,GOh1052_Y136A,GOh1052,Y136A,-6.742,0.482,0.3975
2566,GOh1052_Y136R,GOh1052,Y136R,-6.944,0.474,0.3975
2567,GOh1052_Y136N,GOh1052,Y136N,-5.97,0.511933127612203,0.3975
2568,GOh1052_Y136D,GOh1052,Y136D,-7.297,0.460,0.3975
2569,GOh1052_Y136C,GOh1052,Y136C,-10.297,0.343,0.3975
2570,GOh1052_Y136Q,GOh1052,Y136Q,-5.977,0.512,0.3975
2571,GOh1052_Y136E,GOh1052,Y136E,-6.905,0.475,0.3975
2572,GOh1052_Y136G,GOh1052,Y136G,-8.242,0.423,0.3975
2573,GOh1052_Y136H,GOh1052,Y136H,-6.812,0.479,0.3975
2574,GOh1052_Y136I,GOh1052,Y136I,-5.711,0.522,0.3975
2575,GOh1052_Y136L,GOh1052,Y136L,-5.406,0.534,0.3975
2576,GOh1052_Y136K,GOh1052,Y136K,-7.302,0.460,0.3975
2577,GOh1052_Y136M,GOh1052,Y136M,-7.224,0.463,0.3975
2578,GOh1052_Y136F,GOh1052,Y136F,-5.332,0.537,0.3975
2579,GOh1052_Y136P,GOh1052,Y136P,-7.731,0.443,0.3975
2580,GOh1052_Y136S,GOh1052,Y136S,-5.916,0.514,0.3975
2581,GOh1052_Y136T,GOh1052,Y136T,-4.678,0.562,0.3975
2582,GOh1052_Y136W,GOh1052,Y136W,-6.939,0.474,0.3975
2583,GOh1052_Y136V,GOh1052,Y136V,-5.239,0.540,0.3975
2584,GOh1052_S137A,GOh1052,S137A,-5.348,0.536,0.2498
2585,GOh1052_S137R,GOh1052,S137R,-11.102,0.311,0.2498
2586,GOh1052_S137N,GOh1052,S137N,-7.676,0.445,0.2498
2587,GOh1052_S137D,GOh1052,S137D,-7.115,0.467,0.2498
2588,GOh1052_S137C,GOh1052,S137C,-10.559,0.333,0.2498
2589,GOh1052_S137Q,GOh1052,S137Q,-9.033,0.392,0.2498
2590,GOh1052_S137E,GOh1052,S137E,-8.534,0.412,0.2498
2591,GOh1052_S137G,GOh1052,S137G,-9.199,0.386,0.2498
2592,GOh1052_S137H,GOh1052,S137H,-10.411,0.338,0.2498
2593,GOh1052_S137I,GOh1052,S137I,-6.534,0.490,0.2498
2594,GOh1052_S137L,GOh1052,S137L,-7.671,0.445,0.2498
2595,GOh1052_S137K,GOh1052,S137K,-10.553,0.333,0.2498
2596,GOh1052_S137M,GOh1052,S137M,-9.29,0.382250693332292,0.2498
2597,GOh1052_S137F,GOh1052,S137F,-9.42,0.377172766688801,0.2498
2598,GOh1052_S137P,GOh1052,S137P,-10.707,0.327,0.2498
2599,GOh1052_S137T,GOh1052,S137T,-4.831,0.556,0.2498
2600,GOh1052_S137W,GOh1052,S137W,-12.296,0.265,0.2498
2601,GOh1052_S137Y,GOh1052,S137Y,-9.972,0.356,0.2498
2602,GOh1052_S137V,GOh1052,S137V,-4.377,0.574,0.2498
2603,GOh1052_N138A,GOh1052,N138A,-2.732,0.638,2.4334
2604,GOh1052_N138R,GOh1052,N138R,-3.097,0.624,2.4334
2605,GOh1052_N138D,GOh1052,N138D,-4.008,0.589,2.4334
2606,GOh1052_N138C,GOh1052,N138C,-7.766,0.442,2.4334
2607,GOh1052_N138Q,GOh1052,N138Q,-3.383,0.613,2.4334
2608,GOh1052_N138E,GOh1052,N138E,-3.995,0.589,2.4334
2609,GOh1052_N138G,GOh1052,N138G,-3.371,0.613,2.4334
2610,GOh1052_N138H,GOh1052,N138H,-5.138,0.544,2.4334
2611,GOh1052_N138I,GOh1052,N138I,-4.962,0.551,2.4334
2612,GOh1052_N138L,GOh1052,N138L,-3.505,0.608,2.4334
2613,GOh1052_N138K,GOh1052,N138K,-3.873,0.594,2.4334
2614,GOh1052_N138M,GOh1052,N138M,-5.336,0.537,2.4334
2615,GOh1052_N138F,GOh1052,N138F,-3.935,0.591,2.4334
2616,GOh1052_N138P,GOh1052,N138P,-4.74,0.559978125854459,2.4334
2617,GOh1052_N138S,GOh1052,N138S,-2.313,0.655,2.4334
2618,GOh1052_N138T,GOh1052,N138T,-1.797,0.675,2.4334
2619,GOh1052_N138W,GOh1052,N138W,-3.734,0.599,2.4334
2620,GOh1052_N138Y,GOh1052,N138Y,-2.784,0.636,2.4334
2621,GOh1052_N138V,GOh1052,N138V,-3.85,0.594742392875278,2.4334
2622,GOh1052_F139A,GOh1052,F139A,-12.279,0.265,0.0411
2623,GOh1052_F139R,GOh1052,F139R,-14.697,0.171,0.0411
2624,GOh1052_F139N,GOh1052,F139N,-13.103,0.233,0.0411
2625,GOh1052_F139D,GOh1052,F139D,-13.047,0.235,0.0411
2626,GOh1052_F139C,GOh1052,F139C,-13.185,0.230,0.0411
2627,GOh1052_F139Q,GOh1052,F139Q,-13.808,0.206,0.0411
2628,GOh1052_F139E,GOh1052,F139E,-13.903,0.202,0.0411
2629,GOh1052_F139G,GOh1052,F139G,-12.547,0.255,0.0411
2630,GOh1052_F139H,GOh1052,F139H,-13.357,0.223,0.0411
2631,GOh1052_F139I,GOh1052,F139I,-9.997,0.355,0.0411
2632,GOh1052_F139L,GOh1052,F139L,-9.755,0.364,0.0411
2633,GOh1052_F139K,GOh1052,F139K,-15.524,0.139,0.0411
2634,GOh1052_F139M,GOh1052,F139M,-11.073,0.313,0.0411
2635,GOh1052_F139P,GOh1052,F139P,-12.089,0.273,0.0411
2636,GOh1052_F139S,GOh1052,F139S,-11.962,0.278,0.0411
2637,GOh1052_F139T,GOh1052,F139T,-11.723,0.287,0.0411
2638,GOh1052_F139W,GOh1052,F139W,-5.596,0.527,0.0411
2639,GOh1052_F139Y,GOh1052,F139Y,-8.437,0.416,0.0411
2640,GOh1052_F139V,GOh1052,F139V,-10.993,0.316,0.0411
2641,GOh1052_E140A,GOh1052,E140A,-1.224,0.697,2.6492
2642,GOh1052_E140R,GOh1052,E140R,-4.656,0.563,2.6492
2643,GOh1052_E140N,GOh1052,E140N,-2.836,0.634,2.6492
2644,GOh1052_E140D,GOh1052,E140D,-3.148,0.622,2.6492
2645,GOh1052_E140C,GOh1052,E140C,-7.263,0.461,2.6492
2646,GOh1052_E140Q,GOh1052,E140Q,-3.156,0.622,2.6492
2647,GOh1052_E140G,GOh1052,E140G,-2.73,0.638490683957658,2.6492
2648,GOh1052_E140H,GOh1052,E140H,-7.004,0.472,2.6492
2649,GOh1052_E140I,GOh1052,E140I,-4.581,0.566,2.6492
2650,GOh1052_E140L,GOh1052,E140L,-4.046,0.587,2.6492
2651,GOh1052_E140K,GOh1052,E140K,-4.087,0.585,2.6492
2652,GOh1052_E140M,GOh1052,E140M,-5.771,0.520,2.6492
2653,GOh1052_E140F,GOh1052,E140F,-5.038,0.548,2.6492
2654,GOh1052_E140P,GOh1052,E140P,-2.332,0.654,2.6492
2655,GOh1052_E140S,GOh1052,E140S,-1.72,0.677942267880161,2.6492
2656,GOh1052_E140T,GOh1052,E140T,-1.378,0.691,2.6492
2657,GOh1052_E140W,GOh1052,E140W,-6.627,0.486,2.6492
2658,GOh1052_E140Y,GOh1052,E140Y,-5.003,0.550,2.6492
2659,GOh1052_E140V,GOh1052,E140V,-3.437,0.611,2.6492
2660,GOh1052_T141A,GOh1052,T141A,-4.072,0.586,0.6057
2661,GOh1052_T141R,GOh1052,T141R,-7.595,0.448,0.6057
2662,GOh1052_T141N,GOh1052,T141N,-5.024,0.549,0.6057
2663,GOh1052_T141D,GOh1052,T141D,-5.779,0.519,0.6057
2664,GOh1052_T141C,GOh1052,T141C,-11.3,0.303738135229093,0.6057
2665,GOh1052_T141Q,GOh1052,T141Q,-5.978,0.512,0.6057
2666,GOh1052_T141E,GOh1052,T141E,-5.522,0.529,0.6057
2667,GOh1052_T141G,GOh1052,T141G,-5.96,0.51232373735401,0.6057
2668,GOh1052_T141H,GOh1052,T141H,-9.024,0.393,0.6057
2669,GOh1052_T141I,GOh1052,T141I,-6.064,0.508,0.6057
2670,GOh1052_T141L,GOh1052,T141L,-6.305,0.499,0.6057
2671,GOh1052_T141K,GOh1052,T141K,-6.935,0.474,0.6057
2672,GOh1052_T141M,GOh1052,T141M,-7.454,0.454,0.6057
2673,GOh1052_T141F,GOh1052,T141F,-7.754,0.442,0.6057
2674,GOh1052_T141P,GOh1052,T141P,-5.704,0.522,0.6057
2675,GOh1052_T141S,GOh1052,T141S,-3.71,0.600210929260576,0.6057
2676,GOh1052_T141W,GOh1052,T141W,-8.961,0.395,0.6057
2677,GOh1052_T141Y,GOh1052,T141Y,-7.244,0.462,0.6057
2678,GOh1052_T141V,GOh1052,T141V,-4.883,0.554,0.6057
2679,GOh1052_R142A,GOh1052,R142A,-4.107,0.585,1.1855
2680,GOh1052_R142N,GOh1052,R142N,-6.034,0.509,1.1855
2681,GOh1052_R142D,GOh1052,R142D,-8.156,0.427,1.1855
2682,GOh1052_R142C,GOh1052,R142C,-10.76,0.324831061286668,1.1855
2683,GOh1052_R142Q,GOh1052,R142Q,-3.079,0.625,1.1855
2684,GOh1052_R142E,GOh1052,R142E,-5.596,0.527,1.1855
2685,GOh1052_R142G,GOh1052,R142G,-6.68,0.484199835943908,1.1855
2686,GOh1052_R142H,GOh1052,R142H,-6.868,0.477,1.1855
2687,GOh1052_R142I,GOh1052,R142I,-6.536,0.490,1.1855
2688,GOh1052_R142L,GOh1052,R142L,-6.532,0.490,1.1855
2689,GOh1052_R142K,GOh1052,R142K,-2.559,0.645,1.1855
2690,GOh1052_R142M,GOh1052,R142M,-6.812,0.479,1.1855
2691,GOh1052_R142F,GOh1052,R142F,-8.129,0.428,1.1855
2692,GOh1052_R142P,GOh1052,R142P,-8.773,0.402,1.1855
2693,GOh1052_R142S,GOh1052,R142S,-4.253,0.579,1.1855
2694,GOh1052_R142T,GOh1052,R142T,-2.966,0.629,1.1855
2695,GOh1052_R142W,GOh1052,R142W,-10.742,0.326,1.1855
2696,GOh1052_R142Y,GOh1052,R142Y,-7.556,0.450,1.1855
2697,GOh1052_R142V,GOh1052,R142V,-4.551,0.567,1.1855
2698,GOh1052_P143A,GOh1052,P143A,-2.853,0.634,2.2
2699,GOh1052_P143R,GOh1052,P143R,-5.15,0.543963126440373,2.2
2700,GOh1052_P143N,GOh1052,P143N,-2.152,0.661,2.2
2701,GOh1052_P143D,GOh1052,P143D,-3.571,0.606,2.2
2702,GOh1052_P143C,GOh1052,P143C,-10.435,0.338,2.2
2703,GOh1052_P143Q,GOh1052,P143Q,-2.194,0.659,2.2
2704,GOh1052_P143E,GOh1052,P143E,-4.306,0.577,2.2
2705,GOh1052_P143G,GOh1052,P143G,-4.136,0.584,2.2
2706,GOh1052_P143H,GOh1052,P143H,-7.577,0.449,2.2
2707,GOh1052_P143I,GOh1052,P143I,-6.336,0.498,2.2
2708,GOh1052_P143L,GOh1052,P143L,-5.708,0.522,2.2
2709,GOh1052_P143K,GOh1052,P143K,-4.453,0.571,2.2
2710,GOh1052_P143M,GOh1052,P143M,-6.507,0.491,2.2
2711,GOh1052_P143F,GOh1052,P143F,-7.57,0.449435568923089,2.2
2712,GOh1052_P143S,GOh1052,P143S,-0.714,0.717,2.2
2713,GOh1052_P143T,GOh1052,P143T,-2.05,0.665052146400531,2.2
2714,GOh1052_P143W,GOh1052,P143W,-9.099,0.390,2.2
2715,GOh1052_P143Y,GOh1052,P143Y,-6.575,0.488,2.2
2716,GOh1052_P143V,GOh1052,P143V,-5.258,0.540,2.2
2717,GOh1052_A144R,GOh1052,A144R,-11.643,0.290,0.0438
2718,GOh1052_A144N,GOh1052,A144N,-11.242,0.306,0.0438
2719,GOh1052_A144D,GOh1052,A144D,-12.868,0.242,0.0438
2720,GOh1052_A144C,GOh1052,A144C,-12.334,0.263,0.0438
2721,GOh1052_A144Q,GOh1052,A144Q,-9.699,0.366,0.0438
2722,GOh1052_A144E,GOh1052,A144E,-12.058,0.274,0.0438
2723,GOh1052_A144G,GOh1052,A144G,-6.641,0.486,0.0438
2724,GOh1052_A144H,GOh1052,A144H,-12.525,0.256,0.0438
2725,GOh1052_A144I,GOh1052,A144I,-10.162,0.348,0.0438
2726,GOh1052_A144L,GOh1052,A144L,-10.479,0.336,0.0438
2727,GOh1052_A144K,GOh1052,A144K,-11.04,0.313893988516074,0.0438
2728,GOh1052_A144M,GOh1052,A144M,-10.322,0.342,0.0438
2729,GOh1052_A144F,GOh1052,A144F,-12.335,0.263,0.0438
2730,GOh1052_A144P,GOh1052,A144P,-14.035,0.197,0.0438
2731,GOh1052_A144S,GOh1052,A144S,-7.154,0.466,0.0438
2732,GOh1052_A144T,GOh1052,A144T,-6.936,0.474,0.0438
2733,GOh1052_A144W,GOh1052,A144W,-14.511,0.178,0.0438
2734,GOh1052_A144Y,GOh1052,A144Y,-13.082,0.234,0.0438
2735,GOh1052_A144V,GOh1052,A144V,-7.743,0.443,0.0438
2736,GOh1052_R145A,GOh1052,R145A,-9.854,0.360,0.0266
2737,GOh1052_R145N,GOh1052,R145N,-9.907,0.358,0.0266
2738,GOh1052_R145D,GOh1052,R145D,-13.643,0.212,0.0266
2739,GOh1052_R145C,GOh1052,R145C,-12.756,0.247,0.0266
2740,GOh1052_R145Q,GOh1052,R145Q,-8.019,0.432,0.0266
2741,GOh1052_R145E,GOh1052,R145E,-13.371,0.223,0.0266
2742,GOh1052_R145G,GOh1052,R145G,-10.306,0.343,0.0266
2743,GOh1052_R145H,GOh1052,R145H,-10.496,0.335,0.0266
2744,GOh1052_R145I,GOh1052,R145I,-13.36,0.223272528416859,0.0266
2745,GOh1052_R145L,GOh1052,R145L,-11.389,0.300,0.0266
2746,GOh1052_R145K,GOh1052,R145K,-6.513,0.491,0.0266
2747,GOh1052_R145M,GOh1052,R145M,-12.707,0.249,0.0266
2748,GOh1052_R145F,GOh1052,R145F,-14.526,0.178,0.0266
2749,GOh1052_R145P,GOh1052,R145P,-14.063,0.196,0.0266
2750,GOh1052_R145S,GOh1052,R145S,-8.518,0.412,0.0266
2751,GOh1052_R145T,GOh1052,R145T,-10.86,0.320924963868599,0.0266
2752,GOh1052_R145W,GOh1052,R145W,-14.534,0.177,0.0266
2753,GOh1052_R145Y,GOh1052,R145Y,-13.396,0.222,0.0266
2754,GOh1052_R145V,GOh1052,R145V,-11.955,0.278,0.0266
2755,GOh1052_Y146A,GOh1052,Y146A,-11.789,0.285,0.0415
2756,GOh1052_Y146R,GOh1052,Y146R,-12.174,0.270,0.0415
2757,GOh1052_Y146N,GOh1052,Y146N,-11.454,0.298,0.0415
2758,GOh1052_Y146D,GOh1052,Y146D,-13.757,0.208,0.0415
2759,GOh1052_Y146C,GOh1052,Y146C,-12.703,0.249,0.0415
2760,GOh1052_Y146Q,GOh1052,Y146Q,-11.271,0.305,0.0415
2761,GOh1052_Y146E,GOh1052,Y146E,-14.365,0.184,0.0415
2762,GOh1052_Y146G,GOh1052,Y146G,-12.993,0.238,0.0415
2763,GOh1052_Y146H,GOh1052,Y146H,-7.55,0.450216788406703,0.0415
2764,GOh1052_Y146I,GOh1052,Y146I,-12.308,0.264,0.0415
2765,GOh1052_Y146L,GOh1052,Y146L,-10.892,0.320,0.0415
2766,GOh1052_Y146K,GOh1052,Y146K,-12.525,0.256,0.0415
2767,GOh1052_Y146M,GOh1052,Y146M,-11.978,0.277,0.0415
2768,GOh1052_Y146F,GOh1052,Y146F,-5.705,0.522,0.0415
2769,GOh1052_Y146P,GOh1052,Y146P,-18.288,0.031,0.0415
2770,GOh1052_Y146S,GOh1052,Y146S,-11.555,0.294,0.0415
2771,GOh1052_Y146T,GOh1052,Y146T,-12.573,0.254,0.0415
2772,GOh1052_Y146W,GOh1052,Y146W,-9.452,0.376,0.0415
2773,GOh1052_Y146V,GOh1052,Y146V,-11.638,0.291,0.0415
2774,GOh1052_V147A,GOh1052,V147A,-8.53,0.411937033709621,0.0672
2775,GOh1052_V147R,GOh1052,V147R,-17.954,0.044,0.0672
2776,GOh1052_V147N,GOh1052,V147N,-16.586,0.097,0.0672
2777,GOh1052_V147D,GOh1052,V147D,-16.297,0.109,0.0672
2778,GOh1052_V147C,GOh1052,V147C,-13.155,0.231,0.0672
2779,GOh1052_V147Q,GOh1052,V147Q,-15.937,0.123,0.0672
2780,GOh1052_V147E,GOh1052,V147E,-16.022,0.119,0.0672
2781,GOh1052_V147G,GOh1052,V147G,-13.307,0.225,0.0672
2782,GOh1052_V147H,GOh1052,V147H,-17.108,0.077,0.0672
2783,GOh1052_V147I,GOh1052,V147I,-5.31,0.537713370571462,0.0672
2784,GOh1052_V147L,GOh1052,V147L,-6.51,0.490840201554627,0.0672
2785,GOh1052_V147K,GOh1052,V147K,-18.476,0.023,0.0672
2786,GOh1052_V147M,GOh1052,V147M,-8.801,0.401,0.0672
2787,GOh1052_V147F,GOh1052,V147F,-9.268,0.383,0.0672
2788,GOh1052_V147P,GOh1052,V147P,-17.598,0.058,0.0672
2789,GOh1052_V147S,GOh1052,V147S,-14.123,0.193,0.0672
2790,GOh1052_V147T,GOh1052,V147T,-11.789,0.285,0.0672
2791,GOh1052_V147W,GOh1052,V147W,-14.54,0.177180578883637,0.0672
2792,GOh1052_V147Y,GOh1052,V147Y,-14.514,0.178,0.0672
2793,GOh1052_R148A,GOh1052,R148A,-11.618,0.291,0.3009
2794,GOh1052_R148N,GOh1052,R148N,-10.557,0.333,0.3009
2795,GOh1052_R148D,GOh1052,R148D,-14.879,0.164,0.3009
2796,GOh1052_R148C,GOh1052,R148C,-13.044,0.236,0.3009
2797,GOh1052_R148Q,GOh1052,R148Q,-7.508,0.452,0.3009
2798,GOh1052_R148E,GOh1052,R148E,-12.289,0.265,0.3009
2799,GOh1052_R148G,GOh1052,R148G,-12.336,0.263,0.3009
2800,GOh1052_R148H,GOh1052,R148H,-11.107,0.311,0.3009
2801,GOh1052_R148I,GOh1052,R148I,-14.155,0.192,0.3009
2802,GOh1052_R148L,GOh1052,R148L,-11.563,0.293,0.3009
2803,GOh1052_R148K,GOh1052,R148K,-2.918,0.631,0.3009
2804,GOh1052_R148M,GOh1052,R148M,-10.122,0.350,0.3009
2805,GOh1052_R148F,GOh1052,R148F,-14.991,0.160,0.3009
2806,GOh1052_R148P,GOh1052,R148P,-16.749,0.091,0.3009
2807,GOh1052_R148S,GOh1052,R148S,-10.317,0.342,0.3009
2808,GOh1052_R148T,GOh1052,R148T,-10.818,0.323,0.3009
2809,GOh1052_R148W,GOh1052,R148W,-12.82,0.244365454474435,0.3009
2810,GOh1052_R148Y,GOh1052,R148Y,-12.258,0.266,0.3009
2811,GOh1052_R148V,GOh1052,R148V,-13.671,0.211,0.3009
2812,GOh1052_L149A,GOh1052,L149A,-7.384,0.457,0.204
2813,GOh1052_L149R,GOh1052,L149R,-13.617,0.213,0.204
2814,GOh1052_L149N,GOh1052,L149N,-12.107,0.272,0.204
2815,GOh1052_L149D,GOh1052,L149D,-12.932,0.240,0.204
2816,GOh1052_L149C,GOh1052,L149C,-10.629,0.330,0.204
2817,GOh1052_L149Q,GOh1052,L149Q,-10.869,0.321,0.204
2818,GOh1052_L149E,GOh1052,L149E,-11.33,0.302566306003672,0.204
2819,GOh1052_L149G,GOh1052,L149G,-11.647,0.290,0.204
2820,GOh1052_L149H,GOh1052,L149H,-11.432,0.299,0.204
2821,GOh1052_L149I,GOh1052,L149I,-4.807,0.557,0.204
2822,GOh1052_L149K,GOh1052,L149K,-14.149,0.192,0.204
2823,GOh1052_L149M,GOh1052,L149M,-6.648,0.485,0.204
2824,GOh1052_L149F,GOh1052,L149F,-6.494,0.491,0.204
2825,GOh1052_L149P,GOh1052,L149P,-13.051,0.235,0.204
2826,GOh1052_L149S,GOh1052,L149S,-9.883,0.359,0.204
2827,GOh1052_L149T,GOh1052,L149T,-7.93,0.435373618218038,0.204
2828,GOh1052_L149W,GOh1052,L149W,-11.303,0.304,0.204
2829,GOh1052_L149Y,GOh1052,L149Y,-9.491,0.374,0.204
2830,GOh1052_L149V,GOh1052,L149V,-4.428,0.572,0.204
2831,GOh1052_V150A,GOh1052,V150A,-7.141,0.466,0.1707
2832,GOh1052_V150R,GOh1052,V150R,-6.352,0.497,0.1707
2833,GOh1052_V150N,GOh1052,V150N,-7.181,0.465,0.1707
2834,GOh1052_V150D,GOh1052,V150D,-8.934,0.396,0.1707
2835,GOh1052_V150C,GOh1052,V150C,-12.395,0.261,0.1707
2836,GOh1052_V150Q,GOh1052,V150Q,-6.026,0.510,0.1707
2837,GOh1052_V150E,GOh1052,V150E,-7.895,0.437,0.1707
2838,GOh1052_V150G,GOh1052,V150G,-10.98,0.316237646966915,0.1707
2839,GOh1052_V150H,GOh1052,V150H,-8.32,0.420139838287567,0.1707
2840,GOh1052_V150I,GOh1052,V150I,-6.444,0.493,0.1707
2841,GOh1052_V150L,GOh1052,V150L,-6.975,0.473,0.1707
2842,GOh1052_V150K,GOh1052,V150K,-5.707,0.522,0.1707
2843,GOh1052_V150M,GOh1052,V150M,-8.627,0.408,0.1707
2844,GOh1052_V150F,GOh1052,V150F,-9.27,0.383031912815906,0.1707
2845,GOh1052_V150P,GOh1052,V150P,-14.547,0.177,0.1707
2846,GOh1052_V150S,GOh1052,V150S,-7.189,0.464,0.1707
2847,GOh1052_V150T,GOh1052,V150T,-5.979,0.512,0.1707
2848,GOh1052_V150W,GOh1052,V150W,-10.844,0.322,0.1707
2849,GOh1052_V150Y,GOh1052,V150Y,-8.381,0.418,0.1707
2850,GOh1052_A151R,GOh1052,A151R,-15.432,0.142,0.1676
2851,GOh1052_A151N,GOh1052,A151N,-9.058,0.391,0.1676
2852,GOh1052_A151D,GOh1052,A151D,-9.515,0.373,0.1676
2853,GOh1052_A151C,GOh1052,A151C,-8.79,0.40178118042264,0.1676
2854,GOh1052_A151Q,GOh1052,A151Q,-12.412,0.260,0.1676
2855,GOh1052_A151E,GOh1052,A151E,-11.107,0.311,0.1676
2856,GOh1052_A151G,GOh1052,A151G,-3.945,0.591,0.1676
2857,GOh1052_A151H,GOh1052,A151H,-13.559,0.215,0.1676
2858,GOh1052_A151I,GOh1052,A151I,-10.103,0.350,0.1676
2859,GOh1052_A151L,GOh1052,A151L,-11.822,0.283,0.1676
2860,GOh1052_A151K,GOh1052,A151K,-15.268,0.149,0.1676
2861,GOh1052_A151M,GOh1052,A151M,-11.045,0.314,0.1676
2862,GOh1052_A151F,GOh1052,A151F,-12.503,0.257,0.1676
2863,GOh1052_A151P,GOh1052,A151P,-8.97,0.394750205070114,0.1676
2864,GOh1052_A151S,GOh1052,A151S,-6.777,0.480,0.1676
2865,GOh1052_A151T,GOh1052,A151T,-7.611,0.448,0.1676
2866,GOh1052_A151W,GOh1052,A151W,-15.96,0.121713995547049,0.1676
2867,GOh1052_A151Y,GOh1052,A151Y,-14.951,0.161,0.1676
2868,GOh1052_A151V,GOh1052,A151V,-7.716,0.444,0.1676
2869,GOh1052_V152A,GOh1052,V152A,-6.166,0.504,1.2849
2870,GOh1052_V152R,GOh1052,V152R,-5.515,0.530,1.2849
2871,GOh1052_V152N,GOh1052,V152N,-5.795,0.519,1.2849
2872,GOh1052_V152D,GOh1052,V152D,-6.525,0.490,1.2849
2873,GOh1052_V152C,GOh1052,V152C,-12.284,0.265,1.2849
2874,GOh1052_V152Q,GOh1052,V152Q,-4.667,0.563,1.2849
2875,GOh1052_V152E,GOh1052,V152E,-5.347,0.536,1.2849
2876,GOh1052_V152G,GOh1052,V152G,-8.612,0.409,1.2849
2877,GOh1052_V152H,GOh1052,V152H,-6.047,0.509,1.2849
2878,GOh1052_V152I,GOh1052,V152I,-3.391,0.613,1.2849
2879,GOh1052_V152L,GOh1052,V152L,-1.431,0.689,1.2849
2880,GOh1052_V152K,GOh1052,V152K,-4.888,0.554,1.2849
2881,GOh1052_V152M,GOh1052,V152M,-4.992,0.550,1.2849
2882,GOh1052_V152F,GOh1052,V152F,-5.354,0.536,1.2849
2883,GOh1052_V152P,GOh1052,V152P,-8.694,0.406,1.2849
2884,GOh1052_V152S,GOh1052,V152S,-6.615,0.487,1.2849
2885,GOh1052_V152T,GOh1052,V152T,-4.883,0.554,1.2849
2886,GOh1052_V152W,GOh1052,V152W,-7.696,0.445,1.2849
2887,GOh1052_V152Y,GOh1052,V152Y,-4.488,0.570,1.2849
2888,GOh1052_T153A,GOh1052,T153A,-3.388,0.613,1.3413
2889,GOh1052_T153R,GOh1052,T153R,-6.042,0.509,1.3413
2890,GOh1052_T153N,GOh1052,T153N,-4.001,0.589,1.3413
2891,GOh1052_T153D,GOh1052,T153D,-4.334,0.576,1.3413
2892,GOh1052_T153C,GOh1052,T153C,-11.139,0.310,1.3413
2893,GOh1052_T153Q,GOh1052,T153Q,-3.427,0.611,1.3413
2894,GOh1052_T153E,GOh1052,T153E,-3.411,0.612,1.3413
2895,GOh1052_T153G,GOh1052,T153G,-5.152,0.544,1.3413
2896,GOh1052_T153H,GOh1052,T153H,-6.229,0.502,1.3413
2897,GOh1052_T153I,GOh1052,T153I,-7.626,0.447,1.3413
2898,GOh1052_T153L,GOh1052,T153L,-6.138,0.505,1.3413
2899,GOh1052_T153K,GOh1052,T153K,-5.346,0.536,1.3413
2900,GOh1052_T153M,GOh1052,T153M,-7.38,0.456857154017421,1.3413
2901,GOh1052_T153F,GOh1052,T153F,-7.401,0.456,1.3413
2902,GOh1052_T153P,GOh1052,T153P,-10.908,0.319,1.3413
2903,GOh1052_T153S,GOh1052,T153S,-1.984,0.668,1.3413
2904,GOh1052_T153W,GOh1052,T153W,-8.585,0.410,1.3413
2905,GOh1052_T153Y,GOh1052,T153Y,-6.469,0.492,1.3413
2906,GOh1052_T153V,GOh1052,T153V,-6.539,0.490,1.3413
2907,GOh1052_E154A,GOh1052,E154A,-6.258,0.501,0.0714
2908,GOh1052_E154R,GOh1052,E154R,-11.431,0.299,0.0714
2909,GOh1052_E154N,GOh1052,E154N,-9.283,0.383,0.0714
2910,GOh1052_E154D,GOh1052,E154D,-6.287,0.500,0.0714
2911,GOh1052_E154C,GOh1052,E154C,-12.862,0.243,0.0714
2912,GOh1052_E154Q,GOh1052,E154Q,-6.866,0.477,0.0714
2913,GOh1052_E154G,GOh1052,E154G,-7.281,0.461,0.0714
2914,GOh1052_E154H,GOh1052,E154H,-10.484,0.336,0.0714
2915,GOh1052_E154I,GOh1052,E154I,-12.296,0.265,0.0714
2916,GOh1052_E154L,GOh1052,E154L,-11.62,0.29123862349127,0.0714
2917,GOh1052_E154K,GOh1052,E154K,-10.429,0.338,0.0714
2918,GOh1052_E154M,GOh1052,E154M,-11.539,0.294,0.0714
2919,GOh1052_E154F,GOh1052,E154F,-12.931,0.240,0.0714
2920,GOh1052_E154P,GOh1052,E154P,-9.341,0.380,0.0714
2921,GOh1052_E154S,GOh1052,E154S,-7.62,0.447482520214054,0.0714
2922,GOh1052_E154T,GOh1052,E154T,-9.573,0.371,0.0714
2923,GOh1052_E154W,GOh1052,E154W,-12.723,0.248,0.0714
2924,GOh1052_E154Y,GOh1052,E154Y,-11.738,0.287,0.0714
2925,GOh1052_E154V,GOh1052,E154V,-10.684,0.328,0.0714
2926,GOh1052_A155R,GOh1052,A155R,-9.238,0.384,0.5213
2927,GOh1052_A155N,GOh1052,A155N,-7.832,0.439,0.5213
2928,GOh1052_A155D,GOh1052,A155D,-7.858,0.438,0.5213
2929,GOh1052_A155C,GOh1052,A155C,-9.181,0.387,0.5213
2930,GOh1052_A155Q,GOh1052,A155Q,-7.175,0.465,0.5213
2931,GOh1052_A155E,GOh1052,A155E,-7.453,0.454,0.5213
2932,GOh1052_A155G,GOh1052,A155G,-6.481,0.492,0.5213
2933,GOh1052_A155H,GOh1052,A155H,-8.528,0.412,0.5213
2934,GOh1052_A155I,GOh1052,A155I,-4.423,0.572,0.5213
2935,GOh1052_A155L,GOh1052,A155L,-6.346,0.497,0.5213
2936,GOh1052_A155K,GOh1052,A155K,-9.336,0.380,0.5213
2937,GOh1052_A155M,GOh1052,A155M,-7.208,0.464,0.5213
2938,GOh1052_A155F,GOh1052,A155F,-7.279,0.461,0.5213
2939,GOh1052_A155P,GOh1052,A155P,-8.735,0.404,0.5213
2940,GOh1052_A155S,GOh1052,A155S,-5.842,0.517,0.5213
2941,GOh1052_A155T,GOh1052,A155T,-5.578,0.527,0.5213
2942,GOh1052_A155W,GOh1052,A155W,-8.954,0.395,0.5213
2943,GOh1052_A155Y,GOh1052,A155Y,-7.49,0.452560446857545,0.5213
2944,GOh1052_A155V,GOh1052,A155V,-2.924,0.631,0.5213
2945,GOh1052_N156A,GOh1052,N156A,-7.77,0.44162337408695,0.0689
2946,GOh1052_N156R,GOh1052,N156R,-8.758,0.403,0.0689
2947,GOh1052_N156D,GOh1052,N156D,-7.358,0.458,0.0689
2948,GOh1052_N156C,GOh1052,N156C,-12.456,0.259,0.0689
2949,GOh1052_N156Q,GOh1052,N156Q,-8.584,0.410,0.0689
2950,GOh1052_N156E,GOh1052,N156E,-9.573,0.371,0.0689
2951,GOh1052_N156G,GOh1052,N156G,-6.474,0.492,0.0689
2952,GOh1052_N156H,GOh1052,N156H,-8.643,0.408,0.0689
2953,GOh1052_N156I,GOh1052,N156I,-10.296,0.343,0.0689
2954,GOh1052_N156L,GOh1052,N156L,-8.762,0.403,0.0689
2955,GOh1052_N156K,GOh1052,N156K,-8.735,0.404,0.0689
2956,GOh1052_N156M,GOh1052,N156M,-9.898,0.359,0.0689
2957,GOh1052_N156F,GOh1052,N156F,-8.603,0.409,0.0689
2958,GOh1052_N156P,GOh1052,N156P,-11.921,0.279,0.0689
2959,GOh1052_N156S,GOh1052,N156S,-6.682,0.484,0.0689
2960,GOh1052_N156T,GOh1052,N156T,-8.551,0.411,0.0689
2961,GOh1052_N156W,GOh1052,N156W,-10.305,0.343,0.0689
2962,GOh1052_N156Y,GOh1052,N156Y,-7.851,0.438,0.0689
2963,GOh1052_N156V,GOh1052,N156V,-10.116,0.350,0.0689
2964,GOh1052_G157A,GOh1052,G157A,-7.352,0.458,0.2579
2965,GOh1052_G157R,GOh1052,G157R,-7.988,0.433,0.2579
2966,GOh1052_G157N,GOh1052,G157N,-3.67,0.601773368227804,0.2579
2967,GOh1052_G157D,GOh1052,G157D,-6.258,0.501,0.2579
2968,GOh1052_G157C,GOh1052,G157C,-11.851,0.282,0.2579
2969,GOh1052_G157Q,GOh1052,G157Q,-7.594,0.448,0.2579
2970,GOh1052_G157E,GOh1052,G157E,-8.553,0.411,0.2579
2971,GOh1052_G157H,GOh1052,G157H,-8.397,0.417,0.2579
2972,GOh1052_G157I,GOh1052,G157I,-11.478,0.297,0.2579
2973,GOh1052_G157L,GOh1052,G157L,-8.792,0.402,0.2579
2974,GOh1052_G157K,GOh1052,G157K,-8.386,0.418,0.2579
2975,GOh1052_G157M,GOh1052,G157M,-10.17,0.347877036053279,0.2579
2976,GOh1052_G157F,GOh1052,G157F,-9.098,0.390,0.2579
2977,GOh1052_G157P,GOh1052,G157P,-10.105,0.350,0.2579
2978,GOh1052_G157S,GOh1052,G157S,-5.644,0.525,0.2579
2979,GOh1052_G157T,GOh1052,G157T,-8.454,0.415,0.2579
2980,GOh1052_G157W,GOh1052,G157W,-9.457,0.376,0.2579
2981,GOh1052_G157Y,GOh1052,G157Y,-8.409,0.417,0.2579
2982,GOh1052_G157V,GOh1052,G157V,-10.138,0.349,0.2579
2983,GOh1052_Q158A,GOh1052,Q158A,-3.857,0.594,1.5468
2984,GOh1052_Q158R,GOh1052,Q158R,-3.865,0.594,1.5468
2985,GOh1052_Q158N,GOh1052,Q158N,0.49,0.764267020819499,1.5468
2986,GOh1052_Q158D,GOh1052,Q158D,-4.026,0.588,1.5468
2987,GOh1052_Q158C,GOh1052,Q158C,-8.866,0.399,1.5468
2988,GOh1052_Q158E,GOh1052,Q158E,-5.787,0.519,1.5468
2989,GOh1052_Q158G,GOh1052,Q158G,-3.98,0.589664466231788,1.5468
2990,GOh1052_Q158H,GOh1052,Q158H,-4.648,0.564,1.5468
2991,GOh1052_Q158I,GOh1052,Q158I,-6.411,0.495,1.5468
2992,GOh1052_Q158L,GOh1052,Q158L,-4.281,0.578,1.5468
2993,GOh1052_Q158K,GOh1052,Q158K,-2.544,0.646,1.5468
2994,GOh1052_Q158M,GOh1052,Q158M,-6.534,0.490,1.5468
2995,GOh1052_Q158F,GOh1052,Q158F,-6.333,0.498,1.5468
2996,GOh1052_Q158P,GOh1052,Q158P,-8.709,0.405,1.5468
2997,GOh1052_Q158S,GOh1052,Q158S,-3.242,0.618,1.5468
2998,GOh1052_Q158T,GOh1052,Q158T,-5.44,0.532635443927972,1.5468
2999,GOh1052_Q158W,GOh1052,Q158W,-7.211,0.463,1.5468
3000,GOh1052_Q158Y,GOh1052,Q158Y,-5.944,0.513,1.5468
3001,GOh1052_Q158V,GOh1052,Q158V,-5.992,0.511,1.5468
3002,GOh1052_P159A,GOh1052,P159A,-5.618,0.526,0.2004
3003,GOh1052_P159R,GOh1052,P159R,-7.302,0.460,0.2004
3004,GOh1052_P159N,GOh1052,P159N,-6.581,0.488,0.2004
3005,GOh1052_P159D,GOh1052,P159D,-7.253,0.462,0.2004
3006,GOh1052_P159C,GOh1052,P159C,-10.051,0.353,0.2004
3007,GOh1052_P159Q,GOh1052,P159Q,-6.522,0.490,0.2004
3008,GOh1052_P159E,GOh1052,P159E,-8.156,0.427,0.2004
3009,GOh1052_P159G,GOh1052,P159G,-6.609,0.487,0.2004
3010,GOh1052_P159H,GOh1052,P159H,-7.882,0.437,0.2004
3011,GOh1052_P159I,GOh1052,P159I,-8.425,0.416,0.2004
3012,GOh1052_P159L,GOh1052,P159L,-7.01,0.471309714464279,0.2004
3013,GOh1052_P159K,GOh1052,P159K,-6.833,0.478,0.2004
3014,GOh1052_P159M,GOh1052,P159M,-8.832,0.400,0.2004
3015,GOh1052_P159F,GOh1052,P159F,-8.244,0.423,0.2004
3016,GOh1052_P159S,GOh1052,P159S,-5.858,0.516,0.2004
3017,GOh1052_P159T,GOh1052,P159T,-6.449,0.493,0.2004
3018,GOh1052_P159W,GOh1052,P159W,-7.839,0.439,0.2004
3019,GOh1052_P159Y,GOh1052,P159Y,-7.181,0.465,0.2004
3020,GOh1052_P159V,GOh1052,P159V,-7.464,0.454,0.2004
3021,GOh1052_W160A,GOh1052,W160A,-8.629,0.408,0.2138
3022,GOh1052_W160R,GOh1052,W160R,-9.813,0.362,0.2138
3023,GOh1052_W160N,GOh1052,W160N,-9.048,0.392,0.2138
3024,GOh1052_W160D,GOh1052,W160D,-11.696,0.288,0.2138
3025,GOh1052_W160C,GOh1052,W160C,-9.748,0.364,0.2138
3026,GOh1052_W160Q,GOh1052,W160Q,-9.724,0.365,0.2138
3027,GOh1052_W160E,GOh1052,W160E,-12.324,0.264,0.2138
3028,GOh1052_W160G,GOh1052,W160G,-10.443,0.337,0.2138
3029,GOh1052_W160H,GOh1052,W160H,-6.766,0.481,0.2138
3030,GOh1052_W160I,GOh1052,W160I,-10.22,0.345923987344244,0.2138
3031,GOh1052_W160L,GOh1052,W160L,-9.304,0.382,0.2138
3032,GOh1052_W160K,GOh1052,W160K,-12.521,0.256,0.2138
3033,GOh1052_W160M,GOh1052,W160M,-10.188,0.347,0.2138
3034,GOh1052_W160F,GOh1052,W160F,-4.652,0.563,0.2138
3035,GOh1052_W160P,GOh1052,W160P,-11.594,0.292,0.2138
3036,GOh1052_W160S,GOh1052,W160S,-8.641,0.408,0.2138
3037,GOh1052_W160T,GOh1052,W160T,-10.205,0.347,0.2138
3038,GOh1052_W160Y,GOh1052,W160Y,-4.183,0.582,0.2138
3039,GOh1052_W160V,GOh1052,W160V,-9.903,0.358,0.2138
3040,GOh1052_T161A,GOh1052,T161A,-4.969,0.551,0.1155
3041,GOh1052_T161R,GOh1052,T161R,-15.235,0.150,0.1155
3042,GOh1052_T161N,GOh1052,T161N,-10.635,0.330,0.1155
3043,GOh1052_T161D,GOh1052,T161D,-11.507,0.296,0.1155
3044,GOh1052_T161C,GOh1052,T161C,-9.809,0.362,0.1155
3045,GOh1052_T161Q,GOh1052,T161Q,-12.805,0.245,0.1155
3046,GOh1052_T161E,GOh1052,T161E,-12.269,0.266,0.1155
3047,GOh1052_T161G,GOh1052,T161G,-8.22,0.424045935705636,0.1155
3048,GOh1052_T161H,GOh1052,T161H,-13.405,0.222,0.1155
3049,GOh1052_T161I,GOh1052,T161I,-8.845,0.400,0.1155
3050,GOh1052_T161L,GOh1052,T161L,-9.475,0.375,0.1155
3051,GOh1052_T161K,GOh1052,T161K,-14.359,0.184,0.1155
3052,GOh1052_T161M,GOh1052,T161M,-9.452,0.376,0.1155
3053,GOh1052_T161F,GOh1052,T161F,-11.629,0.291,0.1155
3054,GOh1052_T161P,GOh1052,T161P,-12.163,0.270,0.1155
3055,GOh1052_T161S,GOh1052,T161S,-5.637,0.525,0.1155
3056,GOh1052_T161W,GOh1052,T161W,-14.397,0.183,0.1155
3057,GOh1052_T161Y,GOh1052,T161Y,-12.888,0.242,0.1155
3058,GOh1052_T161V,GOh1052,T161V,-6.767,0.481,0.1155
3059,GOh1052_S162A,GOh1052,S162A,-8.006,0.432,0.0555
3060,GOh1052_S162R,GOh1052,S162R,-12.68,0.249833990859732,0.0555
3061,GOh1052_S162N,GOh1052,S162N,-9.856,0.360,0.0555
3062,GOh1052_S162D,GOh1052,S162D,-12.23,0.267411429241045,0.0555
3063,GOh1052_S162C,GOh1052,S162C,-11.186,0.308,0.0555
3064,GOh1052_S162Q,GOh1052,S162Q,-11.719,0.287,0.0555
3065,GOh1052_S162E,GOh1052,S162E,-12.53,0.255693136986836,0.0555
3066,GOh1052_S162G,GOh1052,S162G,-9.82,0.361548377016523,0.0555
3067,GOh1052_S162H,GOh1052,S162H,-11.871,0.281,0.0555
3068,GOh1052_S162I,GOh1052,S162I,-13.926,0.201,0.0555
3069,GOh1052_S162L,GOh1052,S162L,-13.814,0.206,0.0555
3070,GOh1052_S162K,GOh1052,S162K,-13.725,0.209,0.0555
3071,GOh1052_S162M,GOh1052,S162M,-12.832,0.244,0.0555
3072,GOh1052_S162F,GOh1052,S162F,-14.49,0.179133627592672,0.0555
3073,GOh1052_S162P,GOh1052,S162P,-13.5,0.217803992031561,0.0555
3074,GOh1052_S162T,GOh1052,S162T,-5.217,0.541,0.0555
3075,GOh1052_S162W,GOh1052,S162W,-14.852,0.165,0.0555
3076,GOh1052_S162Y,GOh1052,S162Y,-14.888,0.164,0.0555
3077,GOh1052_S162V,GOh1052,S162V,-11.455,0.298,0.0555
3078,GOh1052_I163A,GOh1052,I163A,-1.356,0.692,1.1216
3079,GOh1052_I163R,GOh1052,I163R,-14.212,0.190,1.1216
3080,GOh1052_I163N,GOh1052,I163N,-10.149,0.349,1.1216
3081,GOh1052_I163D,GOh1052,I163D,-10.828,0.322,1.1216
3082,GOh1052_I163C,GOh1052,I163C,-8.345,0.419,1.1216
3083,GOh1052_I163Q,GOh1052,I163Q,-11.299,0.304,1.1216
3084,GOh1052_I163E,GOh1052,I163E,-10.829,0.322,1.1216
3085,GOh1052_I163G,GOh1052,I163G,-4.672,0.563,1.1216
3086,GOh1052_I163H,GOh1052,I163H,-12.181,0.269,1.1216
3087,GOh1052_I163L,GOh1052,I163L,-4.956,0.552,1.1216
3088,GOh1052_I163K,GOh1052,I163K,-14.248,0.189,1.1216
3089,GOh1052_I163M,GOh1052,I163M,-5.954,0.513,1.1216
3090,GOh1052_I163F,GOh1052,I163F,-7.506,0.452,1.1216
3091,GOh1052_I163P,GOh1052,I163P,-8.854,0.399,1.1216
3092,GOh1052_I163S,GOh1052,I163S,-6.379,0.496,1.1216
3093,GOh1052_I163T,GOh1052,I163T,-6.075,0.508,1.1216
3094,GOh1052_I163W,GOh1052,I163W,-11.113,0.311,1.1216
3095,GOh1052_I163Y,GOh1052,I163Y,-10.321,0.342,1.1216
3096,GOh1052_I163V,GOh1052,I163V,-2.794,0.636,1.1216
3097,GOh1052_A164R,GOh1052,A164R,-10.766,0.325,0.0408
3098,GOh1052_A164N,GOh1052,A164N,-9.914,0.358,0.0408
3099,GOh1052_A164D,GOh1052,A164D,-9.806,0.362,0.0408
3100,GOh1052_A164C,GOh1052,A164C,-10.581,0.332,0.0408
3101,GOh1052_A164Q,GOh1052,A164Q,-11.046,0.314,0.0408
3102,GOh1052_A164E,GOh1052,A164E,-11.011,0.315,0.0408
3103,GOh1052_A164G,GOh1052,A164G,-7.198,0.464,0.0408
3104,GOh1052_A164H,GOh1052,A164H,-12.126,0.271,0.0408
3105,GOh1052_A164I,GOh1052,A164I,-11.828,0.283,0.0408
3106,GOh1052_A164L,GOh1052,A164L,-13.554,0.216,0.0408
3107,GOh1052_A164K,GOh1052,A164K,-11.607,0.292,0.0408
3108,GOh1052_A164M,GOh1052,A164M,-12.056,0.274,0.0408
3109,GOh1052_A164F,GOh1052,A164F,-13.912,0.202,0.0408
3110,GOh1052_A164P,GOh1052,A164P,-10.681,0.328,0.0408
3111,GOh1052_A164S,GOh1052,A164S,-6.158,0.505,0.0408
3112,GOh1052_A164T,GOh1052,A164T,-7.672,0.445,0.0408
3113,GOh1052_A164W,GOh1052,A164W,-14.403,0.183,0.0408
3114,GOh1052_A164Y,GOh1052,A164Y,-13.765,0.207,0.0408
3115,GOh1052_A164V,GOh1052,A164V,-10.639,0.330,0.0408
3116,GOh1052_E165A,GOh1052,E165A,-12.025,0.275,0.0124
3117,GOh1052_E165R,GOh1052,E165R,-12.779,0.246,0.0124
3118,GOh1052_E165N,GOh1052,E165N,-11.263,0.305,0.0124
3119,GOh1052_E165D,GOh1052,E165D,-6.981,0.472,0.0124
3120,GOh1052_E165C,GOh1052,E165C,-18.17,0.0353892426077106,0.0124
3121,GOh1052_E165Q,GOh1052,E165Q,-10.02,0.353736182180384,0.0124
3122,GOh1052_E165G,GOh1052,E165G,-11.541,0.294,0.0124
3123,GOh1052_E165H,GOh1052,E165H,-12.623,0.252,0.0124
3124,GOh1052_E165I,GOh1052,E165I,-17.49,0.061950705050584,0.0124
3125,GOh1052_E165L,GOh1052,E165L,-15.021,0.158,0.0124
3126,GOh1052_E165K,GOh1052,E165K,-11.84,0.282645209171517,0.0124
3127,GOh1052_E165M,GOh1052,E165M,-14.779,0.168,0.0124
3128,GOh1052_E165F,GOh1052,E165F,-17.056,0.079,0.0124
3129,GOh1052_E165P,GOh1052,E165P,-17.514,0.061,0.0124
3130,GOh1052_E165S,GOh1052,E165S,-11.865,0.282,0.0124
3131,GOh1052_E165T,GOh1052,E165T,-12.632,0.252,0.0124
3132,GOh1052_E165W,GOh1052,E165W,-16.597,0.097,0.0124
3133,GOh1052_E165Y,GOh1052,E165Y,-14.761,0.169,0.0124
3134,GOh1052_E165V,GOh1052,E165V,-15.42,0.142806921604625,0.0124
3135,GOh1052_I166A,GOh1052,I166A,-6.921,0.475,0.526
3136,GOh1052_I166R,GOh1052,I166R,-15.065,0.157,0.526
3137,GOh1052_I166N,GOh1052,I166N,-12.596,0.253,0.526
3138,GOh1052_I166D,GOh1052,I166D,-13.64,0.212335455646264,0.526
3139,GOh1052_I166C,GOh1052,I166C,-10.523,0.334,0.526
3140,GOh1052_I166Q,GOh1052,I166Q,-11.787,0.285,0.526
3141,GOh1052_I166E,GOh1052,I166E,-13.123,0.233,0.526
3142,GOh1052_I166G,GOh1052,I166G,-11.175,0.309,0.526
3143,GOh1052_I166H,GOh1052,I166H,-12.445,0.259,0.526
3144,GOh1052_I166L,GOh1052,I166L,-3.36,0.613882270223819,0.526
3145,GOh1052_I166K,GOh1052,I166K,-15.444,0.142,0.526
3146,GOh1052_I166M,GOh1052,I166M,-4.417,0.573,0.526
3147,GOh1052_I166F,GOh1052,I166F,-4.224,0.580,0.526
3148,GOh1052_I166P,GOh1052,I166P,-11.159,0.309,0.526
3149,GOh1052_I166S,GOh1052,I166S,-11.229,0.307,0.526
3150,GOh1052_I166T,GOh1052,I166T,-8.955,0.395,0.526
3151,GOh1052_I166W,GOh1052,I166W,-8.823,0.400,0.526
3152,GOh1052_I166Y,GOh1052,I166Y,-10.442,0.337,0.526
3153,GOh1052_I166V,GOh1052,I166V,-4.09,0.585367759071911,0.526
3154,GOh1052_N167A,GOh1052,N167A,-6.35,0.497089957423538,0.4394
3155,GOh1052_N167R,GOh1052,N167R,-7.384,0.457,0.4394
3156,GOh1052_N167D,GOh1052,N167D,-3.472,0.610,0.4394
3157,GOh1052_N167C,GOh1052,N167C,-14.14,0.192804968555916,0.4394
3158,GOh1052_N167Q,GOh1052,N167Q,-4.954,0.552,0.4394
3159,GOh1052_N167E,GOh1052,N167E,-4.741,0.560,0.4394
3160,GOh1052_N167G,GOh1052,N167G,-5.733,0.521,0.4394
3161,GOh1052_N167H,GOh1052,N167H,-8.454,0.415,0.4394
3162,GOh1052_N167I,GOh1052,N167I,-10.597,0.331,0.4394
3163,GOh1052_N167L,GOh1052,N167L,-9.379,0.379,0.4394
3164,GOh1052_N167K,GOh1052,N167K,-6.677,0.484,0.4394
3165,GOh1052_N167M,GOh1052,N167M,-10.112,0.350,0.4394
3166,GOh1052_N167F,GOh1052,N167F,-10.658,0.329,0.4394
3167,GOh1052_N167P,GOh1052,N167P,-13.881,0.203,0.4394
3168,GOh1052_N167S,GOh1052,N167S,-5.479,0.531,0.4394
3169,GOh1052_N167T,GOh1052,N167T,-7.032,0.470,0.4394
3170,GOh1052_N167W,GOh1052,N167W,-10.791,0.324,0.4394
3171,GOh1052_N167Y,GOh1052,N167Y,-8.947,0.396,0.4394
3172,GOh1052_N167V,GOh1052,N167V,-9.428,0.377,0.4394
3173,GOh1052_V168A,GOh1052,V168A,-5.629,0.525,0.1666
3174,GOh1052_V168R,GOh1052,V168R,-15.788,0.128,0.1666
3175,GOh1052_V168N,GOh1052,V168N,-13.988,0.199,0.1666
3176,GOh1052_V168D,GOh1052,V168D,-14.35,0.18460216397797,0.1666
3177,GOh1052_V168C,GOh1052,V168C,-12.001,0.276,0.1666
3178,GOh1052_V168Q,GOh1052,V168Q,-13.305,0.225,0.1666
3179,GOh1052_V168E,GOh1052,V168E,-13.647,0.212,0.1666
3180,GOh1052_V168G,GOh1052,V168G,-10.344,0.341,0.1666
3181,GOh1052_V168H,GOh1052,V168H,-15.175,0.152,0.1666
3182,GOh1052_V168I,GOh1052,V168I,-4.811,0.557,0.1666
3183,GOh1052_V168L,GOh1052,V168L,-5.155,0.544,0.1666
3184,GOh1052_V168K,GOh1052,V168K,-15.804,0.128,0.1666
3185,GOh1052_V168M,GOh1052,V168M,-8.536,0.412,0.1666
3186,GOh1052_V168F,GOh1052,V168F,-8.961,0.395,0.1666
3187,GOh1052_V168P,GOh1052,V168P,-7.322,0.459,0.1666
3188,GOh1052_V168S,GOh1052,V168S,-11.269,0.305,0.1666
3189,GOh1052_V168T,GOh1052,V168T,-8.83,0.400218741455412,0.1666
3190,GOh1052_V168W,GOh1052,V168W,-14.041,0.197,0.1666
3191,GOh1052_V168Y,GOh1052,V168Y,-12.132,0.271,0.1666
3192,GOh1052_F169A,GOh1052,F169A,-5.021,0.549,1.4557
3193,GOh1052_F169R,GOh1052,F169R,-5.538,0.529,1.4557
3194,GOh1052_F169N,GOh1052,F169N,-3.815,0.596,1.4557
3195,GOh1052_F169D,GOh1052,F169D,-5.845,0.517,1.4557
3196,GOh1052_F169C,GOh1052,F169C,-9.972,0.356,1.4557
3197,GOh1052_F169Q,GOh1052,F169Q,-4.133,0.584,1.4557
3198,GOh1052_F169E,GOh1052,F169E,-5.402,0.534,1.4557
3199,GOh1052_F169G,GOh1052,F169G,-5.348,0.536,1.4557
3200,GOh1052_F169H,GOh1052,F169H,-4.96,0.551384711534706,1.4557
3201,GOh1052_F169I,GOh1052,F169I,-3.918,0.592,1.4557
3202,GOh1052_F169L,GOh1052,F169L,-2.669,0.641,1.4557
3203,GOh1052_F169K,GOh1052,F169K,-5.522,0.529,1.4557
3204,GOh1052_F169M,GOh1052,F169M,-4.977,0.551,1.4557
3205,GOh1052_F169P,GOh1052,F169P,-9.244,0.384,1.4557
3206,GOh1052_F169S,GOh1052,F169S,-4.191,0.581,1.4557
3207,GOh1052_F169T,GOh1052,F169T,-4.277,0.578,1.4557
3208,GOh1052_F169W,GOh1052,F169W,-6.189,0.503,1.4557
3209,GOh1052_F169Y,GOh1052,F169Y,-3.055,0.626,1.4557
3210,GOh1052_F169V,GOh1052,F169V,-4.018,0.588,1.4557
3211,GOh1052_Q170A,GOh1052,Q170A,-2.219,0.658,2.1199
3212,GOh1052_Q170R,GOh1052,Q170R,-4.956,0.552,2.1199
3213,GOh1052_Q170N,GOh1052,Q170N,-2.932,0.631,2.1199
3214,GOh1052_Q170D,GOh1052,Q170D,-4.073,0.586,2.1199
3215,GOh1052_Q170C,GOh1052,Q170C,-9.721,0.365,2.1199
3216,GOh1052_Q170E,GOh1052,Q170E,-3.96,0.590445685715402,2.1199
3217,GOh1052_Q170G,GOh1052,Q170G,-2.059,0.665,2.1199
3218,GOh1052_Q170H,GOh1052,Q170H,-6.676,0.484,2.1199
3219,GOh1052_Q170I,GOh1052,Q170I,-6.384,0.496,2.1199
3220,GOh1052_Q170L,GOh1052,Q170L,-4.786,0.558,2.1199
3221,GOh1052_Q170K,GOh1052,Q170K,-4.459,0.571,2.1199
3222,GOh1052_Q170M,GOh1052,Q170M,-6.593,0.488,2.1199
3223,GOh1052_Q170F,GOh1052,Q170F,-7.097,0.468,2.1199
3224,GOh1052_Q170P,GOh1052,Q170P,-2.959,0.630,2.1199
3225,GOh1052_Q170S,GOh1052,Q170S,-2.392,0.652,2.1199
3226,GOh1052_Q170T,GOh1052,Q170T,-2.566,0.645,2.1199
3227,GOh1052_Q170W,GOh1052,Q170W,-8.962,0.395,2.1199
3228,GOh1052_Q170Y,GOh1052,Q170Y,-5.425,0.533,2.1199
3229,GOh1052_Q170V,GOh1052,Q170V,-4.84,0.556072028436389,2.1199
3230,GOh1052_A171R,GOh1052,A171R,-6.389,0.496,0.9561
3231,GOh1052_A171N,GOh1052,A171N,-4.553,0.567,0.9561
3232,GOh1052_A171D,GOh1052,A171D,-4.105,0.585,0.9561
3233,GOh1052_A171C,GOh1052,A171C,-8.959,0.395,0.9561
3234,GOh1052_A171Q,GOh1052,A171Q,-5.195,0.542,0.9561
3235,GOh1052_A171E,GOh1052,A171E,-5.538,0.529,0.9561
3236,GOh1052_A171G,GOh1052,A171G,-4.359,0.575,0.9561
3237,GOh1052_A171H,GOh1052,A171H,-6.941,0.474,0.9561
3238,GOh1052_A171I,GOh1052,A171I,-6.173,0.504,0.9561
3239,GOh1052_A171L,GOh1052,A171L,-5.432,0.533,0.9561
3240,GOh1052_A171K,GOh1052,A171K,-6.2,0.502949103550643,0.9561
3241,GOh1052_A171M,GOh1052,A171M,-7.16,0.465450568337174,0.9561
3242,GOh1052_A171F,GOh1052,A171F,-6.988,0.472,0.9561
3243,GOh1052_A171P,GOh1052,A171P,-4.61,0.565056052497949,0.9561
3244,GOh1052_A171S,GOh1052,A171S,-3.554,0.606,0.9561
3245,GOh1052_A171T,GOh1052,A171T,-3.597,0.605,0.9561
3246,GOh1052_A171W,GOh1052,A171W,-8.515,0.413,0.9561
3247,GOh1052_A171Y,GOh1052,A171Y,-6.383,0.496,0.9561
3248,GOh1052_A171V,GOh1052,A171V,-4.616,0.565,0.9561
3249,GOh1052_S172A,GOh1052,S172A,-3.913,0.592,0.937
3250,GOh1052_S172R,GOh1052,S172R,-7.306,0.460,0.937
3251,GOh1052_S172N,GOh1052,S172N,-4.523,0.568,0.937
3252,GOh1052_S172D,GOh1052,S172D,-4.609,0.565,0.937
3253,GOh1052_S172C,GOh1052,S172C,-10.232,0.345,0.937
3254,GOh1052_S172Q,GOh1052,S172Q,-5.018,0.549,0.937
3255,GOh1052_S172E,GOh1052,S172E,-5.222,0.541,0.937
3256,GOh1052_S172G,GOh1052,S172G,-3.205,0.620,0.937
3257,GOh1052_S172H,GOh1052,S172H,-8.595,0.409,0.937
3258,GOh1052_S172I,GOh1052,S172I,-6.694,0.484,0.937
3259,GOh1052_S172L,GOh1052,S172L,-6.083,0.508,0.937
3260,GOh1052_S172K,GOh1052,S172K,-6.639,0.486,0.937
3261,GOh1052_S172M,GOh1052,S172M,-8.047,0.431,0.937
3262,GOh1052_S172F,GOh1052,S172F,-7.317,0.459,0.937
3263,GOh1052_S172P,GOh1052,S172P,-4.126,0.584,0.937
3264,GOh1052_S172T,GOh1052,S172T,-3.851,0.595,0.937
3265,GOh1052_S172W,GOh1052,S172W,-9.607,0.370,0.937
3266,GOh1052_S172Y,GOh1052,S172Y,-7.279,0.461,0.937
3267,GOh1052_S172V,GOh1052,S172V,-5.34,0.536541541346041,0.937
3268,GOh1052_S173A,GOh1052,S173A,-4.104,0.585,0.7775
3269,GOh1052_S173R,GOh1052,S173R,-7.72,0.443576422795985,0.7775
3270,GOh1052_S173N,GOh1052,S173N,-4.457,0.571,0.7775
3271,GOh1052_S173D,GOh1052,S173D,-5.302,0.538,0.7775
3272,GOh1052_S173C,GOh1052,S173C,-10.099,0.351,0.7775
3273,GOh1052_S173Q,GOh1052,S173Q,-5.429,0.533,0.7775
3274,GOh1052_S173E,GOh1052,S173E,-6.03,0.509589469161361,0.7775
3275,GOh1052_S173G,GOh1052,S173G,-3.158,0.622,0.7775
3276,GOh1052_S173H,GOh1052,S173H,-8.722,0.404,0.7775
3277,GOh1052_S173I,GOh1052,S173I,-7.386,0.457,0.7775
3278,GOh1052_S173L,GOh1052,S173L,-7.058,0.469,0.7775
3279,GOh1052_S173K,GOh1052,S173K,-7.403,0.456,0.7775
3280,GOh1052_S173M,GOh1052,S173M,-9.039,0.392,0.7775
3281,GOh1052_S173F,GOh1052,S173F,-8.182,0.426,0.7775
3282,GOh1052_S173P,GOh1052,S173P,-4.648,0.564,0.7775
3283,GOh1052_S173T,GOh1052,S173T,-3.996,0.589,0.7775
3284,GOh1052_S173W,GOh1052,S173W,-10.281,0.344,0.7775
3285,GOh1052_S173Y,GOh1052,S173Y,-8.168,0.426,0.7775
3286,GOh1052_S173V,GOh1052,S173V,-5.934,0.513,0.7775
3287,GOh1052_Y174A,GOh1052,Y174A,-2.035,0.666,2.8584
3288,GOh1052_Y174R,GOh1052,Y174R,-5.187,0.543,2.8584
3289,GOh1052_Y174N,GOh1052,Y174N,-2.625,0.643,2.8584
3290,GOh1052_Y174D,GOh1052,Y174D,-3.449,0.610,2.8584
3291,GOh1052_Y174C,GOh1052,Y174C,-6.634,0.486,2.8584
3292,GOh1052_Y174Q,GOh1052,Y174Q,-3.066,0.625,2.8584
3293,GOh1052_Y174E,GOh1052,Y174E,-4.009,0.589,2.8584
3294,GOh1052_Y174G,GOh1052,Y174G,-1.191,0.699,2.8584
3295,GOh1052_Y174H,GOh1052,Y174H,-5.884,0.515,2.8584
3296,GOh1052_Y174I,GOh1052,Y174I,-3.736,0.599,2.8584
3297,GOh1052_Y174L,GOh1052,Y174L,-3.613,0.604,2.8584
3298,GOh1052_Y174K,GOh1052,Y174K,-5.021,0.549,2.8584
3299,GOh1052_Y174M,GOh1052,Y174M,-5.524,0.529,2.8584
3300,GOh1052_Y174F,GOh1052,Y174F,-3.842,0.595,2.8584
3301,GOh1052_Y174P,GOh1052,Y174P,-2.117,0.662,2.8584
3302,GOh1052_Y174S,GOh1052,Y174S,-1.343,0.693,2.8584
3303,GOh1052_Y174T,GOh1052,Y174T,-1.695,0.679,2.8584
3304,GOh1052_Y174W,GOh1052,Y174W,-5.975,0.512,2.8584
3305,GOh1052_Y174V,GOh1052,Y174V,-2.602,0.643,2.8584
3306,GOh1052_T175A,GOh1052,T175A,-4.661,0.563,0.7858
3307,GOh1052_T175R,GOh1052,T175R,-7.186,0.464,0.7858
3308,GOh1052_T175N,GOh1052,T175N,-5.077,0.547,0.7858
3309,GOh1052_T175D,GOh1052,T175D,-6.118,0.506,0.7858
3310,GOh1052_T175C,GOh1052,T175C,-10.537,0.334,0.7858
3311,GOh1052_T175Q,GOh1052,T175Q,-4.643,0.564,0.7858
3312,GOh1052_T175E,GOh1052,T175E,-5.269,0.539,0.7858
3313,GOh1052_T175G,GOh1052,T175G,-5.667,0.524,0.7858
3314,GOh1052_T175H,GOh1052,T175H,-7.857,0.438,0.7858
3315,GOh1052_T175I,GOh1052,T175I,-5.462,0.532,0.7858
3316,GOh1052_T175L,GOh1052,T175L,-6.43,0.493965079489082,0.7858
3317,GOh1052_T175K,GOh1052,T175K,-6.285,0.500,0.7858
3318,GOh1052_T175M,GOh1052,T175M,-7.902,0.436,0.7858
3319,GOh1052_T175F,GOh1052,T175F,-7.425,0.455,0.7858
3320,GOh1052_T175P,GOh1052,T175P,-4.403,0.573,0.7858
3321,GOh1052_T175S,GOh1052,T175S,-3.771,0.598,0.7858
3322,GOh1052_T175W,GOh1052,T175W,-9.558,0.372,0.7858
3323,GOh1052_T175Y,GOh1052,T175Y,-7.022,0.471,0.7858
3324,GOh1052_T175V,GOh1052,T175V,-3.589,0.605,0.7858
3325,GOh1052_A176R,GOh1052,A176R,-6.049,0.509,1.1947
3326,GOh1052_A176N,GOh1052,A176N,-5.335,0.537,1.1947
3327,GOh1052_A176D,GOh1052,A176D,-5.267,0.539,1.1947
3328,GOh1052_A176C,GOh1052,A176C,-9.422,0.377,1.1947
3329,GOh1052_A176Q,GOh1052,A176Q,-5.01,0.549431662825671,1.1947
3330,GOh1052_A176E,GOh1052,A176E,-5.073,0.547,1.1947
3331,GOh1052_A176G,GOh1052,A176G,-3.811,0.596,1.1947
3332,GOh1052_A176H,GOh1052,A176H,-7.363,0.458,1.1947
3333,GOh1052_A176I,GOh1052,A176I,-5.561,0.528,1.1947
3334,GOh1052_A176L,GOh1052,A176L,-5.036,0.548,1.1947
3335,GOh1052_A176K,GOh1052,A176K,-5.623,0.525,1.1947
3336,GOh1052_A176M,GOh1052,A176M,-7.176,0.465,1.1947
3337,GOh1052_A176F,GOh1052,A176F,-6.663,0.485,1.1947
3338,GOh1052_A176P,GOh1052,A176P,-1.821,0.674,1.1947
3339,GOh1052_A176S,GOh1052,A176S,-4.645,0.564,1.1947
3340,GOh1052_A176T,GOh1052,A176T,-4.474,0.570,1.1947
3341,GOh1052_A176W,GOh1052,A176W,-8.546,0.411,1.1947
3342,GOh1052_A176Y,GOh1052,A176Y,-6.264,0.500,1.1947
3343,GOh1052_A176V,GOh1052,A176V,-4.821,0.557,1.1947
3344,GOh1052_P177A,GOh1052,P177A,-5.057,0.548,0.329
3345,GOh1052_P177R,GOh1052,P177R,-7.661,0.446,0.329
3346,GOh1052_P177N,GOh1052,P177N,-6.21,0.502558493808836,0.329
3347,GOh1052_P177D,GOh1052,P177D,-6.51,0.490840201554627,0.329
3348,GOh1052_P177C,GOh1052,P177C,-11.525,0.295,0.329
3349,GOh1052_P177Q,GOh1052,P177Q,-6.077,0.508,0.329
3350,GOh1052_P177E,GOh1052,P177E,-6.437,0.494,0.329
3351,GOh1052_P177G,GOh1052,P177G,-6.085,0.507,0.329
3352,GOh1052_P177H,GOh1052,P177H,-8.62,0.408421546033358,0.329
3353,GOh1052_P177I,GOh1052,P177I,-7.048,0.470,0.329
3354,GOh1052_P177L,GOh1052,P177L,-6.767,0.481,0.329
3355,GOh1052_P177K,GOh1052,P177K,-6.833,0.478,0.329
3356,GOh1052_P177M,GOh1052,P177M,-8.752,0.403,0.329
3357,GOh1052_P177F,GOh1052,P177F,-8.042,0.431,0.329
3358,GOh1052_P177S,GOh1052,P177S,-5.074,0.547,0.329
3359,GOh1052_P177T,GOh1052,P177T,-5.359,0.536,0.329
3360,GOh1052_P177W,GOh1052,P177W,-9.657,0.368,0.329
3361,GOh1052_P177Y,GOh1052,P177Y,-7.283,0.461,0.329
3362,GOh1052_P177V,GOh1052,P177V,-5.973,0.512,0.329
3363,GOh1052_Q178A,GOh1052,Q178A,-1.577,0.684,2.4139
3364,GOh1052_Q178R,GOh1052,Q178R,-5.292,0.538,2.4139
3365,GOh1052_Q178N,GOh1052,Q178N,-2.641,0.642,2.4139
3366,GOh1052_Q178D,GOh1052,Q178D,-1.877,0.672,2.4139
3367,GOh1052_Q178C,GOh1052,Q178C,-11.378,0.301,2.4139
3368,GOh1052_Q178E,GOh1052,Q178E,-3.248,0.618,2.4139
3369,GOh1052_Q178G,GOh1052,Q178G,-3.334,0.615,2.4139
3370,GOh1052_Q178H,GOh1052,Q178H,-6.079,0.508,2.4139
3371,GOh1052_Q178I,GOh1052,Q178I,-5.057,0.548,2.4139
3372,GOh1052_Q178L,GOh1052,Q178L,-4.224,0.580,2.4139
3373,GOh1052_Q178K,GOh1052,Q178K,-3.915,0.592,2.4139
3374,GOh1052_Q178M,GOh1052,Q178M,-6.377,0.496,2.4139
3375,GOh1052_Q178F,GOh1052,Q178F,-6.342,0.497,2.4139
3376,GOh1052_Q178P,GOh1052,Q178P,-3.797,0.597,2.4139
3377,GOh1052_Q178S,GOh1052,Q178S,-2.036,0.666,2.4139
3378,GOh1052_Q178T,GOh1052,Q178T,-2.447,0.650,2.4139
3379,GOh1052_Q178W,GOh1052,Q178W,-8.551,0.411,2.4139
3380,GOh1052_Q178Y,GOh1052,Q178Y,-5.41,0.533807273153392,2.4139
3381,GOh1052_Q178V,GOh1052,Q178V,-3.789,0.597,2.4139
3382,GOh1052_P179A,GOh1052,P179A,-3.876,0.594,0.7621
3383,GOh1052_P179R,GOh1052,P179R,-7.515,0.452,0.7621
3384,GOh1052_P179N,GOh1052,P179N,-4.854,0.556,0.7621
3385,GOh1052_P179D,GOh1052,P179D,-5.273,0.539,0.7621
3386,GOh1052_P179C,GOh1052,P179C,-10.813,0.323,0.7621
3387,GOh1052_P179Q,GOh1052,P179Q,-5.569,0.528,0.7621
3388,GOh1052_P179E,GOh1052,P179E,-5.59,0.526776297800867,0.7621
3389,GOh1052_P179G,GOh1052,P179G,-4.882,0.554,0.7621
3390,GOh1052_P179H,GOh1052,P179H,-8.131,0.428,0.7621
3391,GOh1052_P179I,GOh1052,P179I,-6.836,0.478,0.7621
3392,GOh1052_P179L,GOh1052,P179L,-6.602,0.487,0.7621
3393,GOh1052_P179K,GOh1052,P179K,-6.389,0.496,0.7621
3394,GOh1052_P179M,GOh1052,P179M,-8.35,0.418968009062146,0.7621
3395,GOh1052_P179F,GOh1052,P179F,-8.079,0.430,0.7621
3396,GOh1052_P179S,GOh1052,P179S,-3.488,0.609,0.7621
3397,GOh1052_P179T,GOh1052,P179T,-3.982,0.590,0.7621
3398,GOh1052_P179W,GOh1052,P179W,-9.43,0.376782156946994,0.7621
3399,GOh1052_P179Y,GOh1052,P179Y,-7.177,0.465,0.7621
3400,GOh1052_P179V,GOh1052,P179V,-5.537,0.529,0.7621
3401,GOh1052_G180A,GOh1052,G180A,-3.065,0.625,2.2109
3402,GOh1052_G180R,GOh1052,G180R,-5.994,0.511,2.2109
3403,GOh1052_G180N,GOh1052,G180N,-2.983,0.629,2.2109
3404,GOh1052_G180D,GOh1052,G180D,-4.01,0.588492637006367,2.2109
3405,GOh1052_G180C,GOh1052,G180C,-9.736,0.365,2.2109
3406,GOh1052_G180Q,GOh1052,G180Q,-3.874,0.594,2.2109
3407,GOh1052_G180E,GOh1052,G180E,-3.804,0.597,2.2109
3408,GOh1052_G180H,GOh1052,G180H,-5.603,0.526,2.2109
3409,GOh1052_G180I,GOh1052,G180I,-4.048,0.587,2.2109
3410,GOh1052_G180L,GOh1052,G180L,-4.284,0.578,2.2109
3411,GOh1052_G180K,GOh1052,G180K,-5.241,0.540,2.2109
3412,GOh1052_G180M,GOh1052,G180M,-6.018,0.510,2.2109
3413,GOh1052_G180F,GOh1052,G180F,-5.046,0.548,2.2109
3414,GOh1052_G180P,GOh1052,G180P,-5.433,0.533,2.2109
3415,GOh1052_G180S,GOh1052,G180S,-1.968,0.668,2.2109
3416,GOh1052_G180T,GOh1052,G180T,-1.297,0.694,2.2109
3417,GOh1052_G180W,GOh1052,G180W,-6.333,0.498,2.2109
3418,GOh1052_G180Y,GOh1052,G180Y,-3.971,0.590,2.2109
3419,GOh1052_G180V,GOh1052,G180V,-2.618,0.643,2.2109
3420,GOh1052_L181A,GOh1052,L181A,-3.291,0.617,1.7512
3421,GOh1052_L181R,GOh1052,L181R,-5.821,0.518,1.7512
3422,GOh1052_L181N,GOh1052,L181N,-4.059,0.587,1.7512
3423,GOh1052_L181D,GOh1052,L181D,-3.964,0.590,1.7512
3424,GOh1052_L181C,GOh1052,L181C,-10.0,0.354517401663998,1.7512
3425,GOh1052_L181Q,GOh1052,L181Q,-3.26,0.617788367641889,1.7512
3426,GOh1052_L181E,GOh1052,L181E,-3.941,0.591,1.7512
3427,GOh1052_L181G,GOh1052,L181G,-4.856,0.555,1.7512
3428,GOh1052_L181H,GOh1052,L181H,-5.973,0.512,1.7512
3429,GOh1052_L181I,GOh1052,L181I,-3.535,0.607,1.7512
3430,GOh1052_L181K,GOh1052,L181K,-4.533,0.568,1.7512
3431,GOh1052_L181M,GOh1052,L181M,-5.26,0.539666419280497,1.7512
3432,GOh1052_L181F,GOh1052,L181F,-5.138,0.544,1.7512
3433,GOh1052_L181P,GOh1052,L181P,-5.287,0.539,1.7512
3434,GOh1052_L181S,GOh1052,L181S,-3.874,0.594,1.7512
3435,GOh1052_L181T,GOh1052,L181T,-3.236,0.619,1.7512
3436,GOh1052_L181W,GOh1052,L181W,-6.869,0.477,1.7512
3437,GOh1052_L181Y,GOh1052,L181Y,-4.464,0.571,1.7512
3438,GOh1052_L181V,GOh1052,L181V,-2.614,0.643,1.7512
3439,GOh1052_G182A,GOh1052,G182A,-7.145,0.466,0.0325
3440,GOh1052_G182R,GOh1052,G182R,-12.568,0.254,0.0325
3441,GOh1052_G182N,GOh1052,G182N,-8.081,0.429,0.0325
3442,GOh1052_G182D,GOh1052,G182D,-8.718,0.405,0.0325
3443,GOh1052_G182C,GOh1052,G182C,-12.522,0.256,0.0325
3444,GOh1052_G182Q,GOh1052,G182Q,-10.654,0.329,0.0325
3445,GOh1052_G182E,GOh1052,G182E,-10.594,0.331,0.0325
3446,GOh1052_G182H,GOh1052,G182H,-10.941,0.318,0.0325
3447,GOh1052_G182I,GOh1052,G182I,-13.497,0.218,0.0325
3448,GOh1052_G182L,GOh1052,G182L,-12.173,0.270,0.0325
3449,GOh1052_G182K,GOh1052,G182K,-12.507,0.257,0.0325
3450,GOh1052_G182M,GOh1052,G182M,-11.87,0.281473379946096,0.0325
3451,GOh1052_G182F,GOh1052,G182F,-11.698,0.288,0.0325
3452,GOh1052_G182P,GOh1052,G182P,-10.284,0.343,0.0325
3453,GOh1052_G182S,GOh1052,G182S,-6.707,0.483,0.0325
3454,GOh1052_G182T,GOh1052,G182T,-10.452,0.337,0.0325
3455,GOh1052_G182W,GOh1052,G182W,-12.044,0.275,0.0325
3456,GOh1052_G182Y,GOh1052,G182Y,-10.724,0.326,0.0325
3457,GOh1052_G182V,GOh1052,G182V,-11.616,0.291,0.0325
3458,GOh1052_R183A,GOh1052,R183A,-3.147,0.622,1.4481
3459,GOh1052_R183N,GOh1052,R183N,-5.806,0.518,1.4481
3460,GOh1052_R183D,GOh1052,R183D,-6.781,0.480,1.4481
3461,GOh1052_R183C,GOh1052,R183C,-10.256,0.345,1.4481
3462,GOh1052_R183Q,GOh1052,R183Q,-2.802,0.636,1.4481
3463,GOh1052_R183E,GOh1052,R183E,-4.302,0.577,1.4481
3464,GOh1052_R183G,GOh1052,R183G,-6.038,0.509,1.4481
3465,GOh1052_R183H,GOh1052,R183H,-6.248,0.501,1.4481
3466,GOh1052_R183I,GOh1052,R183I,-6.291,0.499,1.4481
3467,GOh1052_R183L,GOh1052,R183L,-6.07,0.508027030194133,1.4481
3468,GOh1052_R183K,GOh1052,R183K,-2.32,0.654505683371743,1.4481
3469,GOh1052_R183M,GOh1052,R183M,-5.819,0.518,1.4481
3470,GOh1052_R183F,GOh1052,R183F,-7.796,0.441,1.4481
3471,GOh1052_R183P,GOh1052,R183P,-10.883,0.320,1.4481
3472,GOh1052_R183S,GOh1052,R183S,-3.2,0.620132026092731,1.4481
3473,GOh1052_R183T,GOh1052,R183T,-3.729,0.599,1.4481
3474,GOh1052_R183W,GOh1052,R183W,-8.797,0.402,1.4481
3475,GOh1052_R183Y,GOh1052,R183Y,-6.981,0.472,1.4481
3476,GOh1052_R183V,GOh1052,R183V,-4.658,0.563,1.4481
3477,GOh1052_W184A,GOh1052,W184A,-12.416,0.260,0.0162
3478,GOh1052_W184R,GOh1052,W184R,-12.98,0.238115698605523,0.0162
3479,GOh1052_W184N,GOh1052,W184N,-13.948,0.200,0.0162
3480,GOh1052_W184D,GOh1052,W184D,-15.183,0.152,0.0162
3481,GOh1052_W184C,GOh1052,W184C,-13.252,0.227,0.0162
3482,GOh1052_W184Q,GOh1052,W184Q,-12.909,0.241,0.0162
3483,GOh1052_W184E,GOh1052,W184E,-14.734,0.170,0.0162
3484,GOh1052_W184G,GOh1052,W184G,-14.275,0.188,0.0162
3485,GOh1052_W184H,GOh1052,W184H,-12.785,0.246,0.0162
3486,GOh1052_W184I,GOh1052,W184I,-10.747,0.325,0.0162
3487,GOh1052_W184L,GOh1052,W184L,-10.207,0.346,0.0162
3488,GOh1052_W184K,GOh1052,W184K,-14.654,0.173,0.0162
3489,GOh1052_W184M,GOh1052,W184M,-10.344,0.341,0.0162
3490,GOh1052_W184F,GOh1052,W184F,-7.459,0.454,0.0162
3491,GOh1052_W184P,GOh1052,W184P,-14.143,0.193,0.0162
3492,GOh1052_W184S,GOh1052,W184S,-12.274,0.266,0.0162
3493,GOh1052_W184T,GOh1052,W184T,-11.921,0.279,0.0162
3494,GOh1052_W184Y,GOh1052,W184Y,-7.496,0.452,0.0162
3495,GOh1052_W184V,GOh1052,W184V,-10.994,0.316,0.0162
3496,GOh1052_G185A,GOh1052,G185A,-6.352,0.497,0.1249
3497,GOh1052_G185R,GOh1052,G185R,-10.657,0.329,0.1249
3498,GOh1052_G185N,GOh1052,G185N,-7.693,0.445,0.1249
3499,GOh1052_G185D,GOh1052,G185D,-6.534,0.490,0.1249
3500,GOh1052_G185C,GOh1052,G185C,-14.139,0.193,0.1249
3501,GOh1052_G185Q,GOh1052,G185Q,-8.041,0.431,0.1249
3502,GOh1052_G185E,GOh1052,G185E,-6.072,0.508,0.1249
3503,GOh1052_G185H,GOh1052,G185H,-9.401,0.378,0.1249
3504,GOh1052_G185I,GOh1052,G185I,-12.098,0.273,0.1249
3505,GOh1052_G185L,GOh1052,G185L,-7.932,0.435,0.1249
3506,GOh1052_G185K,GOh1052,G185K,-9.51,0.373657279012539,0.1249
3507,GOh1052_G185M,GOh1052,G185M,-9.441,0.376,0.1249
3508,GOh1052_G185F,GOh1052,G185F,-11.377,0.301,0.1249
3509,GOh1052_G185P,GOh1052,G185P,-12.403,0.261,0.1249
3510,GOh1052_G185S,GOh1052,G185S,-5.312,0.538,0.1249
3511,GOh1052_G185T,GOh1052,G185T,-8.078,0.430,0.1249
3512,GOh1052_G185W,GOh1052,G185W,-12.003,0.276,0.1249
3513,GOh1052_G185Y,GOh1052,G185Y,-10.837,0.322,0.1249
3514,GOh1052_G185V,GOh1052,G185V,-11.606,0.292,0.1249
3515,GOh1052_P186A,GOh1052,P186A,-5.234,0.541,0.3079
3516,GOh1052_P186R,GOh1052,P186R,-7.084,0.468,0.3079
3517,GOh1052_P186N,GOh1052,P186N,-6.374,0.496,0.3079
3518,GOh1052_P186D,GOh1052,P186D,-5.566,0.528,0.3079
3519,GOh1052_P186C,GOh1052,P186C,-13.619,0.213,0.3079
3520,GOh1052_P186Q,GOh1052,P186Q,-6.185,0.504,0.3079
3521,GOh1052_P186E,GOh1052,P186E,-5.307,0.538,0.3079
3522,GOh1052_P186G,GOh1052,P186G,-6.471,0.492,0.3079
3523,GOh1052_P186H,GOh1052,P186H,-9.154,0.388,0.3079
3524,GOh1052_P186I,GOh1052,P186I,-10.951,0.317,0.3079
3525,GOh1052_P186L,GOh1052,P186L,-9.601,0.370,0.3079
3526,GOh1052_P186K,GOh1052,P186K,-5.671,0.524,0.3079
3527,GOh1052_P186M,GOh1052,P186M,-10.641,0.329,0.3079
3528,GOh1052_P186F,GOh1052,P186F,-11.58,0.292801062458498,0.3079
3529,GOh1052_P186S,GOh1052,P186S,-4.794,0.558,0.3079
3530,GOh1052_P186T,GOh1052,P186T,-6.61,0.486934104136557,0.3079
3531,GOh1052_P186W,GOh1052,P186W,-12.329,0.264,0.3079
3532,GOh1052_P186Y,GOh1052,P186Y,-10.768,0.325,0.3079
3533,GOh1052_P186V,GOh1052,P186V,-9.463,0.375,0.3079
3534,GOh1052_T187A,GOh1052,T187A,-6.105,0.507,0.1338
3535,GOh1052_T187R,GOh1052,T187R,-8.546,0.411,0.1338
3536,GOh1052_T187N,GOh1052,T187N,-7.886,0.437,0.1338
3537,GOh1052_T187D,GOh1052,T187D,-8.804,0.401,0.1338
3538,GOh1052_T187C,GOh1052,T187C,-14.522,0.178,0.1338
3539,GOh1052_T187Q,GOh1052,T187Q,-7.355,0.458,0.1338
3540,GOh1052_T187E,GOh1052,T187E,-7.648,0.446,0.1338
3541,GOh1052_T187G,GOh1052,T187G,-9.185,0.386,0.1338
3542,GOh1052_T187H,GOh1052,T187H,-10.436,0.337,0.1338
3543,GOh1052_T187I,GOh1052,T187I,-7.121,0.467,0.1338
3544,GOh1052_T187L,GOh1052,T187L,-6.466,0.493,0.1338
3545,GOh1052_T187K,GOh1052,T187K,-7.696,0.445,0.1338
3546,GOh1052_T187M,GOh1052,T187M,-7.425,0.455,0.1338
3547,GOh1052_T187F,GOh1052,T187F,-9.437,0.377,0.1338
3548,GOh1052_T187P,GOh1052,T187P,-8.629,0.408,0.1338
3549,GOh1052_T187S,GOh1052,T187S,-6.6,0.487324713878364,0.1338
3550,GOh1052_T187W,GOh1052,T187W,-11.829,0.283,0.1338
3551,GOh1052_T187Y,GOh1052,T187Y,-9.698,0.366,0.1338
3552,GOh1052_T187V,GOh1052,T187V,-5.858,0.516,0.1338
3553,GOh1052_I188A,GOh1052,I188A,-10.619,0.330,0.0456
3554,GOh1052_I188R,GOh1052,I188R,-12.08,0.27327057536815,0.0456
3555,GOh1052_I188N,GOh1052,I188N,-12.164,0.270,0.0456
3556,GOh1052_I188D,GOh1052,I188D,-14.578,0.176,0.0456
3557,GOh1052_I188C,GOh1052,I188C,-14.548,0.177,0.0456
3558,GOh1052_I188Q,GOh1052,I188Q,-10.956,0.317,0.0456
3559,GOh1052_I188E,GOh1052,I188E,-13.088,0.234,0.0456
3560,GOh1052_I188G,GOh1052,I188G,-12.534,0.256,0.0456
3561,GOh1052_I188H,GOh1052,I188H,-11.847,0.282,0.0456
3562,GOh1052_I188L,GOh1052,I188L,-6.725,0.482,0.0456
3563,GOh1052_I188K,GOh1052,I188K,-11.715,0.288,0.0456
3564,GOh1052_I188M,GOh1052,I188M,-8.468,0.414,0.0456
3565,GOh1052_I188F,GOh1052,I188F,-8.43,0.41584313112769,0.0456
3566,GOh1052_I188P,GOh1052,I188P,-11.93,0.279129721495254,0.0456
3567,GOh1052_I188S,GOh1052,I188S,-11.736,0.287,0.0456
3568,GOh1052_I188T,GOh1052,I188T,-9.444,0.376,0.0456
3569,GOh1052_I188W,GOh1052,I188W,-13.013,0.237,0.0456
3570,GOh1052_I188Y,GOh1052,I188Y,-11.204,0.307,0.0456
3571,GOh1052_I188V,GOh1052,I188V,-6.077,0.508,0.0456
3572,GOh1052_D189A,GOh1052,D189A,-3.901,0.593,1.6054
3573,GOh1052_D189R,GOh1052,D189R,-4.816,0.557,1.6054
3574,GOh1052_D189N,GOh1052,D189N,-2.683,0.640,1.6054
3575,GOh1052_D189C,GOh1052,D189C,-12.553,0.255,1.6054
3576,GOh1052_D189Q,GOh1052,D189Q,-4.172,0.582,1.6054
3577,GOh1052_D189E,GOh1052,D189E,-5.28,0.538885199796883,1.6054
3578,GOh1052_D189G,GOh1052,D189G,-4.287,0.578,1.6054
3579,GOh1052_D189H,GOh1052,D189H,-5.587,0.527,1.6054
3580,GOh1052_D189I,GOh1052,D189I,-8.166,0.426,1.6054
3581,GOh1052_D189L,GOh1052,D189L,-7.199,0.464,1.6054
3582,GOh1052_D189K,GOh1052,D189K,-2.949,0.630,1.6054
3583,GOh1052_D189M,GOh1052,D189M,-7.843,0.439,1.6054
3584,GOh1052_D189F,GOh1052,D189F,-8.342,0.419,1.6054
3585,GOh1052_D189P,GOh1052,D189P,-2.548,0.646,1.6054
3586,GOh1052_D189S,GOh1052,D189S,-2.798,0.636,1.6054
3587,GOh1052_D189T,GOh1052,D189T,-3.973,0.590,1.6054
3588,GOh1052_D189W,GOh1052,D189W,-9.654,0.368,1.6054
3589,GOh1052_D189Y,GOh1052,D189Y,-7.138,0.466,1.6054
3590,GOh1052_D189V,GOh1052,D189V,-6.917,0.475,1.6054
3591,GOh1052_L190A,GOh1052,L190A,-6.948,0.474,1.2218
3592,GOh1052_L190R,GOh1052,L190R,-10.224,0.346,1.2218
3593,GOh1052_L190N,GOh1052,L190N,-10.129,0.349,1.2218
3594,GOh1052_L190D,GOh1052,L190D,-11.889,0.281,1.2218
3595,GOh1052_L190C,GOh1052,L190C,-9.549,0.372,1.2218
3596,GOh1052_L190Q,GOh1052,L190Q,-8.58,0.409983985000586,1.2218
3597,GOh1052_L190E,GOh1052,L190E,-10.246,0.345,1.2218
3598,GOh1052_L190G,GOh1052,L190G,-9.751,0.364,1.2218
3599,GOh1052_L190H,GOh1052,L190H,-7.732,0.443,1.2218
3600,GOh1052_L190I,GOh1052,L190I,-5.235,0.541,1.2218
3601,GOh1052_L190K,GOh1052,L190K,-10.875,0.320,1.2218
3602,GOh1052_L190M,GOh1052,L190M,-3.164,0.622,1.2218
3603,GOh1052_L190F,GOh1052,L190F,-0.715,0.717,1.2218
3604,GOh1052_L190P,GOh1052,L190P,-10.77,0.324440451544862,1.2218
3605,GOh1052_L190S,GOh1052,L190S,-7.968,0.434,1.2218
3606,GOh1052_L190T,GOh1052,L190T,-6.361,0.497,1.2218
3607,GOh1052_L190W,GOh1052,L190W,-5.859,0.516,1.2218
3608,GOh1052_L190Y,GOh1052,L190Y,-4.524,0.568,1.2218
3609,GOh1052_L190V,GOh1052,L190V,-5.482,0.531,1.2218
3610,GOh1052_P191A,GOh1052,P191A,-7.52,0.451388617632124,0.0487
3611,GOh1052_P191R,GOh1052,P191R,-8.167,0.426,0.0487
3612,GOh1052_P191N,GOh1052,P191N,-8.381,0.418,0.0487
3613,GOh1052_P191D,GOh1052,P191D,-8.604,0.409,0.0487
3614,GOh1052_P191C,GOh1052,P191C,-16.15,0.114292410452717,0.0487
3615,GOh1052_P191Q,GOh1052,P191Q,-8.356,0.419,0.0487
3616,GOh1052_P191E,GOh1052,P191E,-9.956,0.356,0.0487
3617,GOh1052_P191G,GOh1052,P191G,-7.336,0.459,0.0487
3618,GOh1052_P191H,GOh1052,P191H,-9.864,0.360,0.0487
3619,GOh1052_P191I,GOh1052,P191I,-11.232,0.306,0.0487
3620,GOh1052_P191L,GOh1052,P191L,-10.003,0.354,0.0487
3621,GOh1052_P191K,GOh1052,P191K,-7.199,0.464,0.0487
3622,GOh1052_P191M,GOh1052,P191M,-11.369,0.301,0.0487
3623,GOh1052_P191F,GOh1052,P191F,-11.908,0.280,0.0487
3624,GOh1052_P191S,GOh1052,P191S,-7.582,0.449,0.0487
3625,GOh1052_P191T,GOh1052,P191T,-8.39,0.417405570094918,0.0487
3626,GOh1052_P191W,GOh1052,P191W,-13.051,0.235,0.0487
3627,GOh1052_P191Y,GOh1052,P191Y,-11.413,0.299,0.0487
3628,GOh1052_P191V,GOh1052,P191V,-10.356,0.341,0.0487
3629,GOh1052_I192A,GOh1052,I192A,-8.645,0.407,0.6017
3630,GOh1052_I192R,GOh1052,I192R,-8.746,0.403,0.6017
3631,GOh1052_I192N,GOh1052,I192N,-7.214,0.463,0.6017
3632,GOh1052_I192D,GOh1052,I192D,-11.036,0.314,0.6017
3633,GOh1052_I192C,GOh1052,I192C,-11.827,0.283,0.6017
3634,GOh1052_I192Q,GOh1052,I192Q,-7.694,0.445,0.6017
3635,GOh1052_I192E,GOh1052,I192E,-10.071,0.352,0.6017
3636,GOh1052_I192G,GOh1052,I192G,-10.855,0.321,0.6017
3637,GOh1052_I192H,GOh1052,I192H,-6.88,0.476387641107769,0.6017
3638,GOh1052_I192L,GOh1052,I192L,-2.464,0.649,0.6017
3639,GOh1052_I192K,GOh1052,I192K,-9.095,0.390,0.6017
3640,GOh1052_I192M,GOh1052,I192M,-4.698,0.562,0.6017
3641,GOh1052_I192F,GOh1052,I192F,-6.038,0.509,0.6017
3642,GOh1052_I192P,GOh1052,I192P,-10.152,0.349,0.6017
3643,GOh1052_I192S,GOh1052,I192S,-9.207,0.385,0.6017
3644,GOh1052_I192T,GOh1052,I192T,-7.638,0.447,0.6017
3645,GOh1052_I192W,GOh1052,I192W,-8.258,0.423,0.6017
3646,GOh1052_I192Y,GOh1052,I192Y,-6.456,0.493,0.6017
3647,GOh1052_I192V,GOh1052,I192V,-4.727,0.560,0.6017
3648,GOh1052_V193A,GOh1052,V193A,-7.934,0.435,0.2168
3649,GOh1052_V193R,GOh1052,V193R,-10.894,0.320,0.2168
3650,GOh1052_V193N,GOh1052,V193N,-7.832,0.439,0.2168
3651,GOh1052_V193D,GOh1052,V193D,-11.418,0.299,0.2168
3652,GOh1052_V193C,GOh1052,V193C,-13.129,0.232,0.2168
3653,GOh1052_V193Q,GOh1052,V193Q,-9.107,0.389,0.2168
3654,GOh1052_V193E,GOh1052,V193E,-10.314,0.342,0.2168
3655,GOh1052_V193G,GOh1052,V193G,-11.034,0.314,0.2168
3656,GOh1052_V193H,GOh1052,V193H,-10.615,0.330,0.2168
3657,GOh1052_V193I,GOh1052,V193I,-3.734,0.599,0.2168
3658,GOh1052_V193L,GOh1052,V193L,-5.756,0.520,0.2168
3659,GOh1052_V193K,GOh1052,V193K,-10.455,0.337,0.2168
3660,GOh1052_V193M,GOh1052,V193M,-8.035,0.431,0.2168
3661,GOh1052_V193F,GOh1052,V193F,-9.682,0.367,0.2168
3662,GOh1052_V193P,GOh1052,V193P,-9.215,0.385,0.2168
3663,GOh1052_V193S,GOh1052,V193S,-9.654,0.368,0.2168
3664,GOh1052_V193T,GOh1052,V193T,-7.528,0.451,0.2168
3665,GOh1052_V193W,GOh1052,V193W,-12.222,0.268,0.2168
3666,GOh1052_V193Y,GOh1052,V193Y,-10.422,0.338,0.2168
3667,GOh1052_P194A,GOh1052,P194A,-5.148,0.544,0.0736
3668,GOh1052_P194R,GOh1052,P194R,-13.942,0.201,0.0736
3669,GOh1052_P194N,GOh1052,P194N,-10.611,0.331,0.0736
3670,GOh1052_P194D,GOh1052,P194D,-11.571,0.293,0.0736
3671,GOh1052_P194C,GOh1052,P194C,-9.738,0.365,0.0736
3672,GOh1052_P194Q,GOh1052,P194Q,-10.541,0.333,0.0736
3673,GOh1052_P194E,GOh1052,P194E,-11.706,0.288,0.0736
3674,GOh1052_P194G,GOh1052,P194G,-7.524,0.451,0.0736
3675,GOh1052_P194H,GOh1052,P194H,-12.025,0.275,0.0736
3676,GOh1052_P194I,GOh1052,P194I,-11.417,0.299,0.0736
3677,GOh1052_P194L,GOh1052,P194L,-10.414,0.338,0.0736
3678,GOh1052_P194K,GOh1052,P194K,-14.251,0.188,0.0736
3679,GOh1052_P194M,GOh1052,P194M,-11.785,0.285,0.0736
3680,GOh1052_P194F,GOh1052,P194F,-12.208,0.268,0.0736
3681,GOh1052_P194S,GOh1052,P194S,-7.593,0.449,0.0736
3682,GOh1052_P194T,GOh1052,P194T,-7.919,0.436,0.0736
3683,GOh1052_P194W,GOh1052,P194W,-15.696,0.132,0.0736
3684,GOh1052_P194Y,GOh1052,P194Y,-13.664,0.211,0.0736
3685,GOh1052_P194V,GOh1052,P194V,-8.952,0.395,0.0736
3686,GOh1052_A195R,GOh1052,A195R,-13.882,0.203,0.3782
3687,GOh1052_A195N,GOh1052,A195N,-8.804,0.401,0.3782
3688,GOh1052_A195D,GOh1052,A195D,-9.85,0.360376547791102,0.3782
3689,GOh1052_A195C,GOh1052,A195C,-8.319,0.420,0.3782
3690,GOh1052_A195Q,GOh1052,A195Q,-8.971,0.395,0.3782
3691,GOh1052_A195E,GOh1052,A195E,-9.748,0.364,0.3782
3692,GOh1052_A195G,GOh1052,A195G,-6.032,0.510,0.3782
3693,GOh1052_A195H,GOh1052,A195H,-11.627,0.291,0.3782
3694,GOh1052_A195I,GOh1052,A195I,-6.68,0.484199835943908,0.3782
3695,GOh1052_A195L,GOh1052,A195L,-9.022,0.393,0.3782
3696,GOh1052_A195K,GOh1052,A195K,-13.009,0.237,0.3782
3697,GOh1052_A195M,GOh1052,A195M,-8.119,0.428,0.3782
3698,GOh1052_A195F,GOh1052,A195F,-11.095,0.312,0.3782
3699,GOh1052_A195P,GOh1052,A195P,-6.598,0.487,0.3782
3700,GOh1052_A195S,GOh1052,A195S,-6.239,0.501,0.3782
3701,GOh1052_A195T,GOh1052,A195T,-5.822,0.518,0.3782
3702,GOh1052_A195W,GOh1052,A195W,-14.891,0.163,0.3782
3703,GOh1052_A195Y,GOh1052,A195Y,-13.475,0.219,0.3782
3704,GOh1052_A195V,GOh1052,A195V,-3.033,0.627,0.3782
3705,GOh1052_A196R,GOh1052,A196R,-15.657,0.134,0.0529
3706,GOh1052_A196N,GOh1052,A196N,-10.696,0.327,0.0529
3707,GOh1052_A196D,GOh1052,A196D,-11.653,0.290,0.0529
3708,GOh1052_A196C,GOh1052,A196C,-9.631,0.369,0.0529
3709,GOh1052_A196Q,GOh1052,A196Q,-11.211,0.307,0.0529
3710,GOh1052_A196E,GOh1052,A196E,-12.278,0.266,0.0529
3711,GOh1052_A196G,GOh1052,A196G,-6.481,0.492,0.0529
3712,GOh1052_A196H,GOh1052,A196H,-11.521,0.295,0.0529
3713,GOh1052_A196I,GOh1052,A196I,-12.042,0.275,0.0529
3714,GOh1052_A196L,GOh1052,A196L,-11.964,0.278,0.0529
3715,GOh1052_A196K,GOh1052,A196K,-15.086,0.156,0.0529
3716,GOh1052_A196M,GOh1052,A196M,-10.919,0.319,0.0529
3717,GOh1052_A196F,GOh1052,A196F,-12.663,0.250,0.0529
3718,GOh1052_A196P,GOh1052,A196P,-11.27,0.304909964454513,0.0529
3719,GOh1052_A196S,GOh1052,A196S,-5.837,0.517,0.0529
3720,GOh1052_A196T,GOh1052,A196T,-8.327,0.420,0.0529
3721,GOh1052_A196W,GOh1052,A196W,-15.268,0.149,0.0529
3722,GOh1052_A196Y,GOh1052,A196Y,-13.629,0.213,0.0529
3723,GOh1052_A196V,GOh1052,A196V,-9.08,0.390453497910238,0.0529
3724,GOh1052_A197R,GOh1052,A197R,-15.638,0.134,0.093
3725,GOh1052_A197N,GOh1052,A197N,-11.706,0.288,0.093
3726,GOh1052_A197D,GOh1052,A197D,-12.287,0.265,0.093
3727,GOh1052_A197C,GOh1052,A197C,-10.336,0.341,0.093
3728,GOh1052_A197Q,GOh1052,A197Q,-12.547,0.255,0.093
3729,GOh1052_A197E,GOh1052,A197E,-12.729,0.248,0.093
3730,GOh1052_A197G,GOh1052,A197G,-5.004,0.550,0.093
3731,GOh1052_A197H,GOh1052,A197H,-13.232,0.228,0.093
3732,GOh1052_A197I,GOh1052,A197I,-10.287,0.343,0.093
3733,GOh1052_A197L,GOh1052,A197L,-10.834,0.322,0.093
3734,GOh1052_A197K,GOh1052,A197K,-15.655,0.134,0.093
3735,GOh1052_A197M,GOh1052,A197M,-9.121,0.389,0.093
3736,GOh1052_A197F,GOh1052,A197F,-11.668,0.289,0.093
3737,GOh1052_A197P,GOh1052,A197P,-9.537,0.373,0.093
3738,GOh1052_A197S,GOh1052,A197S,-6.488,0.492,0.093
3739,GOh1052_A197T,GOh1052,A197T,-7.446,0.454,0.093
3740,GOh1052_A197W,GOh1052,A197W,-14.891,0.163,0.093
3741,GOh1052_A197Y,GOh1052,A197Y,-12.808,0.245,0.093
3742,GOh1052_A197V,GOh1052,A197V,-7.393,0.456,0.093
3743,GOh1052_A198R,GOh1052,A198R,-13.839,0.205,0.0627
3744,GOh1052_A198N,GOh1052,A198N,-10.441,0.337,0.0627
3745,GOh1052_A198D,GOh1052,A198D,-11.51,0.295535330651146,0.0627
3746,GOh1052_A198C,GOh1052,A198C,-10.371,0.340,0.0627
3747,GOh1052_A198Q,GOh1052,A198Q,-10.899,0.319,0.0627
3748,GOh1052_A198E,GOh1052,A198E,-11.37,0.301003867036444,0.0627
3749,GOh1052_A198G,GOh1052,A198G,-6.137,0.505,0.0627
3750,GOh1052_A198H,GOh1052,A198H,-11.565,0.293,0.0627
3751,GOh1052_A198I,GOh1052,A198I,-10.13,0.349439475020507,0.0627
3752,GOh1052_A198L,GOh1052,A198L,-10.801,0.323,0.0627
3753,GOh1052_A198K,GOh1052,A198K,-13.652,0.212,0.0627
3754,GOh1052_A198M,GOh1052,A198M,-10.003,0.354,0.0627
3755,GOh1052_A198F,GOh1052,A198F,-10.027,0.353,0.0627
3756,GOh1052_A198P,GOh1052,A198P,-12.051,0.274,0.0627
3757,GOh1052_A198S,GOh1052,A198S,-6.514,0.491,0.0627
3758,GOh1052_A198T,GOh1052,A198T,-6.79,0.479903128784032,0.0627
3759,GOh1052_A198W,GOh1052,A198W,-12.851,0.243,0.0627
3760,GOh1052_A198Y,GOh1052,A198Y,-12.0,0.276395453302605,0.0627
3761,GOh1052_A198V,GOh1052,A198V,-7.393,0.456,0.0627
3762,GOh1052_I199A,GOh1052,I199A,-7.469,0.453,0.3075
3763,GOh1052_I199R,GOh1052,I199R,-9.596,0.370,0.3075
3764,GOh1052_I199N,GOh1052,I199N,-9.911,0.358,0.3075
3765,GOh1052_I199D,GOh1052,I199D,-12.34,0.263114722081169,0.3075
3766,GOh1052_I199C,GOh1052,I199C,-12.406,0.261,0.3075
3767,GOh1052_I199Q,GOh1052,I199Q,-8.9,0.397484473262763,0.3075
3768,GOh1052_I199E,GOh1052,I199E,-10.54,0.333424475606422,0.3075
3769,GOh1052_I199G,GOh1052,I199G,-10.585,0.332,0.3075
3770,GOh1052_I199H,GOh1052,I199H,-10.857,0.321,0.3075
3771,GOh1052_I199L,GOh1052,I199L,-4.171,0.582,0.3075
3772,GOh1052_I199K,GOh1052,I199K,-10.732,0.326,0.3075
3773,GOh1052_I199M,GOh1052,I199M,-6.723,0.483,0.3075
3774,GOh1052_I199F,GOh1052,I199F,-7.369,0.457,0.3075
3775,GOh1052_I199P,GOh1052,I199P,-9.988,0.355,0.3075
3776,GOh1052_I199S,GOh1052,I199S,-9.004,0.393,0.3075
3777,GOh1052_I199T,GOh1052,I199T,-7.258,0.462,0.3075
3778,GOh1052_I199W,GOh1052,I199W,-11.123,0.311,0.3075
3779,GOh1052_I199Y,GOh1052,I199Y,-9.32,0.381078864106871,0.3075
3780,GOh1052_I199V,GOh1052,I199V,-3.774,0.598,0.3075
3781,GOh1052_E200A,GOh1052,E200A,-7.128,0.467,0.6423
3782,GOh1052_E200R,GOh1052,E200R,-9.482,0.375,0.6423
3783,GOh1052_E200N,GOh1052,E200N,-6.402,0.495,0.6423
3784,GOh1052_E200D,GOh1052,E200D,-2.57,0.644740439826569,0.6423
3785,GOh1052_E200C,GOh1052,E200C,-10.461,0.337,0.6423
3786,GOh1052_E200Q,GOh1052,E200Q,-3.975,0.590,0.6423
3787,GOh1052_E200G,GOh1052,E200G,-9.19,0.386156790750361,0.6423
3788,GOh1052_E200H,GOh1052,E200H,-4.653,0.563,0.6423
3789,GOh1052_E200I,GOh1052,E200I,-7.438,0.455,0.6423
3790,GOh1052_E200L,GOh1052,E200L,-6.479,0.492,0.6423
3791,GOh1052_E200K,GOh1052,E200K,-9.204,0.386,0.6423
3792,GOh1052_E200M,GOh1052,E200M,-7.416,0.455,0.6423
3793,GOh1052_E200F,GOh1052,E200F,-10.117,0.350,0.6423
3794,GOh1052_E200P,GOh1052,E200P,-10.737,0.326,0.6423
3795,GOh1052_E200S,GOh1052,E200S,-6.465,0.493,0.6423
3796,GOh1052_E200T,GOh1052,E200T,-8.5,0.413108862935042,0.6423
3797,GOh1052_E200W,GOh1052,E200W,-10.352,0.341,0.6423
3798,GOh1052_E200Y,GOh1052,E200Y,-9.388,0.378,0.6423
3799,GOh1052_E200V,GOh1052,E200V,-6.632,0.486,0.6423
3800,GOh1052_P201A,GOh1052,P201A,-3.628,0.603,0.5245
3801,GOh1052_P201R,GOh1052,P201R,-7.136,0.466,0.5245
3802,GOh1052_P201N,GOh1052,P201N,-7.335,0.459,0.5245
3803,GOh1052_P201D,GOh1052,P201D,-7.801,0.440,0.5245
3804,GOh1052_P201C,GOh1052,P201C,-11.293,0.304,0.5245
3805,GOh1052_P201Q,GOh1052,P201Q,-6.911,0.475,0.5245
3806,GOh1052_P201E,GOh1052,P201E,-8.073,0.430,0.5245
3807,GOh1052_P201G,GOh1052,P201G,-3.449,0.610,0.5245
3808,GOh1052_P201H,GOh1052,P201H,-7.561,0.450,0.5245
3809,GOh1052_P201I,GOh1052,P201I,-9.855,0.360,0.5245
3810,GOh1052_P201L,GOh1052,P201L,-8.923,0.397,0.5245
3811,GOh1052_P201K,GOh1052,P201K,-6.759,0.481,0.5245
3812,GOh1052_P201M,GOh1052,P201M,-9.351,0.380,0.5245
3813,GOh1052_P201F,GOh1052,P201F,-9.461,0.376,0.5245
3814,GOh1052_P201S,GOh1052,P201S,-4.515,0.569,0.5245
3815,GOh1052_P201T,GOh1052,P201T,-6.314,0.498,0.5245
3816,GOh1052_P201W,GOh1052,P201W,-9.202,0.386,0.5245
3817,GOh1052_P201Y,GOh1052,P201Y,-7.951,0.435,0.5245
3818,GOh1052_P201V,GOh1052,P201V,-7.953,0.434,0.5245
3819,GOh1052_T202A,GOh1052,T202A,-4.089,0.585,1.4507
3820,GOh1052_T202R,GOh1052,T202R,-4.035,0.588,1.4507
3821,GOh1052_T202N,GOh1052,T202N,-3.474,0.609,1.4507
3822,GOh1052_T202D,GOh1052,T202D,-5.307,0.538,1.4507
3823,GOh1052_T202C,GOh1052,T202C,-9.366,0.379,1.4507
3824,GOh1052_T202Q,GOh1052,T202Q,-4.36,0.574821296043123,1.4507
3825,GOh1052_T202E,GOh1052,T202E,-5.626,0.525,1.4507
3826,GOh1052_T202G,GOh1052,T202G,-4.435,0.572,1.4507
3827,GOh1052_T202H,GOh1052,T202H,-5.793,0.519,1.4507
3828,GOh1052_T202I,GOh1052,T202I,-3.956,0.591,1.4507
3829,GOh1052_T202L,GOh1052,T202L,-4.303,0.577,1.4507
3830,GOh1052_T202K,GOh1052,T202K,-3.446,0.611,1.4507
3831,GOh1052_T202M,GOh1052,T202M,-6.398,0.495,1.4507
3832,GOh1052_T202F,GOh1052,T202F,-6.065,0.508,1.4507
3833,GOh1052_T202P,GOh1052,T202P,-7.06,0.469356665755244,1.4507
3834,GOh1052_T202S,GOh1052,T202S,-3.676,0.602,1.4507
3835,GOh1052_T202W,GOh1052,T202W,-7.629,0.447,1.4507
3836,GOh1052_T202Y,GOh1052,T202Y,-4.846,0.556,1.4507
3837,GOh1052_T202V,GOh1052,T202V,-3.025,0.627,1.4507
3838,GOh1052_S203A,GOh1052,S203A,-9.53,0.372876059528925,0.4699
3839,GOh1052_S203R,GOh1052,S203R,-9.082,0.390,0.4699
3840,GOh1052_S203N,GOh1052,S203N,-6.377,0.496,0.4699
3841,GOh1052_S203D,GOh1052,S203D,-8.737,0.404,0.4699
3842,GOh1052_S203C,GOh1052,S203C,-13.141,0.232,0.4699
3843,GOh1052_S203Q,GOh1052,S203Q,-10.354,0.341,0.4699
3844,GOh1052_S203E,GOh1052,S203E,-11.37,0.301003867036444,0.4699
3845,GOh1052_S203G,GOh1052,S203G,-7.83,0.439279715636108,0.4699
3846,GOh1052_S203H,GOh1052,S203H,-10.165,0.348,0.4699
3847,GOh1052_S203I,GOh1052,S203I,-11.223,0.307,0.4699
3848,GOh1052_S203L,GOh1052,S203L,-10.383,0.340,0.4699
3849,GOh1052_S203K,GOh1052,S203K,-9.291,0.382,0.4699
3850,GOh1052_S203M,GOh1052,S203M,-12.345,0.263,0.4699
3851,GOh1052_S203F,GOh1052,S203F,-11.661,0.290,0.4699
3852,GOh1052_S203P,GOh1052,S203P,-11.329,0.303,0.4699
3853,GOh1052_S203T,GOh1052,S203T,-2.298,0.655,0.4699
3854,GOh1052_S203W,GOh1052,S203W,-12.774,0.246,0.4699
3855,GOh1052_S203Y,GOh1052,S203Y,-10.73,0.326002890512089,0.4699
3856,GOh1052_S203V,GOh1052,S203V,-11.183,0.308,0.4699
3857,GOh1052_G204A,GOh1052,G204A,-9.819,0.362,0.0432
3858,GOh1052_G204R,GOh1052,G204R,-8.668,0.407,0.0432
3859,GOh1052_G204N,GOh1052,G204N,-6.39,0.49552751845631,0.0432
3860,GOh1052_G204D,GOh1052,G204D,-8.76,0.402953009648061,0.0432
3861,GOh1052_G204C,GOh1052,G204C,-14.278,0.187,0.0432
3862,GOh1052_G204Q,GOh1052,G204Q,-8.304,0.421,0.0432
3863,GOh1052_G204E,GOh1052,G204E,-9.894,0.359,0.0432
3864,GOh1052_G204H,GOh1052,G204H,-9.837,0.361,0.0432
3865,GOh1052_G204I,GOh1052,G204I,-14.68,0.17171204249834,0.0432
3866,GOh1052_G204L,GOh1052,G204L,-11.344,0.302,0.0432
3867,GOh1052_G204K,GOh1052,G204K,-7.63,0.447091910472247,0.0432
3868,GOh1052_G204M,GOh1052,G204M,-11.686,0.289,0.0432
3869,GOh1052_G204F,GOh1052,G204F,-12.803,0.245,0.0432
3870,GOh1052_G204P,GOh1052,G204P,-12.5,0.256864966212257,0.0432
3871,GOh1052_G204S,GOh1052,G204S,-7.497,0.452,0.0432
3872,GOh1052_G204T,GOh1052,G204T,-9.216,0.385,0.0432
3873,GOh1052_G204W,GOh1052,G204W,-13.409,0.221,0.0432
3874,GOh1052_G204Y,GOh1052,G204Y,-11.541,0.294,0.0432
3875,GOh1052_G204V,GOh1052,G204V,-13.577,0.215,0.0432
3876,GOh1052_R205A,GOh1052,R205A,-8.377,0.418,1.0821
3877,GOh1052_R205N,GOh1052,R205N,-4.065,0.586,1.0821
3878,GOh1052_R205D,GOh1052,R205D,-8.635,0.408,1.0821
3879,GOh1052_R205C,GOh1052,R205C,-12.124,0.272,1.0821
3880,GOh1052_R205Q,GOh1052,R205Q,-6.154,0.505,1.0821
3881,GOh1052_R205E,GOh1052,R205E,-7.882,0.437,1.0821
3882,GOh1052_R205G,GOh1052,R205G,-9.431,0.377,1.0821
3883,GOh1052_R205H,GOh1052,R205H,-6.809,0.479,1.0821
3884,GOh1052_R205I,GOh1052,R205I,-8.572,0.410,1.0821
3885,GOh1052_R205L,GOh1052,R205L,-7.197,0.464,1.0821
3886,GOh1052_R205K,GOh1052,R205K,-0.483,0.726,1.0821
3887,GOh1052_R205M,GOh1052,R205M,-8.561,0.411,1.0821
3888,GOh1052_R205F,GOh1052,R205F,-10.115,0.350,1.0821
3889,GOh1052_R205P,GOh1052,R205P,-12.348,0.263,1.0821
3890,GOh1052_R205S,GOh1052,R205S,-7.882,0.437,1.0821
3891,GOh1052_R205T,GOh1052,R205T,-7.01,0.471309714464279,1.0821
3892,GOh1052_R205W,GOh1052,R205W,-11.446,0.298,1.0821
3893,GOh1052_R205Y,GOh1052,R205Y,-8.526,0.412,1.0821
3894,GOh1052_R205V,GOh1052,R205V,-8.287,0.421,1.0821
3895,GOh1052_V206A,GOh1052,V206A,-7.689,0.445,0.2052
3896,GOh1052_V206R,GOh1052,V206R,-14.151,0.192,0.2052
3897,GOh1052_V206N,GOh1052,V206N,-13.044,0.236,0.2052
3898,GOh1052_V206D,GOh1052,V206D,-14.554,0.177,0.2052
3899,GOh1052_V206C,GOh1052,V206C,-13.505,0.218,0.2052
3900,GOh1052_V206Q,GOh1052,V206Q,-11.608,0.292,0.2052
3901,GOh1052_V206E,GOh1052,V206E,-13.13,0.232256552478419,0.2052
3902,GOh1052_V206G,GOh1052,V206G,-11.816,0.284,0.2052
3903,GOh1052_V206H,GOh1052,V206H,-12.811,0.245,0.2052
3904,GOh1052_V206I,GOh1052,V206I,-4.011,0.588,0.2052
3905,GOh1052_V206L,GOh1052,V206L,-5.402,0.534,0.2052
3906,GOh1052_V206K,GOh1052,V206K,-14.363,0.184,0.2052
3907,GOh1052_V206M,GOh1052,V206M,-6.221,0.502,0.2052
3908,GOh1052_V206F,GOh1052,V206F,-8.068,0.430,0.2052
3909,GOh1052_V206P,GOh1052,V206P,-9.165,0.387,0.2052
3910,GOh1052_V206S,GOh1052,V206S,-12.195,0.269,0.2052
3911,GOh1052_V206T,GOh1052,V206T,-8.573,0.410,0.2052
3912,GOh1052_V206W,GOh1052,V206W,-10.929,0.318,0.2052
3913,GOh1052_V206Y,GOh1052,V206Y,-8.966,0.395,0.2052
3914,GOh1052_L207A,GOh1052,L207A,-12.614,0.252,0.1023
3915,GOh1052_L207R,GOh1052,L207R,-12.809,0.245,0.1023
3916,GOh1052_L207N,GOh1052,L207N,-13.466,0.219,0.1023
3917,GOh1052_L207D,GOh1052,L207D,-16.269,0.110,0.1023
3918,GOh1052_L207C,GOh1052,L207C,-14.471,0.180,0.1023
3919,GOh1052_L207Q,GOh1052,L207Q,-11.931,0.279,0.1023
3920,GOh1052_L207E,GOh1052,L207E,-14.666,0.172,0.1023
3921,GOh1052_L207G,GOh1052,L207G,-14.659,0.173,0.1023
3922,GOh1052_L207H,GOh1052,L207H,-11.714,0.288,0.1023
3923,GOh1052_L207I,GOh1052,L207I,-4.722,0.561,0.1023
3924,GOh1052_L207K,GOh1052,L207K,-13.719,0.209,0.1023
3925,GOh1052_L207M,GOh1052,L207M,-7.441,0.454,0.1023
3926,GOh1052_L207F,GOh1052,L207F,-7.672,0.445,0.1023
3927,GOh1052_L207P,GOh1052,L207P,-14.543,0.177,0.1023
3928,GOh1052_L207S,GOh1052,L207S,-13.026,0.236,0.1023
3929,GOh1052_L207T,GOh1052,L207T,-10.689,0.328,0.1023
3930,GOh1052_L207W,GOh1052,L207W,-10.321,0.342,0.1023
3931,GOh1052_L207Y,GOh1052,L207Y,-9.358,0.380,0.1023
3932,GOh1052_L207V,GOh1052,L207V,-6.66,0.484981055427522,0.1023
3933,GOh1052_M208A,GOh1052,M208A,-5.883,0.515,0.5267
3934,GOh1052_M208R,GOh1052,M208R,-12.647,0.251,0.5267
3935,GOh1052_M208N,GOh1052,M208N,-10.506,0.335,0.5267
3936,GOh1052_M208D,GOh1052,M208D,-13.062,0.235,0.5267
3937,GOh1052_M208C,GOh1052,M208C,-10.762,0.325,0.5267
3938,GOh1052_M208Q,GOh1052,M208Q,-9.495,0.374,0.5267
3939,GOh1052_M208E,GOh1052,M208E,-11.098,0.312,0.5267
3940,GOh1052_M208G,GOh1052,M208G,-10.424,0.338,0.5267
3941,GOh1052_M208H,GOh1052,M208H,-9.925,0.357,0.5267
3942,GOh1052_M208I,GOh1052,M208I,-4.34,0.575602515526737,0.5267
3943,GOh1052_M208L,GOh1052,M208L,-3.511,0.608,0.5267
3944,GOh1052_M208K,GOh1052,M208K,-12.755,0.247,0.5267
3945,GOh1052_M208F,GOh1052,M208F,-4.504,0.569,0.5267
3946,GOh1052_M208P,GOh1052,M208P,-14.461,0.180,0.5267
3947,GOh1052_M208S,GOh1052,M208S,-7.935,0.435,0.5267
3948,GOh1052_M208T,GOh1052,M208T,-5.864,0.516,0.5267
3949,GOh1052_M208W,GOh1052,M208W,-8.766,0.403,0.5267
3950,GOh1052_M208Y,GOh1052,M208Y,-6.944,0.474,0.5267
3951,GOh1052_M208V,GOh1052,M208V,-4.321,0.576,0.5267
3952,GOh1052_W209A,GOh1052,W209A,-15.139,0.154,0.0087
3953,GOh1052_W209R,GOh1052,W209R,-15.552,0.138,0.0087
3954,GOh1052_W209N,GOh1052,W209N,-17.255,0.071,0.0087
3955,GOh1052_W209D,GOh1052,W209D,-18.87,0.00804656068122339,0.0087
3956,GOh1052_W209C,GOh1052,W209C,-15.442,0.142,0.0087
3957,GOh1052_W209Q,GOh1052,W209Q,-16.381,0.105,0.0087
3958,GOh1052_W209E,GOh1052,W209E,-18.099,0.038,0.0087
3959,GOh1052_W209G,GOh1052,W209G,-16.879,0.086,0.0087
3960,GOh1052_W209H,GOh1052,W209H,-14.638,0.173,0.0087
3961,GOh1052_W209I,GOh1052,W209I,-12.042,0.275,0.0087
3962,GOh1052_W209L,GOh1052,W209L,-12.47,0.258036795437678,0.0087
3963,GOh1052_W209K,GOh1052,W209K,-17.583,0.058,0.0087
3964,GOh1052_W209M,GOh1052,W209M,-12.454,0.259,0.0087
3965,GOh1052_W209F,GOh1052,W209F,-7.507,0.452,0.0087
3966,GOh1052_W209P,GOh1052,W209P,-17.616,0.057,0.0087
3967,GOh1052_W209S,GOh1052,W209S,-15.22,0.150619116440764,0.0087
3968,GOh1052_W209T,GOh1052,W209T,-15.137,0.154,0.0087
3969,GOh1052_W209Y,GOh1052,W209Y,-9.119,0.389,0.0087
3970,GOh1052_W209V,GOh1052,W209V,-12.988,0.238,0.0087
3971,GOh1052_S210A,GOh1052,S210A,-6.593,0.488,0.0265
3972,GOh1052_S210R,GOh1052,S210R,-15.588,0.136,0.0265
3973,GOh1052_S210N,GOh1052,S210N,-9.93,0.357251669856646,0.0265
3974,GOh1052_S210D,GOh1052,S210D,-11.222,0.307,0.0265
3975,GOh1052_S210C,GOh1052,S210C,-10.35,0.340846060700754,0.0265
3976,GOh1052_S210Q,GOh1052,S210Q,-11.205,0.307,0.0265
3977,GOh1052_S210E,GOh1052,S210E,-10.005,0.354,0.0265
3978,GOh1052_S210G,GOh1052,S210G,-8.463,0.415,0.0265
3979,GOh1052_S210H,GOh1052,S210H,-12.856,0.243,0.0265
3980,GOh1052_S210I,GOh1052,S210I,-13.389,0.222,0.0265
3981,GOh1052_S210L,GOh1052,S210L,-13.422,0.221,0.0265
3982,GOh1052_S210K,GOh1052,S210K,-15.639,0.134,0.0265
3983,GOh1052_S210M,GOh1052,S210M,-11.826,0.283,0.0265
3984,GOh1052_S210F,GOh1052,S210F,-14.252,0.188,0.0265
3985,GOh1052_S210P,GOh1052,S210P,-11.375,0.301,0.0265
3986,GOh1052_S210T,GOh1052,S210T,-7.739,0.443,0.0265
3987,GOh1052_S210W,GOh1052,S210W,-15.501,0.140,0.0265
3988,GOh1052_S210Y,GOh1052,S210Y,-14.277,0.187,0.0265
3989,GOh1052_S210V,GOh1052,S210V,-11.798,0.284,0.0265
3990,GOh1052_S211A,GOh1052,S211A,-4.66,0.563103003788914,0.0857
3991,GOh1052_S211R,GOh1052,S211R,-14.248,0.189,0.0857
3992,GOh1052_S211N,GOh1052,S211N,-10.879,0.320,0.0857
3993,GOh1052_S211D,GOh1052,S211D,-12.309,0.264,0.0857
3994,GOh1052_S211C,GOh1052,S211C,-9.057,0.391,0.0857
3995,GOh1052_S211Q,GOh1052,S211Q,-12.947,0.239,0.0857
3996,GOh1052_S211E,GOh1052,S211E,-13.102,0.233,0.0857
3997,GOh1052_S211G,GOh1052,S211G,-8.409,0.417,0.0857
3998,GOh1052_S211H,GOh1052,S211H,-13.162,0.231,0.0857
3999,GOh1052_S211I,GOh1052,S211I,-12.915,0.241,0.0857
4000,GOh1052_S211L,GOh1052,S211L,-12.541,0.255,0.0857
4001,GOh1052_S211K,GOh1052,S211K,-14.945,0.161,0.0857
4002,GOh1052_S211M,GOh1052,S211M,-12.23,0.267411429241045,0.0857
4003,GOh1052_S211F,GOh1052,S211F,-12.486,0.257,0.0857
4004,GOh1052_S211P,GOh1052,S211P,-12.51,0.25647435647045,0.0857
4005,GOh1052_S211T,GOh1052,S211T,-8.396,0.417,0.0857
4006,GOh1052_S211W,GOh1052,S211W,-13.719,0.209,0.0857
4007,GOh1052_S211Y,GOh1052,S211Y,-12.766,0.246,0.0857
4008,GOh1052_S211V,GOh1052,S211V,-10.555,0.333,0.0857
4009,GOh1052_Y212A,GOh1052,Y212A,-8.72,0.404515448615288,0.1174
4010,GOh1052_Y212R,GOh1052,Y212R,-8.57,0.410374594742393,0.1174
4011,GOh1052_Y212N,GOh1052,Y212N,-8.12,0.427952033123706,0.1174
4012,GOh1052_Y212D,GOh1052,Y212D,-8.461,0.415,0.1174
4013,GOh1052_Y212C,GOh1052,Y212C,-13.986,0.199,0.1174
4014,GOh1052_Y212Q,GOh1052,Y212Q,-9.481,0.375,0.1174
4015,GOh1052_Y212E,GOh1052,Y212E,-9.764,0.364,0.1174
4016,GOh1052_Y212G,GOh1052,Y212G,-9.507,0.374,0.1174
4017,GOh1052_Y212H,GOh1052,Y212H,-8.588,0.410,0.1174
4018,GOh1052_Y212I,GOh1052,Y212I,-10.288,0.343,0.1174
4019,GOh1052_Y212L,GOh1052,Y212L,-8.684,0.406,0.1174
4020,GOh1052_Y212K,GOh1052,Y212K,-8.94,0.395922034295535,0.1174
4021,GOh1052_Y212M,GOh1052,Y212M,-10.029,0.353,0.1174
4022,GOh1052_Y212F,GOh1052,Y212F,-4.878,0.555,0.1174
4023,GOh1052_Y212P,GOh1052,Y212P,-11.706,0.288,0.1174
4024,GOh1052_Y212S,GOh1052,Y212S,-8.043,0.431,0.1174
4025,GOh1052_Y212T,GOh1052,Y212T,-9.48,0.374829108237959,0.1174
4026,GOh1052_Y212W,GOh1052,Y212W,-5.994,0.511,0.1174
4027,GOh1052_Y212V,GOh1052,Y212V,-10.225,0.346,0.1174
4028,GOh1052_R213A,GOh1052,R213A,-3.161,0.622,1.3553
4029,GOh1052_R213N,GOh1052,R213N,-4.693,0.562,1.3553
4030,GOh1052_R213D,GOh1052,R213D,-6.055,0.509,1.3553
4031,GOh1052_R213C,GOh1052,R213C,-10.717,0.327,1.3553
4032,GOh1052_R213Q,GOh1052,R213Q,-4.56,0.567009101206984,1.3553
4033,GOh1052_R213E,GOh1052,R213E,-6.016,0.510,1.3553
4034,GOh1052_R213G,GOh1052,R213G,-4.422,0.572,1.3553
4035,GOh1052_R213H,GOh1052,R213H,-5.127,0.545,1.3553
4036,GOh1052_R213I,GOh1052,R213I,-6.505,0.491,1.3553
4037,GOh1052_R213L,GOh1052,R213L,-5.202,0.542,1.3553
4038,GOh1052_R213K,GOh1052,R213K,-2.974,0.629,1.3553
4039,GOh1052_R213M,GOh1052,R213M,-5.33,0.536932151087848,1.3553
4040,GOh1052_R213F,GOh1052,R213F,-4.08,0.585758368813718,1.3553
4041,GOh1052_R213P,GOh1052,R213P,-6.992,0.472,1.3553
4042,GOh1052_R213S,GOh1052,R213S,-4.174,0.582,1.3553
4043,GOh1052_R213T,GOh1052,R213T,-4.732,0.560,1.3553
4044,GOh1052_R213W,GOh1052,R213W,-5.296,0.538,1.3553
4045,GOh1052_R213Y,GOh1052,R213Y,-3.273,0.617,1.3553
4046,GOh1052_R213V,GOh1052,R213V,-6.058,0.508,1.3553
4047,GOh1052_N214A,GOh1052,N214A,-3.443,0.611,1.0451
4048,GOh1052_N214R,GOh1052,N214R,-5.091,0.546,1.0451
4049,GOh1052_N214D,GOh1052,N214D,-4.742,0.560,1.0451
4050,GOh1052_N214C,GOh1052,N214C,-11.866,0.282,1.0451
4051,GOh1052_N214Q,GOh1052,N214Q,-5.131,0.545,1.0451
4052,GOh1052_N214E,GOh1052,N214E,-5.427,0.533,1.0451
4053,GOh1052_N214G,GOh1052,N214G,-5.304,0.538,1.0451
4054,GOh1052_N214H,GOh1052,N214H,-6.001,0.511,1.0451
4055,GOh1052_N214I,GOh1052,N214I,-5.608,0.526,1.0451
4056,GOh1052_N214L,GOh1052,N214L,-5.663,0.524,1.0451
4057,GOh1052_N214K,GOh1052,N214K,-4.31,0.576774344752158,1.0451
4058,GOh1052_N214M,GOh1052,N214M,-6.864,0.477,1.0451
4059,GOh1052_N214F,GOh1052,N214F,-7.1,0.467794226788016,1.0451
4060,GOh1052_N214P,GOh1052,N214P,-4.105,0.585,1.0451
4061,GOh1052_N214S,GOh1052,N214S,-3.943,0.591,1.0451
4062,GOh1052_N214T,GOh1052,N214T,-3.938,0.591,1.0451
4063,GOh1052_N214W,GOh1052,N214W,-7.702,0.444,1.0451
4064,GOh1052_N214Y,GOh1052,N214Y,-5.866,0.516,1.0451
4065,GOh1052_N214V,GOh1052,N214V,-4.776,0.559,1.0451
4066,GOh1052_D215A,GOh1052,D215A,-4.857,0.555,0.645
4067,GOh1052_D215R,GOh1052,D215R,-6.443,0.493,0.645
4068,GOh1052_D215N,GOh1052,D215N,-3.7,0.600601539002383,0.645
4069,GOh1052_D215C,GOh1052,D215C,-12.779,0.246,0.645
4070,GOh1052_D215Q,GOh1052,D215Q,-5.893,0.515,0.645
4071,GOh1052_D215E,GOh1052,D215E,-5.339,0.537,0.645
4072,GOh1052_D215G,GOh1052,D215G,-4.468,0.571,0.645
4073,GOh1052_D215H,GOh1052,D215H,-7.178,0.465,0.645
4074,GOh1052_D215I,GOh1052,D215I,-6.974,0.473,0.645
4075,GOh1052_D215L,GOh1052,D215L,-6.662,0.485,0.645
4076,GOh1052_D215K,GOh1052,D215K,-5.681,0.523,0.645
4077,GOh1052_D215M,GOh1052,D215M,-8.478,0.414,0.645
4078,GOh1052_D215F,GOh1052,D215F,-7.677,0.445,0.645
4079,GOh1052_D215P,GOh1052,D215P,-6.398,0.495,0.645
4080,GOh1052_D215S,GOh1052,D215S,-4.634,0.564,0.645
4081,GOh1052_D215T,GOh1052,D215T,-4.716,0.561,0.645
4082,GOh1052_D215W,GOh1052,D215W,-9.164,0.387,0.645
4083,GOh1052_D215Y,GOh1052,D215Y,-7.177,0.465,0.645
4084,GOh1052_D215V,GOh1052,D215V,-5.984,0.511,0.645
4085,GOh1052_A216R,GOh1052,A216R,-4.558,0.567,1.4883
4086,GOh1052_A216N,GOh1052,A216N,-4.071,0.586,1.4883
4087,GOh1052_A216D,GOh1052,A216D,-4.334,0.576,1.4883
4088,GOh1052_A216C,GOh1052,A216C,-10.72,0.326393500253896,1.4883
4089,GOh1052_A216Q,GOh1052,A216Q,-3.983,0.590,1.4883
4090,GOh1052_A216E,GOh1052,A216E,-4.178,0.582,1.4883
4091,GOh1052_A216G,GOh1052,A216G,-4.78,0.558415686887231,1.4883
4092,GOh1052_A216H,GOh1052,A216H,-5.67,0.523651419866411,1.4883
4093,GOh1052_A216I,GOh1052,A216I,-4.425,0.572,1.4883
4094,GOh1052_A216L,GOh1052,A216L,-4.755,0.559,1.4883
4095,GOh1052_A216K,GOh1052,A216K,-3.608,0.604,1.4883
4096,GOh1052_A216M,GOh1052,A216M,-6.233,0.502,1.4883
4097,GOh1052_A216F,GOh1052,A216F,-5.531,0.529,1.4883
4098,GOh1052_A216P,GOh1052,A216P,-4.638,0.564,1.4883
4099,GOh1052_A216S,GOh1052,A216S,-3.792,0.597,1.4883
4100,GOh1052_A216T,GOh1052,A216T,-2.885,0.632,1.4883
4101,GOh1052_A216W,GOh1052,A216W,-6.885,0.476,1.4883
4102,GOh1052_A216Y,GOh1052,A216Y,-5.969,0.512,1.4883
4103,GOh1052_A216V,GOh1052,A216V,-3.621,0.604,1.4883
4104,GOh1052_A217R,GOh1052,A217R,-4.782,0.558,0.4959
4105,GOh1052_A217N,GOh1052,A217N,-4.12,0.58419592984649,0.4959
4106,GOh1052_A217D,GOh1052,A217D,-4.835,0.556,0.4959
4107,GOh1052_A217C,GOh1052,A217C,-7.396,0.456,0.4959
4108,GOh1052_A217Q,GOh1052,A217Q,-4.569,0.567,0.4959
4109,GOh1052_A217E,GOh1052,A217E,-5.483,0.531,0.4959
4110,GOh1052_A217G,GOh1052,A217G,-4.225,0.580,0.4959
4111,GOh1052_A217H,GOh1052,A217H,-3.701,0.601,0.4959
4112,GOh1052_A217I,GOh1052,A217I,-0.877,0.711,0.4959
4113,GOh1052_A217L,GOh1052,A217L,0.243,0.755,0.4959
4114,GOh1052_A217K,GOh1052,A217K,-5.104,0.546,0.4959
4115,GOh1052_A217M,GOh1052,A217M,-1.041,0.704,0.4959
4116,GOh1052_A217F,GOh1052,A217F,4.414,0.918,0.4959
4117,GOh1052_A217P,GOh1052,A217P,-4.703,0.561,0.4959
4118,GOh1052_A217S,GOh1052,A217S,-3.808,0.596,0.4959
4119,GOh1052_A217T,GOh1052,A217T,-3.589,0.605,0.4959
4120,GOh1052_A217W,GOh1052,A217W,-0.254,0.735,0.4959
4121,GOh1052_A217Y,GOh1052,A217Y,0.13,0.750205070114449,0.4959
4122,GOh1052_A217V,GOh1052,A217V,-1.712,0.678,0.4959
4123,GOh1052_E218A,GOh1052,E218A,-2.273,0.656,1.0599
4124,GOh1052_E218R,GOh1052,E218R,-3.577,0.605,1.0599
4125,GOh1052_E218N,GOh1052,E218N,-1.741,0.677,1.0599
4126,GOh1052_E218D,GOh1052,E218D,-2.374,0.652,1.0599
4127,GOh1052_E218C,GOh1052,E218C,-6.55,0.489277762587399,1.0599
4128,GOh1052_E218Q,GOh1052,E218Q,-3.341,0.615,1.0599
4129,GOh1052_E218G,GOh1052,E218G,2.471,0.842,1.0599
4130,GOh1052_E218H,GOh1052,E218H,-3.911,0.592,1.0599
4131,GOh1052_E218I,GOh1052,E218I,-3.472,0.610,1.0599
4132,GOh1052_E218L,GOh1052,E218L,-3.1,0.6240381235108,1.0599
4133,GOh1052_E218K,GOh1052,E218K,-3.694,0.601,1.0599
4134,GOh1052_E218M,GOh1052,E218M,-4.797,0.558,1.0599
4135,GOh1052_E218F,GOh1052,E218F,-1.237,0.697,1.0599
4136,GOh1052_E218P,GOh1052,E218P,-3.676,0.602,1.0599
4137,GOh1052_E218S,GOh1052,E218S,-2.116,0.662,1.0599
4138,GOh1052_E218T,GOh1052,E218T,-3.196,0.620,1.0599
4139,GOh1052_E218W,GOh1052,E218W,-4.275,0.578,1.0599
4140,GOh1052_E218Y,GOh1052,E218Y,-3.044,0.626,1.0599
4141,GOh1052_E218V,GOh1052,E218V,-3.089,0.624,1.0599
4142,GOh1052_G219A,GOh1052,G219A,-4.528,0.568,1.0421
4143,GOh1052_G219R,GOh1052,G219R,-6.57,0.488496543103785,1.0421
4144,GOh1052_G219N,GOh1052,G219N,-4.399,0.573,1.0421
4145,GOh1052_G219D,GOh1052,G219D,-4.982,0.551,1.0421
4146,GOh1052_G219C,GOh1052,G219C,-10.731,0.326,1.0421
4147,GOh1052_G219Q,GOh1052,G219Q,-5.666,0.524,1.0421
4148,GOh1052_G219E,GOh1052,G219E,-5.877,0.516,1.0421
4149,GOh1052_G219H,GOh1052,G219H,-6.316,0.498,1.0421
4150,GOh1052_G219I,GOh1052,G219I,-5.413,0.534,1.0421
4151,GOh1052_G219L,GOh1052,G219L,-5.422,0.533,1.0421
4152,GOh1052_G219K,GOh1052,G219K,-5.686,0.523,1.0421
4153,GOh1052_G219M,GOh1052,G219M,-7.067,0.469,1.0421
4154,GOh1052_G219F,GOh1052,G219F,-3.195,0.620,1.0421
4155,GOh1052_G219P,GOh1052,G219P,-4.623,0.565,1.0421
4156,GOh1052_G219S,GOh1052,G219S,-3.918,0.592,1.0421
4157,GOh1052_G219T,GOh1052,G219T,-4.238,0.580,1.0421
4158,GOh1052_G219W,GOh1052,G219W,-6.053,0.509,1.0421
4159,GOh1052_G219Y,GOh1052,G219Y,-4.811,0.557,1.0421
4160,GOh1052_G219V,GOh1052,G219V,-5.068,0.547,1.0421
4161,GOh1052_S220A,GOh1052,S220A,-3.943,0.591,1.2782
4162,GOh1052_S220R,GOh1052,S220R,-5.78,0.519354712706535,1.2782
4163,GOh1052_S220N,GOh1052,S220N,-3.707,0.600,1.2782
4164,GOh1052_S220D,GOh1052,S220D,-3.478,0.609,1.2782
4165,GOh1052_S220C,GOh1052,S220C,-10.882,0.320,1.2782
4166,GOh1052_S220Q,GOh1052,S220Q,-4.889,0.554,1.2782
4167,GOh1052_S220E,GOh1052,S220E,-4.7,0.561540564821687,1.2782
4168,GOh1052_S220G,GOh1052,S220G,-2.987,0.628,1.2782
4169,GOh1052_S220H,GOh1052,S220H,-6.007,0.510,1.2782
4170,GOh1052_S220I,GOh1052,S220I,-5.812,0.518,1.2782
4171,GOh1052_S220L,GOh1052,S220L,-5.176,0.543,1.2782
4172,GOh1052_S220K,GOh1052,S220K,-4.789,0.558,1.2782
4173,GOh1052_S220M,GOh1052,S220M,-6.803,0.479,1.2782
4174,GOh1052_S220F,GOh1052,S220F,-5.998,0.511,1.2782
4175,GOh1052_S220P,GOh1052,S220P,-4.589,0.566,1.2782
4176,GOh1052_S220T,GOh1052,S220T,-3.741,0.599,1.2782
4177,GOh1052_S220W,GOh1052,S220W,-7.129,0.467,1.2782
4178,GOh1052_S220Y,GOh1052,S220Y,-5.854,0.516,1.2782
4179,GOh1052_S220V,GOh1052,S220V,-4.92,0.552947150501934,1.2782
4180,GOh1052_P221A,GOh1052,P221A,-3.873,0.594,1.0822
4181,GOh1052_P221R,GOh1052,P221R,-5.583,0.527,1.0822
4182,GOh1052_P221N,GOh1052,P221N,-4.487,0.570,1.0822
4183,GOh1052_P221D,GOh1052,P221D,-4.442,0.572,1.0822
4184,GOh1052_P221C,GOh1052,P221C,-12.449,0.259,1.0822
4185,GOh1052_P221Q,GOh1052,P221Q,-4.68,0.562321784305301,1.0822
4186,GOh1052_P221E,GOh1052,P221E,-4.614,0.565,1.0822
4187,GOh1052_P221G,GOh1052,P221G,-4.964,0.551,1.0822
4188,GOh1052_P221H,GOh1052,P221H,-6.655,0.485,1.0822
4189,GOh1052_P221I,GOh1052,P221I,-5.832,0.517,1.0822
4190,GOh1052_P221L,GOh1052,P221L,-5.59,0.526776297800867,1.0822
4191,GOh1052_P221K,GOh1052,P221K,-4.651,0.563,1.0822
4192,GOh1052_P221M,GOh1052,P221M,-7.186,0.464,1.0822
4193,GOh1052_P221F,GOh1052,P221F,-6.642,0.486,1.0822
4194,GOh1052_P221S,GOh1052,P221S,-3.62,0.603726416936838,1.0822
4195,GOh1052_P221T,GOh1052,P221T,-3.362,0.614,1.0822
4196,GOh1052_P221W,GOh1052,P221W,-8.426,0.416,1.0822
4197,GOh1052_P221Y,GOh1052,P221Y,-7.046,0.470,1.0822
4198,GOh1052_P221V,GOh1052,P221V,-4.742,0.560,1.0822
4199,GOh1052_G222A,GOh1052,G222A,-5.71,0.522088980899184,0.2469
4200,GOh1052_G222R,GOh1052,G222R,-7.322,0.459,0.2469
4201,GOh1052_G222N,GOh1052,G222N,-5.541,0.529,0.2469
4202,GOh1052_G222D,GOh1052,G222D,-5.542,0.529,0.2469
4203,GOh1052_G222C,GOh1052,G222C,-12.592,0.253,0.2469
4204,GOh1052_G222Q,GOh1052,G222Q,-6.955,0.473,0.2469
4205,GOh1052_G222E,GOh1052,G222E,-6.517,0.491,0.2469
4206,GOh1052_G222H,GOh1052,G222H,-7.607,0.448,0.2469
4207,GOh1052_G222I,GOh1052,G222I,-8.675,0.406,0.2469
4208,GOh1052_G222L,GOh1052,G222L,-7.501,0.452,0.2469
4209,GOh1052_G222K,GOh1052,G222K,-6.65,0.485371665169329,0.2469
4210,GOh1052_G222M,GOh1052,G222M,-9.298,0.382,0.2469
4211,GOh1052_G222F,GOh1052,G222F,-7.718,0.444,0.2469
4212,GOh1052_G222P,GOh1052,G222P,-6.47,0.492402640521855,0.2469
4213,GOh1052_G222S,GOh1052,G222S,-5.947,0.513,0.2469
4214,GOh1052_G222T,GOh1052,G222T,-6.544,0.490,0.2469
4215,GOh1052_G222W,GOh1052,G222W,-9.338,0.380,0.2469
4216,GOh1052_G222Y,GOh1052,G222Y,-7.278,0.461,0.2469
4217,GOh1052_G222V,GOh1052,G222V,-7.504,0.452,0.2469
4218,GOh1052_G223A,GOh1052,G223A,-8.278,0.422,0.0167
4219,GOh1052_G223R,GOh1052,G223R,-11.026,0.314,0.0167
4220,GOh1052_G223N,GOh1052,G223N,-9.091,0.390,0.0167
4221,GOh1052_G223D,GOh1052,G223D,-10.066,0.352,0.0167
4222,GOh1052_G223C,GOh1052,G223C,-12.038,0.275,0.0167
4223,GOh1052_G223Q,GOh1052,G223Q,-10.515,0.334,0.0167
4224,GOh1052_G223E,GOh1052,G223E,-10.86,0.320924963868599,0.0167
4225,GOh1052_G223H,GOh1052,G223H,-11.133,0.310,0.0167
4226,GOh1052_G223I,GOh1052,G223I,-12.156,0.270,0.0167
4227,GOh1052_G223L,GOh1052,G223L,-11.418,0.299,0.0167
4228,GOh1052_G223K,GOh1052,G223K,-10.539,0.333,0.0167
4229,GOh1052_G223M,GOh1052,G223M,-11.801,0.284,0.0167
4230,GOh1052_G223F,GOh1052,G223F,-11.53,0.294754111167533,0.0167
4231,GOh1052_G223P,GOh1052,G223P,-10.637,0.330,0.0167
4232,GOh1052_G223S,GOh1052,G223S,-7.673,0.445,0.0167
4233,GOh1052_G223T,GOh1052,G223T,-9.059,0.391,0.0167
4234,GOh1052_G223W,GOh1052,G223W,-12.089,0.273,0.0167
4235,GOh1052_G223Y,GOh1052,G223Y,-11.399,0.300,0.0167
4236,GOh1052_G223V,GOh1052,G223V,-11.019,0.315,0.0167
4237,GOh1052_I224A,GOh1052,I224A,-2.558,0.645,3.3878
4238,GOh1052_I224R,GOh1052,I224R,-1.326,0.693,3.3878
4239,GOh1052_I224N,GOh1052,I224N,-3.13,0.622866294285379,3.3878
4240,GOh1052_I224D,GOh1052,I224D,-4.098,0.585,3.3878
4241,GOh1052_I224C,GOh1052,I224C,-8.358,0.419,3.3878
4242,GOh1052_I224Q,GOh1052,I224Q,-0.654,0.720,3.3878
4243,GOh1052_I224E,GOh1052,I224E,-2.132,0.662,3.3878
4244,GOh1052_I224G,GOh1052,I224G,-3.978,0.590,3.3878
4245,GOh1052_I224H,GOh1052,I224H,-2.058,0.665,3.3878
4246,GOh1052_I224L,GOh1052,I224L,-0.92,0.709191047224718,3.3878
4247,GOh1052_I224K,GOh1052,I224K,-0.57,0.722862388187961,3.3878
4248,GOh1052_I224M,GOh1052,I224M,-2.972,0.629,3.3878
4249,GOh1052_I224F,GOh1052,I224F,-2.138,0.662,3.3878
4250,GOh1052_I224P,GOh1052,I224P,-5.477,0.531,3.3878
4251,GOh1052_I224S,GOh1052,I224S,-2.843,0.634,3.3878
4252,GOh1052_I224T,GOh1052,I224T,-2.684,0.640,3.3878
4253,GOh1052_I224W,GOh1052,I224W,-2.957,0.630,3.3878
4254,GOh1052_I224Y,GOh1052,I224Y,-1.174,0.699,3.3878
4255,GOh1052_I224V,GOh1052,I224V,-2.697,0.640,3.3878
4256,GOh1052_T225A,GOh1052,T225A,-9.035,0.392,0.0108
4257,GOh1052_T225R,GOh1052,T225R,-12.406,0.261,0.0108
4258,GOh1052_T225N,GOh1052,T225N,-9.509,0.374,0.0108
4259,GOh1052_T225D,GOh1052,T225D,-11.978,0.277,0.0108
4260,GOh1052_T225C,GOh1052,T225C,-10.503,0.335,0.0108
4261,GOh1052_T225Q,GOh1052,T225Q,-12.592,0.253,0.0108
4262,GOh1052_T225E,GOh1052,T225E,-13.382,0.222,0.0108
4263,GOh1052_T225G,GOh1052,T225G,-11.107,0.311,0.0108
4264,GOh1052_T225H,GOh1052,T225H,-13.382,0.222,0.0108
4265,GOh1052_T225I,GOh1052,T225I,-10.912,0.319,0.0108
4266,GOh1052_T225L,GOh1052,T225L,-11.645,0.290,0.0108
4267,GOh1052_T225K,GOh1052,T225K,-11.88,0.281082770204289,0.0108
4268,GOh1052_T225M,GOh1052,T225M,-10.61,0.330690207413773,0.0108
4269,GOh1052_T225F,GOh1052,T225F,-12.831,0.244,0.0108
4270,GOh1052_T225P,GOh1052,T225P,-10.38,0.339674231475333,0.0108
4271,GOh1052_T225S,GOh1052,T225S,-7.92,0.435764227959845,0.0108
4272,GOh1052_T225W,GOh1052,T225W,-14.755,0.169,0.0108
4273,GOh1052_T225Y,GOh1052,T225Y,-13.354,0.224,0.0108
4274,GOh1052_T225V,GOh1052,T225V,-10.144,0.349,0.0108
4275,GOh1052_L226A,GOh1052,L226A,-6.914,0.475,0.4371
4276,GOh1052_L226R,GOh1052,L226R,-5.699,0.523,0.4371
4277,GOh1052_L226N,GOh1052,L226N,-7.364,0.457,0.4371
4278,GOh1052_L226D,GOh1052,L226D,-8.376,0.418,0.4371
4279,GOh1052_L226C,GOh1052,L226C,-12.19,0.268973868208273,0.4371
4280,GOh1052_L226Q,GOh1052,L226Q,-4.082,0.586,0.4371
4281,GOh1052_L226E,GOh1052,L226E,-7.258,0.462,0.4371
4282,GOh1052_L226G,GOh1052,L226G,-9.434,0.377,0.4371
4283,GOh1052_L226H,GOh1052,L226H,-6.463,0.493,0.4371
4284,GOh1052_L226I,GOh1052,L226I,-4.869,0.555,0.4371
4285,GOh1052_L226K,GOh1052,L226K,-5.742,0.521,0.4371
4286,GOh1052_L226M,GOh1052,L226M,-6.11,0.506464591226905,0.4371
4287,GOh1052_L226F,GOh1052,L226F,-6.14,0.505292762001484,0.4371
4288,GOh1052_L226P,GOh1052,L226P,-9.351,0.380,0.4371
4289,GOh1052_L226S,GOh1052,L226S,-7.734,0.443,0.4371
4290,GOh1052_L226T,GOh1052,L226T,-6.602,0.487,0.4371
4291,GOh1052_L226W,GOh1052,L226W,-7.304,0.460,0.4371
4292,GOh1052_L226Y,GOh1052,L226Y,-5.725,0.522,0.4371
4293,GOh1052_L226V,GOh1052,L226V,-5.178,0.543,0.4371
4294,GOh1052_T227A,GOh1052,T227A,-6.569,0.489,0.0535
4295,GOh1052_T227R,GOh1052,T227R,-14.01,0.197882895199406,0.0535
4296,GOh1052_T227N,GOh1052,T227N,-9.398,0.378,0.0535
4297,GOh1052_T227D,GOh1052,T227D,-13.329,0.224,0.0535
4298,GOh1052_T227C,GOh1052,T227C,-11.018,0.315,0.0535
4299,GOh1052_T227Q,GOh1052,T227Q,-11.955,0.278,0.0535
4300,GOh1052_T227E,GOh1052,T227E,-13.561,0.215,0.0535
4301,GOh1052_T227G,GOh1052,T227G,-10.586,0.332,0.0535
4302,GOh1052_T227H,GOh1052,T227H,-12.61,0.252568259052381,0.0535
4303,GOh1052_T227I,GOh1052,T227I,-8.945,0.396,0.0535
4304,GOh1052_T227L,GOh1052,T227L,-9.129,0.389,0.0535
4305,GOh1052_T227K,GOh1052,T227K,-13.777,0.207,0.0535
4306,GOh1052_T227M,GOh1052,T227M,-9.824,0.361,0.0535
4307,GOh1052_T227F,GOh1052,T227F,-11.225,0.307,0.0535
4308,GOh1052_T227P,GOh1052,T227P,-11.107,0.311,0.0535
4309,GOh1052_T227S,GOh1052,T227S,-6.479,0.492,0.0535
4310,GOh1052_T227W,GOh1052,T227W,-14.662,0.172,0.0535
4311,GOh1052_T227Y,GOh1052,T227Y,-11.439,0.298,0.0535
4312,GOh1052_T227V,GOh1052,T227V,-6.625,0.486,0.0535
4313,GOh1052_S228A,GOh1052,S228A,-3.908,0.592,0.5524
4314,GOh1052_S228R,GOh1052,S228R,-7.426,0.455,0.5524
4315,GOh1052_S228N,GOh1052,S228N,-8.09,0.429123862349127,0.5524
4316,GOh1052_S228D,GOh1052,S228D,-9.074,0.391,0.5524
4317,GOh1052_S228C,GOh1052,S228C,-9.237,0.384,0.5524
4318,GOh1052_S228Q,GOh1052,S228Q,-8.771,0.403,0.5524
4319,GOh1052_S228E,GOh1052,S228E,-10.197,0.347,0.5524
4320,GOh1052_S228G,GOh1052,S228G,-7.341,0.458,0.5524
4321,GOh1052_S228H,GOh1052,S228H,-10.048,0.353,0.5524
4322,GOh1052_S228I,GOh1052,S228I,-10.055,0.352,0.5524
4323,GOh1052_S228L,GOh1052,S228L,-10.142,0.349,0.5524
4324,GOh1052_S228K,GOh1052,S228K,-8.841,0.400,0.5524
4325,GOh1052_S228M,GOh1052,S228M,-9.385,0.379,0.5524
4326,GOh1052_S228F,GOh1052,S228F,-10.879,0.320,0.5524
4327,GOh1052_S228P,GOh1052,S228P,-11.965,0.278,0.5524
4328,GOh1052_S228T,GOh1052,S228T,-2.476,0.648,0.5524
4329,GOh1052_S228W,GOh1052,S228W,-12.043,0.275,0.5524
4330,GOh1052_S228Y,GOh1052,S228Y,-10.818,0.323,0.5524
4331,GOh1052_S228V,GOh1052,S228V,-7.235,0.463,0.5524
4332,GOh1052_S229A,GOh1052,S229A,-4.599,0.565,1.6207
4333,GOh1052_S229R,GOh1052,S229R,-5.544,0.529,1.6207
4334,GOh1052_S229N,GOh1052,S229N,-6.07,0.508027030194133,1.6207
4335,GOh1052_S229D,GOh1052,S229D,-6.816,0.479,1.6207
4336,GOh1052_S229C,GOh1052,S229C,-11.139,0.310,1.6207
4337,GOh1052_S229Q,GOh1052,S229Q,-4.843,0.556,1.6207
4338,GOh1052_S229E,GOh1052,S229E,-5.363,0.536,1.6207
4339,GOh1052_S229G,GOh1052,S229G,-7.565,0.450,1.6207
4340,GOh1052_S229H,GOh1052,S229H,-7.179,0.465,1.6207
4341,GOh1052_S229I,GOh1052,S229I,-2.358,0.653,1.6207
4342,GOh1052_S229L,GOh1052,S229L,-2.206,0.659,1.6207
4343,GOh1052_S229K,GOh1052,S229K,-6.905,0.475,1.6207
4344,GOh1052_S229M,GOh1052,S229M,-4.279,0.578,1.6207
4345,GOh1052_S229F,GOh1052,S229F,-4.153,0.583,1.6207
4346,GOh1052_S229P,GOh1052,S229P,-11.359,0.301,1.6207
4347,GOh1052_S229T,GOh1052,S229T,-3.302,0.616,1.6207
4348,GOh1052_S229W,GOh1052,S229W,-5.447,0.532,1.6207
4349,GOh1052_S229Y,GOh1052,S229Y,-5.594,0.527,1.6207
4350,GOh1052_S229V,GOh1052,S229V,-2.71,0.639271903441272,1.6207
4351,GOh1052_W230A,GOh1052,W230A,-12.702,0.249,0.4107
4352,GOh1052_W230R,GOh1052,W230R,-11.855,0.282,0.4107
4353,GOh1052_W230N,GOh1052,W230N,-13.744,0.208,0.4107
4354,GOh1052_W230D,GOh1052,W230D,-15.559,0.137,0.4107
4355,GOh1052_W230C,GOh1052,W230C,-11.243,0.306,0.4107
4356,GOh1052_W230Q,GOh1052,W230Q,-13.893,0.202,0.4107
4357,GOh1052_W230E,GOh1052,W230E,-15.636,0.134,0.4107
4358,GOh1052_W230G,GOh1052,W230G,-15.086,0.156,0.4107
4359,GOh1052_W230H,GOh1052,W230H,-10.132,0.349,0.4107
4360,GOh1052_W230I,GOh1052,W230I,-9.185,0.386,0.4107
4361,GOh1052_W230L,GOh1052,W230L,-7.216,0.463,0.4107
4362,GOh1052_W230K,GOh1052,W230K,-14.224,0.190,0.4107
4363,GOh1052_W230M,GOh1052,W230M,-8.907,0.397,0.4107
4364,GOh1052_W230F,GOh1052,W230F,-3.938,0.591,0.4107
4365,GOh1052_W230P,GOh1052,W230P,-16.531,0.099,0.4107
4366,GOh1052_W230S,GOh1052,W230S,-13.409,0.221,0.4107
4367,GOh1052_W230T,GOh1052,W230T,-12.747,0.247,0.4107
4368,GOh1052_W230Y,GOh1052,W230Y,-3.022,0.627,0.4107
4369,GOh1052_W230V,GOh1052,W230V,-9.689,0.367,0.4107
4370,GOh1052_D231A,GOh1052,D231A,-10.0,0.354517401663998,0.1374
4371,GOh1052_D231R,GOh1052,D231R,-10.308,0.342,0.1374
4372,GOh1052_D231N,GOh1052,D231N,-4.289,0.578,0.1374
4373,GOh1052_D231C,GOh1052,D231C,-12.721,0.248,0.1374
4374,GOh1052_D231Q,GOh1052,D231Q,-9.581,0.371,0.1374
4375,GOh1052_D231E,GOh1052,D231E,-7.923,0.436,0.1374
4376,GOh1052_D231G,GOh1052,D231G,-12.735,0.248,0.1374
4377,GOh1052_D231H,GOh1052,D231H,-9.989,0.355,0.1374
4378,GOh1052_D231I,GOh1052,D231I,-8.362,0.418,0.1374
4379,GOh1052_D231L,GOh1052,D231L,-10.076,0.352,0.1374
4380,GOh1052_D231K,GOh1052,D231K,-9.878,0.359,0.1374
4381,GOh1052_D231M,GOh1052,D231M,-10.938,0.318,0.1374
4382,GOh1052_D231F,GOh1052,D231F,-10.611,0.331,0.1374
4383,GOh1052_D231P,GOh1052,D231P,-16.679,0.094,0.1374
4384,GOh1052_D231S,GOh1052,D231S,-7.617,0.448,0.1374
4385,GOh1052_D231T,GOh1052,D231T,-7.088,0.468,0.1374
4386,GOh1052_D231W,GOh1052,D231W,-11.434,0.299,0.1374
4387,GOh1052_D231Y,GOh1052,D231Y,-9.562,0.372,0.1374
4388,GOh1052_D231V,GOh1052,D231V,-7.968,0.434,0.1374
4389,GOh1052_P232A,GOh1052,P232A,-7.797,0.441,0.0408
4390,GOh1052_P232R,GOh1052,P232R,-10.756,0.325,0.0408
4391,GOh1052_P232N,GOh1052,P232N,-11.912,0.280,0.0408
4392,GOh1052_P232D,GOh1052,P232D,-13.069,0.235,0.0408
4393,GOh1052_P232C,GOh1052,P232C,-12.723,0.248,0.0408
4394,GOh1052_P232Q,GOh1052,P232Q,-9.817,0.362,0.0408
4395,GOh1052_P232E,GOh1052,P232E,-11.268,0.305,0.0408
4396,GOh1052_P232G,GOh1052,P232G,-10.932,0.318,0.0408
4397,GOh1052_P232H,GOh1052,P232H,-11.661,0.290,0.0408
4398,GOh1052_P232I,GOh1052,P232I,-7.659,0.446,0.0408
4399,GOh1052_P232L,GOh1052,P232L,-7.453,0.454,0.0408
4400,GOh1052_P232K,GOh1052,P232K,-11.097,0.312,0.0408
4401,GOh1052_P232M,GOh1052,P232M,-9.254,0.384,0.0408
4402,GOh1052_P232F,GOh1052,P232F,-8.681,0.406,0.0408
4403,GOh1052_P232S,GOh1052,P232S,-8.573,0.410,0.0408
4404,GOh1052_P232T,GOh1052,P232T,-8.179,0.426,0.0408
4405,GOh1052_P232W,GOh1052,P232W,-10.863,0.321,0.0408
4406,GOh1052_P232Y,GOh1052,P232Y,-9.361,0.379,0.0408
4407,GOh1052_P232V,GOh1052,P232V,-7.226,0.463,0.0408
4408,GOh1052_S233A,GOh1052,S233A,-2.813,0.635,1.4698
4409,GOh1052_S233R,GOh1052,S233R,-3.372,0.613,1.4698
4410,GOh1052_S233N,GOh1052,S233N,-3.748,0.599,1.4698
4411,GOh1052_S233D,GOh1052,S233D,-5.769,0.520,1.4698
4412,GOh1052_S233C,GOh1052,S233C,-9.781,0.363,1.4698
4413,GOh1052_S233Q,GOh1052,S233Q,-4.774,0.559,1.4698
4414,GOh1052_S233E,GOh1052,S233E,-5.457,0.532,1.4698
4415,GOh1052_S233G,GOh1052,S233G,-5.603,0.526,1.4698
4416,GOh1052_S233H,GOh1052,S233H,-6.96,0.473262763173314,1.4698
4417,GOh1052_S233I,GOh1052,S233I,-4.878,0.555,1.4698
4418,GOh1052_S233L,GOh1052,S233L,-4.75,0.559587516112652,1.4698
4419,GOh1052_S233K,GOh1052,S233K,-2.549,0.646,1.4698
4420,GOh1052_S233M,GOh1052,S233M,-6.571,0.488,1.4698
4421,GOh1052_S233F,GOh1052,S233F,-6.29,0.49943361587438,1.4698
4422,GOh1052_S233P,GOh1052,S233P,-11.404,0.300,1.4698
4423,GOh1052_S233T,GOh1052,S233T,-3.988,0.589,1.4698
4424,GOh1052_S233W,GOh1052,S233W,-6.91,0.475215811882348,1.4698
4425,GOh1052_S233Y,GOh1052,S233Y,-5.338,0.537,1.4698
4426,GOh1052_S233V,GOh1052,S233V,-3.592,0.605,1.4698
4427,GOh1052_T234A,GOh1052,T234A,-9.029,0.392,0.0449
4428,GOh1052_T234R,GOh1052,T234R,-9.446,0.376,0.0449
4429,GOh1052_T234N,GOh1052,T234N,-8.08,0.429514472090934,0.0449
4430,GOh1052_T234D,GOh1052,T234D,-11.208,0.307,0.0449
4431,GOh1052_T234C,GOh1052,T234C,-13.124,0.232,0.0449
4432,GOh1052_T234Q,GOh1052,T234Q,-10.516,0.334,0.0449
4433,GOh1052_T234E,GOh1052,T234E,-12.584,0.254,0.0449
4434,GOh1052_T234G,GOh1052,T234G,-11.194,0.308,0.0449
4435,GOh1052_T234H,GOh1052,T234H,-13.652,0.212,0.0449
4436,GOh1052_T234I,GOh1052,T234I,-10.935,0.318,0.0449
4437,GOh1052_T234L,GOh1052,T234L,-9.421,0.377,0.0449
4438,GOh1052_T234K,GOh1052,T234K,-8.05,0.430686301316355,0.0449
4439,GOh1052_T234M,GOh1052,T234M,-11.729,0.287,0.0449
4440,GOh1052_T234F,GOh1052,T234F,-13.356,0.223,0.0449
4441,GOh1052_T234P,GOh1052,T234P,-14.999,0.159,0.0449
4442,GOh1052_T234S,GOh1052,T234S,-5.756,0.520,0.0449
4443,GOh1052_T234W,GOh1052,T234W,-14.829,0.166,0.0449
4444,GOh1052_T234Y,GOh1052,T234Y,-13.205,0.229,0.0449
4445,GOh1052_T234V,GOh1052,T234V,-11.062,0.313,0.0449
4446,GOh1052_G235A,GOh1052,G235A,-8.977,0.394,0.1148
4447,GOh1052_G235R,GOh1052,G235R,-8.429,0.416,0.1148
4448,GOh1052_G235N,GOh1052,G235N,-4.621,0.565,0.1148
4449,GOh1052_G235D,GOh1052,G235D,-7.479,0.453,0.1148
4450,GOh1052_G235C,GOh1052,G235C,-11.628,0.291,0.1148
4451,GOh1052_G235Q,GOh1052,G235Q,-7.665,0.446,0.1148
4452,GOh1052_G235E,GOh1052,G235E,-9.271,0.383,0.1148
4453,GOh1052_G235H,GOh1052,G235H,-9.477,0.375,0.1148
4454,GOh1052_G235I,GOh1052,G235I,-13.826,0.205,0.1148
4455,GOh1052_G235L,GOh1052,G235L,-9.493,0.374,0.1148
4456,GOh1052_G235K,GOh1052,G235K,-7.719,0.444,0.1148
4457,GOh1052_G235M,GOh1052,G235M,-9.722,0.365,0.1148
4458,GOh1052_G235F,GOh1052,G235F,-11.026,0.314,0.1148
4459,GOh1052_G235P,GOh1052,G235P,-13.842,0.204,0.1148
4460,GOh1052_G235S,GOh1052,G235S,-7.494,0.452,0.1148
4461,GOh1052_G235T,GOh1052,G235T,-10.16,0.348267645795086,0.1148
4462,GOh1052_G235W,GOh1052,G235W,-11.358,0.301,0.1148
4463,GOh1052_G235Y,GOh1052,G235Y,-11.0,0.315456427483301,0.1148
4464,GOh1052_G235V,GOh1052,G235V,-12.723,0.248,0.1148
4465,GOh1052_I236A,GOh1052,I236A,-2.301,0.655,2.2741
4466,GOh1052_I236R,GOh1052,I236R,-4.173,0.582,2.2741
4467,GOh1052_I236N,GOh1052,I236N,-2.787,0.636,2.2741
4468,GOh1052_I236D,GOh1052,I236D,-4.794,0.558,2.2741
4469,GOh1052_I236C,GOh1052,I236C,-10.827,0.322,2.2741
4470,GOh1052_I236Q,GOh1052,I236Q,-2.807,0.635,2.2741
4471,GOh1052_I236E,GOh1052,I236E,-3.786,0.597,2.2741
4472,GOh1052_I236G,GOh1052,I236G,-5.527,0.529,2.2741
4473,GOh1052_I236H,GOh1052,I236H,-6.41,0.494746298972696,2.2741
4474,GOh1052_I236L,GOh1052,I236L,-4.25,0.579118003203,2.2741
4475,GOh1052_I236K,GOh1052,I236K,-2.095,0.663,2.2741
4476,GOh1052_I236M,GOh1052,I236M,-5.604,0.526,2.2741
4477,GOh1052_I236F,GOh1052,I236F,-6.82,0.478731299558611,2.2741
4478,GOh1052_I236P,GOh1052,I236P,-9.863,0.360,2.2741
4479,GOh1052_I236S,GOh1052,I236S,-3.24,0.618569587125503,2.2741
4480,GOh1052_I236T,GOh1052,I236T,-2.239,0.658,2.2741
4481,GOh1052_I236W,GOh1052,I236W,-8.693,0.406,2.2741
4482,GOh1052_I236Y,GOh1052,I236Y,-6.545,0.489,2.2741
4483,GOh1052_I236V,GOh1052,I236V,-2.084,0.664,2.2741
4484,GOh1052_V237A,GOh1052,V237A,-5.745,0.521,0.3053
4485,GOh1052_V237R,GOh1052,V237R,-7.318,0.459,0.3053
4486,GOh1052_V237N,GOh1052,V237N,-7.09,0.468184836529823,0.3053
4487,GOh1052_V237D,GOh1052,V237D,-9.072,0.391,0.3053
4488,GOh1052_V237C,GOh1052,V237C,-10.172,0.348,0.3053
4489,GOh1052_V237Q,GOh1052,V237Q,-7.224,0.463,0.3053
4490,GOh1052_V237E,GOh1052,V237E,-8.873,0.399,0.3053
4491,GOh1052_V237G,GOh1052,V237G,-9.01,0.393187766102887,0.3053
4492,GOh1052_V237H,GOh1052,V237H,-6.658,0.485,0.3053
4493,GOh1052_V237I,GOh1052,V237I,-4.571,0.567,0.3053
4494,GOh1052_V237L,GOh1052,V237L,-5.297,0.538,0.3053
4495,GOh1052_V237K,GOh1052,V237K,-6.411,0.495,0.3053
4496,GOh1052_V237M,GOh1052,V237M,-7.001,0.472,0.3053
4497,GOh1052_V237F,GOh1052,V237F,-7.361,0.458,0.3053
4498,GOh1052_V237P,GOh1052,V237P,-8.053,0.431,0.3053
4499,GOh1052_V237S,GOh1052,V237S,-6.401,0.495,0.3053
4500,GOh1052_V237T,GOh1052,V237T,-5.389,0.535,0.3053
4501,GOh1052_V237W,GOh1052,V237W,-8.738,0.404,0.3053
4502,GOh1052_V237Y,GOh1052,V237Y,-7.595,0.448,0.3053
4503,GOh1052_S238A,GOh1052,S238A,-5.499,0.530,0.5187
4504,GOh1052_S238R,GOh1052,S238R,-5.983,0.511,0.5187
4505,GOh1052_S238N,GOh1052,S238N,-5.938,0.513,0.5187
4506,GOh1052_S238D,GOh1052,S238D,-6.845,0.478,0.5187
4507,GOh1052_S238C,GOh1052,S238C,-11.782,0.285,0.5187
4508,GOh1052_S238Q,GOh1052,S238Q,-5.229,0.541,0.5187
4509,GOh1052_S238E,GOh1052,S238E,-5.957,0.512,0.5187
4510,GOh1052_S238G,GOh1052,S238G,-6.746,0.482,0.5187
4511,GOh1052_S238H,GOh1052,S238H,-7.705,0.444,0.5187
4512,GOh1052_S238I,GOh1052,S238I,-7.636,0.447,0.5187
4513,GOh1052_S238L,GOh1052,S238L,-7.784,0.441,0.5187
4514,GOh1052_S238K,GOh1052,S238K,-4.769,0.559,0.5187
4515,GOh1052_S238M,GOh1052,S238M,-9.064,0.391,0.5187
4516,GOh1052_S238F,GOh1052,S238F,-9.231,0.385,0.5187
4517,GOh1052_S238P,GOh1052,S238P,-10.978,0.316,0.5187
4518,GOh1052_S238T,GOh1052,S238T,-3.151,0.622,0.5187
4519,GOh1052_S238W,GOh1052,S238W,-10.747,0.325,0.5187
4520,GOh1052_S238Y,GOh1052,S238Y,-8.29,0.421311667512988,0.5187
4521,GOh1052_S238V,GOh1052,S238V,-6.811,0.479,0.5187
4522,GOh1052_D239A,GOh1052,D239A,-3.735,0.599,1.9057
4523,GOh1052_D239R,GOh1052,D239R,-5.596,0.527,1.9057
4524,GOh1052_D239N,GOh1052,D239N,-3.718,0.600,1.9057
4525,GOh1052_D239C,GOh1052,D239C,-11.619,0.291,1.9057
4526,GOh1052_D239Q,GOh1052,D239Q,-1.092,0.702,1.9057
4527,GOh1052_D239E,GOh1052,D239E,-1.422,0.690,1.9057
4528,GOh1052_D239G,GOh1052,D239G,-5.182,0.543,1.9057
4529,GOh1052_D239H,GOh1052,D239H,-6.53,0.490058982071013,1.9057
4530,GOh1052_D239I,GOh1052,D239I,-8.144,0.427,1.9057
4531,GOh1052_D239L,GOh1052,D239L,-6.934,0.474,1.9057
4532,GOh1052_D239K,GOh1052,D239K,-3.978,0.590,1.9057
4533,GOh1052_D239M,GOh1052,D239M,-7.623,0.447,1.9057
4534,GOh1052_D239F,GOh1052,D239F,-8.644,0.407,1.9057
4535,GOh1052_D239P,GOh1052,D239P,-3.908,0.592,1.9057
4536,GOh1052_D239S,GOh1052,D239S,-3.295,0.616,1.9057
4537,GOh1052_D239T,GOh1052,D239T,-3.85,0.594742392875278,1.9057
4538,GOh1052_D239W,GOh1052,D239W,-9.578,0.371,1.9057
4539,GOh1052_D239Y,GOh1052,D239Y,-7.046,0.470,1.9057
4540,GOh1052_D239V,GOh1052,D239V,-6.611,0.487,1.9057
4541,GOh1052_R240A,GOh1052,R240A,-9.133,0.388,0.0729
4542,GOh1052_R240N,GOh1052,R240N,-10.136,0.349,0.0729
4543,GOh1052_R240D,GOh1052,R240D,-12.305,0.264,0.0729
4544,GOh1052_R240C,GOh1052,R240C,-14.033,0.197,0.0729
4545,GOh1052_R240Q,GOh1052,R240Q,-7.958,0.434,0.0729
4546,GOh1052_R240E,GOh1052,R240E,-10.552,0.333,0.0729
4547,GOh1052_R240G,GOh1052,R240G,-10.261,0.344,0.0729
4548,GOh1052_R240H,GOh1052,R240H,-8.486,0.414,0.0729
4549,GOh1052_R240I,GOh1052,R240I,-10.898,0.319,0.0729
4550,GOh1052_R240L,GOh1052,R240L,-9.32,0.381078864106871,0.0729
4551,GOh1052_R240K,GOh1052,R240K,-5.025,0.549,0.0729
4552,GOh1052_R240M,GOh1052,R240M,-9.147,0.388,0.0729
4553,GOh1052_R240F,GOh1052,R240F,-12.152,0.270,0.0729
4554,GOh1052_R240P,GOh1052,R240P,-12.467,0.258,0.0729
4555,GOh1052_R240S,GOh1052,R240S,-9.902,0.358,0.0729
4556,GOh1052_R240T,GOh1052,R240T,-10.109,0.350,0.0729
4557,GOh1052_R240W,GOh1052,R240W,-13.196,0.230,0.0729
4558,GOh1052_R240Y,GOh1052,R240Y,-11.666,0.289,0.0729
4559,GOh1052_R240V,GOh1052,R240V,-10.118,0.350,0.0729
4560,GOh1052_T241A,GOh1052,T241A,-3.78,0.597476661067927,1.6352
4561,GOh1052_T241R,GOh1052,T241R,-3.622,0.604,1.6352
4562,GOh1052_T241N,GOh1052,T241N,-3.5,0.608413733838522,1.6352
4563,GOh1052_T241D,GOh1052,T241D,-4.934,0.552,1.6352
4564,GOh1052_T241C,GOh1052,T241C,-11.75,0.286160696847779,1.6352
4565,GOh1052_T241Q,GOh1052,T241Q,-3.238,0.619,1.6352
4566,GOh1052_T241E,GOh1052,T241E,-3.978,0.590,1.6352
4567,GOh1052_T241G,GOh1052,T241G,-6.306,0.499,1.6352
4568,GOh1052_T241H,GOh1052,T241H,-5.877,0.516,1.6352
4569,GOh1052_T241I,GOh1052,T241I,-4.203,0.581,1.6352
4570,GOh1052_T241L,GOh1052,T241L,-3.607,0.604,1.6352
4571,GOh1052_T241K,GOh1052,T241K,-3.199,0.620,1.6352
4572,GOh1052_T241M,GOh1052,T241M,-5.323,0.537,1.6352
4573,GOh1052_T241F,GOh1052,T241F,-6.006,0.511,1.6352
4574,GOh1052_T241P,GOh1052,T241P,-4.206,0.581,1.6352
4575,GOh1052_T241S,GOh1052,T241S,-4.514,0.569,1.6352
4576,GOh1052_T241W,GOh1052,T241W,-7.837,0.439,1.6352
4577,GOh1052_T241Y,GOh1052,T241Y,-5.547,0.528,1.6352
4578,GOh1052_T241V,GOh1052,T241V,-3.453,0.610,1.6352
4579,GOh1052_V242A,GOh1052,V242A,-7.909,0.436,0.0502
4580,GOh1052_V242R,GOh1052,V242R,-11.248,0.306,0.0502
4581,GOh1052_V242N,GOh1052,V242N,-10.612,0.331,0.0502
4582,GOh1052_V242D,GOh1052,V242D,-12.168,0.270,0.0502
4583,GOh1052_V242C,GOh1052,V242C,-12.35,0.262724112339362,0.0502
4584,GOh1052_V242Q,GOh1052,V242Q,-10.803,0.323,0.0502
4585,GOh1052_V242E,GOh1052,V242E,-11.029,0.314,0.0502
4586,GOh1052_V242G,GOh1052,V242G,-11.554,0.294,0.0502
4587,GOh1052_V242H,GOh1052,V242H,-12.756,0.247,0.0502
4588,GOh1052_V242I,GOh1052,V242I,-5.706,0.522,0.0502
4589,GOh1052_V242L,GOh1052,V242L,-7.972,0.434,0.0502
4590,GOh1052_V242K,GOh1052,V242K,-10.231,0.345,0.0502
4591,GOh1052_V242M,GOh1052,V242M,-9.389,0.378,0.0502
4592,GOh1052_V242F,GOh1052,V242F,-10.318,0.342,0.0502
4593,GOh1052_V242P,GOh1052,V242P,-8.924,0.397,0.0502
4594,GOh1052_V242S,GOh1052,V242S,-10.693,0.327,0.0502
4595,GOh1052_V242T,GOh1052,V242T,-8.624,0.408,0.0502
4596,GOh1052_V242W,GOh1052,V242W,-13.461,0.219,0.0502
4597,GOh1052_V242Y,GOh1052,V242Y,-11.426,0.299,0.0502
4598,GOh1052_T243A,GOh1052,T243A,-4.193,0.581,0.5072
4599,GOh1052_T243R,GOh1052,T243R,-7.948,0.435,0.5072
4600,GOh1052_T243N,GOh1052,T243N,-5.832,0.517,0.5072
4601,GOh1052_T243D,GOh1052,T243D,-7.767,0.442,0.5072
4602,GOh1052_T243C,GOh1052,T243C,-12.462,0.258,0.5072
4603,GOh1052_T243Q,GOh1052,T243Q,-7.868,0.438,0.5072
4604,GOh1052_T243E,GOh1052,T243E,-8.478,0.414,0.5072
4605,GOh1052_T243G,GOh1052,T243G,-7.408,0.456,0.5072
4606,GOh1052_T243H,GOh1052,T243H,-9.442,0.376,0.5072
4607,GOh1052_T243I,GOh1052,T243I,-8.725,0.404,0.5072
4608,GOh1052_T243L,GOh1052,T243L,-8.241,0.423,0.5072
4609,GOh1052_T243K,GOh1052,T243K,-6.948,0.474,0.5072
4610,GOh1052_T243M,GOh1052,T243M,-9.228,0.385,0.5072
4611,GOh1052_T243F,GOh1052,T243F,-10.206,0.346,0.5072
4612,GOh1052_T243P,GOh1052,T243P,-7.204,0.464,0.5072
4613,GOh1052_T243S,GOh1052,T243S,-2.759,0.637,0.5072
4614,GOh1052_T243W,GOh1052,T243W,-11.959,0.278,0.5072
4615,GOh1052_T243Y,GOh1052,T243Y,-10.196,0.347,0.5072
4616,GOh1052_T243V,GOh1052,T243V,-7.724,0.443,0.5072
4617,GOh1052_V244A,GOh1052,V244A,-2.33,0.654115073629936,2.8915
4618,GOh1052_V244R,GOh1052,V244R,-3.444,0.611,2.8915
4619,GOh1052_V244N,GOh1052,V244N,-0.308,0.733,2.8915
4620,GOh1052_V244D,GOh1052,V244D,-2.108,0.663,2.8915
4621,GOh1052_V244C,GOh1052,V244C,-9.91,0.35803288934026,2.8915
4622,GOh1052_V244Q,GOh1052,V244Q,-1.239,0.697,2.8915
4623,GOh1052_V244E,GOh1052,V244E,-1.51,0.686145072458107,2.8915
4624,GOh1052_V244G,GOh1052,V244G,-3.276,0.617,2.8915
4625,GOh1052_V244H,GOh1052,V244H,-3.487,0.609,2.8915
4626,GOh1052_V244I,GOh1052,V244I,-4.898,0.554,2.8915
4627,GOh1052_V244L,GOh1052,V244L,-4.01,0.588492637006367,2.8915
4628,GOh1052_V244K,GOh1052,V244K,-2.252,0.657,2.8915
4629,GOh1052_V244M,GOh1052,V244M,-5.253,0.540,2.8915
4630,GOh1052_V244F,GOh1052,V244F,-5.237,0.541,2.8915
4631,GOh1052_V244P,GOh1052,V244P,-5.917,0.514,2.8915
4632,GOh1052_V244S,GOh1052,V244S,-2.036,0.666,2.8915
4633,GOh1052_V244T,GOh1052,V244T,-2.299,0.655,2.8915
4634,GOh1052_V244W,GOh1052,V244W,-6.806,0.479,2.8915
4635,GOh1052_V244Y,GOh1052,V244Y,-4.335,0.576,2.8915
4636,GOh1052_T245A,GOh1052,T245A,-8.179,0.426,0.0193
4637,GOh1052_T245R,GOh1052,T245R,-13.0,0.237334479121909,0.0193
4638,GOh1052_T245N,GOh1052,T245N,-9.64,0.368579352369048,0.0193
4639,GOh1052_T245D,GOh1052,T245D,-11.356,0.302,0.0193
4640,GOh1052_T245C,GOh1052,T245C,-13.066,0.235,0.0193
4641,GOh1052_T245Q,GOh1052,T245Q,-11.206,0.307,0.0193
4642,GOh1052_T245E,GOh1052,T245E,-11.391,0.300,0.0193
4643,GOh1052_T245G,GOh1052,T245G,-11.081,0.312,0.0193
4644,GOh1052_T245H,GOh1052,T245H,-12.199,0.269,0.0193
4645,GOh1052_T245I,GOh1052,T245I,-9.616,0.370,0.0193
4646,GOh1052_T245L,GOh1052,T245L,-9.984,0.355,0.0193
4647,GOh1052_T245K,GOh1052,T245K,-11.947,0.278,0.0193
4648,GOh1052_T245M,GOh1052,T245M,-10.105,0.350,0.0193
4649,GOh1052_T245F,GOh1052,T245F,-12.15,0.270536307175501,0.0193
4650,GOh1052_T245P,GOh1052,T245P,-10.394,0.339,0.0193
4651,GOh1052_T245S,GOh1052,T245S,-7.83,0.439279715636108,0.0193
4652,GOh1052_T245W,GOh1052,T245W,-14.242,0.189,0.0193
4653,GOh1052_T245Y,GOh1052,T245Y,-12.501,0.257,0.0193
4654,GOh1052_T245V,GOh1052,T245V,-7.799,0.440,0.0193
4655,GOh1052_K246A,GOh1052,K246A,-6.245,0.501,0.7058
4656,GOh1052_K246R,GOh1052,K246R,-5.046,0.548,0.7058
4657,GOh1052_K246N,GOh1052,K246N,-3.721,0.600,0.7058
4658,GOh1052_K246D,GOh1052,K246D,-5.923,0.514,0.7058
4659,GOh1052_K246C,GOh1052,K246C,-12.215,0.268,0.7058
4660,GOh1052_K246Q,GOh1052,K246Q,-4.568,0.567,0.7058
4661,GOh1052_K246E,GOh1052,K246E,-5.937,0.513,0.7058
4662,GOh1052_K246G,GOh1052,K246G,-3.166,0.621,0.7058
4663,GOh1052_K246H,GOh1052,K246H,-5.176,0.543,0.7058
4664,GOh1052_K246I,GOh1052,K246I,-9.605,0.370,0.7058
4665,GOh1052_K246L,GOh1052,K246L,-6.774,0.481,0.7058
4666,GOh1052_K246M,GOh1052,K246M,-7.766,0.442,0.7058
4667,GOh1052_K246F,GOh1052,K246F,-8.13,0.427561423381899,0.7058
4668,GOh1052_K246P,GOh1052,K246P,-8.269,0.422,0.7058
4669,GOh1052_K246S,GOh1052,K246S,-5.406,0.534,0.7058
4670,GOh1052_K246T,GOh1052,K246T,-6.581,0.488,0.7058
4671,GOh1052_K246W,GOh1052,K246W,-9.988,0.355,0.7058
4672,GOh1052_K246Y,GOh1052,K246Y,-8.028,0.432,0.7058
4673,GOh1052_K246V,GOh1052,K246V,-8.732,0.404,0.7058
4674,GOh1052_H247A,GOh1052,H247A,-11.969,0.278,0.0049
4675,GOh1052_H247R,GOh1052,H247R,-11.917,0.280,0.0049
4676,GOh1052_H247N,GOh1052,H247N,-9.262,0.383,0.0049
4677,GOh1052_H247D,GOh1052,H247D,-10.288,0.343,0.0049
4678,GOh1052_H247C,GOh1052,H247C,-14.598,0.175,0.0049
4679,GOh1052_H247Q,GOh1052,H247Q,-9.392,0.378,0.0049
4680,GOh1052_H247E,GOh1052,H247E,-11.846,0.282,0.0049
4681,GOh1052_H247G,GOh1052,H247G,-12.474,0.258,0.0049
4682,GOh1052_H247I,GOh1052,H247I,-12.807,0.245,0.0049
4683,GOh1052_H247L,GOh1052,H247L,-11.905,0.280,0.0049
4684,GOh1052_H247K,GOh1052,H247K,-13.113,0.233,0.0049
4685,GOh1052_H247M,GOh1052,H247M,-12.902,0.241,0.0049
4686,GOh1052_H247F,GOh1052,H247F,-12.351,0.263,0.0049
4687,GOh1052_H247P,GOh1052,H247P,-13.389,0.222,0.0049
4688,GOh1052_H247S,GOh1052,H247S,-11.652,0.290,0.0049
4689,GOh1052_H247T,GOh1052,H247T,-11.699,0.288,0.0049
4690,GOh1052_H247W,GOh1052,H247W,-13.604,0.214,0.0049
4691,GOh1052_H247Y,GOh1052,H247Y,-10.635,0.330,0.0049
4692,GOh1052_H247V,GOh1052,H247V,-12.611,0.253,0.0049
4693,GOh1052_D248A,GOh1052,D248A,-11.123,0.311,0.0088
4694,GOh1052_D248R,GOh1052,D248R,-13.4,0.221710089449631,0.0088
4695,GOh1052_D248N,GOh1052,D248N,-8.59,0.409593375258779,0.0088
4696,GOh1052_D248C,GOh1052,D248C,-13.757,0.208,0.0088
4697,GOh1052_D248Q,GOh1052,D248Q,-10.005,0.354,0.0088
4698,GOh1052_D248E,GOh1052,D248E,-8.131,0.428,0.0088
4699,GOh1052_D248G,GOh1052,D248G,-10.611,0.331,0.0088
4700,GOh1052_D248H,GOh1052,D248H,-11.792,0.285,0.0088
4701,GOh1052_D248I,GOh1052,D248I,-13.635,0.213,0.0088
4702,GOh1052_D248L,GOh1052,D248L,-13.691,0.210,0.0088
4703,GOh1052_D248K,GOh1052,D248K,-12.552,0.255,0.0088
4704,GOh1052_D248M,GOh1052,D248M,-14.255,0.188,0.0088
4705,GOh1052_D248F,GOh1052,D248F,-15.065,0.157,0.0088
4706,GOh1052_D248P,GOh1052,D248P,-13.475,0.219,0.0088
4707,GOh1052_D248S,GOh1052,D248S,-11.176,0.309,0.0088
4708,GOh1052_D248T,GOh1052,D248T,-11.851,0.282,0.0088
4709,GOh1052_D248W,GOh1052,D248W,-15.272,0.149,0.0088
4710,GOh1052_D248Y,GOh1052,D248Y,-13.322,0.225,0.0088
4711,GOh1052_D248V,GOh1052,D248V,-11.541,0.294,0.0088
4712,GOh1052_M249A,GOh1052,M249A,-11.668,0.289,0.0146
4713,GOh1052_M249R,GOh1052,M249R,-14.081,0.195,0.0146
4714,GOh1052_M249N,GOh1052,M249N,-12.625,0.252,0.0146
4715,GOh1052_M249D,GOh1052,M249D,-14.362,0.184,0.0146
4716,GOh1052_M249C,GOh1052,M249C,-12.459,0.258,0.0146
4717,GOh1052_M249Q,GOh1052,M249Q,-11.0,0.315456427483301,0.0146
4718,GOh1052_M249E,GOh1052,M249E,-12.747,0.247,0.0146
4719,GOh1052_M249G,GOh1052,M249G,-13.492,0.218,0.0146
4720,GOh1052_M249H,GOh1052,M249H,-13.296,0.226,0.0146
4721,GOh1052_M249I,GOh1052,M249I,-8.193,0.425,0.0146
4722,GOh1052_M249L,GOh1052,M249L,-7.329,0.459,0.0146
4723,GOh1052_M249K,GOh1052,M249K,-13.425,0.221,0.0146
4724,GOh1052_M249F,GOh1052,M249F,-9.995,0.355,0.0146
4725,GOh1052_M249P,GOh1052,M249P,-12.95,0.239287527830944,0.0146
4726,GOh1052_M249S,GOh1052,M249S,-11.053,0.313,0.0146
4727,GOh1052_M249T,GOh1052,M249T,-10.277,0.344,0.0146
4728,GOh1052_M249W,GOh1052,M249W,-14.226,0.189,0.0146
4729,GOh1052_M249Y,GOh1052,M249Y,-13.328,0.225,0.0146
4730,GOh1052_M249V,GOh1052,M249V,-10.197,0.347,0.0146
4731,GOh1052_F250A,GOh1052,F250A,-13.092,0.234,0.0044
4732,GOh1052_F250R,GOh1052,F250R,-14.705,0.171,0.0044
4733,GOh1052_F250N,GOh1052,F250N,-13.377,0.223,0.0044
4734,GOh1052_F250D,GOh1052,F250D,-13.741,0.208,0.0044
4735,GOh1052_F250C,GOh1052,F250C,-12.044,0.275,0.0044
4736,GOh1052_F250Q,GOh1052,F250Q,-14.676,0.172,0.0044
4737,GOh1052_F250E,GOh1052,F250E,-15.347,0.146,0.0044
4738,GOh1052_F250G,GOh1052,F250G,-13.845,0.204,0.0044
4739,GOh1052_F250H,GOh1052,F250H,-12.453,0.259,0.0044
4740,GOh1052_F250I,GOh1052,F250I,-13.149,0.232,0.0044
4741,GOh1052_F250L,GOh1052,F250L,-10.739,0.326,0.0044
4742,GOh1052_F250K,GOh1052,F250K,-15.98,0.120932776063435,0.0044
4743,GOh1052_F250M,GOh1052,F250M,-12.493,0.257,0.0044
4744,GOh1052_F250P,GOh1052,F250P,-14.253,0.188,0.0044
4745,GOh1052_F250S,GOh1052,F250S,-11.47,0.297097769618374,0.0044
4746,GOh1052_F250T,GOh1052,F250T,-13.598,0.214,0.0044
4747,GOh1052_F250W,GOh1052,F250W,-10.941,0.318,0.0044
4748,GOh1052_F250Y,GOh1052,F250Y,-8.405,0.417,0.0044
4749,GOh1052_F250V,GOh1052,F250V,-13.222,0.229,0.0044
4750,GOh1052_C251A,GOh1052,C251A,-11.602,0.292,0.0034
4751,GOh1052_C251R,GOh1052,C251R,-11.256,0.305,0.0034
4752,GOh1052_C251N,GOh1052,C251N,-12.881,0.242,0.0034
4753,GOh1052_C251D,GOh1052,C251D,-12.601,0.253,0.0034
4754,GOh1052_C251Q,GOh1052,C251Q,-13.387,0.222,0.0034
4755,GOh1052_C251E,GOh1052,C251E,-13.532,0.217,0.0034
4756,GOh1052_C251G,GOh1052,C251G,-11.55,0.293972891683919,0.0034
4757,GOh1052_C251H,GOh1052,C251H,-11.836,0.283,0.0034
4758,GOh1052_C251I,GOh1052,C251I,-15.25,0.149447287215343,0.0034
4759,GOh1052_C251L,GOh1052,C251L,-13.855,0.204,0.0034
4760,GOh1052_C251K,GOh1052,C251K,-14.968,0.160,0.0034
4761,GOh1052_C251M,GOh1052,C251M,-15.631,0.135,0.0034
4762,GOh1052_C251F,GOh1052,C251F,-11.062,0.313,0.0034
4763,GOh1052_C251P,GOh1052,C251P,-15.778,0.129,0.0034
4764,GOh1052_C251S,GOh1052,C251S,-10.141,0.349,0.0034
4765,GOh1052_C251T,GOh1052,C251T,-14.038,0.197,0.0034
4766,GOh1052_C251W,GOh1052,C251W,-11.14,0.309987891098004,0.0034
4767,GOh1052_C251Y,GOh1052,C251Y,-9.364,0.379,0.0034
4768,GOh1052_C251V,GOh1052,C251V,-13.441,0.220,0.0034
4769,GOh1052_P252A,GOh1052,P252A,-9.183,0.386,0.005
4770,GOh1052_P252R,GOh1052,P252R,-15.983,0.121,0.005
4771,GOh1052_P252N,GOh1052,P252N,-10.368,0.340,0.005
4772,GOh1052_P252D,GOh1052,P252D,-13.52,0.217022772547947,0.005
4773,GOh1052_P252C,GOh1052,P252C,-12.001,0.276,0.005
4774,GOh1052_P252Q,GOh1052,P252Q,-11.026,0.314,0.005
4775,GOh1052_P252E,GOh1052,P252E,-13.305,0.225,0.005
4776,GOh1052_P252G,GOh1052,P252G,-10.157,0.348,0.005
4777,GOh1052_P252H,GOh1052,P252H,-13.097,0.234,0.005
4778,GOh1052_P252I,GOh1052,P252I,-13.257,0.227,0.005
4779,GOh1052_P252L,GOh1052,P252L,-12.264,0.266,0.005
4780,GOh1052_P252K,GOh1052,P252K,-16.017,0.119,0.005
4781,GOh1052_P252M,GOh1052,P252M,-13.116,0.233,0.005
4782,GOh1052_P252F,GOh1052,P252F,-14.591,0.175,0.005
4783,GOh1052_P252S,GOh1052,P252S,-9.543,0.372,0.005
4784,GOh1052_P252T,GOh1052,P252T,-10.38,0.339674231475333,0.005
4785,GOh1052_P252W,GOh1052,P252W,-16.556,0.098,0.005
4786,GOh1052_P252Y,GOh1052,P252Y,-15.492,0.140,0.005
4787,GOh1052_P252V,GOh1052,P252V,-12.548,0.255,0.005
4788,GOh1052_G253A,GOh1052,G253A,-9.525,0.373,0.002
4789,GOh1052_G253R,GOh1052,G253R,-15.201,0.151,0.002
4790,GOh1052_G253N,GOh1052,G253N,-12.757,0.247,0.002
4791,GOh1052_G253D,GOh1052,G253D,-12.623,0.252,0.002
4792,GOh1052_G253C,GOh1052,G253C,-12.325,0.264,0.002
4793,GOh1052_G253Q,GOh1052,G253Q,-14.05,0.196320456232178,0.002
4794,GOh1052_G253E,GOh1052,G253E,-13.166,0.231,0.002
4795,GOh1052_G253H,GOh1052,G253H,-15.537,0.138,0.002
4796,GOh1052_G253I,GOh1052,G253I,-15.887,0.125,0.002
4797,GOh1052_G253L,GOh1052,G253L,-15.175,0.152,0.002
4798,GOh1052_G253K,GOh1052,G253K,-16.246,0.111,0.002
4799,GOh1052_G253M,GOh1052,G253M,-14.626,0.174,0.002
4800,GOh1052_G253F,GOh1052,G253F,-15.957,0.122,0.002
4801,GOh1052_G253P,GOh1052,G253P,-14.493,0.179,0.002
4802,GOh1052_G253S,GOh1052,G253S,-10.416,0.338,0.002
4803,GOh1052_G253T,GOh1052,G253T,-13.265,0.227,0.002
4804,GOh1052_G253W,GOh1052,G253W,-16.287,0.109,0.002
4805,GOh1052_G253Y,GOh1052,G253Y,-15.993,0.120,0.002
4806,GOh1052_G253V,GOh1052,G253V,-13.517,0.217,0.002
4807,GOh1052_I254A,GOh1052,I254A,-8.642,0.408,0.2487
4808,GOh1052_I254R,GOh1052,I254R,-12.466,0.258,0.2487
4809,GOh1052_I254N,GOh1052,I254N,-8.745,0.404,0.2487
4810,GOh1052_I254D,GOh1052,I254D,-11.501,0.296,0.2487
4811,GOh1052_I254C,GOh1052,I254C,-9.571,0.371,0.2487
4812,GOh1052_I254Q,GOh1052,I254Q,-9.268,0.383,0.2487
4813,GOh1052_I254E,GOh1052,I254E,-10.567,0.332,0.2487
4814,GOh1052_I254G,GOh1052,I254G,-11.338,0.302,0.2487
4815,GOh1052_I254H,GOh1052,I254H,-11.537,0.294,0.2487
4816,GOh1052_I254L,GOh1052,I254L,-6.457,0.493,0.2487
4817,GOh1052_I254K,GOh1052,I254K,-11.767,0.285,0.2487
4818,GOh1052_I254M,GOh1052,I254M,-4.396,0.573,0.2487
4819,GOh1052_I254F,GOh1052,I254F,-9.035,0.392,0.2487
4820,GOh1052_I254P,GOh1052,I254P,-11.964,0.278,0.2487
4821,GOh1052_I254S,GOh1052,I254S,-8.129,0.428,0.2487
4822,GOh1052_I254T,GOh1052,I254T,-4.142,0.583,0.2487
4823,GOh1052_I254W,GOh1052,I254W,-11.802,0.284,0.2487
4824,GOh1052_I254Y,GOh1052,I254Y,-10.554,0.333,0.2487
4825,GOh1052_I254V,GOh1052,I254V,-7.004,0.472,0.2487
4826,GOh1052_S255A,GOh1052,S255A,-6.937,0.474,0.0266
4827,GOh1052_S255R,GOh1052,S255R,-14.265,0.188,0.0266
4828,GOh1052_S255N,GOh1052,S255N,-7.911,0.436,0.0266
4829,GOh1052_S255D,GOh1052,S255D,-10.825,0.322,0.0266
4830,GOh1052_S255C,GOh1052,S255C,-8.762,0.403,0.0266
4831,GOh1052_S255Q,GOh1052,S255Q,-10.635,0.330,0.0266
4832,GOh1052_S255E,GOh1052,S255E,-11.903,0.280,0.0266
4833,GOh1052_S255G,GOh1052,S255G,-9.974,0.356,0.0266
4834,GOh1052_S255H,GOh1052,S255H,-12.406,0.261,0.0266
4835,GOh1052_S255I,GOh1052,S255I,-11.761,0.286,0.0266
4836,GOh1052_S255L,GOh1052,S255L,-12.388,0.261,0.0266
4837,GOh1052_S255K,GOh1052,S255K,-14.149,0.192,0.0266
4838,GOh1052_S255M,GOh1052,S255M,-11.638,0.291,0.0266
4839,GOh1052_S255F,GOh1052,S255F,-14.161,0.192,0.0266
4840,GOh1052_S255P,GOh1052,S255P,-13.34,0.224053747900473,0.0266
4841,GOh1052_S255T,GOh1052,S255T,-7.688,0.445,0.0266
4842,GOh1052_S255W,GOh1052,S255W,-15.71,0.131479239092223,0.0266
4843,GOh1052_S255Y,GOh1052,S255Y,-14.646,0.173,0.0266
4844,GOh1052_S255V,GOh1052,S255V,-10.001,0.354,0.0266
4845,GOh1052_M256A,GOh1052,M256A,-6.782,0.480,0.3
4846,GOh1052_M256R,GOh1052,M256R,-8.411,0.417,0.3
4847,GOh1052_M256N,GOh1052,M256N,-5.635,0.525,0.3
4848,GOh1052_M256D,GOh1052,M256D,-9.488,0.375,0.3
4849,GOh1052_M256C,GOh1052,M256C,-10.842,0.322,0.3
4850,GOh1052_M256Q,GOh1052,M256Q,-5.974,0.512,0.3
4851,GOh1052_M256E,GOh1052,M256E,-8.864,0.399,0.3
4852,GOh1052_M256G,GOh1052,M256G,-8.784,0.402,0.3
4853,GOh1052_M256H,GOh1052,M256H,-7.542,0.451,0.3
4854,GOh1052_M256I,GOh1052,M256I,-5.138,0.544,0.3
4855,GOh1052_M256L,GOh1052,M256L,-5.451,0.532,0.3
4856,GOh1052_M256K,GOh1052,M256K,-8.117,0.428,0.3
4857,GOh1052_M256F,GOh1052,M256F,-8.607,0.409,0.3
4858,GOh1052_M256P,GOh1052,M256P,-9.919,0.358,0.3
4859,GOh1052_M256S,GOh1052,M256S,-6.332,0.498,0.3
4860,GOh1052_M256T,GOh1052,M256T,-4.73,0.560368735596266,0.3
4861,GOh1052_M256W,GOh1052,M256W,-11.157,0.309,0.3
4862,GOh1052_M256Y,GOh1052,M256Y,-10.102,0.351,0.3
4863,GOh1052_M256V,GOh1052,M256V,-5.805,0.518,0.3
4864,GOh1052_D257A,GOh1052,D257A,-6.941,0.474,0.2247
4865,GOh1052_D257R,GOh1052,D257R,-9.512,0.374,0.2247
4866,GOh1052_D257N,GOh1052,D257N,-3.953,0.591,0.2247
4867,GOh1052_D257C,GOh1052,D257C,-11.463,0.297,0.2247
4868,GOh1052_D257Q,GOh1052,D257Q,-8.232,0.424,0.2247
4869,GOh1052_D257E,GOh1052,D257E,-7.95,0.434592398734424,0.2247
4870,GOh1052_D257G,GOh1052,D257G,-7.749,0.442,0.2247
4871,GOh1052_D257H,GOh1052,D257H,-8.967,0.395,0.2247
4872,GOh1052_D257I,GOh1052,D257I,-8.704,0.405,0.2247
4873,GOh1052_D257L,GOh1052,D257L,-5.66,0.524042029608218,0.2247
4874,GOh1052_D257K,GOh1052,D257K,-10.25,0.344752158118823,0.2247
4875,GOh1052_D257M,GOh1052,D257M,-7.525,0.451,0.2247
4876,GOh1052_D257F,GOh1052,D257F,-9.972,0.356,0.2247
4877,GOh1052_D257P,GOh1052,D257P,-12.309,0.264,0.2247
4878,GOh1052_D257S,GOh1052,D257S,-7.095,0.468,0.2247
4879,GOh1052_D257T,GOh1052,D257T,-7.293,0.460,0.2247
4880,GOh1052_D257W,GOh1052,D257W,-12.596,0.253,0.2247
4881,GOh1052_D257Y,GOh1052,D257Y,-9.313,0.381,0.2247
4882,GOh1052_D257V,GOh1052,D257V,-8.69,0.405687277840709,0.2247
4883,GOh1052_G258A,GOh1052,G258A,-2.81,0.635365806023202,1.4155
4884,GOh1052_G258R,GOh1052,G258R,-4.803,0.558,1.4155
4885,GOh1052_G258N,GOh1052,G258N,-4.805,0.557,1.4155
4886,GOh1052_G258D,GOh1052,G258D,-5.378,0.535,1.4155
4887,GOh1052_G258C,GOh1052,G258C,-10.147,0.349,1.4155
4888,GOh1052_G258Q,GOh1052,G258Q,-4.475,0.570,1.4155
4889,GOh1052_G258E,GOh1052,G258E,-4.364,0.575,1.4155
4890,GOh1052_G258H,GOh1052,G258H,-3.687,0.601,1.4155
4891,GOh1052_G258I,GOh1052,G258I,-7.418,0.455,1.4155
4892,GOh1052_G258L,GOh1052,G258L,-6.07,0.508027030194133,1.4155
4893,GOh1052_G258K,GOh1052,G258K,-4.815,0.557,1.4155
4894,GOh1052_G258M,GOh1052,G258M,-7.182,0.465,1.4155
4895,GOh1052_G258F,GOh1052,G258F,-3.878,0.594,1.4155
4896,GOh1052_G258P,GOh1052,G258P,-6.097,0.507,1.4155
4897,GOh1052_G258S,GOh1052,G258S,-3.594,0.605,1.4155
4898,GOh1052_G258T,GOh1052,G258T,-5.116,0.545,1.4155
4899,GOh1052_G258W,GOh1052,G258W,-5.949,0.513,1.4155
4900,GOh1052_G258Y,GOh1052,G258Y,-2.935,0.630,1.4155
4901,GOh1052_G258V,GOh1052,G258V,-5.922,0.514,1.4155
4902,GOh1052_N259A,GOh1052,N259A,-4.969,0.551,0.5191
4903,GOh1052_N259R,GOh1052,N259R,-6.54,0.489668372329206,0.5191
4904,GOh1052_N259D,GOh1052,N259D,-4.674,0.563,0.5191
4905,GOh1052_N259C,GOh1052,N259C,-11.978,0.277,0.5191
4906,GOh1052_N259Q,GOh1052,N259Q,-5.4,0.534197882895199,0.5191
4907,GOh1052_N259E,GOh1052,N259E,-5.78,0.519354712706535,0.5191
4908,GOh1052_N259G,GOh1052,N259G,-6.678,0.484,0.5191
4909,GOh1052_N259H,GOh1052,N259H,-7.928,0.435,0.5191
4910,GOh1052_N259I,GOh1052,N259I,-8.537,0.412,0.5191
4911,GOh1052_N259L,GOh1052,N259L,-6.188,0.503,0.5191
4912,GOh1052_N259K,GOh1052,N259K,-5.502,0.530,0.5191
4913,GOh1052_N259M,GOh1052,N259M,-8.066,0.430,0.5191
4914,GOh1052_N259F,GOh1052,N259F,-8.31,0.420530448029374,0.5191
4915,GOh1052_N259P,GOh1052,N259P,-9.332,0.381,0.5191
4916,GOh1052_N259S,GOh1052,N259S,-3.808,0.596,0.5191
4917,GOh1052_N259T,GOh1052,N259T,-4.784,0.558,0.5191
4918,GOh1052_N259W,GOh1052,N259W,-9.246,0.384,0.5191
4919,GOh1052_N259Y,GOh1052,N259Y,-7.507,0.452,0.5191
4920,GOh1052_N259V,GOh1052,N259V,-7.944,0.435,0.5191
4921,GOh1052_G260A,GOh1052,G260A,-3.891,0.593,0.3481
4922,GOh1052_G260R,GOh1052,G260R,-6.25,0.500996054841608,0.3481
4923,GOh1052_G260N,GOh1052,G260N,-4.957,0.552,0.3481
4924,GOh1052_G260D,GOh1052,G260D,-6.532,0.490,0.3481
4925,GOh1052_G260C,GOh1052,G260C,-10.933,0.318,0.3481
4926,GOh1052_G260Q,GOh1052,G260Q,-6.148,0.505,0.3481
4927,GOh1052_G260E,GOh1052,G260E,-7.461,0.454,0.3481
4928,GOh1052_G260H,GOh1052,G260H,-7.653,0.446,0.3481
4929,GOh1052_G260I,GOh1052,G260I,-12.717,0.248,0.3481
4930,GOh1052_G260L,GOh1052,G260L,-9.176,0.387,0.3481
4931,GOh1052_G260K,GOh1052,G260K,-6.464,0.493,0.3481
4932,GOh1052_G260M,GOh1052,G260M,-9.172,0.387,0.3481
4933,GOh1052_G260F,GOh1052,G260F,-10.595,0.331,0.3481
4934,GOh1052_G260P,GOh1052,G260P,-11.949,0.278,0.3481
4935,GOh1052_G260S,GOh1052,G260S,-4.957,0.552,0.3481
4936,GOh1052_G260T,GOh1052,G260T,-8.301,0.421,0.3481
4937,GOh1052_G260W,GOh1052,G260W,-11.151,0.310,0.3481
4938,GOh1052_G260Y,GOh1052,G260Y,-9.807,0.362,0.3481
4939,GOh1052_G260V,GOh1052,G260V,-10.135,0.349,0.3481
4940,GOh1052_Q261A,GOh1052,Q261A,-7.025,0.471,1.4859
4941,GOh1052_Q261R,GOh1052,Q261R,-3.215,0.620,1.4859
4942,GOh1052_Q261N,GOh1052,Q261N,-1.396,0.691,1.4859
4943,GOh1052_Q261D,GOh1052,Q261D,-3.553,0.606,1.4859
4944,GOh1052_Q261C,GOh1052,Q261C,-10.317,0.342,1.4859
4945,GOh1052_Q261E,GOh1052,Q261E,-5.108,0.546,1.4859
4946,GOh1052_Q261G,GOh1052,Q261G,-7.029,0.471,1.4859
4947,GOh1052_Q261H,GOh1052,Q261H,-5.564,0.528,1.4859
4948,GOh1052_Q261I,GOh1052,Q261I,-6.755,0.481,1.4859
4949,GOh1052_Q261L,GOh1052,Q261L,-4.503,0.569,1.4859
4950,GOh1052_Q261K,GOh1052,Q261K,-4.195,0.581,1.4859
4951,GOh1052_Q261M,GOh1052,Q261M,-5.97,0.511933127612203,1.4859
4952,GOh1052_Q261F,GOh1052,Q261F,-6.637,0.486,1.4859
4953,GOh1052_Q261P,GOh1052,Q261P,-11.825,0.283,1.4859
4954,GOh1052_Q261S,GOh1052,Q261S,-4.571,0.567,1.4859
4955,GOh1052_Q261T,GOh1052,Q261T,-3.49,0.608804343580329,1.4859
4956,GOh1052_Q261W,GOh1052,Q261W,-7.898,0.437,1.4859
4957,GOh1052_Q261Y,GOh1052,Q261Y,-6.043,0.509,1.4859
4958,GOh1052_Q261V,GOh1052,Q261V,-6.272,0.500,1.4859
4959,GOh1052_I262A,GOh1052,I262A,-8.631,0.408,0.2358
4960,GOh1052_I262R,GOh1052,I262R,-14.628,0.174,0.2358
4961,GOh1052_I262N,GOh1052,I262N,-12.91,0.240849966798172,0.2358
4962,GOh1052_I262D,GOh1052,I262D,-14.892,0.163,0.2358
4963,GOh1052_I262C,GOh1052,I262C,-12.81,0.244756064216242,0.2358
4964,GOh1052_I262Q,GOh1052,I262Q,-11.906,0.280,0.2358
4965,GOh1052_I262E,GOh1052,I262E,-13.631,0.213,0.2358
4966,GOh1052_I262G,GOh1052,I262G,-12.883,0.242,0.2358
4967,GOh1052_I262H,GOh1052,I262H,-13.723,0.209,0.2358
4968,GOh1052_I262L,GOh1052,I262L,-5.307,0.538,0.2358
4969,GOh1052_I262K,GOh1052,I262K,-15.199,0.151,0.2358
4970,GOh1052_I262M,GOh1052,I262M,-6.16,0.50451154251787,0.2358
4971,GOh1052_I262F,GOh1052,I262F,-8.474,0.414,0.2358
4972,GOh1052_I262P,GOh1052,I262P,-10.112,0.350,0.2358
4973,GOh1052_I262S,GOh1052,I262S,-11.381,0.301,0.2358
4974,GOh1052_I262T,GOh1052,I262T,-8.971,0.395,0.2358
4975,GOh1052_I262W,GOh1052,I262W,-11.47,0.297097769618374,0.2358
4976,GOh1052_I262Y,GOh1052,I262Y,-10.585,0.332,0.2358
4977,GOh1052_I262V,GOh1052,I262V,-3.707,0.600,0.2358
4978,GOh1052_V263A,GOh1052,V263A,-10.13,0.349439475020507,0.0613
4979,GOh1052_V263R,GOh1052,V263R,-14.767,0.168,0.0613
4980,GOh1052_V263N,GOh1052,V263N,-13.485,0.218,0.0613
4981,GOh1052_V263D,GOh1052,V263D,-16.217,0.112,0.0613
4982,GOh1052_V263C,GOh1052,V263C,-13.817,0.205,0.0613
4983,GOh1052_V263Q,GOh1052,V263Q,-12.966,0.239,0.0613
4984,GOh1052_V263E,GOh1052,V263E,-14.089,0.195,0.0613
4985,GOh1052_V263G,GOh1052,V263G,-14.581,0.176,0.0613
4986,GOh1052_V263H,GOh1052,V263H,-13.566,0.215,0.0613
4987,GOh1052_V263I,GOh1052,V263I,-5.521,0.529,0.0613
4988,GOh1052_V263L,GOh1052,V263L,-6.763,0.481,0.0613
4989,GOh1052_V263K,GOh1052,V263K,-14.67,0.172102652240147,0.0613
4990,GOh1052_V263M,GOh1052,V263M,-7.919,0.436,0.0613
4991,GOh1052_V263F,GOh1052,V263F,-7.909,0.436,0.0613
4992,GOh1052_V263P,GOh1052,V263P,-14.681,0.172,0.0613
4993,GOh1052_V263S,GOh1052,V263S,-13.162,0.231,0.0613
4994,GOh1052_V263T,GOh1052,V263T,-10.324,0.342,0.0613
4995,GOh1052_V263W,GOh1052,V263W,-13.033,0.236,0.0613
4996,GOh1052_V263Y,GOh1052,V263Y,-11.386,0.300,0.0613
4997,GOh1052_V264A,GOh1052,V264A,-9.571,0.371,0.0195
4998,GOh1052_V264R,GOh1052,V264R,-16.69,0.0931994843951408,0.0195
4999,GOh1052_V264N,GOh1052,V264N,-11.944,0.279,0.0195
5000,GOh1052_V264D,GOh1052,V264D,-13.004,0.237,0.0195
5001,GOh1052_V264C,GOh1052,V264C,-12.894,0.241,0.0195
5002,GOh1052_V264Q,GOh1052,V264Q,-13.319,0.225,0.0195
5003,GOh1052_V264E,GOh1052,V264E,-12.47,0.258036795437678,0.0195
5004,GOh1052_V264G,GOh1052,V264G,-14.416,0.182,0.0195
5005,GOh1052_V264H,GOh1052,V264H,-15.487,0.140,0.0195
5006,GOh1052_V264I,GOh1052,V264I,-6.6,0.487324713878364,0.0195
5007,GOh1052_V264L,GOh1052,V264L,-8.965,0.395,0.0195
5008,GOh1052_V264K,GOh1052,V264K,-15.19,0.151790945666185,0.0195
5009,GOh1052_V264M,GOh1052,V264M,-10.402,0.339,0.0195
5010,GOh1052_V264F,GOh1052,V264F,-12.212,0.268,0.0195
5011,GOh1052_V264P,GOh1052,V264P,-16.961,0.083,0.0195
5012,GOh1052_V264S,GOh1052,V264S,-12.414,0.260,0.0195
5013,GOh1052_V264T,GOh1052,V264T,-10.1,0.350611304245928,0.0195
5014,GOh1052_V264W,GOh1052,V264W,-15.357,0.145,0.0195
5015,GOh1052_V264Y,GOh1052,V264Y,-13.951,0.200,0.0195
5016,GOh1052_T265A,GOh1052,T265A,-8.245,0.423,0.0374
5017,GOh1052_T265R,GOh1052,T265R,-14.742,0.169,0.0374
5018,GOh1052_T265N,GOh1052,T265N,-6.807,0.479,0.0374
5019,GOh1052_T265D,GOh1052,T265D,-11.767,0.285,0.0374
5020,GOh1052_T265C,GOh1052,T265C,-10.108,0.350,0.0374
5021,GOh1052_T265Q,GOh1052,T265Q,-9.569,0.371,0.0374
5022,GOh1052_T265E,GOh1052,T265E,-12.301,0.265,0.0374
5023,GOh1052_T265G,GOh1052,T265G,-10.567,0.332,0.0374
5024,GOh1052_T265H,GOh1052,T265H,-10.053,0.352,0.0374
5025,GOh1052_T265I,GOh1052,T265I,-9.59,0.370532401078083,0.0374
5026,GOh1052_T265L,GOh1052,T265L,-10.671,0.328,0.0374
5027,GOh1052_T265K,GOh1052,T265K,-13.175,0.230,0.0374
5028,GOh1052_T265M,GOh1052,T265M,-9.516,0.373,0.0374
5029,GOh1052_T265F,GOh1052,T265F,-11.903,0.280,0.0374
5030,GOh1052_T265P,GOh1052,T265P,-10.376,0.340,0.0374
5031,GOh1052_T265S,GOh1052,T265S,-6.893,0.476,0.0374
5032,GOh1052_T265W,GOh1052,T265W,-15.329,0.146,0.0374
5033,GOh1052_T265Y,GOh1052,T265Y,-14.097,0.194,0.0374
5034,GOh1052_T265V,GOh1052,T265V,-8.203,0.425,0.0374
5035,GOh1052_G266A,GOh1052,G266A,-7.931,0.435,0.0137
5036,GOh1052_G266R,GOh1052,G266R,-9.234,0.384,0.0137
5037,GOh1052_G266N,GOh1052,G266N,-10.759,0.325,0.0137
5038,GOh1052_G266D,GOh1052,G266D,-10.705,0.327,0.0137
5039,GOh1052_G266C,GOh1052,G266C,-9.97,0.355689230889418,0.0137
5040,GOh1052_G266Q,GOh1052,G266Q,-10.296,0.343,0.0137
5041,GOh1052_G266E,GOh1052,G266E,-10.838,0.322,0.0137
5042,GOh1052_G266H,GOh1052,G266H,-11.879,0.281,0.0137
5043,GOh1052_G266I,GOh1052,G266I,-14.407,0.182,0.0137
5044,GOh1052_G266L,GOh1052,G266L,-12.623,0.252,0.0137
5045,GOh1052_G266K,GOh1052,G266K,-11.266,0.305,0.0137
5046,GOh1052_G266M,GOh1052,G266M,-12.163,0.270,0.0137
5047,GOh1052_G266F,GOh1052,G266F,-14.107,0.194,0.0137
5048,GOh1052_G266P,GOh1052,G266P,-12.54,0.255302527245029,0.0137
5049,GOh1052_G266S,GOh1052,G266S,-7.99,0.433029959767197,0.0137
5050,GOh1052_G266T,GOh1052,G266T,-11.465,0.297,0.0137
5051,GOh1052_G266W,GOh1052,G266W,-13.676,0.211,0.0137
5052,GOh1052_G266Y,GOh1052,G266Y,-14.066,0.196,0.0137
5053,GOh1052_G266V,GOh1052,G266V,-13.031,0.236,0.0137
5054,GOh1052_G267A,GOh1052,G267A,-12.156,0.270,0.0007
5055,GOh1052_G267R,GOh1052,G267R,-13.255,0.227,0.0007
5056,GOh1052_G267N,GOh1052,G267N,-14.241,0.189,0.0007
5057,GOh1052_G267D,GOh1052,G267D,-12.351,0.263,0.0007
5058,GOh1052_G267C,GOh1052,G267C,-12.971,0.238,0.0007
5059,GOh1052_G267Q,GOh1052,G267Q,-15.203,0.151,0.0007
5060,GOh1052_G267E,GOh1052,G267E,-13.11,0.233037771962033,0.0007
5061,GOh1052_G267H,GOh1052,G267H,-15.433,0.142,0.0007
5062,GOh1052_G267I,GOh1052,G267I,-14.705,0.171,0.0007
5063,GOh1052_G267L,GOh1052,G267L,-14.155,0.192,0.0007
5064,GOh1052_G267K,GOh1052,G267K,-15.121,0.154,0.0007
5065,GOh1052_G267M,GOh1052,G267M,-14.645,0.173,0.0007
5066,GOh1052_G267F,GOh1052,G267F,-14.863,0.165,0.0007
5067,GOh1052_G267P,GOh1052,G267P,-15.992,0.120,0.0007
5068,GOh1052_G267S,GOh1052,G267S,-11.634,0.291,0.0007
5069,GOh1052_G267T,GOh1052,G267T,-13.768,0.207,0.0007
5070,GOh1052_G267W,GOh1052,G267W,-14.333,0.185,0.0007
5071,GOh1052_G267Y,GOh1052,G267Y,-15.184,0.152,0.0007
5072,GOh1052_G267V,GOh1052,G267V,-12.458,0.259,0.0007
5073,GOh1052_W268A,GOh1052,W268A,1.514,0.804,0.6847
5074,GOh1052_W268R,GOh1052,W268R,-1.873,0.672,0.6847
5075,GOh1052_W268N,GOh1052,W268N,3.795,0.893,0.6847
5076,GOh1052_W268D,GOh1052,W268D,2.35,0.836920432795594,0.6847
5077,GOh1052_W268C,GOh1052,W268C,-2.922,0.631,0.6847
5078,GOh1052_W268Q,GOh1052,W268Q,-0.476,0.727,0.6847
5079,GOh1052_W268E,GOh1052,W268E,-0.858,0.712,0.6847
5080,GOh1052_W268G,GOh1052,W268G,0.876,0.779,0.6847
5081,GOh1052_W268H,GOh1052,W268H,-0.715,0.717,0.6847
5082,GOh1052_W268I,GOh1052,W268I,-1.513,0.686,0.6847
5083,GOh1052_W268L,GOh1052,W268L,-0.785,0.714,0.6847
5084,GOh1052_W268K,GOh1052,W268K,-1.329,0.693,0.6847
5085,GOh1052_W268M,GOh1052,W268M,-1.994,0.667,0.6847
5086,GOh1052_W268F,GOh1052,W268F,-1.499,0.687,0.6847
5087,GOh1052_W268P,GOh1052,W268P,-1.026,0.705,0.6847
5088,GOh1052_W268S,GOh1052,W268S,6.525,1.000,0.6847
5089,GOh1052_W268T,GOh1052,W268T,2.236,0.832,0.6847
5090,GOh1052_W268Y,GOh1052,W268Y,-0.914,0.709,0.6847
5091,GOh1052_W268V,GOh1052,W268V,-1.094,0.702,0.6847
5092,GOh1052_D269A,GOh1052,D269A,-6.735,0.482,0.4738
5093,GOh1052_D269R,GOh1052,D269R,-9.292,0.382,0.4738
5094,GOh1052_D269N,GOh1052,D269N,-3.283,0.617,0.4738
5095,GOh1052_D269C,GOh1052,D269C,-12.711,0.249,0.4738
5096,GOh1052_D269Q,GOh1052,D269Q,-8.263,0.422,0.4738
5097,GOh1052_D269E,GOh1052,D269E,-7.311,0.460,0.4738
5098,GOh1052_D269G,GOh1052,D269G,-5.998,0.511,0.4738
5099,GOh1052_D269H,GOh1052,D269H,-8.489,0.414,0.4738
5100,GOh1052_D269I,GOh1052,D269I,-9.423,0.377,0.4738
5101,GOh1052_D269L,GOh1052,D269L,-7.784,0.441,0.4738
5102,GOh1052_D269K,GOh1052,D269K,-8.637,0.408,0.4738
5103,GOh1052_D269M,GOh1052,D269M,-9.741,0.365,0.4738
5104,GOh1052_D269F,GOh1052,D269F,-8.776,0.402,0.4738
5105,GOh1052_D269P,GOh1052,D269P,-9.898,0.359,0.4738
5106,GOh1052_D269S,GOh1052,D269S,-3.635,0.603,0.4738
5107,GOh1052_D269T,GOh1052,D269T,-6.118,0.506,0.4738
5108,GOh1052_D269W,GOh1052,D269W,-9.174,0.387,0.4738
5109,GOh1052_D269Y,GOh1052,D269Y,-8.225,0.424,0.4738
5110,GOh1052_D269V,GOh1052,D269V,-9.109,0.389,0.4738
5111,GOh1052_A270R,GOh1052,A270R,-9.637,0.369,0.1709
5112,GOh1052_A270N,GOh1052,A270N,-8.161,0.426,0.1709
5113,GOh1052_A270D,GOh1052,A270D,-7.181,0.465,0.1709
5114,GOh1052_A270C,GOh1052,A270C,-11.315,0.303,0.1709
5115,GOh1052_A270Q,GOh1052,A270Q,-8.399,0.417,0.1709
5116,GOh1052_A270E,GOh1052,A270E,-7.277,0.461,0.1709
5117,GOh1052_A270G,GOh1052,A270G,-6.556,0.489,0.1709
5118,GOh1052_A270H,GOh1052,A270H,-9.567,0.371,0.1709
5119,GOh1052_A270I,GOh1052,A270I,-8.668,0.407,0.1709
5120,GOh1052_A270L,GOh1052,A270L,-9.221,0.385,0.1709
5121,GOh1052_A270K,GOh1052,A270K,-8.969,0.395,0.1709
5122,GOh1052_A270M,GOh1052,A270M,-10.073,0.352,0.1709
5123,GOh1052_A270F,GOh1052,A270F,-10.07,0.351783133471349,0.1709
5124,GOh1052_A270P,GOh1052,A270P,-8.572,0.410,0.1709
5125,GOh1052_A270S,GOh1052,A270S,-4.296,0.577,0.1709
5126,GOh1052_A270T,GOh1052,A270T,-6.943,0.474,0.1709
5127,GOh1052_A270W,GOh1052,A270W,-10.381,0.340,0.1709
5128,GOh1052_A270Y,GOh1052,A270Y,-9.76,0.363892035467365,0.1709
5129,GOh1052_A270V,GOh1052,A270V,-7.657,0.446,0.1709
5130,GOh1052_K271A,GOh1052,K271A,-2.802,0.636,1.0493
5131,GOh1052_K271R,GOh1052,K271R,-5.133,0.545,1.0493
5132,GOh1052_K271N,GOh1052,K271N,-5.284,0.539,1.0493
5133,GOh1052_K271D,GOh1052,K271D,-5.201,0.542,1.0493
5134,GOh1052_K271C,GOh1052,K271C,-12.157,0.270,1.0493
5135,GOh1052_K271Q,GOh1052,K271Q,-3.497,0.609,1.0493
5136,GOh1052_K271E,GOh1052,K271E,-3.783,0.597,1.0493
5137,GOh1052_K271G,GOh1052,K271G,-6.086,0.507,1.0493
5138,GOh1052_K271H,GOh1052,K271H,-6.511,0.491,1.0493
5139,GOh1052_K271I,GOh1052,K271I,-7.089,0.468,1.0493
5140,GOh1052_K271L,GOh1052,K271L,-6.969,0.473,1.0493
5141,GOh1052_K271M,GOh1052,K271M,-7.183,0.465,1.0493
5142,GOh1052_K271F,GOh1052,K271F,-8.156,0.427,1.0493
5143,GOh1052_K271P,GOh1052,K271P,-4.68,0.562321784305301,1.0493
5144,GOh1052_K271S,GOh1052,K271S,-4.402,0.573,1.0493
5145,GOh1052_K271T,GOh1052,K271T,-4.57,0.566618491465177,1.0493
5146,GOh1052_K271W,GOh1052,K271W,-8.772,0.402,1.0493
5147,GOh1052_K271Y,GOh1052,K271Y,-7.84,0.438889105894301,1.0493
5148,GOh1052_K271V,GOh1052,K271V,-5.382,0.535,1.0493
5149,GOh1052_K272A,GOh1052,K272A,-7.187,0.464,0.1214
5150,GOh1052_K272R,GOh1052,K272R,-4.796,0.558,0.1214
5151,GOh1052_K272N,GOh1052,K272N,-8.344,0.419,0.1214
5152,GOh1052_K272D,GOh1052,K272D,-10.511,0.335,0.1214
5153,GOh1052_K272C,GOh1052,K272C,-13.117,0.233,0.1214
5154,GOh1052_K272Q,GOh1052,K272Q,-7.492,0.452,0.1214
5155,GOh1052_K272E,GOh1052,K272E,-8.996,0.394,0.1214
5156,GOh1052_K272G,GOh1052,K272G,-10.79,0.323659232061248,0.1214
5157,GOh1052_K272H,GOh1052,K272H,-7.6,0.448263739697668,0.1214
5158,GOh1052_K272I,GOh1052,K272I,-8.176,0.426,0.1214
5159,GOh1052_K272L,GOh1052,K272L,-8.36,0.418577399320339,0.1214
5160,GOh1052_K272M,GOh1052,K272M,-9.17,0.386938010233975,0.1214
5161,GOh1052_K272F,GOh1052,K272F,-10.207,0.346,0.1214
5162,GOh1052_K272P,GOh1052,K272P,-10.688,0.328,0.1214
5163,GOh1052_K272S,GOh1052,K272S,-8.88,0.398265692746377,0.1214
5164,GOh1052_K272T,GOh1052,K272T,-7.988,0.433,0.1214
5165,GOh1052_K272W,GOh1052,K272W,-10.701,0.327,0.1214
5166,GOh1052_K272Y,GOh1052,K272Y,-9.681,0.367,0.1214
5167,GOh1052_K272V,GOh1052,K272V,-7.201,0.464,0.1214
5168,GOh1052_T273A,GOh1052,T273A,-5.924,0.514,0.2578
5169,GOh1052_T273R,GOh1052,T273R,-13.683,0.211,0.2578
5170,GOh1052_T273N,GOh1052,T273N,-7.79,0.440842154603336,0.2578
5171,GOh1052_T273D,GOh1052,T273D,-10.811,0.323,0.2578
5172,GOh1052_T273C,GOh1052,T273C,-9.747,0.364,0.2578
5173,GOh1052_T273Q,GOh1052,T273Q,-11.138,0.310,0.2578
5174,GOh1052_T273E,GOh1052,T273E,-11.074,0.313,0.2578
5175,GOh1052_T273G,GOh1052,T273G,-11.511,0.295,0.2578
5176,GOh1052_T273H,GOh1052,T273H,-12.996,0.237,0.2578
5177,GOh1052_T273I,GOh1052,T273I,-8.072,0.430,0.2578
5178,GOh1052_T273L,GOh1052,T273L,-9.258,0.384,0.2578
5179,GOh1052_T273K,GOh1052,T273K,-13.419,0.221,0.2578
5180,GOh1052_T273M,GOh1052,T273M,-9.22,0.38498496152494,0.2578
5181,GOh1052_T273F,GOh1052,T273F,-12.229,0.267,0.2578
5182,GOh1052_T273P,GOh1052,T273P,-12.23,0.267411429241045,0.2578
5183,GOh1052_T273S,GOh1052,T273S,-7.019,0.471,0.2578
5184,GOh1052_T273W,GOh1052,T273W,-14.705,0.171,0.2578
5185,GOh1052_T273Y,GOh1052,T273Y,-13.437,0.220,0.2578
5186,GOh1052_T273V,GOh1052,T273V,-3.38,0.613101050740205,0.2578
5187,GOh1052_S274A,GOh1052,S274A,-9.738,0.365,0.0127
5188,GOh1052_S274R,GOh1052,S274R,-13.534,0.216,0.0127
5189,GOh1052_S274N,GOh1052,S274N,-9.9,0.358423499082067,0.0127
5190,GOh1052_S274D,GOh1052,S274D,-11.516,0.295,0.0127
5191,GOh1052_S274C,GOh1052,S274C,-11.577,0.293,0.0127
5192,GOh1052_S274Q,GOh1052,S274Q,-13.376,0.223,0.0127
5193,GOh1052_S274E,GOh1052,S274E,-13.304,0.225,0.0127
5194,GOh1052_S274G,GOh1052,S274G,-12.611,0.253,0.0127
5195,GOh1052_S274H,GOh1052,S274H,-13.185,0.230,0.0127
5196,GOh1052_S274I,GOh1052,S274I,-11.669,0.289,0.0127
5197,GOh1052_S274L,GOh1052,S274L,-12.174,0.270,0.0127
5198,GOh1052_S274K,GOh1052,S274K,-14.706,0.171,0.0127
5199,GOh1052_S274M,GOh1052,S274M,-12.912,0.241,0.0127
5200,GOh1052_S274F,GOh1052,S274F,-13.718,0.209,0.0127
5201,GOh1052_S274P,GOh1052,S274P,-15.751,0.130,0.0127
5202,GOh1052_S274T,GOh1052,S274T,-7.181,0.465,0.0127
5203,GOh1052_S274W,GOh1052,S274W,-14.395,0.183,0.0127
5204,GOh1052_S274Y,GOh1052,S274Y,-12.499,0.257,0.0127
5205,GOh1052_S274V,GOh1052,S274V,-9.542,0.372,0.0127
5206,GOh1052_L275A,GOh1052,L275A,-10.547,0.333,0.4935
5207,GOh1052_L275R,GOh1052,L275R,-8.345,0.419,0.4935
5208,GOh1052_L275N,GOh1052,L275N,-10.8,0.323268622319441,0.4935
5209,GOh1052_L275D,GOh1052,L275D,-13.499,0.218,0.4935
5210,GOh1052_L275C,GOh1052,L275C,-13.427,0.221,0.4935
5211,GOh1052_L275Q,GOh1052,L275Q,-9.782,0.363,0.4935
5212,GOh1052_L275E,GOh1052,L275E,-11.032,0.314,0.4935
5213,GOh1052_L275G,GOh1052,L275G,-13.209,0.229,0.4935
5214,GOh1052_L275H,GOh1052,L275H,-10.59,0.331471426897387,0.4935
5215,GOh1052_L275I,GOh1052,L275I,-2.556,0.645,0.4935
5216,GOh1052_L275K,GOh1052,L275K,-10.176,0.348,0.4935
5217,GOh1052_L275M,GOh1052,L275M,-6.842,0.478,0.4935
5218,GOh1052_L275F,GOh1052,L275F,-5.658,0.524,0.4935
5219,GOh1052_L275P,GOh1052,L275P,-12.687,0.250,0.4935
5220,GOh1052_L275S,GOh1052,L275S,-10.218,0.346,0.4935
5221,GOh1052_L275T,GOh1052,L275T,-7.318,0.459,0.4935
5222,GOh1052_L275W,GOh1052,L275W,-9.178,0.387,0.4935
5223,GOh1052_L275Y,GOh1052,L275Y,-7.242,0.462,0.4935
5224,GOh1052_L275V,GOh1052,L275V,-4.885,0.554,0.4935
5225,GOh1052_Y276A,GOh1052,Y276A,-13.589,0.214,0.0411
5226,GOh1052_Y276R,GOh1052,Y276R,-11.98,0.277176672786219,0.0411
5227,GOh1052_Y276N,GOh1052,Y276N,-12.345,0.263,0.0411
5228,GOh1052_Y276D,GOh1052,Y276D,-13.86,0.203742041326511,0.0411
5229,GOh1052_Y276C,GOh1052,Y276C,-12.556,0.255,0.0411
5230,GOh1052_Y276Q,GOh1052,Y276Q,-13.583,0.215,0.0411
5231,GOh1052_Y276E,GOh1052,Y276E,-16.104,0.116,0.0411
5232,GOh1052_Y276G,GOh1052,Y276G,-14.586,0.175,0.0411
5233,GOh1052_Y276H,GOh1052,Y276H,-8.531,0.412,0.0411
5234,GOh1052_Y276I,GOh1052,Y276I,-13.274,0.227,0.0411
5235,GOh1052_Y276L,GOh1052,Y276L,-9.759,0.364,0.0411
5236,GOh1052_Y276K,GOh1052,Y276K,-14.104,0.194,0.0411
5237,GOh1052_Y276M,GOh1052,Y276M,-12.335,0.263,0.0411
5238,GOh1052_Y276F,GOh1052,Y276F,-5.668,0.524,0.0411
5239,GOh1052_Y276P,GOh1052,Y276P,-15.097,0.155,0.0411
5240,GOh1052_Y276S,GOh1052,Y276S,-12.146,0.271,0.0411
5241,GOh1052_Y276T,GOh1052,Y276T,-13.199,0.230,0.0411
5242,GOh1052_Y276W,GOh1052,Y276W,-8.18,0.425608374672864,0.0411
5243,GOh1052_Y276V,GOh1052,Y276V,-14.074,0.195,0.0411
5244,GOh1052_D277A,GOh1052,D277A,-7.049,0.470,0.5947
5245,GOh1052_D277R,GOh1052,D277R,-5.801,0.519,0.5947
5246,GOh1052_D277N,GOh1052,D277N,-3.468,0.610,0.5947
5247,GOh1052_D277C,GOh1052,D277C,-12.817,0.244,0.5947
5248,GOh1052_D277Q,GOh1052,D277Q,-5.562,0.528,0.5947
5249,GOh1052_D277E,GOh1052,D277E,-6.793,0.480,0.5947
5250,GOh1052_D277G,GOh1052,D277G,-7.714,0.444,0.5947
5251,GOh1052_D277H,GOh1052,D277H,-7.954,0.434,0.5947
5252,GOh1052_D277I,GOh1052,D277I,-6.959,0.473,0.5947
5253,GOh1052_D277L,GOh1052,D277L,-5.302,0.538,0.5947
5254,GOh1052_D277K,GOh1052,D277K,-5.826,0.518,0.5947
5255,GOh1052_D277M,GOh1052,D277M,-7.573,0.449,0.5947
5256,GOh1052_D277F,GOh1052,D277F,-7.598,0.448,0.5947
5257,GOh1052_D277P,GOh1052,D277P,-9.835,0.361,0.5947
5258,GOh1052_D277S,GOh1052,D277S,-4.067,0.586,0.5947
5259,GOh1052_D277T,GOh1052,D277T,-4.603,0.565,0.5947
5260,GOh1052_D277W,GOh1052,D277W,-9.06,0.391234717393852,0.5947
5261,GOh1052_D277Y,GOh1052,D277Y,-6.264,0.500,0.5947
5262,GOh1052_D277V,GOh1052,D277V,-6.877,0.477,0.5947
5263,GOh1052_S278A,GOh1052,S278A,-2.432,0.650,1.8282
5264,GOh1052_S278R,GOh1052,S278R,-3.851,0.595,1.8282
5265,GOh1052_S278N,GOh1052,S278N,-6.259,0.501,1.8282
5266,GOh1052_S278D,GOh1052,S278D,-7.864,0.438,1.8282
5267,GOh1052_S278C,GOh1052,S278C,-9.292,0.382,1.8282
5268,GOh1052_S278Q,GOh1052,S278Q,-5.279,0.539,1.8282
5269,GOh1052_S278E,GOh1052,S278E,-7.183,0.465,1.8282
5270,GOh1052_S278G,GOh1052,S278G,-5.785,0.519,1.8282
5271,GOh1052_S278H,GOh1052,S278H,-4.597,0.566,1.8282
5272,GOh1052_S278I,GOh1052,S278I,-3.981,0.590,1.8282
5273,GOh1052_S278L,GOh1052,S278L,-4.668,0.563,1.8282
5274,GOh1052_S278K,GOh1052,S278K,-4.298,0.577,1.8282
5275,GOh1052_S278M,GOh1052,S278M,-5.969,0.512,1.8282
5276,GOh1052_S278F,GOh1052,S278F,-4.393,0.574,1.8282
5277,GOh1052_S278P,GOh1052,S278P,-1.412,0.690,1.8282
5278,GOh1052_S278T,GOh1052,S278T,-3.78,0.597476661067927,1.8282
5279,GOh1052_S278W,GOh1052,S278W,-5.395,0.534,1.8282
5280,GOh1052_S278Y,GOh1052,S278Y,-4.196,0.581,1.8282
5281,GOh1052_S278V,GOh1052,S278V,-3.33,0.61505409944924,1.8282
5282,GOh1052_S279A,GOh1052,S279A,-3.4,0.612319831256592,1.1143
5283,GOh1052_S279R,GOh1052,S279R,-3.835,0.595,1.1143
5284,GOh1052_S279N,GOh1052,S279N,-4.223,0.580,1.1143
5285,GOh1052_S279D,GOh1052,S279D,-6.042,0.509,1.1143
5286,GOh1052_S279C,GOh1052,S279C,-11.037,0.314,1.1143
5287,GOh1052_S279Q,GOh1052,S279Q,-5.238,0.541,1.1143
5288,GOh1052_S279E,GOh1052,S279E,-6.513,0.491,1.1143
5289,GOh1052_S279G,GOh1052,S279G,-4.302,0.577,1.1143
5290,GOh1052_S279H,GOh1052,S279H,-6.902,0.476,1.1143
5291,GOh1052_S279I,GOh1052,S279I,-5.428,0.533,1.1143
5292,GOh1052_S279L,GOh1052,S279L,-5.382,0.535,1.1143
5293,GOh1052_S279K,GOh1052,S279K,-3.264,0.618,1.1143
5294,GOh1052_S279M,GOh1052,S279M,-7.744,0.443,1.1143
5295,GOh1052_S279F,GOh1052,S279F,-6.097,0.507,1.1143
5296,GOh1052_S279P,GOh1052,S279P,-7.759,0.442,1.1143
5297,GOh1052_S279T,GOh1052,S279T,-4.151,0.583,1.1143
5298,GOh1052_S279W,GOh1052,S279W,-7.264,0.461,1.1143
5299,GOh1052_S279Y,GOh1052,S279Y,-5.274,0.539,1.1143
5300,GOh1052_S279V,GOh1052,S279V,-4.48,0.57013397914144,1.1143
5301,GOh1052_S280A,GOh1052,S280A,-4.198,0.581,0.8835
5302,GOh1052_S280R,GOh1052,S280R,-4.695,0.562,0.8835
5303,GOh1052_S280N,GOh1052,S280N,-4.049,0.587,0.8835
5304,GOh1052_S280D,GOh1052,S280D,-7.15,0.465841178078981,0.8835
5305,GOh1052_S280C,GOh1052,S280C,-11.909,0.280,0.8835
5306,GOh1052_S280Q,GOh1052,S280Q,-4.76,0.559196906370845,0.8835
5307,GOh1052_S280E,GOh1052,S280E,-8.093,0.429,0.8835
5308,GOh1052_S280G,GOh1052,S280G,-5.773,0.520,0.8835
5309,GOh1052_S280H,GOh1052,S280H,-8.035,0.431,0.8835
5310,GOh1052_S280I,GOh1052,S280I,-5.777,0.519,0.8835
5311,GOh1052_S280L,GOh1052,S280L,-5.098,0.546,0.8835
5312,GOh1052_S280K,GOh1052,S280K,-3.597,0.605,0.8835
5313,GOh1052_S280M,GOh1052,S280M,-8.112,0.428,0.8835
5314,GOh1052_S280F,GOh1052,S280F,-8.281,0.422,0.8835
5315,GOh1052_S280P,GOh1052,S280P,-11.33,0.302566306003672,0.8835
5316,GOh1052_S280T,GOh1052,S280T,-3.148,0.622,0.8835
5317,GOh1052_S280W,GOh1052,S280W,-10.288,0.343,0.8835
5318,GOh1052_S280Y,GOh1052,S280Y,-8.715,0.405,0.8835
5319,GOh1052_S280V,GOh1052,S280V,-6.014,0.510,0.8835
5320,GOh1052_D281A,GOh1052,D281A,-6.816,0.479,0.735
5321,GOh1052_D281R,GOh1052,D281R,-6.347,0.497,0.735
5322,GOh1052_D281N,GOh1052,D281N,-1.992,0.667,0.735
5323,GOh1052_D281C,GOh1052,D281C,-13.856,0.204,0.735
5324,GOh1052_D281Q,GOh1052,D281Q,-5.846,0.517,0.735
5325,GOh1052_D281E,GOh1052,D281E,-6.719,0.483,0.735
5326,GOh1052_D281G,GOh1052,D281G,-4.553,0.567,0.735
5327,GOh1052_D281H,GOh1052,D281H,-7.319,0.459,0.735
5328,GOh1052_D281I,GOh1052,D281I,-10.167,0.348,0.735
5329,GOh1052_D281L,GOh1052,D281L,-7.729,0.443,0.735
5330,GOh1052_D281K,GOh1052,D281K,-5.613,0.526,0.735
5331,GOh1052_D281M,GOh1052,D281M,-8.569,0.410,0.735
5332,GOh1052_D281F,GOh1052,D281F,-9.361,0.379,0.735
5333,GOh1052_D281P,GOh1052,D281P,-9.922,0.358,0.735
5334,GOh1052_D281S,GOh1052,D281S,-5.963,0.512,0.735
5335,GOh1052_D281T,GOh1052,D281T,-7.954,0.434,0.735
5336,GOh1052_D281W,GOh1052,D281W,-10.452,0.337,0.735
5337,GOh1052_D281Y,GOh1052,D281Y,-8.111,0.428,0.735
5338,GOh1052_D281V,GOh1052,D281V,-9.128,0.389,0.735
5339,GOh1052_S282A,GOh1052,S282A,-5.128,0.545,0.4865
5340,GOh1052_S282R,GOh1052,S282R,-5.386,0.535,0.4865
5341,GOh1052_S282N,GOh1052,S282N,-6.081,0.508,0.4865
5342,GOh1052_S282D,GOh1052,S282D,-7.995,0.433,0.4865
5343,GOh1052_S282C,GOh1052,S282C,-12.037,0.275,0.4865
5344,GOh1052_S282Q,GOh1052,S282Q,-5.015,0.549,0.4865
5345,GOh1052_S282E,GOh1052,S282E,-7.093,0.468,0.4865
5346,GOh1052_S282G,GOh1052,S282G,-7.918,0.436,0.4865
5347,GOh1052_S282H,GOh1052,S282H,-9.049,0.392,0.4865
5348,GOh1052_S282I,GOh1052,S282I,-7.221,0.463,0.4865
5349,GOh1052_S282L,GOh1052,S282L,-6.884,0.476,0.4865
5350,GOh1052_S282K,GOh1052,S282K,-4.463,0.571,0.4865
5351,GOh1052_S282M,GOh1052,S282M,-7.776,0.441,0.4865
5352,GOh1052_S282F,GOh1052,S282F,-9.81,0.36193898675833,0.4865
5353,GOh1052_S282P,GOh1052,S282P,-13.26,0.227178625834928,0.4865
5354,GOh1052_S282T,GOh1052,S282T,-3.57,0.605679465645873,0.4865
5355,GOh1052_S282W,GOh1052,S282W,-11.197,0.308,0.4865
5356,GOh1052_S282Y,GOh1052,S282Y,-9.515,0.373,0.4865
5357,GOh1052_S282V,GOh1052,S282V,-6.637,0.486,0.4865
5358,GOh1052_W283A,GOh1052,W283A,-13.191,0.230,0.0121
5359,GOh1052_W283R,GOh1052,W283R,-13.036,0.236,0.0121
5360,GOh1052_W283N,GOh1052,W283N,-14.632,0.174,0.0121
5361,GOh1052_W283D,GOh1052,W283D,-15.679,0.133,0.0121
5362,GOh1052_W283C,GOh1052,W283C,-13.462,0.219,0.0121
5363,GOh1052_W283Q,GOh1052,W283Q,-14.296,0.187,0.0121
5364,GOh1052_W283E,GOh1052,W283E,-15.204,0.151,0.0121
5365,GOh1052_W283G,GOh1052,W283G,-13.582,0.215,0.0121
5366,GOh1052_W283H,GOh1052,W283H,-14.2,0.190461310105074,0.0121
5367,GOh1052_W283I,GOh1052,W283I,-11.459,0.298,0.0121
5368,GOh1052_W283L,GOh1052,W283L,-10.918,0.319,0.0121
5369,GOh1052_W283K,GOh1052,W283K,-13.814,0.206,0.0121
5370,GOh1052_W283M,GOh1052,W283M,-11.838,0.283,0.0121
5371,GOh1052_W283F,GOh1052,W283F,-7.225,0.463,0.0121
5372,GOh1052_W283P,GOh1052,W283P,-14.858,0.165,0.0121
5373,GOh1052_W283S,GOh1052,W283S,-12.978,0.238,0.0121
5374,GOh1052_W283T,GOh1052,W283T,-13.123,0.233,0.0121
5375,GOh1052_W283Y,GOh1052,W283Y,-8.647,0.407,0.0121
5376,GOh1052_W283V,GOh1052,W283V,-11.922,0.279,0.0121
5377,GOh1052_I284A,GOh1052,I284A,-3.929,0.592,1.7749
5378,GOh1052_I284R,GOh1052,I284R,-4.349,0.575,1.7749
5379,GOh1052_I284N,GOh1052,I284N,-5.113,0.545,1.7749
5380,GOh1052_I284D,GOh1052,I284D,-7.013,0.471,1.7749
5381,GOh1052_I284C,GOh1052,I284C,-10.121,0.350,1.7749
5382,GOh1052_I284Q,GOh1052,I284Q,-4.468,0.571,1.7749
5383,GOh1052_I284E,GOh1052,I284E,-5.813,0.518,1.7749
5384,GOh1052_I284G,GOh1052,I284G,-5.299,0.538,1.7749
5385,GOh1052_I284H,GOh1052,I284H,-6.282,0.500,1.7749
5386,GOh1052_I284L,GOh1052,I284L,-4.396,0.573,1.7749
5387,GOh1052_I284K,GOh1052,I284K,-3.817,0.596,1.7749
5388,GOh1052_I284M,GOh1052,I284M,-6.35,0.497089957423538,1.7749
5389,GOh1052_I284F,GOh1052,I284F,-5.542,0.529,1.7749
5390,GOh1052_I284P,GOh1052,I284P,-9.216,0.385,1.7749
5391,GOh1052_I284S,GOh1052,I284S,-1.745,0.677,1.7749
5392,GOh1052_I284T,GOh1052,I284T,-1.695,0.679,1.7749
5393,GOh1052_I284W,GOh1052,I284W,-8.237,0.423,1.7749
5394,GOh1052_I284Y,GOh1052,I284Y,-5.199,0.542,1.7749
5395,GOh1052_I284V,GOh1052,I284V,-3.107,0.624,1.7749
5396,GOh1052_P285A,GOh1052,P285A,-1.364,0.692,2.457
5397,GOh1052_P285R,GOh1052,P285R,-3.104,0.624,2.457
5398,GOh1052_P285N,GOh1052,P285N,-3.345,0.614,2.457
5399,GOh1052_P285D,GOh1052,P285D,-3.712,0.600,2.457
5400,GOh1052_P285C,GOh1052,P285C,-11.13,0.310378500839811,2.457
5401,GOh1052_P285Q,GOh1052,P285Q,-1.184,0.699,2.457
5402,GOh1052_P285E,GOh1052,P285E,-4.209,0.581,2.457
5403,GOh1052_P285G,GOh1052,P285G,-4.522,0.568,2.457
5404,GOh1052_P285H,GOh1052,P285H,-6.108,0.507,2.457
5405,GOh1052_P285I,GOh1052,P285I,-5.487,0.531,2.457
5406,GOh1052_P285L,GOh1052,P285L,-4.826,0.557,2.457
5407,GOh1052_P285K,GOh1052,P285K,-2.476,0.648,2.457
5408,GOh1052_P285M,GOh1052,P285M,-6.546,0.489,2.457
5409,GOh1052_P285F,GOh1052,P285F,-5.452,0.532,2.457
5410,GOh1052_P285S,GOh1052,P285S,-2.296,0.655,2.457
5411,GOh1052_P285T,GOh1052,P285T,-2.949,0.630,2.457
5412,GOh1052_P285W,GOh1052,P285W,-5.959,0.512,2.457
5413,GOh1052_P285Y,GOh1052,P285Y,-3.902,0.593,2.457
5414,GOh1052_P285V,GOh1052,P285V,-4.425,0.572,2.457
5415,GOh1052_G286A,GOh1052,G286A,-4.973,0.551,0.0718
5416,GOh1052_G286R,GOh1052,G286R,-10.301,0.343,0.0718
5417,GOh1052_G286N,GOh1052,G286N,-10.674,0.328,0.0718
5418,GOh1052_G286D,GOh1052,G286D,-11.255,0.305,0.0718
5419,GOh1052_G286C,GOh1052,G286C,-14.265,0.188,0.0718
5420,GOh1052_G286Q,GOh1052,G286Q,-9.878,0.359,0.0718
5421,GOh1052_G286E,GOh1052,G286E,-10.932,0.318,0.0718
5422,GOh1052_G286H,GOh1052,G286H,-12.293,0.265,0.0718
5423,GOh1052_G286I,GOh1052,G286I,-11.672,0.289,0.0718
5424,GOh1052_G286L,GOh1052,G286L,-10.052,0.352,0.0718
5425,GOh1052_G286K,GOh1052,G286K,-10.094,0.351,0.0718
5426,GOh1052_G286M,GOh1052,G286M,-11.104,0.311,0.0718
5427,GOh1052_G286F,GOh1052,G286F,-12.825,0.244,0.0718
5428,GOh1052_G286P,GOh1052,G286P,-11.906,0.280,0.0718
5429,GOh1052_G286S,GOh1052,G286S,-7.726,0.443,0.0718
5430,GOh1052_G286T,GOh1052,G286T,-8.863,0.399,0.0718
5431,GOh1052_G286W,GOh1052,G286W,-13.964,0.200,0.0718
5432,GOh1052_G286Y,GOh1052,G286Y,-11.988,0.277,0.0718
5433,GOh1052_G286V,GOh1052,G286V,-10.14,0.3490488652787,0.0718
5434,GOh1052_P287A,GOh1052,P287A,-4.109,0.585,0.4441
5435,GOh1052_P287R,GOh1052,P287R,-7.398,0.456,0.4441
5436,GOh1052_P287N,GOh1052,P287N,-5.581,0.527,0.4441
5437,GOh1052_P287D,GOh1052,P287D,-5.494,0.531,0.4441
5438,GOh1052_P287C,GOh1052,P287C,-13.486,0.218,0.4441
5439,GOh1052_P287Q,GOh1052,P287Q,-6.301,0.499,0.4441
5440,GOh1052_P287E,GOh1052,P287E,-6.697,0.484,0.4441
5441,GOh1052_P287G,GOh1052,P287G,-6.283,0.500,0.4441
5442,GOh1052_P287H,GOh1052,P287H,-9.258,0.384,0.4441
5443,GOh1052_P287I,GOh1052,P287I,-7.844,0.439,0.4441
5444,GOh1052_P287L,GOh1052,P287L,-7.014,0.471,0.4441
5445,GOh1052_P287K,GOh1052,P287K,-6.405,0.495,0.4441
5446,GOh1052_P287M,GOh1052,P287M,-9.595,0.370,0.4441
5447,GOh1052_P287F,GOh1052,P287F,-9.438,0.376,0.4441
5448,GOh1052_P287S,GOh1052,P287S,-5.074,0.547,0.4441
5449,GOh1052_P287T,GOh1052,P287T,-4.321,0.576,0.4441
5450,GOh1052_P287W,GOh1052,P287W,-11.093,0.312,0.4441
5451,GOh1052_P287Y,GOh1052,P287Y,-8.948,0.396,0.4441
5452,GOh1052_P287V,GOh1052,P287V,-6.602,0.487,0.4441
5453,GOh1052_D288A,GOh1052,D288A,-6.167,0.504,0.2303
5454,GOh1052_D288R,GOh1052,D288R,-8.884,0.398,0.2303
5455,GOh1052_D288N,GOh1052,D288N,-4.565,0.567,0.2303
5456,GOh1052_D288C,GOh1052,D288C,-14.333,0.185,0.2303
5457,GOh1052_D288Q,GOh1052,D288Q,-7.783,0.441,0.2303
5458,GOh1052_D288E,GOh1052,D288E,-6.752,0.481,0.2303
5459,GOh1052_D288G,GOh1052,D288G,-7.231,0.463,0.2303
5460,GOh1052_D288H,GOh1052,D288H,-9.755,0.364,0.2303
5461,GOh1052_D288I,GOh1052,D288I,-9.705,0.366,0.2303
5462,GOh1052_D288L,GOh1052,D288L,-8.164,0.426,0.2303
5463,GOh1052_D288K,GOh1052,D288K,-8.034,0.431,0.2303
5464,GOh1052_D288M,GOh1052,D288M,-10.413,0.338,0.2303
5465,GOh1052_D288F,GOh1052,D288F,-9.857,0.360,0.2303
5466,GOh1052_D288P,GOh1052,D288P,-6.296,0.499,0.2303
5467,GOh1052_D288S,GOh1052,D288S,-5.051,0.548,0.2303
5468,GOh1052_D288T,GOh1052,D288T,-6.934,0.474,0.2303
5469,GOh1052_D288W,GOh1052,D288W,-11.382,0.301,0.2303
5470,GOh1052_D288Y,GOh1052,D288Y,-9.47,0.375219717979766,0.2303
5471,GOh1052_D288V,GOh1052,D288V,-8.634,0.408,0.2303
5472,GOh1052_M289A,GOh1052,M289A,-8.876,0.398,0.0348
5473,GOh1052_M289R,GOh1052,M289R,-13.411,0.221,0.0348
5474,GOh1052_M289N,GOh1052,M289N,-11.221,0.307,0.0348
5475,GOh1052_M289D,GOh1052,M289D,-13.834,0.205,0.0348
5476,GOh1052_M289C,GOh1052,M289C,-11.104,0.311,0.0348
5477,GOh1052_M289Q,GOh1052,M289Q,-9.484,0.375,0.0348
5478,GOh1052_M289E,GOh1052,M289E,-13.379,0.223,0.0348
5479,GOh1052_M289G,GOh1052,M289G,-11.244,0.306,0.0348
5480,GOh1052_M289H,GOh1052,M289H,-11.295,0.304,0.0348
5481,GOh1052_M289I,GOh1052,M289I,-9.172,0.387,0.0348
5482,GOh1052_M289L,GOh1052,M289L,-5.991,0.511,0.0348
5483,GOh1052_M289K,GOh1052,M289K,-13.251,0.228,0.0348
5484,GOh1052_M289F,GOh1052,M289F,-10.735,0.326,0.0348
5485,GOh1052_M289P,GOh1052,M289P,-11.663,0.290,0.0348
5486,GOh1052_M289S,GOh1052,M289S,-9.517,0.373,0.0348
5487,GOh1052_M289T,GOh1052,M289T,-8.942,0.396,0.0348
5488,GOh1052_M289W,GOh1052,M289W,-15.041,0.158,0.0348
5489,GOh1052_M289Y,GOh1052,M289Y,-12.706,0.249,0.0348
5490,GOh1052_M289V,GOh1052,M289V,-10.658,0.329,0.0348
5491,GOh1052_Q290A,GOh1052,Q290A,0.802,0.776,2.655
5492,GOh1052_Q290R,GOh1052,Q290R,-0.487,0.726,2.655
5493,GOh1052_Q290N,GOh1052,Q290N,2.223,0.832,2.655
5494,GOh1052_Q290D,GOh1052,Q290D,-1.988,0.667,2.655
5495,GOh1052_Q290C,GOh1052,Q290C,-9.228,0.385,2.655
5496,GOh1052_Q290E,GOh1052,Q290E,-1.812,0.674,2.655
5497,GOh1052_Q290G,GOh1052,Q290G,-0.833,0.713,2.655
5498,GOh1052_Q290H,GOh1052,Q290H,-1.111,0.702,2.655
5499,GOh1052_Q290I,GOh1052,Q290I,-0.915,0.709,2.655
5500,GOh1052_Q290L,GOh1052,Q290L,-0.144,0.740,2.655
5501,GOh1052_Q290K,GOh1052,Q290K,2.514,0.843,2.655
5502,GOh1052_Q290M,GOh1052,Q290M,-2.473,0.649,2.655
5503,GOh1052_Q290F,GOh1052,Q290F,-2.39,0.651771415179095,2.655
5504,GOh1052_Q290P,GOh1052,Q290P,-5.026,0.549,2.655
5505,GOh1052_Q290S,GOh1052,Q290S,0.49,0.764267020819499,2.655
5506,GOh1052_Q290T,GOh1052,Q290T,0.142,0.751,2.655
5507,GOh1052_Q290W,GOh1052,Q290W,-5.264,0.540,2.655
5508,GOh1052_Q290Y,GOh1052,Q290Y,-2.513,0.647,2.655
5509,GOh1052_Q290V,GOh1052,Q290V,0.015,0.746,2.655
5510,GOh1052_V291A,GOh1052,V291A,-8.359,0.419,0.364
5511,GOh1052_V291R,GOh1052,V291R,-8.435,0.416,0.364
5512,GOh1052_V291N,GOh1052,V291N,-8.441,0.415,0.364
5513,GOh1052_V291D,GOh1052,V291D,-11.077,0.312,0.364
5514,GOh1052_V291C,GOh1052,V291C,-13.076,0.234,0.364
5515,GOh1052_V291Q,GOh1052,V291Q,-7.055,0.470,0.364
5516,GOh1052_V291E,GOh1052,V291E,-9.763,0.364,0.364
5517,GOh1052_V291G,GOh1052,V291G,-10.597,0.331,0.364
5518,GOh1052_V291H,GOh1052,V291H,-9.052,0.392,0.364
5519,GOh1052_V291I,GOh1052,V291I,-3.408,0.612,0.364
5520,GOh1052_V291L,GOh1052,V291L,-5.191,0.542,0.364
5521,GOh1052_V291K,GOh1052,V291K,-6.101,0.507,0.364
5522,GOh1052_V291M,GOh1052,V291M,-5.339,0.537,0.364
5523,GOh1052_V291F,GOh1052,V291F,-7.524,0.451,0.364
5524,GOh1052_V291P,GOh1052,V291P,-12.081,0.273,0.364
5525,GOh1052_V291S,GOh1052,V291S,-8.511,0.413,0.364
5526,GOh1052_V291T,GOh1052,V291T,-6.994,0.472,0.364
5527,GOh1052_V291W,GOh1052,V291W,-10.185,0.347,0.364
5528,GOh1052_V291Y,GOh1052,V291Y,-7.029,0.471,0.364
5529,GOh1052_A292R,GOh1052,A292R,-8.631,0.408,0.2733
5530,GOh1052_A292N,GOh1052,A292N,-8.799,0.401,0.2733
5531,GOh1052_A292D,GOh1052,A292D,-8.771,0.403,0.2733
5532,GOh1052_A292C,GOh1052,A292C,-13.474,0.219,0.2733
5533,GOh1052_A292Q,GOh1052,A292Q,-7.544,0.450,0.2733
5534,GOh1052_A292E,GOh1052,A292E,-6.307,0.499,0.2733
5535,GOh1052_A292G,GOh1052,A292G,-4.004,0.589,0.2733
5536,GOh1052_A292H,GOh1052,A292H,-10.385,0.339,0.2733
5537,GOh1052_A292I,GOh1052,A292I,-10.422,0.338,0.2733
5538,GOh1052_A292L,GOh1052,A292L,-10.337,0.341,0.2733
5539,GOh1052_A292K,GOh1052,A292K,-8.27,0.422092886996602,0.2733
5540,GOh1052_A292M,GOh1052,A292M,-10.427,0.338,0.2733
5541,GOh1052_A292F,GOh1052,A292F,-11.013,0.315,0.2733
5542,GOh1052_A292P,GOh1052,A292P,-4.483,0.570,0.2733
5543,GOh1052_A292S,GOh1052,A292S,-6.596,0.487,0.2733
5544,GOh1052_A292T,GOh1052,A292T,-7.965,0.434,0.2733
5545,GOh1052_A292W,GOh1052,A292W,-10.897,0.319,0.2733
5546,GOh1052_A292Y,GOh1052,A292Y,-10.393,0.339,0.2733
5547,GOh1052_A292V,GOh1052,A292V,-8.743,0.404,0.2733
5548,GOh1052_R293A,GOh1052,R293A,-12.799,0.245,0.0054
5549,GOh1052_R293N,GOh1052,R293N,-11.849,0.282,0.0054
5550,GOh1052_R293D,GOh1052,R293D,-13.897,0.202,0.0054
5551,GOh1052_R293C,GOh1052,R293C,-11.821,0.283,0.0054
5552,GOh1052_R293Q,GOh1052,R293Q,-11.779,0.285,0.0054
5553,GOh1052_R293E,GOh1052,R293E,-13.421,0.221,0.0054
5554,GOh1052_R293G,GOh1052,R293G,-11.493,0.296,0.0054
5555,GOh1052_R293H,GOh1052,R293H,-9.023,0.393,0.0054
5556,GOh1052_R293I,GOh1052,R293I,-11.914,0.280,0.0054
5557,GOh1052_R293L,GOh1052,R293L,-11.519,0.295,0.0054
5558,GOh1052_R293K,GOh1052,R293K,-8.859,0.399,0.0054
5559,GOh1052_R293M,GOh1052,R293M,-12.846,0.243,0.0054
5560,GOh1052_R293F,GOh1052,R293F,-14.589,0.175,0.0054
5561,GOh1052_R293P,GOh1052,R293P,-12.624,0.252,0.0054
5562,GOh1052_R293S,GOh1052,R293S,-11.044,0.314,0.0054
5563,GOh1052_R293T,GOh1052,R293T,-12.273,0.266,0.0054
5564,GOh1052_R293W,GOh1052,R293W,-12.767,0.246,0.0054
5565,GOh1052_R293Y,GOh1052,R293Y,-12.414,0.260,0.0054
5566,GOh1052_R293V,GOh1052,R293V,-13.473,0.219,0.0054
5567,GOh1052_G294A,GOh1052,G294A,-6.268,0.500,0.0235
5568,GOh1052_G294R,GOh1052,G294R,-12.923,0.240,0.0235
5569,GOh1052_G294N,GOh1052,G294N,-11.542,0.294,0.0235
5570,GOh1052_G294D,GOh1052,G294D,-11.049,0.314,0.0235
5571,GOh1052_G294C,GOh1052,G294C,-11.097,0.312,0.0235
5572,GOh1052_G294Q,GOh1052,G294Q,-12.848,0.243,0.0235
5573,GOh1052_G294E,GOh1052,G294E,-12.568,0.254,0.0235
5574,GOh1052_G294H,GOh1052,G294H,-13.942,0.201,0.0235
5575,GOh1052_G294I,GOh1052,G294I,-14.408,0.182,0.0235
5576,GOh1052_G294L,GOh1052,G294L,-13.596,0.214,0.0235
5577,GOh1052_G294K,GOh1052,G294K,-14.135,0.193,0.0235
5578,GOh1052_G294M,GOh1052,G294M,-13.768,0.207,0.0235
5579,GOh1052_G294F,GOh1052,G294F,-13.967,0.200,0.0235
5580,GOh1052_G294P,GOh1052,G294P,-16.16,0.11390180071091,0.0235
5581,GOh1052_G294S,GOh1052,G294S,-8.672,0.406,0.0235
5582,GOh1052_G294T,GOh1052,G294T,-12.193,0.269,0.0235
5583,GOh1052_G294W,GOh1052,G294W,-14.422,0.182,0.0235
5584,GOh1052_G294Y,GOh1052,G294Y,-12.66,0.250615210343346,0.0235
5585,GOh1052_G294V,GOh1052,G294V,-12.579,0.254,0.0235
5586,GOh1052_Y295A,GOh1052,Y295A,-12.93,0.240068747314558,0.0024
5587,GOh1052_Y295R,GOh1052,Y295R,-14.092,0.195,0.0024
5588,GOh1052_Y295N,GOh1052,Y295N,-11.717,0.287,0.0024
5589,GOh1052_Y295D,GOh1052,Y295D,-10.95,0.317409476192336,0.0024
5590,GOh1052_Y295C,GOh1052,Y295C,-10.362,0.340,0.0024
5591,GOh1052_Y295Q,GOh1052,Y295Q,-12.284,0.265,0.0024
5592,GOh1052_Y295E,GOh1052,Y295E,-12.481,0.258,0.0024
5593,GOh1052_Y295G,GOh1052,Y295G,-13.595,0.214,0.0024
5594,GOh1052_Y295H,GOh1052,Y295H,-10.721,0.326,0.0024
5595,GOh1052_Y295I,GOh1052,Y295I,-15.056,0.157,0.0024
5596,GOh1052_Y295L,GOh1052,Y295L,-12.908,0.241,0.0024
5597,GOh1052_Y295K,GOh1052,Y295K,-14.365,0.184,0.0024
5598,GOh1052_Y295M,GOh1052,Y295M,-13.5,0.217803992031561,0.0024
5599,GOh1052_Y295F,GOh1052,Y295F,-10.678,0.328,0.0024
5600,GOh1052_Y295P,GOh1052,Y295P,-15.681,0.133,0.0024
5601,GOh1052_Y295S,GOh1052,Y295S,-12.068,0.274,0.0024
5602,GOh1052_Y295T,GOh1052,Y295T,-14.356,0.184,0.0024
5603,GOh1052_Y295W,GOh1052,Y295W,-11.569,0.293,0.0024
5604,GOh1052_Y295V,GOh1052,Y295V,-13.715,0.209,0.0024
5605,GOh1052_Q296A,GOh1052,Q296A,-10.684,0.328,0.0078
5606,GOh1052_Q296R,GOh1052,Q296R,-13.901,0.202,0.0078
5607,GOh1052_Q296N,GOh1052,Q296N,-10.567,0.332,0.0078
5608,GOh1052_Q296D,GOh1052,Q296D,-13.073,0.234,0.0078
5609,GOh1052_Q296C,GOh1052,Q296C,-13.171,0.231,0.0078
5610,GOh1052_Q296E,GOh1052,Q296E,-10.187,0.347,0.0078
5611,GOh1052_Q296G,GOh1052,Q296G,-11.483,0.297,0.0078
5612,GOh1052_Q296H,GOh1052,Q296H,-8.066,0.430,0.0078
5613,GOh1052_Q296I,GOh1052,Q296I,-13.157,0.231,0.0078
5614,GOh1052_Q296L,GOh1052,Q296L,-10.477,0.336,0.0078
5615,GOh1052_Q296K,GOh1052,Q296K,-13.096,0.234,0.0078
5616,GOh1052_Q296M,GOh1052,Q296M,-11.333,0.302,0.0078
5617,GOh1052_Q296F,GOh1052,Q296F,-13.797,0.206,0.0078
5618,GOh1052_Q296P,GOh1052,Q296P,-10.77,0.324440451544862,0.0078
5619,GOh1052_Q296S,GOh1052,Q296S,-10.613,0.331,0.0078
5620,GOh1052_Q296T,GOh1052,Q296T,-11.098,0.312,0.0078
5621,GOh1052_Q296W,GOh1052,Q296W,-17.009,0.081,0.0078
5622,GOh1052_Q296Y,GOh1052,Q296Y,-13.961,0.200,0.0078
5623,GOh1052_Q296V,GOh1052,Q296V,-11.694,0.288,0.0078
5624,GOh1052_S297A,GOh1052,S297A,-4.509,0.569,0.1376
5625,GOh1052_S297R,GOh1052,S297R,-13.05,0.235381430412874,0.1376
5626,GOh1052_S297N,GOh1052,S297N,-8.937,0.396,0.1376
5627,GOh1052_S297D,GOh1052,S297D,-11.483,0.297,0.1376
5628,GOh1052_S297C,GOh1052,S297C,-9.571,0.371,0.1376
5629,GOh1052_S297Q,GOh1052,S297Q,-11.058,0.313,0.1376
5630,GOh1052_S297E,GOh1052,S297E,-12.338,0.263,0.1376
5631,GOh1052_S297G,GOh1052,S297G,-5.979,0.512,0.1376
5632,GOh1052_S297H,GOh1052,S297H,-12.322,0.264,0.1376
5633,GOh1052_S297I,GOh1052,S297I,-12.965,0.239,0.1376
5634,GOh1052_S297L,GOh1052,S297L,-12.983,0.238,0.1376
5635,GOh1052_S297K,GOh1052,S297K,-12.493,0.257,0.1376
5636,GOh1052_S297M,GOh1052,S297M,-11.815,0.284,0.1376
5637,GOh1052_S297F,GOh1052,S297F,-13.391,0.222,0.1376
5638,GOh1052_S297P,GOh1052,S297P,-11.357,0.302,0.1376
5639,GOh1052_S297T,GOh1052,S297T,-6.144,0.505,0.1376
5640,GOh1052_S297W,GOh1052,S297W,-15.53,0.138510214444748,0.1376
5641,GOh1052_S297Y,GOh1052,S297Y,-13.404,0.222,0.1376
5642,GOh1052_S297V,GOh1052,S297V,-10.752,0.325,0.1376
5643,GOh1052_S298A,GOh1052,S298A,-5.719,0.522,0.1857
5644,GOh1052_S298R,GOh1052,S298R,-13.592,0.214,0.1857
5645,GOh1052_S298N,GOh1052,S298N,-4.954,0.552,0.1857
5646,GOh1052_S298D,GOh1052,S298D,-9.81,0.36193898675833,0.1857
5647,GOh1052_S298C,GOh1052,S298C,-7.378,0.457,0.1857
5648,GOh1052_S298Q,GOh1052,S298Q,-6.557,0.489,0.1857
5649,GOh1052_S298E,GOh1052,S298E,-10.747,0.325,0.1857
5650,GOh1052_S298G,GOh1052,S298G,-8.477,0.414,0.1857
5651,GOh1052_S298H,GOh1052,S298H,-9.786,0.363,0.1857
5652,GOh1052_S298I,GOh1052,S298I,-8.993,0.394,0.1857
5653,GOh1052_S298L,GOh1052,S298L,-8.838,0.400,0.1857
5654,GOh1052_S298K,GOh1052,S298K,-12.316,0.264,0.1857
5655,GOh1052_S298M,GOh1052,S298M,-7.218,0.463,0.1857
5656,GOh1052_S298F,GOh1052,S298F,-12.103,0.272,0.1857
5657,GOh1052_S298P,GOh1052,S298P,-11.725,0.287,0.1857
5658,GOh1052_S298T,GOh1052,S298T,-5.179,0.543,0.1857
5659,GOh1052_S298W,GOh1052,S298W,-14.574,0.176,0.1857
5660,GOh1052_S298Y,GOh1052,S298Y,-12.978,0.238,0.1857
5661,GOh1052_S298V,GOh1052,S298V,-7.725,0.443,0.1857
5662,GOh1052_A299R,GOh1052,A299R,-14.051,0.196,0.3317
5663,GOh1052_A299N,GOh1052,A299N,-8.668,0.407,0.3317
5664,GOh1052_A299D,GOh1052,A299D,-10.798,0.323,0.3317
5665,GOh1052_A299C,GOh1052,A299C,-4.839,0.556,0.3317
5666,GOh1052_A299Q,GOh1052,A299Q,-11.755,0.286,0.3317
5667,GOh1052_A299E,GOh1052,A299E,-11.486,0.296,0.3317
5668,GOh1052_A299G,GOh1052,A299G,-8.73,0.404124838873482,0.3317
5669,GOh1052_A299H,GOh1052,A299H,-12.208,0.268,0.3317
5670,GOh1052_A299I,GOh1052,A299I,-7.85,0.438498496152494,0.3317
5671,GOh1052_A299L,GOh1052,A299L,-10.206,0.346,0.3317
5672,GOh1052_A299K,GOh1052,A299K,-14.344,0.185,0.3317
5673,GOh1052_A299M,GOh1052,A299M,-10.903,0.319,0.3317
5674,GOh1052_A299F,GOh1052,A299F,-11.785,0.285,0.3317
5675,GOh1052_A299P,GOh1052,A299P,-12.563,0.254,0.3317
5676,GOh1052_A299S,GOh1052,A299S,-5.631,0.525,0.3317
5677,GOh1052_A299T,GOh1052,A299T,-3.802,0.597,0.3317
5678,GOh1052_A299W,GOh1052,A299W,-13.025,0.236,0.3317
5679,GOh1052_A299Y,GOh1052,A299Y,-12.605,0.253,0.3317
5680,GOh1052_A299V,GOh1052,A299V,-4.654,0.563,0.3317
5681,GOh1052_T300A,GOh1052,T300A,-9.292,0.382,0.0236
5682,GOh1052_T300R,GOh1052,T300R,-9.939,0.357,0.0236
5683,GOh1052_T300N,GOh1052,T300N,-9.463,0.375,0.0236
5684,GOh1052_T300D,GOh1052,T300D,-13.429,0.221,0.0236
5685,GOh1052_T300C,GOh1052,T300C,-13.613,0.213,0.0236
5686,GOh1052_T300Q,GOh1052,T300Q,-10.849,0.321,0.0236
5687,GOh1052_T300E,GOh1052,T300E,-12.212,0.268,0.0236
5688,GOh1052_T300G,GOh1052,T300G,-11.207,0.307,0.0236
5689,GOh1052_T300H,GOh1052,T300H,-11.248,0.306,0.0236
5690,GOh1052_T300I,GOh1052,T300I,-8.414,0.416,0.0236
5691,GOh1052_T300L,GOh1052,T300L,-8.212,0.424,0.0236
5692,GOh1052_T300K,GOh1052,T300K,-10.087,0.351,0.0236
5693,GOh1052_T300M,GOh1052,T300M,-9.034,0.392,0.0236
5694,GOh1052_T300F,GOh1052,T300F,-9.806,0.362,0.0236
5695,GOh1052_T300P,GOh1052,T300P,-11.347,0.302,0.0236
5696,GOh1052_T300S,GOh1052,T300S,-8.012,0.432,0.0236
5697,GOh1052_T300W,GOh1052,T300W,-12.439,0.259,0.0236
5698,GOh1052_T300Y,GOh1052,T300Y,-11.097,0.312,0.0236
5699,GOh1052_T300V,GOh1052,T300V,-7.929,0.435,0.0236
5700,GOh1052_M301A,GOh1052,M301A,-0.895,0.710,1.5172
5701,GOh1052_M301R,GOh1052,M301R,-7.919,0.436,1.5172
5702,GOh1052_M301N,GOh1052,M301N,-5.002,0.550,1.5172
5703,GOh1052_M301D,GOh1052,M301D,-8.003,0.433,1.5172
5704,GOh1052_M301C,GOh1052,M301C,-2.245,0.657,1.5172
5705,GOh1052_M301Q,GOh1052,M301Q,-7.01,0.471309714464279,1.5172
5706,GOh1052_M301E,GOh1052,M301E,-9.791,0.363,1.5172
5707,GOh1052_M301G,GOh1052,M301G,-5.052,0.548,1.5172
5708,GOh1052_M301H,GOh1052,M301H,-8.137,0.427,1.5172
5709,GOh1052_M301I,GOh1052,M301I,-3.539,0.607,1.5172
5710,GOh1052_M301L,GOh1052,M301L,1.472,0.803,1.5172
5711,GOh1052_M301K,GOh1052,M301K,-9.083,0.390,1.5172
5712,GOh1052_M301F,GOh1052,M301F,-6.972,0.473,1.5172
5713,GOh1052_M301P,GOh1052,M301P,-8.728,0.404,1.5172
5714,GOh1052_M301S,GOh1052,M301S,-3.717,0.600,1.5172
5715,GOh1052_M301T,GOh1052,M301T,-1.421,0.690,1.5172
5716,GOh1052_M301W,GOh1052,M301W,-10.094,0.351,1.5172
5717,GOh1052_M301Y,GOh1052,M301Y,-8.056,0.430,1.5172
5718,GOh1052_M301V,GOh1052,M301V,-2.266,0.657,1.5172
5719,GOh1052_S302A,GOh1052,S302A,-6.992,0.472,0.0482
5720,GOh1052_S302R,GOh1052,S302R,-10.204,0.347,0.0482
5721,GOh1052_S302N,GOh1052,S302N,-8.588,0.410,0.0482
5722,GOh1052_S302D,GOh1052,S302D,-9.112,0.389,0.0482
5723,GOh1052_S302C,GOh1052,S302C,-12.394,0.261,0.0482
5724,GOh1052_S302Q,GOh1052,S302Q,-9.262,0.383,0.0482
5725,GOh1052_S302E,GOh1052,S302E,-9.699,0.366,0.0482
5726,GOh1052_S302G,GOh1052,S302G,-7.062,0.469,0.0482
5727,GOh1052_S302H,GOh1052,S302H,-10.876,0.320,0.0482
5728,GOh1052_S302I,GOh1052,S302I,-10.889,0.320,0.0482
5729,GOh1052_S302L,GOh1052,S302L,-9.715,0.366,0.0482
5730,GOh1052_S302K,GOh1052,S302K,-9.449,0.376,0.0482
5731,GOh1052_S302M,GOh1052,S302M,-10.73,0.326002890512089,0.0482
5732,GOh1052_S302F,GOh1052,S302F,-11.339,0.302,0.0482
5733,GOh1052_S302P,GOh1052,S302P,-8.915,0.397,0.0482
5734,GOh1052_S302T,GOh1052,S302T,-6.653,0.485,0.0482
5735,GOh1052_S302W,GOh1052,S302W,-11.494,0.296,0.0482
5736,GOh1052_S302Y,GOh1052,S302Y,-10.73,0.326002890512089,0.0482
5737,GOh1052_S302V,GOh1052,S302V,-10.335,0.341,0.0482
5738,GOh1052_D303A,GOh1052,D303A,-12.549,0.255,0.01
5739,GOh1052_D303R,GOh1052,D303R,-14.021,0.197,0.01
5740,GOh1052_D303N,GOh1052,D303N,-7.426,0.455,0.01
5741,GOh1052_D303C,GOh1052,D303C,-14.582,0.176,0.01
5742,GOh1052_D303Q,GOh1052,D303Q,-13.497,0.218,0.01
5743,GOh1052_D303E,GOh1052,D303E,-11.407,0.300,0.01
5744,GOh1052_D303G,GOh1052,D303G,-10.344,0.341,0.01
5745,GOh1052_D303H,GOh1052,D303H,-13.878,0.203,0.01
5746,GOh1052_D303I,GOh1052,D303I,-14.548,0.177,0.01
5747,GOh1052_D303L,GOh1052,D303L,-14.785,0.168,0.01
5748,GOh1052_D303K,GOh1052,D303K,-13.531,0.217,0.01
5749,GOh1052_D303M,GOh1052,D303M,-16.205,0.112,0.01
5750,GOh1052_D303F,GOh1052,D303F,-15.721,0.131,0.01
5751,GOh1052_D303P,GOh1052,D303P,-14.785,0.168,0.01
5752,GOh1052_D303S,GOh1052,D303S,-9.524,0.373,0.01
5753,GOh1052_D303T,GOh1052,D303T,-10.048,0.353,0.01
5754,GOh1052_D303W,GOh1052,D303W,-16.29,0.108823874067419,0.01
5755,GOh1052_D303Y,GOh1052,D303Y,-13.637,0.212,0.01
5756,GOh1052_D303V,GOh1052,D303V,-13.822,0.205,0.01
5757,GOh1052_G304A,GOh1052,G304A,-10.301,0.343,0.0101
5758,GOh1052_G304R,GOh1052,G304R,-10.34,0.341236670442561,0.0101
5759,GOh1052_G304N,GOh1052,G304N,-8.844,0.400,0.0101
5760,GOh1052_G304D,GOh1052,G304D,-8.736,0.404,0.0101
5761,GOh1052_G304C,GOh1052,G304C,-12.631,0.252,0.0101
5762,GOh1052_G304Q,GOh1052,G304Q,-9.574,0.371,0.0101
5763,GOh1052_G304E,GOh1052,G304E,-9.706,0.366,0.0101
5764,GOh1052_G304H,GOh1052,G304H,-12.3,0.264677161048397,0.0101
5765,GOh1052_G304I,GOh1052,G304I,-15.961,0.122,0.0101
5766,GOh1052_G304L,GOh1052,G304L,-11.911,0.280,0.0101
5767,GOh1052_G304K,GOh1052,G304K,-10.066,0.352,0.0101
5768,GOh1052_G304M,GOh1052,G304M,-12.69,0.249443381117925,0.0101
5769,GOh1052_G304F,GOh1052,G304F,-13.637,0.212,0.0101
5770,GOh1052_G304P,GOh1052,G304P,-17.404,0.065,0.0101
5771,GOh1052_G304S,GOh1052,G304S,-9.231,0.385,0.0101
5772,GOh1052_G304T,GOh1052,G304T,-11.72,0.2873325260732,0.0101
5773,GOh1052_G304W,GOh1052,G304W,-13.033,0.236,0.0101
5774,GOh1052_G304Y,GOh1052,G304Y,-12.845,0.243,0.0101
5775,GOh1052_G304V,GOh1052,G304V,-14.133,0.193,0.0101
5776,GOh1052_R305A,GOh1052,R305A,-9.77,0.363501425725558,0.0808
5777,GOh1052_R305N,GOh1052,R305N,-7.239,0.462,0.0808
5778,GOh1052_R305D,GOh1052,R305D,-9.196,0.386,0.0808
5779,GOh1052_R305C,GOh1052,R305C,-11.643,0.290,0.0808
5780,GOh1052_R305Q,GOh1052,R305Q,-7.614,0.448,0.0808
5781,GOh1052_R305E,GOh1052,R305E,-9.673,0.367,0.0808
5782,GOh1052_R305G,GOh1052,R305G,-9.262,0.383,0.0808
5783,GOh1052_R305H,GOh1052,R305H,-9.777,0.363,0.0808
5784,GOh1052_R305I,GOh1052,R305I,-13.185,0.230,0.0808
5785,GOh1052_R305L,GOh1052,R305L,-10.411,0.338,0.0808
5786,GOh1052_R305K,GOh1052,R305K,-6.167,0.504,0.0808
5787,GOh1052_R305M,GOh1052,R305M,-10.272,0.344,0.0808
5788,GOh1052_R305F,GOh1052,R305F,-12.576,0.254,0.0808
5789,GOh1052_R305P,GOh1052,R305P,-14.957,0.161,0.0808
5790,GOh1052_R305S,GOh1052,R305S,-6.342,0.497,0.0808
5791,GOh1052_R305T,GOh1052,R305T,-6.327,0.498,0.0808
5792,GOh1052_R305W,GOh1052,R305W,-11.863,0.282,0.0808
5793,GOh1052_R305Y,GOh1052,R305Y,-11.074,0.313,0.0808
5794,GOh1052_R305V,GOh1052,R305V,-12.38,0.261552283113941,0.0808
5795,GOh1052_V306A,GOh1052,V306A,-8.353,0.419,0.2378
5796,GOh1052_V306R,GOh1052,V306R,-12.464,0.258,0.2378
5797,GOh1052_V306N,GOh1052,V306N,-11.333,0.302,0.2378
5798,GOh1052_V306D,GOh1052,V306D,-13.357,0.223,0.2378
5799,GOh1052_V306C,GOh1052,V306C,-13.565,0.215,0.2378
5800,GOh1052_V306Q,GOh1052,V306Q,-10.394,0.339,0.2378
5801,GOh1052_V306E,GOh1052,V306E,-12.079,0.273,0.2378
5802,GOh1052_V306G,GOh1052,V306G,-11.756,0.286,0.2378
5803,GOh1052_V306H,GOh1052,V306H,-11.023,0.315,0.2378
5804,GOh1052_V306I,GOh1052,V306I,-3.479,0.609,0.2378
5805,GOh1052_V306L,GOh1052,V306L,-7.767,0.442,0.2378
5806,GOh1052_V306K,GOh1052,V306K,-12.743,0.247,0.2378
5807,GOh1052_V306M,GOh1052,V306M,-7.349,0.458,0.2378
5808,GOh1052_V306F,GOh1052,V306F,-6.244,0.501,0.2378
5809,GOh1052_V306P,GOh1052,V306P,-12.276,0.266,0.2378
5810,GOh1052_V306S,GOh1052,V306S,-9.638,0.369,0.2378
5811,GOh1052_V306T,GOh1052,V306T,-8.209,0.424,0.2378
5812,GOh1052_V306W,GOh1052,V306W,-10.367,0.340,0.2378
5813,GOh1052_V306Y,GOh1052,V306Y,-8.557,0.411,0.2378
5814,GOh1052_F307A,GOh1052,F307A,-12.758,0.247,0.0113
5815,GOh1052_F307R,GOh1052,F307R,-16.458,0.102,0.0113
5816,GOh1052_F307N,GOh1052,F307N,-16.174,0.113,0.0113
5817,GOh1052_F307D,GOh1052,F307D,-15.874,0.125,0.0113
5818,GOh1052_F307C,GOh1052,F307C,-13.718,0.209,0.0113
5819,GOh1052_F307Q,GOh1052,F307Q,-15.519,0.139,0.0113
5820,GOh1052_F307E,GOh1052,F307E,-15.655,0.134,0.0113
5821,GOh1052_F307G,GOh1052,F307G,-15.058,0.157,0.0113
5822,GOh1052_F307H,GOh1052,F307H,-13.433,0.220,0.0113
5823,GOh1052_F307I,GOh1052,F307I,-10.464,0.336,0.0113
5824,GOh1052_F307L,GOh1052,F307L,-7.954,0.434,0.0113
5825,GOh1052_F307K,GOh1052,F307K,-17.603,0.058,0.0113
5826,GOh1052_F307M,GOh1052,F307M,-10.067,0.352,0.0113
5827,GOh1052_F307P,GOh1052,F307P,-15.938,0.123,0.0113
5828,GOh1052_F307S,GOh1052,F307S,-13.364,0.223,0.0113
5829,GOh1052_F307T,GOh1052,F307T,-13.536,0.216,0.0113
5830,GOh1052_F307W,GOh1052,F307W,-9.685,0.367,0.0113
5831,GOh1052_F307Y,GOh1052,F307Y,-8.137,0.427,0.0113
5832,GOh1052_F307V,GOh1052,F307V,-10.242,0.345,0.0113
5833,GOh1052_T308A,GOh1052,T308A,-6.893,0.476,0.1495
5834,GOh1052_T308R,GOh1052,T308R,-12.6,0.252958868794188,0.1495
5835,GOh1052_T308N,GOh1052,T308N,-5.147,0.544,0.1495
5836,GOh1052_T308D,GOh1052,T308D,-8.707,0.405,0.1495
5837,GOh1052_T308C,GOh1052,T308C,-9.082,0.390,0.1495
5838,GOh1052_T308Q,GOh1052,T308Q,-10.073,0.352,0.1495
5839,GOh1052_T308E,GOh1052,T308E,-9.667,0.368,0.1495
5840,GOh1052_T308G,GOh1052,T308G,-11.428,0.299,0.1495
5841,GOh1052_T308H,GOh1052,T308H,-10.89,0.319753134643178,0.1495
5842,GOh1052_T308I,GOh1052,T308I,-7.665,0.446,0.1495
5843,GOh1052_T308L,GOh1052,T308L,-9.173,0.387,0.1495
5844,GOh1052_T308K,GOh1052,T308K,-11.082,0.312,0.1495
5845,GOh1052_T308M,GOh1052,T308M,-9.204,0.386,0.1495
5846,GOh1052_T308F,GOh1052,T308F,-11.796,0.284,0.1495
5847,GOh1052_T308P,GOh1052,T308P,-15.103,0.155,0.1495
5848,GOh1052_T308S,GOh1052,T308S,-6.337,0.498,0.1495
5849,GOh1052_T308W,GOh1052,T308W,-13.965,0.200,0.1495
5850,GOh1052_T308Y,GOh1052,T308Y,-11.849,0.282,0.1495
5851,GOh1052_T308V,GOh1052,T308V,-5.087,0.546,0.1495
5852,GOh1052_I309A,GOh1052,I309A,-9.666,0.368,0.1115
5853,GOh1052_I309R,GOh1052,I309R,-15.158,0.153,0.1115
5854,GOh1052_I309N,GOh1052,I309N,-9.797,0.362,0.1115
5855,GOh1052_I309D,GOh1052,I309D,-12.241,0.267,0.1115
5856,GOh1052_I309C,GOh1052,I309C,-10.732,0.326,0.1115
5857,GOh1052_I309Q,GOh1052,I309Q,-10.885,0.320,0.1115
5858,GOh1052_I309E,GOh1052,I309E,-12.698,0.249,0.1115
5859,GOh1052_I309G,GOh1052,I309G,-11.745,0.286,0.1115
5860,GOh1052_I309H,GOh1052,I309H,-11.109,0.311,0.1115
5861,GOh1052_I309L,GOh1052,I309L,-4.866,0.555,0.1115
5862,GOh1052_I309K,GOh1052,I309K,-14.238,0.189,0.1115
5863,GOh1052_I309M,GOh1052,I309M,-6.868,0.477,0.1115
5864,GOh1052_I309F,GOh1052,I309F,-8.783,0.402,0.1115
5865,GOh1052_I309P,GOh1052,I309P,-11.826,0.283,0.1115
5866,GOh1052_I309S,GOh1052,I309S,-9.205,0.386,0.1115
5867,GOh1052_I309T,GOh1052,I309T,-7.045,0.470,0.1115
5868,GOh1052_I309W,GOh1052,I309W,-13.827,0.205,0.1115
5869,GOh1052_I309Y,GOh1052,I309Y,-12.209,0.268,0.1115
5870,GOh1052_I309V,GOh1052,I309V,-6.347,0.497,0.1115
5871,GOh1052_G310A,GOh1052,G310A,-9.745,0.364,0.0025
5872,GOh1052_G310R,GOh1052,G310R,-14.836,0.166,0.0025
5873,GOh1052_G310N,GOh1052,G310N,-13.195,0.230,0.0025
5874,GOh1052_G310D,GOh1052,G310D,-12.126,0.271,0.0025
5875,GOh1052_G310C,GOh1052,G310C,-11.197,0.308,0.0025
5876,GOh1052_G310Q,GOh1052,G310Q,-14.516,0.178,0.0025
5877,GOh1052_G310E,GOh1052,G310E,-13.636,0.212,0.0025
5878,GOh1052_G310H,GOh1052,G310H,-14.497,0.179,0.0025
5879,GOh1052_G310I,GOh1052,G310I,-15.052,0.157,0.0025
5880,GOh1052_G310L,GOh1052,G310L,-13.774,0.207,0.0025
5881,GOh1052_G310K,GOh1052,G310K,-16.336,0.107,0.0025
5882,GOh1052_G310M,GOh1052,G310M,-14.97,0.160384359985938,0.0025
5883,GOh1052_G310F,GOh1052,G310F,-15.524,0.139,0.0025
5884,GOh1052_G310P,GOh1052,G310P,-13.909,0.202,0.0025
5885,GOh1052_G310S,GOh1052,G310S,-9.649,0.368,0.0025
5886,GOh1052_G310T,GOh1052,G310T,-12.349,0.263,0.0025
5887,GOh1052_G310W,GOh1052,G310W,-16.259,0.110,0.0025
5888,GOh1052_G310Y,GOh1052,G310Y,-16.075,0.117,0.0025
5889,GOh1052_G310V,GOh1052,G310V,-14.814,0.166,0.0025
5890,GOh1052_G311A,GOh1052,G311A,-11.12,0.310769110581618,0.001
5891,GOh1052_G311R,GOh1052,G311R,-12.682,0.250,0.001
5892,GOh1052_G311N,GOh1052,G311N,-13.535,0.216,0.001
5893,GOh1052_G311D,GOh1052,G311D,-11.622,0.291,0.001
5894,GOh1052_G311C,GOh1052,G311C,-13.037,0.236,0.001
5895,GOh1052_G311Q,GOh1052,G311Q,-14.945,0.161,0.001
5896,GOh1052_G311E,GOh1052,G311E,-12.917,0.241,0.001
5897,GOh1052_G311H,GOh1052,G311H,-14.664,0.172,0.001
5898,GOh1052_G311I,GOh1052,G311I,-14.549,0.177,0.001
5899,GOh1052_G311L,GOh1052,G311L,-14.501,0.179,0.001
5900,GOh1052_G311K,GOh1052,G311K,-14.946,0.161,0.001
5901,GOh1052_G311M,GOh1052,G311M,-15.25,0.149447287215343,0.001
5902,GOh1052_G311F,GOh1052,G311F,-15.131,0.154,0.001
5903,GOh1052_G311P,GOh1052,G311P,-15.148,0.153,0.001
5904,GOh1052_G311S,GOh1052,G311S,-11.051,0.313,0.001
5905,GOh1052_G311T,GOh1052,G311T,-14.617,0.174,0.001
5906,GOh1052_G311W,GOh1052,G311W,-14.463,0.180,0.001
5907,GOh1052_G311Y,GOh1052,G311Y,-14.957,0.161,0.001
5908,GOh1052_G311V,GOh1052,G311V,-13.294,0.226,0.001
5909,GOh1052_S312A,GOh1052,S312A,-10.119,0.350,0.0102
5910,GOh1052_S312R,GOh1052,S312R,-14.747,0.169,0.0102
5911,GOh1052_S312N,GOh1052,S312N,-10.791,0.324,0.0102
5912,GOh1052_S312D,GOh1052,S312D,-12.165,0.270,0.0102
5913,GOh1052_S312C,GOh1052,S312C,-11.152,0.310,0.0102
5914,GOh1052_S312Q,GOh1052,S312Q,-13.574,0.215,0.0102
5915,GOh1052_S312E,GOh1052,S312E,-13.833,0.205,0.0102
5916,GOh1052_S312G,GOh1052,S312G,-10.28,0.343580328893403,0.0102
5917,GOh1052_S312H,GOh1052,S312H,-14.039,0.197,0.0102
5918,GOh1052_S312I,GOh1052,S312I,-14.436,0.181,0.0102
5919,GOh1052_S312L,GOh1052,S312L,-13.431,0.220,0.0102
5920,GOh1052_S312K,GOh1052,S312K,-15.37,0.14475997031366,0.0102
5921,GOh1052_S312M,GOh1052,S312M,-14.179,0.191,0.0102
5922,GOh1052_S312F,GOh1052,S312F,-14.534,0.177,0.0102
5923,GOh1052_S312P,GOh1052,S312P,-14.508,0.178,0.0102
5924,GOh1052_S312T,GOh1052,S312T,-7.301,0.460,0.0102
5925,GOh1052_S312W,GOh1052,S312W,-15.2,0.151400335924378,0.0102
5926,GOh1052_S312Y,GOh1052,S312Y,-14.422,0.182,0.0102
5927,GOh1052_S312V,GOh1052,S312V,-12.8,0.245146673958049,0.0102
5928,GOh1052_F313A,GOh1052,F313A,-9.716,0.366,0.9097
5929,GOh1052_F313R,GOh1052,F313R,-8.68,0.406077887582516,0.9097
5930,GOh1052_F313N,GOh1052,F313N,-9.325,0.381,0.9097
5931,GOh1052_F313D,GOh1052,F313D,-10.68,0.327955939221124,0.9097
5932,GOh1052_F313C,GOh1052,F313C,-8.855,0.399,0.9097
5933,GOh1052_F313Q,GOh1052,F313Q,-10.237,0.345,0.9097
5934,GOh1052_F313E,GOh1052,F313E,-11.808,0.284,0.9097
5935,GOh1052_F313G,GOh1052,F313G,-8.693,0.406,0.9097
5936,GOh1052_F313H,GOh1052,F313H,-7.163,0.465,0.9097
5937,GOh1052_F313I,GOh1052,F313I,-10.559,0.333,0.9097
5938,GOh1052_F313L,GOh1052,F313L,-8.218,0.424,0.9097
5939,GOh1052_F313K,GOh1052,F313K,-10.983,0.316,0.9097
5940,GOh1052_F313M,GOh1052,F313M,-8.884,0.398,0.9097
5941,GOh1052_F313P,GOh1052,F313P,-10.423,0.338,0.9097
5942,GOh1052_F313S,GOh1052,F313S,-8.758,0.403,0.9097
5943,GOh1052_F313T,GOh1052,F313T,-9.994,0.355,0.9097
5944,GOh1052_F313W,GOh1052,F313W,0.968,0.783,0.9097
5945,GOh1052_F313Y,GOh1052,F313Y,-3.718,0.600,0.9097
5946,GOh1052_F313V,GOh1052,F313V,-10.204,0.347,0.9097
5947,GOh1052_S314A,GOh1052,S314A,-7.838,0.439,0.0813
5948,GOh1052_S314R,GOh1052,S314R,-9.744,0.365,0.0813
5949,GOh1052_S314N,GOh1052,S314N,-6.527,0.490,0.0813
5950,GOh1052_S314D,GOh1052,S314D,-7.182,0.465,0.0813
5951,GOh1052_S314C,GOh1052,S314C,-12.968,0.239,0.0813
5952,GOh1052_S314Q,GOh1052,S314Q,-8.921,0.397,0.0813
5953,GOh1052_S314E,GOh1052,S314E,-8.237,0.423,0.0813
5954,GOh1052_S314G,GOh1052,S314G,-8.223,0.424,0.0813
5955,GOh1052_S314H,GOh1052,S314H,-9.873,0.359,0.0813
5956,GOh1052_S314I,GOh1052,S314I,-10.334,0.341,0.0813
5957,GOh1052_S314L,GOh1052,S314L,-9.749,0.364,0.0813
5958,GOh1052_S314K,GOh1052,S314K,-9.113,0.389,0.0813
5959,GOh1052_S314M,GOh1052,S314M,-10.435,0.338,0.0813
5960,GOh1052_S314F,GOh1052,S314F,-10.007,0.354,0.0813
5961,GOh1052_S314P,GOh1052,S314P,-10.284,0.343,0.0813
5962,GOh1052_S314T,GOh1052,S314T,-5.664,0.524,0.0813
5963,GOh1052_S314W,GOh1052,S314W,-10.508,0.335,0.0813
5964,GOh1052_S314Y,GOh1052,S314Y,-9.655,0.368,0.0813
5965,GOh1052_S314V,GOh1052,S314V,-9.155,0.388,0.0813
5966,GOh1052_G315A,GOh1052,G315A,-8.391,0.417,0.0403
5967,GOh1052_G315R,GOh1052,G315R,-9.479,0.375,0.0403
5968,GOh1052_G315N,GOh1052,G315N,-6.841,0.478,0.0403
5969,GOh1052_G315D,GOh1052,G315D,-6.913,0.475,0.0403
5970,GOh1052_G315C,GOh1052,G315C,-11.349,0.302,0.0403
5971,GOh1052_G315Q,GOh1052,G315Q,-10.11,0.350220694504121,0.0403
5972,GOh1052_G315E,GOh1052,G315E,-9.074,0.391,0.0403
5973,GOh1052_G315H,GOh1052,G315H,-9.995,0.355,0.0403
5974,GOh1052_G315I,GOh1052,G315I,-12.857,0.243,0.0403
5975,GOh1052_G315L,GOh1052,G315L,-11.285,0.304,0.0403
5976,GOh1052_G315K,GOh1052,G315K,-8.906,0.397,0.0403
5977,GOh1052_G315M,GOh1052,G315M,-12.36,0.262333502597555,0.0403
5978,GOh1052_G315F,GOh1052,G315F,-11.807,0.284,0.0403
5979,GOh1052_G315P,GOh1052,G315P,-9.983,0.355,0.0403
5980,GOh1052_G315S,GOh1052,G315S,-7.84,0.438889105894301,0.0403
5981,GOh1052_G315T,GOh1052,G315T,-10.016,0.354,0.0403
5982,GOh1052_G315W,GOh1052,G315W,-11.888,0.281,0.0403
5983,GOh1052_G315Y,GOh1052,G315Y,-11.237,0.306,0.0403
5984,GOh1052_G315V,GOh1052,G315V,-11.187,0.308,0.0403
5985,GOh1052_G316A,GOh1052,G316A,-6.878,0.476,0.0664
5986,GOh1052_G316R,GOh1052,G316R,-9.002,0.394,0.0664
5987,GOh1052_G316N,GOh1052,G316N,-7.391,0.456,0.0664
5988,GOh1052_G316D,GOh1052,G316D,-7.263,0.461,0.0664
5989,GOh1052_G316C,GOh1052,G316C,-11.531,0.295,0.0664
5990,GOh1052_G316Q,GOh1052,G316Q,-8.873,0.399,0.0664
5991,GOh1052_G316E,GOh1052,G316E,-8.547,0.411,0.0664
5992,GOh1052_G316H,GOh1052,G316H,-10.284,0.343,0.0664
5993,GOh1052_G316I,GOh1052,G316I,-10.502,0.335,0.0664
5994,GOh1052_G316L,GOh1052,G316L,-9.869,0.360,0.0664
5995,GOh1052_G316K,GOh1052,G316K,-8.362,0.418,0.0664
5996,GOh1052_G316M,GOh1052,G316M,-10.953,0.317,0.0664
5997,GOh1052_G316F,GOh1052,G316F,-9.925,0.357,0.0664
5998,GOh1052_G316P,GOh1052,G316P,-7.346,0.458,0.0664
5999,GOh1052_G316S,GOh1052,G316S,-6.791,0.480,0.0664
6000,GOh1052_G316T,GOh1052,G316T,-8.071,0.430,0.0664
6001,GOh1052_G316W,GOh1052,G316W,-10.824,0.322,0.0664
6002,GOh1052_G316Y,GOh1052,G316Y,-10.45,0.336939963282684,0.0664
6003,GOh1052_G316V,GOh1052,G316V,-9.399,0.378,0.0664
6004,GOh1052_V317A,GOh1052,V317A,-4.219,0.580,1.2716
6005,GOh1052_V317R,GOh1052,V317R,-5.898,0.515,1.2716
6006,GOh1052_V317N,GOh1052,V317N,-3.789,0.597,1.2716
6007,GOh1052_V317D,GOh1052,V317D,-5.372,0.535,1.2716
6008,GOh1052_V317C,GOh1052,V317C,-11.894,0.281,1.2716
6009,GOh1052_V317Q,GOh1052,V317Q,-2.825,0.635,1.2716
6010,GOh1052_V317E,GOh1052,V317E,-4.604,0.565,1.2716
6011,GOh1052_V317G,GOh1052,V317G,-6.173,0.504,1.2716
6012,GOh1052_V317H,GOh1052,V317H,-6.908,0.475,1.2716
6013,GOh1052_V317I,GOh1052,V317I,-4.411,0.573,1.2716
6014,GOh1052_V317L,GOh1052,V317L,-4.628,0.564,1.2716
6015,GOh1052_V317K,GOh1052,V317K,-3.961,0.590,1.2716
6016,GOh1052_V317M,GOh1052,V317M,-6.482,0.492,1.2716
6017,GOh1052_V317F,GOh1052,V317F,-7.633,0.447,1.2716
6018,GOh1052_V317P,GOh1052,V317P,-7.572,0.449,1.2716
6019,GOh1052_V317S,GOh1052,V317S,-4.376,0.574,1.2716
6020,GOh1052_V317T,GOh1052,V317T,-2.929,0.631,1.2716
6021,GOh1052_V317W,GOh1052,V317W,-9.108,0.389,1.2716
6022,GOh1052_V317Y,GOh1052,V317Y,-7.65,0.446310690988633,1.2716
6023,GOh1052_F318A,GOh1052,F318A,-2.19,0.659583610015234,1.7416
6024,GOh1052_F318R,GOh1052,F318R,-5.498,0.530,1.7416
6025,GOh1052_F318N,GOh1052,F318N,-4.959,0.551,1.7416
6026,GOh1052_F318D,GOh1052,F318D,-5.093,0.546,1.7416
6027,GOh1052_F318C,GOh1052,F318C,-7.966,0.434,1.7416
6028,GOh1052_F318Q,GOh1052,F318Q,-6.036,0.509,1.7416
6029,GOh1052_F318E,GOh1052,F318E,-5.88,0.515448615288465,1.7416
6030,GOh1052_F318G,GOh1052,F318G,-0.835,0.713,1.7416
6031,GOh1052_F318H,GOh1052,F318H,-5.547,0.528,1.7416
6032,GOh1052_F318I,GOh1052,F318I,-6.415,0.495,1.7416
6033,GOh1052_F318L,GOh1052,F318L,-5.499,0.530,1.7416
6034,GOh1052_F318K,GOh1052,F318K,-4.988,0.550,1.7416
6035,GOh1052_F318M,GOh1052,F318M,-6.824,0.479,1.7416
6036,GOh1052_F318P,GOh1052,F318P,-4.057,0.587,1.7416
6037,GOh1052_F318S,GOh1052,F318S,-4.053,0.587,1.7416
6038,GOh1052_F318T,GOh1052,F318T,-4.979,0.551,1.7416
6039,GOh1052_F318W,GOh1052,F318W,-5.675,0.523,1.7416
6040,GOh1052_F318Y,GOh1052,F318Y,-3.517,0.608,1.7416
6041,GOh1052_F318V,GOh1052,F318V,-4.923,0.553,1.7416
6042,GOh1052_E319A,GOh1052,E319A,-3.241,0.619,1.8318
6043,GOh1052_E319R,GOh1052,E319R,-5.093,0.546,1.8318
6044,GOh1052_E319N,GOh1052,E319N,-3.245,0.618,1.8318
6045,GOh1052_E319D,GOh1052,E319D,-2.588,0.644,1.8318
6046,GOh1052_E319C,GOh1052,E319C,-6.959,0.473,1.8318
6047,GOh1052_E319Q,GOh1052,E319Q,-3.973,0.590,1.8318
6048,GOh1052_E319G,GOh1052,E319G,0.018,0.746,1.8318
6049,GOh1052_E319H,GOh1052,E319H,-5.191,0.542,1.8318
6050,GOh1052_E319I,GOh1052,E319I,-6.006,0.511,1.8318
6051,GOh1052_E319L,GOh1052,E319L,-5.222,0.541,1.8318
6052,GOh1052_E319K,GOh1052,E319K,-4.431,0.572,1.8318
6053,GOh1052_E319M,GOh1052,E319M,-6.54,0.489668372329206,1.8318
6054,GOh1052_E319F,GOh1052,E319F,-6.795,0.480,1.8318
6055,GOh1052_E319P,GOh1052,E319P,-5.311,0.538,1.8318
6056,GOh1052_E319S,GOh1052,E319S,-3.159,0.622,1.8318
6057,GOh1052_E319T,GOh1052,E319T,-3.862,0.594,1.8318
6058,GOh1052_E319W,GOh1052,E319W,-6.552,0.489,1.8318
6059,GOh1052_E319Y,GOh1052,E319Y,-6.581,0.488,1.8318
6060,GOh1052_E319V,GOh1052,E319V,-4.365,0.575,1.8318
6061,GOh1052_K320A,GOh1052,K320A,-10.739,0.326,0.0211
6062,GOh1052_K320R,GOh1052,K320R,-6.667,0.485,0.0211
6063,GOh1052_K320N,GOh1052,K320N,-8.516,0.412,0.0211
6064,GOh1052_K320D,GOh1052,K320D,-10.739,0.326,0.0211
6065,GOh1052_K320C,GOh1052,K320C,-14.199,0.191,0.0211
6066,GOh1052_K320Q,GOh1052,K320Q,-10.174,0.348,0.0211
6067,GOh1052_K320E,GOh1052,K320E,-11.075,0.313,0.0211
6068,GOh1052_K320G,GOh1052,K320G,-11.112,0.311,0.0211
6069,GOh1052_K320H,GOh1052,K320H,-11.229,0.307,0.0211
6070,GOh1052_K320I,GOh1052,K320I,-11.833,0.283,0.0211
6071,GOh1052_K320L,GOh1052,K320L,-10.585,0.332,0.0211
6072,GOh1052_K320M,GOh1052,K320M,-11.32,0.302956915745479,0.0211
6073,GOh1052_K320F,GOh1052,K320F,-12.516,0.256,0.0211
6074,GOh1052_K320P,GOh1052,K320P,-11.785,0.285,0.0211
6075,GOh1052_K320S,GOh1052,K320S,-10.653,0.329,0.0211
6076,GOh1052_K320T,GOh1052,K320T,-10.382,0.340,0.0211
6077,GOh1052_K320W,GOh1052,K320W,-13.295,0.226,0.0211
6078,GOh1052_K320Y,GOh1052,K320Y,-12.418,0.260,0.0211
6079,GOh1052_K320V,GOh1052,K320V,-11.503,0.296,0.0211
6080,GOh1052_N321A,GOh1052,N321A,-7.252,0.462,0.1851
6081,GOh1052_N321R,GOh1052,N321R,-8.246,0.423,0.1851
6082,GOh1052_N321D,GOh1052,N321D,-5.097,0.546,0.1851
6083,GOh1052_N321C,GOh1052,N321C,-12.759,0.247,0.1851
6084,GOh1052_N321Q,GOh1052,N321Q,-7.684,0.445,0.1851
6085,GOh1052_N321E,GOh1052,N321E,-7.477,0.453,0.1851
6086,GOh1052_N321G,GOh1052,N321G,-7.876,0.437,0.1851
6087,GOh1052_N321H,GOh1052,N321H,-6.846,0.478,0.1851
6088,GOh1052_N321I,GOh1052,N321I,-7.772,0.442,0.1851
6089,GOh1052_N321L,GOh1052,N321L,-7.287,0.460,0.1851
6090,GOh1052_N321K,GOh1052,N321K,-7.289,0.460,0.1851
6091,GOh1052_N321M,GOh1052,N321M,-9.233,0.384,0.1851
6092,GOh1052_N321F,GOh1052,N321F,-7.608,0.448,0.1851
6093,GOh1052_N321P,GOh1052,N321P,-9.753,0.364,0.1851
6094,GOh1052_N321S,GOh1052,N321S,-6.291,0.499,0.1851
6095,GOh1052_N321T,GOh1052,N321T,-5.922,0.514,0.1851
6096,GOh1052_N321W,GOh1052,N321W,-9.658,0.368,0.1851
6097,GOh1052_N321Y,GOh1052,N321Y,-7.324,0.459,0.1851
6098,GOh1052_N321V,GOh1052,N321V,-7.387,0.457,0.1851
6099,GOh1052_G322A,GOh1052,G322A,-7.097,0.468,0.013
6100,GOh1052_G322R,GOh1052,G322R,-15.016,0.159,0.013
6101,GOh1052_G322N,GOh1052,G322N,-11.479,0.297,0.013
6102,GOh1052_G322D,GOh1052,G322D,-11.005,0.315,0.013
6103,GOh1052_G322C,GOh1052,G322C,-10.369,0.340,0.013
6104,GOh1052_G322Q,GOh1052,G322Q,-13.596,0.214,0.013
6105,GOh1052_G322E,GOh1052,G322E,-12.584,0.254,0.013
6106,GOh1052_G322H,GOh1052,G322H,-14.271,0.188,0.013
6107,GOh1052_G322I,GOh1052,G322I,-13.271,0.227,0.013
6108,GOh1052_G322L,GOh1052,G322L,-13.477,0.219,0.013
6109,GOh1052_G322K,GOh1052,G322K,-15.63,0.134604117026679,0.013
6110,GOh1052_G322M,GOh1052,G322M,-13.558,0.216,0.013
6111,GOh1052_G322F,GOh1052,G322F,-14.311,0.186,0.013
6112,GOh1052_G322P,GOh1052,G322P,-10.074,0.352,0.013
6113,GOh1052_G322S,GOh1052,G322S,-9.644,0.368,0.013
6114,GOh1052_G322T,GOh1052,G322T,-11.264,0.305,0.013
6115,GOh1052_G322W,GOh1052,G322W,-15.471,0.141,0.013
6116,GOh1052_G322Y,GOh1052,G322Y,-14.989,0.160,0.013
6117,GOh1052_G322V,GOh1052,G322V,-11.406,0.300,0.013
6118,GOh1052_E323A,GOh1052,E323A,-9.82,0.361548377016523,0.0055
6119,GOh1052_E323R,GOh1052,E323R,-13.731,0.209,0.0055
6120,GOh1052_E323N,GOh1052,E323N,-11.889,0.281,0.0055
6121,GOh1052_E323D,GOh1052,E323D,-8.763,0.403,0.0055
6122,GOh1052_E323C,GOh1052,E323C,-13.602,0.214,0.0055
6123,GOh1052_E323Q,GOh1052,E323Q,-9.626,0.369,0.0055
6124,GOh1052_E323G,GOh1052,E323G,-10.636,0.330,0.0055
6125,GOh1052_E323H,GOh1052,E323H,-12.974,0.238,0.0055
6126,GOh1052_E323I,GOh1052,E323I,-13.033,0.236,0.0055
6127,GOh1052_E323L,GOh1052,E323L,-12.778,0.246,0.0055
6128,GOh1052_E323K,GOh1052,E323K,-13.142,0.232,0.0055
6129,GOh1052_E323M,GOh1052,E323M,-13.4,0.221710089449631,0.0055
6130,GOh1052_E323F,GOh1052,E323F,-14.628,0.174,0.0055
6131,GOh1052_E323P,GOh1052,E323P,-18.372,0.027,0.0055
6132,GOh1052_E323S,GOh1052,E323S,-11.008,0.315,0.0055
6133,GOh1052_E323T,GOh1052,E323T,-12.15,0.270536307175501,0.0055
6134,GOh1052_E323W,GOh1052,E323W,-15.647,0.134,0.0055
6135,GOh1052_E323Y,GOh1052,E323Y,-14.174,0.191,0.0055
6136,GOh1052_E323V,GOh1052,E323V,-11.546,0.294,0.0055
6137,GOh1052_V324A,GOh1052,V324A,-8.727,0.404,0.2217
6138,GOh1052_V324R,GOh1052,V324R,-11.171,0.309,0.2217
6139,GOh1052_V324N,GOh1052,V324N,-12.03,0.275223624077184,0.2217
6140,GOh1052_V324D,GOh1052,V324D,-13.157,0.231,0.2217
6141,GOh1052_V324C,GOh1052,V324C,-13.375,0.223,0.2217
6142,GOh1052_V324Q,GOh1052,V324Q,-9.914,0.358,0.2217
6143,GOh1052_V324E,GOh1052,V324E,-9.715,0.366,0.2217
6144,GOh1052_V324G,GOh1052,V324G,-13.008,0.237,0.2217
6145,GOh1052_V324H,GOh1052,V324H,-12.974,0.238,0.2217
6146,GOh1052_V324I,GOh1052,V324I,-3.594,0.605,0.2217
6147,GOh1052_V324L,GOh1052,V324L,-6.368,0.496,0.2217
6148,GOh1052_V324K,GOh1052,V324K,-10.657,0.329,0.2217
6149,GOh1052_V324M,GOh1052,V324M,-8.241,0.423,0.2217
6150,GOh1052_V324F,GOh1052,V324F,-8.927,0.396,0.2217
6151,GOh1052_V324P,GOh1052,V324P,-15.09,0.155697043084255,0.2217
6152,GOh1052_V324S,GOh1052,V324S,-10.227,0.346,0.2217
6153,GOh1052_V324T,GOh1052,V324T,-6.637,0.486,0.2217
6154,GOh1052_V324W,GOh1052,V324W,-11.308,0.303,0.2217
6155,GOh1052_V324Y,GOh1052,V324Y,-8.865,0.399,0.2217
6156,GOh1052_Y325A,GOh1052,Y325A,-11.88,0.281082770204289,0.0883
6157,GOh1052_Y325R,GOh1052,Y325R,-12.504,0.257,0.0883
6158,GOh1052_Y325N,GOh1052,Y325N,-12.171,0.270,0.0883
6159,GOh1052_Y325D,GOh1052,Y325D,-13.266,0.227,0.0883
6160,GOh1052_Y325C,GOh1052,Y325C,-13.442,0.220,0.0883
6161,GOh1052_Y325Q,GOh1052,Y325Q,-12.294,0.265,0.0883
6162,GOh1052_Y325E,GOh1052,Y325E,-14.674,0.172,0.0883
6163,GOh1052_Y325G,GOh1052,Y325G,-12.32,0.263895941564783,0.0883
6164,GOh1052_Y325H,GOh1052,Y325H,-10.179,0.348,0.0883
6165,GOh1052_Y325I,GOh1052,Y325I,-11.77,0.285379477364165,0.0883
6166,GOh1052_Y325L,GOh1052,Y325L,-7.705,0.444,0.0883
6167,GOh1052_Y325K,GOh1052,Y325K,-14.532,0.177,0.0883
6168,GOh1052_Y325M,GOh1052,Y325M,-10.968,0.317,0.0883
6169,GOh1052_Y325F,GOh1052,Y325F,-5.392,0.535,0.0883
6170,GOh1052_Y325P,GOh1052,Y325P,-15.605,0.136,0.0883
6171,GOh1052_Y325S,GOh1052,Y325S,-11.089,0.312,0.0883
6172,GOh1052_Y325T,GOh1052,Y325T,-11.256,0.305,0.0883
6173,GOh1052_Y325W,GOh1052,Y325W,-5.471,0.531,0.0883
6174,GOh1052_Y325V,GOh1052,Y325V,-12.898,0.241,0.0883
6175,GOh1052_S326A,GOh1052,S326A,-6.839,0.478,1.0319
6176,GOh1052_S326R,GOh1052,S326R,-8.652,0.407,1.0319
6177,GOh1052_S326N,GOh1052,S326N,-2.466,0.649,1.0319
6178,GOh1052_S326D,GOh1052,S326D,-1.826,0.674,1.0319
6179,GOh1052_S326C,GOh1052,S326C,-12.247,0.267,1.0319
6180,GOh1052_S326Q,GOh1052,S326Q,-7.057,0.469,1.0319
6181,GOh1052_S326E,GOh1052,S326E,-5.359,0.536,1.0319
6182,GOh1052_S326G,GOh1052,S326G,-8.941,0.396,1.0319
6183,GOh1052_S326H,GOh1052,S326H,-7.347,0.458,1.0319
6184,GOh1052_S326I,GOh1052,S326I,-8.245,0.423,1.0319
6185,GOh1052_S326L,GOh1052,S326L,-7.873,0.438,1.0319
6186,GOh1052_S326K,GOh1052,S326K,-7.527,0.451,1.0319
6187,GOh1052_S326M,GOh1052,S326M,-9.649,0.368,1.0319
6188,GOh1052_S326F,GOh1052,S326F,-9.574,0.371,1.0319
6189,GOh1052_S326P,GOh1052,S326P,-13.052,0.235,1.0319
6190,GOh1052_S326T,GOh1052,S326T,-4.775,0.559,1.0319
6191,GOh1052_S326W,GOh1052,S326W,-10.797,0.323,1.0319
6192,GOh1052_S326Y,GOh1052,S326Y,-8.05,0.430686301316355,1.0319
6193,GOh1052_S326V,GOh1052,S326V,-7.396,0.456,1.0319
6194,GOh1052_P327A,GOh1052,P327A,-5.103,0.546,0.294
6195,GOh1052_P327R,GOh1052,P327R,-8.396,0.417,0.294
6196,GOh1052_P327N,GOh1052,P327N,-7.774,0.441,0.294
6197,GOh1052_P327D,GOh1052,P327D,-8.302,0.421,0.294
6198,GOh1052_P327C,GOh1052,P327C,-12.53,0.255693136986836,0.294
6199,GOh1052_P327Q,GOh1052,P327Q,-6.541,0.490,0.294
6200,GOh1052_P327E,GOh1052,P327E,-7.444,0.454,0.294
6201,GOh1052_P327G,GOh1052,P327G,-7.775,0.441,0.294
6202,GOh1052_P327H,GOh1052,P327H,-8.305,0.421,0.294
6203,GOh1052_P327I,GOh1052,P327I,-6.756,0.481,0.294
6204,GOh1052_P327L,GOh1052,P327L,-6.607,0.487,0.294
6205,GOh1052_P327K,GOh1052,P327K,-8.078,0.430,0.294
6206,GOh1052_P327M,GOh1052,P327M,-8.008,0.432,0.294
6207,GOh1052_P327F,GOh1052,P327F,-6.63,0.486152884652943,0.294
6208,GOh1052_P327S,GOh1052,P327S,-4.781,0.558,0.294
6209,GOh1052_P327T,GOh1052,P327T,-5.309,0.538,0.294
6210,GOh1052_P327W,GOh1052,P327W,-8.919,0.397,0.294
6211,GOh1052_P327Y,GOh1052,P327Y,-6.57,0.488496543103785,0.294
6212,GOh1052_P327V,GOh1052,P327V,-6.109,0.507,0.294
6213,GOh1052_S328A,GOh1052,S328A,-4.569,0.567,0.3332
6214,GOh1052_S328R,GOh1052,S328R,-7.534,0.451,0.3332
6215,GOh1052_S328N,GOh1052,S328N,-6.301,0.499,0.3332
6216,GOh1052_S328D,GOh1052,S328D,-5.988,0.511,0.3332
6217,GOh1052_S328C,GOh1052,S328C,-12.614,0.252,0.3332
6218,GOh1052_S328Q,GOh1052,S328Q,-6.095,0.507,0.3332
6219,GOh1052_S328E,GOh1052,S328E,-5.639,0.525,0.3332
6220,GOh1052_S328G,GOh1052,S328G,-6.124,0.506,0.3332
6221,GOh1052_S328H,GOh1052,S328H,-9.679,0.367,0.3332
6222,GOh1052_S328I,GOh1052,S328I,-6.995,0.472,0.3332
6223,GOh1052_S328L,GOh1052,S328L,-6.505,0.491,0.3332
6224,GOh1052_S328K,GOh1052,S328K,-6.829,0.478,0.3332
6225,GOh1052_S328M,GOh1052,S328M,-9.432,0.377,0.3332
6226,GOh1052_S328F,GOh1052,S328F,-8.035,0.431,0.3332
6227,GOh1052_S328P,GOh1052,S328P,-9.325,0.381,0.3332
6228,GOh1052_S328T,GOh1052,S328T,-4.936,0.552,0.3332
6229,GOh1052_S328W,GOh1052,S328W,-8.676,0.406,0.3332
6230,GOh1052_S328Y,GOh1052,S328Y,-8.017,0.432,0.3332
6231,GOh1052_S328V,GOh1052,S328V,-6.578,0.488,0.3332
6232,GOh1052_S329A,GOh1052,S329A,-4.403,0.573,0.4975
6233,GOh1052_S329R,GOh1052,S329R,-7.263,0.461,0.4975
6234,GOh1052_S329N,GOh1052,S329N,-4.725,0.561,0.4975
6235,GOh1052_S329D,GOh1052,S329D,-5.818,0.518,0.4975
6236,GOh1052_S329C,GOh1052,S329C,-12.391,0.261,0.4975
6237,GOh1052_S329Q,GOh1052,S329Q,-6.056,0.509,0.4975
6238,GOh1052_S329E,GOh1052,S329E,-7.249,0.462,0.4975
6239,GOh1052_S329G,GOh1052,S329G,-6.128,0.506,0.4975
6240,GOh1052_S329H,GOh1052,S329H,-10.631,0.330,0.4975
6241,GOh1052_S329I,GOh1052,S329I,-9.094,0.390,0.4975
6242,GOh1052_S329L,GOh1052,S329L,-5.778,0.519,0.4975
6243,GOh1052_S329K,GOh1052,S329K,-6.763,0.481,0.4975
6244,GOh1052_S329M,GOh1052,S329M,-9.308,0.382,0.4975
6245,GOh1052_S329F,GOh1052,S329F,-9.822,0.361,0.4975
6246,GOh1052_S329P,GOh1052,S329P,-10.515,0.334,0.4975
6247,GOh1052_S329T,GOh1052,S329T,-3.377,0.613,0.4975
6248,GOh1052_S329W,GOh1052,S329W,-11.101,0.312,0.4975
6249,GOh1052_S329Y,GOh1052,S329Y,-9.962,0.356,0.4975
6250,GOh1052_S329V,GOh1052,S329V,-8.476,0.414,0.4975
6251,GOh1052_K330A,GOh1052,K330A,-5.711,0.522,0.9044
6252,GOh1052_K330R,GOh1052,K330R,-4.41,0.572868247334089,0.9044
6253,GOh1052_K330N,GOh1052,K330N,-2.38,0.652162024920902,0.9044
6254,GOh1052_K330D,GOh1052,K330D,-4.465,0.571,0.9044
6255,GOh1052_K330C,GOh1052,K330C,-12.313,0.264,0.9044
6256,GOh1052_K330Q,GOh1052,K330Q,-4.998,0.550,0.9044
6257,GOh1052_K330E,GOh1052,K330E,-6.226,0.502,0.9044
6258,GOh1052_K330G,GOh1052,K330G,-3.543,0.607,0.9044
6259,GOh1052_K330H,GOh1052,K330H,-6.703,0.483,0.9044
6260,GOh1052_K330I,GOh1052,K330I,-9.926,0.357,0.9044
6261,GOh1052_K330L,GOh1052,K330L,-7.665,0.446,0.9044
6262,GOh1052_K330M,GOh1052,K330M,-8.027,0.432,0.9044
6263,GOh1052_K330F,GOh1052,K330F,-8.827,0.400,0.9044
6264,GOh1052_K330P,GOh1052,K330P,-10.036,0.353,0.9044
6265,GOh1052_K330S,GOh1052,K330S,-5.013,0.549,0.9044
6266,GOh1052_K330T,GOh1052,K330T,-7.674,0.445,0.9044
6267,GOh1052_K330W,GOh1052,K330W,-9.07,0.390844107652045,0.9044
6268,GOh1052_K330Y,GOh1052,K330Y,-8.061,0.430,0.9044
6269,GOh1052_K330V,GOh1052,K330V,-8.775,0.402,0.9044
6270,GOh1052_T331A,GOh1052,T331A,-6.153,0.505,0.3074
6271,GOh1052_T331R,GOh1052,T331R,-6.774,0.481,0.3074
6272,GOh1052_T331N,GOh1052,T331N,-6.464,0.493,0.3074
6273,GOh1052_T331D,GOh1052,T331D,-9.375,0.379,0.3074
6274,GOh1052_T331C,GOh1052,T331C,-13.44,0.220147650482403,0.3074
6275,GOh1052_T331Q,GOh1052,T331Q,-6.01,0.510370688644975,0.3074
6276,GOh1052_T331E,GOh1052,T331E,-8.259,0.423,0.3074
6277,GOh1052_T331G,GOh1052,T331G,-8.496,0.413,0.3074
6278,GOh1052_T331H,GOh1052,T331H,-10.451,0.337,0.3074
6279,GOh1052_T331I,GOh1052,T331I,-7.736,0.443,0.3074
6280,GOh1052_T331L,GOh1052,T331L,-7.774,0.441,0.3074
6281,GOh1052_T331K,GOh1052,T331K,-5.603,0.526,0.3074
6282,GOh1052_T331M,GOh1052,T331M,-9.109,0.389,0.3074
6283,GOh1052_T331F,GOh1052,T331F,-10.502,0.335,0.3074
6284,GOh1052_T331P,GOh1052,T331P,-13.309,0.225,0.3074
6285,GOh1052_T331S,GOh1052,T331S,-3.655,0.602,0.3074
6286,GOh1052_T331W,GOh1052,T331W,-11.181,0.308,0.3074
6287,GOh1052_T331Y,GOh1052,T331Y,-10.23,0.345533377602437,0.3074
6288,GOh1052_T331V,GOh1052,T331V,-6.904,0.475,0.3074
6289,GOh1052_W332A,GOh1052,W332A,-14.828,0.166,0.001
6290,GOh1052_W332R,GOh1052,W332R,-13.369,0.223,0.001
6291,GOh1052_W332N,GOh1052,W332N,-15.126,0.154,0.001
6292,GOh1052_W332D,GOh1052,W332D,-16.912,0.085,0.001
6293,GOh1052_W332C,GOh1052,W332C,-13.306,0.225,0.001
6294,GOh1052_W332Q,GOh1052,W332Q,-15.125,0.154,0.001
6295,GOh1052_W332E,GOh1052,W332E,-16.881,0.086,0.001
6296,GOh1052_W332G,GOh1052,W332G,-14.242,0.189,0.001
6297,GOh1052_W332H,GOh1052,W332H,-16.507,0.100,0.001
6298,GOh1052_W332I,GOh1052,W332I,-13.466,0.219,0.001
6299,GOh1052_W332L,GOh1052,W332L,-12.66,0.250615210343346,0.001
6300,GOh1052_W332K,GOh1052,W332K,-14.565,0.176,0.001
6301,GOh1052_W332M,GOh1052,W332M,-13.377,0.223,0.001
6302,GOh1052_W332F,GOh1052,W332F,-10.442,0.337,0.001
6303,GOh1052_W332P,GOh1052,W332P,-15.974,0.121,0.001
6304,GOh1052_W332S,GOh1052,W332S,-13.525,0.217,0.001
6305,GOh1052_W332T,GOh1052,W332T,-13.807,0.206,0.001
6306,GOh1052_W332Y,GOh1052,W332Y,-11.22,0.306863013163548,0.001
6307,GOh1052_W332V,GOh1052,W332V,-13.789,0.207,0.001
6308,GOh1052_T333A,GOh1052,T333A,-6.412,0.495,0.2383
6309,GOh1052_T333R,GOh1052,T333R,-7.406,0.456,0.2383
6310,GOh1052_T333N,GOh1052,T333N,-7.318,0.459,0.2383
6311,GOh1052_T333D,GOh1052,T333D,-7.747,0.443,0.2383
6312,GOh1052_T333C,GOh1052,T333C,-13.602,0.214,0.2383
6313,GOh1052_T333Q,GOh1052,T333Q,-6.341,0.497,0.2383
6314,GOh1052_T333E,GOh1052,T333E,-6.774,0.481,0.2383
6315,GOh1052_T333G,GOh1052,T333G,-9.03,0.392406546619273,0.2383
6316,GOh1052_T333H,GOh1052,T333H,-9.655,0.368,0.2383
6317,GOh1052_T333I,GOh1052,T333I,-7.757,0.442,0.2383
6318,GOh1052_T333L,GOh1052,T333L,-9.124,0.389,0.2383
6319,GOh1052_T333K,GOh1052,T333K,-6.273,0.500,0.2383
6320,GOh1052_T333M,GOh1052,T333M,-9.471,0.375,0.2383
6321,GOh1052_T333F,GOh1052,T333F,-9.825,0.361,0.2383
6322,GOh1052_T333P,GOh1052,T333P,-15.211,0.151,0.2383
6323,GOh1052_T333S,GOh1052,T333S,-4.0,0.588883246748174,0.2383
6324,GOh1052_T333W,GOh1052,T333W,-11.063,0.313,0.2383
6325,GOh1052_T333Y,GOh1052,T333Y,-9.208,0.385,0.2383
6326,GOh1052_T333V,GOh1052,T333V,-7.143,0.466,0.2383
6327,GOh1052_S334A,GOh1052,S334A,-3.461,0.610,1.4245
6328,GOh1052_S334R,GOh1052,S334R,-4.236,0.580,1.4245
6329,GOh1052_S334N,GOh1052,S334N,-5.284,0.539,1.4245
6330,GOh1052_S334D,GOh1052,S334D,-6.613,0.487,1.4245
6331,GOh1052_S334C,GOh1052,S334C,-10.891,0.320,1.4245
6332,GOh1052_S334Q,GOh1052,S334Q,-4.624,0.565,1.4245
6333,GOh1052_S334E,GOh1052,S334E,-5.793,0.519,1.4245
6334,GOh1052_S334G,GOh1052,S334G,-6.009,0.510,1.4245
6335,GOh1052_S334H,GOh1052,S334H,-7.453,0.454,1.4245
6336,GOh1052_S334I,GOh1052,S334I,-5.054,0.548,1.4245
6337,GOh1052_S334L,GOh1052,S334L,-2.053,0.665,1.4245
6338,GOh1052_S334K,GOh1052,S334K,-3.239,0.619,1.4245
6339,GOh1052_S334M,GOh1052,S334M,-5.677,0.523,1.4245
6340,GOh1052_S334F,GOh1052,S334F,-6.075,0.508,1.4245
6341,GOh1052_S334P,GOh1052,S334P,-4.405,0.573,1.4245
6342,GOh1052_S334T,GOh1052,S334T,-3.873,0.594,1.4245
6343,GOh1052_S334W,GOh1052,S334W,-8.007,0.432,1.4245
6344,GOh1052_S334Y,GOh1052,S334Y,-6.319,0.498,1.4245
6345,GOh1052_S334V,GOh1052,S334V,-4.462,0.571,1.4245
6346,GOh1052_L335A,GOh1052,L335A,-12.587,0.253,0.0122
6347,GOh1052_L335R,GOh1052,L335R,-10.936,0.318,0.0122
6348,GOh1052_L335N,GOh1052,L335N,-12.902,0.241,0.0122
6349,GOh1052_L335D,GOh1052,L335D,-14.791,0.167,0.0122
6350,GOh1052_L335C,GOh1052,L335C,-14.456,0.180,0.0122
6351,GOh1052_L335Q,GOh1052,L335Q,-10.816,0.323,0.0122
6352,GOh1052_L335E,GOh1052,L335E,-12.694,0.249,0.0122
6353,GOh1052_L335G,GOh1052,L335G,-15.506,0.139,0.0122
6354,GOh1052_L335H,GOh1052,L335H,-12.559,0.255,0.0122
6355,GOh1052_L335I,GOh1052,L335I,-7.686,0.445,0.0122
6356,GOh1052_L335K,GOh1052,L335K,-11.224,0.307,0.0122
6357,GOh1052_L335M,GOh1052,L335M,-8.794,0.402,0.0122
6358,GOh1052_L335F,GOh1052,L335F,-10.489,0.335,0.0122
6359,GOh1052_L335P,GOh1052,L335P,-14.372,0.184,0.0122
6360,GOh1052_L335S,GOh1052,L335S,-13.126,0.232,0.0122
6361,GOh1052_L335T,GOh1052,L335T,-11.717,0.287,0.0122
6362,GOh1052_L335W,GOh1052,L335W,-10.657,0.329,0.0122
6363,GOh1052_L335Y,GOh1052,L335Y,-11.037,0.314,0.0122
6364,GOh1052_L335V,GOh1052,L335V,-8.955,0.395,0.0122
6365,GOh1052_P336A,GOh1052,P336A,-5.628,0.525,0.2829
6366,GOh1052_P336R,GOh1052,P336R,-7.128,0.467,0.2829
6367,GOh1052_P336N,GOh1052,P336N,-6.481,0.492,0.2829
6368,GOh1052_P336D,GOh1052,P336D,-7.706,0.444,0.2829
6369,GOh1052_P336C,GOh1052,P336C,-14.153,0.192,0.2829
6370,GOh1052_P336Q,GOh1052,P336Q,-7.311,0.460,0.2829
6371,GOh1052_P336E,GOh1052,P336E,-8.483,0.414,0.2829
6372,GOh1052_P336G,GOh1052,P336G,-7.507,0.452,0.2829
6373,GOh1052_P336H,GOh1052,P336H,-9.213,0.385,0.2829
6374,GOh1052_P336I,GOh1052,P336I,-8.013,0.432,0.2829
6375,GOh1052_P336L,GOh1052,P336L,-7.092,0.468,0.2829
6376,GOh1052_P336K,GOh1052,P336K,-5.573,0.527,0.2829
6377,GOh1052_P336M,GOh1052,P336M,-9.166,0.387,0.2829
6378,GOh1052_P336F,GOh1052,P336F,-7.154,0.466,0.2829
6379,GOh1052_P336S,GOh1052,P336S,-5.197,0.542,0.2829
6380,GOh1052_P336T,GOh1052,P336T,-4.787,0.558,0.2829
6381,GOh1052_P336W,GOh1052,P336W,-9.205,0.386,0.2829
6382,GOh1052_P336Y,GOh1052,P336Y,-6.521,0.490,0.2829
6383,GOh1052_P336V,GOh1052,P336V,-7.265,0.461,0.2829
6384,GOh1052_N337A,GOh1052,N337A,-7.239,0.462,0.5088
6385,GOh1052_N337R,GOh1052,N337R,-7.786,0.441,0.5088
6386,GOh1052_N337D,GOh1052,N337D,-5.298,0.538,0.5088
6387,GOh1052_N337C,GOh1052,N337C,-11.144,0.310,0.5088
6388,GOh1052_N337Q,GOh1052,N337Q,-7.474,0.453,0.5088
6389,GOh1052_N337E,GOh1052,N337E,-7.811,0.440,0.5088
6390,GOh1052_N337G,GOh1052,N337G,-2.501,0.647,0.5088
6391,GOh1052_N337H,GOh1052,N337H,-8.96,0.395140814811921,0.5088
6392,GOh1052_N337I,GOh1052,N337I,-11.64,0.290457404007656,0.5088
6393,GOh1052_N337L,GOh1052,N337L,-9.32,0.381078864106871,0.5088
6394,GOh1052_N337K,GOh1052,N337K,-6.968,0.473,0.5088
6395,GOh1052_N337M,GOh1052,N337M,-10.605,0.331,0.5088
6396,GOh1052_N337F,GOh1052,N337F,-9.943,0.357,0.5088
6397,GOh1052_N337P,GOh1052,N337P,-11.761,0.286,0.5088
6398,GOh1052_N337S,GOh1052,N337S,-5.362,0.536,0.5088
6399,GOh1052_N337T,GOh1052,N337T,-8.355,0.419,0.5088
6400,GOh1052_N337W,GOh1052,N337W,-10.102,0.351,0.5088
6401,GOh1052_N337Y,GOh1052,N337Y,-8.598,0.409,0.5088
6402,GOh1052_N337V,GOh1052,N337V,-10.568,0.332,0.5088
6403,GOh1052_A338R,GOh1052,A338R,-13.797,0.206,0.1055
6404,GOh1052_A338N,GOh1052,A338N,-8.714,0.405,0.1055
6405,GOh1052_A338D,GOh1052,A338D,-11.028,0.314,0.1055
6406,GOh1052_A338C,GOh1052,A338C,-5.779,0.519,0.1055
6407,GOh1052_A338Q,GOh1052,A338Q,-10.489,0.335,0.1055
6408,GOh1052_A338E,GOh1052,A338E,-11.567,0.293,0.1055
6409,GOh1052_A338G,GOh1052,A338G,-8.016,0.432,0.1055
6410,GOh1052_A338H,GOh1052,A338H,-12.68,0.249833990859732,0.1055
6411,GOh1052_A338I,GOh1052,A338I,-8.001,0.433,0.1055
6412,GOh1052_A338L,GOh1052,A338L,-10.347,0.341,0.1055
6413,GOh1052_A338K,GOh1052,A338K,-13.654,0.212,0.1055
6414,GOh1052_A338M,GOh1052,A338M,-10.054,0.352,0.1055
6415,GOh1052_A338F,GOh1052,A338F,-12.54,0.255302527245029,0.1055
6416,GOh1052_A338P,GOh1052,A338P,-11.349,0.302,0.1055
6417,GOh1052_A338S,GOh1052,A338S,-5.902,0.515,0.1055
6418,GOh1052_A338T,GOh1052,A338T,-6.546,0.489,0.1055
6419,GOh1052_A338W,GOh1052,A338W,-13.956,0.200,0.1055
6420,GOh1052_A338Y,GOh1052,A338Y,-12.999,0.237,0.1055
6421,GOh1052_A338V,GOh1052,A338V,-6.265,0.500,0.1055
6422,GOh1052_K339A,GOh1052,K339A,-5.695,0.523,0.3277
6423,GOh1052_K339R,GOh1052,K339R,-5.459,0.532,0.3277
6424,GOh1052_K339N,GOh1052,K339N,-5.092,0.546,0.3277
6425,GOh1052_K339D,GOh1052,K339D,-6.304,0.499,0.3277
6426,GOh1052_K339C,GOh1052,K339C,-12.221,0.268,0.3277
6427,GOh1052_K339Q,GOh1052,K339Q,-5.742,0.521,0.3277
6428,GOh1052_K339E,GOh1052,K339E,-6.799,0.480,0.3277
6429,GOh1052_K339G,GOh1052,K339G,-7.887,0.437,0.3277
6430,GOh1052_K339H,GOh1052,K339H,-7.869,0.438,0.3277
6431,GOh1052_K339I,GOh1052,K339I,-7.292,0.460,0.3277
6432,GOh1052_K339L,GOh1052,K339L,-6.276,0.500,0.3277
6433,GOh1052_K339M,GOh1052,K339M,-7.746,0.443,0.3277
6434,GOh1052_K339F,GOh1052,K339F,-8.902,0.397,0.3277
6435,GOh1052_K339P,GOh1052,K339P,-6.34,0.497480567165345,0.3277
6436,GOh1052_K339S,GOh1052,K339S,-5.577,0.527,0.3277
6437,GOh1052_K339T,GOh1052,K339T,-5.8,0.518573493222921,0.3277
6438,GOh1052_K339W,GOh1052,K339W,-10.113,0.350,0.3277
6439,GOh1052_K339Y,GOh1052,K339Y,-8.207,0.425,0.3277
6440,GOh1052_K339V,GOh1052,K339V,-6.575,0.488,0.3277
6441,GOh1052_V340A,GOh1052,V340A,-6.324,0.498,0.0525
6442,GOh1052_V340R,GOh1052,V340R,-11.489,0.296,0.0525
6443,GOh1052_V340N,GOh1052,V340N,-8.655,0.407,0.0525
6444,GOh1052_V340D,GOh1052,V340D,-9.565,0.372,0.0525
6445,GOh1052_V340C,GOh1052,V340C,-10.168,0.348,0.0525
6446,GOh1052_V340Q,GOh1052,V340Q,-10.394,0.339,0.0525
6447,GOh1052_V340E,GOh1052,V340E,-10.092,0.351,0.0525
6448,GOh1052_V340G,GOh1052,V340G,-9.035,0.392,0.0525
6449,GOh1052_V340H,GOh1052,V340H,-11.606,0.292,0.0525
6450,GOh1052_V340I,GOh1052,V340I,-6.743,0.482,0.0525
6451,GOh1052_V340L,GOh1052,V340L,-8.986,0.394,0.0525
6452,GOh1052_V340K,GOh1052,V340K,-10.824,0.322,0.0525
6453,GOh1052_V340M,GOh1052,V340M,-9.473,0.375,0.0525
6454,GOh1052_V340F,GOh1052,V340F,-10.012,0.354,0.0525
6455,GOh1052_V340P,GOh1052,V340P,-10.555,0.333,0.0525
6456,GOh1052_V340S,GOh1052,V340S,-8.144,0.427,0.0525
6457,GOh1052_V340T,GOh1052,V340T,-7.956,0.434,0.0525
6458,GOh1052_V340W,GOh1052,V340W,-12.207,0.268,0.0525
6459,GOh1052_V340Y,GOh1052,V340Y,-10.696,0.327,0.0525
6460,GOh1052_N341A,GOh1052,N341A,0.825,0.777,2.1156
6461,GOh1052_N341R,GOh1052,N341R,-4.261,0.579,2.1156
6462,GOh1052_N341D,GOh1052,N341D,-1.885,0.671,2.1156
6463,GOh1052_N341C,GOh1052,N341C,-9.541,0.372,2.1156
6464,GOh1052_N341Q,GOh1052,N341Q,-3.095,0.624,2.1156
6465,GOh1052_N341E,GOh1052,N341E,-2.838,0.634,2.1156
6466,GOh1052_N341G,GOh1052,N341G,-2.788,0.636,2.1156
6467,GOh1052_N341H,GOh1052,N341H,-5.664,0.524,2.1156
6468,GOh1052_N341I,GOh1052,N341I,-6.007,0.510,2.1156
6469,GOh1052_N341L,GOh1052,N341L,-5.041,0.548,2.1156
6470,GOh1052_N341K,GOh1052,N341K,-2.725,0.639,2.1156
6471,GOh1052_N341M,GOh1052,N341M,-5.535,0.529,2.1156
6472,GOh1052_N341F,GOh1052,N341F,-6.228,0.502,2.1156
6473,GOh1052_N341P,GOh1052,N341P,-5.389,0.535,2.1156
6474,GOh1052_N341S,GOh1052,N341S,-0.513,0.725,2.1156
6475,GOh1052_N341T,GOh1052,N341T,-2.152,0.661,2.1156
6476,GOh1052_N341W,GOh1052,N341W,-6.7,0.483418616460295,2.1156
6477,GOh1052_N341Y,GOh1052,N341Y,-5.232,0.541,2.1156
6478,GOh1052_N341V,GOh1052,N341V,-4.337,0.576,2.1156
6479,GOh1052_P342A,GOh1052,P342A,-6.239,0.501,0.1309
6480,GOh1052_P342R,GOh1052,P342R,-8.171,0.426,0.1309
6481,GOh1052_P342N,GOh1052,P342N,-6.749,0.482,0.1309
6482,GOh1052_P342D,GOh1052,P342D,-7.226,0.463,0.1309
6483,GOh1052_P342C,GOh1052,P342C,-13.205,0.229,0.1309
6484,GOh1052_P342Q,GOh1052,P342Q,-6.659,0.485,0.1309
6485,GOh1052_P342E,GOh1052,P342E,-6.186,0.503,0.1309
6486,GOh1052_P342G,GOh1052,P342G,-7.393,0.456,0.1309
6487,GOh1052_P342H,GOh1052,P342H,-8.628,0.408,0.1309
6488,GOh1052_P342I,GOh1052,P342I,-10.992,0.316,0.1309
6489,GOh1052_P342L,GOh1052,P342L,-9.817,0.362,0.1309
6490,GOh1052_P342K,GOh1052,P342K,-7.149,0.466,0.1309
6491,GOh1052_P342M,GOh1052,P342M,-10.368,0.340,0.1309
6492,GOh1052_P342F,GOh1052,P342F,-11.159,0.309,0.1309
6493,GOh1052_P342S,GOh1052,P342S,-6.579,0.488,0.1309
6494,GOh1052_P342T,GOh1052,P342T,-6.91,0.475215811882348,0.1309
6495,GOh1052_P342W,GOh1052,P342W,-11.3,0.303738135229093,0.1309
6496,GOh1052_P342Y,GOh1052,P342Y,-9.531,0.373,0.1309
6497,GOh1052_P342V,GOh1052,P342V,-8.928,0.396,0.1309
6498,GOh1052_M343A,GOh1052,M343A,-9.448,0.376,0.0572
6499,GOh1052_M343R,GOh1052,M343R,-10.296,0.343,0.0572
6500,GOh1052_M343N,GOh1052,M343N,-9.103,0.390,0.0572
6501,GOh1052_M343D,GOh1052,M343D,-11.486,0.296,0.0572
6502,GOh1052_M343C,GOh1052,M343C,-12.443,0.259,0.0572
6503,GOh1052_M343Q,GOh1052,M343Q,-8.54,0.411546423967814,0.0572
6504,GOh1052_M343E,GOh1052,M343E,-10.751,0.325,0.0572
6505,GOh1052_M343G,GOh1052,M343G,-10.93,0.31819069567595,0.0572
6506,GOh1052_M343H,GOh1052,M343H,-10.345,0.341,0.0572
6507,GOh1052_M343I,GOh1052,M343I,-6.521,0.490,0.0572
6508,GOh1052_M343L,GOh1052,M343L,-6.156,0.505,0.0572
6509,GOh1052_M343K,GOh1052,M343K,-9.893,0.359,0.0572
6510,GOh1052_M343F,GOh1052,M343F,-8.51,0.412718253193235,0.0572
6511,GOh1052_M343P,GOh1052,M343P,-10.181,0.347,0.0572
6512,GOh1052_M343S,GOh1052,M343S,-9.909,0.358,0.0572
6513,GOh1052_M343T,GOh1052,M343T,-8.764,0.403,0.0572
6514,GOh1052_M343W,GOh1052,M343W,-10.845,0.322,0.0572
6515,GOh1052_M343Y,GOh1052,M343Y,-9.788,0.363,0.0572
6516,GOh1052_M343V,GOh1052,M343V,-8.172,0.426,0.0572
6517,GOh1052_L344A,GOh1052,L344A,-9.942,0.357,0.0317
6518,GOh1052_L344R,GOh1052,L344R,-9.116,0.389,0.0317
6519,GOh1052_L344N,GOh1052,L344N,-8.819,0.401,0.0317
6520,GOh1052_L344D,GOh1052,L344D,-11.605,0.292,0.0317
6521,GOh1052_L344C,GOh1052,L344C,-13.292,0.226,0.0317
6522,GOh1052_L344Q,GOh1052,L344Q,-8.764,0.403,0.0317
6523,GOh1052_L344E,GOh1052,L344E,-10.828,0.322,0.0317
6524,GOh1052_L344G,GOh1052,L344G,-11.492,0.296,0.0317
6525,GOh1052_L344H,GOh1052,L344H,-10.489,0.335,0.0317
6526,GOh1052_L344I,GOh1052,L344I,-8.227,0.424,0.0317
6527,GOh1052_L344K,GOh1052,L344K,-8.984,0.394,0.0317
6528,GOh1052_L344M,GOh1052,L344M,-7.295,0.460,0.0317
6529,GOh1052_L344F,GOh1052,L344F,-8.428,0.416,0.0317
6530,GOh1052_L344P,GOh1052,L344P,-9.564,0.372,0.0317
6531,GOh1052_L344S,GOh1052,L344S,-10.285,0.343,0.0317
6532,GOh1052_L344T,GOh1052,L344T,-9.16,0.387328619975782,0.0317
6533,GOh1052_L344W,GOh1052,L344W,-10.765,0.325,0.0317
6534,GOh1052_L344Y,GOh1052,L344Y,-9.433,0.377,0.0317
6535,GOh1052_L344V,GOh1052,L344V,-8.545,0.411,0.0317
6536,GOh1052_T345A,GOh1052,T345A,-9.568,0.371,0.0106
6537,GOh1052_T345R,GOh1052,T345R,-11.684,0.289,0.0106
6538,GOh1052_T345N,GOh1052,T345N,-9.901,0.358,0.0106
6539,GOh1052_T345D,GOh1052,T345D,-11.5,0.295925940392953,0.0106
6540,GOh1052_T345C,GOh1052,T345C,-13.458,0.219,0.0106
6541,GOh1052_T345Q,GOh1052,T345Q,-11.075,0.313,0.0106
6542,GOh1052_T345E,GOh1052,T345E,-11.714,0.288,0.0106
6543,GOh1052_T345G,GOh1052,T345G,-9.266,0.383,0.0106
6544,GOh1052_T345H,GOh1052,T345H,-12.632,0.252,0.0106
6545,GOh1052_T345I,GOh1052,T345I,-10.845,0.322,0.0106
6546,GOh1052_T345L,GOh1052,T345L,-10.147,0.349,0.0106
6547,GOh1052_T345K,GOh1052,T345K,-10.303,0.343,0.0106
6548,GOh1052_T345M,GOh1052,T345M,-10.601,0.331,0.0106
6549,GOh1052_T345F,GOh1052,T345F,-12.036,0.275,0.0106
6550,GOh1052_T345P,GOh1052,T345P,-11.384,0.300,0.0106
6551,GOh1052_T345S,GOh1052,T345S,-8.182,0.426,0.0106
6552,GOh1052_T345W,GOh1052,T345W,-14.022,0.197,0.0106
6553,GOh1052_T345Y,GOh1052,T345Y,-12.056,0.274,0.0106
6554,GOh1052_T345V,GOh1052,T345V,-10.507,0.335,0.0106
6555,GOh1052_A346R,GOh1052,A346R,-7.727,0.443,0.2459
6556,GOh1052_A346N,GOh1052,A346N,-5.726,0.521,0.2459
6557,GOh1052_A346D,GOh1052,A346D,-5.488,0.531,0.2459
6558,GOh1052_A346C,GOh1052,A346C,-12.764,0.247,0.2459
6559,GOh1052_A346Q,GOh1052,A346Q,-6.398,0.495,0.2459
6560,GOh1052_A346E,GOh1052,A346E,-6.501,0.491,0.2459
6561,GOh1052_A346G,GOh1052,A346G,-6.559,0.489,0.2459
6562,GOh1052_A346H,GOh1052,A346H,-8.594,0.409,0.2459
6563,GOh1052_A346I,GOh1052,A346I,-9.051,0.392,0.2459
6564,GOh1052_A346L,GOh1052,A346L,-8.251,0.423,0.2459
6565,GOh1052_A346K,GOh1052,A346K,-6.183,0.504,0.2459
6566,GOh1052_A346M,GOh1052,A346M,-8.883,0.398,0.2459
6567,GOh1052_A346F,GOh1052,A346F,-9.461,0.376,0.2459
6568,GOh1052_A346P,GOh1052,A346P,-7.611,0.448,0.2459
6569,GOh1052_A346S,GOh1052,A346S,-4.964,0.551,0.2459
6570,GOh1052_A346T,GOh1052,A346T,-6.333,0.498,0.2459
6571,GOh1052_A346W,GOh1052,A346W,-10.479,0.336,0.2459
6572,GOh1052_A346Y,GOh1052,A346Y,-8.561,0.411,0.2459
6573,GOh1052_A346V,GOh1052,A346V,-7.675,0.445,0.2459
6574,GOh1052_D347A,GOh1052,D347A,-11.163,0.309,0.0043
6575,GOh1052_D347R,GOh1052,D347R,-13.173,0.231,0.0043
6576,GOh1052_D347N,GOh1052,D347N,-8.965,0.395,0.0043
6577,GOh1052_D347C,GOh1052,D347C,-15.086,0.156,0.0043
6578,GOh1052_D347Q,GOh1052,D347Q,-12.082,0.273,0.0043
6579,GOh1052_D347E,GOh1052,D347E,-9.648,0.368,0.0043
6580,GOh1052_D347G,GOh1052,D347G,-11.672,0.289,0.0043
6581,GOh1052_D347H,GOh1052,D347H,-12.169,0.270,0.0043
6582,GOh1052_D347I,GOh1052,D347I,-13.471,0.219,0.0043
6583,GOh1052_D347L,GOh1052,D347L,-13.484,0.218,0.0043
6584,GOh1052_D347K,GOh1052,D347K,-12.753,0.247,0.0043
6585,GOh1052_D347M,GOh1052,D347M,-14.049,0.196,0.0043
6586,GOh1052_D347F,GOh1052,D347F,-14.507,0.178,0.0043
6587,GOh1052_D347P,GOh1052,D347P,-12.869,0.242,0.0043
6588,GOh1052_D347S,GOh1052,D347S,-10.75,0.325221671028475,0.0043
6589,GOh1052_D347T,GOh1052,D347T,-12.215,0.268,0.0043
6590,GOh1052_D347W,GOh1052,D347W,-14.571,0.176,0.0043
6591,GOh1052_D347Y,GOh1052,D347Y,-12.06,0.274051794851764,0.0043
6592,GOh1052_D347V,GOh1052,D347V,-12.364,0.262,0.0043
6593,GOh1052_K348A,GOh1052,K348A,-3.109,0.624,1.2825
6594,GOh1052_K348R,GOh1052,K348R,-4.618,0.565,1.2825
6595,GOh1052_K348N,GOh1052,K348N,-3.87,0.593961173391664,1.2825
6596,GOh1052_K348D,GOh1052,K348D,-4.896,0.554,1.2825
6597,GOh1052_K348C,GOh1052,K348C,-11.832,0.283,1.2825
6598,GOh1052_K348Q,GOh1052,K348Q,-4.643,0.564,1.2825
6599,GOh1052_K348E,GOh1052,K348E,-5.49,0.530682395218937,1.2825
6600,GOh1052_K348G,GOh1052,K348G,-5.269,0.539,1.2825
6601,GOh1052_K348H,GOh1052,K348H,-5.43,0.533026053669779,1.2825
6602,GOh1052_K348I,GOh1052,K348I,-6.886,0.476,1.2825
6603,GOh1052_K348L,GOh1052,K348L,-6.014,0.510,1.2825
6604,GOh1052_K348M,GOh1052,K348M,-7.565,0.450,1.2825
6605,GOh1052_K348F,GOh1052,K348F,-7.553,0.450,1.2825
6606,GOh1052_K348P,GOh1052,K348P,-3.67,0.601773368227804,1.2825
6607,GOh1052_K348S,GOh1052,K348S,-2.812,0.635,1.2825
6608,GOh1052_K348T,GOh1052,K348T,-3.566,0.606,1.2825
6609,GOh1052_K348W,GOh1052,K348W,-8.021,0.432,1.2825
6610,GOh1052_K348Y,GOh1052,K348Y,-6.778,0.480,1.2825
6611,GOh1052_K348V,GOh1052,K348V,-5.917,0.514,1.2825
6612,GOh1052_Q349A,GOh1052,Q349A,-3.845,0.595,0.6009
6613,GOh1052_Q349R,GOh1052,Q349R,-6.365,0.497,0.6009
6614,GOh1052_Q349N,GOh1052,Q349N,-4.621,0.565,0.6009
6615,GOh1052_Q349D,GOh1052,Q349D,-5.169,0.543,0.6009
6616,GOh1052_Q349C,GOh1052,Q349C,-12.654,0.251,0.6009
6617,GOh1052_Q349E,GOh1052,Q349E,-4.309,0.577,0.6009
6618,GOh1052_Q349G,GOh1052,Q349G,-5.323,0.537,0.6009
6619,GOh1052_Q349H,GOh1052,Q349H,-7.581,0.449,0.6009
6620,GOh1052_Q349I,GOh1052,Q349I,-8.734,0.404,0.6009
6621,GOh1052_Q349L,GOh1052,Q349L,-5.37,0.53536971212062,0.6009
6622,GOh1052_Q349K,GOh1052,Q349K,-5.079,0.547,0.6009
6623,GOh1052_Q349M,GOh1052,Q349M,-6.992,0.472,0.6009
6624,GOh1052_Q349F,GOh1052,Q349F,-7.902,0.436,0.6009
6625,GOh1052_Q349P,GOh1052,Q349P,-9.131,0.388,0.6009
6626,GOh1052_Q349S,GOh1052,Q349S,-5.364,0.536,0.6009
6627,GOh1052_Q349T,GOh1052,Q349T,-6.432,0.494,0.6009
6628,GOh1052_Q349W,GOh1052,Q349W,-9.234,0.384,0.6009
6629,GOh1052_Q349Y,GOh1052,Q349Y,-7.42,0.455294715050193,0.6009
6630,GOh1052_Q349V,GOh1052,Q349V,-7.724,0.443,0.6009
6631,GOh1052_G350A,GOh1052,G350A,-9.125,0.389,0.0247
6632,GOh1052_G350R,GOh1052,G350R,-9.091,0.390,0.0247
6633,GOh1052_G350N,GOh1052,G350N,-7.452,0.454,0.0247
6634,GOh1052_G350D,GOh1052,G350D,-8.377,0.418,0.0247
6635,GOh1052_G350C,GOh1052,G350C,-11.412,0.299,0.0247
6636,GOh1052_G350Q,GOh1052,G350Q,-9.117,0.389,0.0247
6637,GOh1052_G350E,GOh1052,G350E,-10.016,0.354,0.0247
6638,GOh1052_G350H,GOh1052,G350H,-8.77,0.402562399906254,0.0247
6639,GOh1052_G350I,GOh1052,G350I,-13.791,0.206,0.0247
6640,GOh1052_G350L,GOh1052,G350L,-11.135,0.310,0.0247
6641,GOh1052_G350K,GOh1052,G350K,-8.552,0.411,0.0247
6642,GOh1052_G350M,GOh1052,G350M,-11.615,0.291,0.0247
6643,GOh1052_G350F,GOh1052,G350F,-12.088,0.273,0.0247
6644,GOh1052_G350P,GOh1052,G350P,-13.01,0.236943869380102,0.0247
6645,GOh1052_G350S,GOh1052,G350S,-8.519,0.412,0.0247
6646,GOh1052_G350T,GOh1052,G350T,-11.356,0.302,0.0247
6647,GOh1052_G350W,GOh1052,G350W,-12.535,0.255,0.0247
6648,GOh1052_G350Y,GOh1052,G350Y,-11.248,0.306,0.0247
6649,GOh1052_G350V,GOh1052,G350V,-12.182,0.269,0.0247
6650,GOh1052_L351A,GOh1052,L351A,-3.96,0.590445685715402,0.4249
6651,GOh1052_L351R,GOh1052,L351R,-7.001,0.472,0.4249
6652,GOh1052_L351N,GOh1052,L351N,-6.814,0.479,0.4249
6653,GOh1052_L351D,GOh1052,L351D,-6.995,0.472,0.4249
6654,GOh1052_L351C,GOh1052,L351C,-12.22,0.267802038982852,0.4249
6655,GOh1052_L351Q,GOh1052,L351Q,-6.036,0.509,0.4249
6656,GOh1052_L351E,GOh1052,L351E,-5.829,0.517,0.4249
6657,GOh1052_L351G,GOh1052,L351G,-8.055,0.430,0.4249
6658,GOh1052_L351H,GOh1052,L351H,-8.713,0.405,0.4249
6659,GOh1052_L351I,GOh1052,L351I,-5.501,0.530,0.4249
6660,GOh1052_L351K,GOh1052,L351K,-6.13,0.505683371743291,0.4249
6661,GOh1052_L351M,GOh1052,L351M,-7.673,0.445,0.4249
6662,GOh1052_L351F,GOh1052,L351F,-7.48,0.452951056599352,0.4249
6663,GOh1052_L351P,GOh1052,L351P,-7.562,0.450,0.4249
6664,GOh1052_L351S,GOh1052,L351S,-6.471,0.492,0.4249
6665,GOh1052_L351T,GOh1052,L351T,-5.759,0.520,0.4249
6666,GOh1052_L351W,GOh1052,L351W,-9.227,0.385,0.4249
6667,GOh1052_L351Y,GOh1052,L351Y,-7.436,0.455,0.4249
6668,GOh1052_L351V,GOh1052,L351V,-4.632,0.564,0.4249
6669,GOh1052_Y352A,GOh1052,Y352A,-9.348,0.380,0.1425
6670,GOh1052_Y352R,GOh1052,Y352R,-9.729,0.365,0.1425
6671,GOh1052_Y352N,GOh1052,Y352N,-8.458,0.415,0.1425
6672,GOh1052_Y352D,GOh1052,Y352D,-10.21,0.346314597086051,0.1425
6673,GOh1052_Y352C,GOh1052,Y352C,-11.47,0.297097769618374,0.1425
6674,GOh1052_Y352Q,GOh1052,Y352Q,-9.887,0.359,0.1425
6675,GOh1052_Y352E,GOh1052,Y352E,-10.269,0.344,0.1425
6676,GOh1052_Y352G,GOh1052,Y352G,-10.149,0.349,0.1425
6677,GOh1052_Y352H,GOh1052,Y352H,-7.964,0.434,0.1425
6678,GOh1052_Y352I,GOh1052,Y352I,-9.937,0.357,0.1425
6679,GOh1052_Y352L,GOh1052,Y352L,-7.68,0.445138861763212,0.1425
6680,GOh1052_Y352K,GOh1052,Y352K,-9.904,0.358,0.1425
6681,GOh1052_Y352M,GOh1052,Y352M,-9.174,0.387,0.1425
6682,GOh1052_Y352F,GOh1052,Y352F,-4.256,0.579,0.1425
6683,GOh1052_Y352P,GOh1052,Y352P,-11.207,0.307,0.1425
6684,GOh1052_Y352S,GOh1052,Y352S,-9.3,0.381860083590485,0.1425
6685,GOh1052_Y352T,GOh1052,Y352T,-9.634,0.369,0.1425
6686,GOh1052_Y352W,GOh1052,Y352W,-6.824,0.479,0.1425
6687,GOh1052_Y352V,GOh1052,Y352V,-9.591,0.370,0.1425
6688,GOh1052_M353A,GOh1052,M353A,-1.835,0.673,0.1501
6689,GOh1052_M353R,GOh1052,M353R,6.03,0.980664817780555,0.1501
6690,GOh1052_M353N,GOh1052,M353N,-2.083,0.664,0.1501
6691,GOh1052_M353D,GOh1052,M353D,-4.244,0.579,0.1501
6692,GOh1052_M353C,GOh1052,M353C,-4.794,0.558,0.1501
6693,GOh1052_M353Q,GOh1052,M353Q,-1.216,0.698,0.1501
6694,GOh1052_M353E,GOh1052,M353E,-3.148,0.622,0.1501
6695,GOh1052_M353G,GOh1052,M353G,-2.715,0.639,0.1501
6696,GOh1052_M353H,GOh1052,M353H,1.103,0.788,0.1501
6697,GOh1052_M353I,GOh1052,M353I,-2.897,0.632,0.1501
6698,GOh1052_M353L,GOh1052,M353L,-2.213,0.659,0.1501
6699,GOh1052_M353K,GOh1052,M353K,-0.774,0.715,0.1501
6700,GOh1052_M353F,GOh1052,M353F,-3.666,0.602,0.1501
6701,GOh1052_M353P,GOh1052,M353P,-2.264,0.657,0.1501
6702,GOh1052_M353S,GOh1052,M353S,-1.891,0.671,0.1501
6703,GOh1052_M353T,GOh1052,M353T,-1.403,0.690,0.1501
6704,GOh1052_M353W,GOh1052,M353W,-3.513,0.608,0.1501
6705,GOh1052_M353Y,GOh1052,M353Y,-2.6,0.643568610601148,0.1501
6706,GOh1052_M353V,GOh1052,M353V,-1.573,0.684,0.1501
6707,GOh1052_S354A,GOh1052,S354A,-2.368,0.653,1.8189
6708,GOh1052_S354R,GOh1052,S354R,-4.483,0.570,1.8189
6709,GOh1052_S354N,GOh1052,S354N,-4.232,0.580,1.8189
6710,GOh1052_S354D,GOh1052,S354D,-4.578,0.566,1.8189
6711,GOh1052_S354C,GOh1052,S354C,-10.729,0.326,1.8189
6712,GOh1052_S354Q,GOh1052,S354Q,-2.569,0.645,1.8189
6713,GOh1052_S354E,GOh1052,S354E,-1.257,0.696,1.8189
6714,GOh1052_S354G,GOh1052,S354G,-4.838,0.556,1.8189
6715,GOh1052_S354H,GOh1052,S354H,-6.352,0.497,1.8189
6716,GOh1052_S354I,GOh1052,S354I,-7.637,0.447,1.8189
6717,GOh1052_S354L,GOh1052,S354L,-6.39,0.49552751845631,1.8189
6718,GOh1052_S354K,GOh1052,S354K,-2.687,0.640,1.8189
6719,GOh1052_S354M,GOh1052,S354M,-7.233,0.463,1.8189
6720,GOh1052_S354F,GOh1052,S354F,-8.245,0.423,1.8189
6721,GOh1052_S354P,GOh1052,S354P,-7.261,0.462,1.8189
6722,GOh1052_S354T,GOh1052,S354T,-4.539,0.568,1.8189
6723,GOh1052_S354W,GOh1052,S354W,-8.809,0.401,1.8189
6724,GOh1052_S354Y,GOh1052,S354Y,-6.634,0.486,1.8189
6725,GOh1052_S354V,GOh1052,S354V,-6.034,0.509,1.8189
6726,GOh1052_D355A,GOh1052,D355A,-12.948,0.239,0.0021
6727,GOh1052_D355R,GOh1052,D355R,-16.041,0.119,0.0021
6728,GOh1052_D355N,GOh1052,D355N,-9.318,0.381,0.0021
6729,GOh1052_D355C,GOh1052,D355C,-13.995,0.198,0.0021
6730,GOh1052_D355Q,GOh1052,D355Q,-13.775,0.207,0.0021
6731,GOh1052_D355E,GOh1052,D355E,-11.075,0.313,0.0021
6732,GOh1052_D355G,GOh1052,D355G,-12.17,0.269755087691887,0.0021
6733,GOh1052_D355H,GOh1052,D355H,-12.665,0.250,0.0021
6734,GOh1052_D355I,GOh1052,D355I,-15.355,0.145,0.0021
6735,GOh1052_D355L,GOh1052,D355L,-15.356,0.145,0.0021
6736,GOh1052_D355K,GOh1052,D355K,-15.039,0.158,0.0021
6737,GOh1052_D355M,GOh1052,D355M,-15.842,0.126,0.0021
6738,GOh1052_D355F,GOh1052,D355F,-15.503,0.140,0.0021
6739,GOh1052_D355P,GOh1052,D355P,-14.868,0.164,0.0021
6740,GOh1052_D355S,GOh1052,D355S,-11.714,0.288,0.0021
6741,GOh1052_D355T,GOh1052,D355T,-13.161,0.231,0.0021
6742,GOh1052_D355W,GOh1052,D355W,-16.743,0.091,0.0021
6743,GOh1052_D355Y,GOh1052,D355Y,-13.582,0.215,0.0021
6744,GOh1052_D355V,GOh1052,D355V,-14.508,0.178,0.0021
6745,GOh1052_N356A,GOh1052,N356A,-11.548,0.294,0.004
6746,GOh1052_N356R,GOh1052,N356R,-14.615,0.174,0.004
6747,GOh1052_N356D,GOh1052,N356D,-10.854,0.321,0.004
6748,GOh1052_N356C,GOh1052,N356C,-12.302,0.265,0.004
6749,GOh1052_N356Q,GOh1052,N356Q,-11.877,0.281,0.004
6750,GOh1052_N356E,GOh1052,N356E,-13.823,0.205,0.004
6751,GOh1052_N356G,GOh1052,N356G,-11.773,0.285,0.004
6752,GOh1052_N356H,GOh1052,N356H,-11.675,0.289,0.004
6753,GOh1052_N356I,GOh1052,N356I,-12.073,0.274,0.004
6754,GOh1052_N356L,GOh1052,N356L,-10.202,0.347,0.004
6755,GOh1052_N356K,GOh1052,N356K,-13.167,0.231,0.004
6756,GOh1052_N356M,GOh1052,N356M,-12.186,0.269,0.004
6757,GOh1052_N356F,GOh1052,N356F,-13.87,0.203351431584704,0.004
6758,GOh1052_N356P,GOh1052,N356P,-14.71,0.170540213272919,0.004
6759,GOh1052_N356S,GOh1052,N356S,-9.265,0.383,0.004
6760,GOh1052_N356T,GOh1052,N356T,-10.389,0.339,0.004
6761,GOh1052_N356W,GOh1052,N356W,-16.088,0.117,0.004
6762,GOh1052_N356Y,GOh1052,N356Y,-13.303,0.225,0.004
6763,GOh1052_N356V,GOh1052,N356V,-12.097,0.273,0.004
6764,GOh1052_H357A,GOh1052,H357A,-12.957,0.239,0.0024
6765,GOh1052_H357R,GOh1052,H357R,-13.603,0.214,0.0024
6766,GOh1052_H357N,GOh1052,H357N,-10.707,0.327,0.0024
6767,GOh1052_H357D,GOh1052,H357D,-12.326,0.264,0.0024
6768,GOh1052_H357C,GOh1052,H357C,-12.741,0.247,0.0024
6769,GOh1052_H357Q,GOh1052,H357Q,-10.398,0.339,0.0024
6770,GOh1052_H357E,GOh1052,H357E,-12.907,0.241,0.0024
6771,GOh1052_H357G,GOh1052,H357G,-14.034,0.197,0.0024
6772,GOh1052_H357I,GOh1052,H357I,-12.164,0.270,0.0024
6773,GOh1052_H357L,GOh1052,H357L,-11.869,0.282,0.0024
6774,GOh1052_H357K,GOh1052,H357K,-13.816,0.205,0.0024
6775,GOh1052_H357M,GOh1052,H357M,-11.292,0.304,0.0024
6776,GOh1052_H357F,GOh1052,H357F,-10.959,0.317,0.0024
6777,GOh1052_H357P,GOh1052,H357P,-13.569,0.215,0.0024
6778,GOh1052_H357S,GOh1052,H357S,-11.916,0.280,0.0024
6779,GOh1052_H357T,GOh1052,H357T,-12.314,0.264,0.0024
6780,GOh1052_H357W,GOh1052,H357W,-14.499,0.179,0.0024
6781,GOh1052_H357Y,GOh1052,H357Y,-11.57,0.293191672200305,0.0024
6782,GOh1052_H357V,GOh1052,H357V,-13.413,0.221,0.0024
6783,GOh1052_A358R,GOh1052,A358R,-14.696,0.171,0.1583
6784,GOh1052_A358N,GOh1052,A358N,-8.429,0.416,0.1583
6785,GOh1052_A358D,GOh1052,A358D,-10.782,0.324,0.1583
6786,GOh1052_A358C,GOh1052,A358C,-7.251,0.462,0.1583
6787,GOh1052_A358Q,GOh1052,A358Q,-8.898,0.398,0.1583
6788,GOh1052_A358E,GOh1052,A358E,-10.126,0.350,0.1583
6789,GOh1052_A358G,GOh1052,A358G,-4.49,0.569743369399633,0.1583
6790,GOh1052_A358H,GOh1052,A358H,-11.349,0.302,0.1583
6791,GOh1052_A358I,GOh1052,A358I,-8.135,0.427,0.1583
6792,GOh1052_A358L,GOh1052,A358L,-7.898,0.437,0.1583
6793,GOh1052_A358K,GOh1052,A358K,-13.622,0.213,0.1583
6794,GOh1052_A358M,GOh1052,A358M,-6.289,0.499,0.1583
6795,GOh1052_A358F,GOh1052,A358F,-10.269,0.344,0.1583
6796,GOh1052_A358P,GOh1052,A358P,-8.047,0.431,0.1583
6797,GOh1052_A358S,GOh1052,A358S,-6.962,0.473,0.1583
6798,GOh1052_A358T,GOh1052,A358T,-8.071,0.430,0.1583
6799,GOh1052_A358W,GOh1052,A358W,-13.514,0.217,0.1583
6800,GOh1052_A358Y,GOh1052,A358Y,-12.779,0.246,0.1583
6801,GOh1052_A358V,GOh1052,A358V,-7.136,0.466,0.1583
6802,GOh1052_W359A,GOh1052,W359A,-10.387,0.339,0.0206
6803,GOh1052_W359R,GOh1052,W359R,-12.391,0.261,0.0206
6804,GOh1052_W359N,GOh1052,W359N,-10.697,0.327,0.0206
6805,GOh1052_W359D,GOh1052,W359D,-14.487,0.179,0.0206
6806,GOh1052_W359C,GOh1052,W359C,-12.16,0.270145697433694,0.0206
6807,GOh1052_W359Q,GOh1052,W359Q,-11.805,0.284,0.0206
6808,GOh1052_W359E,GOh1052,W359E,-13.883,0.203,0.0206
6809,GOh1052_W359G,GOh1052,W359G,-12.963,0.239,0.0206
6810,GOh1052_W359H,GOh1052,W359H,-10.375,0.340,0.0206
6811,GOh1052_W359I,GOh1052,W359I,-10.571,0.332,0.0206
6812,GOh1052_W359L,GOh1052,W359L,-10.647,0.329,0.0206
6813,GOh1052_W359K,GOh1052,W359K,-13.394,0.222,0.0206
6814,GOh1052_W359M,GOh1052,W359M,-10.381,0.340,0.0206
6815,GOh1052_W359F,GOh1052,W359F,-7.047,0.470,0.0206
6816,GOh1052_W359P,GOh1052,W359P,-16.41,0.104136557165736,0.0206
6817,GOh1052_W359S,GOh1052,W359S,-11.067,0.313,0.0206
6818,GOh1052_W359T,GOh1052,W359T,-10.992,0.316,0.0206
6819,GOh1052_W359Y,GOh1052,W359Y,-7.563,0.450,0.0206
6820,GOh1052_W359V,GOh1052,W359V,-10.562,0.333,0.0206
6821,GOh1052_L360A,GOh1052,L360A,-11.767,0.285,0.0083
6822,GOh1052_L360R,GOh1052,L360R,-14.388,0.183,0.0083
6823,GOh1052_L360N,GOh1052,L360N,-12.063,0.274,0.0083
6824,GOh1052_L360D,GOh1052,L360D,-14.428,0.182,0.0083
6825,GOh1052_L360C,GOh1052,L360C,-12.347,0.263,0.0083
6826,GOh1052_L360Q,GOh1052,L360Q,-11.747,0.286,0.0083
6827,GOh1052_L360E,GOh1052,L360E,-13.399,0.222,0.0083
6828,GOh1052_L360G,GOh1052,L360G,-14.851,0.165,0.0083
6829,GOh1052_L360H,GOh1052,L360H,-14.134,0.193,0.0083
6830,GOh1052_L360I,GOh1052,L360I,-8.63,0.408030936291551,0.0083
6831,GOh1052_L360K,GOh1052,L360K,-14.294,0.187,0.0083
6832,GOh1052_L360M,GOh1052,L360M,-8.501,0.413,0.0083
6833,GOh1052_L360F,GOh1052,L360F,-12.05,0.274442404593571,0.0083
6834,GOh1052_L360P,GOh1052,L360P,-14.162,0.192,0.0083
6835,GOh1052_L360S,GOh1052,L360S,-12.632,0.252,0.0083
6836,GOh1052_L360T,GOh1052,L360T,-11.411,0.299,0.0083
6837,GOh1052_L360W,GOh1052,L360W,-15.353,0.145,0.0083
6838,GOh1052_L360Y,GOh1052,L360Y,-12.737,0.248,0.0083
6839,GOh1052_L360V,GOh1052,L360V,-8.887,0.398,0.0083
6840,GOh1052_F361A,GOh1052,F361A,-12.818,0.244,0.0172
6841,GOh1052_F361R,GOh1052,F361R,-15.824,0.127,0.0172
6842,GOh1052_F361N,GOh1052,F361N,-13.846,0.204,0.0172
6843,GOh1052_F361D,GOh1052,F361D,-16.303,0.108,0.0172
6844,GOh1052_F361C,GOh1052,F361C,-12.369,0.262,0.0172
6845,GOh1052_F361Q,GOh1052,F361Q,-13.926,0.201,0.0172
6846,GOh1052_F361E,GOh1052,F361E,-16.15,0.114292410452717,0.0172
6847,GOh1052_F361G,GOh1052,F361G,-15.348,0.146,0.0172
6848,GOh1052_F361H,GOh1052,F361H,-11.219,0.307,0.0172
6849,GOh1052_F361I,GOh1052,F361I,-9.412,0.377,0.0172
6850,GOh1052_F361L,GOh1052,F361L,-8.851,0.399,0.0172
6851,GOh1052_F361K,GOh1052,F361K,-16.76,0.0904652162024921,0.0172
6852,GOh1052_F361M,GOh1052,F361M,-9.651,0.368,0.0172
6853,GOh1052_F361P,GOh1052,F361P,-17.879,0.047,0.0172
6854,GOh1052_F361S,GOh1052,F361S,-12.379,0.262,0.0172
6855,GOh1052_F361T,GOh1052,F361T,-12.284,0.265,0.0172
6856,GOh1052_F361W,GOh1052,F361W,-7.786,0.441,0.0172
6857,GOh1052_F361Y,GOh1052,F361Y,-7.518,0.451,0.0172
6858,GOh1052_F361V,GOh1052,F361V,-10.61,0.330690207413773,0.0172
6859,GOh1052_G362A,GOh1052,G362A,-4.223,0.580,0.2073
6860,GOh1052_G362R,GOh1052,G362R,-10.227,0.346,0.2073
6861,GOh1052_G362N,GOh1052,G362N,-9.17,0.386938010233975,0.2073
6862,GOh1052_G362D,GOh1052,G362D,-10.826,0.322,0.2073
6863,GOh1052_G362C,GOh1052,G362C,-11.741,0.287,0.2073
6864,GOh1052_G362Q,GOh1052,G362Q,-9.714,0.366,0.2073
6865,GOh1052_G362E,GOh1052,G362E,-11.059,0.313,0.2073
6866,GOh1052_G362H,GOh1052,G362H,-11.543,0.294,0.2073
6867,GOh1052_G362I,GOh1052,G362I,-11.761,0.286,0.2073
6868,GOh1052_G362L,GOh1052,G362L,-10.453,0.337,0.2073
6869,GOh1052_G362K,GOh1052,G362K,-11.143,0.310,0.2073
6870,GOh1052_G362M,GOh1052,G362M,-11.323,0.303,0.2073
6871,GOh1052_G362F,GOh1052,G362F,-13.314,0.225,0.2073
6872,GOh1052_G362P,GOh1052,G362P,-5.376,0.535,0.2073
6873,GOh1052_G362S,GOh1052,G362S,-5.437,0.533,0.2073
6874,GOh1052_G362T,GOh1052,G362T,-6.855,0.477,0.2073
6875,GOh1052_G362W,GOh1052,G362W,-13.81,0.205695090035545,0.2073
6876,GOh1052_G362Y,GOh1052,G362Y,-13.243,0.228,0.2073
6877,GOh1052_G362V,GOh1052,G362V,-9.136,0.388,0.2073
6878,GOh1052_W363A,GOh1052,W363A,-10.416,0.338,0.0353
6879,GOh1052_W363R,GOh1052,W363R,-11.51,0.295535330651146,0.0353
6880,GOh1052_W363N,GOh1052,W363N,-11.306,0.304,0.0353
6881,GOh1052_W363D,GOh1052,W363D,-12.341,0.263,0.0353
6882,GOh1052_W363C,GOh1052,W363C,-12.928,0.240,0.0353
6883,GOh1052_W363Q,GOh1052,W363Q,-12.755,0.247,0.0353
6884,GOh1052_W363E,GOh1052,W363E,-14.157,0.192,0.0353
6885,GOh1052_W363G,GOh1052,W363G,-11.616,0.291,0.0353
6886,GOh1052_W363H,GOh1052,W363H,-9.238,0.384,0.0353
6887,GOh1052_W363I,GOh1052,W363I,-11.79,0.284598257880552,0.0353
6888,GOh1052_W363L,GOh1052,W363L,-10.85,0.321315573610406,0.0353
6889,GOh1052_W363K,GOh1052,W363K,-14.453,0.181,0.0353
6890,GOh1052_W363M,GOh1052,W363M,-11.054,0.313,0.0353
6891,GOh1052_W363F,GOh1052,W363F,-7.512,0.452,0.0353
6892,GOh1052_W363P,GOh1052,W363P,-15.556,0.137,0.0353
6893,GOh1052_W363S,GOh1052,W363S,-10.095,0.351,0.0353
6894,GOh1052_W363T,GOh1052,W363T,-11.206,0.307,0.0353
6895,GOh1052_W363Y,GOh1052,W363Y,-6.043,0.509,0.0353
6896,GOh1052_W363V,GOh1052,W363V,-11.301,0.304,0.0353
6897,GOh1052_K364A,GOh1052,K364A,-7.299,0.460,0.1655
6898,GOh1052_K364R,GOh1052,K364R,-5.771,0.520,0.1655
6899,GOh1052_K364N,GOh1052,K364N,-7.254,0.462,0.1655
6900,GOh1052_K364D,GOh1052,K364D,-8.305,0.421,0.1655
6901,GOh1052_K364C,GOh1052,K364C,-13.12,0.232647162220226,0.1655
6902,GOh1052_K364Q,GOh1052,K364Q,-6.481,0.492,0.1655
6903,GOh1052_K364E,GOh1052,K364E,-6.818,0.479,0.1655
6904,GOh1052_K364G,GOh1052,K364G,-8.821,0.401,0.1655
6905,GOh1052_K364H,GOh1052,K364H,-9.213,0.385,0.1655
6906,GOh1052_K364I,GOh1052,K364I,-9.71,0.365845084176399,0.1655
6907,GOh1052_K364L,GOh1052,K364L,-8.59,0.409593375258779,0.1655
6908,GOh1052_K364M,GOh1052,K364M,-9.263,0.383,0.1655
6909,GOh1052_K364F,GOh1052,K364F,-11.387,0.300,0.1655
6910,GOh1052_K364P,GOh1052,K364P,-10.879,0.320,0.1655
6911,GOh1052_K364S,GOh1052,K364S,-5.327,0.537,0.1655
6912,GOh1052_K364T,GOh1052,K364T,-5.714,0.522,0.1655
6913,GOh1052_K364W,GOh1052,K364W,-11.275,0.305,0.1655
6914,GOh1052_K364Y,GOh1052,K364Y,-9.991,0.355,0.1655
6915,GOh1052_K364V,GOh1052,K364V,-8.582,0.410,0.1655
6916,GOh1052_K365A,GOh1052,K365A,-5.349,0.536,1.1181
6917,GOh1052_K365R,GOh1052,K365R,-4.81,0.55724385766181,1.1181
6918,GOh1052_K365N,GOh1052,K365N,-2.104,0.663,1.1181
6919,GOh1052_K365D,GOh1052,K365D,-4.908,0.553,1.1181
6920,GOh1052_K365C,GOh1052,K365C,-11.438,0.298,1.1181
6921,GOh1052_K365Q,GOh1052,K365Q,-4.287,0.578,1.1181
6922,GOh1052_K365E,GOh1052,K365E,-5.659,0.524,1.1181
6923,GOh1052_K365G,GOh1052,K365G,-5.352,0.536,1.1181
6924,GOh1052_K365H,GOh1052,K365H,-6.199,0.503,1.1181
6925,GOh1052_K365I,GOh1052,K365I,-8.453,0.415,1.1181
6926,GOh1052_K365L,GOh1052,K365L,-6.256,0.501,1.1181
6927,GOh1052_K365M,GOh1052,K365M,-7.795,0.441,1.1181
6928,GOh1052_K365F,GOh1052,K365F,-7.97,0.433811179250811,1.1181
6929,GOh1052_K365P,GOh1052,K365P,-7.878,0.437,1.1181
6930,GOh1052_K365S,GOh1052,K365S,-3.107,0.624,1.1181
6931,GOh1052_K365T,GOh1052,K365T,-4.551,0.567,1.1181
6932,GOh1052_K365W,GOh1052,K365W,-8.305,0.421,1.1181
6933,GOh1052_K365Y,GOh1052,K365Y,-6.387,0.496,1.1181
6934,GOh1052_K365V,GOh1052,K365V,-7.81,0.440060935119722,1.1181
6935,GOh1052_G366A,GOh1052,G366A,-6.825,0.479,0.2191
6936,GOh1052_G366R,GOh1052,G366R,-7.409,0.456,0.2191
6937,GOh1052_G366N,GOh1052,G366N,-5.153,0.544,0.2191
6938,GOh1052_G366D,GOh1052,G366D,-5.325,0.537,0.2191
6939,GOh1052_G366C,GOh1052,G366C,-12.041,0.275,0.2191
6940,GOh1052_G366Q,GOh1052,G366Q,-6.701,0.483,0.2191
6941,GOh1052_G366E,GOh1052,G366E,-7.12,0.467013007304402,0.2191
6942,GOh1052_G366H,GOh1052,G366H,-6.488,0.492,0.2191
6943,GOh1052_G366I,GOh1052,G366I,-12.198,0.269,0.2191
6944,GOh1052_G366L,GOh1052,G366L,-9.973,0.356,0.2191
6945,GOh1052_G366K,GOh1052,G366K,-6.908,0.475,0.2191
6946,GOh1052_G366M,GOh1052,G366M,-10.314,0.342,0.2191
6947,GOh1052_G366F,GOh1052,G366F,-10.116,0.350,0.2191
6948,GOh1052_G366P,GOh1052,G366P,-9.616,0.370,0.2191
6949,GOh1052_G366S,GOh1052,G366S,-5.611,0.526,0.2191
6950,GOh1052_G366T,GOh1052,G366T,-6.579,0.488,0.2191
6951,GOh1052_G366W,GOh1052,G366W,-9.81,0.36193898675833,0.2191
6952,GOh1052_G366Y,GOh1052,G366Y,-8.419,0.416,0.2191
6953,GOh1052_G366V,GOh1052,G366V,-11.073,0.313,0.2191
6954,GOh1052_S367A,GOh1052,S367A,-6.479,0.492,0.0687
6955,GOh1052_S367R,GOh1052,S367R,-9.403,0.378,0.0687
6956,GOh1052_S367N,GOh1052,S367N,-7.15,0.465841178078981,0.0687
6957,GOh1052_S367D,GOh1052,S367D,-9.907,0.358,0.0687
6958,GOh1052_S367C,GOh1052,S367C,-10.929,0.318,0.0687
6959,GOh1052_S367Q,GOh1052,S367Q,-9.818,0.362,0.0687
6960,GOh1052_S367E,GOh1052,S367E,-10.505,0.335,0.0687
6961,GOh1052_S367G,GOh1052,S367G,-8.509,0.413,0.0687
6962,GOh1052_S367H,GOh1052,S367H,-9.396,0.378,0.0687
6963,GOh1052_S367I,GOh1052,S367I,-9.077,0.391,0.0687
6964,GOh1052_S367L,GOh1052,S367L,-8.953,0.395,0.0687
6965,GOh1052_S367K,GOh1052,S367K,-9.037,0.392,0.0687
6966,GOh1052_S367M,GOh1052,S367M,-9.282,0.383,0.0687
6967,GOh1052_S367F,GOh1052,S367F,-8.932,0.396,0.0687
6968,GOh1052_S367P,GOh1052,S367P,-12.116,0.272,0.0687
6969,GOh1052_S367T,GOh1052,S367T,-6.388,0.496,0.0687
6970,GOh1052_S367W,GOh1052,S367W,-9.42,0.377172766688801,0.0687
6971,GOh1052_S367Y,GOh1052,S367Y,-7.802,0.440,0.0687
6972,GOh1052_S367V,GOh1052,S367V,-8.556,0.411,0.0687
6973,GOh1052_V368A,GOh1052,V368A,-9.788,0.363,0.0298
6974,GOh1052_V368R,GOh1052,V368R,-16.807,0.089,0.0298
6975,GOh1052_V368N,GOh1052,V368N,-13.932,0.201,0.0298
6976,GOh1052_V368D,GOh1052,V368D,-14.674,0.172,0.0298
6977,GOh1052_V368C,GOh1052,V368C,-13.298,0.226,0.0298
6978,GOh1052_V368Q,GOh1052,V368Q,-14.828,0.166,0.0298
6979,GOh1052_V368E,GOh1052,V368E,-14.058,0.196,0.0298
6980,GOh1052_V368G,GOh1052,V368G,-14.571,0.176,0.0298
6981,GOh1052_V368H,GOh1052,V368H,-16.377,0.105,0.0298
6982,GOh1052_V368I,GOh1052,V368I,-6.02,0.509980078903168,0.0298
6983,GOh1052_V368L,GOh1052,V368L,-8.553,0.411,0.0298
6984,GOh1052_V368K,GOh1052,V368K,-16.294,0.109,0.0298
6985,GOh1052_V368M,GOh1052,V368M,-9.929,0.357,0.0298
6986,GOh1052_V368F,GOh1052,V368F,-12.109,0.272,0.0298
6987,GOh1052_V368P,GOh1052,V368P,-14.65,0.172883871723761,0.0298
6988,GOh1052_V368S,GOh1052,V368S,-12.619,0.252,0.0298
6989,GOh1052_V368T,GOh1052,V368T,-10.088,0.351,0.0298
6990,GOh1052_V368W,GOh1052,V368W,-16.045,0.118,0.0298
6991,GOh1052_V368Y,GOh1052,V368Y,-14.75,0.168977774305691,0.0298
6992,GOh1052_F369A,GOh1052,F369A,-13.295,0.226,0.0144
6993,GOh1052_F369R,GOh1052,F369R,-16.705,0.093,0.0144
6994,GOh1052_F369N,GOh1052,F369N,-16.527,0.100,0.0144
6995,GOh1052_F369D,GOh1052,F369D,-17.778,0.051,0.0144
6996,GOh1052_F369C,GOh1052,F369C,-13.416,0.221,0.0144
6997,GOh1052_F369Q,GOh1052,F369Q,-15.235,0.150,0.0144
6998,GOh1052_F369E,GOh1052,F369E,-17.243,0.072,0.0144
6999,GOh1052_F369G,GOh1052,F369G,-15.618,0.135,0.0144
7000,GOh1052_F369H,GOh1052,F369H,-15.011,0.159,0.0144
7001,GOh1052_F369I,GOh1052,F369I,-10.239,0.345,0.0144
7002,GOh1052_F369L,GOh1052,F369L,-7.031,0.470,0.0144
7003,GOh1052_F369K,GOh1052,F369K,-17.565,0.059,0.0144
7004,GOh1052_F369M,GOh1052,F369M,-9.142,0.388,0.0144
7005,GOh1052_F369P,GOh1052,F369P,-16.327,0.107,0.0144
7006,GOh1052_F369S,GOh1052,F369S,-13.829,0.205,0.0144
7007,GOh1052_F369T,GOh1052,F369T,-14.755,0.169,0.0144
7008,GOh1052_F369W,GOh1052,F369W,-10.268,0.344,0.0144
7009,GOh1052_F369Y,GOh1052,F369Y,-9.727,0.365,0.0144
7010,GOh1052_F369V,GOh1052,F369V,-10.631,0.330,0.0144
7011,GOh1052_Q370A,GOh1052,Q370A,-10.597,0.331,0.0284
7012,GOh1052_Q370R,GOh1052,Q370R,-12.676,0.250,0.0284
7013,GOh1052_Q370N,GOh1052,Q370N,-9.686,0.367,0.0284
7014,GOh1052_Q370D,GOh1052,Q370D,-12.669,0.250,0.0284
7015,GOh1052_Q370C,GOh1052,Q370C,-13.838,0.205,0.0284
7016,GOh1052_Q370E,GOh1052,Q370E,-8.875,0.398,0.0284
7017,GOh1052_Q370G,GOh1052,Q370G,-11.98,0.277176672786219,0.0284
7018,GOh1052_Q370H,GOh1052,Q370H,-6.116,0.506,0.0284
7019,GOh1052_Q370I,GOh1052,Q370I,-12.442,0.259,0.0284
7020,GOh1052_Q370L,GOh1052,Q370L,-11.595,0.292,0.0284
7021,GOh1052_Q370K,GOh1052,Q370K,-11.954,0.278,0.0284
7022,GOh1052_Q370M,GOh1052,Q370M,-10.999,0.315,0.0284
7023,GOh1052_Q370F,GOh1052,Q370F,-13.028,0.236,0.0284
7024,GOh1052_Q370P,GOh1052,Q370P,-14.828,0.166,0.0284
7025,GOh1052_Q370S,GOh1052,Q370S,-10.164,0.348,0.0284
7026,GOh1052_Q370T,GOh1052,Q370T,-10.193,0.347,0.0284
7027,GOh1052_Q370W,GOh1052,Q370W,-14.688,0.171,0.0284
7028,GOh1052_Q370Y,GOh1052,Q370Y,-12.18,0.26936447795008,0.0284
7029,GOh1052_Q370V,GOh1052,Q370V,-11.652,0.290,0.0284
7030,GOh1052_A371R,GOh1052,A371R,-15.787,0.128,0.0241
7031,GOh1052_A371N,GOh1052,A371N,-12.792,0.245,0.0241
7032,GOh1052_A371D,GOh1052,A371D,-12.177,0.269,0.0241
7033,GOh1052_A371C,GOh1052,A371C,-9.966,0.356,0.0241
7034,GOh1052_A371Q,GOh1052,A371Q,-14.774,0.168,0.0241
7035,GOh1052_A371E,GOh1052,A371E,-13.405,0.222,0.0241
7036,GOh1052_A371G,GOh1052,A371G,-7.509,0.452,0.0241
7037,GOh1052_A371H,GOh1052,A371H,-15.09,0.155697043084255,0.0241
7038,GOh1052_A371I,GOh1052,A371I,-11.701,0.288,0.0241
7039,GOh1052_A371L,GOh1052,A371L,-12.764,0.247,0.0241
7040,GOh1052_A371K,GOh1052,A371K,-15.349,0.146,0.0241
7041,GOh1052_A371M,GOh1052,A371M,-11.967,0.278,0.0241
7042,GOh1052_A371F,GOh1052,A371F,-12.577,0.254,0.0241
7043,GOh1052_A371P,GOh1052,A371P,-11.547,0.294,0.0241
7044,GOh1052_A371S,GOh1052,A371S,-7.248,0.462,0.0241
7045,GOh1052_A371T,GOh1052,A371T,-8.152,0.427,0.0241
7046,GOh1052_A371W,GOh1052,A371W,-15.223,0.151,0.0241
7047,GOh1052_A371Y,GOh1052,A371Y,-14.336,0.185,0.0241
7048,GOh1052_A371V,GOh1052,A371V,-8.22,0.424045935705636,0.0241
7049,GOh1052_G372A,GOh1052,G372A,-10.081,0.351,0.0014
7050,GOh1052_G372R,GOh1052,G372R,-14.183,0.191,0.0014
7051,GOh1052_G372N,GOh1052,G372N,-13.533,0.217,0.0014
7052,GOh1052_G372D,GOh1052,G372D,-13.268,0.227,0.0014
7053,GOh1052_G372C,GOh1052,G372C,-11.49,0.29631655013476,0.0014
7054,GOh1052_G372Q,GOh1052,G372Q,-14.644,0.173,0.0014
7055,GOh1052_G372E,GOh1052,G372E,-14.113,0.194,0.0014
7056,GOh1052_G372H,GOh1052,G372H,-13.881,0.203,0.0014
7057,GOh1052_G372I,GOh1052,G372I,-15.764,0.129,0.0014
7058,GOh1052_G372L,GOh1052,G372L,-14.2,0.190461310105074,0.0014
7059,GOh1052_G372K,GOh1052,G372K,-15.577,0.137,0.0014
7060,GOh1052_G372M,GOh1052,G372M,-14.621,0.174,0.0014
7061,GOh1052_G372F,GOh1052,G372F,-12.853,0.243,0.0014
7062,GOh1052_G372P,GOh1052,G372P,-14.482,0.179,0.0014
7063,GOh1052_G372S,GOh1052,G372S,-11.41,0.299441428069216,0.0014
7064,GOh1052_G372T,GOh1052,G372T,-14.452,0.181,0.0014
7065,GOh1052_G372W,GOh1052,G372W,-12.969,0.239,0.0014
7066,GOh1052_G372Y,GOh1052,G372Y,-12.269,0.266,0.0014
7067,GOh1052_G372V,GOh1052,G372V,-13.763,0.208,0.0014
7068,GOh1052_P373A,GOh1052,P373A,-8.253,0.423,0.0114
7069,GOh1052_P373R,GOh1052,P373R,-11.849,0.282,0.0114
7070,GOh1052_P373N,GOh1052,P373N,-11.584,0.293,0.0114
7071,GOh1052_P373D,GOh1052,P373D,-13.016,0.237,0.0114
7072,GOh1052_P373C,GOh1052,P373C,-11.906,0.280,0.0114
7073,GOh1052_P373Q,GOh1052,P373Q,-10.681,0.328,0.0114
7074,GOh1052_P373E,GOh1052,P373E,-12.603,0.253,0.0114
7075,GOh1052_P373G,GOh1052,P373G,-9.286,0.382,0.0114
7076,GOh1052_P373H,GOh1052,P373H,-11.698,0.288,0.0114
7077,GOh1052_P373I,GOh1052,P373I,-10.96,0.317018866450529,0.0114
7078,GOh1052_P373L,GOh1052,P373L,-9.787,0.363,0.0114
7079,GOh1052_P373K,GOh1052,P373K,-11.821,0.283,0.0114
7080,GOh1052_P373M,GOh1052,P373M,-11.741,0.287,0.0114
7081,GOh1052_P373F,GOh1052,P373F,-12.092,0.273,0.0114
7082,GOh1052_P373S,GOh1052,P373S,-8.894,0.398,0.0114
7083,GOh1052_P373T,GOh1052,P373T,-9.586,0.371,0.0114
7084,GOh1052_P373W,GOh1052,P373W,-13.348,0.224,0.0114
7085,GOh1052_P373Y,GOh1052,P373Y,-12.081,0.273,0.0114
7086,GOh1052_P373V,GOh1052,P373V,-9.877,0.359,0.0114
7087,GOh1052_S374A,GOh1052,S374A,-9.802,0.362,0.0042
7088,GOh1052_S374R,GOh1052,S374R,-14.285,0.187,0.0042
7089,GOh1052_S374N,GOh1052,S374N,-10.817,0.323,0.0042
7090,GOh1052_S374D,GOh1052,S374D,-12.795,0.245,0.0042
7091,GOh1052_S374C,GOh1052,S374C,-10.978,0.316,0.0042
7092,GOh1052_S374Q,GOh1052,S374Q,-14.287,0.187,0.0042
7093,GOh1052_S374E,GOh1052,S374E,-14.348,0.185,0.0042
7094,GOh1052_S374G,GOh1052,S374G,-9.707,0.366,0.0042
7095,GOh1052_S374H,GOh1052,S374H,-13.547,0.216,0.0042
7096,GOh1052_S374I,GOh1052,S374I,-14.982,0.160,0.0042
7097,GOh1052_S374L,GOh1052,S374L,-14.002,0.198,0.0042
7098,GOh1052_S374K,GOh1052,S374K,-14.67,0.172102652240147,0.0042
7099,GOh1052_S374M,GOh1052,S374M,-14.609,0.174,0.0042
7100,GOh1052_S374F,GOh1052,S374F,-13.711,0.210,0.0042
7101,GOh1052_S374P,GOh1052,S374P,-14.154,0.192,0.0042
7102,GOh1052_S374T,GOh1052,S374T,-9.204,0.386,0.0042
7103,GOh1052_S374W,GOh1052,S374W,-14.619,0.174,0.0042
7104,GOh1052_S374Y,GOh1052,S374Y,-13.786,0.207,0.0042
7105,GOh1052_S374V,GOh1052,S374V,-13.861,0.204,0.0042
7106,GOh1052_T375A,GOh1052,T375A,-4.227,0.580,1.2535
7107,GOh1052_T375R,GOh1052,T375R,-3.578,0.605,1.2535
7108,GOh1052_T375N,GOh1052,T375N,-4.638,0.564,1.2535
7109,GOh1052_T375D,GOh1052,T375D,-6.798,0.480,1.2535
7110,GOh1052_T375C,GOh1052,T375C,-11.924,0.279,1.2535
7111,GOh1052_T375Q,GOh1052,T375Q,-4.832,0.556,1.2535
7112,GOh1052_T375E,GOh1052,T375E,-6.008,0.510,1.2535
7113,GOh1052_T375G,GOh1052,T375G,-6.612,0.487,1.2535
7114,GOh1052_T375H,GOh1052,T375H,-6.844,0.478,1.2535
7115,GOh1052_T375I,GOh1052,T375I,-5.553,0.528,1.2535
7116,GOh1052_T375L,GOh1052,T375L,-5.864,0.516,1.2535
7117,GOh1052_T375K,GOh1052,T375K,-1.831,0.674,1.2535
7118,GOh1052_T375M,GOh1052,T375M,-6.495,0.491,1.2535
7119,GOh1052_T375F,GOh1052,T375F,-7.608,0.448,1.2535
7120,GOh1052_T375P,GOh1052,T375P,-5.866,0.516,1.2535
7121,GOh1052_T375S,GOh1052,T375S,-4.082,0.586,1.2535
7122,GOh1052_T375W,GOh1052,T375W,-8.831,0.400,1.2535
7123,GOh1052_T375Y,GOh1052,T375Y,-6.902,0.476,1.2535
7124,GOh1052_T375V,GOh1052,T375V,-3.96,0.590445685715402,1.2535
7125,GOh1052_A376R,GOh1052,A376R,-6.291,0.499,0.2815
7126,GOh1052_A376N,GOh1052,A376N,-6.074,0.508,0.2815
7127,GOh1052_A376D,GOh1052,A376D,-6.498,0.491,0.2815
7128,GOh1052_A376C,GOh1052,A376C,-12.401,0.261,0.2815
7129,GOh1052_A376Q,GOh1052,A376Q,-5.105,0.546,0.2815
7130,GOh1052_A376E,GOh1052,A376E,-6.156,0.505,0.2815
7131,GOh1052_A376G,GOh1052,A376G,-6.704,0.483,0.2815
7132,GOh1052_A376H,GOh1052,A376H,-7.237,0.462,0.2815
7133,GOh1052_A376I,GOh1052,A376I,-8.665,0.407,0.2815
7134,GOh1052_A376L,GOh1052,A376L,-6.938,0.474,0.2815
7135,GOh1052_A376K,GOh1052,A376K,-5.563,0.528,0.2815
7136,GOh1052_A376M,GOh1052,A376M,-7.429,0.455,0.2815
7137,GOh1052_A376F,GOh1052,A376F,-8.791,0.402,0.2815
7138,GOh1052_A376P,GOh1052,A376P,-11.696,0.288,0.2815
7139,GOh1052_A376S,GOh1052,A376S,-5.43,0.533026053669779,0.2815
7140,GOh1052_A376T,GOh1052,A376T,-6.642,0.486,0.2815
7141,GOh1052_A376W,GOh1052,A376W,-8.603,0.409,0.2815
7142,GOh1052_A376Y,GOh1052,A376Y,-7.445,0.454,0.2815
7143,GOh1052_A376V,GOh1052,A376V,-7.3,0.459982031951877,0.2815
7144,GOh1052_M377A,GOh1052,M377A,-7.682,0.445,0.0245
7145,GOh1052_M377R,GOh1052,M377R,-14.011,0.198,0.0245
7146,GOh1052_M377N,GOh1052,M377N,-11.428,0.299,0.0245
7147,GOh1052_M377D,GOh1052,M377D,-12.332,0.263,0.0245
7148,GOh1052_M377C,GOh1052,M377C,-11.94,0.278739111753447,0.0245
7149,GOh1052_M377Q,GOh1052,M377Q,-7.324,0.459,0.0245
7150,GOh1052_M377E,GOh1052,M377E,-9.242,0.384,0.0245
7151,GOh1052_M377G,GOh1052,M377G,-12.045,0.275,0.0245
7152,GOh1052_M377H,GOh1052,M377H,-13.103,0.233,0.0245
7153,GOh1052_M377I,GOh1052,M377I,-9.635,0.369,0.0245
7154,GOh1052_M377L,GOh1052,M377L,-8.374,0.418,0.0245
7155,GOh1052_M377K,GOh1052,M377K,-13.136,0.232,0.0245
7156,GOh1052_M377F,GOh1052,M377F,-10.852,0.321,0.0245
7157,GOh1052_M377P,GOh1052,M377P,-12.706,0.249,0.0245
7158,GOh1052_M377S,GOh1052,M377S,-9.844,0.361,0.0245
7159,GOh1052_M377T,GOh1052,M377T,-8.724,0.404,0.0245
7160,GOh1052_M377W,GOh1052,M377W,-14.018,0.198,0.0245
7161,GOh1052_M377Y,GOh1052,M377Y,-13.593,0.214,0.0245
7162,GOh1052_M377V,GOh1052,M377V,-9.545,0.372,0.0245
7163,GOh1052_N378A,GOh1052,N378A,-10.243,0.345,0.0188
7164,GOh1052_N378R,GOh1052,N378R,-11.742,0.286,0.0188
7165,GOh1052_N378D,GOh1052,N378D,-8.979,0.394,0.0188
7166,GOh1052_N378C,GOh1052,N378C,-13.908,0.202,0.0188
7167,GOh1052_N378Q,GOh1052,N378Q,-7.818,0.440,0.0188
7168,GOh1052_N378E,GOh1052,N378E,-10.449,0.337,0.0188
7169,GOh1052_N378G,GOh1052,N378G,-11.792,0.285,0.0188
7170,GOh1052_N378H,GOh1052,N378H,-7.611,0.448,0.0188
7171,GOh1052_N378I,GOh1052,N378I,-11.395,0.300,0.0188
7172,GOh1052_N378L,GOh1052,N378L,-9.886,0.359,0.0188
7173,GOh1052_N378K,GOh1052,N378K,-11.837,0.283,0.0188
7174,GOh1052_N378M,GOh1052,N378M,-10.627,0.330,0.0188
7175,GOh1052_N378F,GOh1052,N378F,-12.841,0.244,0.0188
7176,GOh1052_N378P,GOh1052,N378P,-14.63,0.173665091207375,0.0188
7177,GOh1052_N378S,GOh1052,N378S,-8.979,0.394,0.0188
7178,GOh1052_N378T,GOh1052,N378T,-10.334,0.341,0.0188
7179,GOh1052_N378W,GOh1052,N378W,-13.252,0.227,0.0188
7180,GOh1052_N378Y,GOh1052,N378Y,-11.452,0.298,0.0188
7181,GOh1052_N378V,GOh1052,N378V,-11.246,0.306,0.0188
7182,GOh1052_W379A,GOh1052,W379A,-12.246,0.267,0.0115
7183,GOh1052_W379R,GOh1052,W379R,-7.967,0.434,0.0115
7184,GOh1052_W379N,GOh1052,W379N,-12.189,0.269,0.0115
7185,GOh1052_W379D,GOh1052,W379D,-13.813,0.206,0.0115
7186,GOh1052_W379C,GOh1052,W379C,-14.315,0.186,0.0115
7187,GOh1052_W379Q,GOh1052,W379Q,-10.988,0.316,0.0115
7188,GOh1052_W379E,GOh1052,W379E,-12.178,0.269,0.0115
7189,GOh1052_W379G,GOh1052,W379G,-13.82,0.205304480293739,0.0115
7190,GOh1052_W379H,GOh1052,W379H,-11.854,0.282,0.0115
7191,GOh1052_W379I,GOh1052,W379I,-11.567,0.293,0.0115
7192,GOh1052_W379L,GOh1052,W379L,-9.798,0.362,0.0115
7193,GOh1052_W379K,GOh1052,W379K,-10.499,0.335,0.0115
7194,GOh1052_W379M,GOh1052,W379M,-10.491,0.335,0.0115
7195,GOh1052_W379F,GOh1052,W379F,-9.903,0.358,0.0115
7196,GOh1052_W379P,GOh1052,W379P,-15.795,0.128,0.0115
7197,GOh1052_W379S,GOh1052,W379S,-11.057,0.313,0.0115
7198,GOh1052_W379T,GOh1052,W379T,-10.886,0.320,0.0115
7199,GOh1052_W379Y,GOh1052,W379Y,-8.521,0.412,0.0115
7200,GOh1052_W379V,GOh1052,W379V,-11.84,0.282645209171517,0.0115
7201,GOh1052_Y380A,GOh1052,Y380A,-13.691,0.210,0.0206
7202,GOh1052_Y380R,GOh1052,Y380R,-14.554,0.177,0.0206
7203,GOh1052_Y380N,GOh1052,Y380N,-12.252,0.267,0.0206
7204,GOh1052_Y380D,GOh1052,Y380D,-14.348,0.185,0.0206
7205,GOh1052_Y380C,GOh1052,Y380C,-12.804,0.245,0.0206
7206,GOh1052_Y380Q,GOh1052,Y380Q,-14.107,0.194,0.0206
7207,GOh1052_Y380E,GOh1052,Y380E,-15.848,0.126,0.0206
7208,GOh1052_Y380G,GOh1052,Y380G,-15.973,0.121,0.0206
7209,GOh1052_Y380H,GOh1052,Y380H,-9.927,0.357,0.0206
7210,GOh1052_Y380I,GOh1052,Y380I,-8.694,0.406,0.0206
7211,GOh1052_Y380L,GOh1052,Y380L,-9.353,0.380,0.0206
7212,GOh1052_Y380K,GOh1052,Y380K,-15.999,0.120,0.0206
7213,GOh1052_Y380M,GOh1052,Y380M,-11.218,0.307,0.0206
7214,GOh1052_Y380F,GOh1052,Y380F,-6.614,0.487,0.0206
7215,GOh1052_Y380P,GOh1052,Y380P,-15.898,0.124,0.0206
7216,GOh1052_Y380S,GOh1052,Y380S,-12.512,0.256,0.0206
7217,GOh1052_Y380T,GOh1052,Y380T,-11.263,0.305,0.0206
7218,GOh1052_Y380W,GOh1052,Y380W,-10.512,0.335,0.0206
7219,GOh1052_Y380V,GOh1052,Y380V,-11.202,0.308,0.0206
7220,GOh1052_Y381A,GOh1052,Y381A,-6.181,0.504,0.7474
7221,GOh1052_Y381R,GOh1052,Y381R,-6.236,0.502,0.7474
7222,GOh1052_Y381N,GOh1052,Y381N,-4.082,0.586,0.7474
7223,GOh1052_Y381D,GOh1052,Y381D,-4.705,0.561,0.7474
7224,GOh1052_Y381C,GOh1052,Y381C,-11.118,0.311,0.7474
7225,GOh1052_Y381Q,GOh1052,Y381Q,-6.41,0.494746298972696,0.7474
7226,GOh1052_Y381E,GOh1052,Y381E,-6.942,0.474,0.7474
7227,GOh1052_Y381G,GOh1052,Y381G,-3.731,0.599,0.7474
7228,GOh1052_Y381H,GOh1052,Y381H,-4.797,0.558,0.7474
7229,GOh1052_Y381I,GOh1052,Y381I,-9.753,0.364,0.7474
7230,GOh1052_Y381L,GOh1052,Y381L,-8.301,0.421,0.7474
7231,GOh1052_Y381K,GOh1052,Y381K,-5.684,0.523,0.7474
7232,GOh1052_Y381M,GOh1052,Y381M,-9.458,0.376,0.7474
7233,GOh1052_Y381F,GOh1052,Y381F,-6.289,0.499,0.7474
7234,GOh1052_Y381P,GOh1052,Y381P,-9.259,0.383,0.7474
7235,GOh1052_Y381S,GOh1052,Y381S,-3.742,0.599,0.7474
7236,GOh1052_Y381T,GOh1052,Y381T,-5.161,0.544,0.7474
7237,GOh1052_Y381W,GOh1052,Y381W,-5.4,0.534197882895199,0.7474
7238,GOh1052_Y381V,GOh1052,Y381V,-8.672,0.406,0.7474
7239,GOh1052_T382A,GOh1052,T382A,-5.887,0.515,0.109
7240,GOh1052_T382R,GOh1052,T382R,-10.564,0.332,0.109
7241,GOh1052_T382N,GOh1052,T382N,-8.315,0.420,0.109
7242,GOh1052_T382D,GOh1052,T382D,-9.552,0.372,0.109
7243,GOh1052_T382C,GOh1052,T382C,-11.549,0.294,0.109
7244,GOh1052_T382Q,GOh1052,T382Q,-9.177,0.387,0.109
7245,GOh1052_T382E,GOh1052,T382E,-9.315,0.381,0.109
7246,GOh1052_T382G,GOh1052,T382G,-9.51,0.373657279012539,0.109
7247,GOh1052_T382H,GOh1052,T382H,-9.728,0.365,0.109
7248,GOh1052_T382I,GOh1052,T382I,-7.478,0.453,0.109
7249,GOh1052_T382L,GOh1052,T382L,-7.831,0.439,0.109
7250,GOh1052_T382K,GOh1052,T382K,-9.655,0.368,0.109
7251,GOh1052_T382M,GOh1052,T382M,-8.883,0.398,0.109
7252,GOh1052_T382F,GOh1052,T382F,-9.344,0.380,0.109
7253,GOh1052_T382P,GOh1052,T382P,-7.343,0.458,0.109
7254,GOh1052_T382S,GOh1052,T382S,-6.974,0.473,0.109
7255,GOh1052_T382W,GOh1052,T382W,-10.286,0.343,0.109
7256,GOh1052_T382Y,GOh1052,T382Y,-7.903,0.436,0.109
7257,GOh1052_T382V,GOh1052,T382V,-5.694,0.523,0.109
7258,GOh1052_S383A,GOh1052,S383A,-4.118,0.584,1.8091
7259,GOh1052_S383R,GOh1052,S383R,-5.529,0.529,1.8091
7260,GOh1052_S383N,GOh1052,S383N,-0.563,0.723,1.8091
7261,GOh1052_S383D,GOh1052,S383D,-2.02,0.666223975625952,1.8091
7262,GOh1052_S383C,GOh1052,S383C,-10.49,0.335377524315456,1.8091
7263,GOh1052_S383Q,GOh1052,S383Q,-3.954,0.591,1.8091
7264,GOh1052_S383E,GOh1052,S383E,-3.703,0.600,1.8091
7265,GOh1052_S383G,GOh1052,S383G,-2.5,0.647474708019218,1.8091
7266,GOh1052_S383H,GOh1052,S383H,-6.225,0.502,1.8091
7267,GOh1052_S383I,GOh1052,S383I,-9.266,0.383,1.8091
7268,GOh1052_S383L,GOh1052,S383L,-6.627,0.486,1.8091
7269,GOh1052_S383K,GOh1052,S383K,-4.584,0.566,1.8091
7270,GOh1052_S383M,GOh1052,S383M,-8.424,0.416,1.8091
7271,GOh1052_S383F,GOh1052,S383F,-8.055,0.430,1.8091
7272,GOh1052_S383P,GOh1052,S383P,-8.768,0.403,1.8091
7273,GOh1052_S383T,GOh1052,S383T,-4.997,0.550,1.8091
7274,GOh1052_S383W,GOh1052,S383W,-8.023,0.432,1.8091
7275,GOh1052_S383Y,GOh1052,S383Y,-6.455,0.493,1.8091
7276,GOh1052_S383V,GOh1052,S383V,-8.137,0.427,1.8091
7277,GOh1052_G384A,GOh1052,G384A,-9.642,0.369,0.0111
7278,GOh1052_G384R,GOh1052,G384R,-10.52,0.334205695090036,0.0111
7279,GOh1052_G384N,GOh1052,G384N,-8.646,0.407,0.0111
7280,GOh1052_G384D,GOh1052,G384D,-8.899,0.398,0.0111
7281,GOh1052_G384C,GOh1052,G384C,-12.123,0.272,0.0111
7282,GOh1052_G384Q,GOh1052,G384Q,-10.741,0.326,0.0111
7283,GOh1052_G384E,GOh1052,G384E,-10.102,0.351,0.0111
7284,GOh1052_G384H,GOh1052,G384H,-12.444,0.259,0.0111
7285,GOh1052_G384I,GOh1052,G384I,-13.509,0.217,0.0111
7286,GOh1052_G384L,GOh1052,G384L,-11.696,0.288,0.0111
7287,GOh1052_G384K,GOh1052,G384K,-10.309,0.342,0.0111
7288,GOh1052_G384M,GOh1052,G384M,-13.229,0.228,0.0111
7289,GOh1052_G384F,GOh1052,G384F,-12.636,0.252,0.0111
7290,GOh1052_G384P,GOh1052,G384P,-11.052,0.313,0.0111
7291,GOh1052_G384S,GOh1052,G384S,-8.685,0.406,0.0111
7292,GOh1052_G384T,GOh1052,G384T,-10.781,0.324,0.0111
7293,GOh1052_G384W,GOh1052,G384W,-12.111,0.272,0.0111
7294,GOh1052_G384Y,GOh1052,G384Y,-12.415,0.260,0.0111
7295,GOh1052_G384V,GOh1052,G384V,-12.234,0.267,0.0111
7296,GOh1052_S385A,GOh1052,S385A,-4.894,0.554,0.9814
7297,GOh1052_S385R,GOh1052,S385R,-5.976,0.512,0.9814
7298,GOh1052_S385N,GOh1052,S385N,-2.114,0.663,0.9814
7299,GOh1052_S385D,GOh1052,S385D,-4.57,0.566618491465177,0.9814
7300,GOh1052_S385C,GOh1052,S385C,-11.821,0.283,0.9814
7301,GOh1052_S385Q,GOh1052,S385Q,-5.236,0.541,0.9814
7302,GOh1052_S385E,GOh1052,S385E,-5.799,0.519,0.9814
7303,GOh1052_S385G,GOh1052,S385G,-5.951,0.513,0.9814
7304,GOh1052_S385H,GOh1052,S385H,-7.686,0.445,0.9814
7305,GOh1052_S385I,GOh1052,S385I,-7.258,0.462,0.9814
7306,GOh1052_S385L,GOh1052,S385L,-6.589,0.488,0.9814
7307,GOh1052_S385K,GOh1052,S385K,-5.021,0.549,0.9814
7308,GOh1052_S385M,GOh1052,S385M,-8.107,0.428,0.9814
7309,GOh1052_S385F,GOh1052,S385F,-8.076,0.430,0.9814
7310,GOh1052_S385P,GOh1052,S385P,-6.53,0.490058982071013,0.9814
7311,GOh1052_S385T,GOh1052,S385T,-3.553,0.606,0.9814
7312,GOh1052_S385W,GOh1052,S385W,-9.059,0.391,0.9814
7313,GOh1052_S385Y,GOh1052,S385Y,-7.011,0.471,0.9814
7314,GOh1052_S385V,GOh1052,S385V,-6.441,0.494,0.9814
7315,GOh1052_G386A,GOh1052,G386A,-9.898,0.359,0.0067
7316,GOh1052_G386R,GOh1052,G386R,-11.58,0.292801062458498,0.0067
7317,GOh1052_G386N,GOh1052,G386N,-9.225,0.385,0.0067
7318,GOh1052_G386D,GOh1052,G386D,-9.772,0.363,0.0067
7319,GOh1052_G386C,GOh1052,G386C,-14.572,0.176,0.0067
7320,GOh1052_G386Q,GOh1052,G386Q,-11.294,0.304,0.0067
7321,GOh1052_G386E,GOh1052,G386E,-11.196,0.308,0.0067
7322,GOh1052_G386H,GOh1052,G386H,-12.975,0.238,0.0067
7323,GOh1052_G386I,GOh1052,G386I,-13.049,0.235,0.0067
7324,GOh1052_G386L,GOh1052,G386L,-12.012,0.276,0.0067
7325,GOh1052_G386K,GOh1052,G386K,-11.212,0.307,0.0067
7326,GOh1052_G386M,GOh1052,G386M,-13.566,0.215,0.0067
7327,GOh1052_G386F,GOh1052,G386F,-12.602,0.253,0.0067
7328,GOh1052_G386P,GOh1052,G386P,-11.101,0.312,0.0067
7329,GOh1052_G386S,GOh1052,G386S,-9.246,0.384,0.0067
7330,GOh1052_G386T,GOh1052,G386T,-10.58,0.331862036639194,0.0067
7331,GOh1052_G386W,GOh1052,G386W,-12.578,0.254,0.0067
7332,GOh1052_G386Y,GOh1052,G386Y,-12.771,0.246,0.0067
7333,GOh1052_G386V,GOh1052,G386V,-12.103,0.272,0.0067
7334,GOh1052_D387A,GOh1052,D387A,-2.37,0.652552634662708,1.9215
7335,GOh1052_D387R,GOh1052,D387R,-6.14,0.505292762001484,1.9215
7336,GOh1052_D387N,GOh1052,D387N,-3.304,0.616,1.9215
7337,GOh1052_D387C,GOh1052,D387C,-9.254,0.384,1.9215
7338,GOh1052_D387Q,GOh1052,D387Q,-4.562,0.567,1.9215
7339,GOh1052_D387E,GOh1052,D387E,-4.501,0.569,1.9215
7340,GOh1052_D387G,GOh1052,D387G,-2.046,0.665,1.9215
7341,GOh1052_D387H,GOh1052,D387H,-7.351,0.458,1.9215
7342,GOh1052_D387I,GOh1052,D387I,-5.952,0.513,1.9215
7343,GOh1052_D387L,GOh1052,D387L,-5.917,0.514,1.9215
7344,GOh1052_D387K,GOh1052,D387K,-5.052,0.548,1.9215
7345,GOh1052_D387M,GOh1052,D387M,-7.589,0.449,1.9215
7346,GOh1052_D387F,GOh1052,D387F,-7.14,0.466231787820788,1.9215
7347,GOh1052_D387P,GOh1052,D387P,-6.001,0.511,1.9215
7348,GOh1052_D387S,GOh1052,D387S,-1.308,0.694,1.9215
7349,GOh1052_D387T,GOh1052,D387T,-3.441,0.611,1.9215
7350,GOh1052_D387W,GOh1052,D387W,-7.978,0.433,1.9215
7351,GOh1052_D387Y,GOh1052,D387Y,-6.377,0.496,1.9215
7352,GOh1052_D387V,GOh1052,D387V,-3.788,0.597,1.9215
7353,GOh1052_V388A,GOh1052,V388A,-6.967,0.473,0.1753
7354,GOh1052_V388R,GOh1052,V388R,-9.143,0.388,0.1753
7355,GOh1052_V388N,GOh1052,V388N,-7.272,0.461,0.1753
7356,GOh1052_V388D,GOh1052,V388D,-9.476,0.375,0.1753
7357,GOh1052_V388C,GOh1052,V388C,-10.494,0.335,0.1753
7358,GOh1052_V388Q,GOh1052,V388Q,-8.354,0.419,0.1753
7359,GOh1052_V388E,GOh1052,V388E,-9.129,0.389,0.1753
7360,GOh1052_V388G,GOh1052,V388G,-8.736,0.404,0.1753
7361,GOh1052_V388H,GOh1052,V388H,-8.81,0.400999960939026,0.1753
7362,GOh1052_V388I,GOh1052,V388I,-4.78,0.558415686887231,0.1753
7363,GOh1052_V388L,GOh1052,V388L,-7.294,0.460,0.1753
7364,GOh1052_V388K,GOh1052,V388K,-8.584,0.410,0.1753
7365,GOh1052_V388M,GOh1052,V388M,-8.321,0.420,0.1753
7366,GOh1052_V388F,GOh1052,V388F,-7.949,0.435,0.1753
7367,GOh1052_V388P,GOh1052,V388P,-10.076,0.352,0.1753
7368,GOh1052_V388S,GOh1052,V388S,-6.097,0.507,0.1753
7369,GOh1052_V388T,GOh1052,V388T,-5.906,0.514,0.1753
7370,GOh1052_V388W,GOh1052,V388W,-7.968,0.434,0.1753
7371,GOh1052_V388Y,GOh1052,V388Y,-8.485,0.414,0.1753
7372,GOh1052_K389A,GOh1052,K389A,-3.002,0.628,2.3908
7373,GOh1052_K389R,GOh1052,K389R,-2.793,0.636,2.3908
7374,GOh1052_K389N,GOh1052,K389N,-3.499,0.608,2.3908
7375,GOh1052_K389D,GOh1052,K389D,-4.243,0.579,2.3908
7376,GOh1052_K389C,GOh1052,K389C,-9.052,0.392,2.3908
7377,GOh1052_K389Q,GOh1052,K389Q,-2.82,0.634975196281395,2.3908
7378,GOh1052_K389E,GOh1052,K389E,-4.011,0.588,2.3908
7379,GOh1052_K389G,GOh1052,K389G,-4.578,0.566,2.3908
7380,GOh1052_K389H,GOh1052,K389H,-4.339,0.576,2.3908
7381,GOh1052_K389I,GOh1052,K389I,-2.976,0.629,2.3908
7382,GOh1052_K389L,GOh1052,K389L,-4.107,0.585,2.3908
7383,GOh1052_K389M,GOh1052,K389M,-5.612,0.526,2.3908
7384,GOh1052_K389F,GOh1052,K389F,-4.796,0.558,2.3908
7385,GOh1052_K389P,GOh1052,K389P,-8.091,0.429,2.3908
7386,GOh1052_K389S,GOh1052,K389S,-2.39,0.651771415179095,2.3908
7387,GOh1052_K389T,GOh1052,K389T,-0.319,0.733,2.3908
7388,GOh1052_K389W,GOh1052,K389W,-5.884,0.515,2.3908
7389,GOh1052_K389Y,GOh1052,K389Y,-4.13,0.583805320104683,2.3908
7390,GOh1052_K389V,GOh1052,K389V,-2.154,0.661,2.3908
7391,GOh1052_S390A,GOh1052,S390A,-4.966,0.551,0.3513
7392,GOh1052_S390R,GOh1052,S390R,-8.412,0.417,0.3513
7393,GOh1052_S390N,GOh1052,S390N,-5.169,0.543,0.3513
7394,GOh1052_S390D,GOh1052,S390D,-6.048,0.509,0.3513
7395,GOh1052_S390C,GOh1052,S390C,-11.146,0.310,0.3513
7396,GOh1052_S390Q,GOh1052,S390Q,-6.661,0.485,0.3513
7397,GOh1052_S390E,GOh1052,S390E,-6.691,0.484,0.3513
7398,GOh1052_S390G,GOh1052,S390G,-6.937,0.474,0.3513
7399,GOh1052_S390H,GOh1052,S390H,-7.819,0.440,0.3513
7400,GOh1052_S390I,GOh1052,S390I,-8.254,0.423,0.3513
7401,GOh1052_S390L,GOh1052,S390L,-6.988,0.472,0.3513
7402,GOh1052_S390K,GOh1052,S390K,-7.68,0.445138861763212,0.3513
7403,GOh1052_S390M,GOh1052,S390M,-8.885,0.398,0.3513
7404,GOh1052_S390F,GOh1052,S390F,-6.752,0.481,0.3513
7405,GOh1052_S390P,GOh1052,S390P,-5.043,0.548,0.3513
7406,GOh1052_S390T,GOh1052,S390T,-4.997,0.550,0.3513
7407,GOh1052_S390W,GOh1052,S390W,-8.567,0.410,0.3513
7408,GOh1052_S390Y,GOh1052,S390Y,-6.31,0.498652396390766,0.3513
7409,GOh1052_S390V,GOh1052,S390V,-7.045,0.470,0.3513
7410,GOh1052_A391R,GOh1052,A391R,-8.824,0.400,0.0729
7411,GOh1052_A391N,GOh1052,A391N,-9.588,0.371,0.0729
7412,GOh1052_A391D,GOh1052,A391D,-9.573,0.371,0.0729
7413,GOh1052_A391C,GOh1052,A391C,-11.124,0.311,0.0729
7414,GOh1052_A391Q,GOh1052,A391Q,-9.008,0.393,0.0729
7415,GOh1052_A391E,GOh1052,A391E,-9.669,0.367,0.0729
7416,GOh1052_A391G,GOh1052,A391G,-8.168,0.426,0.0729
7417,GOh1052_A391H,GOh1052,A391H,-10.204,0.347,0.0729
7418,GOh1052_A391I,GOh1052,A391I,-8.331,0.420,0.0729
7419,GOh1052_A391L,GOh1052,A391L,-8.582,0.410,0.0729
7420,GOh1052_A391K,GOh1052,A391K,-9.395,0.378,0.0729
7421,GOh1052_A391M,GOh1052,A391M,-9.263,0.383,0.0729
7422,GOh1052_A391F,GOh1052,A391F,-9.953,0.356,0.0729
7423,GOh1052_A391P,GOh1052,A391P,-7.889,0.437,0.0729
7424,GOh1052_A391S,GOh1052,A391S,-6.98,0.4724815436897,0.0729
7425,GOh1052_A391T,GOh1052,A391T,-6.796,0.480,0.0729
7426,GOh1052_A391W,GOh1052,A391W,-11.243,0.306,0.0729
7427,GOh1052_A391Y,GOh1052,A391Y,-9.912,0.358,0.0729
7428,GOh1052_A391V,GOh1052,A391V,-6.076,0.508,0.0729
7429,GOh1052_G392A,GOh1052,G392A,-7.411,0.456,0.0381
7430,GOh1052_G392R,GOh1052,G392R,-10.421,0.338,0.0381
7431,GOh1052_G392N,GOh1052,G392N,-7.795,0.441,0.0381
7432,GOh1052_G392D,GOh1052,G392D,-8.341,0.419,0.0381
7433,GOh1052_G392C,GOh1052,G392C,-12.783,0.246,0.0381
7434,GOh1052_G392Q,GOh1052,G392Q,-9.172,0.387,0.0381
7435,GOh1052_G392E,GOh1052,G392E,-9.238,0.384,0.0381
7436,GOh1052_G392H,GOh1052,G392H,-10.973,0.317,0.0381
7437,GOh1052_G392I,GOh1052,G392I,-10.761,0.325,0.0381
7438,GOh1052_G392L,GOh1052,G392L,-9.907,0.358,0.0381
7439,GOh1052_G392K,GOh1052,G392K,-9.65,0.368188742627241,0.0381
7440,GOh1052_G392M,GOh1052,G392M,-11.012,0.315,0.0381
7441,GOh1052_G392F,GOh1052,G392F,-10.966,0.317,0.0381
7442,GOh1052_G392P,GOh1052,G392P,-8.756,0.403,0.0381
7443,GOh1052_G392S,GOh1052,G392S,-7.291,0.460,0.0381
7444,GOh1052_G392T,GOh1052,G392T,-8.224,0.424,0.0381
7445,GOh1052_G392W,GOh1052,G392W,-10.961,0.317,0.0381
7446,GOh1052_G392Y,GOh1052,G392Y,-10.387,0.339,0.0381
7447,GOh1052_G392V,GOh1052,G392V,-9.467,0.375,0.0381
7448,GOh1052_K393A,GOh1052,K393A,-0.978,0.707,2.8211
7449,GOh1052_K393R,GOh1052,K393R,-4.023,0.588,2.8211
7450,GOh1052_K393N,GOh1052,K393N,-1.416,0.690,2.8211
7451,GOh1052_K393D,GOh1052,K393D,-2.654,0.641,2.8211
7452,GOh1052_K393C,GOh1052,K393C,-7.071,0.469,2.8211
7453,GOh1052_K393Q,GOh1052,K393Q,-2.872,0.633,2.8211
7454,GOh1052_K393E,GOh1052,K393E,-3.716,0.600,2.8211
7455,GOh1052_K393G,GOh1052,K393G,-3.43,0.611148002031171,2.8211
7456,GOh1052_K393H,GOh1052,K393H,-5.675,0.523,2.8211
7457,GOh1052_K393I,GOh1052,K393I,-2.7,0.639662513183079,2.8211
7458,GOh1052_K393L,GOh1052,K393L,-3.112,0.624,2.8211
7459,GOh1052_K393M,GOh1052,K393M,-4.506,0.569,2.8211
7460,GOh1052_K393F,GOh1052,K393F,-4.555,0.567,2.8211
7461,GOh1052_K393P,GOh1052,K393P,-3.787,0.597,2.8211
7462,GOh1052_K393S,GOh1052,K393S,0.336,0.758,2.8211
7463,GOh1052_K393T,GOh1052,K393T,-0.351,0.731,2.8211
7464,GOh1052_K393W,GOh1052,K393W,-5.267,0.539,2.8211
7465,GOh1052_K393Y,GOh1052,K393Y,-3.623,0.604,2.8211
7466,GOh1052_K393V,GOh1052,K393V,-1.422,0.690,2.8211
7467,GOh1052_R394A,GOh1052,R394A,-3.293,0.616,1.5668
7468,GOh1052_R394N,GOh1052,R394N,-4.776,0.559,1.5668
7469,GOh1052_R394D,GOh1052,R394D,-5.435,0.533,1.5668
7470,GOh1052_R394C,GOh1052,R394C,-6.892,0.476,1.5668
7471,GOh1052_R394Q,GOh1052,R394Q,-5.002,0.550,1.5668
7472,GOh1052_R394E,GOh1052,R394E,-6.78,0.480293738525839,1.5668
7473,GOh1052_R394G,GOh1052,R394G,-5.286,0.539,1.5668
7474,GOh1052_R394H,GOh1052,R394H,-6.039,0.509,1.5668
7475,GOh1052_R394I,GOh1052,R394I,-3.941,0.591,1.5668
7476,GOh1052_R394L,GOh1052,R394L,-3.903,0.593,1.5668
7477,GOh1052_R394K,GOh1052,R394K,-4.953,0.552,1.5668
7478,GOh1052_R394M,GOh1052,R394M,-5.356,0.536,1.5668
7479,GOh1052_R394F,GOh1052,R394F,-5.619,0.526,1.5668
7480,GOh1052_R394P,GOh1052,R394P,-5.988,0.511,1.5668
7481,GOh1052_R394S,GOh1052,R394S,-2.927,0.631,1.5668
7482,GOh1052_R394T,GOh1052,R394T,-3.322,0.615,1.5668
7483,GOh1052_R394W,GOh1052,R394W,-4.909,0.553,1.5668
7484,GOh1052_R394Y,GOh1052,R394Y,-5.461,0.532,1.5668
7485,GOh1052_R394V,GOh1052,R394V,-2.49,0.647865317761025,1.5668
7486,GOh1052_Q395A,GOh1052,Q395A,-1.105,0.702,2.9524
7487,GOh1052_Q395R,GOh1052,Q395R,-5.228,0.541,2.9524
7488,GOh1052_Q395N,GOh1052,Q395N,-0.889,0.710,2.9524
7489,GOh1052_Q395D,GOh1052,Q395D,-0.222,0.736,2.9524
7490,GOh1052_Q395C,GOh1052,Q395C,-7.482,0.453,2.9524
7491,GOh1052_Q395E,GOh1052,Q395E,-2.647,0.642,2.9524
7492,GOh1052_Q395G,GOh1052,Q395G,-1.77,0.675989219171126,2.9524
7493,GOh1052_Q395H,GOh1052,Q395H,-5.116,0.545,2.9524
7494,GOh1052_Q395I,GOh1052,Q395I,-2.379,0.652,2.9524
7495,GOh1052_Q395L,GOh1052,Q395L,-2.941,0.630,2.9524
7496,GOh1052_Q395K,GOh1052,Q395K,-4.055,0.587,2.9524
7497,GOh1052_Q395M,GOh1052,Q395M,-4.447,0.571,2.9524
7498,GOh1052_Q395F,GOh1052,Q395F,-4.556,0.567,2.9524
7499,GOh1052_Q395P,GOh1052,Q395P,-2.418,0.651,2.9524
7500,GOh1052_Q395S,GOh1052,Q395S,-0.538,0.724,2.9524
7501,GOh1052_Q395T,GOh1052,Q395T,0.648,0.770,2.9524
7502,GOh1052_Q395W,GOh1052,Q395W,-5.547,0.528,2.9524
7503,GOh1052_Q395Y,GOh1052,Q395Y,-4.047,0.587,2.9524
7504,GOh1052_Q395V,GOh1052,Q395V,-1.725,0.678,2.9524
7505,GOh1052_S396A,GOh1052,S396A,-2.568,0.645,1.4508
7506,GOh1052_S396R,GOh1052,S396R,-7.495,0.452,1.4508
7507,GOh1052_S396N,GOh1052,S396N,-3.928,0.592,1.4508
7508,GOh1052_S396D,GOh1052,S396D,-3.923,0.592,1.4508
7509,GOh1052_S396C,GOh1052,S396C,-10.444,0.337,1.4508
7510,GOh1052_S396Q,GOh1052,S396Q,-4.975,0.551,1.4508
7511,GOh1052_S396E,GOh1052,S396E,-4.999,0.550,1.4508
7512,GOh1052_S396G,GOh1052,S396G,-2.055,0.665,1.4508
7513,GOh1052_S396H,GOh1052,S396H,-7.808,0.440,1.4508
7514,GOh1052_S396I,GOh1052,S396I,-5.613,0.526,1.4508
7515,GOh1052_S396L,GOh1052,S396L,-5.422,0.533,1.4508
7516,GOh1052_S396K,GOh1052,S396K,-6.046,0.509,1.4508
7517,GOh1052_S396M,GOh1052,S396M,-7.184,0.465,1.4508
7518,GOh1052_S396F,GOh1052,S396F,-6.952,0.474,1.4508
7519,GOh1052_S396P,GOh1052,S396P,-4.616,0.565,1.4508
7520,GOh1052_S396T,GOh1052,S396T,-3.618,0.604,1.4508
7521,GOh1052_S396W,GOh1052,S396W,-7.845,0.439,1.4508
7522,GOh1052_S396Y,GOh1052,S396Y,-6.474,0.492,1.4508
7523,GOh1052_S396V,GOh1052,S396V,-4.673,0.563,1.4508
7524,GOh1052_N397A,GOh1052,N397A,-3.062,0.626,2.2511
7525,GOh1052_N397R,GOh1052,N397R,-5.03,0.548650443342057,2.2511
7526,GOh1052_N397D,GOh1052,N397D,-4.014,0.588,2.2511
7527,GOh1052_N397C,GOh1052,N397C,-9.537,0.373,2.2511
7528,GOh1052_N397Q,GOh1052,N397Q,-3.587,0.605,2.2511
7529,GOh1052_N397E,GOh1052,N397E,-4.473,0.570,2.2511
7530,GOh1052_N397G,GOh1052,N397G,-2.821,0.635,2.2511
7531,GOh1052_N397H,GOh1052,N397H,-6.558,0.489,2.2511
7532,GOh1052_N397I,GOh1052,N397I,-3.711,0.600,2.2511
7533,GOh1052_N397L,GOh1052,N397L,-2.396,0.652,2.2511
7534,GOh1052_N397K,GOh1052,N397K,-3.838,0.595,2.2511
7535,GOh1052_N397M,GOh1052,N397M,-4.563,0.567,2.2511
7536,GOh1052_N397F,GOh1052,N397F,-5.335,0.537,2.2511
7537,GOh1052_N397P,GOh1052,N397P,-2.944,0.630,2.2511
7538,GOh1052_N397S,GOh1052,N397S,-3.168,0.621,2.2511
7539,GOh1052_N397T,GOh1052,N397T,-2.352,0.653,2.2511
7540,GOh1052_N397W,GOh1052,N397W,-6.693,0.484,2.2511
7541,GOh1052_N397Y,GOh1052,N397Y,-5.129,0.545,2.2511
7542,GOh1052_N397V,GOh1052,N397V,-3.007,0.628,2.2511
7543,GOh1052_R398A,GOh1052,R398A,-5.978,0.512,0.3036
7544,GOh1052_R398N,GOh1052,R398N,-6.485,0.492,0.3036
7545,GOh1052_R398D,GOh1052,R398D,-6.717,0.483,0.3036
7546,GOh1052_R398C,GOh1052,R398C,-11.09,0.311940939807039,0.3036
7547,GOh1052_R398Q,GOh1052,R398Q,-6.239,0.501,0.3036
7548,GOh1052_R398E,GOh1052,R398E,-6.621,0.487,0.3036
7549,GOh1052_R398G,GOh1052,R398G,-6.358,0.497,0.3036
7550,GOh1052_R398H,GOh1052,R398H,-8.008,0.432,0.3036
7551,GOh1052_R398I,GOh1052,R398I,-5.997,0.511,0.3036
7552,GOh1052_R398L,GOh1052,R398L,-6.826,0.478,0.3036
7553,GOh1052_R398K,GOh1052,R398K,-5.725,0.522,0.3036
7554,GOh1052_R398M,GOh1052,R398M,-8.135,0.427,0.3036
7555,GOh1052_R398F,GOh1052,R398F,-8.427,0.416,0.3036
7556,GOh1052_R398P,GOh1052,R398P,-5.759,0.520,0.3036
7557,GOh1052_R398S,GOh1052,R398S,-6.339,0.498,0.3036
7558,GOh1052_R398T,GOh1052,R398T,-5.933,0.513,0.3036
7559,GOh1052_R398W,GOh1052,R398W,-9.017,0.393,0.3036
7560,GOh1052_R398Y,GOh1052,R398Y,-8.214,0.424,0.3036
7561,GOh1052_R398V,GOh1052,R398V,-5.405,0.534,0.3036
7562,GOh1052_G399A,GOh1052,G399A,-6.313,0.499,0.1216
7563,GOh1052_G399R,GOh1052,G399R,-8.485,0.414,0.1216
7564,GOh1052_G399N,GOh1052,G399N,-6.234,0.502,0.1216
7565,GOh1052_G399D,GOh1052,G399D,-6.391,0.495,0.1216
7566,GOh1052_G399C,GOh1052,G399C,-12.199,0.269,0.1216
7567,GOh1052_G399Q,GOh1052,G399Q,-8.094,0.429,0.1216
7568,GOh1052_G399E,GOh1052,G399E,-8.271,0.422,0.1216
7569,GOh1052_G399H,GOh1052,G399H,-10.096,0.351,0.1216
7570,GOh1052_G399I,GOh1052,G399I,-9.259,0.383,0.1216
7571,GOh1052_G399L,GOh1052,G399L,-8.935,0.396,0.1216
7572,GOh1052_G399K,GOh1052,G399K,-8.55,0.411155814226007,0.1216
7573,GOh1052_G399M,GOh1052,G399M,-9.895,0.359,0.1216
7574,GOh1052_G399F,GOh1052,G399F,-9.855,0.360,0.1216
7575,GOh1052_G399P,GOh1052,G399P,-7.357,0.458,0.1216
7576,GOh1052_G399S,GOh1052,G399S,-6.104,0.507,0.1216
7577,GOh1052_G399T,GOh1052,G399T,-6.916,0.475,0.1216
7578,GOh1052_G399W,GOh1052,G399W,-9.807,0.362,0.1216
7579,GOh1052_G399Y,GOh1052,G399Y,-9.362,0.379,0.1216
7580,GOh1052_G399V,GOh1052,G399V,-8.533,0.412,0.1216
7581,GOh1052_V400A,GOh1052,V400A,-2.391,0.652,2.4484
7582,GOh1052_V400R,GOh1052,V400R,-5.157,0.544,2.4484
7583,GOh1052_V400N,GOh1052,V400N,-2.619,0.643,2.4484
7584,GOh1052_V400D,GOh1052,V400D,-2.031,0.666,2.4484
7585,GOh1052_V400C,GOh1052,V400C,-10.466,0.336,2.4484
7586,GOh1052_V400Q,GOh1052,V400Q,-3.765,0.598,2.4484
7587,GOh1052_V400E,GOh1052,V400E,-3.684,0.601,2.4484
7588,GOh1052_V400G,GOh1052,V400G,-3.459,0.610,2.4484
7589,GOh1052_V400H,GOh1052,V400H,-6.333,0.498,2.4484
7590,GOh1052_V400I,GOh1052,V400I,-4.373,0.574,2.4484
7591,GOh1052_V400L,GOh1052,V400L,-4.034,0.588,2.4484
7592,GOh1052_V400K,GOh1052,V400K,-4.603,0.565,2.4484
7593,GOh1052_V400M,GOh1052,V400M,-5.455,0.532,2.4484
7594,GOh1052_V400F,GOh1052,V400F,-5.265,0.539,2.4484
7595,GOh1052_V400P,GOh1052,V400P,-2.333,0.654,2.4484
7596,GOh1052_V400S,GOh1052,V400S,-2.163,0.661,2.4484
7597,GOh1052_V400T,GOh1052,V400T,-2.358,0.653,2.4484
7598,GOh1052_V400W,GOh1052,V400W,-5.602,0.526,2.4484
7599,GOh1052_V400Y,GOh1052,V400Y,-4.696,0.562,2.4484
7600,GOh1052_A401R,GOh1052,A401R,-6.619,0.487,1.5815
7601,GOh1052_A401N,GOh1052,A401N,-3.059,0.626,1.5815
7602,GOh1052_A401D,GOh1052,A401D,0.248,0.755,1.5815
7603,GOh1052_A401C,GOh1052,A401C,-10.276,0.344,1.5815
7604,GOh1052_A401Q,GOh1052,A401Q,-4.435,0.572,1.5815
7605,GOh1052_A401E,GOh1052,A401E,-3.421,0.611,1.5815
7606,GOh1052_A401G,GOh1052,A401G,-4.523,0.568,1.5815
7607,GOh1052_A401H,GOh1052,A401H,-6.506,0.491,1.5815
7608,GOh1052_A401I,GOh1052,A401I,-5.728,0.521,1.5815
7609,GOh1052_A401L,GOh1052,A401L,-5.932,0.513,1.5815
7610,GOh1052_A401K,GOh1052,A401K,-5.724,0.522,1.5815
7611,GOh1052_A401M,GOh1052,A401M,-6.77,0.480684348267646,1.5815
7612,GOh1052_A401F,GOh1052,A401F,-6.823,0.479,1.5815
7613,GOh1052_A401P,GOh1052,A401P,-5.159,0.544,1.5815
7614,GOh1052_A401S,GOh1052,A401S,-3.337,0.615,1.5815
7615,GOh1052_A401T,GOh1052,A401T,-3.533,0.607,1.5815
7616,GOh1052_A401W,GOh1052,A401W,-6.982,0.472,1.5815
7617,GOh1052_A401Y,GOh1052,A401Y,-5.619,0.526,1.5815
7618,GOh1052_A401V,GOh1052,A401V,-4.348,0.575,1.5815
7619,GOh1052_P402A,GOh1052,P402A,-5.092,0.546,0.3
7620,GOh1052_P402R,GOh1052,P402R,-6.563,0.489,0.3
7621,GOh1052_P402N,GOh1052,P402N,-5.283,0.539,0.3
7622,GOh1052_P402D,GOh1052,P402D,-6.554,0.489,0.3
7623,GOh1052_P402C,GOh1052,P402C,-12.709,0.249,0.3
7624,GOh1052_P402Q,GOh1052,P402Q,-6.639,0.486,0.3
7625,GOh1052_P402E,GOh1052,P402E,-7.103,0.468,0.3
7626,GOh1052_P402G,GOh1052,P402G,-6.146,0.505,0.3
7627,GOh1052_P402H,GOh1052,P402H,-7.397,0.456,0.3
7628,GOh1052_P402I,GOh1052,P402I,-8.382,0.418,0.3
7629,GOh1052_P402L,GOh1052,P402L,-6.843,0.478,0.3
7630,GOh1052_P402K,GOh1052,P402K,-6.282,0.500,0.3
7631,GOh1052_P402M,GOh1052,P402M,-8.733,0.404,0.3
7632,GOh1052_P402F,GOh1052,P402F,-8.665,0.407,0.3
7633,GOh1052_P402S,GOh1052,P402S,-5.621,0.526,0.3
7634,GOh1052_P402T,GOh1052,P402T,-5.685,0.523,0.3
7635,GOh1052_P402W,GOh1052,P402W,-8.747,0.403,0.3
7636,GOh1052_P402Y,GOh1052,P402Y,-7.613,0.448,0.3
7637,GOh1052_P402V,GOh1052,P402V,-7.207,0.464,0.3
7638,GOh1052_D403A,GOh1052,D403A,-9.476,0.375,0.0287
7639,GOh1052_D403R,GOh1052,D403R,-11.807,0.284,0.0287
7640,GOh1052_D403N,GOh1052,D403N,-7.783,0.441,0.0287
7641,GOh1052_D403C,GOh1052,D403C,-13.882,0.203,0.0287
7642,GOh1052_D403Q,GOh1052,D403Q,-9.936,0.357,0.0287
7643,GOh1052_D403E,GOh1052,D403E,-8.249,0.423,0.0287
7644,GOh1052_D403G,GOh1052,D403G,-9.092,0.390,0.0287
7645,GOh1052_D403H,GOh1052,D403H,-9.714,0.366,0.0287
7646,GOh1052_D403I,GOh1052,D403I,-11.911,0.280,0.0287
7647,GOh1052_D403L,GOh1052,D403L,-11.32,0.302956915745479,0.0287
7648,GOh1052_D403K,GOh1052,D403K,-11.141,0.310,0.0287
7649,GOh1052_D403M,GOh1052,D403M,-12.197,0.269,0.0287
7650,GOh1052_D403F,GOh1052,D403F,-9.386,0.379,0.0287
7651,GOh1052_D403P,GOh1052,D403P,-11.211,0.307,0.0287
7652,GOh1052_D403S,GOh1052,D403S,-9.588,0.371,0.0287
7653,GOh1052_D403T,GOh1052,D403T,-9.866,0.360,0.0287
7654,GOh1052_D403W,GOh1052,D403W,-10.492,0.335,0.0287
7655,GOh1052_D403Y,GOh1052,D403Y,-7.016,0.471,0.0287
7656,GOh1052_D403V,GOh1052,D403V,-10.543,0.333,0.0287
7657,GOh1052_A404R,GOh1052,A404R,-7.82,0.439670325377915,0.6346
7658,GOh1052_A404N,GOh1052,A404N,-5.739,0.521,0.6346
7659,GOh1052_A404D,GOh1052,A404D,-9.088,0.390,0.6346
7660,GOh1052_A404C,GOh1052,A404C,-9.775,0.363,0.6346
7661,GOh1052_A404Q,GOh1052,A404Q,-3.986,0.589,0.6346
7662,GOh1052_A404E,GOh1052,A404E,-5.763,0.520,0.6346
7663,GOh1052_A404G,GOh1052,A404G,-6.704,0.483,0.6346
7664,GOh1052_A404H,GOh1052,A404H,-7.409,0.456,0.6346
7665,GOh1052_A404I,GOh1052,A404I,-9.469,0.375,0.6346
7666,GOh1052_A404L,GOh1052,A404L,-8.847,0.400,0.6346
7667,GOh1052_A404K,GOh1052,A404K,-9.22,0.38498496152494,0.6346
7668,GOh1052_A404M,GOh1052,A404M,-8.556,0.411,0.6346
7669,GOh1052_A404F,GOh1052,A404F,-10.36,0.340455450958947,0.6346
7670,GOh1052_A404P,GOh1052,A404P,-7.467,0.453,0.6346
7671,GOh1052_A404S,GOh1052,A404S,-2.512,0.647,0.6346
7672,GOh1052_A404T,GOh1052,A404T,-5.495,0.530,0.6346
7673,GOh1052_A404W,GOh1052,A404W,-11.087,0.312,0.6346
7674,GOh1052_A404Y,GOh1052,A404Y,-9.722,0.365,0.6346
7675,GOh1052_A404V,GOh1052,A404V,-7.241,0.462,0.6346
7676,GOh1052_M405A,GOh1052,M405A,-12.275,0.266,0.0044
7677,GOh1052_M405R,GOh1052,M405R,-13.35,0.223663138158666,0.0044
7678,GOh1052_M405N,GOh1052,M405N,-11.861,0.282,0.0044
7679,GOh1052_M405D,GOh1052,M405D,-13.877,0.203,0.0044
7680,GOh1052_M405C,GOh1052,M405C,-12.348,0.263,0.0044
7681,GOh1052_M405Q,GOh1052,M405Q,-10.621,0.330,0.0044
7682,GOh1052_M405E,GOh1052,M405E,-12.034,0.275,0.0044
7683,GOh1052_M405G,GOh1052,M405G,-12.824,0.244,0.0044
7684,GOh1052_M405H,GOh1052,M405H,-13.146,0.232,0.0044
7685,GOh1052_M405I,GOh1052,M405I,-9.653,0.368,0.0044
7686,GOh1052_M405L,GOh1052,M405L,-9.819,0.362,0.0044
7687,GOh1052_M405K,GOh1052,M405K,-12.501,0.257,0.0044
7688,GOh1052_M405F,GOh1052,M405F,-11.464,0.297,0.0044
7689,GOh1052_M405P,GOh1052,M405P,-13.712,0.210,0.0044
7690,GOh1052_M405S,GOh1052,M405S,-11.409,0.299,0.0044
7691,GOh1052_M405T,GOh1052,M405T,-10.431,0.338,0.0044
7692,GOh1052_M405W,GOh1052,M405W,-13.132,0.232,0.0044
7693,GOh1052_M405Y,GOh1052,M405Y,-11.006,0.315,0.0044
7694,GOh1052_M405V,GOh1052,M405V,-11.133,0.310,0.0044
7695,GOh1052_C406A,GOh1052,C406A,-7.698,0.444,0.0872
7696,GOh1052_C406R,GOh1052,C406R,-11.338,0.302,0.0872
7697,GOh1052_C406N,GOh1052,C406N,-6.105,0.507,0.0872
7698,GOh1052_C406D,GOh1052,C406D,-10.604,0.331,0.0872
7699,GOh1052_C406Q,GOh1052,C406Q,-9.745,0.364,0.0872
7700,GOh1052_C406E,GOh1052,C406E,-10.139,0.349,0.0872
7701,GOh1052_C406G,GOh1052,C406G,-8.221,0.424,0.0872
7702,GOh1052_C406H,GOh1052,C406H,-10.119,0.350,0.0872
7703,GOh1052_C406I,GOh1052,C406I,-10.455,0.337,0.0872
7704,GOh1052_C406L,GOh1052,C406L,-10.549,0.333,0.0872
7705,GOh1052_C406K,GOh1052,C406K,-11.555,0.294,0.0872
7706,GOh1052_C406M,GOh1052,C406M,-9.946,0.357,0.0872
7707,GOh1052_C406F,GOh1052,C406F,-11.343,0.302,0.0872
7708,GOh1052_C406P,GOh1052,C406P,-11.449,0.298,0.0872
7709,GOh1052_C406S,GOh1052,C406S,-5.574,0.527,0.0872
7710,GOh1052_C406T,GOh1052,C406T,-6.778,0.480,0.0872
7711,GOh1052_C406W,GOh1052,C406W,-13.799,0.206,0.0872
7712,GOh1052_C406Y,GOh1052,C406Y,-10.744,0.325,0.0872
7713,GOh1052_C406V,GOh1052,C406V,-9.156,0.387,0.0872
7714,GOh1052_G407A,GOh1052,G407A,-7.199,0.464,0.011
7715,GOh1052_G407R,GOh1052,G407R,-15.862,0.126,0.011
7716,GOh1052_G407N,GOh1052,G407N,-12.724,0.248,0.011
7717,GOh1052_G407D,GOh1052,G407D,-13.291,0.226,0.011
7718,GOh1052_G407C,GOh1052,G407C,-11.808,0.284,0.011
7719,GOh1052_G407Q,GOh1052,G407Q,-13.321,0.225,0.011
7720,GOh1052_G407E,GOh1052,G407E,-13.958,0.200,0.011
7721,GOh1052_G407H,GOh1052,G407H,-15.301,0.147,0.011
7722,GOh1052_G407I,GOh1052,G407I,-14.842,0.165,0.011
7723,GOh1052_G407L,GOh1052,G407L,-13.879,0.203,0.011
7724,GOh1052_G407K,GOh1052,G407K,-15.983,0.121,0.011
7725,GOh1052_G407M,GOh1052,G407M,-13.105,0.233,0.011
7726,GOh1052_G407F,GOh1052,G407F,-14.861,0.165,0.011
7727,GOh1052_G407P,GOh1052,G407P,-11.552,0.294,0.011
7728,GOh1052_G407S,GOh1052,G407S,-9.212,0.385,0.011
7729,GOh1052_G407T,GOh1052,G407T,-12.728,0.248,0.011
7730,GOh1052_G407W,GOh1052,G407W,-16.964,0.082,0.011
7731,GOh1052_G407Y,GOh1052,G407Y,-16.616,0.096,0.011
7732,GOh1052_G407V,GOh1052,G407V,-13.059,0.235,0.011
7733,GOh1052_N408A,GOh1052,N408A,-9.052,0.392,0.0829
7734,GOh1052_N408R,GOh1052,N408R,-11.883,0.281,0.0829
7735,GOh1052_N408D,GOh1052,N408D,-9.241,0.384,0.0829
7736,GOh1052_N408C,GOh1052,N408C,-10.265,0.344,0.0829
7737,GOh1052_N408Q,GOh1052,N408Q,-10.7,0.32717471973751,0.0829
7738,GOh1052_N408E,GOh1052,N408E,-12.536,0.255,0.0829
7739,GOh1052_N408G,GOh1052,N408G,-9.493,0.374,0.0829
7740,GOh1052_N408H,GOh1052,N408H,-9.233,0.384,0.0829
7741,GOh1052_N408I,GOh1052,N408I,-11.386,0.300,0.0829
7742,GOh1052_N408L,GOh1052,N408L,-12.413,0.260,0.0829
7743,GOh1052_N408K,GOh1052,N408K,-12.331,0.263,0.0829
7744,GOh1052_N408M,GOh1052,N408M,-11.509,0.296,0.0829
7745,GOh1052_N408F,GOh1052,N408F,-12.788,0.246,0.0829
7746,GOh1052_N408P,GOh1052,N408P,-11.353,0.302,0.0829
7747,GOh1052_N408S,GOh1052,N408S,-5.707,0.522,0.0829
7748,GOh1052_N408T,GOh1052,N408T,-5.377,0.535,0.0829
7749,GOh1052_N408W,GOh1052,N408W,-15.815,0.127,0.0829
7750,GOh1052_N408Y,GOh1052,N408Y,-12.225,0.268,0.0829
7751,GOh1052_N408V,GOh1052,N408V,-9.524,0.373,0.0829
7752,GOh1052_A409R,GOh1052,A409R,-15.532,0.138,0.023
7753,GOh1052_A409N,GOh1052,A409N,-10.638,0.330,0.023
7754,GOh1052_A409D,GOh1052,A409D,-13.02,0.236553259638295,0.023
7755,GOh1052_A409C,GOh1052,A409C,-10.317,0.342,0.023
7756,GOh1052_A409Q,GOh1052,A409Q,-13.468,0.219,0.023
7757,GOh1052_A409E,GOh1052,A409E,-14.402,0.183,0.023
7758,GOh1052_A409G,GOh1052,A409G,-6.83,0.478340689816804,0.023
7759,GOh1052_A409H,GOh1052,A409H,-14.155,0.192,0.023
7760,GOh1052_A409I,GOh1052,A409I,-13.509,0.217,0.023
7761,GOh1052_A409L,GOh1052,A409L,-13.205,0.229,0.023
7762,GOh1052_A409K,GOh1052,A409K,-15.448,0.142,0.023
7763,GOh1052_A409M,GOh1052,A409M,-11.906,0.280,0.023
7764,GOh1052_A409F,GOh1052,A409F,-12.354,0.263,0.023
7765,GOh1052_A409P,GOh1052,A409P,-14.215,0.190,0.023
7766,GOh1052_A409S,GOh1052,A409S,-7.47,0.453341666341159,0.023
7767,GOh1052_A409T,GOh1052,A409T,-8.871,0.399,0.023
7768,GOh1052_A409W,GOh1052,A409W,-16.109,0.116,0.023
7769,GOh1052_A409Y,GOh1052,A409Y,-15.355,0.145,0.023
7770,GOh1052_A409V,GOh1052,A409V,-10.443,0.337,0.023
7771,GOh1052_V410A,GOh1052,V410A,-6.323,0.498,0.0455
7772,GOh1052_V410R,GOh1052,V410R,-13.697,0.210,0.0455
7773,GOh1052_V410N,GOh1052,V410N,-12.131,0.271,0.0455
7774,GOh1052_V410D,GOh1052,V410D,-13.884,0.203,0.0455
7775,GOh1052_V410C,GOh1052,V410C,-10.612,0.331,0.0455
7776,GOh1052_V410Q,GOh1052,V410Q,-11.896,0.280,0.0455
7777,GOh1052_V410E,GOh1052,V410E,-11.923,0.279,0.0455
7778,GOh1052_V410G,GOh1052,V410G,-13.003,0.237,0.0455
7779,GOh1052_V410H,GOh1052,V410H,-13.015,0.237,0.0455
7780,GOh1052_V410I,GOh1052,V410I,-6.608,0.487,0.0455
7781,GOh1052_V410L,GOh1052,V410L,-8.246,0.423,0.0455
7782,GOh1052_V410K,GOh1052,V410K,-14.018,0.198,0.0455
7783,GOh1052_V410M,GOh1052,V410M,-9.757,0.364,0.0455
7784,GOh1052_V410F,GOh1052,V410F,-11.342,0.302,0.0455
7785,GOh1052_V410P,GOh1052,V410P,-14.842,0.165,0.0455
7786,GOh1052_V410S,GOh1052,V410S,-9.775,0.363,0.0455
7787,GOh1052_V410T,GOh1052,V410T,-7.757,0.442,0.0455
7788,GOh1052_V410W,GOh1052,V410W,-14.597,0.175,0.0455
7789,GOh1052_V410Y,GOh1052,V410Y,-12.588,0.253,0.0455
7790,GOh1052_M411A,GOh1052,M411A,-11.741,0.287,0.0107
7791,GOh1052_M411R,GOh1052,M411R,-14.346,0.185,0.0107
7792,GOh1052_M411N,GOh1052,M411N,-12.82,0.244365454474435,0.0107
7793,GOh1052_M411D,GOh1052,M411D,-15.475,0.141,0.0107
7794,GOh1052_M411C,GOh1052,M411C,-12.788,0.246,0.0107
7795,GOh1052_M411Q,GOh1052,M411Q,-10.128,0.350,0.0107
7796,GOh1052_M411E,GOh1052,M411E,-13.106,0.233,0.0107
7797,GOh1052_M411G,GOh1052,M411G,-13.347,0.224,0.0107
7798,GOh1052_M411H,GOh1052,M411H,-13.365,0.223,0.0107
7799,GOh1052_M411I,GOh1052,M411I,-9.675,0.367,0.0107
7800,GOh1052_M411L,GOh1052,M411L,-7.364,0.457,0.0107
7801,GOh1052_M411K,GOh1052,M411K,-13.112,0.233,0.0107
7802,GOh1052_M411F,GOh1052,M411F,-11.893,0.281,0.0107
7803,GOh1052_M411P,GOh1052,M411P,-15.229,0.150,0.0107
7804,GOh1052_M411S,GOh1052,M411S,-11.405,0.300,0.0107
7805,GOh1052_M411T,GOh1052,M411T,-10.406,0.339,0.0107
7806,GOh1052_M411W,GOh1052,M411W,-14.586,0.175,0.0107
7807,GOh1052_M411Y,GOh1052,M411Y,-14.63,0.173665091207375,0.0107
7808,GOh1052_M411V,GOh1052,M411V,-11.285,0.304,0.0107
7809,GOh1052_Y412A,GOh1052,Y412A,-13.804,0.206,0.0565
7810,GOh1052_Y412R,GOh1052,Y412R,-15.572,0.137,0.0565
7811,GOh1052_Y412N,GOh1052,Y412N,-13.298,0.226,0.0565
7812,GOh1052_Y412D,GOh1052,Y412D,-15.042,0.158,0.0565
7813,GOh1052_Y412C,GOh1052,Y412C,-13.127,0.232,0.0565
7814,GOh1052_Y412Q,GOh1052,Y412Q,-15.0,0.159212530760517,0.0565
7815,GOh1052_Y412E,GOh1052,Y412E,-16.288,0.109,0.0565
7816,GOh1052_Y412G,GOh1052,Y412G,-16.114,0.116,0.0565
7817,GOh1052_Y412H,GOh1052,Y412H,-10.493,0.335,0.0565
7818,GOh1052_Y412I,GOh1052,Y412I,-12.002,0.276,0.0565
7819,GOh1052_Y412L,GOh1052,Y412L,-11.063,0.313,0.0565
7820,GOh1052_Y412K,GOh1052,Y412K,-17.374,0.066,0.0565
7821,GOh1052_Y412M,GOh1052,Y412M,-12.706,0.249,0.0565
7822,GOh1052_Y412F,GOh1052,Y412F,-5.072,0.547,0.0565
7823,GOh1052_Y412P,GOh1052,Y412P,-14.61,0.174446310690989,0.0565
7824,GOh1052_Y412S,GOh1052,Y412S,-13.21,0.229131674543963,0.0565
7825,GOh1052_Y412T,GOh1052,Y412T,-13.112,0.233,0.0565
7826,GOh1052_Y412W,GOh1052,Y412W,-10.127,0.350,0.0565
7827,GOh1052_Y412V,GOh1052,Y412V,-11.812,0.284,0.0565
7828,GOh1052_D413A,GOh1052,D413A,-14.099,0.194,0.0021
7829,GOh1052_D413R,GOh1052,D413R,-14.953,0.161,0.0021
7830,GOh1052_D413N,GOh1052,D413N,-9.399,0.378,0.0021
7831,GOh1052_D413C,GOh1052,D413C,-15.284,0.148,0.0021
7832,GOh1052_D413Q,GOh1052,D413Q,-13.117,0.233,0.0021
7833,GOh1052_D413E,GOh1052,D413E,-10.443,0.337,0.0021
7834,GOh1052_D413G,GOh1052,D413G,-13.829,0.205,0.0021
7835,GOh1052_D413H,GOh1052,D413H,-12.599,0.253,0.0021
7836,GOh1052_D413I,GOh1052,D413I,-17.871,0.047,0.0021
7837,GOh1052_D413L,GOh1052,D413L,-16.64,0.0951525331041756,0.0021
7838,GOh1052_D413K,GOh1052,D413K,-15.037,0.158,0.0021
7839,GOh1052_D413M,GOh1052,D413M,-17.166,0.075,0.0021
7840,GOh1052_D413F,GOh1052,D413F,-17.232,0.072,0.0021
7841,GOh1052_D413P,GOh1052,D413P,-15.942,0.122,0.0021
7842,GOh1052_D413S,GOh1052,D413S,-11.559,0.294,0.0021
7843,GOh1052_D413T,GOh1052,D413T,-15.333,0.146,0.0021
7844,GOh1052_D413W,GOh1052,D413W,-15.949,0.122,0.0021
7845,GOh1052_D413Y,GOh1052,D413Y,-14.076,0.195,0.0021
7846,GOh1052_D413V,GOh1052,D413V,-16.452,0.102,0.0021
7847,GOh1052_A414R,GOh1052,A414R,-13.496,0.218,0.0215
7848,GOh1052_A414N,GOh1052,A414N,-11.872,0.281,0.0215
7849,GOh1052_A414D,GOh1052,A414D,-12.103,0.272,0.0215
7850,GOh1052_A414C,GOh1052,A414C,-12.139,0.271,0.0215
7851,GOh1052_A414Q,GOh1052,A414Q,-11.909,0.280,0.0215
7852,GOh1052_A414E,GOh1052,A414E,-12.277,0.266,0.0215
7853,GOh1052_A414G,GOh1052,A414G,-7.692,0.445,0.0215
7854,GOh1052_A414H,GOh1052,A414H,-12.564,0.254,0.0215
7855,GOh1052_A414I,GOh1052,A414I,-12.445,0.259,0.0215
7856,GOh1052_A414L,GOh1052,A414L,-12.641,0.251,0.0215
7857,GOh1052_A414K,GOh1052,A414K,-13.091,0.234,0.0215
7858,GOh1052_A414M,GOh1052,A414M,-11.835,0.283,0.0215
7859,GOh1052_A414F,GOh1052,A414F,-12.549,0.255,0.0215
7860,GOh1052_A414P,GOh1052,A414P,-10.627,0.330,0.0215
7861,GOh1052_A414S,GOh1052,A414S,-6.885,0.476,0.0215
7862,GOh1052_A414T,GOh1052,A414T,-9.609,0.370,0.0215
7863,GOh1052_A414W,GOh1052,A414W,-13.344,0.224,0.0215
7864,GOh1052_A414Y,GOh1052,A414Y,-11.838,0.283,0.0215
7865,GOh1052_A414V,GOh1052,A414V,-9.146,0.388,0.0215
7866,GOh1052_V415A,GOh1052,V415A,-6.734,0.482,0.1261
7867,GOh1052_V415R,GOh1052,V415R,-8.13,0.427561423381899,0.1261
7868,GOh1052_V415N,GOh1052,V415N,-8.628,0.408,0.1261
7869,GOh1052_V415D,GOh1052,V415D,-8.616,0.409,0.1261
7870,GOh1052_V415C,GOh1052,V415C,-13.789,0.207,0.1261
7871,GOh1052_V415Q,GOh1052,V415Q,-7.377,0.457,0.1261
7872,GOh1052_V415E,GOh1052,V415E,-6.952,0.474,0.1261
7873,GOh1052_V415G,GOh1052,V415G,-9.629,0.369,0.1261
7874,GOh1052_V415H,GOh1052,V415H,-10.291,0.343,0.1261
7875,GOh1052_V415I,GOh1052,V415I,-5.973,0.512,0.1261
7876,GOh1052_V415L,GOh1052,V415L,-7.458,0.454,0.1261
7877,GOh1052_V415K,GOh1052,V415K,-7.079,0.469,0.1261
7878,GOh1052_V415M,GOh1052,V415M,-9.272,0.383,0.1261
7879,GOh1052_V415F,GOh1052,V415F,-9.351,0.380,0.1261
7880,GOh1052_V415P,GOh1052,V415P,-10.93,0.31819069567595,0.1261
7881,GOh1052_V415S,GOh1052,V415S,-7.479,0.453,0.1261
7882,GOh1052_V415T,GOh1052,V415T,-5.853,0.517,0.1261
7883,GOh1052_V415W,GOh1052,V415W,-10.574,0.332,0.1261
7884,GOh1052_V415Y,GOh1052,V415Y,-8.094,0.429,0.1261
7885,GOh1052_K416A,GOh1052,K416A,-1.161,0.700,1.7219
7886,GOh1052_K416R,GOh1052,K416R,-4.701,0.562,1.7219
7887,GOh1052_K416N,GOh1052,K416N,-2.577,0.644,1.7219
7888,GOh1052_K416D,GOh1052,K416D,-5.281,0.539,1.7219
7889,GOh1052_K416C,GOh1052,K416C,-11.307,0.303,1.7219
7890,GOh1052_K416Q,GOh1052,K416Q,-3.045,0.626,1.7219
7891,GOh1052_K416E,GOh1052,K416E,-3.315,0.616,1.7219
7892,GOh1052_K416G,GOh1052,K416G,-3.893,0.593,1.7219
7893,GOh1052_K416H,GOh1052,K416H,-6.022,0.510,1.7219
7894,GOh1052_K416I,GOh1052,K416I,-7.989,0.433,1.7219
7895,GOh1052_K416L,GOh1052,K416L,-5.474,0.531,1.7219
7896,GOh1052_K416M,GOh1052,K416M,-7.83,0.439279715636108,1.7219
7897,GOh1052_K416F,GOh1052,K416F,-9.33,0.380688254365064,1.7219
7898,GOh1052_K416P,GOh1052,K416P,-9.731,0.365,1.7219
7899,GOh1052_K416S,GOh1052,K416S,-3.93,0.591617514940823,1.7219
7900,GOh1052_K416T,GOh1052,K416T,-4.247,0.579,1.7219
7901,GOh1052_K416W,GOh1052,K416W,-10.967,0.317,1.7219
7902,GOh1052_K416Y,GOh1052,K416Y,-7.788,0.441,1.7219
7903,GOh1052_K416V,GOh1052,K416V,-6.417,0.494,1.7219
7904,GOh1052_G417A,GOh1052,G417A,-7.951,0.435,0.0637
7905,GOh1052_G417R,GOh1052,G417R,-7.847,0.439,0.0637
7906,GOh1052_G417N,GOh1052,G417N,-7.136,0.466,0.0637
7907,GOh1052_G417D,GOh1052,G417D,-8.568,0.410,0.0637
7908,GOh1052_G417C,GOh1052,G417C,-12.798,0.245,0.0637
7909,GOh1052_G417Q,GOh1052,G417Q,-6.617,0.487,0.0637
7910,GOh1052_G417E,GOh1052,G417E,-7.37,0.457247763759228,0.0637
7911,GOh1052_G417H,GOh1052,G417H,-8.48,0.413890082418656,0.0637
7912,GOh1052_G417I,GOh1052,G417I,-14.891,0.163,0.0637
7913,GOh1052_G417L,GOh1052,G417L,-10.018,0.354,0.0637
7914,GOh1052_G417K,GOh1052,G417K,-7.831,0.439,0.0637
7915,GOh1052_G417M,GOh1052,G417M,-9.175,0.387,0.0637
7916,GOh1052_G417F,GOh1052,G417F,-10.241,0.345,0.0637
7917,GOh1052_G417P,GOh1052,G417P,-12.226,0.268,0.0637
7918,GOh1052_G417S,GOh1052,G417S,-7.514,0.452,0.0637
7919,GOh1052_G417T,GOh1052,G417T,-10.99,0.315847037225108,0.0637
7920,GOh1052_G417W,GOh1052,G417W,-9.801,0.362,0.0637
7921,GOh1052_G417Y,GOh1052,G417Y,-9.191,0.386,0.0637
7922,GOh1052_G417V,GOh1052,G417V,-13.147,0.232,0.0637
7923,GOh1052_K418A,GOh1052,K418A,-9.637,0.369,0.0618
7924,GOh1052_K418R,GOh1052,K418R,-6.045,0.509,0.0618
7925,GOh1052_K418N,GOh1052,K418N,-8.822,0.401,0.0618
7926,GOh1052_K418D,GOh1052,K418D,-9.654,0.368,0.0618
7927,GOh1052_K418C,GOh1052,K418C,-12.921,0.240,0.0618
7928,GOh1052_K418Q,GOh1052,K418Q,-6.399,0.495,0.0618
7929,GOh1052_K418E,GOh1052,K418E,-7.599,0.448,0.0618
7930,GOh1052_K418G,GOh1052,K418G,-11.205,0.307,0.0618
7931,GOh1052_K418H,GOh1052,K418H,-9.98,0.355298621147611,0.0618
7932,GOh1052_K418I,GOh1052,K418I,-10.572,0.332,0.0618
7933,GOh1052_K418L,GOh1052,K418L,-9.411,0.378,0.0618
7934,GOh1052_K418M,GOh1052,K418M,-10.534,0.334,0.0618
7935,GOh1052_K418F,GOh1052,K418F,-13.071,0.235,0.0618
7936,GOh1052_K418P,GOh1052,K418P,-15.794,0.128,0.0618
7937,GOh1052_K418S,GOh1052,K418S,-8.881,0.398,0.0618
7938,GOh1052_K418T,GOh1052,K418T,-8.206,0.425,0.0618
7939,GOh1052_K418W,GOh1052,K418W,-13.042,0.236,0.0618
7940,GOh1052_K418Y,GOh1052,K418Y,-10.982,0.316,0.0618
7941,GOh1052_K418V,GOh1052,K418V,-9.797,0.362,0.0618
7942,GOh1052_I419A,GOh1052,I419A,-11.317,0.303,0.0322
7943,GOh1052_I419R,GOh1052,I419R,-15.636,0.134,0.0322
7944,GOh1052_I419N,GOh1052,I419N,-14.23,0.189289480879653,0.0322
7945,GOh1052_I419D,GOh1052,I419D,-16.581,0.097,0.0322
7946,GOh1052_I419C,GOh1052,I419C,-14.423,0.182,0.0322
7947,GOh1052_I419Q,GOh1052,I419Q,-13.502,0.218,0.0322
7948,GOh1052_I419E,GOh1052,I419E,-15.612,0.135,0.0322
7949,GOh1052_I419G,GOh1052,I419G,-15.295,0.148,0.0322
7950,GOh1052_I419H,GOh1052,I419H,-15.311,0.147,0.0322
7951,GOh1052_I419L,GOh1052,I419L,-7.807,0.440,0.0322
7952,GOh1052_I419K,GOh1052,I419K,-15.59,0.136166555993906,0.0322
7953,GOh1052_I419M,GOh1052,I419M,-8.935,0.396,0.0322
7954,GOh1052_I419F,GOh1052,I419F,-10.946,0.318,0.0322
7955,GOh1052_I419P,GOh1052,I419P,-15.863,0.126,0.0322
7956,GOh1052_I419S,GOh1052,I419S,-13.458,0.219,0.0322
7957,GOh1052_I419T,GOh1052,I419T,-11.185,0.308,0.0322
7958,GOh1052_I419W,GOh1052,I419W,-14.46,0.180305456818093,0.0322
7959,GOh1052_I419Y,GOh1052,I419Y,-14.033,0.197,0.0322
7960,GOh1052_I419V,GOh1052,I419V,-6.033,0.509,0.0322
7961,GOh1052_L420A,GOh1052,L420A,-9.623,0.369,0.0569
7962,GOh1052_L420R,GOh1052,L420R,-11.818,0.284,0.0569
7963,GOh1052_L420N,GOh1052,L420N,-14.739,0.169,0.0569
7964,GOh1052_L420D,GOh1052,L420D,-16.946,0.083,0.0569
7965,GOh1052_L420C,GOh1052,L420C,-14.515,0.178,0.0569
7966,GOh1052_L420Q,GOh1052,L420Q,-11.62,0.29123862349127,0.0569
7967,GOh1052_L420E,GOh1052,L420E,-14.675,0.172,0.0569
7968,GOh1052_L420G,GOh1052,L420G,-12.867,0.243,0.0569
7969,GOh1052_L420H,GOh1052,L420H,-12.465,0.258,0.0569
7970,GOh1052_L420I,GOh1052,L420I,-6.908,0.475,0.0569
7971,GOh1052_L420K,GOh1052,L420K,-13.08,0.234209601187454,0.0569
7972,GOh1052_L420M,GOh1052,L420M,-6.675,0.484,0.0569
7973,GOh1052_L420F,GOh1052,L420F,-6.367,0.496,0.0569
7974,GOh1052_L420P,GOh1052,L420P,-13.431,0.220,0.0569
7975,GOh1052_L420S,GOh1052,L420S,-12.484,0.257,0.0569
7976,GOh1052_L420T,GOh1052,L420T,-11.107,0.311,0.0569
7977,GOh1052_L420W,GOh1052,L420W,-9.759,0.364,0.0569
7978,GOh1052_L420Y,GOh1052,L420Y,-8.905,0.397,0.0569
7979,GOh1052_L420V,GOh1052,L420V,-7.197,0.464,0.0569
7980,GOh1052_T421A,GOh1052,T421A,-6.562,0.489,0.0899
7981,GOh1052_T421R,GOh1052,T421R,-12.127,0.271,0.0899
7982,GOh1052_T421N,GOh1052,T421N,-7.396,0.456,0.0899
7983,GOh1052_T421D,GOh1052,T421D,-10.016,0.354,0.0899
7984,GOh1052_T421C,GOh1052,T421C,-11.541,0.294,0.0899
7985,GOh1052_T421Q,GOh1052,T421Q,-9.491,0.374,0.0899
7986,GOh1052_T421E,GOh1052,T421E,-9.271,0.383,0.0899
7987,GOh1052_T421G,GOh1052,T421G,-10.903,0.319,0.0899
7988,GOh1052_T421H,GOh1052,T421H,-11.917,0.280,0.0899
7989,GOh1052_T421I,GOh1052,T421I,-8.919,0.397,0.0899
7990,GOh1052_T421L,GOh1052,T421L,-10.983,0.316,0.0899
7991,GOh1052_T421K,GOh1052,T421K,-7.642,0.447,0.0899
7992,GOh1052_T421M,GOh1052,T421M,-9.434,0.377,0.0899
7993,GOh1052_T421F,GOh1052,T421F,-12.778,0.246,0.0899
7994,GOh1052_T421P,GOh1052,T421P,-13.814,0.206,0.0899
7995,GOh1052_T421S,GOh1052,T421S,-5.158,0.544,0.0899
7996,GOh1052_T421W,GOh1052,T421W,-14.889,0.164,0.0899
7997,GOh1052_T421Y,GOh1052,T421Y,-13.338,0.224,0.0899
7998,GOh1052_T421V,GOh1052,T421V,-8.338,0.419,0.0899
7999,GOh1052_F422A,GOh1052,F422A,0.191,0.753,2.2903
8000,GOh1052_F422R,GOh1052,F422R,-11.501,0.296,2.2903
8001,GOh1052_F422N,GOh1052,F422N,-7.306,0.460,2.2903
8002,GOh1052_F422D,GOh1052,F422D,-8.745,0.404,2.2903
8003,GOh1052_F422C,GOh1052,F422C,-4.857,0.555,2.2903
8004,GOh1052_F422Q,GOh1052,F422Q,-8.416,0.416,2.2903
8005,GOh1052_F422E,GOh1052,F422E,-8.663,0.407,2.2903
8006,GOh1052_F422G,GOh1052,F422G,-4.226,0.580,2.2903
8007,GOh1052_F422H,GOh1052,F422H,-8.815,0.401,2.2903
8008,GOh1052_F422I,GOh1052,F422I,-2.75,0.637709464474044,2.2903
8009,GOh1052_F422L,GOh1052,F422L,-1.94,0.669348853560408,2.2903
8010,GOh1052_F422K,GOh1052,F422K,-12.153,0.270,2.2903
8011,GOh1052_F422M,GOh1052,F422M,-2.123,0.662,2.2903
8012,GOh1052_F422P,GOh1052,F422P,-6.931,0.474,2.2903
8013,GOh1052_F422S,GOh1052,F422S,-3.633,0.603,2.2903
8014,GOh1052_F422T,GOh1052,F422T,-1.832,0.674,2.2903
8015,GOh1052_F422W,GOh1052,F422W,-8.4,0.417014960353111,2.2903
8016,GOh1052_F422Y,GOh1052,F422Y,-7.209,0.464,2.2903
8017,GOh1052_F422V,GOh1052,F422V,-0.755,0.716,2.2903
8018,GOh1052_G423A,GOh1052,G423A,-10.05,0.352564352954963,0.0025
8019,GOh1052_G423R,GOh1052,G423R,-14.354,0.184,0.0025
8020,GOh1052_G423N,GOh1052,G423N,-12.58,0.253740088277802,0.0025
8021,GOh1052_G423D,GOh1052,G423D,-12.13,0.271317526659115,0.0025
8022,GOh1052_G423C,GOh1052,G423C,-11.637,0.291,0.0025
8023,GOh1052_G423Q,GOh1052,G423Q,-14.366,0.184,0.0025
8024,GOh1052_G423E,GOh1052,G423E,-13.152,0.231,0.0025
8025,GOh1052_G423H,GOh1052,G423H,-14.832,0.166,0.0025
8026,GOh1052_G423I,GOh1052,G423I,-16.284,0.109,0.0025
8027,GOh1052_G423L,GOh1052,G423L,-15.338,0.146,0.0025
8028,GOh1052_G423K,GOh1052,G423K,-15.591,0.136,0.0025
8029,GOh1052_G423M,GOh1052,G423M,-15.556,0.137,0.0025
8030,GOh1052_G423F,GOh1052,G423F,-15.859,0.126,0.0025
8031,GOh1052_G423P,GOh1052,G423P,-13.393,0.222,0.0025
8032,GOh1052_G423S,GOh1052,G423S,-9.39,0.378344595914222,0.0025
8033,GOh1052_G423T,GOh1052,G423T,-12.03,0.275223624077184,0.0025
8034,GOh1052_G423W,GOh1052,G423W,-15.501,0.140,0.0025
8035,GOh1052_G423Y,GOh1052,G423Y,-15.54,0.138119604702941,0.0025
8036,GOh1052_G423V,GOh1052,G423V,-13.713,0.209,0.0025
8037,GOh1052_G424A,GOh1052,G424A,-12.78,0.245927893441662,0.0003
8038,GOh1052_G424R,GOh1052,G424R,-14.521,0.178,0.0003
8039,GOh1052_G424N,GOh1052,G424N,-13.737,0.209,0.0003
8040,GOh1052_G424D,GOh1052,G424D,-13.559,0.215,0.0003
8041,GOh1052_G424C,GOh1052,G424C,-13.713,0.209,0.0003
8042,GOh1052_G424Q,GOh1052,G424Q,-14.947,0.161,0.0003
8043,GOh1052_G424E,GOh1052,G424E,-14.9,0.163118628178587,0.0003
8044,GOh1052_G424H,GOh1052,G424H,-14.443,0.181,0.0003
8045,GOh1052_G424I,GOh1052,G424I,-16.602,0.097,0.0003
8046,GOh1052_G424L,GOh1052,G424L,-15.771,0.129,0.0003
8047,GOh1052_G424K,GOh1052,G424K,-15.406,0.143,0.0003
8048,GOh1052_G424M,GOh1052,G424M,-16.265,0.110,0.0003
8049,GOh1052_G424F,GOh1052,G424F,-15.809,0.128,0.0003
8050,GOh1052_G424P,GOh1052,G424P,-14.893,0.163,0.0003
8051,GOh1052_G424S,GOh1052,G424S,-12.052,0.274,0.0003
8052,GOh1052_G424T,GOh1052,G424T,-14.658,0.173,0.0003
8053,GOh1052_G424W,GOh1052,G424W,-15.621,0.135,0.0003
8054,GOh1052_G424Y,GOh1052,G424Y,-15.368,0.145,0.0003
8055,GOh1052_G424V,GOh1052,G424V,-14.699,0.171,0.0003
8056,GOh1052_S425A,GOh1052,S425A,-4.084,0.586,0.1414
8057,GOh1052_S425R,GOh1052,S425R,-11.936,0.279,0.1414
8058,GOh1052_S425N,GOh1052,S425N,-9.003,0.393,0.1414
8059,GOh1052_S425D,GOh1052,S425D,-10.734,0.326,0.1414
8060,GOh1052_S425C,GOh1052,S425C,-8.394,0.417,0.1414
8061,GOh1052_S425Q,GOh1052,S425Q,-8.686,0.406,0.1414
8062,GOh1052_S425E,GOh1052,S425E,-11.559,0.294,0.1414
8063,GOh1052_S425G,GOh1052,S425G,-8.894,0.398,0.1414
8064,GOh1052_S425H,GOh1052,S425H,-11.784,0.285,0.1414
8065,GOh1052_S425I,GOh1052,S425I,-11.448,0.298,0.1414
8066,GOh1052_S425L,GOh1052,S425L,-12.319,0.264,0.1414
8067,GOh1052_S425K,GOh1052,S425K,-12.349,0.263,0.1414
8068,GOh1052_S425M,GOh1052,S425M,-11.104,0.311,0.1414
8069,GOh1052_S425F,GOh1052,S425F,-13.211,0.229,0.1414
8070,GOh1052_S425P,GOh1052,S425P,-12.645,0.251,0.1414
8071,GOh1052_S425T,GOh1052,S425T,-7.431,0.455,0.1414
8072,GOh1052_S425W,GOh1052,S425W,-13.62,0.213116675129878,0.1414
8073,GOh1052_S425Y,GOh1052,S425Y,-12.871,0.242,0.1414
8074,GOh1052_S425V,GOh1052,S425V,-8.736,0.404,0.1414
8075,GOh1052_P426A,GOh1052,P426A,-8.114,0.428,0.0163
8076,GOh1052_P426R,GOh1052,P426R,-9.864,0.360,0.0163
8077,GOh1052_P426N,GOh1052,P426N,-10.193,0.347,0.0163
8078,GOh1052_P426D,GOh1052,P426D,-11.03,0.314284598257881,0.0163
8079,GOh1052_P426C,GOh1052,P426C,-14.925,0.162,0.0163
8080,GOh1052_P426Q,GOh1052,P426Q,-9.085,0.390,0.0163
8081,GOh1052_P426E,GOh1052,P426E,-10.448,0.337,0.0163
8082,GOh1052_P426G,GOh1052,P426G,-10.231,0.345,0.0163
8083,GOh1052_P426H,GOh1052,P426H,-11.928,0.279,0.0163
8084,GOh1052_P426I,GOh1052,P426I,-11.448,0.298,0.0163
8085,GOh1052_P426L,GOh1052,P426L,-9.936,0.357,0.0163
8086,GOh1052_P426K,GOh1052,P426K,-9.6,0.370141791336276,0.0163
8087,GOh1052_P426M,GOh1052,P426M,-12.05,0.274442404593571,0.0163
8088,GOh1052_P426F,GOh1052,P426F,-12.943,0.240,0.0163
8089,GOh1052_P426S,GOh1052,P426S,-8.768,0.403,0.0163
8090,GOh1052_P426T,GOh1052,P426T,-8.723,0.404,0.0163
8091,GOh1052_P426W,GOh1052,P426W,-13.62,0.213116675129878,0.0163
8092,GOh1052_P426Y,GOh1052,P426Y,-12.135,0.271,0.0163
8093,GOh1052_P426V,GOh1052,P426V,-9.515,0.373,0.0163
8094,GOh1052_D427A,GOh1052,D427A,-5.187,0.543,0.5993
8095,GOh1052_D427R,GOh1052,D427R,-7.532,0.451,0.5993
8096,GOh1052_D427N,GOh1052,D427N,-3.126,0.623,0.5993
8097,GOh1052_D427C,GOh1052,D427C,-10.852,0.321,0.5993
8098,GOh1052_D427Q,GOh1052,D427Q,-6.477,0.492,0.5993
8099,GOh1052_D427E,GOh1052,D427E,-5.933,0.513,0.5993
8100,GOh1052_D427G,GOh1052,D427G,-6.603,0.487,0.5993
8101,GOh1052_D427H,GOh1052,D427H,-7.778,0.441,0.5993
8102,GOh1052_D427I,GOh1052,D427I,-8.073,0.430,0.5993
8103,GOh1052_D427L,GOh1052,D427L,-7.567,0.450,0.5993
8104,GOh1052_D427K,GOh1052,D427K,-6.926,0.475,0.5993
8105,GOh1052_D427M,GOh1052,D427M,-9.356,0.380,0.5993
8106,GOh1052_D427F,GOh1052,D427F,-7.189,0.464,0.5993
8107,GOh1052_D427P,GOh1052,D427P,-6.876,0.477,0.5993
8108,GOh1052_D427S,GOh1052,D427S,-4.01,0.588492637006367,0.5993
8109,GOh1052_D427T,GOh1052,D427T,-5.017,0.549,0.5993
8110,GOh1052_D427W,GOh1052,D427W,-10.06,0.352173743213156,0.5993
8111,GOh1052_D427Y,GOh1052,D427Y,-6.392,0.495,0.5993
8112,GOh1052_D427V,GOh1052,D427V,-6.654,0.485,0.5993
8113,GOh1052_Y428A,GOh1052,Y428A,-12.786,0.246,0.0052
8114,GOh1052_Y428R,GOh1052,Y428R,-14.5,0.178743017850865,0.0052
8115,GOh1052_Y428N,GOh1052,Y428N,-11.736,0.287,0.0052
8116,GOh1052_Y428D,GOh1052,Y428D,-12.22,0.267802038982852,0.0052
8117,GOh1052_Y428C,GOh1052,Y428C,-10.63,0.329908987930159,0.0052
8118,GOh1052_Y428Q,GOh1052,Y428Q,-13.691,0.210,0.0052
8119,GOh1052_Y428E,GOh1052,Y428E,-14.109,0.194,0.0052
8120,GOh1052_Y428G,GOh1052,Y428G,-12.901,0.241,0.0052
8121,GOh1052_Y428H,GOh1052,Y428H,-11.027,0.314,0.0052
8122,GOh1052_Y428I,GOh1052,Y428I,-14.684,0.172,0.0052
8123,GOh1052_Y428L,GOh1052,Y428L,-13.362,0.223,0.0052
8124,GOh1052_Y428K,GOh1052,Y428K,-14.714,0.170,0.0052
8125,GOh1052_Y428M,GOh1052,Y428M,-14.083,0.195,0.0052
8126,GOh1052_Y428F,GOh1052,Y428F,-8.244,0.423,0.0052
8127,GOh1052_Y428P,GOh1052,Y428P,-13.612,0.213,0.0052
8128,GOh1052_Y428S,GOh1052,Y428S,-12.605,0.253,0.0052
8129,GOh1052_Y428T,GOh1052,Y428T,-13.713,0.209,0.0052
8130,GOh1052_Y428W,GOh1052,Y428W,-10.591,0.331,0.0052
8131,GOh1052_Y428V,GOh1052,Y428V,-13.782,0.207,0.0052
8132,GOh1052_T429A,GOh1052,T429A,-3.761,0.598,1.4631
8133,GOh1052_T429R,GOh1052,T429R,-5.353,0.536,1.4631
8134,GOh1052_T429N,GOh1052,T429N,-3.155,0.622,1.4631
8135,GOh1052_T429D,GOh1052,T429D,-3.9,0.592789344166244,1.4631
8136,GOh1052_T429C,GOh1052,T429C,-10.455,0.337,1.4631
8137,GOh1052_T429Q,GOh1052,T429Q,-2.469,0.649,1.4631
8138,GOh1052_T429E,GOh1052,T429E,-3.179,0.621,1.4631
8139,GOh1052_T429G,GOh1052,T429G,-4.686,0.562,1.4631
8140,GOh1052_T429H,GOh1052,T429H,-6.195,0.503,1.4631
8141,GOh1052_T429I,GOh1052,T429I,-5.815,0.518,1.4631
8142,GOh1052_T429L,GOh1052,T429L,-5.703,0.522,1.4631
8143,GOh1052_T429K,GOh1052,T429K,-4.211,0.581,1.4631
8144,GOh1052_T429M,GOh1052,T429M,-6.154,0.505,1.4631
8145,GOh1052_T429F,GOh1052,T429F,-7.242,0.462,1.4631
8146,GOh1052_T429P,GOh1052,T429P,-8.6,0.409202765516972,1.4631
8147,GOh1052_T429S,GOh1052,T429S,-3.801,0.597,1.4631
8148,GOh1052_T429W,GOh1052,T429W,-7.621,0.447,1.4631
8149,GOh1052_T429Y,GOh1052,T429Y,-6.814,0.479,1.4631
8150,GOh1052_T429V,GOh1052,T429V,-4.722,0.561,1.4631
8151,GOh1052_D430A,GOh1052,D430A,-6.436,0.494,0.2293
8152,GOh1052_D430R,GOh1052,D430R,-9.232,0.385,0.2293
8153,GOh1052_D430N,GOh1052,D430N,-4.104,0.585,0.2293
8154,GOh1052_D430C,GOh1052,D430C,-13.711,0.210,0.2293
8155,GOh1052_D430Q,GOh1052,D430Q,-7.489,0.453,0.2293
8156,GOh1052_D430E,GOh1052,D430E,-6.679,0.484,0.2293
8157,GOh1052_D430G,GOh1052,D430G,-6.617,0.487,0.2293
8158,GOh1052_D430H,GOh1052,D430H,-9.394,0.378,0.2293
8159,GOh1052_D430I,GOh1052,D430I,-9.398,0.378,0.2293
8160,GOh1052_D430L,GOh1052,D430L,-8.807,0.401,0.2293
8161,GOh1052_D430K,GOh1052,D430K,-7.826,0.439,0.2293
8162,GOh1052_D430M,GOh1052,D430M,-9.514,0.374,0.2293
8163,GOh1052_D430F,GOh1052,D430F,-9.56,0.371704230303504,0.2293
8164,GOh1052_D430P,GOh1052,D430P,-8.724,0.404,0.2293
8165,GOh1052_D430S,GOh1052,D430S,-5.857,0.516,0.2293
8166,GOh1052_D430T,GOh1052,D430T,-6.825,0.479,0.2293
8167,GOh1052_D430W,GOh1052,D430W,-10.21,0.346314597086051,0.2293
8168,GOh1052_D430Y,GOh1052,D430Y,-9.235,0.384,0.2293
8169,GOh1052_D430V,GOh1052,D430V,-8.618,0.408,0.2293
8170,GOh1052_S431A,GOh1052,S431A,-5.41,0.533807273153392,0.2235
8171,GOh1052_S431R,GOh1052,S431R,-8.584,0.410,0.2235
8172,GOh1052_S431N,GOh1052,S431N,-6.686,0.484,0.2235
8173,GOh1052_S431D,GOh1052,S431D,-6.388,0.496,0.2235
8174,GOh1052_S431C,GOh1052,S431C,-11.299,0.304,0.2235
8175,GOh1052_S431Q,GOh1052,S431Q,-7.211,0.463,0.2235
8176,GOh1052_S431E,GOh1052,S431E,-6.837,0.478,0.2235
8177,GOh1052_S431G,GOh1052,S431G,-6.749,0.482,0.2235
8178,GOh1052_S431H,GOh1052,S431H,-9.322,0.381,0.2235
8179,GOh1052_S431I,GOh1052,S431I,-8.54,0.411546423967814,0.2235
8180,GOh1052_S431L,GOh1052,S431L,-7.74,0.442795203312371,0.2235
8181,GOh1052_S431K,GOh1052,S431K,-7.918,0.436,0.2235
8182,GOh1052_S431M,GOh1052,S431M,-9.49,0.374438498496152,0.2235
8183,GOh1052_S431F,GOh1052,S431F,-9.382,0.379,0.2235
8184,GOh1052_S431P,GOh1052,S431P,-9.42,0.377172766688801,0.2235
8185,GOh1052_S431T,GOh1052,S431T,-4.468,0.571,0.2235
8186,GOh1052_S431W,GOh1052,S431W,-10.223,0.346,0.2235
8187,GOh1052_S431Y,GOh1052,S431Y,-8.956,0.395,0.2235
8188,GOh1052_S431V,GOh1052,S431V,-7.335,0.459,0.2235
8189,GOh1052_D432A,GOh1052,D432A,-6.899,0.476,0.1984
8190,GOh1052_D432R,GOh1052,D432R,-9.0,0.393578375844694,0.1984
8191,GOh1052_D432N,GOh1052,D432N,-5.29,0.538494590055076,0.1984
8192,GOh1052_D432C,GOh1052,D432C,-13.368,0.223,0.1984
8193,GOh1052_D432Q,GOh1052,D432Q,-8.005,0.432,0.1984
8194,GOh1052_D432E,GOh1052,D432E,-6.607,0.487,0.1984
8195,GOh1052_D432G,GOh1052,D432G,-7.809,0.440,0.1984
8196,GOh1052_D432H,GOh1052,D432H,-8.516,0.412,0.1984
8197,GOh1052_D432I,GOh1052,D432I,-8.41,0.416624350611304,0.1984
8198,GOh1052_D432L,GOh1052,D432L,-7.51,0.451779227373931,0.1984
8199,GOh1052_D432K,GOh1052,D432K,-8.617,0.409,0.1984
8200,GOh1052_D432M,GOh1052,D432M,-9.517,0.373,0.1984
8201,GOh1052_D432F,GOh1052,D432F,-7.468,0.453,0.1984
8202,GOh1052_D432P,GOh1052,D432P,-5.541,0.529,0.1984
8203,GOh1052_D432S,GOh1052,D432S,-6.584,0.488,0.1984
8204,GOh1052_D432T,GOh1052,D432T,-6.355,0.497,0.1984
8205,GOh1052_D432W,GOh1052,D432W,-8.97,0.394750205070114,0.1984
8206,GOh1052_D432Y,GOh1052,D432Y,-6.333,0.498,0.1984
8207,GOh1052_D432V,GOh1052,D432V,-8.018,0.432,0.1984
8208,GOh1052_A433R,GOh1052,A433R,-13.445,0.220,0.0304
8209,GOh1052_A433N,GOh1052,A433N,-11.94,0.278739111753447,0.0304
8210,GOh1052_A433D,GOh1052,A433D,-12.457,0.259,0.0304
8211,GOh1052_A433C,GOh1052,A433C,-10.653,0.329,0.0304
8212,GOh1052_A433Q,GOh1052,A433Q,-12.488,0.257,0.0304
8213,GOh1052_A433E,GOh1052,A433E,-12.026,0.275,0.0304
8214,GOh1052_A433G,GOh1052,A433G,-7.488,0.453,0.0304
8215,GOh1052_A433H,GOh1052,A433H,-14.438,0.181,0.0304
8216,GOh1052_A433I,GOh1052,A433I,-12.405,0.261,0.0304
8217,GOh1052_A433L,GOh1052,A433L,-13.413,0.221,0.0304
8218,GOh1052_A433K,GOh1052,A433K,-13.731,0.209,0.0304
8219,GOh1052_A433M,GOh1052,A433M,-13.64,0.212335455646264,0.0304
8220,GOh1052_A433F,GOh1052,A433F,-13.986,0.199,0.0304
8221,GOh1052_A433P,GOh1052,A433P,-7.547,0.450,0.0304
8222,GOh1052_A433S,GOh1052,A433S,-6.72,0.482637396976681,0.0304
8223,GOh1052_A433T,GOh1052,A433T,-8.937,0.396,0.0304
8224,GOh1052_A433W,GOh1052,A433W,-14.972,0.160,0.0304
8225,GOh1052_A433Y,GOh1052,A433Y,-14.336,0.185,0.0304
8226,GOh1052_A433V,GOh1052,A433V,-9.891,0.359,0.0304
8227,GOh1052_T434A,GOh1052,T434A,-9.563,0.372,0.031
8228,GOh1052_T434R,GOh1052,T434R,-8.893,0.398,0.031
8229,GOh1052_T434N,GOh1052,T434N,-9.087,0.390,0.031
8230,GOh1052_T434D,GOh1052,T434D,-11.58,0.292801062458498,0.031
8231,GOh1052_T434C,GOh1052,T434C,-12.965,0.239,0.031
8232,GOh1052_T434Q,GOh1052,T434Q,-9.195,0.386,0.031
8233,GOh1052_T434E,GOh1052,T434E,-10.887,0.320,0.031
8234,GOh1052_T434G,GOh1052,T434G,-11.272,0.305,0.031
8235,GOh1052_T434H,GOh1052,T434H,-10.43,0.337721182766298,0.031
8236,GOh1052_T434I,GOh1052,T434I,-8.69,0.405687277840709,0.031
8237,GOh1052_T434L,GOh1052,T434L,-9.559,0.372,0.031
8238,GOh1052_T434K,GOh1052,T434K,-9.602,0.370,0.031
8239,GOh1052_T434M,GOh1052,T434M,-9.555,0.372,0.031
8240,GOh1052_T434F,GOh1052,T434F,-10.743,0.325,0.031
8241,GOh1052_T434P,GOh1052,T434P,-12.482,0.258,0.031
8242,GOh1052_T434S,GOh1052,T434S,-6.668,0.485,0.031
8243,GOh1052_T434W,GOh1052,T434W,-11.951,0.278,0.031
8244,GOh1052_T434Y,GOh1052,T434Y,-10.333,0.342,0.031
8245,GOh1052_T434V,GOh1052,T434V,-8.433,0.416,0.031
8246,GOh1052_T435A,GOh1052,T435A,-2.726,0.639,1.9396
8247,GOh1052_T435R,GOh1052,T435R,-2.745,0.638,1.9396
8248,GOh1052_T435N,GOh1052,T435N,-1.832,0.674,1.9396
8249,GOh1052_T435D,GOh1052,T435D,-3.499,0.608,1.9396
8250,GOh1052_T435C,GOh1052,T435C,-10.323,0.342,1.9396
8251,GOh1052_T435Q,GOh1052,T435Q,-4.27,0.578336783719386,1.9396
8252,GOh1052_T435E,GOh1052,T435E,-5.905,0.514,1.9396
8253,GOh1052_T435G,GOh1052,T435G,-4.588,0.566,1.9396
8254,GOh1052_T435H,GOh1052,T435H,-5.989,0.511,1.9396
8255,GOh1052_T435I,GOh1052,T435I,-6.207,0.503,1.9396
8256,GOh1052_T435L,GOh1052,T435L,-5.091,0.546,1.9396
8257,GOh1052_T435K,GOh1052,T435K,-2.238,0.658,1.9396
8258,GOh1052_T435M,GOh1052,T435M,-5.96,0.51232373735401,1.9396
8259,GOh1052_T435F,GOh1052,T435F,-6.689,0.484,1.9396
8260,GOh1052_T435P,GOh1052,T435P,-6.055,0.509,1.9396
8261,GOh1052_T435S,GOh1052,T435S,-2.9,0.63185031834694,1.9396
8262,GOh1052_T435W,GOh1052,T435W,-7.157,0.466,1.9396
8263,GOh1052_T435Y,GOh1052,T435Y,-6.139,0.505,1.9396
8264,GOh1052_T435V,GOh1052,T435V,-5.934,0.513,1.9396
8265,GOh1052_N436A,GOh1052,N436A,-5.663,0.524,0.5293
8266,GOh1052_N436R,GOh1052,N436R,-6.326,0.498,0.5293
8267,GOh1052_N436D,GOh1052,N436D,-3.585,0.605,0.5293
8268,GOh1052_N436C,GOh1052,N436C,-11.271,0.305,0.5293
8269,GOh1052_N436Q,GOh1052,N436Q,-6.353,0.497,0.5293
8270,GOh1052_N436E,GOh1052,N436E,-6.337,0.498,0.5293
8271,GOh1052_N436G,GOh1052,N436G,-6.838,0.478,0.5293
8272,GOh1052_N436H,GOh1052,N436H,-7.628,0.447,0.5293
8273,GOh1052_N436I,GOh1052,N436I,-8.1,0.42873325260732,0.5293
8274,GOh1052_N436L,GOh1052,N436L,-7.897,0.437,0.5293
8275,GOh1052_N436K,GOh1052,N436K,-5.972,0.512,0.5293
8276,GOh1052_N436M,GOh1052,N436M,-8.732,0.404,0.5293
8277,GOh1052_N436F,GOh1052,N436F,-9.169,0.387,0.5293
8278,GOh1052_N436P,GOh1052,N436P,-10.907,0.319,0.5293
8279,GOh1052_N436S,GOh1052,N436S,-4.289,0.578,0.5293
8280,GOh1052_N436T,GOh1052,N436T,-4.152,0.583,0.5293
8281,GOh1052_N436W,GOh1052,N436W,-9.793,0.363,0.5293
8282,GOh1052_N436Y,GOh1052,N436Y,-8.051,0.431,0.5293
8283,GOh1052_N436V,GOh1052,N436V,-7.453,0.454,0.5293
8284,GOh1052_A437R,GOh1052,A437R,-11.902,0.280,0.1189
8285,GOh1052_A437N,GOh1052,A437N,-8.504,0.413,0.1189
8286,GOh1052_A437D,GOh1052,A437D,-9.604,0.370,0.1189
8287,GOh1052_A437C,GOh1052,A437C,-10.834,0.322,0.1189
8288,GOh1052_A437Q,GOh1052,A437Q,-9.801,0.362,0.1189
8289,GOh1052_A437E,GOh1052,A437E,-10.76,0.324831061286668,0.1189
8290,GOh1052_A437G,GOh1052,A437G,-6.944,0.474,0.1189
8291,GOh1052_A437H,GOh1052,A437H,-11.177,0.309,0.1189
8292,GOh1052_A437I,GOh1052,A437I,-9.541,0.372,0.1189
8293,GOh1052_A437L,GOh1052,A437L,-10.288,0.343,0.1189
8294,GOh1052_A437K,GOh1052,A437K,-11.72,0.2873325260732,0.1189
8295,GOh1052_A437M,GOh1052,A437M,-8.401,0.417,0.1189
8296,GOh1052_A437F,GOh1052,A437F,-11.007,0.315,0.1189
8297,GOh1052_A437P,GOh1052,A437P,-8.23,0.42365532596383,0.1189
8298,GOh1052_A437S,GOh1052,A437S,-4.975,0.551,0.1189
8299,GOh1052_A437T,GOh1052,A437T,-5.806,0.518,0.1189
8300,GOh1052_A437W,GOh1052,A437W,-12.298,0.265,0.1189
8301,GOh1052_A437Y,GOh1052,A437Y,-10.693,0.327,0.1189
8302,GOh1052_A437V,GOh1052,A437V,-7.786,0.441,0.1189
8303,GOh1052_H438A,GOh1052,H438A,-8.749,0.403,0.1299
8304,GOh1052_H438R,GOh1052,H438R,-8.203,0.425,0.1299
8305,GOh1052_H438N,GOh1052,H438N,-5.054,0.548,0.1299
8306,GOh1052_H438D,GOh1052,H438D,-8.354,0.419,0.1299
8307,GOh1052_H438C,GOh1052,H438C,-11.974,0.277,0.1299
8308,GOh1052_H438Q,GOh1052,H438Q,-7.724,0.443,0.1299
8309,GOh1052_H438E,GOh1052,H438E,-9.249,0.384,0.1299
8310,GOh1052_H438G,GOh1052,H438G,-9.636,0.369,0.1299
8311,GOh1052_H438I,GOh1052,H438I,-12.52,0.256083746728643,0.1299
8312,GOh1052_H438L,GOh1052,H438L,-11.829,0.283,0.1299
8313,GOh1052_H438K,GOh1052,H438K,-9.385,0.379,0.1299
8314,GOh1052_H438M,GOh1052,H438M,-11.457,0.298,0.1299
8315,GOh1052_H438F,GOh1052,H438F,-9.341,0.380,0.1299
8316,GOh1052_H438P,GOh1052,H438P,-12.523,0.256,0.1299
8317,GOh1052_H438S,GOh1052,H438S,-7.522,0.451,0.1299
8318,GOh1052_H438T,GOh1052,H438T,-9.017,0.393,0.1299
8319,GOh1052_H438W,GOh1052,H438W,-10.166,0.348,0.1299
8320,GOh1052_H438Y,GOh1052,H438Y,-5.276,0.539,0.1299
8321,GOh1052_H438V,GOh1052,H438V,-11.041,0.314,0.1299
8322,GOh1052_I439A,GOh1052,I439A,-6.422,0.494,0.7186
8323,GOh1052_I439R,GOh1052,I439R,-5.905,0.514,0.7186
8324,GOh1052_I439N,GOh1052,I439N,-7.883,0.437,0.7186
8325,GOh1052_I439D,GOh1052,I439D,-8.916,0.397,0.7186
8326,GOh1052_I439C,GOh1052,I439C,-12.395,0.261,0.7186
8327,GOh1052_I439Q,GOh1052,I439Q,-6.537,0.490,0.7186
8328,GOh1052_I439E,GOh1052,I439E,-6.483,0.492,0.7186
8329,GOh1052_I439G,GOh1052,I439G,-9.072,0.391,0.7186
8330,GOh1052_I439H,GOh1052,I439H,-8.357,0.419,0.7186
8331,GOh1052_I439L,GOh1052,I439L,-3.321,0.615,0.7186
8332,GOh1052_I439K,GOh1052,I439K,-5.811,0.518,0.7186
8333,GOh1052_I439M,GOh1052,I439M,-5.56,0.527948127026288,0.7186
8334,GOh1052_I439F,GOh1052,I439F,-6.445,0.493,0.7186
8335,GOh1052_I439P,GOh1052,I439P,-9.355,0.380,0.7186
8336,GOh1052_I439S,GOh1052,I439S,-6.031,0.510,0.7186
8337,GOh1052_I439T,GOh1052,I439T,-4.143,0.583,0.7186
8338,GOh1052_I439W,GOh1052,I439W,-7.738,0.443,0.7186
8339,GOh1052_I439Y,GOh1052,I439Y,-6.485,0.492,0.7186
8340,GOh1052_I439V,GOh1052,I439V,-3.311,0.616,0.7186
8341,GOh1052_I440A,GOh1052,I440A,-8.098,0.429,0.1883
8342,GOh1052_I440R,GOh1052,I440R,-13.189,0.230,0.1883
8343,GOh1052_I440N,GOh1052,I440N,-9.26,0.383422522557713,0.1883
8344,GOh1052_I440D,GOh1052,I440D,-11.24,0.306081793679934,0.1883
8345,GOh1052_I440C,GOh1052,I440C,-12.126,0.271,0.1883
8346,GOh1052_I440Q,GOh1052,I440Q,-10.319,0.342,0.1883
8347,GOh1052_I440E,GOh1052,I440E,-10.569,0.332,0.1883
8348,GOh1052_I440G,GOh1052,I440G,-12.901,0.241,0.1883
8349,GOh1052_I440H,GOh1052,I440H,-11.392,0.300,0.1883
8350,GOh1052_I440L,GOh1052,I440L,-6.174,0.504,0.1883
8351,GOh1052_I440K,GOh1052,I440K,-12.739,0.248,0.1883
8352,GOh1052_I440M,GOh1052,I440M,-6.769,0.481,0.1883
8353,GOh1052_I440F,GOh1052,I440F,-9.495,0.374,0.1883
8354,GOh1052_I440P,GOh1052,I440P,-14.403,0.183,0.1883
8355,GOh1052_I440S,GOh1052,I440S,-9.067,0.391,0.1883
8356,GOh1052_I440T,GOh1052,I440T,-4.502,0.569,0.1883
8357,GOh1052_I440W,GOh1052,I440W,-12.184,0.269,0.1883
8358,GOh1052_I440Y,GOh1052,I440Y,-10.605,0.331,0.1883
8359,GOh1052_I440V,GOh1052,I440V,-4.982,0.551,0.1883
8360,GOh1052_T441A,GOh1052,T441A,-8.342,0.419,0.2225
8361,GOh1052_T441R,GOh1052,T441R,-8.42,0.416233740869497,0.2225
8362,GOh1052_T441N,GOh1052,T441N,-6.033,0.509,0.2225
8363,GOh1052_T441D,GOh1052,T441D,-4.367,0.575,0.2225
8364,GOh1052_T441C,GOh1052,T441C,-14.828,0.166,0.2225
8365,GOh1052_T441Q,GOh1052,T441Q,-6.932,0.474,0.2225
8366,GOh1052_T441E,GOh1052,T441E,-5.791,0.519,0.2225
8367,GOh1052_T441G,GOh1052,T441G,-8.439,0.415,0.2225
8368,GOh1052_T441H,GOh1052,T441H,-8.948,0.396,0.2225
8369,GOh1052_T441I,GOh1052,T441I,-10.683,0.328,0.2225
8370,GOh1052_T441L,GOh1052,T441L,-10.988,0.316,0.2225
8371,GOh1052_T441K,GOh1052,T441K,-7.688,0.445,0.2225
8372,GOh1052_T441M,GOh1052,T441M,-11.132,0.310,0.2225
8373,GOh1052_T441F,GOh1052,T441F,-11.125,0.311,0.2225
8374,GOh1052_T441P,GOh1052,T441P,-10.131,0.349,0.2225
8375,GOh1052_T441S,GOh1052,T441S,-5.39,0.534588492637006,0.2225
8376,GOh1052_T441W,GOh1052,T441W,-10.984,0.316,0.2225
8377,GOh1052_T441Y,GOh1052,T441Y,-8.78,0.402171790164447,0.2225
8378,GOh1052_T441V,GOh1052,T441V,-9.758,0.364,0.2225
8379,GOh1052_L442A,GOh1052,L442A,-8.575,0.410,0.837
8380,GOh1052_L442R,GOh1052,L442R,-13.092,0.234,0.837
8381,GOh1052_L442N,GOh1052,L442N,-11.168,0.309,0.837
8382,GOh1052_L442D,GOh1052,L442D,-12.542,0.255,0.837
8383,GOh1052_L442C,GOh1052,L442C,-11.032,0.314,0.837
8384,GOh1052_L442Q,GOh1052,L442Q,-11.638,0.291,0.837
8385,GOh1052_L442E,GOh1052,L442E,-12.566,0.254,0.837
8386,GOh1052_L442G,GOh1052,L442G,-11.787,0.285,0.837
8387,GOh1052_L442H,GOh1052,L442H,-12.628,0.252,0.837
8388,GOh1052_L442I,GOh1052,L442I,-1.399,0.690,0.837
8389,GOh1052_L442K,GOh1052,L442K,-12.881,0.242,0.837
8390,GOh1052_L442M,GOh1052,L442M,-6.605,0.487,0.837
8391,GOh1052_L442F,GOh1052,L442F,-7.717,0.444,0.837
8392,GOh1052_L442P,GOh1052,L442P,-8.773,0.402,0.837
8393,GOh1052_L442S,GOh1052,L442S,-11.284,0.304,0.837
8394,GOh1052_L442T,GOh1052,L442T,-8.318,0.420,0.837
8395,GOh1052_L442W,GOh1052,L442W,-12.637,0.252,0.837
8396,GOh1052_L442Y,GOh1052,L442Y,-10.712,0.327,0.837
8397,GOh1052_L442V,GOh1052,L442V,-4.034,0.588,0.837
8398,GOh1052_G443A,GOh1052,G443A,-4.611,0.565,1.0768
8399,GOh1052_G443R,GOh1052,G443R,-6.929,0.474,1.0768
8400,GOh1052_G443N,GOh1052,G443N,-3.05,0.625991172219835,1.0768
8401,GOh1052_G443D,GOh1052,G443D,-2.909,0.631,1.0768
8402,GOh1052_G443C,GOh1052,G443C,-11.102,0.311,1.0768
8403,GOh1052_G443Q,GOh1052,G443Q,-5.445,0.532,1.0768
8404,GOh1052_G443E,GOh1052,G443E,-3.86,0.594351783133471,1.0768
8405,GOh1052_G443H,GOh1052,G443H,-7.49,0.452560446857545,1.0768
8406,GOh1052_G443I,GOh1052,G443I,-9.309,0.382,1.0768
8407,GOh1052_G443L,GOh1052,G443L,-8.429,0.416,1.0768
8408,GOh1052_G443K,GOh1052,G443K,-5.145,0.544,1.0768
8409,GOh1052_G443M,GOh1052,G443M,-9.304,0.382,1.0768
8410,GOh1052_G443F,GOh1052,G443F,-9.485,0.375,1.0768
8411,GOh1052_G443P,GOh1052,G443P,-4.675,0.563,1.0768
8412,GOh1052_G443S,GOh1052,G443S,-3.782,0.597,1.0768
8413,GOh1052_G443T,GOh1052,G443T,-4.664,0.563,1.0768
8414,GOh1052_G443W,GOh1052,G443W,-9.117,0.389,1.0768
8415,GOh1052_G443Y,GOh1052,G443Y,-7.523,0.451,1.0768
8416,GOh1052_G443V,GOh1052,G443V,-7.485,0.453,1.0768
8417,GOh1052_E444A,GOh1052,E444A,-2.623,0.643,2.2079
8418,GOh1052_E444R,GOh1052,E444R,-5.548,0.528,2.2079
8419,GOh1052_E444N,GOh1052,E444N,-1.971,0.668,2.2079
8420,GOh1052_E444D,GOh1052,E444D,-2.152,0.661,2.2079
8421,GOh1052_E444C,GOh1052,E444C,-9.427,0.377,2.2079
8422,GOh1052_E444Q,GOh1052,E444Q,-4.211,0.581,2.2079
8423,GOh1052_E444G,GOh1052,E444G,-3.634,0.603,2.2079
8424,GOh1052_E444H,GOh1052,E444H,-7.439,0.455,2.2079
8425,GOh1052_E444I,GOh1052,E444I,-6.191,0.503,2.2079
8426,GOh1052_E444L,GOh1052,E444L,-5.993,0.511,2.2079
8427,GOh1052_E444K,GOh1052,E444K,-3.827,0.596,2.2079
8428,GOh1052_E444M,GOh1052,E444M,-7.666,0.446,2.2079
8429,GOh1052_E444F,GOh1052,E444F,-8.049,0.431,2.2079
8430,GOh1052_E444P,GOh1052,E444P,-4.056,0.587,2.2079
8431,GOh1052_E444S,GOh1052,E444S,-1.958,0.669,2.2079
8432,GOh1052_E444T,GOh1052,E444T,-1.876,0.672,2.2079
8433,GOh1052_E444W,GOh1052,E444W,-8.418,0.416,2.2079
8434,GOh1052_E444Y,GOh1052,E444Y,-6.74,0.481856177493067,2.2079
8435,GOh1052_E444V,GOh1052,E444V,-4.84,0.556072028436389,2.2079
8436,GOh1052_P445A,GOh1052,P445A,-4.626,0.564,1.4213
8437,GOh1052_P445R,GOh1052,P445R,-7.112,0.467,1.4213
8438,GOh1052_P445N,GOh1052,P445N,-2.476,0.648,1.4213
8439,GOh1052_P445D,GOh1052,P445D,-2.188,0.660,1.4213
8440,GOh1052_P445C,GOh1052,P445C,-10.204,0.347,1.4213
8441,GOh1052_P445Q,GOh1052,P445Q,-5.743,0.521,1.4213
8442,GOh1052_P445E,GOh1052,P445E,-5.212,0.542,1.4213
8443,GOh1052_P445G,GOh1052,P445G,-4.048,0.587,1.4213
8444,GOh1052_P445H,GOh1052,P445H,-7.52,0.451388617632124,1.4213
8445,GOh1052_P445I,GOh1052,P445I,-5.855,0.516,1.4213
8446,GOh1052_P445L,GOh1052,P445L,-5.124,0.545,1.4213
8447,GOh1052_P445K,GOh1052,P445K,-5.62,0.525604468575446,1.4213
8448,GOh1052_P445M,GOh1052,P445M,-7.462,0.454,1.4213
8449,GOh1052_P445F,GOh1052,P445F,-7.103,0.468,1.4213
8450,GOh1052_P445S,GOh1052,P445S,-3.412,0.612,1.4213
8451,GOh1052_P445T,GOh1052,P445T,-3.94,0.591226905199016,1.4213
8452,GOh1052_P445W,GOh1052,P445W,-8.636,0.408,1.4213
8453,GOh1052_P445Y,GOh1052,P445Y,-6.76,0.481074958009453,1.4213
8454,GOh1052_P445V,GOh1052,P445V,-4.964,0.551,1.4213
8455,GOh1052_G446A,GOh1052,G446A,-5.252,0.540,0.5219
8456,GOh1052_G446R,GOh1052,G446R,-8.11,0.428342642865513,0.5219
8457,GOh1052_G446N,GOh1052,G446N,-4.696,0.562,0.5219
8458,GOh1052_G446D,GOh1052,G446D,-4.218,0.580,0.5219
8459,GOh1052_G446C,GOh1052,G446C,-9.701,0.366,0.5219
8460,GOh1052_G446Q,GOh1052,G446Q,-6.733,0.482,0.5219
8461,GOh1052_G446E,GOh1052,G446E,-4.701,0.562,0.5219
8462,GOh1052_G446H,GOh1052,G446H,-8.553,0.411,0.5219
8463,GOh1052_G446I,GOh1052,G446I,-7.741,0.443,0.5219
8464,GOh1052_G446L,GOh1052,G446L,-6.501,0.491,0.5219
8465,GOh1052_G446K,GOh1052,G446K,-7.491,0.453,0.5219
8466,GOh1052_G446M,GOh1052,G446M,-8.177,0.426,0.5219
8467,GOh1052_G446F,GOh1052,G446F,-7.338,0.458,0.5219
8468,GOh1052_G446P,GOh1052,G446P,-6.542,0.490,0.5219
8469,GOh1052_G446S,GOh1052,G446S,-4.676,0.562,0.5219
8470,GOh1052_G446T,GOh1052,G446T,-4.85,0.555681418694582,0.5219
8471,GOh1052_G446W,GOh1052,G446W,-7.981,0.433,0.5219
8472,GOh1052_G446Y,GOh1052,G446Y,-7.326,0.459,0.5219
8473,GOh1052_G446V,GOh1052,G446V,-6.733,0.482,0.5219
8474,GOh1052_T447A,GOh1052,T447A,-3.57,0.605679465645873,1.4484
8475,GOh1052_T447R,GOh1052,T447R,-5.468,0.532,1.4484
8476,GOh1052_T447N,GOh1052,T447N,-3.662,0.602,1.4484
8477,GOh1052_T447D,GOh1052,T447D,-4.271,0.578,1.4484
8478,GOh1052_T447C,GOh1052,T447C,-5.634,0.525,1.4484
8479,GOh1052_T447Q,GOh1052,T447Q,-4.164,0.582,1.4484
8480,GOh1052_T447E,GOh1052,T447E,-4.504,0.569,1.4484
8481,GOh1052_T447G,GOh1052,T447G,-3.598,0.605,1.4484
8482,GOh1052_T447H,GOh1052,T447H,-6.854,0.477,1.4484
8483,GOh1052_T447I,GOh1052,T447I,-5.779,0.519,1.4484
8484,GOh1052_T447L,GOh1052,T447L,-5.547,0.528,1.4484
8485,GOh1052_T447K,GOh1052,T447K,-4.118,0.584,1.4484
8486,GOh1052_T447M,GOh1052,T447M,-6.934,0.474,1.4484
8487,GOh1052_T447F,GOh1052,T447F,-6.01,0.510370688644975,1.4484
8488,GOh1052_T447P,GOh1052,T447P,-5.32,0.537322760829655,1.4484
8489,GOh1052_T447S,GOh1052,T447S,-2.561,0.645,1.4484
8490,GOh1052_T447W,GOh1052,T447W,-5.304,0.538,1.4484
8491,GOh1052_T447Y,GOh1052,T447Y,-5.371,0.535,1.4484
8492,GOh1052_T447V,GOh1052,T447V,-4.431,0.572,1.4484
8493,GOh1052_S448A,GOh1052,S448A,-3.874,0.594,1.1976
8494,GOh1052_S448R,GOh1052,S448R,-6.082,0.508,1.1976
8495,GOh1052_S448N,GOh1052,S448N,-3.239,0.619,1.1976
8496,GOh1052_S448D,GOh1052,S448D,-3.916,0.592,1.1976
8497,GOh1052_S448C,GOh1052,S448C,-8.477,0.414,1.1976
8498,GOh1052_S448Q,GOh1052,S448Q,-4.705,0.561,1.1976
8499,GOh1052_S448E,GOh1052,S448E,-4.405,0.573,1.1976
8500,GOh1052_S448G,GOh1052,S448G,-5.252,0.540,1.1976
8501,GOh1052_S448H,GOh1052,S448H,-7.005,0.472,1.1976
8502,GOh1052_S448I,GOh1052,S448I,-5.931,0.513,1.1976
8503,GOh1052_S448L,GOh1052,S448L,-5.096,0.546,1.1976
8504,GOh1052_S448K,GOh1052,S448K,-5.014,0.549,1.1976
8505,GOh1052_S448M,GOh1052,S448M,-7.039,0.470,1.1976
8506,GOh1052_S448F,GOh1052,S448F,-6.248,0.501,1.1976
8507,GOh1052_S448P,GOh1052,S448P,-4.631,0.564,1.1976
8508,GOh1052_S448T,GOh1052,S448T,-3.084,0.625,1.1976
8509,GOh1052_S448W,GOh1052,S448W,-7.39,0.456466544275614,1.1976
8510,GOh1052_S448Y,GOh1052,S448Y,-5.64,0.524823249091832,1.1976
8511,GOh1052_S448V,GOh1052,S448V,-4.847,0.556,1.1976
8512,GOh1052_P449A,GOh1052,P449A,-1.7,0.678723487363775,2.2899
8513,GOh1052_P449R,GOh1052,P449R,-5.498,0.530,2.2899
8514,GOh1052_P449N,GOh1052,P449N,-1.712,0.678,2.2899
8515,GOh1052_P449D,GOh1052,P449D,-3.013,0.627,2.2899
8516,GOh1052_P449C,GOh1052,P449C,-7.44,0.454513495566579,2.2899
8517,GOh1052_P449Q,GOh1052,P449Q,-4.539,0.568,2.2899
8518,GOh1052_P449E,GOh1052,P449E,-4.509,0.569,2.2899
8519,GOh1052_P449G,GOh1052,P449G,-3.449,0.610,2.2899
8520,GOh1052_P449H,GOh1052,P449H,-6.264,0.500,2.2899
8521,GOh1052_P449I,GOh1052,P449I,-4.902,0.554,2.2899
8522,GOh1052_P449L,GOh1052,P449L,-5.08,0.546697394633022,2.2899
8523,GOh1052_P449K,GOh1052,P449K,-4.561,0.567,2.2899
8524,GOh1052_P449M,GOh1052,P449M,-6.432,0.494,2.2899
8525,GOh1052_P449F,GOh1052,P449F,-5.055,0.548,2.2899
8526,GOh1052_P449S,GOh1052,P449S,-2.038,0.666,2.2899
8527,GOh1052_P449T,GOh1052,P449T,-2.79,0.636147025506816,2.2899
8528,GOh1052_P449W,GOh1052,P449W,-5.639,0.525,2.2899
8529,GOh1052_P449Y,GOh1052,P449Y,-4.278,0.578,2.2899
8530,GOh1052_P449V,GOh1052,P449V,-3.451,0.610,2.2899
8531,GOh1052_N450A,GOh1052,N450A,-1.208,0.698,2.5441
8532,GOh1052_N450R,GOh1052,N450R,-3.741,0.599,2.5441
8533,GOh1052_N450D,GOh1052,N450D,-3.445,0.611,2.5441
8534,GOh1052_N450C,GOh1052,N450C,-5.915,0.514,2.5441
8535,GOh1052_N450Q,GOh1052,N450Q,-2.405,0.651,2.5441
8536,GOh1052_N450E,GOh1052,N450E,-2.481,0.648,2.5441
8537,GOh1052_N450G,GOh1052,N450G,-3.289,0.617,2.5441
8538,GOh1052_N450H,GOh1052,N450H,-4.797,0.558,2.5441
8539,GOh1052_N450I,GOh1052,N450I,-3.071,0.625,2.5441
8540,GOh1052_N450L,GOh1052,N450L,-3.332,0.615,2.5441
8541,GOh1052_N450K,GOh1052,N450K,-2.483,0.648,2.5441
8542,GOh1052_N450M,GOh1052,N450M,-4.805,0.557,2.5441
8543,GOh1052_N450F,GOh1052,N450F,-2.752,0.638,2.5441
8544,GOh1052_N450P,GOh1052,N450P,0.964,0.783,2.5441
8545,GOh1052_N450S,GOh1052,N450S,-1.362,0.692,2.5441
8546,GOh1052_N450T,GOh1052,N450T,-1.512,0.686,2.5441
8547,GOh1052_N450W,GOh1052,N450W,-3.772,0.598,2.5441
8548,GOh1052_N450Y,GOh1052,N450Y,-2.512,0.647,2.5441
8549,GOh1052_N450V,GOh1052,N450V,-1.715,0.678,2.5441
8550,GOh1052_T451A,GOh1052,T451A,-3.169,0.621,2.1438
8551,GOh1052_T451R,GOh1052,T451R,-5.515,0.530,2.1438
8552,GOh1052_T451N,GOh1052,T451N,-3.946,0.591,2.1438
8553,GOh1052_T451D,GOh1052,T451D,-4.478,0.570,2.1438
8554,GOh1052_T451C,GOh1052,T451C,-6.962,0.473,2.1438
8555,GOh1052_T451Q,GOh1052,T451Q,-4.559,0.567,2.1438
8556,GOh1052_T451E,GOh1052,T451E,-4.307,0.577,2.1438
8557,GOh1052_T451G,GOh1052,T451G,-5.155,0.544,2.1438
8558,GOh1052_T451H,GOh1052,T451H,-5.909,0.514,2.1438
8559,GOh1052_T451I,GOh1052,T451I,-3.549,0.606,2.1438
8560,GOh1052_T451L,GOh1052,T451L,-4.465,0.571,2.1438
8561,GOh1052_T451K,GOh1052,T451K,-4.158,0.583,2.1438
8562,GOh1052_T451M,GOh1052,T451M,-5.293,0.538,2.1438
8563,GOh1052_T451F,GOh1052,T451F,-3.653,0.602,2.1438
8564,GOh1052_T451P,GOh1052,T451P,-4.22,0.580289832428421,2.1438
8565,GOh1052_T451S,GOh1052,T451S,-3.34,0.614663489707433,2.1438
8566,GOh1052_T451W,GOh1052,T451W,-2.585,0.644,2.1438
8567,GOh1052_T451Y,GOh1052,T451Y,-3.465,0.610,2.1438
8568,GOh1052_T451V,GOh1052,T451V,-1.2,0.698253974454123,2.1438
8569,GOh1052_V452A,GOh1052,V452A,-2.854,0.634,2.3713
8570,GOh1052_V452R,GOh1052,V452R,-2.973,0.629,2.3713
8571,GOh1052_V452N,GOh1052,V452N,-3.821,0.596,2.3713
8572,GOh1052_V452D,GOh1052,V452D,-4.139,0.583,2.3713
8573,GOh1052_V452C,GOh1052,V452C,-8.579,0.410,2.3713
8574,GOh1052_V452Q,GOh1052,V452Q,-3.077,0.625,2.3713
8575,GOh1052_V452E,GOh1052,V452E,-3.198,0.620,2.3713
8576,GOh1052_V452G,GOh1052,V452G,-4.134,0.584,2.3713
8577,GOh1052_V452H,GOh1052,V452H,-5.671,0.524,2.3713
8578,GOh1052_V452I,GOh1052,V452I,-5.154,0.544,2.3713
8579,GOh1052_V452L,GOh1052,V452L,-5.097,0.546,2.3713
8580,GOh1052_V452K,GOh1052,V452K,-2.595,0.644,2.3713
8581,GOh1052_V452M,GOh1052,V452M,-6.358,0.497,2.3713
8582,GOh1052_V452F,GOh1052,V452F,-5.79,0.518964102964728,2.3713
8583,GOh1052_V452P,GOh1052,V452P,-4.704,0.561,2.3713
8584,GOh1052_V452S,GOh1052,V452S,-1.715,0.678,2.3713
8585,GOh1052_V452T,GOh1052,V452T,-1.959,0.669,2.3713
8586,GOh1052_V452W,GOh1052,V452W,-3.262,0.618,2.3713
8587,GOh1052_V452Y,GOh1052,V452Y,-5.043,0.548,2.3713
8588,GOh1052_F453A,GOh1052,F453A,0.818,0.777,3.4916
8589,GOh1052_F453R,GOh1052,F453R,-0.19,0.737705558376626,3.4916
8590,GOh1052_F453N,GOh1052,F453N,-0.239,0.736,3.4916
8591,GOh1052_F453D,GOh1052,F453D,-0.894,0.710,3.4916
8592,GOh1052_F453C,GOh1052,F453C,-7.258,0.462,3.4916
8593,GOh1052_F453Q,GOh1052,F453Q,-0.161,0.739,3.4916
8594,GOh1052_F453E,GOh1052,F453E,-1.121,0.701,3.4916
8595,GOh1052_F453G,GOh1052,F453G,-1.363,0.692,3.4916
8596,GOh1052_F453H,GOh1052,F453H,-3.06,0.625600562478028,3.4916
8597,GOh1052_F453I,GOh1052,F453I,-1.809,0.674,3.4916
8598,GOh1052_F453L,GOh1052,F453L,-1.125,0.701,3.4916
8599,GOh1052_F453K,GOh1052,F453K,1.032,0.785,3.4916
8600,GOh1052_F453M,GOh1052,F453M,-3.14,0.622475684543573,3.4916
8601,GOh1052_F453P,GOh1052,F453P,0.509,0.765,3.4916
8602,GOh1052_F453S,GOh1052,F453S,0.975,0.783,3.4916
8603,GOh1052_F453T,GOh1052,F453T,1.36,0.798250068356705,3.4916
8604,GOh1052_F453W,GOh1052,F453W,-4.019,0.588,3.4916
8605,GOh1052_F453Y,GOh1052,F453Y,-2.47,0.648646537244639,3.4916
8606,GOh1052_F453V,GOh1052,F453V,0.163,0.751,3.4916
8607,GOh1052_A454R,GOh1052,A454R,-3.657,0.602,1.4644
8608,GOh1052_A454N,GOh1052,A454N,-4.317,0.577,1.4644
8609,GOh1052_A454D,GOh1052,A454D,-5.648,0.525,1.4644
8610,GOh1052_A454C,GOh1052,A454C,-9.569,0.371,1.4644
8611,GOh1052_A454Q,GOh1052,A454Q,-4.342,0.576,1.4644
8612,GOh1052_A454E,GOh1052,A454E,-5.995,0.511,1.4644
8613,GOh1052_A454G,GOh1052,A454G,-4.104,0.585,1.4644
8614,GOh1052_A454H,GOh1052,A454H,-5.414,0.534,1.4644
8615,GOh1052_A454I,GOh1052,A454I,-6.463,0.493,1.4644
8616,GOh1052_A454L,GOh1052,A454L,-5.643,0.525,1.4644
8617,GOh1052_A454K,GOh1052,A454K,-2.599,0.644,1.4644
8618,GOh1052_A454M,GOh1052,A454M,-7.029,0.471,1.4644
8619,GOh1052_A454F,GOh1052,A454F,-7.466,0.453,1.4644
8620,GOh1052_A454P,GOh1052,A454P,-3.773,0.598,1.4644
8621,GOh1052_A454S,GOh1052,A454S,-2.998,0.628,1.4644
8622,GOh1052_A454T,GOh1052,A454T,-3.236,0.619,1.4644
8623,GOh1052_A454W,GOh1052,A454W,-8.311,0.420,1.4644
8624,GOh1052_A454Y,GOh1052,A454Y,-6.595,0.488,1.4644
8625,GOh1052_A454V,GOh1052,A454V,-4.831,0.556,1.4644
8626,GOh1052_S455A,GOh1052,S455A,-4.038,0.587,1.2346
8627,GOh1052_S455R,GOh1052,S455R,-4.389,0.574,1.2346
8628,GOh1052_S455N,GOh1052,S455N,-3.832,0.595,1.2346
8629,GOh1052_S455D,GOh1052,S455D,-4.427,0.572,1.2346
8630,GOh1052_S455C,GOh1052,S455C,-11.449,0.298,1.2346
8631,GOh1052_S455Q,GOh1052,S455Q,-4.185,0.582,1.2346
8632,GOh1052_S455E,GOh1052,S455E,-4.987,0.550,1.2346
8633,GOh1052_S455G,GOh1052,S455G,-4.267,0.578,1.2346
8634,GOh1052_S455H,GOh1052,S455H,-6.32,0.498261786648959,1.2346
8635,GOh1052_S455I,GOh1052,S455I,-7.766,0.442,1.2346
8636,GOh1052_S455L,GOh1052,S455L,-7.101,0.468,1.2346
8637,GOh1052_S455K,GOh1052,S455K,-3.162,0.622,1.2346
8638,GOh1052_S455M,GOh1052,S455M,-8.223,0.424,1.2346
8639,GOh1052_S455F,GOh1052,S455F,-8.497,0.413,1.2346
8640,GOh1052_S455P,GOh1052,S455P,-3.217,0.619,1.2346
8641,GOh1052_S455T,GOh1052,S455T,-3.942,0.591,1.2346
8642,GOh1052_S455W,GOh1052,S455W,-9.611,0.370,1.2346
8643,GOh1052_S455Y,GOh1052,S455Y,-7.513,0.452,1.2346
8644,GOh1052_S455V,GOh1052,S455V,-5.806,0.518,1.2346
8645,GOh1052_N456A,GOh1052,N456A,-4.331,0.576,1.2045
8646,GOh1052_N456R,GOh1052,N456R,-4.615,0.565,1.2045
8647,GOh1052_N456D,GOh1052,N456D,-4.649,0.564,1.2045
8648,GOh1052_N456C,GOh1052,N456C,-10.521,0.334,1.2045
8649,GOh1052_N456Q,GOh1052,N456Q,-4.995,0.550,1.2045
8650,GOh1052_N456E,GOh1052,N456E,-5.725,0.522,1.2045
8651,GOh1052_N456G,GOh1052,N456G,-2.836,0.634,1.2045
8652,GOh1052_N456H,GOh1052,N456H,-5.891,0.515,1.2045
8653,GOh1052_N456I,GOh1052,N456I,-7.95,0.434592398734424,1.2045
8654,GOh1052_N456L,GOh1052,N456L,-7.696,0.445,1.2045
8655,GOh1052_N456K,GOh1052,N456K,-3.06,0.625600562478028,1.2045
8656,GOh1052_N456M,GOh1052,N456M,-8.487,0.414,1.2045
8657,GOh1052_N456F,GOh1052,N456F,-8.44,0.415452521385883,1.2045
8658,GOh1052_N456P,GOh1052,N456P,-4.277,0.578,1.2045
8659,GOh1052_N456S,GOh1052,N456S,-3.544,0.607,1.2045
8660,GOh1052_N456T,GOh1052,N456T,-4.095,0.585,1.2045
8661,GOh1052_N456W,GOh1052,N456W,-9.819,0.362,1.2045
8662,GOh1052_N456Y,GOh1052,N456Y,-7.811,0.440,1.2045
8663,GOh1052_N456V,GOh1052,N456V,-6.635,0.486,1.2045
8664,GOh1052_G457A,GOh1052,G457A,-3.624,0.604,1.6599
8665,GOh1052_G457R,GOh1052,G457R,-4.563,0.567,1.6599
8666,GOh1052_G457N,GOh1052,G457N,-2.704,0.640,1.6599
8667,GOh1052_G457D,GOh1052,G457D,-3.264,0.618,1.6599
8668,GOh1052_G457C,GOh1052,G457C,-8.938,0.396,1.6599
8669,GOh1052_G457Q,GOh1052,G457Q,-4.42,0.572477637592282,1.6599
8670,GOh1052_G457E,GOh1052,G457E,-5.023,0.549,1.6599
8671,GOh1052_G457H,GOh1052,G457H,-5.71,0.522088980899184,1.6599
8672,GOh1052_G457I,GOh1052,G457I,-7.201,0.464,1.6599
8673,GOh1052_G457L,GOh1052,G457L,-5.809,0.518,1.6599
8674,GOh1052_G457K,GOh1052,G457K,-3.798,0.597,1.6599
8675,GOh1052_G457M,GOh1052,G457M,-6.793,0.480,1.6599
8676,GOh1052_G457F,GOh1052,G457F,-6.347,0.497,1.6599
8677,GOh1052_G457P,GOh1052,G457P,-3.153,0.622,1.6599
8678,GOh1052_G457S,GOh1052,G457S,-2.446,0.650,1.6599
8679,GOh1052_G457T,GOh1052,G457T,-3.72,0.599820319518769,1.6599
8680,GOh1052_G457W,GOh1052,G457W,-8.027,0.432,1.6599
8681,GOh1052_G457Y,GOh1052,G457Y,-6.248,0.501,1.6599
8682,GOh1052_G457V,GOh1052,G457V,-6.126,0.506,1.6599
8683,GOh1052_L458A,GOh1052,L458A,-1.859,0.673,1.7554
8684,GOh1052_L458R,GOh1052,L458R,-6.615,0.487,1.7554
8685,GOh1052_L458N,GOh1052,L458N,-5.074,0.547,1.7554
8686,GOh1052_L458D,GOh1052,L458D,-6.35,0.497089957423538,1.7554
8687,GOh1052_L458C,GOh1052,L458C,-8.091,0.429,1.7554
8688,GOh1052_L458Q,GOh1052,L458Q,-4.699,0.562,1.7554
8689,GOh1052_L458E,GOh1052,L458E,-5.898,0.515,1.7554
8690,GOh1052_L458G,GOh1052,L458G,-4.163,0.583,1.7554
8691,GOh1052_L458H,GOh1052,L458H,-5.667,0.524,1.7554
8692,GOh1052_L458I,GOh1052,L458I,-5.254,0.540,1.7554
8693,GOh1052_L458K,GOh1052,L458K,-5.814,0.518,1.7554
8694,GOh1052_L458M,GOh1052,L458M,-1.227,0.697,1.7554
8695,GOh1052_L458F,GOh1052,L458F,-6.734,0.482,1.7554
8696,GOh1052_L458P,GOh1052,L458P,-3.697,0.601,1.7554
8697,GOh1052_L458S,GOh1052,L458S,-4.199,0.581,1.7554
8698,GOh1052_L458T,GOh1052,L458T,-3.524,0.607,1.7554
8699,GOh1052_L458W,GOh1052,L458W,-8.373,0.418,1.7554
8700,GOh1052_L458Y,GOh1052,L458Y,-7.402,0.456,1.7554
8701,GOh1052_L458V,GOh1052,L458V,-4.917,0.553,1.7554
8702,GOh1052_Y459A,GOh1052,Y459A,-0.375,0.730,3.317
8703,GOh1052_Y459R,GOh1052,Y459R,-2.393,0.652,3.317
8704,GOh1052_Y459N,GOh1052,Y459N,-0.568,0.723,3.317
8705,GOh1052_Y459D,GOh1052,Y459D,-2.512,0.647,3.317
8706,GOh1052_Y459C,GOh1052,Y459C,-7.897,0.437,3.317
8707,GOh1052_Y459Q,GOh1052,Y459Q,-1.556,0.684,3.317
8708,GOh1052_Y459E,GOh1052,Y459E,-2.59,0.643959220342955,3.317
8709,GOh1052_Y459G,GOh1052,Y459G,-0.996,0.706,3.317
8710,GOh1052_Y459H,GOh1052,Y459H,-1.527,0.685,3.317
8711,GOh1052_Y459I,GOh1052,Y459I,-4.511,0.569,3.317
8712,GOh1052_Y459L,GOh1052,Y459L,-3.61,0.604117026678645,3.317
8713,GOh1052_Y459K,GOh1052,Y459K,-1.835,0.673,3.317
8714,GOh1052_Y459M,GOh1052,Y459M,-4.683,0.562,3.317
8715,GOh1052_Y459F,GOh1052,Y459F,-4.148,0.583,3.317
8716,GOh1052_Y459P,GOh1052,Y459P,-2.995,0.628,3.317
8717,GOh1052_Y459S,GOh1052,Y459S,-0.148,0.739,3.317
8718,GOh1052_Y459T,GOh1052,Y459T,-1.264,0.696,3.317
8719,GOh1052_Y459W,GOh1052,Y459W,-6.029,0.510,3.317
8720,GOh1052_Y459V,GOh1052,Y459V,-3.639,0.603,3.317
8721,GOh1052_F460A,GOh1052,F460A,-5.826,0.518,1.0301
8722,GOh1052_F460R,GOh1052,F460R,-5.982,0.511,1.0301
8723,GOh1052_F460N,GOh1052,F460N,-4.356,0.575,1.0301
8724,GOh1052_F460D,GOh1052,F460D,-4.81,0.55724385766181,1.0301
8725,GOh1052_F460C,GOh1052,F460C,-11.833,0.283,1.0301
8726,GOh1052_F460Q,GOh1052,F460Q,-4.578,0.566,1.0301
8727,GOh1052_F460E,GOh1052,F460E,-4.727,0.560,1.0301
8728,GOh1052_F460G,GOh1052,F460G,-5.787,0.519,1.0301
8729,GOh1052_F460H,GOh1052,F460H,-3.966,0.590,1.0301
8730,GOh1052_F460I,GOh1052,F460I,-6.76,0.481074958009453,1.0301
8731,GOh1052_F460L,GOh1052,F460L,-6.545,0.489,1.0301
8732,GOh1052_F460K,GOh1052,F460K,-6.616,0.487,1.0301
8733,GOh1052_F460M,GOh1052,F460M,-7.233,0.463,1.0301
8734,GOh1052_F460P,GOh1052,F460P,-7.679,0.445,1.0301
8735,GOh1052_F460S,GOh1052,F460S,-5.226,0.541,1.0301
8736,GOh1052_F460T,GOh1052,F460T,-4.993,0.550,1.0301
8737,GOh1052_F460W,GOh1052,F460W,-6.976,0.473,1.0301
8738,GOh1052_F460Y,GOh1052,F460Y,-2.37,0.652552634662708,1.0301
8739,GOh1052_F460V,GOh1052,F460V,-6.215,0.502,1.0301
8740,GOh1052_A461R,GOh1052,A461R,-5.059,0.548,0.7764
8741,GOh1052_A461N,GOh1052,A461N,-5.154,0.544,0.7764
8742,GOh1052_A461D,GOh1052,A461D,-6.886,0.476,0.7764
8743,GOh1052_A461C,GOh1052,A461C,-12.675,0.250,0.7764
8744,GOh1052_A461Q,GOh1052,A461Q,-5.309,0.538,0.7764
8745,GOh1052_A461E,GOh1052,A461E,-5.345,0.536,0.7764
8746,GOh1052_A461G,GOh1052,A461G,-3.806,0.596,0.7764
8747,GOh1052_A461H,GOh1052,A461H,-7.19,0.464278739111753,0.7764
8748,GOh1052_A461I,GOh1052,A461I,-9.21,0.385375571266747,0.7764
8749,GOh1052_A461L,GOh1052,A461L,-8.677,0.406,0.7764
8750,GOh1052_A461K,GOh1052,A461K,-4.514,0.569,0.7764
8751,GOh1052_A461M,GOh1052,A461M,-9.327,0.381,0.7764
8752,GOh1052_A461F,GOh1052,A461F,-9.357,0.380,0.7764
8753,GOh1052_A461P,GOh1052,A461P,-3.019,0.627,0.7764
8754,GOh1052_A461S,GOh1052,A461S,-4.905,0.554,0.7764
8755,GOh1052_A461T,GOh1052,A461T,-5.505,0.530,0.7764
8756,GOh1052_A461W,GOh1052,A461W,-10.484,0.336,0.7764
8757,GOh1052_A461Y,GOh1052,A461Y,-7.923,0.436,0.7764
8758,GOh1052_A461V,GOh1052,A461V,-7.824,0.440,0.7764
8759,GOh1052_R462A,GOh1052,R462A,-11.036,0.314,0.0149
8760,GOh1052_R462N,GOh1052,R462N,-11.254,0.306,0.0149
8761,GOh1052_R462D,GOh1052,R462D,-12.521,0.256,0.0149
8762,GOh1052_R462C,GOh1052,R462C,-12.334,0.263,0.0149
8763,GOh1052_R462Q,GOh1052,R462Q,-9.622,0.369,0.0149
8764,GOh1052_R462E,GOh1052,R462E,-11.439,0.298,0.0149
8765,GOh1052_R462G,GOh1052,R462G,-9.306,0.382,0.0149
8766,GOh1052_R462H,GOh1052,R462H,-8.506,0.413,0.0149
8767,GOh1052_R462I,GOh1052,R462I,-12.298,0.265,0.0149
8768,GOh1052_R462L,GOh1052,R462L,-11.497,0.296,0.0149
8769,GOh1052_R462K,GOh1052,R462K,-7.416,0.455,0.0149
8770,GOh1052_R462M,GOh1052,R462M,-11.709,0.288,0.0149
8771,GOh1052_R462F,GOh1052,R462F,-14.338,0.185,0.0149
8772,GOh1052_R462P,GOh1052,R462P,-11.868,0.282,0.0149
8773,GOh1052_R462S,GOh1052,R462S,-10.281,0.344,0.0149
8774,GOh1052_R462T,GOh1052,R462T,-10.968,0.317,0.0149
8775,GOh1052_R462W,GOh1052,R462W,-12.741,0.247,0.0149
8776,GOh1052_R462Y,GOh1052,R462Y,-12.697,0.249,0.0149
8777,GOh1052_R462V,GOh1052,R462V,-12.103,0.272,0.0149
8778,GOh1052_T463A,GOh1052,T463A,-3.821,0.596,1.057
8779,GOh1052_T463R,GOh1052,T463R,-8.755,0.403,1.057
8780,GOh1052_T463N,GOh1052,T463N,-5.289,0.539,1.057
8781,GOh1052_T463D,GOh1052,T463D,-7.907,0.436,1.057
8782,GOh1052_T463C,GOh1052,T463C,-7.031,0.470,1.057
8783,GOh1052_T463Q,GOh1052,T463Q,-7.552,0.450,1.057
8784,GOh1052_T463E,GOh1052,T463E,-8.15,0.426780203898285,1.057
8785,GOh1052_T463G,GOh1052,T463G,-6.381,0.496,1.057
8786,GOh1052_T463H,GOh1052,T463H,-9.648,0.368,1.057
8787,GOh1052_T463I,GOh1052,T463I,-3.457,0.610,1.057
8788,GOh1052_T463L,GOh1052,T463L,-6.018,0.510,1.057
8789,GOh1052_T463K,GOh1052,T463K,-8.414,0.416,1.057
8790,GOh1052_T463M,GOh1052,T463M,-6.719,0.483,1.057
8791,GOh1052_T463F,GOh1052,T463F,-10.155,0.348,1.057
8792,GOh1052_T463P,GOh1052,T463P,-9.592,0.370,1.057
8793,GOh1052_T463S,GOh1052,T463S,-4.992,0.550,1.057
8794,GOh1052_T463W,GOh1052,T463W,-12.22,0.267802038982852,1.057
8795,GOh1052_T463Y,GOh1052,T463Y,-10.247,0.345,1.057
8796,GOh1052_T463V,GOh1052,T463V,-1.628,0.682,1.057
8797,GOh1052_F464A,GOh1052,F464A,-10.887,0.320,0.031
8798,GOh1052_F464R,GOh1052,F464R,-12.713,0.249,0.031
8799,GOh1052_F464N,GOh1052,F464N,-7.716,0.444,0.031
8800,GOh1052_F464D,GOh1052,F464D,-12.488,0.257,0.031
8801,GOh1052_F464C,GOh1052,F464C,-11.436,0.298,0.031
8802,GOh1052_F464Q,GOh1052,F464Q,-9.225,0.385,0.031
8803,GOh1052_F464E,GOh1052,F464E,-11.8,0.284207648138745,0.031
8804,GOh1052_F464G,GOh1052,F464G,-11.903,0.280,0.031
8805,GOh1052_F464H,GOh1052,F464H,-8.068,0.430,0.031
8806,GOh1052_F464I,GOh1052,F464I,-11.61,0.291629233233077,0.031
8807,GOh1052_F464L,GOh1052,F464L,-7.959,0.434,0.031
8808,GOh1052_F464K,GOh1052,F464K,-13.262,0.227,0.031
8809,GOh1052_F464M,GOh1052,F464M,-8.08,0.429514472090934,0.031
8810,GOh1052_F464P,GOh1052,F464P,-14.296,0.187,0.031
8811,GOh1052_F464S,GOh1052,F464S,-10.008,0.354,0.031
8812,GOh1052_F464T,GOh1052,F464T,-11.769,0.285,0.031
8813,GOh1052_F464W,GOh1052,F464W,-10.34,0.341236670442561,0.031
8814,GOh1052_F464Y,GOh1052,F464Y,-7.222,0.463,0.031
8815,GOh1052_F464V,GOh1052,F464V,-11.804,0.284,0.031
8816,GOh1052_H465A,GOh1052,H465A,-4.538,0.568,0.4465
8817,GOh1052_H465R,GOh1052,H465R,-10.587,0.332,0.4465
8818,GOh1052_H465N,GOh1052,H465N,-4.945,0.552,0.4465
8819,GOh1052_H465D,GOh1052,H465D,-8.181,0.426,0.4465
8820,GOh1052_H465C,GOh1052,H465C,-6.992,0.472,0.4465
8821,GOh1052_H465Q,GOh1052,H465Q,-4.631,0.564,0.4465
8822,GOh1052_H465E,GOh1052,H465E,-8.142,0.427,0.4465
8823,GOh1052_H465G,GOh1052,H465G,-5.499,0.530,0.4465
8824,GOh1052_H465I,GOh1052,H465I,-7.547,0.450,0.4465
8825,GOh1052_H465L,GOh1052,H465L,-7.029,0.471,0.4465
8826,GOh1052_H465K,GOh1052,H465K,-9.75,0.364282645209172,0.4465
8827,GOh1052_H465M,GOh1052,H465M,-5.81,0.518182883481114,0.4465
8828,GOh1052_H465F,GOh1052,H465F,-8.663,0.407,0.4465
8829,GOh1052_H465P,GOh1052,H465P,-5.782,0.519,0.4465
8830,GOh1052_H465S,GOh1052,H465S,-4.834,0.556,0.4465
8831,GOh1052_H465T,GOh1052,H465T,-6.515,0.491,0.4465
8832,GOh1052_H465W,GOh1052,H465W,-14.848,0.165,0.4465
8833,GOh1052_H465Y,GOh1052,H465Y,-10.125,0.350,0.4465
8834,GOh1052_H465V,GOh1052,H465V,-6.147,0.505,0.4465
8835,GOh1052_T466A,GOh1052,T466A,-5.775,0.520,1.2365
8836,GOh1052_T466R,GOh1052,T466R,-9.678,0.367,1.2365
8837,GOh1052_T466N,GOh1052,T466N,0.063,0.748,1.2365
8838,GOh1052_T466D,GOh1052,T466D,-3.974,0.590,1.2365
8839,GOh1052_T466C,GOh1052,T466C,-6.914,0.475,1.2365
8840,GOh1052_T466Q,GOh1052,T466Q,-6.005,0.511,1.2365
8841,GOh1052_T466E,GOh1052,T466E,-7.448,0.454,1.2365
8842,GOh1052_T466G,GOh1052,T466G,-5.373,0.535,1.2365
8843,GOh1052_T466H,GOh1052,T466H,-6.117,0.506,1.2365
8844,GOh1052_T466I,GOh1052,T466I,-8.478,0.414,1.2365
8845,GOh1052_T466L,GOh1052,T466L,-9.096,0.390,1.2365
8846,GOh1052_T466K,GOh1052,T466K,-8.236,0.423,1.2365
8847,GOh1052_T466M,GOh1052,T466M,-8.039,0.431,1.2365
8848,GOh1052_T466F,GOh1052,T466F,-9.957,0.356,1.2365
8849,GOh1052_T466P,GOh1052,T466P,-9.917,0.358,1.2365
8850,GOh1052_T466S,GOh1052,T466S,-3.456,0.610,1.2365
8851,GOh1052_T466W,GOh1052,T466W,-12.774,0.246,1.2365
8852,GOh1052_T466Y,GOh1052,T466Y,-8.474,0.414,1.2365
8853,GOh1052_T466V,GOh1052,T466V,-7.58,0.449044959181282,1.2365
8854,GOh1052_S467A,GOh1052,S467A,-5.024,0.549,0.2023
8855,GOh1052_S467R,GOh1052,S467R,-13.945,0.200,0.2023
8856,GOh1052_S467N,GOh1052,S467N,-7.488,0.453,0.2023
8857,GOh1052_S467D,GOh1052,S467D,-10.633,0.330,0.2023
8858,GOh1052_S467C,GOh1052,S467C,-10.367,0.340,0.2023
8859,GOh1052_S467Q,GOh1052,S467Q,-10.693,0.327,0.2023
8860,GOh1052_S467E,GOh1052,S467E,-12.684,0.250,0.2023
8861,GOh1052_S467G,GOh1052,S467G,-4.056,0.587,0.2023
8862,GOh1052_S467H,GOh1052,S467H,-12.382,0.261,0.2023
8863,GOh1052_S467I,GOh1052,S467I,-13.04,0.235772040154681,0.2023
8864,GOh1052_S467L,GOh1052,S467L,-12.504,0.257,0.2023
8865,GOh1052_S467K,GOh1052,S467K,-13.344,0.224,0.2023
8866,GOh1052_S467M,GOh1052,S467M,-10.939,0.318,0.2023
8867,GOh1052_S467F,GOh1052,S467F,-13.521,0.217,0.2023
8868,GOh1052_S467P,GOh1052,S467P,-9.138,0.388,0.2023
8869,GOh1052_S467T,GOh1052,S467T,-6.769,0.481,0.2023
8870,GOh1052_S467W,GOh1052,S467W,-15.342,0.146,0.2023
8871,GOh1052_S467Y,GOh1052,S467Y,-14.432,0.181,0.2023
8872,GOh1052_S467V,GOh1052,S467V,-11.057,0.313,0.2023
8873,GOh1052_V468A,GOh1052,V468A,-7.327,0.459,0.0822
8874,GOh1052_V468R,GOh1052,V468R,-12.954,0.239,0.0822
8875,GOh1052_V468N,GOh1052,V468N,-9.086,0.390,0.0822
8876,GOh1052_V468D,GOh1052,V468D,-11.955,0.278,0.0822
8877,GOh1052_V468C,GOh1052,V468C,-10.984,0.316,0.0822
8878,GOh1052_V468Q,GOh1052,V468Q,-10.245,0.345,0.0822
8879,GOh1052_V468E,GOh1052,V468E,-10.533,0.334,0.0822
8880,GOh1052_V468G,GOh1052,V468G,-11.491,0.296,0.0822
8881,GOh1052_V468H,GOh1052,V468H,-11.097,0.312,0.0822
8882,GOh1052_V468I,GOh1052,V468I,-6.64,0.485762274911136,0.0822
8883,GOh1052_V468L,GOh1052,V468L,-8.507,0.413,0.0822
8884,GOh1052_V468K,GOh1052,V468K,-13.025,0.236,0.0822
8885,GOh1052_V468M,GOh1052,V468M,-10.237,0.345,0.0822
8886,GOh1052_V468F,GOh1052,V468F,-12.311,0.264,0.0822
8887,GOh1052_V468P,GOh1052,V468P,-14.165,0.192,0.0822
8888,GOh1052_V468S,GOh1052,V468S,-8.044,0.431,0.0822
8889,GOh1052_V468T,GOh1052,V468T,-5.205,0.542,0.0822
8890,GOh1052_V468W,GOh1052,V468W,-14.091,0.195,0.0822
8891,GOh1052_V468Y,GOh1052,V468Y,-12.83,0.243974844732628,0.0822
8892,GOh1052_V469A,GOh1052,V469A,-6.962,0.473,0.0715
8893,GOh1052_V469R,GOh1052,V469R,-11.253,0.306,0.0715
8894,GOh1052_V469N,GOh1052,V469N,-9.576,0.371,0.0715
8895,GOh1052_V469D,GOh1052,V469D,-12.006,0.276,0.0715
8896,GOh1052_V469C,GOh1052,V469C,-12.87,0.2424124057654,0.0715
8897,GOh1052_V469Q,GOh1052,V469Q,-9.919,0.358,0.0715
8898,GOh1052_V469E,GOh1052,V469E,-10.578,0.332,0.0715
8899,GOh1052_V469G,GOh1052,V469G,-10.072,0.352,0.0715
8900,GOh1052_V469H,GOh1052,V469H,-10.18,0.347486426311472,0.0715
8901,GOh1052_V469I,GOh1052,V469I,-6.014,0.510,0.0715
8902,GOh1052_V469L,GOh1052,V469L,-7.698,0.444,0.0715
8903,GOh1052_V469K,GOh1052,V469K,-10.704,0.327,0.0715
8904,GOh1052_V469M,GOh1052,V469M,-9.458,0.376,0.0715
8905,GOh1052_V469F,GOh1052,V469F,-10.877,0.320,0.0715
8906,GOh1052_V469P,GOh1052,V469P,-9.327,0.381,0.0715
8907,GOh1052_V469S,GOh1052,V469S,-9.718,0.366,0.0715
8908,GOh1052_V469T,GOh1052,V469T,-6.134,0.506,0.0715
8909,GOh1052_V469W,GOh1052,V469W,-13.923,0.201,0.0715
8910,GOh1052_V469Y,GOh1052,V469Y,-11.449,0.298,0.0715
8911,GOh1052_L470A,GOh1052,L470A,-11.038,0.314,0.0339
8912,GOh1052_L470R,GOh1052,L470R,-11.758,0.286,0.0339
8913,GOh1052_L470N,GOh1052,L470N,-11.521,0.295,0.0339
8914,GOh1052_L470D,GOh1052,L470D,-15.662,0.133,0.0339
8915,GOh1052_L470C,GOh1052,L470C,-13.61,0.213507284871685,0.0339
8916,GOh1052_L470Q,GOh1052,L470Q,-10.298,0.343,0.0339
8917,GOh1052_L470E,GOh1052,L470E,-13.752,0.208,0.0339
8918,GOh1052_L470G,GOh1052,L470G,-13.878,0.203,0.0339
8919,GOh1052_L470H,GOh1052,L470H,-11.672,0.289,0.0339
8920,GOh1052_L470I,GOh1052,L470I,-8.138,0.427,0.0339
8921,GOh1052_L470K,GOh1052,L470K,-13.782,0.207,0.0339
8922,GOh1052_L470M,GOh1052,L470M,-5.981,0.512,0.0339
8923,GOh1052_L470F,GOh1052,L470F,-9.781,0.363,0.0339
8924,GOh1052_L470P,GOh1052,L470P,-14.778,0.168,0.0339
8925,GOh1052_L470S,GOh1052,L470S,-12.233,0.267,0.0339
8926,GOh1052_L470T,GOh1052,L470T,-9.691,0.367,0.0339
8927,GOh1052_L470W,GOh1052,L470W,-13.759,0.208,0.0339
8928,GOh1052_L470Y,GOh1052,L470Y,-11.894,0.281,0.0339
8929,GOh1052_L470V,GOh1052,L470V,-9.457,0.376,0.0339
8930,GOh1052_P471A,GOh1052,P471A,-5.361,0.536,0.0592
8931,GOh1052_P471R,GOh1052,P471R,-10.806,0.323,0.0592
8932,GOh1052_P471N,GOh1052,P471N,-9.205,0.386,0.0592
8933,GOh1052_P471D,GOh1052,P471D,-10.958,0.317,0.0592
8934,GOh1052_P471C,GOh1052,P471C,-15.06,0.156868872309675,0.0592
8935,GOh1052_P471Q,GOh1052,P471Q,-9.342,0.380,0.0592
8936,GOh1052_P471E,GOh1052,P471E,-11.743,0.286,0.0592
8937,GOh1052_P471G,GOh1052,P471G,-8.914,0.397,0.0592
8938,GOh1052_P471H,GOh1052,P471H,-9.888,0.359,0.0592
8939,GOh1052_P471I,GOh1052,P471I,-11.423,0.299,0.0592
8940,GOh1052_P471L,GOh1052,P471L,-10.301,0.343,0.0592
8941,GOh1052_P471K,GOh1052,P471K,-10.923,0.318,0.0592
8942,GOh1052_P471M,GOh1052,P471M,-12.158,0.270,0.0592
8943,GOh1052_P471F,GOh1052,P471F,-12.255,0.266,0.0592
8944,GOh1052_P471S,GOh1052,P471S,-8.006,0.432,0.0592
8945,GOh1052_P471T,GOh1052,P471T,-8.576,0.410,0.0592
8946,GOh1052_P471W,GOh1052,P471W,-13.067,0.235,0.0592
8947,GOh1052_P471Y,GOh1052,P471Y,-11.495,0.296,0.0592
8948,GOh1052_P471V,GOh1052,P471V,-9.025,0.393,0.0592
8949,GOh1052_D472A,GOh1052,D472A,-12.597,0.253,0.019
8950,GOh1052_D472R,GOh1052,D472R,-13.172,0.231,0.019
8951,GOh1052_D472N,GOh1052,D472N,-6.716,0.483,0.019
8952,GOh1052_D472C,GOh1052,D472C,-14.932,0.162,0.019
8953,GOh1052_D472Q,GOh1052,D472Q,-12.122,0.272,0.019
8954,GOh1052_D472E,GOh1052,D472E,-8.861,0.399,0.019
8955,GOh1052_D472G,GOh1052,D472G,-9.753,0.364,0.019
8956,GOh1052_D472H,GOh1052,D472H,-12.209,0.268,0.019
8957,GOh1052_D472I,GOh1052,D472I,-13.441,0.220,0.019
8958,GOh1052_D472L,GOh1052,D472L,-14.314,0.186,0.019
8959,GOh1052_D472K,GOh1052,D472K,-13.308,0.225,0.019
8960,GOh1052_D472M,GOh1052,D472M,-15.005,0.159,0.019
8961,GOh1052_D472F,GOh1052,D472F,-14.969,0.160,0.019
8962,GOh1052_D472P,GOh1052,D472P,-16.527,0.100,0.019
8963,GOh1052_D472S,GOh1052,D472S,-9.852,0.360,0.019
8964,GOh1052_D472T,GOh1052,D472T,-9.478,0.375,0.019
8965,GOh1052_D472W,GOh1052,D472W,-15.36,0.145150580055467,0.019
8966,GOh1052_D472Y,GOh1052,D472Y,-13.026,0.236,0.019
8967,GOh1052_D472V,GOh1052,D472V,-11.777,0.285,0.019
8968,GOh1052_G473A,GOh1052,G473A,-7.711,0.444,0.0622
8969,GOh1052_G473R,GOh1052,G473R,-7.98,0.433420569509004,0.0622
8970,GOh1052_G473N,GOh1052,G473N,-7.022,0.471,0.0622
8971,GOh1052_G473D,GOh1052,G473D,-7.429,0.455,0.0622
8972,GOh1052_G473C,GOh1052,G473C,-12.535,0.255,0.0622
8973,GOh1052_G473Q,GOh1052,G473Q,-7.18,0.46466934885356,0.0622
8974,GOh1052_G473E,GOh1052,G473E,-7.543,0.450,0.0622
8975,GOh1052_G473H,GOh1052,G473H,-9.065,0.391,0.0622
8976,GOh1052_G473I,GOh1052,G473I,-14.681,0.172,0.0622
8977,GOh1052_G473L,GOh1052,G473L,-10.154,0.349,0.0622
8978,GOh1052_G473K,GOh1052,G473K,-7.041,0.470,0.0622
8979,GOh1052_G473M,GOh1052,G473M,-10.896,0.320,0.0622
8980,GOh1052_G473F,GOh1052,G473F,-11.254,0.306,0.0622
8981,GOh1052_G473P,GOh1052,G473P,-16.375,0.106,0.0622
8982,GOh1052_G473S,GOh1052,G473S,-7.824,0.440,0.0622
8983,GOh1052_G473T,GOh1052,G473T,-10.54,0.333424475606422,0.0622
8984,GOh1052_G473W,GOh1052,G473W,-11.908,0.280,0.0622
8985,GOh1052_G473Y,GOh1052,G473Y,-10.201,0.347,0.0622
8986,GOh1052_G473V,GOh1052,G473V,-12.896,0.241,0.0622
8987,GOh1052_S474A,GOh1052,S474A,-4.801,0.558,1.061
8988,GOh1052_S474R,GOh1052,S474R,-3.539,0.607,1.061
8989,GOh1052_S474N,GOh1052,S474N,-3.248,0.618,1.061
8990,GOh1052_S474D,GOh1052,S474D,-6.606,0.487,1.061
8991,GOh1052_S474C,GOh1052,S474C,-8.941,0.396,1.061
8992,GOh1052_S474Q,GOh1052,S474Q,-4.956,0.552,1.061
8993,GOh1052_S474E,GOh1052,S474E,-7.418,0.455,1.061
8994,GOh1052_S474G,GOh1052,S474G,-7.132,0.467,1.061
8995,GOh1052_S474H,GOh1052,S474H,-6.401,0.495,1.061
8996,GOh1052_S474I,GOh1052,S474I,-7.634,0.447,1.061
8997,GOh1052_S474L,GOh1052,S474L,-7.537,0.451,1.061
8998,GOh1052_S474K,GOh1052,S474K,-2.719,0.639,1.061
8999,GOh1052_S474M,GOh1052,S474M,-7.011,0.471,1.061
9000,GOh1052_S474F,GOh1052,S474F,-7.941,0.435,1.061
9001,GOh1052_S474P,GOh1052,S474P,-11.635,0.291,1.061
9002,GOh1052_S474T,GOh1052,S474T,-3.33,0.61505409944924,1.061
9003,GOh1052_S474W,GOh1052,S474W,-9.102,0.390,1.061
9004,GOh1052_S474Y,GOh1052,S474Y,-6.757,0.481,1.061
9005,GOh1052_S474V,GOh1052,S474V,-6.751,0.481,1.061
9006,GOh1052_T475A,GOh1052,T475A,-3.443,0.611,1.0367
9007,GOh1052_T475R,GOh1052,T475R,-9.979,0.355,1.0367
9008,GOh1052_T475N,GOh1052,T475N,-8.316,0.420,1.0367
9009,GOh1052_T475D,GOh1052,T475D,-9.775,0.363,1.0367
9010,GOh1052_T475C,GOh1052,T475C,-8.823,0.400,1.0367
9011,GOh1052_T475Q,GOh1052,T475Q,-8.158,0.426,1.0367
9012,GOh1052_T475E,GOh1052,T475E,-9.509,0.374,1.0367
9013,GOh1052_T475G,GOh1052,T475G,-7.251,0.462,1.0367
9014,GOh1052_T475H,GOh1052,T475H,-10.349,0.341,1.0367
9015,GOh1052_T475I,GOh1052,T475I,-0.939,0.708,1.0367
9016,GOh1052_T475L,GOh1052,T475L,-2.957,0.630,1.0367
9017,GOh1052_T475K,GOh1052,T475K,-10.681,0.328,1.0367
9018,GOh1052_T475M,GOh1052,T475M,-4.723,0.561,1.0367
9019,GOh1052_T475F,GOh1052,T475F,-6.229,0.502,1.0367
9020,GOh1052_T475P,GOh1052,T475P,-7.779,0.441,1.0367
9021,GOh1052_T475S,GOh1052,T475S,-5.976,0.512,1.0367
9022,GOh1052_T475W,GOh1052,T475W,-10.492,0.335,1.0367
9023,GOh1052_T475Y,GOh1052,T475Y,-7.272,0.461,1.0367
9024,GOh1052_T475V,GOh1052,T475V,1.673,0.810,1.0367
9025,GOh1052_F476A,GOh1052,F476A,-9.456,0.376,0.1938
9026,GOh1052_F476R,GOh1052,F476R,-12.46,0.258427405179485,0.1938
9027,GOh1052_F476N,GOh1052,F476N,-12.091,0.273,0.1938
9028,GOh1052_F476D,GOh1052,F476D,-12.798,0.245,0.1938
9029,GOh1052_F476C,GOh1052,F476C,-12.126,0.271,0.1938
9030,GOh1052_F476Q,GOh1052,F476Q,-9.695,0.366,0.1938
9031,GOh1052_F476E,GOh1052,F476E,-11.91,0.279910940978868,0.1938
9032,GOh1052_F476G,GOh1052,F476G,-13.175,0.230,0.1938
9033,GOh1052_F476H,GOh1052,F476H,-8.194,0.425,0.1938
9034,GOh1052_F476I,GOh1052,F476I,-8.155,0.427,0.1938
9035,GOh1052_F476L,GOh1052,F476L,-3.931,0.592,0.1938
9036,GOh1052_F476K,GOh1052,F476K,-12.076,0.273,0.1938
9037,GOh1052_F476M,GOh1052,F476M,-6.136,0.505,0.1938
9038,GOh1052_F476P,GOh1052,F476P,-14.698,0.171,0.1938
9039,GOh1052_F476S,GOh1052,F476S,-9.869,0.360,0.1938
9040,GOh1052_F476T,GOh1052,F476T,-10.437,0.337,0.1938
9041,GOh1052_F476W,GOh1052,F476W,-7.932,0.435,0.1938
9042,GOh1052_F476Y,GOh1052,F476Y,-6.941,0.474,0.1938
9043,GOh1052_F476V,GOh1052,F476V,-7.176,0.465,0.1938
9044,GOh1052_I477A,GOh1052,I477A,-7.812,0.440,0.3705
9045,GOh1052_I477R,GOh1052,I477R,-11.309,0.303,0.3705
9046,GOh1052_I477N,GOh1052,I477N,-9.39,0.378344595914222,0.3705
9047,GOh1052_I477D,GOh1052,I477D,-9.941,0.357,0.3705
9048,GOh1052_I477C,GOh1052,I477C,-11.646,0.290,0.3705
9049,GOh1052_I477Q,GOh1052,I477Q,-8.772,0.402,0.3705
9050,GOh1052_I477E,GOh1052,I477E,-8.476,0.414,0.3705
9051,GOh1052_I477G,GOh1052,I477G,-11.731,0.287,0.3705
9052,GOh1052_I477H,GOh1052,I477H,-10.744,0.325,0.3705
9053,GOh1052_I477L,GOh1052,I477L,-4.974,0.551,0.3705
9054,GOh1052_I477K,GOh1052,I477K,-11.653,0.290,0.3705
9055,GOh1052_I477M,GOh1052,I477M,-6.207,0.503,0.3705
9056,GOh1052_I477F,GOh1052,I477F,-7.959,0.434,0.3705
9057,GOh1052_I477P,GOh1052,I477P,-14.333,0.185,0.3705
9058,GOh1052_I477S,GOh1052,I477S,-7.869,0.438,0.3705
9059,GOh1052_I477T,GOh1052,I477T,-6.546,0.489,0.3705
9060,GOh1052_I477W,GOh1052,I477W,-11.202,0.308,0.3705
9061,GOh1052_I477Y,GOh1052,I477Y,-10.776,0.324,0.3705
9062,GOh1052_I477V,GOh1052,I477V,-3.082,0.625,0.3705
9063,GOh1052_T478A,GOh1052,T478A,-6.033,0.509,0.2354
9064,GOh1052_T478R,GOh1052,T478R,-13.275,0.227,0.2354
9065,GOh1052_T478N,GOh1052,T478N,-5.905,0.514,0.2354
9066,GOh1052_T478D,GOh1052,T478D,-8.937,0.396,0.2354
9067,GOh1052_T478C,GOh1052,T478C,-7.942,0.435,0.2354
9068,GOh1052_T478Q,GOh1052,T478Q,-9.427,0.377,0.2354
9069,GOh1052_T478E,GOh1052,T478E,-10.341,0.341,0.2354
9070,GOh1052_T478G,GOh1052,T478G,-7.904,0.436,0.2354
9071,GOh1052_T478H,GOh1052,T478H,-9.022,0.393,0.2354
9072,GOh1052_T478I,GOh1052,T478I,-5.899,0.515,0.2354
9073,GOh1052_T478L,GOh1052,T478L,-7.545,0.450,0.2354
9074,GOh1052_T478K,GOh1052,T478K,-13.87,0.203351431584704,0.2354
9075,GOh1052_T478M,GOh1052,T478M,-7.368,0.457,0.2354
9076,GOh1052_T478F,GOh1052,T478F,-8.425,0.416,0.2354
9077,GOh1052_T478P,GOh1052,T478P,-12.91,0.240849966798172,0.2354
9078,GOh1052_T478S,GOh1052,T478S,-4.974,0.551,0.2354
9079,GOh1052_T478W,GOh1052,T478W,-11.276,0.305,0.2354
9080,GOh1052_T478Y,GOh1052,T478Y,-9.698,0.366,0.2354
9081,GOh1052_T478V,GOh1052,T478V,-4.788,0.558,0.2354
9082,GOh1052_G479A,GOh1052,G479A,-8.477,0.414,0.0118
9083,GOh1052_G479R,GOh1052,G479R,-13.742,0.208,0.0118
9084,GOh1052_G479N,GOh1052,G479N,-8.19,0.425217764931057,0.0118
9085,GOh1052_G479D,GOh1052,G479D,-10.595,0.331,0.0118
9086,GOh1052_G479C,GOh1052,G479C,-10.784,0.324,0.0118
9087,GOh1052_G479Q,GOh1052,G479Q,-11.995,0.277,0.0118
9088,GOh1052_G479E,GOh1052,G479E,-12.096,0.273,0.0118
9089,GOh1052_G479H,GOh1052,G479H,-11.884,0.281,0.0118
9090,GOh1052_G479I,GOh1052,G479I,-15.569,0.137,0.0118
9091,GOh1052_G479L,GOh1052,G479L,-13.897,0.202,0.0118
9092,GOh1052_G479K,GOh1052,G479K,-13.895,0.202,0.0118
9093,GOh1052_G479M,GOh1052,G479M,-13.643,0.212,0.0118
9094,GOh1052_G479F,GOh1052,G479F,-13.914,0.202,0.0118
9095,GOh1052_G479P,GOh1052,G479P,-13.335,0.224,0.0118
9096,GOh1052_G479S,GOh1052,G479S,-8.186,0.425,0.0118
9097,GOh1052_G479T,GOh1052,G479T,-11.107,0.311,0.0118
9098,GOh1052_G479W,GOh1052,G479W,-14.74,0.169368384047498,0.0118
9099,GOh1052_G479Y,GOh1052,G479Y,-13.057,0.235,0.0118
9100,GOh1052_G479V,GOh1052,G479V,-13.039,0.236,0.0118
9101,GOh1052_G480A,GOh1052,G480A,-12.826,0.244,0.0003
9102,GOh1052_G480R,GOh1052,G480R,-13.402,0.222,0.0003
9103,GOh1052_G480N,GOh1052,G480N,-14.237,0.189,0.0003
9104,GOh1052_G480D,GOh1052,G480D,-13.03,0.236162649896488,0.0003
9105,GOh1052_G480C,GOh1052,G480C,-13.871,0.203,0.0003
9106,GOh1052_G480Q,GOh1052,G480Q,-15.261,0.149,0.0003
9107,GOh1052_G480E,GOh1052,G480E,-14.073,0.195,0.0003
9108,GOh1052_G480H,GOh1052,G480H,-15.528,0.139,0.0003
9109,GOh1052_G480I,GOh1052,G480I,-16.781,0.090,0.0003
9110,GOh1052_G480L,GOh1052,G480L,-15.566,0.137,0.0003
9111,GOh1052_G480K,GOh1052,G480K,-15.012,0.159,0.0003
9112,GOh1052_G480M,GOh1052,G480M,-15.788,0.128,0.0003
9113,GOh1052_G480F,GOh1052,G480F,-16.088,0.117,0.0003
9114,GOh1052_G480P,GOh1052,G480P,-16.312,0.108,0.0003
9115,GOh1052_G480S,GOh1052,G480S,-12.107,0.272,0.0003
9116,GOh1052_G480T,GOh1052,G480T,-15.372,0.145,0.0003
9117,GOh1052_G480W,GOh1052,G480W,-15.605,0.136,0.0003
9118,GOh1052_G480Y,GOh1052,G480Y,-15.747,0.130,0.0003
9119,GOh1052_G480V,GOh1052,G480V,-14.472,0.180,0.0003
9120,GOh1052_Q481A,GOh1052,Q481A,-7.484,0.453,0.148
9121,GOh1052_Q481R,GOh1052,Q481R,-9.846,0.361,0.148
9122,GOh1052_Q481N,GOh1052,Q481N,-7.511,0.452,0.148
9123,GOh1052_Q481D,GOh1052,Q481D,-9.416,0.377,0.148
9124,GOh1052_Q481C,GOh1052,Q481C,-9.846,0.361,0.148
9125,GOh1052_Q481E,GOh1052,Q481E,-5.958,0.512,0.148
9126,GOh1052_Q481G,GOh1052,Q481G,-8.817,0.401,0.148
9127,GOh1052_Q481H,GOh1052,Q481H,-7.921,0.436,0.148
9128,GOh1052_Q481I,GOh1052,Q481I,-7.027,0.471,0.148
9129,GOh1052_Q481L,GOh1052,Q481L,-6.072,0.508,0.148
9130,GOh1052_Q481K,GOh1052,Q481K,-9.978,0.355,0.148
9131,GOh1052_Q481M,GOh1052,Q481M,-5.584,0.527,0.148
9132,GOh1052_Q481F,GOh1052,Q481F,-9.251,0.384,0.148
9133,GOh1052_Q481P,GOh1052,Q481P,-12.924,0.240,0.148
9134,GOh1052_Q481S,GOh1052,Q481S,-7.279,0.461,0.148
9135,GOh1052_Q481T,GOh1052,Q481T,-7.303,0.460,0.148
9136,GOh1052_Q481W,GOh1052,Q481W,-11.199,0.308,0.148
9137,GOh1052_Q481Y,GOh1052,Q481Y,-9.829,0.361,0.148
9138,GOh1052_Q481V,GOh1052,Q481V,-6.886,0.476,0.148
9139,GOh1052_R482A,GOh1052,R482A,-3.647,0.603,1.2505
9140,GOh1052_R482N,GOh1052,R482N,-5.248,0.540,1.2505
9141,GOh1052_R482D,GOh1052,R482D,-6.249,0.501,1.2505
9142,GOh1052_R482C,GOh1052,R482C,-11.666,0.289,1.2505
9143,GOh1052_R482Q,GOh1052,R482Q,-2.929,0.631,1.2505
9144,GOh1052_R482E,GOh1052,R482E,-4.823,0.557,1.2505
9145,GOh1052_R482G,GOh1052,R482G,-4.516,0.569,1.2505
9146,GOh1052_R482H,GOh1052,R482H,-5.871,0.516,1.2505
9147,GOh1052_R482I,GOh1052,R482I,-6.209,0.503,1.2505
9148,GOh1052_R482L,GOh1052,R482L,-5.302,0.538,1.2505
9149,GOh1052_R482K,GOh1052,R482K,-3.019,0.627,1.2505
9150,GOh1052_R482M,GOh1052,R482M,-6.268,0.500,1.2505
9151,GOh1052_R482F,GOh1052,R482F,-7.853,0.438,1.2505
9152,GOh1052_R482P,GOh1052,R482P,-5.194,0.542,1.2505
9153,GOh1052_R482S,GOh1052,R482S,-4.197,0.581,1.2505
9154,GOh1052_R482T,GOh1052,R482T,-3.628,0.603,1.2505
9155,GOh1052_R482W,GOh1052,R482W,-8.809,0.401,1.2505
9156,GOh1052_R482Y,GOh1052,R482Y,-7.946,0.435,1.2505
9157,GOh1052_R482V,GOh1052,R482V,-5.357,0.536,1.2505
9158,GOh1052_R483A,GOh1052,R483A,-6.605,0.487,1.6138
9159,GOh1052_R483N,GOh1052,R483N,-3.052,0.626,1.6138
9160,GOh1052_R483D,GOh1052,R483D,-6.373,0.496,1.6138
9161,GOh1052_R483C,GOh1052,R483C,-10.903,0.319,1.6138
9162,GOh1052_R483Q,GOh1052,R483Q,-5.191,0.542,1.6138
9163,GOh1052_R483E,GOh1052,R483E,-7.117,0.467,1.6138
9164,GOh1052_R483G,GOh1052,R483G,-7.111,0.467,1.6138
9165,GOh1052_R483H,GOh1052,R483H,-1.941,0.669,1.6138
9166,GOh1052_R483I,GOh1052,R483I,-5.86,0.516229834772079,1.6138
9167,GOh1052_R483L,GOh1052,R483L,-6.208,0.503,1.6138
9168,GOh1052_R483K,GOh1052,R483K,-3.39,0.612710440998399,1.6138
9169,GOh1052_R483M,GOh1052,R483M,-7.088,0.468,1.6138
9170,GOh1052_R483F,GOh1052,R483F,-4.145,0.583,1.6138
9171,GOh1052_R483P,GOh1052,R483P,-10.411,0.338,1.6138
9172,GOh1052_R483S,GOh1052,R483S,-4.433,0.572,1.6138
9173,GOh1052_R483T,GOh1052,R483T,-4.636,0.564,1.6138
9174,GOh1052_R483W,GOh1052,R483W,-4.53,0.568180930432405,1.6138
9175,GOh1052_R483Y,GOh1052,R483Y,-2.298,0.655,1.6138
9176,GOh1052_R483V,GOh1052,R483V,-5.622,0.526,1.6138
9177,GOh1052_G484A,GOh1052,G484A,-1.905,0.671,0.7053
9178,GOh1052_G484R,GOh1052,G484R,-8.18,0.425608374672864,0.7053
9179,GOh1052_G484N,GOh1052,G484N,-6.354,0.497,0.7053
9180,GOh1052_G484D,GOh1052,G484D,-6.544,0.490,0.7053
9181,GOh1052_G484C,GOh1052,G484C,-11.184,0.308,0.7053
9182,GOh1052_G484Q,GOh1052,G484Q,-7.517,0.452,0.7053
9183,GOh1052_G484E,GOh1052,G484E,-7.72,0.443576422795985,0.7053
9184,GOh1052_G484H,GOh1052,G484H,-8.386,0.418,0.7053
9185,GOh1052_G484I,GOh1052,G484I,-8.448,0.415,0.7053
9186,GOh1052_G484L,GOh1052,G484L,-9.208,0.385,0.7053
9187,GOh1052_G484K,GOh1052,G484K,-8.217,0.424,0.7053
9188,GOh1052_G484M,GOh1052,G484M,-9.747,0.364,0.7053
9189,GOh1052_G484F,GOh1052,G484F,-8.738,0.404,0.7053
9190,GOh1052_G484P,GOh1052,G484P,-5.458,0.532,0.7053
9191,GOh1052_G484S,GOh1052,G484S,-6.008,0.510,0.7053
9192,GOh1052_G484T,GOh1052,G484T,-6.582,0.488,0.7053
9193,GOh1052_G484W,GOh1052,G484W,-9.594,0.370,0.7053
9194,GOh1052_G484Y,GOh1052,G484Y,-7.666,0.446,0.7053
9195,GOh1052_G484V,GOh1052,G484V,-5.846,0.517,0.7053
9196,GOh1052_I485A,GOh1052,I485A,-6.412,0.495,0.7764
9197,GOh1052_I485R,GOh1052,I485R,-5.614,0.526,0.7764
9198,GOh1052_I485N,GOh1052,I485N,-6.194,0.503,0.7764
9199,GOh1052_I485D,GOh1052,I485D,-7.806,0.440,0.7764
9200,GOh1052_I485C,GOh1052,I485C,-11.585,0.293,0.7764
9201,GOh1052_I485Q,GOh1052,I485Q,-5.826,0.518,0.7764
9202,GOh1052_I485E,GOh1052,I485E,-6.527,0.490,0.7764
9203,GOh1052_I485G,GOh1052,I485G,-9.009,0.393,0.7764
9204,GOh1052_I485H,GOh1052,I485H,-6.713,0.483,0.7764
9205,GOh1052_I485L,GOh1052,I485L,-3.486,0.609,0.7764
9206,GOh1052_I485K,GOh1052,I485K,-5.406,0.534,0.7764
9207,GOh1052_I485M,GOh1052,I485M,-6.059,0.508,0.7764
9208,GOh1052_I485F,GOh1052,I485F,-6.448,0.493,0.7764
9209,GOh1052_I485P,GOh1052,I485P,-10.073,0.352,0.7764
9210,GOh1052_I485S,GOh1052,I485S,-7.022,0.471,0.7764
9211,GOh1052_I485T,GOh1052,I485T,-5.103,0.546,0.7764
9212,GOh1052_I485W,GOh1052,I485W,-8.574,0.410,0.7764
9213,GOh1052_I485Y,GOh1052,I485Y,-6.315,0.498,0.7764
9214,GOh1052_I485V,GOh1052,I485V,-2.699,0.640,0.7764
9215,GOh1052_P486A,GOh1052,P486A,-3.938,0.591,0.9766
9216,GOh1052_P486R,GOh1052,P486R,-4.594,0.566,0.9766
9217,GOh1052_P486N,GOh1052,P486N,-6.381,0.496,0.9766
9218,GOh1052_P486D,GOh1052,P486D,-7.607,0.448,0.9766
9219,GOh1052_P486C,GOh1052,P486C,-10.49,0.335377524315456,0.9766
9220,GOh1052_P486Q,GOh1052,P486Q,-4.869,0.555,0.9766
9221,GOh1052_P486E,GOh1052,P486E,-6.425,0.494,0.9766
9222,GOh1052_P486G,GOh1052,P486G,-6.579,0.488,0.9766
9223,GOh1052_P486H,GOh1052,P486H,-6.608,0.487,0.9766
9224,GOh1052_P486I,GOh1052,P486I,-4.258,0.579,0.9766
9225,GOh1052_P486L,GOh1052,P486L,-4.062,0.586,0.9766
9226,GOh1052_P486K,GOh1052,P486K,-5.32,0.537322760829655,0.9766
9227,GOh1052_P486M,GOh1052,P486M,-5.547,0.528,0.9766
9228,GOh1052_P486F,GOh1052,P486F,-6.489,0.492,0.9766
9229,GOh1052_P486S,GOh1052,P486S,-5.795,0.519,0.9766
9230,GOh1052_P486T,GOh1052,P486T,-5.149,0.544,0.9766
9231,GOh1052_P486W,GOh1052,P486W,-8.563,0.411,0.9766
9232,GOh1052_P486Y,GOh1052,P486Y,-7.117,0.467,0.9766
9233,GOh1052_P486V,GOh1052,P486V,-2.814,0.635,0.9766
9234,GOh1052_F487A,GOh1052,F487A,-12.259,0.266,0.0082
9235,GOh1052_F487R,GOh1052,F487R,-13.382,0.222,0.0082
9236,GOh1052_F487N,GOh1052,F487N,-11.854,0.282,0.0082
9237,GOh1052_F487D,GOh1052,F487D,-12.619,0.252,0.0082
9238,GOh1052_F487C,GOh1052,F487C,-13.184,0.230,0.0082
9239,GOh1052_F487Q,GOh1052,F487Q,-12.589,0.253,0.0082
9240,GOh1052_F487E,GOh1052,F487E,-13.817,0.205,0.0082
9241,GOh1052_F487G,GOh1052,F487G,-12.344,0.263,0.0082
9242,GOh1052_F487H,GOh1052,F487H,-11.191,0.308,0.0082
9243,GOh1052_F487I,GOh1052,F487I,-11.123,0.311,0.0082
9244,GOh1052_F487L,GOh1052,F487L,-9.931,0.357,0.0082
9245,GOh1052_F487K,GOh1052,F487K,-14.562,0.176,0.0082
9246,GOh1052_F487M,GOh1052,F487M,-10.322,0.342,0.0082
9247,GOh1052_F487P,GOh1052,F487P,-13.966,0.200,0.0082
9248,GOh1052_F487S,GOh1052,F487S,-10.843,0.322,0.0082
9249,GOh1052_F487T,GOh1052,F487T,-11.756,0.286,0.0082
9250,GOh1052_F487W,GOh1052,F487W,-9.029,0.392,0.0082
9251,GOh1052_F487Y,GOh1052,F487Y,-8.263,0.422,0.0082
9252,GOh1052_F487V,GOh1052,F487V,-11.73,0.286941916331393,0.0082
9253,GOh1052_E488A,GOh1052,E488A,-3.318,0.616,2.2175
9254,GOh1052_E488R,GOh1052,E488R,-3.74,0.599039100035155,2.2175
9255,GOh1052_E488N,GOh1052,E488N,-2.123,0.662,2.2175
9256,GOh1052_E488D,GOh1052,E488D,-1.051,0.704,2.2175
9257,GOh1052_E488C,GOh1052,E488C,-9.271,0.383,2.2175
9258,GOh1052_E488Q,GOh1052,E488Q,-3.819,0.596,2.2175
9259,GOh1052_E488G,GOh1052,E488G,-4.29,0.577555564235772,2.2175
9260,GOh1052_E488H,GOh1052,E488H,-5.564,0.528,2.2175
9261,GOh1052_E488I,GOh1052,E488I,-4.454,0.571,2.2175
9262,GOh1052_E488L,GOh1052,E488L,-4.719,0.561,2.2175
9263,GOh1052_E488K,GOh1052,E488K,-4.723,0.561,2.2175
9264,GOh1052_E488M,GOh1052,E488M,-5.741,0.521,2.2175
9265,GOh1052_E488F,GOh1052,E488F,-5.917,0.514,2.2175
9266,GOh1052_E488P,GOh1052,E488P,-7.471,0.453,2.2175
9267,GOh1052_E488S,GOh1052,E488S,0.585,0.768,2.2175
9268,GOh1052_E488T,GOh1052,E488T,-0.479,0.726,2.2175
9269,GOh1052_E488W,GOh1052,E488W,-6.611,0.487,2.2175
9270,GOh1052_E488Y,GOh1052,E488Y,-4.898,0.554,2.2175
9271,GOh1052_E488V,GOh1052,E488V,-3.649,0.603,2.2175
9272,GOh1052_D489A,GOh1052,D489A,-10.215,0.346,0.0104
9273,GOh1052_D489R,GOh1052,D489R,-14.721,0.170,0.0104
9274,GOh1052_D489N,GOh1052,D489N,-10.104,0.350,0.0104
9275,GOh1052_D489C,GOh1052,D489C,-15.675,0.133,0.0104
9276,GOh1052_D489Q,GOh1052,D489Q,-11.792,0.285,0.0104
9277,GOh1052_D489E,GOh1052,D489E,-7.344,0.458,0.0104
9278,GOh1052_D489G,GOh1052,D489G,-11.159,0.309,0.0104
9279,GOh1052_D489H,GOh1052,D489H,-12.816,0.245,0.0104
9280,GOh1052_D489I,GOh1052,D489I,-13.489,0.218,0.0104
9281,GOh1052_D489L,GOh1052,D489L,-12.783,0.246,0.0104
9282,GOh1052_D489K,GOh1052,D489K,-13.833,0.205,0.0104
9283,GOh1052_D489M,GOh1052,D489M,-13.364,0.223,0.0104
9284,GOh1052_D489F,GOh1052,D489F,-12.663,0.250,0.0104
9285,GOh1052_D489P,GOh1052,D489P,-12.74,0.24749033240889,0.0104
9286,GOh1052_D489S,GOh1052,D489S,-10.689,0.328,0.0104
9287,GOh1052_D489T,GOh1052,D489T,-11.548,0.294,0.0104
9288,GOh1052_D489W,GOh1052,D489W,-14.611,0.174,0.0104
9289,GOh1052_D489Y,GOh1052,D489Y,-12.729,0.248,0.0104
9290,GOh1052_D489V,GOh1052,D489V,-12.494,0.257,0.0104
9291,GOh1052_S490A,GOh1052,S490A,-3.852,0.595,0.7456
9292,GOh1052_S490R,GOh1052,S490R,-6.575,0.488,0.7456
9293,GOh1052_S490N,GOh1052,S490N,-4.364,0.575,0.7456
9294,GOh1052_S490D,GOh1052,S490D,-3.947,0.591,0.7456
9295,GOh1052_S490C,GOh1052,S490C,-12.055,0.274,0.7456
9296,GOh1052_S490Q,GOh1052,S490Q,-5.974,0.512,0.7456
9297,GOh1052_S490E,GOh1052,S490E,-5.181,0.543,0.7456
9298,GOh1052_S490G,GOh1052,S490G,-4.933,0.552,0.7456
9299,GOh1052_S490H,GOh1052,S490H,-7.625,0.447,0.7456
9300,GOh1052_S490I,GOh1052,S490I,-7.006,0.471,0.7456
9301,GOh1052_S490L,GOh1052,S490L,-6.282,0.500,0.7456
9302,GOh1052_S490K,GOh1052,S490K,-5.65,0.524432639350025,0.7456
9303,GOh1052_S490M,GOh1052,S490M,-7.854,0.438,0.7456
9304,GOh1052_S490F,GOh1052,S490F,-6.882,0.476,0.7456
9305,GOh1052_S490P,GOh1052,S490P,-7.594,0.448,0.7456
9306,GOh1052_S490T,GOh1052,S490T,-3.887,0.593,0.7456
9307,GOh1052_S490W,GOh1052,S490W,-8.082,0.429,0.7456
9308,GOh1052_S490Y,GOh1052,S490Y,-6.527,0.490,0.7456
9309,GOh1052_S490V,GOh1052,S490V,-6.268,0.500,0.7456
9310,GOh1052_T491A,GOh1052,T491A,-4.796,0.558,0.7889
9311,GOh1052_T491R,GOh1052,T491R,-6.185,0.504,0.7889
9312,GOh1052_T491N,GOh1052,T491N,-4.166,0.582,0.7889
9313,GOh1052_T491D,GOh1052,T491D,-4.231,0.580,0.7889
9314,GOh1052_T491C,GOh1052,T491C,-12.479,0.258,0.7889
9315,GOh1052_T491Q,GOh1052,T491Q,-5.286,0.539,0.7889
9316,GOh1052_T491E,GOh1052,T491E,-4.82,0.556853247920003,0.7889
9317,GOh1052_T491G,GOh1052,T491G,-4.148,0.583,0.7889
9318,GOh1052_T491H,GOh1052,T491H,-7.345,0.458,0.7889
9319,GOh1052_T491I,GOh1052,T491I,-6.124,0.506,0.7889
9320,GOh1052_T491L,GOh1052,T491L,-5.465,0.532,0.7889
9321,GOh1052_T491K,GOh1052,T491K,-5.543,0.529,0.7889
9322,GOh1052_T491M,GOh1052,T491M,-7.38,0.456857154017421,0.7889
9323,GOh1052_T491F,GOh1052,T491F,-7.294,0.460,0.7889
9324,GOh1052_T491P,GOh1052,T491P,-10.337,0.341,0.7889
9325,GOh1052_T491S,GOh1052,T491S,-4.039,0.587,0.7889
9326,GOh1052_T491W,GOh1052,T491W,-9.725,0.365,0.7889
9327,GOh1052_T491Y,GOh1052,T491Y,-6.946,0.474,0.7889
9328,GOh1052_T491V,GOh1052,T491V,-5.064,0.547,0.7889
9329,GOh1052_P492A,GOh1052,P492A,-3.746,0.599,0.3694
9330,GOh1052_P492R,GOh1052,P492R,-9.272,0.383,0.3694
9331,GOh1052_P492N,GOh1052,P492N,-7.132,0.467,0.3694
9332,GOh1052_P492D,GOh1052,P492D,-7.684,0.445,0.3694
9333,GOh1052_P492C,GOh1052,P492C,-9.433,0.377,0.3694
9334,GOh1052_P492Q,GOh1052,P492Q,-7.323,0.459,0.3694
9335,GOh1052_P492E,GOh1052,P492E,-7.553,0.450,0.3694
9336,GOh1052_P492G,GOh1052,P492G,-6.258,0.501,0.3694
9337,GOh1052_P492H,GOh1052,P492H,-8.838,0.400,0.3694
9338,GOh1052_P492I,GOh1052,P492I,-5.716,0.522,0.3694
9339,GOh1052_P492L,GOh1052,P492L,-6.367,0.496,0.3694
9340,GOh1052_P492K,GOh1052,P492K,-10.226,0.346,0.3694
9341,GOh1052_P492M,GOh1052,P492M,-6.572,0.488,0.3694
9342,GOh1052_P492F,GOh1052,P492F,-7.622,0.447,0.3694
9343,GOh1052_P492S,GOh1052,P492S,-5.904,0.515,0.3694
9344,GOh1052_P492T,GOh1052,P492T,-6.182,0.504,0.3694
9345,GOh1052_P492W,GOh1052,P492W,-9.8,0.362329596500137,0.3694
9346,GOh1052_P492Y,GOh1052,P492Y,-8.278,0.422,0.3694
9347,GOh1052_P492V,GOh1052,P492V,-5.344,0.536,0.3694
9348,GOh1052_V493A,GOh1052,V493A,-4.094,0.585,0.4026
9349,GOh1052_V493R,GOh1052,V493R,-8.634,0.408,0.4026
9350,GOh1052_V493N,GOh1052,V493N,-7.235,0.463,0.4026
9351,GOh1052_V493D,GOh1052,V493D,-7.983,0.433,0.4026
9352,GOh1052_V493C,GOh1052,V493C,-9.686,0.367,0.4026
9353,GOh1052_V493Q,GOh1052,V493Q,-4.508,0.569,0.4026
9354,GOh1052_V493E,GOh1052,V493E,-5.801,0.519,0.4026
9355,GOh1052_V493G,GOh1052,V493G,-8.016,0.432,0.4026
9356,GOh1052_V493H,GOh1052,V493H,-8.651,0.407,0.4026
9357,GOh1052_V493I,GOh1052,V493I,-5.383,0.535,0.4026
9358,GOh1052_V493L,GOh1052,V493L,-6.861,0.477,0.4026
9359,GOh1052_V493K,GOh1052,V493K,-9.589,0.371,0.4026
9360,GOh1052_V493M,GOh1052,V493M,-7.511,0.452,0.4026
9361,GOh1052_V493F,GOh1052,V493F,-9.018,0.393,0.4026
9362,GOh1052_V493P,GOh1052,V493P,-10.692,0.327,0.4026
9363,GOh1052_V493S,GOh1052,V493S,-5.067,0.547,0.4026
9364,GOh1052_V493T,GOh1052,V493T,-5.587,0.527,0.4026
9365,GOh1052_V493W,GOh1052,V493W,-10.071,0.352,0.4026
9366,GOh1052_V493Y,GOh1052,V493Y,-8.741,0.404,0.4026
9367,GOh1052_F494A,GOh1052,F494A,-6.021,0.510,1.4615
9368,GOh1052_F494R,GOh1052,F494R,-6.512,0.491,1.4615
9369,GOh1052_F494N,GOh1052,F494N,-5.8,0.518573493222921,1.4615
9370,GOh1052_F494D,GOh1052,F494D,-7.614,0.448,1.4615
9371,GOh1052_F494C,GOh1052,F494C,-10.317,0.342,1.4615
9372,GOh1052_F494Q,GOh1052,F494Q,-5.141,0.544,1.4615
9373,GOh1052_F494E,GOh1052,F494E,-7.597,0.448,1.4615
9374,GOh1052_F494G,GOh1052,F494G,-7.682,0.445,1.4615
9375,GOh1052_F494H,GOh1052,F494H,-6.755,0.481,1.4615
9376,GOh1052_F494I,GOh1052,F494I,-5.261,0.540,1.4615
9377,GOh1052_F494L,GOh1052,F494L,-0.872,0.711,1.4615
9378,GOh1052_F494K,GOh1052,F494K,-7.051,0.470,1.4615
9379,GOh1052_F494M,GOh1052,F494M,-2.687,0.640,1.4615
9380,GOh1052_F494P,GOh1052,F494P,-5.989,0.511,1.4615
9381,GOh1052_F494S,GOh1052,F494S,-6.404,0.495,1.4615
9382,GOh1052_F494T,GOh1052,F494T,-4.723,0.561,1.4615
9383,GOh1052_F494W,GOh1052,F494W,-6.896,0.476,1.4615
9384,GOh1052_F494Y,GOh1052,F494Y,-3.322,0.615,1.4615
9385,GOh1052_F494V,GOh1052,F494V,-5.681,0.523,1.4615
9386,GOh1052_T495A,GOh1052,T495A,-3.408,0.612,1.7203
9387,GOh1052_T495R,GOh1052,T495R,-6.792,0.480,1.7203
9388,GOh1052_T495N,GOh1052,T495N,-3.244,0.618,1.7203
9389,GOh1052_T495D,GOh1052,T495D,-4.26,0.578727393461193,1.7203
9390,GOh1052_T495C,GOh1052,T495C,-11.718,0.287,1.7203
9391,GOh1052_T495Q,GOh1052,T495Q,-3.179,0.621,1.7203
9392,GOh1052_T495E,GOh1052,T495E,-3.141,0.622,1.7203
9393,GOh1052_T495G,GOh1052,T495G,-7.993,0.433,1.7203
9394,GOh1052_T495H,GOh1052,T495H,-7.34,0.458419592984649,1.7203
9395,GOh1052_T495I,GOh1052,T495I,-2.848,0.634,1.7203
9396,GOh1052_T495L,GOh1052,T495L,-4.047,0.587,1.7203
9397,GOh1052_T495K,GOh1052,T495K,-6.393,0.495,1.7203
9398,GOh1052_T495M,GOh1052,T495M,-5.4,0.534197882895199,1.7203
9399,GOh1052_T495F,GOh1052,T495F,-5.786,0.519,1.7203
9400,GOh1052_T495P,GOh1052,T495P,-7.243,0.462,1.7203
9401,GOh1052_T495S,GOh1052,T495S,-4.953,0.552,1.7203
9402,GOh1052_T495W,GOh1052,T495W,-6.344,0.497,1.7203
9403,GOh1052_T495Y,GOh1052,T495Y,-4.809,0.557,1.7203
9404,GOh1052_T495V,GOh1052,T495V,-2.238,0.658,1.7203
9405,GOh1052_P496A,GOh1052,P496A,-3.425,0.611,0.5602
9406,GOh1052_P496R,GOh1052,P496R,-13.021,0.237,0.5602
9407,GOh1052_P496N,GOh1052,P496N,-6.656,0.485,0.5602
9408,GOh1052_P496D,GOh1052,P496D,-7.059,0.469,0.5602
9409,GOh1052_P496C,GOh1052,P496C,-9.074,0.391,0.5602
9410,GOh1052_P496Q,GOh1052,P496Q,-8.969,0.395,0.5602
9411,GOh1052_P496E,GOh1052,P496E,-8.999,0.394,0.5602
9412,GOh1052_P496G,GOh1052,P496G,-4.821,0.557,0.5602
9413,GOh1052_P496H,GOh1052,P496H,-10.708,0.327,0.5602
9414,GOh1052_P496I,GOh1052,P496I,-10.462,0.336,0.5602
9415,GOh1052_P496L,GOh1052,P496L,-11.41,0.299441428069216,0.5602
9416,GOh1052_P496K,GOh1052,P496K,-13.18,0.230303503769384,0.5602
9417,GOh1052_P496M,GOh1052,P496M,-9.463,0.375,0.5602
9418,GOh1052_P496F,GOh1052,P496F,-11.973,0.277,0.5602
9419,GOh1052_P496S,GOh1052,P496S,-3.286,0.617,0.5602
9420,GOh1052_P496T,GOh1052,P496T,-5.005,0.550,0.5602
9421,GOh1052_P496W,GOh1052,P496W,-12.613,0.252,0.5602
9422,GOh1052_P496Y,GOh1052,P496Y,-10.428,0.338,0.5602
9423,GOh1052_P496V,GOh1052,P496V,-7.497,0.452,0.5602
9424,GOh1052_E497A,GOh1052,E497A,-11.374,0.301,0.014
9425,GOh1052_E497R,GOh1052,E497R,-14.205,0.190,0.014
9426,GOh1052_E497N,GOh1052,E497N,-11.681,0.289,0.014
9427,GOh1052_E497D,GOh1052,E497D,-7.3,0.459982031951877,0.014
9428,GOh1052_E497C,GOh1052,E497C,-14.93,0.161946798953166,0.014
9429,GOh1052_E497Q,GOh1052,E497Q,-9.382,0.379,0.014
9430,GOh1052_E497G,GOh1052,E497G,-13.875,0.203,0.014
9431,GOh1052_E497H,GOh1052,E497H,-11.848,0.282,0.014
9432,GOh1052_E497I,GOh1052,E497I,-12.272,0.266,0.014
9433,GOh1052_E497L,GOh1052,E497L,-8.673,0.406,0.014
9434,GOh1052_E497K,GOh1052,E497K,-14.078,0.195,0.014
9435,GOh1052_E497M,GOh1052,E497M,-10.041,0.353,0.014
9436,GOh1052_E497F,GOh1052,E497F,-12.682,0.250,0.014
9437,GOh1052_E497P,GOh1052,E497P,-17.112,0.077,0.014
9438,GOh1052_E497S,GOh1052,E497S,-11.854,0.282,0.014
9439,GOh1052_E497T,GOh1052,E497T,-11.239,0.306,0.014
9440,GOh1052_E497W,GOh1052,E497W,-12.526,0.256,0.014
9441,GOh1052_E497Y,GOh1052,E497Y,-11.824,0.283,0.014
9442,GOh1052_E497V,GOh1052,E497V,-10.923,0.318,0.014
9443,GOh1052_I498A,GOh1052,I498A,-7.294,0.460,0.6216
9444,GOh1052_I498R,GOh1052,I498R,-3.853,0.595,0.6216
9445,GOh1052_I498N,GOh1052,I498N,-9.121,0.389,0.6216
9446,GOh1052_I498D,GOh1052,I498D,-12.675,0.250,0.6216
9447,GOh1052_I498C,GOh1052,I498C,-11.426,0.299,0.6216
9448,GOh1052_I498Q,GOh1052,I498Q,-7.23,0.462716300144526,0.6216
9449,GOh1052_I498E,GOh1052,I498E,-9.103,0.390,0.6216
9450,GOh1052_I498G,GOh1052,I498G,-10.413,0.338,0.6216
9451,GOh1052_I498H,GOh1052,I498H,-7.966,0.434,0.6216
9452,GOh1052_I498L,GOh1052,I498L,-3.43,0.611148002031171,0.6216
9453,GOh1052_I498K,GOh1052,I498K,-5.742,0.521,0.6216
9454,GOh1052_I498M,GOh1052,I498M,-4.736,0.560,0.6216
9455,GOh1052_I498F,GOh1052,I498F,-6.912,0.475,0.6216
9456,GOh1052_I498P,GOh1052,I498P,-14.336,0.185,0.6216
9457,GOh1052_I498S,GOh1052,I498S,-8.2,0.42482715518925,0.6216
9458,GOh1052_I498T,GOh1052,I498T,-6.43,0.493965079489082,0.6216
9459,GOh1052_I498W,GOh1052,I498W,-9.088,0.390,0.6216
9460,GOh1052_I498Y,GOh1052,I498Y,-7.076,0.469,0.6216
9461,GOh1052_I498V,GOh1052,I498V,-3.889,0.593,0.6216
9462,GOh1052_Y499A,GOh1052,Y499A,-12.305,0.264,0.085
9463,GOh1052_Y499R,GOh1052,Y499R,-11.879,0.281,0.085
9464,GOh1052_Y499N,GOh1052,Y499N,-12.359,0.262,0.085
9465,GOh1052_Y499D,GOh1052,Y499D,-13.175,0.230,0.085
9466,GOh1052_Y499C,GOh1052,Y499C,-13.359,0.223,0.085
9467,GOh1052_Y499Q,GOh1052,Y499Q,-13.419,0.221,0.085
9468,GOh1052_Y499E,GOh1052,Y499E,-14.029,0.197,0.085
9469,GOh1052_Y499G,GOh1052,Y499G,-13.544,0.216,0.085
9470,GOh1052_Y499H,GOh1052,Y499H,-8.772,0.402,0.085
9471,GOh1052_Y499I,GOh1052,Y499I,-12.939,0.240,0.085
9472,GOh1052_Y499L,GOh1052,Y499L,-10.415,0.338,0.085
9473,GOh1052_Y499K,GOh1052,Y499K,-13.272,0.227,0.085
9474,GOh1052_Y499M,GOh1052,Y499M,-13.084,0.234,0.085
9475,GOh1052_Y499F,GOh1052,Y499F,-6.712,0.483,0.085
9476,GOh1052_Y499P,GOh1052,Y499P,-15.025,0.158,0.085
9477,GOh1052_Y499S,GOh1052,Y499S,-11.38,0.300613257294637,0.085
9478,GOh1052_Y499T,GOh1052,Y499T,-13.062,0.235,0.085
9479,GOh1052_Y499W,GOh1052,Y499W,-4.804,0.557,0.085
9480,GOh1052_Y499V,GOh1052,Y499V,-12.849,0.243,0.085
9481,GOh1052_V500A,GOh1052,V500A,-5.886,0.515,1.9185
9482,GOh1052_V500R,GOh1052,V500R,-3.681,0.601,1.9185
9483,GOh1052_V500N,GOh1052,V500N,-2.296,0.655,1.9185
9484,GOh1052_V500D,GOh1052,V500D,-2.536,0.646,1.9185
9485,GOh1052_V500C,GOh1052,V500C,-7.255,0.462,1.9185
9486,GOh1052_V500Q,GOh1052,V500Q,-5.128,0.545,1.9185
9487,GOh1052_V500E,GOh1052,V500E,-5.902,0.515,1.9185
9488,GOh1052_V500G,GOh1052,V500G,-9.557,0.372,1.9185
9489,GOh1052_V500H,GOh1052,V500H,-3.297,0.616,1.9185
9490,GOh1052_V500I,GOh1052,V500I,-3.939,0.591,1.9185
9491,GOh1052_V500L,GOh1052,V500L,-3.748,0.599,1.9185
9492,GOh1052_V500K,GOh1052,V500K,-3.36,0.613882270223819,1.9185
9493,GOh1052_V500M,GOh1052,V500M,-5.829,0.517,1.9185
9494,GOh1052_V500F,GOh1052,V500F,-4.113,0.584,1.9185
9495,GOh1052_V500P,GOh1052,V500P,-9.93,0.357251669856646,1.9185
9496,GOh1052_V500S,GOh1052,V500S,-2.777,0.637,1.9185
9497,GOh1052_V500T,GOh1052,V500T,-6.502,0.491,1.9185
9498,GOh1052_V500W,GOh1052,V500W,-6.477,0.492,1.9185
9499,GOh1052_V500Y,GOh1052,V500Y,-3.382,0.613,1.9185
9500,GOh1052_P501A,GOh1052,P501A,-8.203,0.425,0.0146
9501,GOh1052_P501R,GOh1052,P501R,-10.274,0.344,0.0146
9502,GOh1052_P501N,GOh1052,P501N,-11.157,0.309,0.0146
9503,GOh1052_P501D,GOh1052,P501D,-8.905,0.397,0.0146
9504,GOh1052_P501C,GOh1052,P501C,-15.713,0.131,0.0146
9505,GOh1052_P501Q,GOh1052,P501Q,-9.572,0.371,0.0146
9506,GOh1052_P501E,GOh1052,P501E,-9.038,0.392,0.0146
9507,GOh1052_P501G,GOh1052,P501G,-10.958,0.317,0.0146
9508,GOh1052_P501H,GOh1052,P501H,-9.632,0.369,0.0146
9509,GOh1052_P501I,GOh1052,P501I,-12.085,0.273,0.0146
9510,GOh1052_P501L,GOh1052,P501L,-11.903,0.280,0.0146
9511,GOh1052_P501K,GOh1052,P501K,-10.206,0.346,0.0146
9512,GOh1052_P501M,GOh1052,P501M,-13.387,0.222,0.0146
9513,GOh1052_P501F,GOh1052,P501F,-12.233,0.267,0.0146
9514,GOh1052_P501S,GOh1052,P501S,-9.255,0.384,0.0146
9515,GOh1052_P501T,GOh1052,P501T,-10.134,0.349,0.0146
9516,GOh1052_P501W,GOh1052,P501W,-12.44,0.259208624663099,0.0146
9517,GOh1052_P501Y,GOh1052,P501Y,-10.189,0.347,0.0146
9518,GOh1052_P501V,GOh1052,P501V,-10.54,0.333424475606422,0.0146
9519,GOh1052_E502A,GOh1052,E502A,-2.636,0.642,1.4562
9520,GOh1052_E502R,GOh1052,E502R,-6.209,0.503,1.4562
9521,GOh1052_E502N,GOh1052,E502N,-4.497,0.569,1.4562
9522,GOh1052_E502D,GOh1052,E502D,-3.391,0.613,1.4562
9523,GOh1052_E502C,GOh1052,E502C,-10.011,0.354,1.4562
9524,GOh1052_E502Q,GOh1052,E502Q,-4.567,0.567,1.4562
9525,GOh1052_E502G,GOh1052,E502G,-3.595,0.605,1.4562
9526,GOh1052_E502H,GOh1052,E502H,-7.764,0.442,1.4562
9527,GOh1052_E502I,GOh1052,E502I,-7.692,0.445,1.4562
9528,GOh1052_E502L,GOh1052,E502L,-6.609,0.487,1.4562
9529,GOh1052_E502K,GOh1052,E502K,-4.718,0.561,1.4562
9530,GOh1052_E502M,GOh1052,E502M,-8.464,0.415,1.4562
9531,GOh1052_E502F,GOh1052,E502F,-7.926,0.436,1.4562
9532,GOh1052_E502P,GOh1052,E502P,-9.005,0.393,1.4562
9533,GOh1052_E502S,GOh1052,E502S,-1.638,0.681,1.4562
9534,GOh1052_E502T,GOh1052,E502T,-4.932,0.552,1.4562
9535,GOh1052_E502W,GOh1052,E502W,-7.798,0.441,1.4562
9536,GOh1052_E502Y,GOh1052,E502Y,-6.487,0.492,1.4562
9537,GOh1052_E502V,GOh1052,E502V,-6.777,0.480,1.4562
9538,GOh1052_Q503A,GOh1052,Q503A,-3.987,0.589,2.0236
9539,GOh1052_Q503R,GOh1052,Q503R,-3.541,0.607,2.0236
9540,GOh1052_Q503N,GOh1052,Q503N,-1.661,0.680,2.0236
9541,GOh1052_Q503D,GOh1052,Q503D,-3.834,0.595,2.0236
9542,GOh1052_Q503C,GOh1052,Q503C,-8.587,0.410,2.0236
9543,GOh1052_Q503E,GOh1052,Q503E,-4.886,0.554,2.0236
9544,GOh1052_Q503G,GOh1052,Q503G,-4.508,0.569,2.0236
9545,GOh1052_Q503H,GOh1052,Q503H,-6.17,0.504120932776063,2.0236
9546,GOh1052_Q503I,GOh1052,Q503I,-6.562,0.489,2.0236
9547,GOh1052_Q503L,GOh1052,Q503L,-3.797,0.597,2.0236
9548,GOh1052_Q503K,GOh1052,Q503K,-2.455,0.649,2.0236
9549,GOh1052_Q503M,GOh1052,Q503M,-6.503,0.491,2.0236
9550,GOh1052_Q503F,GOh1052,Q503F,-6.078,0.508,2.0236
9551,GOh1052_Q503P,GOh1052,Q503P,-8.123,0.428,2.0236
9552,GOh1052_Q503S,GOh1052,Q503S,-2.121,0.662,2.0236
9553,GOh1052_Q503T,GOh1052,Q503T,0.168,0.752,2.0236
9554,GOh1052_Q503W,GOh1052,Q503W,-7.32,0.459200812468263,2.0236
9555,GOh1052_Q503Y,GOh1052,Q503Y,-5.224,0.541,2.0236
9556,GOh1052_Q503V,GOh1052,Q503V,-6.864,0.477,2.0236
9557,GOh1052_D504A,GOh1052,D504A,-6.779,0.480,0.7677
9558,GOh1052_D504R,GOh1052,D504R,-6.242,0.501,0.7677
9559,GOh1052_D504N,GOh1052,D504N,-2.226,0.658,0.7677
9560,GOh1052_D504C,GOh1052,D504C,-13.15,0.231475332994805,0.7677
9561,GOh1052_D504Q,GOh1052,D504Q,-5.163,0.543,0.7677
9562,GOh1052_D504E,GOh1052,D504E,-4.44,0.571696418108668,0.7677
9563,GOh1052_D504G,GOh1052,D504G,-4.394,0.573,0.7677
9564,GOh1052_D504H,GOh1052,D504H,-8.109,0.428,0.7677
9565,GOh1052_D504I,GOh1052,D504I,-11.062,0.313,0.7677
9566,GOh1052_D504L,GOh1052,D504L,-9.67,0.367407523143627,0.7677
9567,GOh1052_D504K,GOh1052,D504K,-4.853,0.556,0.7677
9568,GOh1052_D504M,GOh1052,D504M,-9.956,0.356,0.7677
9569,GOh1052_D504F,GOh1052,D504F,-11.565,0.293,0.7677
9570,GOh1052_D504P,GOh1052,D504P,-11.897,0.280,0.7677
9571,GOh1052_D504S,GOh1052,D504S,-6.553,0.489,0.7677
9572,GOh1052_D504T,GOh1052,D504T,-8.357,0.419,0.7677
9573,GOh1052_D504W,GOh1052,D504W,-11.783,0.285,0.7677
9574,GOh1052_D504Y,GOh1052,D504Y,-10.398,0.339,0.7677
9575,GOh1052_D504V,GOh1052,D504V,-9.327,0.381,0.7677
9576,GOh1052_T505A,GOh1052,T505A,-4.007,0.589,1.5746
9577,GOh1052_T505R,GOh1052,T505R,-2.228,0.658,1.5746
9578,GOh1052_T505N,GOh1052,T505N,-4.867,0.555,1.5746
9579,GOh1052_T505D,GOh1052,T505D,-6.611,0.487,1.5746
9580,GOh1052_T505C,GOh1052,T505C,-7.989,0.433,1.5746
9581,GOh1052_T505Q,GOh1052,T505Q,-3.95,0.590836295457209,1.5746
9582,GOh1052_T505E,GOh1052,T505E,-6.05,0.508808249677747,1.5746
9583,GOh1052_T505G,GOh1052,T505G,-4.999,0.550,1.5746
9584,GOh1052_T505H,GOh1052,T505H,-5.568,0.528,1.5746
9585,GOh1052_T505I,GOh1052,T505I,-5.29,0.538494590055076,1.5746
9586,GOh1052_T505L,GOh1052,T505L,-4.931,0.553,1.5746
9587,GOh1052_T505K,GOh1052,T505K,-1.652,0.681,1.5746
9588,GOh1052_T505M,GOh1052,T505M,-6.178,0.504,1.5746
9589,GOh1052_T505F,GOh1052,T505F,-6.831,0.478,1.5746
9590,GOh1052_T505P,GOh1052,T505P,-11.427,0.299,1.5746
9591,GOh1052_T505S,GOh1052,T505S,-3.765,0.598,1.5746
9592,GOh1052_T505W,GOh1052,T505W,-7.801,0.440,1.5746
9593,GOh1052_T505Y,GOh1052,T505Y,-5.964,0.512,1.5746
9594,GOh1052_T505V,GOh1052,T505V,-4.711,0.561,1.5746
9595,GOh1052_F506A,GOh1052,F506A,-9.716,0.366,0.1041
9596,GOh1052_F506R,GOh1052,F506R,-12.796,0.245,0.1041
9597,GOh1052_F506N,GOh1052,F506N,-12.427,0.260,0.1041
9598,GOh1052_F506D,GOh1052,F506D,-14.376,0.184,0.1041
9599,GOh1052_F506C,GOh1052,F506C,-10.34,0.341236670442561,0.1041
9600,GOh1052_F506Q,GOh1052,F506Q,-12.822,0.244,0.1041
9601,GOh1052_F506E,GOh1052,F506E,-13.606,0.214,0.1041
9602,GOh1052_F506G,GOh1052,F506G,-12.264,0.266,0.1041
9603,GOh1052_F506H,GOh1052,F506H,-11.802,0.284,0.1041
9604,GOh1052_F506I,GOh1052,F506I,-6.599,0.487,0.1041
9605,GOh1052_F506L,GOh1052,F506L,-7.189,0.464,0.1041
9606,GOh1052_F506K,GOh1052,F506K,-13.971,0.199,0.1041
9607,GOh1052_F506M,GOh1052,F506M,-8.48,0.413890082418656,0.1041
9608,GOh1052_F506P,GOh1052,F506P,-11.93,0.279129721495254,0.1041
9609,GOh1052_F506S,GOh1052,F506S,-9.707,0.366,0.1041
9610,GOh1052_F506T,GOh1052,F506T,-9.405,0.378,0.1041
9611,GOh1052_F506W,GOh1052,F506W,-5.155,0.544,0.1041
9612,GOh1052_F506Y,GOh1052,F506Y,-7.042,0.470,0.1041
9613,GOh1052_F506V,GOh1052,F506V,-6.778,0.480,0.1041
9614,GOh1052_Y507A,GOh1052,Y507A,-4.116,0.584,2.5689
9615,GOh1052_Y507R,GOh1052,Y507R,-2.405,0.651,2.5689
9616,GOh1052_Y507N,GOh1052,Y507N,-5.962,0.512,2.5689
9617,GOh1052_Y507D,GOh1052,Y507D,-7.319,0.459,2.5689
9618,GOh1052_Y507C,GOh1052,Y507C,-8.141,0.427,2.5689
9619,GOh1052_Y507Q,GOh1052,Y507Q,-3.419,0.612,2.5689
9620,GOh1052_Y507E,GOh1052,Y507E,-4.541,0.568,2.5689
9621,GOh1052_Y507G,GOh1052,Y507G,-7.161,0.465,2.5689
9622,GOh1052_Y507H,GOh1052,Y507H,-5.314,0.538,2.5689
9623,GOh1052_Y507I,GOh1052,Y507I,-1.316,0.694,2.5689
9624,GOh1052_Y507L,GOh1052,Y507L,-3.397,0.612,2.5689
9625,GOh1052_Y507K,GOh1052,Y507K,-2.173,0.660,2.5689
9626,GOh1052_Y507M,GOh1052,Y507M,-5.468,0.532,2.5689
9627,GOh1052_Y507F,GOh1052,Y507F,-4.53,0.568180930432405,2.5689
9628,GOh1052_Y507P,GOh1052,Y507P,-11.118,0.311,2.5689
9629,GOh1052_Y507S,GOh1052,Y507S,-2.925,0.631,2.5689
9630,GOh1052_Y507T,GOh1052,Y507T,-1.226,0.697,2.5689
9631,GOh1052_Y507W,GOh1052,Y507W,-6.369,0.496,2.5689
9632,GOh1052_Y507V,GOh1052,Y507V,-1.041,0.704,2.5689
9633,GOh1052_K508A,GOh1052,K508A,-3.386,0.613,1.727
9634,GOh1052_K508R,GOh1052,K508R,-3.175,0.621,1.727
9635,GOh1052_K508N,GOh1052,K508N,-4.722,0.561,1.727
9636,GOh1052_K508D,GOh1052,K508D,-5.635,0.525,1.727
9637,GOh1052_K508C,GOh1052,K508C,-9.391,0.378,1.727
9638,GOh1052_K508Q,GOh1052,K508Q,-2.905,0.632,1.727
9639,GOh1052_K508E,GOh1052,K508E,-4.479,0.570,1.727
9640,GOh1052_K508G,GOh1052,K508G,-5.995,0.511,1.727
9641,GOh1052_K508H,GOh1052,K508H,-6.044,0.509,1.727
9642,GOh1052_K508I,GOh1052,K508I,-4.635,0.564,1.727
9643,GOh1052_K508L,GOh1052,K508L,-4.09,0.585367759071911,1.727
9644,GOh1052_K508M,GOh1052,K508M,-5.436,0.533,1.727
9645,GOh1052_K508F,GOh1052,K508F,-5.598,0.526,1.727
9646,GOh1052_K508P,GOh1052,K508P,-4.004,0.589,1.727
9647,GOh1052_K508S,GOh1052,K508S,-3.971,0.590,1.727
9648,GOh1052_K508T,GOh1052,K508T,-2.54,0.64591226905199,1.727
9649,GOh1052_K508W,GOh1052,K508W,-6.818,0.479,1.727
9650,GOh1052_K508Y,GOh1052,K508Y,-4.36,0.574821296043123,1.727
9651,GOh1052_K508V,GOh1052,K508V,-3.687,0.601,1.727
9652,GOh1052_Q509A,GOh1052,Q509A,-2.727,0.639,2.0831
9653,GOh1052_Q509R,GOh1052,Q509R,-5.504,0.530,2.0831
9654,GOh1052_Q509N,GOh1052,Q509N,-5.855,0.516,2.0831
9655,GOh1052_Q509D,GOh1052,Q509D,-7.373,0.457,2.0831
9656,GOh1052_Q509C,GOh1052,Q509C,-7.362,0.458,2.0831
9657,GOh1052_Q509E,GOh1052,Q509E,-5.851,0.517,2.0831
9658,GOh1052_Q509G,GOh1052,Q509G,-3.805,0.597,2.0831
9659,GOh1052_Q509H,GOh1052,Q509H,-4.661,0.563,2.0831
9660,GOh1052_Q509I,GOh1052,Q509I,-3.791,0.597,2.0831
9661,GOh1052_Q509L,GOh1052,Q509L,0.121,0.750,2.0831
9662,GOh1052_Q509K,GOh1052,Q509K,-5.084,0.547,2.0831
9663,GOh1052_Q509M,GOh1052,Q509M,-0.91,0.709581656966525,2.0831
9664,GOh1052_Q509F,GOh1052,Q509F,-4.945,0.552,2.0831
9665,GOh1052_Q509P,GOh1052,Q509P,-5.507,0.530,2.0831
9666,GOh1052_Q509S,GOh1052,Q509S,-4.967,0.551,2.0831
9667,GOh1052_Q509T,GOh1052,Q509T,-2.955,0.630,2.0831
9668,GOh1052_Q509W,GOh1052,Q509W,-7.792,0.441,2.0831
9669,GOh1052_Q509Y,GOh1052,Q509Y,-5.601,0.526,2.0831
9670,GOh1052_Q509V,GOh1052,Q509V,-2.81,0.635365806023202,2.0831
9671,GOh1052_N510A,GOh1052,N510A,-3.003,0.628,0.803
9672,GOh1052_N510R,GOh1052,N510R,-7.623,0.447,0.803
9673,GOh1052_N510D,GOh1052,N510D,-4.211,0.581,0.803
9674,GOh1052_N510C,GOh1052,N510C,-11.536,0.295,0.803
9675,GOh1052_N510Q,GOh1052,N510Q,-4.938,0.552,0.803
9676,GOh1052_N510E,GOh1052,N510E,-4.835,0.556,0.803
9677,GOh1052_N510G,GOh1052,N510G,-6.444,0.493,0.803
9678,GOh1052_N510H,GOh1052,N510H,-7.673,0.445,0.803
9679,GOh1052_N510I,GOh1052,N510I,-7.372,0.457,0.803
9680,GOh1052_N510L,GOh1052,N510L,-6.712,0.483,0.803
9681,GOh1052_N510K,GOh1052,N510K,-5.719,0.522,0.803
9682,GOh1052_N510M,GOh1052,N510M,-7.931,0.435,0.803
9683,GOh1052_N510F,GOh1052,N510F,-7.602,0.448,0.803
9684,GOh1052_N510P,GOh1052,N510P,-4.866,0.555,0.803
9685,GOh1052_N510S,GOh1052,N510S,-4.601,0.565,0.803
9686,GOh1052_N510T,GOh1052,N510T,-4.43,0.572087027850475,0.803
9687,GOh1052_N510W,GOh1052,N510W,-9.356,0.380,0.803
9688,GOh1052_N510Y,GOh1052,N510Y,-7.168,0.465,0.803
9689,GOh1052_N510V,GOh1052,N510V,-6.243,0.501,0.803
9690,GOh1052_P511A,GOh1052,P511A,-4.052,0.587,0.4473
9691,GOh1052_P511R,GOh1052,P511R,-7.68,0.445138861763212,0.4473
9692,GOh1052_P511N,GOh1052,P511N,-5.537,0.529,0.4473
9693,GOh1052_P511D,GOh1052,P511D,-5.576,0.527,0.4473
9694,GOh1052_P511C,GOh1052,P511C,-12.46,0.258427405179485,0.4473
9695,GOh1052_P511Q,GOh1052,P511Q,-6.406,0.495,0.4473
9696,GOh1052_P511E,GOh1052,P511E,-5.669,0.524,0.4473
9697,GOh1052_P511G,GOh1052,P511G,-6.388,0.496,0.4473
9698,GOh1052_P511H,GOh1052,P511H,-9.576,0.371,0.4473
9699,GOh1052_P511I,GOh1052,P511I,-8.129,0.428,0.4473
9700,GOh1052_P511L,GOh1052,P511L,-7.859,0.438,0.4473
9701,GOh1052_P511K,GOh1052,P511K,-6.805,0.479,0.4473
9702,GOh1052_P511M,GOh1052,P511M,-9.439,0.376,0.4473
9703,GOh1052_P511F,GOh1052,P511F,-9.288,0.382,0.4473
9704,GOh1052_P511S,GOh1052,P511S,-4.215,0.580,0.4473
9705,GOh1052_P511T,GOh1052,P511T,-5.35,0.536150931604234,0.4473
9706,GOh1052_P511W,GOh1052,P511W,-10.759,0.325,0.4473
9707,GOh1052_P511Y,GOh1052,P511Y,-8.88,0.398265692746377,0.4473
9708,GOh1052_P511V,GOh1052,P511V,-6.715,0.483,0.4473
9709,GOh1052_N512A,GOh1052,N512A,-6.029,0.510,0.2275
9710,GOh1052_N512R,GOh1052,N512R,-8.659,0.407,0.2275
9711,GOh1052_N512D,GOh1052,N512D,-8.771,0.403,0.2275
9712,GOh1052_N512C,GOh1052,N512C,-11.301,0.304,0.2275
9713,GOh1052_N512Q,GOh1052,N512Q,-4.947,0.552,0.2275
9714,GOh1052_N512E,GOh1052,N512E,-7.272,0.461,0.2275
9715,GOh1052_N512G,GOh1052,N512G,-8.104,0.429,0.2275
9716,GOh1052_N512H,GOh1052,N512H,-5.4,0.534197882895199,0.2275
9717,GOh1052_N512I,GOh1052,N512I,-8.029,0.432,0.2275
9718,GOh1052_N512L,GOh1052,N512L,-7.541,0.451,0.2275
9719,GOh1052_N512K,GOh1052,N512K,-8.571,0.410,0.2275
9720,GOh1052_N512M,GOh1052,N512M,-5.638,0.525,0.2275
9721,GOh1052_N512F,GOh1052,N512F,-9.149,0.388,0.2275
9722,GOh1052_N512P,GOh1052,N512P,-8.828,0.400,0.2275
9723,GOh1052_N512S,GOh1052,N512S,-6.257,0.501,0.2275
9724,GOh1052_N512T,GOh1052,N512T,-7.101,0.468,0.2275
9725,GOh1052_N512W,GOh1052,N512W,-9.838,0.361,0.2275
9726,GOh1052_N512Y,GOh1052,N512Y,-8.765,0.403,0.2275
9727,GOh1052_N512V,GOh1052,N512V,-8.004,0.432,0.2275
9728,GOh1052_S513A,GOh1052,S513A,-3.987,0.589,0.9635
9729,GOh1052_S513R,GOh1052,S513R,-6.321,0.498,0.9635
9730,GOh1052_S513N,GOh1052,S513N,-4.016,0.588,0.9635
9731,GOh1052_S513D,GOh1052,S513D,-4.677,0.562,0.9635
9732,GOh1052_S513C,GOh1052,S513C,-12.492,0.257,0.9635
9733,GOh1052_S513Q,GOh1052,S513Q,-4.817,0.557,0.9635
9734,GOh1052_S513E,GOh1052,S513E,-5.424,0.533,0.9635
9735,GOh1052_S513G,GOh1052,S513G,-5.493,0.531,0.9635
9736,GOh1052_S513H,GOh1052,S513H,-7.769,0.442,0.9635
9737,GOh1052_S513I,GOh1052,S513I,-6.689,0.484,0.9635
9738,GOh1052_S513L,GOh1052,S513L,-6.259,0.501,0.9635
9739,GOh1052_S513K,GOh1052,S513K,-4.77,0.558806296629038,0.9635
9740,GOh1052_S513M,GOh1052,S513M,-7.706,0.444,0.9635
9741,GOh1052_S513F,GOh1052,S513F,-8.534,0.412,0.9635
9742,GOh1052_S513P,GOh1052,S513P,-5.058,0.548,0.9635
9743,GOh1052_S513T,GOh1052,S513T,-2.657,0.641,0.9635
9744,GOh1052_S513W,GOh1052,S513W,-9.954,0.356,0.9635
9745,GOh1052_S513Y,GOh1052,S513Y,-7.353,0.458,0.9635
9746,GOh1052_S513V,GOh1052,S513V,-5.451,0.532,0.9635
9747,GOh1052_I514A,GOh1052,I514A,-5.684,0.523,0.6207
9748,GOh1052_I514R,GOh1052,I514R,-7.027,0.471,0.6207
9749,GOh1052_I514N,GOh1052,I514N,-6.906,0.475,0.6207
9750,GOh1052_I514D,GOh1052,I514D,-9.004,0.393,0.6207
9751,GOh1052_I514C,GOh1052,I514C,-11.946,0.279,0.6207
9752,GOh1052_I514Q,GOh1052,I514Q,-6.601,0.487,0.6207
9753,GOh1052_I514E,GOh1052,I514E,-8.172,0.426,0.6207
9754,GOh1052_I514G,GOh1052,I514G,-8.37,0.418186789578532,0.6207
9755,GOh1052_I514H,GOh1052,I514H,-8.934,0.396,0.6207
9756,GOh1052_I514L,GOh1052,I514L,-5.439,0.533,0.6207
9757,GOh1052_I514K,GOh1052,I514K,-5.901,0.515,0.6207
9758,GOh1052_I514M,GOh1052,I514M,-6.416,0.495,0.6207
9759,GOh1052_I514F,GOh1052,I514F,-7.942,0.435,0.6207
9760,GOh1052_I514P,GOh1052,I514P,-9.809,0.362,0.6207
9761,GOh1052_I514S,GOh1052,I514S,-6.595,0.488,0.6207
9762,GOh1052_I514T,GOh1052,I514T,-5.214,0.541,0.6207
9763,GOh1052_I514W,GOh1052,I514W,-10.574,0.332,0.6207
9764,GOh1052_I514Y,GOh1052,I514Y,-8.295,0.421,0.6207
9765,GOh1052_I514V,GOh1052,I514V,-2.402,0.651,0.6207
9766,GOh1052_V515A,GOh1052,V515A,-3.347,0.614,1.1092
9767,GOh1052_V515R,GOh1052,V515R,-8.122,0.428,1.1092
9768,GOh1052_V515N,GOh1052,V515N,-6.334,0.498,1.1092
9769,GOh1052_V515D,GOh1052,V515D,-5.435,0.533,1.1092
9770,GOh1052_V515C,GOh1052,V515C,-9.324,0.381,1.1092
9771,GOh1052_V515Q,GOh1052,V515Q,-7.374,0.457,1.1092
9772,GOh1052_V515E,GOh1052,V515E,-5.037,0.548,1.1092
9773,GOh1052_V515G,GOh1052,V515G,-4.524,0.568,1.1092
9774,GOh1052_V515H,GOh1052,V515H,-6.95,0.473653372915121,1.1092
9775,GOh1052_V515I,GOh1052,V515I,-3.906,0.593,1.1092
9776,GOh1052_V515L,GOh1052,V515L,-6.758,0.481,1.1092
9777,GOh1052_V515K,GOh1052,V515K,-8.49,0.413499472676849,1.1092
9778,GOh1052_V515M,GOh1052,V515M,-5.246,0.540,1.1092
9779,GOh1052_V515F,GOh1052,V515F,-4.954,0.552,1.1092
9780,GOh1052_V515P,GOh1052,V515P,-2.448,0.650,1.1092
9781,GOh1052_V515S,GOh1052,V515S,-5.428,0.533,1.1092
9782,GOh1052_V515T,GOh1052,V515T,-5.878,0.516,1.1092
9783,GOh1052_V515W,GOh1052,V515W,-7.99,0.433029959767197,1.1092
9784,GOh1052_V515Y,GOh1052,V515Y,-4.511,0.569,1.1092
9785,GOh1052_R516A,GOh1052,R516A,-13.042,0.236,0.002
9786,GOh1052_R516N,GOh1052,R516N,-12.999,0.237,0.002
9787,GOh1052_R516D,GOh1052,R516D,-14.811,0.167,0.002
9788,GOh1052_R516C,GOh1052,R516C,-13.161,0.231,0.002
9789,GOh1052_R516Q,GOh1052,R516Q,-12.748,0.247,0.002
9790,GOh1052_R516E,GOh1052,R516E,-14.242,0.189,0.002
9791,GOh1052_R516G,GOh1052,R516G,-10.831,0.322,0.002
9792,GOh1052_R516H,GOh1052,R516H,-10.646,0.329,0.002
9793,GOh1052_R516I,GOh1052,R516I,-13.13,0.232256552478419,0.002
9794,GOh1052_R516L,GOh1052,R516L,-11.764,0.286,0.002
9795,GOh1052_R516K,GOh1052,R516K,-10.376,0.340,0.002
9796,GOh1052_R516M,GOh1052,R516M,-13.389,0.222,0.002
9797,GOh1052_R516F,GOh1052,R516F,-15.035,0.158,0.002
9798,GOh1052_R516P,GOh1052,R516P,-13.623,0.213,0.002
9799,GOh1052_R516S,GOh1052,R516S,-12.19,0.268973868208273,0.002
9800,GOh1052_R516T,GOh1052,R516T,-12.026,0.275,0.002
9801,GOh1052_R516W,GOh1052,R516W,-15.361,0.145,0.002
9802,GOh1052_R516Y,GOh1052,R516Y,-13.821,0.205,0.002
9803,GOh1052_R516V,GOh1052,R516V,-13.343,0.224,0.002
9804,GOh1052_A517R,GOh1052,A517R,-7.892,0.437,2.4157
9805,GOh1052_A517N,GOh1052,A517N,-1.288,0.695,2.4157
9806,GOh1052_A517D,GOh1052,A517D,-5.933,0.513,2.4157
9807,GOh1052_A517C,GOh1052,A517C,-2.814,0.635,2.4157
9808,GOh1052_A517Q,GOh1052,A517Q,-5.406,0.534,2.4157
9809,GOh1052_A517E,GOh1052,A517E,-6.272,0.500,2.4157
9810,GOh1052_A517G,GOh1052,A517G,-1.374,0.691,2.4157
9811,GOh1052_A517H,GOh1052,A517H,-7.175,0.465,2.4157
9812,GOh1052_A517I,GOh1052,A517I,-4.814,0.557,2.4157
9813,GOh1052_A517L,GOh1052,A517L,-3.716,0.600,2.4157
9814,GOh1052_A517K,GOh1052,A517K,-8.688,0.406,2.4157
9815,GOh1052_A517M,GOh1052,A517M,-4.657,0.563,2.4157
9816,GOh1052_A517F,GOh1052,A517F,-8.532,0.412,2.4157
9817,GOh1052_A517P,GOh1052,A517P,-7.227,0.463,2.4157
9818,GOh1052_A517S,GOh1052,A517S,-2.262,0.657,2.4157
9819,GOh1052_A517T,GOh1052,A517T,-0.053,0.743,2.4157
9820,GOh1052_A517W,GOh1052,A517W,-9.953,0.356,2.4157
9821,GOh1052_A517Y,GOh1052,A517Y,-8.483,0.414,2.4157
9822,GOh1052_A517V,GOh1052,A517V,-1.378,0.691,2.4157
9823,GOh1052_Y518A,GOh1052,Y518A,-10.319,0.342,0.0081
9824,GOh1052_Y518R,GOh1052,Y518R,-13.788,0.207,0.0081
9825,GOh1052_Y518N,GOh1052,Y518N,-9.384,0.379,0.0081
9826,GOh1052_Y518D,GOh1052,Y518D,-9.386,0.379,0.0081
9827,GOh1052_Y518C,GOh1052,Y518C,-10.292,0.343,0.0081
9828,GOh1052_Y518Q,GOh1052,Y518Q,-11.689,0.289,0.0081
9829,GOh1052_Y518E,GOh1052,Y518E,-11.544,0.294,0.0081
9830,GOh1052_Y518G,GOh1052,Y518G,-10.41,0.338502402249912,0.0081
9831,GOh1052_Y518H,GOh1052,Y518H,-10.198,0.347,0.0081
9832,GOh1052_Y518I,GOh1052,Y518I,-12.518,0.256,0.0081
9833,GOh1052_Y518L,GOh1052,Y518L,-11.577,0.293,0.0081
9834,GOh1052_Y518K,GOh1052,Y518K,-15.122,0.154,0.0081
9835,GOh1052_Y518M,GOh1052,Y518M,-11.665,0.289,0.0081
9836,GOh1052_Y518F,GOh1052,Y518F,-9.468,0.375,0.0081
9837,GOh1052_Y518P,GOh1052,Y518P,-12.505,0.257,0.0081
9838,GOh1052_Y518S,GOh1052,Y518S,-9.858,0.360,0.0081
9839,GOh1052_Y518T,GOh1052,Y518T,-11.578,0.293,0.0081
9840,GOh1052_Y518W,GOh1052,Y518W,-11.433,0.299,0.0081
9841,GOh1052_Y518V,GOh1052,Y518V,-11.497,0.296,0.0081
9842,GOh1052_H519A,GOh1052,H519A,-11.453,0.298,0.0059
9843,GOh1052_H519R,GOh1052,H519R,-10.343,0.341,0.0059
9844,GOh1052_H519N,GOh1052,H519N,-9.879,0.359,0.0059
9845,GOh1052_H519D,GOh1052,H519D,-10.518,0.334,0.0059
9846,GOh1052_H519C,GOh1052,H519C,-12.167,0.270,0.0059
9847,GOh1052_H519Q,GOh1052,H519Q,-8.871,0.399,0.0059
9848,GOh1052_H519E,GOh1052,H519E,-12.372,0.262,0.0059
9849,GOh1052_H519G,GOh1052,H519G,-10.647,0.329,0.0059
9850,GOh1052_H519I,GOh1052,H519I,-13.434,0.220,0.0059
9851,GOh1052_H519L,GOh1052,H519L,-11.71,0.287723135815007,0.0059
9852,GOh1052_H519K,GOh1052,H519K,-12.973,0.238,0.0059
9853,GOh1052_H519M,GOh1052,H519M,-11.967,0.278,0.0059
9854,GOh1052_H519F,GOh1052,H519F,-12.213,0.268,0.0059
9855,GOh1052_H519P,GOh1052,H519P,-12.172,0.270,0.0059
9856,GOh1052_H519S,GOh1052,H519S,-10.429,0.338,0.0059
9857,GOh1052_H519T,GOh1052,H519T,-12.914,0.241,0.0059
9858,GOh1052_H519W,GOh1052,H519W,-13.712,0.210,0.0059
9859,GOh1052_H519Y,GOh1052,H519Y,-11.515,0.295,0.0059
9860,GOh1052_H519V,GOh1052,H519V,-13.036,0.236,0.0059
9861,GOh1052_S520A,GOh1052,S520A,-6.617,0.487,0.0358
9862,GOh1052_S520R,GOh1052,S520R,-14.028,0.197,0.0358
9863,GOh1052_S520N,GOh1052,S520N,-7.128,0.467,0.0358
9864,GOh1052_S520D,GOh1052,S520D,-11.323,0.303,0.0358
9865,GOh1052_S520C,GOh1052,S520C,-8.352,0.419,0.0358
9866,GOh1052_S520Q,GOh1052,S520Q,-11.784,0.285,0.0358
9867,GOh1052_S520E,GOh1052,S520E,-13.197,0.230,0.0358
9868,GOh1052_S520G,GOh1052,S520G,-7.637,0.447,0.0358
9869,GOh1052_S520H,GOh1052,S520H,-12.02,0.275614233818991,0.0358
9870,GOh1052_S520I,GOh1052,S520I,-14.235,0.189,0.0358
9871,GOh1052_S520L,GOh1052,S520L,-13.021,0.237,0.0358
9872,GOh1052_S520K,GOh1052,S520K,-14.012,0.198,0.0358
9873,GOh1052_S520M,GOh1052,S520M,-12.421,0.260,0.0358
9874,GOh1052_S520F,GOh1052,S520F,-12.983,0.238,0.0358
9875,GOh1052_S520P,GOh1052,S520P,-10.223,0.346,0.0358
9876,GOh1052_S520T,GOh1052,S520T,-9.452,0.376,0.0358
9877,GOh1052_S520W,GOh1052,S520W,-15.923,0.123,0.0358
9878,GOh1052_S520Y,GOh1052,S520Y,-14.71,0.170540213272919,0.0358
9879,GOh1052_S520V,GOh1052,S520V,-12.778,0.246,0.0358
9880,GOh1052_I521A,GOh1052,I521A,-6.212,0.502,0.613
9881,GOh1052_I521R,GOh1052,I521R,-12.018,0.276,0.613
9882,GOh1052_I521N,GOh1052,I521N,-7.421,0.455,0.613
9883,GOh1052_I521D,GOh1052,I521D,-8.399,0.417,0.613
9884,GOh1052_I521C,GOh1052,I521C,-8.779,0.402,0.613
9885,GOh1052_I521Q,GOh1052,I521Q,-8.334,0.420,0.613
9886,GOh1052_I521E,GOh1052,I521E,-7.011,0.471,0.613
9887,GOh1052_I521G,GOh1052,I521G,-8.395,0.417,0.613
9888,GOh1052_I521H,GOh1052,I521H,-9.334,0.381,0.613
9889,GOh1052_I521L,GOh1052,I521L,-5.805,0.518,0.613
9890,GOh1052_I521K,GOh1052,I521K,-9.947,0.357,0.613
9891,GOh1052_I521M,GOh1052,I521M,-5.71,0.522088980899184,0.613
9892,GOh1052_I521F,GOh1052,I521F,-5.948,0.513,0.613
9893,GOh1052_I521P,GOh1052,I521P,-11.282,0.304,0.613
9894,GOh1052_I521S,GOh1052,I521S,-7.082,0.468,0.613
9895,GOh1052_I521T,GOh1052,I521T,-4.471,0.570,0.613
9896,GOh1052_I521W,GOh1052,I521W,-8.034,0.431,0.613
9897,GOh1052_I521Y,GOh1052,I521Y,-8.761,0.403,0.613
9898,GOh1052_I521V,GOh1052,I521V,-2.462,0.649,0.613
9899,GOh1052_S522A,GOh1052,S522A,-1.782,0.676,0.6984
9900,GOh1052_S522R,GOh1052,S522R,-12.588,0.253,0.6984
9901,GOh1052_S522N,GOh1052,S522N,-7.376,0.457,0.6984
9902,GOh1052_S522D,GOh1052,S522D,-9.67,0.367407523143627,0.6984
9903,GOh1052_S522C,GOh1052,S522C,-8.471,0.414,0.6984
9904,GOh1052_S522Q,GOh1052,S522Q,-9.432,0.377,0.6984
9905,GOh1052_S522E,GOh1052,S522E,-9.824,0.361,0.6984
9906,GOh1052_S522G,GOh1052,S522G,-4.537,0.568,0.6984
9907,GOh1052_S522H,GOh1052,S522H,-11.501,0.296,0.6984
9908,GOh1052_S522I,GOh1052,S522I,-11.51,0.295535330651146,0.6984
9909,GOh1052_S522L,GOh1052,S522L,-11.104,0.311,0.6984
9910,GOh1052_S522K,GOh1052,S522K,-11.165,0.309,0.6984
9911,GOh1052_S522M,GOh1052,S522M,-10.09,0.351001913987735,0.6984
9912,GOh1052_S522F,GOh1052,S522F,-13.645,0.212,0.6984
9913,GOh1052_S522P,GOh1052,S522P,-9.494,0.374,0.6984
9914,GOh1052_S522T,GOh1052,S522T,-6.26,0.500605445099801,0.6984
9915,GOh1052_S522W,GOh1052,S522W,-14.039,0.197,0.6984
9916,GOh1052_S522Y,GOh1052,S522Y,-13.051,0.235,0.6984
9917,GOh1052_S522V,GOh1052,S522V,-7.692,0.445,0.6984
9918,GOh1052_L523A,GOh1052,L523A,-7.676,0.445,0.2283
9919,GOh1052_L523R,GOh1052,L523R,-13.117,0.233,0.2283
9920,GOh1052_L523N,GOh1052,L523N,-7.381,0.457,0.2283
9921,GOh1052_L523D,GOh1052,L523D,-12.882,0.242,0.2283
9922,GOh1052_L523C,GOh1052,L523C,-10.158,0.348,0.2283
9923,GOh1052_L523Q,GOh1052,L523Q,-10.58,0.331862036639194,0.2283
9924,GOh1052_L523E,GOh1052,L523E,-12.422,0.260,0.2283
9925,GOh1052_L523G,GOh1052,L523G,-10.686,0.328,0.2283
9926,GOh1052_L523H,GOh1052,L523H,-10.19,0.347095816569665,0.2283
9927,GOh1052_L523I,GOh1052,L523I,-3.911,0.592,0.2283
9928,GOh1052_L523K,GOh1052,L523K,-13.493,0.218,0.2283
9929,GOh1052_L523M,GOh1052,L523M,-6.878,0.476,0.2283
9930,GOh1052_L523F,GOh1052,L523F,-8.404,0.417,0.2283
9931,GOh1052_L523P,GOh1052,L523P,-13.032,0.236,0.2283
9932,GOh1052_L523S,GOh1052,L523S,-9.005,0.393,0.2283
9933,GOh1052_L523T,GOh1052,L523T,-7.253,0.462,0.2283
9934,GOh1052_L523W,GOh1052,L523W,-10.951,0.317,0.2283
9935,GOh1052_L523Y,GOh1052,L523Y,-10.114,0.350,0.2283
9936,GOh1052_L523V,GOh1052,L523V,-5.161,0.544,0.2283
9937,GOh1052_L524A,GOh1052,L524A,-11.792,0.285,0.0066
9938,GOh1052_L524R,GOh1052,L524R,-12.515,0.256,0.0066
9939,GOh1052_L524N,GOh1052,L524N,-13.061,0.235,0.0066
9940,GOh1052_L524D,GOh1052,L524D,-15.294,0.148,0.0066
9941,GOh1052_L524C,GOh1052,L524C,-14.562,0.176,0.0066
9942,GOh1052_L524Q,GOh1052,L524Q,-12.06,0.274051794851764,0.0066
9943,GOh1052_L524E,GOh1052,L524E,-14.713,0.170,0.0066
9944,GOh1052_L524G,GOh1052,L524G,-14.546,0.177,0.0066
9945,GOh1052_L524H,GOh1052,L524H,-13.343,0.224,0.0066
9946,GOh1052_L524I,GOh1052,L524I,-8.627,0.408,0.0066
9947,GOh1052_L524K,GOh1052,L524K,-13.507,0.218,0.0066
9948,GOh1052_L524M,GOh1052,L524M,-9.62,0.369360571852662,0.0066
9949,GOh1052_L524F,GOh1052,L524F,-10.413,0.338,0.0066
9950,GOh1052_L524P,GOh1052,L524P,-11.963,0.278,0.0066
9951,GOh1052_L524S,GOh1052,L524S,-12.56,0.254521307761416,0.0066
9952,GOh1052_L524T,GOh1052,L524T,-11.183,0.308,0.0066
9953,GOh1052_L524W,GOh1052,L524W,-14.028,0.197,0.0066
9954,GOh1052_L524Y,GOh1052,L524Y,-13.44,0.220147650482403,0.0066
9955,GOh1052_L524V,GOh1052,L524V,-9.048,0.392,0.0066
9956,GOh1052_L525A,GOh1052,L525A,-12.338,0.263,0.0499
9957,GOh1052_L525R,GOh1052,L525R,-12.171,0.270,0.0499
9958,GOh1052_L525N,GOh1052,L525N,-14.178,0.191,0.0499
9959,GOh1052_L525D,GOh1052,L525D,-14.882,0.164,0.0499
9960,GOh1052_L525C,GOh1052,L525C,-13.782,0.207,0.0499
9961,GOh1052_L525Q,GOh1052,L525Q,-10.227,0.346,0.0499
9962,GOh1052_L525E,GOh1052,L525E,-13.48,0.218585211515175,0.0499
9963,GOh1052_L525G,GOh1052,L525G,-14.003,0.198,0.0499
9964,GOh1052_L525H,GOh1052,L525H,-12.702,0.249,0.0499
9965,GOh1052_L525I,GOh1052,L525I,-8.931,0.396,0.0499
9966,GOh1052_L525K,GOh1052,L525K,-13.75,0.208038748486387,0.0499
9967,GOh1052_L525M,GOh1052,L525M,-5.335,0.537,0.0499
9968,GOh1052_L525F,GOh1052,L525F,-9.259,0.383,0.0499
9969,GOh1052_L525P,GOh1052,L525P,-14.544,0.177,0.0499
9970,GOh1052_L525S,GOh1052,L525S,-13.475,0.219,0.0499
9971,GOh1052_L525T,GOh1052,L525T,-10.221,0.346,0.0499
9972,GOh1052_L525W,GOh1052,L525W,-12.605,0.253,0.0499
9973,GOh1052_L525Y,GOh1052,L525Y,-10.66,0.328737158704738,0.0499
9974,GOh1052_L525V,GOh1052,L525V,-9.924,0.357,0.0499
9975,GOh1052_P526A,GOh1052,P526A,-6.802,0.479,0.0685
9976,GOh1052_P526R,GOh1052,P526R,-8.55,0.411155814226007,0.0685
9977,GOh1052_P526N,GOh1052,P526N,-8.23,0.42365532596383,0.0685
9978,GOh1052_P526D,GOh1052,P526D,-9.461,0.376,0.0685
9979,GOh1052_P526C,GOh1052,P526C,-13.486,0.218,0.0685
9980,GOh1052_P526Q,GOh1052,P526Q,-7.441,0.454,0.0685
9981,GOh1052_P526E,GOh1052,P526E,-9.726,0.365,0.0685
9982,GOh1052_P526G,GOh1052,P526G,-8.57,0.410374594742393,0.0685
9983,GOh1052_P526H,GOh1052,P526H,-9.587,0.371,0.0685
9984,GOh1052_P526I,GOh1052,P526I,-9.01,0.393187766102887,0.0685
9985,GOh1052_P526L,GOh1052,P526L,-7.308,0.460,0.0685
9986,GOh1052_P526K,GOh1052,P526K,-8.814,0.401,0.0685
9987,GOh1052_P526M,GOh1052,P526M,-9.1,0.389672278426624,0.0685
9988,GOh1052_P526F,GOh1052,P526F,-11.361,0.301,0.0685
9989,GOh1052_P526S,GOh1052,P526S,-6.799,0.480,0.0685
9990,GOh1052_P526T,GOh1052,P526T,-7.422,0.455,0.0685
9991,GOh1052_P526W,GOh1052,P526W,-12.128,0.271,0.0685
9992,GOh1052_P526Y,GOh1052,P526Y,-9.853,0.360,0.0685
9993,GOh1052_P526V,GOh1052,P526V,-8.544,0.411,0.0685
9994,GOh1052_D527A,GOh1052,D527A,-14.552,0.177,0.0041
9995,GOh1052_D527R,GOh1052,D527R,-15.219,0.151,0.0041
9996,GOh1052_D527N,GOh1052,D527N,-8.718,0.405,0.0041
9997,GOh1052_D527C,GOh1052,D527C,-15.123,0.154,0.0041
9998,GOh1052_D527Q,GOh1052,D527Q,-13.942,0.201,0.0041
9999,GOh1052_D527E,GOh1052,D527E,-11.496,0.296,0.0041
10000,GOh1052_D527G,GOh1052,D527G,-10.407,0.339,0.0041
10001,GOh1052_D527H,GOh1052,D527H,-14.732,0.170,0.0041
10002,GOh1052_D527I,GOh1052,D527I,-14.986,0.160,0.0041
10003,GOh1052_D527L,GOh1052,D527L,-15.709,0.132,0.0041
10004,GOh1052_D527K,GOh1052,D527K,-14.812,0.167,0.0041
10005,GOh1052_D527M,GOh1052,D527M,-16.85,0.0869497285262294,0.0041
10006,GOh1052_D527F,GOh1052,D527F,-16.547,0.099,0.0041
10007,GOh1052_D527P,GOh1052,D527P,-15.932,0.123,0.0041
10008,GOh1052_D527S,GOh1052,D527S,-9.901,0.358,0.0041
10009,GOh1052_D527T,GOh1052,D527T,-11.021,0.315,0.0041
10010,GOh1052_D527W,GOh1052,D527W,-16.318,0.108,0.0041
10011,GOh1052_D527Y,GOh1052,D527Y,-15.439,0.142,0.0041
10012,GOh1052_D527V,GOh1052,D527V,-14.284,0.187,0.0041
10013,GOh1052_G528A,GOh1052,G528A,-4.961,0.551,0.0632
10014,GOh1052_G528R,GOh1052,G528R,-12.282,0.265,0.0632
10015,GOh1052_G528N,GOh1052,G528N,-11.421,0.299,0.0632
10016,GOh1052_G528D,GOh1052,G528D,-13.002,0.237,0.0632
10017,GOh1052_G528C,GOh1052,G528C,-10.639,0.330,0.0632
10018,GOh1052_G528Q,GOh1052,G528Q,-11.623,0.291,0.0632
10019,GOh1052_G528E,GOh1052,G528E,-12.958,0.239,0.0632
10020,GOh1052_G528H,GOh1052,G528H,-14.204,0.190,0.0632
10021,GOh1052_G528I,GOh1052,G528I,-15.319,0.147,0.0632
10022,GOh1052_G528L,GOh1052,G528L,-12.904,0.241,0.0632
10023,GOh1052_G528K,GOh1052,G528K,-13.308,0.225,0.0632
10024,GOh1052_G528M,GOh1052,G528M,-13.058,0.235,0.0632
10025,GOh1052_G528F,GOh1052,G528F,-15.086,0.156,0.0632
10026,GOh1052_G528P,GOh1052,G528P,-16.014,0.120,0.0632
10027,GOh1052_G528S,GOh1052,G528S,-8.949,0.396,0.0632
10028,GOh1052_G528T,GOh1052,G528T,-10.849,0.321,0.0632
10029,GOh1052_G528W,GOh1052,G528W,-16.236,0.111,0.0632
10030,GOh1052_G528Y,GOh1052,G528Y,-15.058,0.157,0.0632
10031,GOh1052_G528V,GOh1052,G528V,-12.254,0.266,0.0632
10032,GOh1052_R529A,GOh1052,R529A,-8.67,0.406468497324323,0.238
10033,GOh1052_R529N,GOh1052,R529N,-8.788,0.402,0.238
10034,GOh1052_R529D,GOh1052,R529D,-11.173,0.309,0.238
10035,GOh1052_R529C,GOh1052,R529C,-11.609,0.292,0.238
10036,GOh1052_R529Q,GOh1052,R529Q,-7.533,0.451,0.238
10037,GOh1052_R529E,GOh1052,R529E,-10.824,0.322,0.238
10038,GOh1052_R529G,GOh1052,R529G,-10.084,0.351,0.238
10039,GOh1052_R529H,GOh1052,R529H,-10.217,0.346,0.238
10040,GOh1052_R529I,GOh1052,R529I,-11.132,0.310,0.238
10041,GOh1052_R529L,GOh1052,R529L,-11.153,0.309,0.238
10042,GOh1052_R529K,GOh1052,R529K,-6.024,0.510,0.238
10043,GOh1052_R529M,GOh1052,R529M,-9.677,0.367,0.238
10044,GOh1052_R529F,GOh1052,R529F,-12.909,0.241,0.238
10045,GOh1052_R529P,GOh1052,R529P,-14.054,0.196,0.238
10046,GOh1052_R529S,GOh1052,R529S,-5.468,0.532,0.238
10047,GOh1052_R529T,GOh1052,R529T,-3.715,0.600,0.238
10048,GOh1052_R529W,GOh1052,R529W,-12.466,0.258,0.238
10049,GOh1052_R529Y,GOh1052,R529Y,-12.246,0.267,0.238
10050,GOh1052_R529V,GOh1052,R529V,-10.424,0.338,0.238
10051,GOh1052_V530A,GOh1052,V530A,-8.281,0.422,0.0398
10052,GOh1052_V530R,GOh1052,V530R,-15.344,0.146,0.0398
10053,GOh1052_V530N,GOh1052,V530N,-13.403,0.222,0.0398
10054,GOh1052_V530D,GOh1052,V530D,-13.595,0.214,0.0398
10055,GOh1052_V530C,GOh1052,V530C,-13.645,0.212,0.0398
10056,GOh1052_V530Q,GOh1052,V530Q,-13.45,0.219757040740596,0.0398
10057,GOh1052_V530E,GOh1052,V530E,-13.886,0.203,0.0398
10058,GOh1052_V530G,GOh1052,V530G,-12.072,0.274,0.0398
10059,GOh1052_V530H,GOh1052,V530H,-15.213,0.151,0.0398
10060,GOh1052_V530I,GOh1052,V530I,-5.723,0.522,0.0398
10061,GOh1052_V530L,GOh1052,V530L,-8.77,0.402562399906254,0.0398
10062,GOh1052_V530K,GOh1052,V530K,-15.437,0.142,0.0398
10063,GOh1052_V530M,GOh1052,V530M,-9.254,0.384,0.0398
10064,GOh1052_V530F,GOh1052,V530F,-11.849,0.282,0.0398
10065,GOh1052_V530P,GOh1052,V530P,-13.129,0.232,0.0398
10066,GOh1052_V530S,GOh1052,V530S,-12.044,0.275,0.0398
10067,GOh1052_V530T,GOh1052,V530T,-10.103,0.350,0.0398
10068,GOh1052_V530W,GOh1052,V530W,-14.836,0.166,0.0398
10069,GOh1052_V530Y,GOh1052,V530Y,-12.753,0.247,0.0398
10070,GOh1052_F531A,GOh1052,F531A,-9.743,0.365,0.1441
10071,GOh1052_F531R,GOh1052,F531R,-15.744,0.130,0.1441
10072,GOh1052_F531N,GOh1052,F531N,-14.083,0.195,0.1441
10073,GOh1052_F531D,GOh1052,F531D,-15.549,0.138,0.1441
10074,GOh1052_F531C,GOh1052,F531C,-14.029,0.197,0.1441
10075,GOh1052_F531Q,GOh1052,F531Q,-12.511,0.256,0.1441
10076,GOh1052_F531E,GOh1052,F531E,-14.586,0.175,0.1441
10077,GOh1052_F531G,GOh1052,F531G,-13.716,0.209,0.1441
10078,GOh1052_F531H,GOh1052,F531H,-12.053,0.274,0.1441
10079,GOh1052_F531I,GOh1052,F531I,-6.45,0.493183860005469,0.1441
10080,GOh1052_F531L,GOh1052,F531L,-4.448,0.571,0.1441
10081,GOh1052_F531K,GOh1052,F531K,-16.247,0.111,0.1441
10082,GOh1052_F531M,GOh1052,F531M,-6.708,0.483,0.1441
10083,GOh1052_F531P,GOh1052,F531P,-14.574,0.176,0.1441
10084,GOh1052_F531S,GOh1052,F531S,-11.968,0.278,0.1441
10085,GOh1052_F531T,GOh1052,F531T,-11.992,0.277,0.1441
10086,GOh1052_F531W,GOh1052,F531W,-7.267,0.461,0.1441
10087,GOh1052_F531Y,GOh1052,F531Y,-7.265,0.461,0.1441
10088,GOh1052_F531V,GOh1052,F531V,-7.705,0.444,0.1441
10089,GOh1052_N532A,GOh1052,N532A,-3.054,0.626,1.8767
10090,GOh1052_N532R,GOh1052,N532R,-9.447,0.376,1.8767
10091,GOh1052_N532D,GOh1052,N532D,-3.264,0.618,1.8767
10092,GOh1052_N532C,GOh1052,N532C,-7.475,0.453,1.8767
10093,GOh1052_N532Q,GOh1052,N532Q,-5.364,0.536,1.8767
10094,GOh1052_N532E,GOh1052,N532E,-7.34,0.458419592984649,1.8767
10095,GOh1052_N532G,GOh1052,N532G,-5.991,0.511,1.8767
10096,GOh1052_N532H,GOh1052,N532H,-5.873,0.516,1.8767
10097,GOh1052_N532I,GOh1052,N532I,-4.537,0.568,1.8767
10098,GOh1052_N532L,GOh1052,N532L,-5.544,0.529,1.8767
10099,GOh1052_N532K,GOh1052,N532K,-7.787,0.441,1.8767
10100,GOh1052_N532M,GOh1052,N532M,-5.553,0.528,1.8767
10101,GOh1052_N532F,GOh1052,N532F,-6.821,0.479,1.8767
10102,GOh1052_N532P,GOh1052,N532P,-12.303,0.265,1.8767
10103,GOh1052_N532S,GOh1052,N532S,-0.08,0.742002265536502,1.8767
10104,GOh1052_N532T,GOh1052,N532T,-1.286,0.695,1.8767
10105,GOh1052_N532W,GOh1052,N532W,-9.452,0.376,1.8767
10106,GOh1052_N532Y,GOh1052,N532Y,-7.938,0.435,1.8767
10107,GOh1052_N532V,GOh1052,N532V,-2.85,0.633803367055974,1.8767
10108,GOh1052_G533A,GOh1052,G533A,-5.054,0.548,0.0674
10109,GOh1052_G533R,GOh1052,G533R,-16.255,0.110,0.0674
10110,GOh1052_G533N,GOh1052,G533N,-11.507,0.296,0.0674
10111,GOh1052_G533D,GOh1052,G533D,-11.755,0.286,0.0674
10112,GOh1052_G533C,GOh1052,G533C,-10.9,0.319362524901371,0.0674
10113,GOh1052_G533Q,GOh1052,G533Q,-13.595,0.214,0.0674
10114,GOh1052_G533E,GOh1052,G533E,-13.166,0.231,0.0674
10115,GOh1052_G533H,GOh1052,G533H,-14.561,0.176,0.0674
10116,GOh1052_G533I,GOh1052,G533I,-10.415,0.338,0.0674
10117,GOh1052_G533L,GOh1052,G533L,-10.793,0.324,0.0674
10118,GOh1052_G533K,GOh1052,G533K,-16.547,0.099,0.0674
10119,GOh1052_G533M,GOh1052,G533M,-10.02,0.353736182180384,0.0674
10120,GOh1052_G533F,GOh1052,G533F,-11.037,0.314,0.0674
10121,GOh1052_G533P,GOh1052,G533P,-13.003,0.237,0.0674
10122,GOh1052_G533S,GOh1052,G533S,-7.691,0.445,0.0674
10123,GOh1052_G533T,GOh1052,G533T,-8.427,0.416,0.0674
10124,GOh1052_G533W,GOh1052,G533W,-14.428,0.182,0.0674
10125,GOh1052_G533Y,GOh1052,G533Y,-13.773,0.207,0.0674
10126,GOh1052_G533V,GOh1052,G533V,-9.886,0.359,0.0674
10127,GOh1052_G534A,GOh1052,G534A,-8.272,0.422,0.0088
10128,GOh1052_G534R,GOh1052,G534R,-13.059,0.235,0.0088
10129,GOh1052_G534N,GOh1052,G534N,-10.8,0.323268622319441,0.0088
10130,GOh1052_G534D,GOh1052,G534D,-11.613,0.292,0.0088
10131,GOh1052_G534C,GOh1052,G534C,-10.282,0.344,0.0088
10132,GOh1052_G534Q,GOh1052,G534Q,-13.1,0.23342838170384,0.0088
10133,GOh1052_G534E,GOh1052,G534E,-12.551,0.255,0.0088
10134,GOh1052_G534H,GOh1052,G534H,-13.366,0.223,0.0088
10135,GOh1052_G534I,GOh1052,G534I,-13.905,0.202,0.0088
10136,GOh1052_G534L,GOh1052,G534L,-12.864,0.243,0.0088
10137,GOh1052_G534K,GOh1052,G534K,-14.743,0.169,0.0088
10138,GOh1052_G534M,GOh1052,G534M,-12.907,0.241,0.0088
10139,GOh1052_G534F,GOh1052,G534F,-13.354,0.224,0.0088
10140,GOh1052_G534P,GOh1052,G534P,-13.225,0.229,0.0088
10141,GOh1052_G534S,GOh1052,G534S,-8.272,0.422,0.0088
10142,GOh1052_G534T,GOh1052,G534T,-10.939,0.318,0.0088
10143,GOh1052_G534W,GOh1052,G534W,-13.428,0.221,0.0088
10144,GOh1052_G534Y,GOh1052,G534Y,-13.549,0.216,0.0088
10145,GOh1052_G534V,GOh1052,G534V,-12.09,0.272879965626343,0.0088
10146,GOh1052_G535A,GOh1052,G535A,-9.152,0.388,0.0074
10147,GOh1052_G535R,GOh1052,G535R,-12.669,0.250,0.0074
10148,GOh1052_G535N,GOh1052,G535N,-9.963,0.356,0.0074
10149,GOh1052_G535D,GOh1052,G535D,-9.567,0.371,0.0074
10150,GOh1052_G535C,GOh1052,G535C,-11.633,0.291,0.0074
10151,GOh1052_G535Q,GOh1052,G535Q,-12.398,0.261,0.0074
10152,GOh1052_G535E,GOh1052,G535E,-11.651,0.290,0.0074
10153,GOh1052_G535H,GOh1052,G535H,-12.521,0.256,0.0074
10154,GOh1052_G535I,GOh1052,G535I,-15.216,0.151,0.0074
10155,GOh1052_G535L,GOh1052,G535L,-14.422,0.182,0.0074
10156,GOh1052_G535K,GOh1052,G535K,-14.014,0.198,0.0074
10157,GOh1052_G535M,GOh1052,G535M,-13.953,0.200,0.0074
10158,GOh1052_G535F,GOh1052,G535F,-13.648,0.212,0.0074
10159,GOh1052_G535P,GOh1052,G535P,-14.541,0.177,0.0074
10160,GOh1052_G535S,GOh1052,G535S,-8.339,0.419,0.0074
10161,GOh1052_G535T,GOh1052,G535T,-11.837,0.283,0.0074
10162,GOh1052_G535W,GOh1052,G535W,-13.866,0.204,0.0074
10163,GOh1052_G535Y,GOh1052,G535Y,-13.536,0.216,0.0074
10164,GOh1052_G535V,GOh1052,G535V,-13.293,0.226,0.0074
10165,GOh1052_G536A,GOh1052,G536A,-8.403,0.417,0.0047
10166,GOh1052_G536R,GOh1052,G536R,-13.763,0.208,0.0047
10167,GOh1052_G536N,GOh1052,G536N,-11.849,0.282,0.0047
10168,GOh1052_G536D,GOh1052,G536D,-12.065,0.274,0.0047
10169,GOh1052_G536C,GOh1052,G536C,-12.192,0.269,0.0047
10170,GOh1052_G536Q,GOh1052,G536Q,-13.838,0.205,0.0047
10171,GOh1052_G536E,GOh1052,G536E,-12.075,0.273,0.0047
10172,GOh1052_G536H,GOh1052,G536H,-15.283,0.148,0.0047
10173,GOh1052_G536I,GOh1052,G536I,-14.834,0.166,0.0047
10174,GOh1052_G536L,GOh1052,G536L,-14.431,0.181,0.0047
10175,GOh1052_G536K,GOh1052,G536K,-14.583,0.176,0.0047
10176,GOh1052_G536M,GOh1052,G536M,-14.793,0.167,0.0047
10177,GOh1052_G536F,GOh1052,G536F,-14.935,0.162,0.0047
10178,GOh1052_G536P,GOh1052,G536P,-14.14,0.192804968555916,0.0047
10179,GOh1052_G536S,GOh1052,G536S,-9.696,0.366,0.0047
10180,GOh1052_G536T,GOh1052,G536T,-12.183,0.269,0.0047
10181,GOh1052_G536W,GOh1052,G536W,-14.258,0.188,0.0047
10182,GOh1052_G536Y,GOh1052,G536Y,-15.072,0.156,0.0047
10183,GOh1052_G536V,GOh1052,G536V,-12.718,0.248,0.0047
10184,GOh1052_L537A,GOh1052,L537A,-8.697,0.405,0.0351
10185,GOh1052_L537R,GOh1052,L537R,-9.953,0.356,0.0351
10186,GOh1052_L537N,GOh1052,L537N,-9.224,0.385,0.0351
10187,GOh1052_L537D,GOh1052,L537D,-10.42,0.338111792508105,0.0351
10188,GOh1052_L537C,GOh1052,L537C,-13.047,0.235,0.0351
10189,GOh1052_L537Q,GOh1052,L537Q,-7.716,0.444,0.0351
10190,GOh1052_L537E,GOh1052,L537E,-9.365,0.379,0.0351
10191,GOh1052_L537G,GOh1052,L537G,-10.484,0.336,0.0351
10192,GOh1052_L537H,GOh1052,L537H,-11.059,0.313,0.0351
10193,GOh1052_L537I,GOh1052,L537I,-7.987,0.433,0.0351
10194,GOh1052_L537K,GOh1052,L537K,-10.508,0.335,0.0351
10195,GOh1052_L537M,GOh1052,L537M,-7.534,0.451,0.0351
10196,GOh1052_L537F,GOh1052,L537F,-9.226,0.385,0.0351
10197,GOh1052_L537P,GOh1052,L537P,-11.336,0.302,0.0351
10198,GOh1052_L537S,GOh1052,L537S,-8.681,0.406,0.0351
10199,GOh1052_L537T,GOh1052,L537T,-8.604,0.409,0.0351
10200,GOh1052_L537W,GOh1052,L537W,-11.653,0.290,0.0351
10201,GOh1052_L537Y,GOh1052,L537Y,-10.27,0.34397093863521,0.0351
10202,GOh1052_L537V,GOh1052,L537V,-8.178,0.426,0.0351
10203,GOh1052_C538A,GOh1052,C538A,-13.134,0.232,0.0005
10204,GOh1052_C538R,GOh1052,C538R,-14.073,0.195,0.0005
10205,GOh1052_C538N,GOh1052,C538N,-13.877,0.203,0.0005
10206,GOh1052_C538D,GOh1052,C538D,-15.072,0.156,0.0005
10207,GOh1052_C538Q,GOh1052,C538Q,-16.093,0.117,0.0005
10208,GOh1052_C538E,GOh1052,C538E,-16.319,0.108,0.0005
10209,GOh1052_C538G,GOh1052,C538G,-12.459,0.258,0.0005
10210,GOh1052_C538H,GOh1052,C538H,-15.879,0.125,0.0005
10211,GOh1052_C538I,GOh1052,C538I,-16.09,0.116636068903558,0.0005
10212,GOh1052_C538L,GOh1052,C538L,-15.74,0.130307409866802,0.0005
10213,GOh1052_C538K,GOh1052,C538K,-16.401,0.104,0.0005
10214,GOh1052_C538M,GOh1052,C538M,-16.533,0.099,0.0005
10215,GOh1052_C538F,GOh1052,C538F,-13.954,0.200,0.0005
10216,GOh1052_C538P,GOh1052,C538P,-15.679,0.133,0.0005
10217,GOh1052_C538S,GOh1052,C538S,-11.193,0.308,0.0005
10218,GOh1052_C538T,GOh1052,C538T,-13.62,0.213116675129878,0.0005
10219,GOh1052_C538W,GOh1052,C538W,-16.002,0.120,0.0005
10220,GOh1052_C538Y,GOh1052,C538Y,-13.391,0.222,0.0005
10221,GOh1052_C538V,GOh1052,C538V,-14.8,0.167024725596656,0.0005
10222,GOh1052_G539A,GOh1052,G539A,-9.405,0.378,0.0075
10223,GOh1052_G539R,GOh1052,G539R,-11.276,0.305,0.0075
10224,GOh1052_G539N,GOh1052,G539N,-9.33,0.380688254365064,0.0075
10225,GOh1052_G539D,GOh1052,G539D,-9.557,0.372,0.0075
10226,GOh1052_G539C,GOh1052,G539C,-15.187,0.152,0.0075
10227,GOh1052_G539Q,GOh1052,G539Q,-11.234,0.306,0.0075
10228,GOh1052_G539E,GOh1052,G539E,-10.866,0.321,0.0075
10229,GOh1052_G539H,GOh1052,G539H,-12.235,0.267,0.0075
10230,GOh1052_G539I,GOh1052,G539I,-13.084,0.234,0.0075
10231,GOh1052_G539L,GOh1052,G539L,-12.268,0.266,0.0075
10232,GOh1052_G539K,GOh1052,G539K,-11.226,0.307,0.0075
10233,GOh1052_G539M,GOh1052,G539M,-13.254,0.227,0.0075
10234,GOh1052_G539F,GOh1052,G539F,-12.299,0.265,0.0075
10235,GOh1052_G539P,GOh1052,G539P,-11.306,0.304,0.0075
10236,GOh1052_G539S,GOh1052,G539S,-9.154,0.388,0.0075
10237,GOh1052_G539T,GOh1052,G539T,-10.737,0.326,0.0075
10238,GOh1052_G539W,GOh1052,G539W,-12.376,0.262,0.0075
10239,GOh1052_G539Y,GOh1052,G539Y,-11.74,0.286551306589586,0.0075
10240,GOh1052_G539V,GOh1052,G539V,-11.747,0.286,0.0075
10241,GOh1052_D540A,GOh1052,D540A,-4.775,0.559,0.798
10242,GOh1052_D540R,GOh1052,D540R,-7.016,0.471,0.798
10243,GOh1052_D540N,GOh1052,D540N,-3.666,0.602,0.798
10244,GOh1052_D540C,GOh1052,D540C,-12.398,0.261,0.798
10245,GOh1052_D540Q,GOh1052,D540Q,-5.126,0.545,0.798
10246,GOh1052_D540E,GOh1052,D540E,-5.382,0.535,0.798
10247,GOh1052_D540G,GOh1052,D540G,-4.163,0.583,0.798
10248,GOh1052_D540H,GOh1052,D540H,-7.916,0.436,0.798
10249,GOh1052_D540I,GOh1052,D540I,-7.372,0.457,0.798
10250,GOh1052_D540L,GOh1052,D540L,-7.044,0.470,0.798
10251,GOh1052_D540K,GOh1052,D540K,-6.417,0.494,0.798
10252,GOh1052_D540M,GOh1052,D540M,-8.419,0.416,0.798
10253,GOh1052_D540F,GOh1052,D540F,-8.056,0.430,0.798
10254,GOh1052_D540P,GOh1052,D540P,-5.794,0.519,0.798
10255,GOh1052_D540S,GOh1052,D540S,-3.338,0.615,0.798
10256,GOh1052_D540T,GOh1052,D540T,-4.405,0.573,0.798
10257,GOh1052_D540W,GOh1052,D540W,-9.555,0.372,0.798
10258,GOh1052_D540Y,GOh1052,D540Y,-7.708,0.444,0.798
10259,GOh1052_D540V,GOh1052,D540V,-6.408,0.495,0.798
10260,GOh1052_C541A,GOh1052,C541A,-12.921,0.240,0.0009
10261,GOh1052_C541R,GOh1052,C541R,-12.5,0.256864966212257,0.0009
10262,GOh1052_C541N,GOh1052,C541N,-12.882,0.242,0.0009
10263,GOh1052_C541D,GOh1052,C541D,-12.757,0.247,0.0009
10264,GOh1052_C541Q,GOh1052,C541Q,-14.266,0.188,0.0009
10265,GOh1052_C541E,GOh1052,C541E,-14.104,0.194,0.0009
10266,GOh1052_C541G,GOh1052,C541G,-10.945,0.318,0.0009
10267,GOh1052_C541H,GOh1052,C541H,-14.917,0.162,0.0009
10268,GOh1052_C541I,GOh1052,C541I,-14.607,0.175,0.0009
10269,GOh1052_C541L,GOh1052,C541L,-14.814,0.166,0.0009
10270,GOh1052_C541K,GOh1052,C541K,-14.055,0.196,0.0009
10271,GOh1052_C541M,GOh1052,C541M,-15.623,0.135,0.0009
10272,GOh1052_C541F,GOh1052,C541F,-14.097,0.194,0.0009
10273,GOh1052_C541P,GOh1052,C541P,-13.338,0.224,0.0009
10274,GOh1052_C541S,GOh1052,C541S,-11.805,0.284,0.0009
10275,GOh1052_C541T,GOh1052,C541T,-13.399,0.222,0.0009
10276,GOh1052_C541W,GOh1052,C541W,-14.656,0.173,0.0009
10277,GOh1052_C541Y,GOh1052,C541Y,-13.107,0.233,0.0009
10278,GOh1052_C541V,GOh1052,C541V,-13.97,0.199445334166634,0.0009
10279,GOh1052_T542A,GOh1052,T542A,-4.409,0.573,0.7257
10280,GOh1052_T542R,GOh1052,T542R,-6.053,0.509,0.7257
10281,GOh1052_T542N,GOh1052,T542N,-4.648,0.564,0.7257
10282,GOh1052_T542D,GOh1052,T542D,-5.691,0.523,0.7257
10283,GOh1052_T542C,GOh1052,T542C,-10.49,0.335377524315456,0.7257
10284,GOh1052_T542Q,GOh1052,T542Q,-5.784,0.519,0.7257
10285,GOh1052_T542E,GOh1052,T542E,-6.199,0.503,0.7257
10286,GOh1052_T542G,GOh1052,T542G,-4.872,0.555,0.7257
10287,GOh1052_T542H,GOh1052,T542H,-6.749,0.482,0.7257
10288,GOh1052_T542I,GOh1052,T542I,-7.675,0.445,0.7257
10289,GOh1052_T542L,GOh1052,T542L,-6.925,0.475,0.7257
10290,GOh1052_T542K,GOh1052,T542K,-4.743,0.560,0.7257
10291,GOh1052_T542M,GOh1052,T542M,-8.023,0.432,0.7257
10292,GOh1052_T542F,GOh1052,T542F,-7.781,0.441,0.7257
10293,GOh1052_T542P,GOh1052,T542P,-6.363,0.497,0.7257
10294,GOh1052_T542S,GOh1052,T542S,-2.989,0.628,0.7257
10295,GOh1052_T542W,GOh1052,T542W,-10.215,0.346,0.7257
10296,GOh1052_T542Y,GOh1052,T542Y,-7.645,0.447,0.7257
10297,GOh1052_T542V,GOh1052,T542V,-6.095,0.507,0.7257
10298,GOh1052_T543A,GOh1052,T543A,-4.518,0.569,0.3134
10299,GOh1052_T543R,GOh1052,T543R,-7.74,0.442795203312371,0.3134
10300,GOh1052_T543N,GOh1052,T543N,-7.014,0.471,0.3134
10301,GOh1052_T543D,GOh1052,T543D,-7.263,0.461,0.3134
10302,GOh1052_T543C,GOh1052,T543C,-13.127,0.232,0.3134
10303,GOh1052_T543Q,GOh1052,T543Q,-6.971,0.473,0.3134
10304,GOh1052_T543E,GOh1052,T543E,-7.135,0.466,0.3134
10305,GOh1052_T543G,GOh1052,T543G,-6.67,0.484590445685715,0.3134
10306,GOh1052_T543H,GOh1052,T543H,-9.016,0.393,0.3134
10307,GOh1052_T543I,GOh1052,T543I,-6.805,0.479,0.3134
10308,GOh1052_T543L,GOh1052,T543L,-7.709,0.444,0.3134
10309,GOh1052_T543K,GOh1052,T543K,-6.104,0.507,0.3134
10310,GOh1052_T543M,GOh1052,T543M,-8.935,0.396,0.3134
10311,GOh1052_T543F,GOh1052,T543F,-9.422,0.377,0.3134
10312,GOh1052_T543P,GOh1052,T543P,-7.432,0.455,0.3134
10313,GOh1052_T543S,GOh1052,T543S,-4.794,0.558,0.3134
10314,GOh1052_T543W,GOh1052,T543W,-12.481,0.258,0.3134
10315,GOh1052_T543Y,GOh1052,T543Y,-9.619,0.369,0.3134
10316,GOh1052_T543V,GOh1052,T543V,-5.073,0.547,0.3134
10317,GOh1052_N544A,GOh1052,N544A,-10.764,0.325,0.0158
10318,GOh1052_N544R,GOh1052,N544R,-12.878,0.242,0.0158
10319,GOh1052_N544D,GOh1052,N544D,-7.608,0.448,0.0158
10320,GOh1052_N544C,GOh1052,N544C,-13.502,0.218,0.0158
10321,GOh1052_N544Q,GOh1052,N544Q,-8.958,0.395,0.0158
10322,GOh1052_N544E,GOh1052,N544E,-10.492,0.335,0.0158
10323,GOh1052_N544G,GOh1052,N544G,-10.066,0.352,0.0158
10324,GOh1052_N544H,GOh1052,N544H,-9.915,0.358,0.0158
10325,GOh1052_N544I,GOh1052,N544I,-11.732,0.287,0.0158
10326,GOh1052_N544L,GOh1052,N544L,-11.675,0.289,0.0158
10327,GOh1052_N544K,GOh1052,N544K,-11.23,0.306472403421741,0.0158
10328,GOh1052_N544M,GOh1052,N544M,-12.066,0.274,0.0158
10329,GOh1052_N544F,GOh1052,N544F,-11.59,0.292410452716691,0.0158
10330,GOh1052_N544P,GOh1052,N544P,-11.866,0.282,0.0158
10331,GOh1052_N544S,GOh1052,N544S,-8.483,0.414,0.0158
10332,GOh1052_N544T,GOh1052,N544T,-9.51,0.373657279012539,0.0158
10333,GOh1052_N544W,GOh1052,N544W,-14.508,0.178,0.0158
10334,GOh1052_N544Y,GOh1052,N544Y,-10.499,0.335,0.0158
10335,GOh1052_N544V,GOh1052,N544V,-11.888,0.281,0.0158
10336,GOh1052_H545A,GOh1052,H545A,-12.149,0.271,0.0088
10337,GOh1052_H545R,GOh1052,H545R,-7.664,0.446,0.0088
10338,GOh1052_H545N,GOh1052,H545N,-10.234,0.345,0.0088
10339,GOh1052_H545D,GOh1052,H545D,-12.827,0.244,0.0088
10340,GOh1052_H545C,GOh1052,H545C,-14.607,0.175,0.0088
10341,GOh1052_H545Q,GOh1052,H545Q,-10.721,0.326,0.0088
10342,GOh1052_H545E,GOh1052,H545E,-12.841,0.244,0.0088
10343,GOh1052_H545G,GOh1052,H545G,-11.432,0.299,0.0088
10344,GOh1052_H545I,GOh1052,H545I,-13.859,0.204,0.0088
10345,GOh1052_H545L,GOh1052,H545L,-13.052,0.235,0.0088
10346,GOh1052_H545K,GOh1052,H545K,-9.857,0.360,0.0088
10347,GOh1052_H545M,GOh1052,H545M,-13.98,0.199054724424827,0.0088
10348,GOh1052_H545F,GOh1052,H545F,-12.901,0.241,0.0088
10349,GOh1052_H545P,GOh1052,H545P,-13.75,0.208038748486387,0.0088
10350,GOh1052_H545S,GOh1052,H545S,-11.322,0.303,0.0088
10351,GOh1052_H545T,GOh1052,H545T,-13.029,0.236,0.0088
10352,GOh1052_H545W,GOh1052,H545W,-13.347,0.224,0.0088
10353,GOh1052_H545Y,GOh1052,H545Y,-11.206,0.307,0.0088
10354,GOh1052_H545V,GOh1052,H545V,-13.705,0.210,0.0088
10355,GOh1052_F546A,GOh1052,F546A,-7.781,0.441,0.3862
10356,GOh1052_F546R,GOh1052,F546R,-8.046,0.431,0.3862
10357,GOh1052_F546N,GOh1052,F546N,-7.999,0.433,0.3862
10358,GOh1052_F546D,GOh1052,F546D,-9.481,0.375,0.3862
10359,GOh1052_F546C,GOh1052,F546C,-11.688,0.289,0.3862
10360,GOh1052_F546Q,GOh1052,F546Q,-7.817,0.440,0.3862
10361,GOh1052_F546E,GOh1052,F546E,-9.567,0.371,0.3862
10362,GOh1052_F546G,GOh1052,F546G,-9.47,0.375219717979766,0.3862
10363,GOh1052_F546H,GOh1052,F546H,-6.798,0.480,0.3862
10364,GOh1052_F546I,GOh1052,F546I,-8.291,0.421,0.3862
10365,GOh1052_F546L,GOh1052,F546L,-4.708,0.561,0.3862
10366,GOh1052_F546K,GOh1052,F546K,-7.948,0.435,0.3862
10367,GOh1052_F546M,GOh1052,F546M,-7.161,0.465,0.3862
10368,GOh1052_F546P,GOh1052,F546P,-5.402,0.534,0.3862
10369,GOh1052_F546S,GOh1052,F546S,-7.743,0.443,0.3862
10370,GOh1052_F546T,GOh1052,F546T,-7.318,0.459,0.3862
10371,GOh1052_F546W,GOh1052,F546W,-7.622,0.447,0.3862
10372,GOh1052_F546Y,GOh1052,F546Y,-3.391,0.613,0.3862
10373,GOh1052_F546V,GOh1052,F546V,-8.125,0.428,0.3862
10374,GOh1052_D547A,GOh1052,D547A,-11.26,0.30530057419632,0.0253
10375,GOh1052_D547R,GOh1052,D547R,-13.455,0.220,0.0253
10376,GOh1052_D547N,GOh1052,D547N,-6.299,0.499,0.0253
10377,GOh1052_D547C,GOh1052,D547C,-15.059,0.157,0.0253
10378,GOh1052_D547Q,GOh1052,D547Q,-11.495,0.296,0.0253
10379,GOh1052_D547E,GOh1052,D547E,-9.113,0.389,0.0253
10380,GOh1052_D547G,GOh1052,D547G,-10.186,0.347,0.0253
10381,GOh1052_D547H,GOh1052,D547H,-11.034,0.314,0.0253
10382,GOh1052_D547I,GOh1052,D547I,-14.059,0.196,0.0253
10383,GOh1052_D547L,GOh1052,D547L,-14.302,0.186,0.0253
10384,GOh1052_D547K,GOh1052,D547K,-12.735,0.248,0.0253
10385,GOh1052_D547M,GOh1052,D547M,-14.829,0.166,0.0253
10386,GOh1052_D547F,GOh1052,D547F,-14.994,0.159,0.0253
10387,GOh1052_D547P,GOh1052,D547P,-13.847,0.204,0.0253
10388,GOh1052_D547S,GOh1052,D547S,-8.892,0.398,0.0253
10389,GOh1052_D547T,GOh1052,D547T,-9.816,0.362,0.0253
10390,GOh1052_D547W,GOh1052,D547W,-16.044,0.118,0.0253
10391,GOh1052_D547Y,GOh1052,D547Y,-12.195,0.269,0.0253
10392,GOh1052_D547V,GOh1052,D547V,-12.775,0.246,0.0253
10393,GOh1052_A548R,GOh1052,A548R,-14.027,0.197,0.2755
10394,GOh1052_A548N,GOh1052,A548N,-8.989,0.394,0.2755
10395,GOh1052_A548D,GOh1052,A548D,-10.286,0.343,0.2755
10396,GOh1052_A548C,GOh1052,A548C,-10.444,0.337,0.2755
10397,GOh1052_A548Q,GOh1052,A548Q,-10.294,0.343,0.2755
10398,GOh1052_A548E,GOh1052,A548E,-11.244,0.306,0.2755
10399,GOh1052_A548G,GOh1052,A548G,-3.248,0.618,0.2755
10400,GOh1052_A548H,GOh1052,A548H,-10.701,0.327,0.2755
10401,GOh1052_A548I,GOh1052,A548I,-8.921,0.397,0.2755
10402,GOh1052_A548L,GOh1052,A548L,-8.828,0.400,0.2755
10403,GOh1052_A548K,GOh1052,A548K,-13.689,0.210,0.2755
10404,GOh1052_A548M,GOh1052,A548M,-8.205,0.425,0.2755
10405,GOh1052_A548F,GOh1052,A548F,-9.422,0.377,0.2755
10406,GOh1052_A548P,GOh1052,A548P,-10.803,0.323,0.2755
10407,GOh1052_A548S,GOh1052,A548S,-6.573,0.488,0.2755
10408,GOh1052_A548T,GOh1052,A548T,-7.106,0.468,0.2755
10409,GOh1052_A548W,GOh1052,A548W,-11.887,0.281,0.2755
10410,GOh1052_A548Y,GOh1052,A548Y,-10.746,0.325,0.2755
10411,GOh1052_A548V,GOh1052,A548V,-7.125,0.467,0.2755
10412,GOh1052_Q549A,GOh1052,Q549A,-7.118,0.467,0.0508
10413,GOh1052_Q549R,GOh1052,Q549R,-10.502,0.335,0.0508
10414,GOh1052_Q549N,GOh1052,Q549N,-9.447,0.376,0.0508
10415,GOh1052_Q549D,GOh1052,Q549D,-10.877,0.320,0.0508
10416,GOh1052_Q549C,GOh1052,Q549C,-13.38,0.222491308933245,0.0508
10417,GOh1052_Q549E,GOh1052,Q549E,-5.778,0.519,0.0508
10418,GOh1052_Q549G,GOh1052,Q549G,-10.538,0.334,0.0508
10419,GOh1052_Q549H,GOh1052,Q549H,-9.965,0.356,0.0508
10420,GOh1052_Q549I,GOh1052,Q549I,-12.871,0.242,0.0508
10421,GOh1052_Q549L,GOh1052,Q549L,-10.898,0.319,0.0508
10422,GOh1052_Q549K,GOh1052,Q549K,-10.666,0.329,0.0508
10423,GOh1052_Q549M,GOh1052,Q549M,-9.365,0.379,0.0508
10424,GOh1052_Q549F,GOh1052,Q549F,-12.178,0.269,0.0508
10425,GOh1052_Q549P,GOh1052,Q549P,-15.249,0.149,0.0508
10426,GOh1052_Q549S,GOh1052,Q549S,-8.311,0.420,0.0508
10427,GOh1052_Q549T,GOh1052,Q549T,-8.864,0.399,0.0508
10428,GOh1052_Q549W,GOh1052,Q549W,-12.395,0.261,0.0508
10429,GOh1052_Q549Y,GOh1052,Q549Y,-11.096,0.312,0.0508
10430,GOh1052_Q549V,GOh1052,Q549V,-11.066,0.313,0.0508
10431,GOh1052_I550A,GOh1052,I550A,-10.554,0.333,0.0577
10432,GOh1052_I550R,GOh1052,I550R,-13.81,0.205695090035545,0.0577
10433,GOh1052_I550N,GOh1052,I550N,-13.889,0.203,0.0577
10434,GOh1052_I550D,GOh1052,I550D,-15.428,0.142,0.0577
10435,GOh1052_I550C,GOh1052,I550C,-14.305,0.186,0.0577
10436,GOh1052_I550Q,GOh1052,I550Q,-12.902,0.241,0.0577
10437,GOh1052_I550E,GOh1052,I550E,-13.114,0.233,0.0577
10438,GOh1052_I550G,GOh1052,I550G,-14.073,0.195,0.0577
10439,GOh1052_I550H,GOh1052,I550H,-14.026,0.197,0.0577
10440,GOh1052_I550L,GOh1052,I550L,-8.601,0.409,0.0577
10441,GOh1052_I550K,GOh1052,I550K,-14.275,0.188,0.0577
10442,GOh1052_I550M,GOh1052,I550M,-9.563,0.372,0.0577
10443,GOh1052_I550F,GOh1052,I550F,-8.216,0.424,0.0577
10444,GOh1052_I550P,GOh1052,I550P,-15.483,0.140,0.0577
10445,GOh1052_I550S,GOh1052,I550S,-12.171,0.270,0.0577
10446,GOh1052_I550T,GOh1052,I550T,-10.07,0.351783133471349,0.0577
10447,GOh1052_I550W,GOh1052,I550W,-13.081,0.234,0.0577
10448,GOh1052_I550Y,GOh1052,I550Y,-9.202,0.386,0.0577
10449,GOh1052_I550V,GOh1052,I550V,-5.236,0.541,0.0577
10450,GOh1052_F551A,GOh1052,F551A,-11.286,0.304,0.3546
10451,GOh1052_F551R,GOh1052,F551R,-15.285,0.148,0.3546
10452,GOh1052_F551N,GOh1052,F551N,-11.122,0.311,0.3546
10453,GOh1052_F551D,GOh1052,F551D,-12.457,0.259,0.3546
10454,GOh1052_F551C,GOh1052,F551C,-12.166,0.270,0.3546
10455,GOh1052_F551Q,GOh1052,F551Q,-12.283,0.265,0.3546
10456,GOh1052_F551E,GOh1052,F551E,-13.754,0.208,0.3546
10457,GOh1052_F551G,GOh1052,F551G,-12.649,0.251,0.3546
10458,GOh1052_F551H,GOh1052,F551H,-9.255,0.384,0.3546
10459,GOh1052_F551I,GOh1052,F551I,-9.31,0.381469473848678,0.3546
10460,GOh1052_F551L,GOh1052,F551L,-6.698,0.483,0.3546
10461,GOh1052_F551K,GOh1052,F551K,-15.853,0.126,0.3546
10462,GOh1052_F551M,GOh1052,F551M,-9.308,0.382,0.3546
10463,GOh1052_F551P,GOh1052,F551P,-12.958,0.239,0.3546
10464,GOh1052_F551S,GOh1052,F551S,-10.877,0.320,0.3546
10465,GOh1052_F551T,GOh1052,F551T,-11.137,0.310,0.3546
10466,GOh1052_F551W,GOh1052,F551W,-6.875,0.477,0.3546
10467,GOh1052_F551Y,GOh1052,F551Y,-2.759,0.637,0.3546
10468,GOh1052_F551V,GOh1052,F551V,-11.252,0.306,0.3546
10469,GOh1052_T552A,GOh1052,T552A,-8.633,0.408,0.3121
10470,GOh1052_T552R,GOh1052,T552R,-9.233,0.384,0.3121
10471,GOh1052_T552N,GOh1052,T552N,-8.073,0.430,0.3121
10472,GOh1052_T552D,GOh1052,T552D,-8.694,0.406,0.3121
10473,GOh1052_T552C,GOh1052,T552C,-12.721,0.248,0.3121
10474,GOh1052_T552Q,GOh1052,T552Q,-7.601,0.448,0.3121
10475,GOh1052_T552E,GOh1052,T552E,-7.172,0.465,0.3121
10476,GOh1052_T552G,GOh1052,T552G,-11.302,0.304,0.3121
10477,GOh1052_T552H,GOh1052,T552H,-8.591,0.410,0.3121
10478,GOh1052_T552I,GOh1052,T552I,-7.736,0.443,0.3121
10479,GOh1052_T552L,GOh1052,T552L,-7.813,0.440,0.3121
10480,GOh1052_T552K,GOh1052,T552K,-9.12,0.38889105894301,0.3121
10481,GOh1052_T552M,GOh1052,T552M,-9.732,0.365,0.3121
10482,GOh1052_T552F,GOh1052,T552F,-8.012,0.432,0.3121
10483,GOh1052_T552P,GOh1052,T552P,-12.313,0.264,0.3121
10484,GOh1052_T552S,GOh1052,T552S,-3.353,0.614,0.3121
10485,GOh1052_T552W,GOh1052,T552W,-7.987,0.433,0.3121
10486,GOh1052_T552Y,GOh1052,T552Y,-5.181,0.543,0.3121
10487,GOh1052_T552V,GOh1052,T552V,-7.952,0.435,0.3121
10488,GOh1052_P553A,GOh1052,P553A,-11.182,0.308,0.0012
10489,GOh1052_P553R,GOh1052,P553R,-14.436,0.181,0.0012
10490,GOh1052_P553N,GOh1052,P553N,-12.812,0.245,0.0012
10491,GOh1052_P553D,GOh1052,P553D,-16.205,0.112,0.0012
10492,GOh1052_P553C,GOh1052,P553C,-16.014,0.120,0.0012
10493,GOh1052_P553Q,GOh1052,P553Q,-11.705,0.288,0.0012
10494,GOh1052_P553E,GOh1052,P553E,-16.759,0.091,0.0012
10495,GOh1052_P553G,GOh1052,P553G,-12.488,0.257,0.0012
10496,GOh1052_P553H,GOh1052,P553H,-13.4,0.221710089449631,0.0012
10497,GOh1052_P553I,GOh1052,P553I,-14.708,0.171,0.0012
10498,GOh1052_P553L,GOh1052,P553L,-12.715,0.248,0.0012
10499,GOh1052_P553K,GOh1052,P553K,-15.696,0.132,0.0012
10500,GOh1052_P553M,GOh1052,P553M,-14.001,0.198,0.0012
10501,GOh1052_P553F,GOh1052,P553F,-13.903,0.202,0.0012
10502,GOh1052_P553S,GOh1052,P553S,-11.073,0.313,0.0012
10503,GOh1052_P553T,GOh1052,P553T,-11.647,0.290,0.0012
10504,GOh1052_P553W,GOh1052,P553W,-15.119,0.155,0.0012
10505,GOh1052_P553Y,GOh1052,P553Y,-13.425,0.221,0.0012
10506,GOh1052_P553V,GOh1052,P553V,-13.547,0.216,0.0012
10507,GOh1052_N554A,GOh1052,N554A,-1.155,0.700,1.3414
10508,GOh1052_N554R,GOh1052,N554R,-4.581,0.566,1.3414
10509,GOh1052_N554D,GOh1052,N554D,-3.296,0.616,1.3414
10510,GOh1052_N554C,GOh1052,N554C,-9.665,0.368,1.3414
10511,GOh1052_N554Q,GOh1052,N554Q,-4.212,0.581,1.3414
10512,GOh1052_N554E,GOh1052,N554E,-4.37,0.574430686301316,1.3414
10513,GOh1052_N554G,GOh1052,N554G,-1.615,0.682,1.3414
10514,GOh1052_N554H,GOh1052,N554H,-4.393,0.574,1.3414
10515,GOh1052_N554I,GOh1052,N554I,-8.945,0.396,1.3414
10516,GOh1052_N554L,GOh1052,N554L,-6.627,0.486,1.3414
10517,GOh1052_N554K,GOh1052,N554K,-4.176,0.582,1.3414
10518,GOh1052_N554M,GOh1052,N554M,-8.56,0.4107652044842,1.3414
10519,GOh1052_N554F,GOh1052,N554F,-6.522,0.490,1.3414
10520,GOh1052_N554P,GOh1052,N554P,1.861,0.818,1.3414
10521,GOh1052_N554S,GOh1052,N554S,-0.842,0.712,1.3414
10522,GOh1052_N554T,GOh1052,N554T,-3.896,0.593,1.3414
10523,GOh1052_N554W,GOh1052,N554W,-5.839,0.517,1.3414
10524,GOh1052_N554Y,GOh1052,N554Y,-4.268,0.578,1.3414
10525,GOh1052_N554V,GOh1052,N554V,-7.029,0.471,1.3414
10526,GOh1052_Y555A,GOh1052,Y555A,-8.984,0.394,0.0134
10527,GOh1052_Y555R,GOh1052,Y555R,-14.413,0.182,0.0134
10528,GOh1052_Y555N,GOh1052,Y555N,-10.798,0.323,0.0134
10529,GOh1052_Y555D,GOh1052,Y555D,-13.451,0.220,0.0134
10530,GOh1052_Y555C,GOh1052,Y555C,-11.283,0.304,0.0134
10531,GOh1052_Y555Q,GOh1052,Y555Q,-11.797,0.284,0.0134
10532,GOh1052_Y555E,GOh1052,Y555E,-12.261,0.266,0.0134
10533,GOh1052_Y555G,GOh1052,Y555G,-10.703,0.327,0.0134
10534,GOh1052_Y555H,GOh1052,Y555H,-11.182,0.308,0.0134
10535,GOh1052_Y555I,GOh1052,Y555I,-12.904,0.241,0.0134
10536,GOh1052_Y555L,GOh1052,Y555L,-12.212,0.268,0.0134
10537,GOh1052_Y555K,GOh1052,Y555K,-15.203,0.151,0.0134
10538,GOh1052_Y555M,GOh1052,Y555M,-12.788,0.246,0.0134
10539,GOh1052_Y555F,GOh1052,Y555F,-8.692,0.406,0.0134
10540,GOh1052_Y555P,GOh1052,Y555P,-12.224,0.268,0.0134
10541,GOh1052_Y555S,GOh1052,Y555S,-7.696,0.445,0.0134
10542,GOh1052_Y555T,GOh1052,Y555T,-9.319,0.381,0.0134
10543,GOh1052_Y555W,GOh1052,Y555W,-11.288,0.304,0.0134
10544,GOh1052_Y555V,GOh1052,Y555V,-11.5,0.295925940392953,0.0134
10545,GOh1052_L556A,GOh1052,L556A,-12.175,0.270,0.008
10546,GOh1052_L556R,GOh1052,L556R,-13.014,0.237,0.008
10547,GOh1052_L556N,GOh1052,L556N,-13.22,0.228741064802156,0.008
10548,GOh1052_L556D,GOh1052,L556D,-15.025,0.158,0.008
10549,GOh1052_L556C,GOh1052,L556C,-14.092,0.195,0.008
10550,GOh1052_L556Q,GOh1052,L556Q,-12.425,0.260,0.008
10551,GOh1052_L556E,GOh1052,L556E,-14.76,0.168587164563884,0.008
10552,GOh1052_L556G,GOh1052,L556G,-15.186,0.152,0.008
10553,GOh1052_L556H,GOh1052,L556H,-13.296,0.226,0.008
10554,GOh1052_L556I,GOh1052,L556I,-9.01,0.393187766102887,0.008
10555,GOh1052_L556K,GOh1052,L556K,-14.105,0.194,0.008
10556,GOh1052_L556M,GOh1052,L556M,-8.193,0.425,0.008
10557,GOh1052_L556F,GOh1052,L556F,-9.308,0.382,0.008
10558,GOh1052_L556P,GOh1052,L556P,-14.085,0.195,0.008
10559,GOh1052_L556S,GOh1052,L556S,-12.971,0.238,0.008
10560,GOh1052_L556T,GOh1052,L556T,-12.382,0.261,0.008
10561,GOh1052_L556W,GOh1052,L556W,-12.651,0.251,0.008
10562,GOh1052_L556Y,GOh1052,L556Y,-11.664,0.290,0.008
10563,GOh1052_L556V,GOh1052,L556V,-10.364,0.340,0.008
10564,GOh1052_Y557A,GOh1052,Y557A,-9.794,0.363,1.3344
10565,GOh1052_Y557R,GOh1052,Y557R,-8.626,0.408,1.3344
10566,GOh1052_Y557N,GOh1052,Y557N,-9.995,0.355,1.3344
10567,GOh1052_Y557D,GOh1052,Y557D,-11.548,0.294,1.3344
10568,GOh1052_Y557C,GOh1052,Y557C,-10.722,0.326,1.3344
10569,GOh1052_Y557Q,GOh1052,Y557Q,-9.067,0.391,1.3344
10570,GOh1052_Y557E,GOh1052,Y557E,-11.111,0.311,1.3344
10571,GOh1052_Y557G,GOh1052,Y557G,-11.782,0.285,1.3344
10572,GOh1052_Y557H,GOh1052,Y557H,-9.333,0.381,1.3344
10573,GOh1052_Y557I,GOh1052,Y557I,-6.355,0.497,1.3344
10574,GOh1052_Y557L,GOh1052,Y557L,-1.919,0.670,1.3344
10575,GOh1052_Y557K,GOh1052,Y557K,-8.746,0.403,1.3344
10576,GOh1052_Y557M,GOh1052,Y557M,-6.02,0.509980078903168,1.3344
10577,GOh1052_Y557F,GOh1052,Y557F,-0.466,0.727,1.3344
10578,GOh1052_Y557P,GOh1052,Y557P,-12.709,0.249,1.3344
10579,GOh1052_Y557S,GOh1052,Y557S,-8.995,0.394,1.3344
10580,GOh1052_Y557T,GOh1052,Y557T,-7.617,0.448,1.3344
10581,GOh1052_Y557W,GOh1052,Y557W,-8.075,0.430,1.3344
10582,GOh1052_Y557V,GOh1052,Y557V,-7.109,0.467,1.3344
10583,GOh1052_D558A,GOh1052,D558A,-9.541,0.372,0.0232
10584,GOh1052_D558R,GOh1052,D558R,-11.861,0.282,0.0232
10585,GOh1052_D558N,GOh1052,D558N,-7.238,0.462,0.0232
10586,GOh1052_D558C,GOh1052,D558C,-15.634,0.134,0.0232
10587,GOh1052_D558Q,GOh1052,D558Q,-9.434,0.377,0.0232
10588,GOh1052_D558E,GOh1052,D558E,-10.37,0.34006484121714,0.0232
10589,GOh1052_D558G,GOh1052,D558G,-7.813,0.440,0.0232
10590,GOh1052_D558H,GOh1052,D558H,-13.063,0.235,0.0232
10591,GOh1052_D558I,GOh1052,D558I,-13.412,0.221,0.0232
10592,GOh1052_D558L,GOh1052,D558L,-10.954,0.317,0.0232
10593,GOh1052_D558K,GOh1052,D558K,-10.23,0.345533377602437,0.0232
10594,GOh1052_D558M,GOh1052,D558M,-12.132,0.271,0.0232
10595,GOh1052_D558F,GOh1052,D558F,-13.383,0.222,0.0232
10596,GOh1052_D558P,GOh1052,D558P,-12.832,0.244,0.0232
10597,GOh1052_D558S,GOh1052,D558S,-8.555,0.411,0.0232
10598,GOh1052_D558T,GOh1052,D558T,-8.613,0.409,0.0232
10599,GOh1052_D558W,GOh1052,D558W,-14.404,0.182,0.0232
10600,GOh1052_D558Y,GOh1052,D558Y,-11.436,0.298,0.0232
10601,GOh1052_D558V,GOh1052,D558V,-12.94,0.239678137572751,0.0232
10602,GOh1052_S559A,GOh1052,S559A,-3.665,0.602,0.5248
10603,GOh1052_S559R,GOh1052,S559R,-6.84,0.477950080074997,0.5248
10604,GOh1052_S559N,GOh1052,S559N,-5.534,0.529,0.5248
10605,GOh1052_S559D,GOh1052,S559D,-6.537,0.490,0.5248
10606,GOh1052_S559C,GOh1052,S559C,-12.419,0.260,0.5248
10607,GOh1052_S559Q,GOh1052,S559Q,-5.041,0.548,0.5248
10608,GOh1052_S559E,GOh1052,S559E,-5.136,0.545,0.5248
10609,GOh1052_S559G,GOh1052,S559G,-5.268,0.539,0.5248
10610,GOh1052_S559H,GOh1052,S559H,-9.1,0.389672278426624,0.5248
10611,GOh1052_S559I,GOh1052,S559I,-8.047,0.431,0.5248
10612,GOh1052_S559L,GOh1052,S559L,-7.852,0.438,0.5248
10613,GOh1052_S559K,GOh1052,S559K,-4.733,0.560,0.5248
10614,GOh1052_S559M,GOh1052,S559M,-9.281,0.383,0.5248
10615,GOh1052_S559F,GOh1052,S559F,-9.915,0.358,0.5248
10616,GOh1052_S559P,GOh1052,S559P,-6.974,0.473,0.5248
10617,GOh1052_S559T,GOh1052,S559T,-5.129,0.545,0.5248
10618,GOh1052_S559W,GOh1052,S559W,-11.196,0.308,0.5248
10619,GOh1052_S559Y,GOh1052,S559Y,-9.351,0.380,0.5248
10620,GOh1052_S559V,GOh1052,S559V,-6.665,0.485,0.5248
10621,GOh1052_N560A,GOh1052,N560A,-5.911,0.514,0.3137
10622,GOh1052_N560R,GOh1052,N560R,-7.559,0.450,0.3137
10623,GOh1052_N560D,GOh1052,N560D,-6.498,0.491,0.3137
10624,GOh1052_N560C,GOh1052,N560C,-11.54,0.294363501425726,0.3137
10625,GOh1052_N560Q,GOh1052,N560Q,-5.301,0.538,0.3137
10626,GOh1052_N560E,GOh1052,N560E,-7.093,0.468,0.3137
10627,GOh1052_N560G,GOh1052,N560G,-6.696,0.484,0.3137
10628,GOh1052_N560H,GOh1052,N560H,-8.1,0.42873325260732,0.3137
10629,GOh1052_N560I,GOh1052,N560I,-10.697,0.327,0.3137
10630,GOh1052_N560L,GOh1052,N560L,-7.93,0.435373618218038,0.3137
10631,GOh1052_N560K,GOh1052,N560K,-6.09,0.507245810710519,0.3137
10632,GOh1052_N560M,GOh1052,N560M,-9.26,0.383422522557713,0.3137
10633,GOh1052_N560F,GOh1052,N560F,-9.608,0.370,0.3137
10634,GOh1052_N560P,GOh1052,N560P,-13.05,0.235381430412874,0.3137
10635,GOh1052_N560S,GOh1052,N560S,-3.806,0.596,0.3137
10636,GOh1052_N560T,GOh1052,N560T,-6.724,0.482,0.3137
10637,GOh1052_N560W,GOh1052,N560W,-11.01,0.315065817741494,0.3137
10638,GOh1052_N560Y,GOh1052,N560Y,-8.499,0.413,0.3137
10639,GOh1052_N560V,GOh1052,N560V,-9.94,0.356861060114839,0.3137
10640,GOh1052_G561A,GOh1052,G561A,-10.268,0.344,0.0236
10641,GOh1052_G561R,GOh1052,G561R,-9.405,0.378,0.0236
10642,GOh1052_G561N,GOh1052,G561N,-6.851,0.478,0.0236
10643,GOh1052_G561D,GOh1052,G561D,-9.191,0.386,0.0236
10644,GOh1052_G561C,GOh1052,G561C,-11.591,0.292,0.0236
10645,GOh1052_G561Q,GOh1052,G561Q,-9.583,0.371,0.0236
10646,GOh1052_G561E,GOh1052,G561E,-11.289,0.304,0.0236
10647,GOh1052_G561H,GOh1052,G561H,-10.311,0.342,0.0236
10648,GOh1052_G561I,GOh1052,G561I,-14.468,0.180,0.0236
10649,GOh1052_G561L,GOh1052,G561L,-9.521,0.373,0.0236
10650,GOh1052_G561K,GOh1052,G561K,-9.319,0.381,0.0236
10651,GOh1052_G561M,GOh1052,G561M,-10.155,0.348,0.0236
10652,GOh1052_G561F,GOh1052,G561F,-9.729,0.365,0.0236
10653,GOh1052_G561P,GOh1052,G561P,-12.396,0.261,0.0236
10654,GOh1052_G561S,GOh1052,G561S,-9.289,0.382,0.0236
10655,GOh1052_G561T,GOh1052,G561T,-12.32,0.263895941564783,0.0236
10656,GOh1052_G561W,GOh1052,G561W,-10.87,0.320534354126792,0.0236
10657,GOh1052_G561Y,GOh1052,G561Y,-10.447,0.337,0.0236
10658,GOh1052_G561V,GOh1052,G561V,-13.668,0.211,0.0236
10659,GOh1052_N562A,GOh1052,N562A,-5.385,0.535,0.2871
10660,GOh1052_N562R,GOh1052,N562R,-6.184,0.504,0.2871
10661,GOh1052_N562D,GOh1052,N562D,-7.244,0.462,0.2871
10662,GOh1052_N562C,GOh1052,N562C,-12.847,0.243,0.2871
10663,GOh1052_N562Q,GOh1052,N562Q,-5.308,0.538,0.2871
10664,GOh1052_N562E,GOh1052,N562E,-7.804,0.440,0.2871
10665,GOh1052_N562G,GOh1052,N562G,-7.146,0.466,0.2871
10666,GOh1052_N562H,GOh1052,N562H,-8.849,0.399,0.2871
10667,GOh1052_N562I,GOh1052,N562I,-9.037,0.392,0.2871
10668,GOh1052_N562L,GOh1052,N562L,-8.564,0.411,0.2871
10669,GOh1052_N562K,GOh1052,N562K,-4.518,0.569,0.2871
10670,GOh1052_N562M,GOh1052,N562M,-9.427,0.377,0.2871
10671,GOh1052_N562F,GOh1052,N562F,-10.99,0.315847037225108,0.2871
10672,GOh1052_N562P,GOh1052,N562P,-12.938,0.240,0.2871
10673,GOh1052_N562S,GOh1052,N562S,-5.542,0.529,0.2871
10674,GOh1052_N562T,GOh1052,N562T,-6.525,0.490,0.2871
10675,GOh1052_N562W,GOh1052,N562W,-13.623,0.213,0.2871
10676,GOh1052_N562Y,GOh1052,N562Y,-10.431,0.338,0.2871
10677,GOh1052_N562V,GOh1052,N562V,-6.545,0.489,0.2871
10678,GOh1052_L563A,GOh1052,L563A,-3.609,0.604,0.8623
10679,GOh1052_L563R,GOh1052,L563R,-5.692,0.523,0.8623
10680,GOh1052_L563N,GOh1052,L563N,-6.609,0.487,0.8623
10681,GOh1052_L563D,GOh1052,L563D,-7.645,0.447,0.8623
10682,GOh1052_L563C,GOh1052,L563C,-11.363,0.301,0.8623
10683,GOh1052_L563Q,GOh1052,L563Q,-4.728,0.560,0.8623
10684,GOh1052_L563E,GOh1052,L563E,-5.411,0.534,0.8623
10685,GOh1052_L563G,GOh1052,L563G,-7.754,0.442,0.8623
10686,GOh1052_L563H,GOh1052,L563H,-7.999,0.433,0.8623
10687,GOh1052_L563I,GOh1052,L563I,-5.958,0.512,0.8623
10688,GOh1052_L563K,GOh1052,L563K,-5.666,0.524,0.8623
10689,GOh1052_L563M,GOh1052,L563M,-7.52,0.451388617632124,0.8623
10690,GOh1052_L563F,GOh1052,L563F,-6.072,0.508,0.8623
10691,GOh1052_L563P,GOh1052,L563P,-2.928,0.631,0.8623
10692,GOh1052_L563S,GOh1052,L563S,-5.11,0.545525565407601,0.8623
10693,GOh1052_L563T,GOh1052,L563T,-5.253,0.540,0.8623
10694,GOh1052_L563W,GOh1052,L563W,-7.6,0.448263739697668,0.8623
10695,GOh1052_L563Y,GOh1052,L563Y,-5.524,0.529,0.8623
10696,GOh1052_L563V,GOh1052,L563V,-4.778,0.558,0.8623
10697,GOh1052_A564R,GOh1052,A564R,-7.12,0.467013007304402,0.0682
10698,GOh1052_A564N,GOh1052,A564N,-10.093,0.351,0.0682
10699,GOh1052_A564D,GOh1052,A564D,-10.646,0.329,0.0682
10700,GOh1052_A564C,GOh1052,A564C,-13.807,0.206,0.0682
10701,GOh1052_A564Q,GOh1052,A564Q,-8.054,0.431,0.0682
10702,GOh1052_A564E,GOh1052,A564E,-10.364,0.340,0.0682
10703,GOh1052_A564G,GOh1052,A564G,-6.208,0.503,0.0682
10704,GOh1052_A564H,GOh1052,A564H,-11.511,0.295,0.0682
10705,GOh1052_A564I,GOh1052,A564I,-10.273,0.344,0.0682
10706,GOh1052_A564L,GOh1052,A564L,-8.903,0.397,0.0682
10707,GOh1052_A564K,GOh1052,A564K,-7.356,0.458,0.0682
10708,GOh1052_A564M,GOh1052,A564M,-9.809,0.362,0.0682
10709,GOh1052_A564F,GOh1052,A564F,-11.25,0.305691183938127,0.0682
10710,GOh1052_A564P,GOh1052,A564P,-10.75,0.325221671028475,0.0682
10711,GOh1052_A564S,GOh1052,A564S,-6.741,0.482,0.0682
10712,GOh1052_A564T,GOh1052,A564T,-8.577,0.410,0.0682
10713,GOh1052_A564W,GOh1052,A564W,-12.889,0.242,0.0682
10714,GOh1052_A564Y,GOh1052,A564Y,-10.922,0.319,0.0682
10715,GOh1052_A564V,GOh1052,A564V,-7.999,0.433,0.0682
10716,GOh1052_T565A,GOh1052,T565A,-4.17,0.582242881137456,0.7473
10717,GOh1052_T565R,GOh1052,T565R,-6.028,0.510,0.7473
10718,GOh1052_T565N,GOh1052,T565N,-4.999,0.550,0.7473
10719,GOh1052_T565D,GOh1052,T565D,-5.987,0.511,0.7473
10720,GOh1052_T565C,GOh1052,T565C,-11.657,0.290,0.7473
10721,GOh1052_T565Q,GOh1052,T565Q,-4.23,0.579899222686614,0.7473
10722,GOh1052_T565E,GOh1052,T565E,-5.598,0.526,0.7473
10723,GOh1052_T565G,GOh1052,T565G,-6.801,0.479,0.7473
10724,GOh1052_T565H,GOh1052,T565H,-8.046,0.431,0.7473
10725,GOh1052_T565I,GOh1052,T565I,-6.348,0.497,0.7473
10726,GOh1052_T565L,GOh1052,T565L,-6.439,0.494,0.7473
10727,GOh1052_T565K,GOh1052,T565K,-5.324,0.537,0.7473
10728,GOh1052_T565M,GOh1052,T565M,-8.165,0.426,0.7473
10729,GOh1052_T565F,GOh1052,T565F,-9.402,0.378,0.7473
10730,GOh1052_T565P,GOh1052,T565P,-3.974,0.590,0.7473
10731,GOh1052_T565S,GOh1052,T565S,-4.013,0.588,0.7473
10732,GOh1052_T565W,GOh1052,T565W,-10.652,0.329,0.7473
10733,GOh1052_T565Y,GOh1052,T565Y,-8.196,0.425,0.7473
10734,GOh1052_T565V,GOh1052,T565V,-4.682,0.562,0.7473
10735,GOh1052_R566A,GOh1052,R566A,-10.209,0.346,0.0055
10736,GOh1052_R566N,GOh1052,R566N,-12.088,0.273,0.0055
10737,GOh1052_R566D,GOh1052,R566D,-13.218,0.229,0.0055
10738,GOh1052_R566C,GOh1052,R566C,-13.353,0.224,0.0055
10739,GOh1052_R566Q,GOh1052,R566Q,-9.396,0.378,0.0055
10740,GOh1052_R566E,GOh1052,R566E,-12.441,0.259,0.0055
10741,GOh1052_R566G,GOh1052,R566G,-10.092,0.351,0.0055
10742,GOh1052_R566H,GOh1052,R566H,-13.313,0.225,0.0055
10743,GOh1052_R566I,GOh1052,R566I,-13.882,0.203,0.0055
10744,GOh1052_R566L,GOh1052,R566L,-11.599,0.292,0.0055
10745,GOh1052_R566K,GOh1052,R566K,-8.991,0.394,0.0055
10746,GOh1052_R566M,GOh1052,R566M,-11.953,0.278,0.0055
10747,GOh1052_R566F,GOh1052,R566F,-15.699,0.132,0.0055
10748,GOh1052_R566P,GOh1052,R566P,-12.025,0.275,0.0055
10749,GOh1052_R566S,GOh1052,R566S,-11.195,0.308,0.0055
10750,GOh1052_R566T,GOh1052,R566T,-11.755,0.286,0.0055
10751,GOh1052_R566W,GOh1052,R566W,-13.82,0.205304480293739,0.0055
10752,GOh1052_R566Y,GOh1052,R566Y,-14.439,0.181,0.0055
10753,GOh1052_R566V,GOh1052,R566V,-13.198,0.230,0.0055
10754,GOh1052_P567A,GOh1052,P567A,-9.41,0.377563376430608,0.0026
10755,GOh1052_P567R,GOh1052,P567R,-14.671,0.172,0.0026
10756,GOh1052_P567N,GOh1052,P567N,-13.339,0.224,0.0026
10757,GOh1052_P567D,GOh1052,P567D,-14.606,0.175,0.0026
10758,GOh1052_P567C,GOh1052,P567C,-14.757,0.169,0.0026
10759,GOh1052_P567Q,GOh1052,P567Q,-12.396,0.261,0.0026
10760,GOh1052_P567E,GOh1052,P567E,-14.275,0.188,0.0026
10761,GOh1052_P567G,GOh1052,P567G,-12.163,0.270,0.0026
10762,GOh1052_P567H,GOh1052,P567H,-14.291,0.187,0.0026
10763,GOh1052_P567I,GOh1052,P567I,-13.567,0.215,0.0026
10764,GOh1052_P567L,GOh1052,P567L,-11.864,0.282,0.0026
10765,GOh1052_P567K,GOh1052,P567K,-14.375,0.184,0.0026
10766,GOh1052_P567M,GOh1052,P567M,-13.746,0.208,0.0026
10767,GOh1052_P567F,GOh1052,P567F,-14.941,0.162,0.0026
10768,GOh1052_P567S,GOh1052,P567S,-10.608,0.331,0.0026
10769,GOh1052_P567T,GOh1052,P567T,-10.84,0.321706183352213,0.0026
10770,GOh1052_P567W,GOh1052,P567W,-17.247,0.071,0.0026
10771,GOh1052_P567Y,GOh1052,P567Y,-15.251,0.149,0.0026
10772,GOh1052_P567V,GOh1052,P567V,-11.997,0.277,0.0026
10773,GOh1052_K568A,GOh1052,K568A,-4.507,0.569,0.7209
10774,GOh1052_K568R,GOh1052,K568R,-4.661,0.563,0.7209
10775,GOh1052_K568N,GOh1052,K568N,-5.235,0.541,0.7209
10776,GOh1052_K568D,GOh1052,K568D,-7.894,0.437,0.7209
10777,GOh1052_K568C,GOh1052,K568C,-11.317,0.303,0.7209
10778,GOh1052_K568Q,GOh1052,K568Q,-4.961,0.551,0.7209
10779,GOh1052_K568E,GOh1052,K568E,-6.406,0.495,0.7209
10780,GOh1052_K568G,GOh1052,K568G,-6.934,0.474,0.7209
10781,GOh1052_K568H,GOh1052,K568H,-7.525,0.451,0.7209
10782,GOh1052_K568I,GOh1052,K568I,-6.013,0.510,0.7209
10783,GOh1052_K568L,GOh1052,K568L,-6.267,0.500,0.7209
10784,GOh1052_K568M,GOh1052,K568M,-7.425,0.455,0.7209
10785,GOh1052_K568F,GOh1052,K568F,-8.707,0.405,0.7209
10786,GOh1052_K568P,GOh1052,K568P,-9.826,0.361,0.7209
10787,GOh1052_K568S,GOh1052,K568S,-3.998,0.589,0.7209
10788,GOh1052_K568T,GOh1052,K568T,-3.658,0.602,0.7209
10789,GOh1052_K568W,GOh1052,K568W,-9.93,0.357251669856646,0.7209
10790,GOh1052_K568Y,GOh1052,K568Y,-8.226,0.424,0.7209
10791,GOh1052_K568V,GOh1052,K568V,-4.254,0.579,0.7209
10792,GOh1052_I569A,GOh1052,I569A,-8.909,0.397,0.1037
10793,GOh1052_I569R,GOh1052,I569R,-14.342,0.185,0.1037
10794,GOh1052_I569N,GOh1052,I569N,-11.026,0.314,0.1037
10795,GOh1052_I569D,GOh1052,I569D,-12.499,0.257,0.1037
10796,GOh1052_I569C,GOh1052,I569C,-11.673,0.289,0.1037
10797,GOh1052_I569Q,GOh1052,I569Q,-11.782,0.285,0.1037
10798,GOh1052_I569E,GOh1052,I569E,-12.598,0.253,0.1037
10799,GOh1052_I569G,GOh1052,I569G,-12.426,0.260,0.1037
10800,GOh1052_I569H,GOh1052,I569H,-12.81,0.244756064216242,0.1037
10801,GOh1052_I569L,GOh1052,I569L,-7.079,0.469,0.1037
10802,GOh1052_I569K,GOh1052,I569K,-13.183,0.230,0.1037
10803,GOh1052_I569M,GOh1052,I569M,-9.476,0.375,0.1037
10804,GOh1052_I569F,GOh1052,I569F,-8.532,0.412,0.1037
10805,GOh1052_I569P,GOh1052,I569P,-9.664,0.368,0.1037
10806,GOh1052_I569S,GOh1052,I569S,-10.401,0.339,0.1037
10807,GOh1052_I569T,GOh1052,I569T,-8.412,0.417,0.1037
10808,GOh1052_I569W,GOh1052,I569W,-11.383,0.300,0.1037
10809,GOh1052_I569Y,GOh1052,I569Y,-9.64,0.368579352369048,0.1037
10810,GOh1052_I569V,GOh1052,I569V,-4.579,0.566,0.1037
10811,GOh1052_T570A,GOh1052,T570A,-6.237,0.502,0.2618
10812,GOh1052_T570R,GOh1052,T570R,-8.77,0.402562399906254,0.2618
10813,GOh1052_T570N,GOh1052,T570N,-6.005,0.511,0.2618
10814,GOh1052_T570D,GOh1052,T570D,-7.455,0.454,0.2618
10815,GOh1052_T570C,GOh1052,T570C,-10.474,0.336,0.2618
10816,GOh1052_T570Q,GOh1052,T570Q,-6.308,0.499,0.2618
10817,GOh1052_T570E,GOh1052,T570E,-7.707,0.444,0.2618
10818,GOh1052_T570G,GOh1052,T570G,-7.932,0.435,0.2618
10819,GOh1052_T570H,GOh1052,T570H,-10.541,0.333,0.2618
10820,GOh1052_T570I,GOh1052,T570I,-6.069,0.508,0.2618
10821,GOh1052_T570L,GOh1052,T570L,-5.853,0.517,0.2618
10822,GOh1052_T570K,GOh1052,T570K,-8.182,0.426,0.2618
10823,GOh1052_T570M,GOh1052,T570M,-8.527,0.412,0.2618
10824,GOh1052_T570F,GOh1052,T570F,-8.783,0.402,0.2618
10825,GOh1052_T570P,GOh1052,T570P,-9.862,0.360,0.2618
10826,GOh1052_T570S,GOh1052,T570S,-4.444,0.572,0.2618
10827,GOh1052_T570W,GOh1052,T570W,-10.787,0.324,0.2618
10828,GOh1052_T570Y,GOh1052,T570Y,-8.6,0.409202765516972,0.2618
10829,GOh1052_T570V,GOh1052,T570V,-5.907,0.514,0.2618
10830,GOh1052_R571A,GOh1052,R571A,-1.121,0.701,2.3336
10831,GOh1052_R571N,GOh1052,R571N,-0.918,0.709,2.3336
10832,GOh1052_R571D,GOh1052,R571D,-2.486,0.648,2.3336
10833,GOh1052_R571C,GOh1052,R571C,-6.383,0.496,2.3336
10834,GOh1052_R571Q,GOh1052,R571Q,-2.185,0.660,2.3336
10835,GOh1052_R571E,GOh1052,R571E,-2.757,0.637,2.3336
10836,GOh1052_R571G,GOh1052,R571G,0.55,0.766610679270341,2.3336
10837,GOh1052_R571H,GOh1052,R571H,-4.9,0.553728369985547,2.3336
10838,GOh1052_R571I,GOh1052,R571I,-5.621,0.526,2.3336
10839,GOh1052_R571L,GOh1052,R571L,-4.524,0.568,2.3336
10840,GOh1052_R571K,GOh1052,R571K,-2.43,0.650208976211867,2.3336
10841,GOh1052_R571M,GOh1052,R571M,-6.071,0.508,2.3336
10842,GOh1052_R571F,GOh1052,R571F,-5.087,0.546,2.3336
10843,GOh1052_R571P,GOh1052,R571P,-5.783,0.519,2.3336
10844,GOh1052_R571S,GOh1052,R571S,1.247,0.794,2.3336
10845,GOh1052_R571T,GOh1052,R571T,-1.558,0.684,2.3336
10846,GOh1052_R571W,GOh1052,R571W,-5.965,0.512,2.3336
10847,GOh1052_R571Y,GOh1052,R571Y,-3.99,0.589273856489981,2.3336
10848,GOh1052_R571V,GOh1052,R571V,-4.463,0.571,2.3336
10849,GOh1052_T572A,GOh1052,T572A,-3.004,0.628,2.0085
10850,GOh1052_T572R,GOh1052,T572R,-5.48,0.531073004960744,2.0085
10851,GOh1052_T572N,GOh1052,T572N,-6.028,0.510,2.0085
10852,GOh1052_T572D,GOh1052,T572D,-8.217,0.424,2.0085
10853,GOh1052_T572C,GOh1052,T572C,-7.664,0.446,2.0085
10854,GOh1052_T572Q,GOh1052,T572Q,-5.132,0.545,2.0085
10855,GOh1052_T572E,GOh1052,T572E,-7.306,0.460,2.0085
10856,GOh1052_T572G,GOh1052,T572G,-7.327,0.459,2.0085
10857,GOh1052_T572H,GOh1052,T572H,-6.109,0.507,2.0085
10858,GOh1052_T572I,GOh1052,T572I,-2.274,0.656,2.0085
10859,GOh1052_T572L,GOh1052,T572L,-1.204,0.698,2.0085
10860,GOh1052_T572K,GOh1052,T572K,-5.321,0.537,2.0085
10861,GOh1052_T572M,GOh1052,T572M,-3.991,0.589,2.0085
10862,GOh1052_T572F,GOh1052,T572F,-4.781,0.558,2.0085
10863,GOh1052_T572P,GOh1052,T572P,-4.485,0.570,2.0085
10864,GOh1052_T572S,GOh1052,T572S,-5.079,0.547,2.0085
10865,GOh1052_T572W,GOh1052,T572W,-7.542,0.451,2.0085
10866,GOh1052_T572Y,GOh1052,T572Y,-5.396,0.534,2.0085
10867,GOh1052_T572V,GOh1052,T572V,-1.279,0.695,2.0085
10868,GOh1052_S573A,GOh1052,S573A,-6.307,0.499,0.2018
10869,GOh1052_S573R,GOh1052,S573R,-8.558,0.411,0.2018
10870,GOh1052_S573N,GOh1052,S573N,-5.468,0.532,0.2018
10871,GOh1052_S573D,GOh1052,S573D,-5.689,0.523,0.2018
10872,GOh1052_S573C,GOh1052,S573C,-8.947,0.396,0.2018
10873,GOh1052_S573Q,GOh1052,S573Q,-7.72,0.443576422795985,0.2018
10874,GOh1052_S573E,GOh1052,S573E,-7.249,0.462,0.2018
10875,GOh1052_S573G,GOh1052,S573G,-6.32,0.498261786648959,0.2018
10876,GOh1052_S573H,GOh1052,S573H,-10.379,0.340,0.2018
10877,GOh1052_S573I,GOh1052,S573I,-9.312,0.381,0.2018
10878,GOh1052_S573L,GOh1052,S573L,-8.427,0.416,0.2018
10879,GOh1052_S573K,GOh1052,S573K,-9.281,0.383,0.2018
10880,GOh1052_S573M,GOh1052,S573M,-10.062,0.352,0.2018
10881,GOh1052_S573F,GOh1052,S573F,-9.26,0.383422522557713,0.2018
10882,GOh1052_S573P,GOh1052,S573P,-6.041,0.509,0.2018
10883,GOh1052_S573T,GOh1052,S573T,-5.495,0.530,0.2018
10884,GOh1052_S573W,GOh1052,S573W,-10.344,0.341,0.2018
10885,GOh1052_S573Y,GOh1052,S573Y,-9.079,0.390,0.2018
10886,GOh1052_S573V,GOh1052,S573V,-8.22,0.424045935705636,0.2018
10887,GOh1052_T574A,GOh1052,T574A,-2.85,0.633803367055974,0.8534
10888,GOh1052_T574R,GOh1052,T574R,-6.848,0.478,0.8534
10889,GOh1052_T574N,GOh1052,T574N,-5.158,0.544,0.8534
10890,GOh1052_T574D,GOh1052,T574D,-5.432,0.533,0.8534
10891,GOh1052_T574C,GOh1052,T574C,-9.78,0.363110815983751,0.8534
10892,GOh1052_T574Q,GOh1052,T574Q,-5.312,0.538,0.8534
10893,GOh1052_T574E,GOh1052,T574E,-6.258,0.501,0.8534
10894,GOh1052_T574G,GOh1052,T574G,-4.995,0.550,0.8534
10895,GOh1052_T574H,GOh1052,T574H,-8.116,0.428,0.8534
10896,GOh1052_T574I,GOh1052,T574I,-7.389,0.457,0.8534
10897,GOh1052_T574L,GOh1052,T574L,-6.9,0.475606421624155,0.8534
10898,GOh1052_T574K,GOh1052,T574K,-6.248,0.501,0.8534
10899,GOh1052_T574M,GOh1052,T574M,-8.091,0.429,0.8534
10900,GOh1052_T574F,GOh1052,T574F,-8.559,0.411,0.8534
10901,GOh1052_T574P,GOh1052,T574P,-5.389,0.535,0.8534
10902,GOh1052_T574S,GOh1052,T574S,-3.11,0.623647513768993,0.8534
10903,GOh1052_T574W,GOh1052,T574W,-9.489,0.374,0.8534
10904,GOh1052_T574Y,GOh1052,T574Y,-7.968,0.434,0.8534
10905,GOh1052_T574V,GOh1052,T574V,-5.194,0.542,0.8534
10906,GOh1052_Q575A,GOh1052,Q575A,-2.334,0.654,2.659
10907,GOh1052_Q575R,GOh1052,Q575R,-3.407,0.612,2.659
10908,GOh1052_Q575N,GOh1052,Q575N,-1.713,0.678,2.659
10909,GOh1052_Q575D,GOh1052,Q575D,-2.174,0.660,2.659
10910,GOh1052_Q575C,GOh1052,Q575C,-7.972,0.434,2.659
10911,GOh1052_Q575E,GOh1052,Q575E,-3.609,0.604,2.659
10912,GOh1052_Q575G,GOh1052,Q575G,-2.485,0.648,2.659
10913,GOh1052_Q575H,GOh1052,Q575H,-5.531,0.529,2.659
10914,GOh1052_Q575I,GOh1052,Q575I,-6.089,0.507,2.659
10915,GOh1052_Q575L,GOh1052,Q575L,-5.008,0.550,2.659
10916,GOh1052_Q575K,GOh1052,Q575K,-2.519,0.647,2.659
10917,GOh1052_Q575M,GOh1052,Q575M,-6.094,0.507,2.659
10918,GOh1052_Q575F,GOh1052,Q575F,-6.375,0.496,2.659
10919,GOh1052_Q575P,GOh1052,Q575P,-3.627,0.603,2.659
10920,GOh1052_Q575S,GOh1052,Q575S,-0.356,0.731,2.659
10921,GOh1052_Q575T,GOh1052,Q575T,-0.637,0.720,2.659
10922,GOh1052_Q575W,GOh1052,Q575W,-7.253,0.462,2.659
10923,GOh1052_Q575Y,GOh1052,Q575Y,-4.884,0.554,2.659
10924,GOh1052_Q575V,GOh1052,Q575V,-5.052,0.548,2.659
10925,GOh1052_S576A,GOh1052,S576A,-5.385,0.535,0.6967
10926,GOh1052_S576R,GOh1052,S576R,-6.373,0.496,0.6967
10927,GOh1052_S576N,GOh1052,S576N,-3.98,0.589664466231788,0.6967
10928,GOh1052_S576D,GOh1052,S576D,-4.466,0.571,0.6967
10929,GOh1052_S576C,GOh1052,S576C,-9.458,0.376,0.6967
10930,GOh1052_S576Q,GOh1052,S576Q,-4.722,0.561,0.6967
10931,GOh1052_S576E,GOh1052,S576E,-4.483,0.570,0.6967
10932,GOh1052_S576G,GOh1052,S576G,-7.123,0.467,0.6967
10933,GOh1052_S576H,GOh1052,S576H,-7.746,0.443,0.6967
10934,GOh1052_S576I,GOh1052,S576I,-6.927,0.475,0.6967
10935,GOh1052_S576L,GOh1052,S576L,-6.663,0.485,0.6967
10936,GOh1052_S576K,GOh1052,S576K,-5.817,0.518,0.6967
10937,GOh1052_S576M,GOh1052,S576M,-8.06,0.430295691574548,0.6967
10938,GOh1052_S576F,GOh1052,S576F,-7.746,0.443,0.6967
10939,GOh1052_S576P,GOh1052,S576P,-8.732,0.404,0.6967
10940,GOh1052_S576T,GOh1052,S576T,-3.552,0.606,0.6967
10941,GOh1052_S576W,GOh1052,S576W,-9.09,0.390062888168431,0.6967
10942,GOh1052_S576Y,GOh1052,S576Y,-7.151,0.466,0.6967
10943,GOh1052_S576V,GOh1052,S576V,-5.878,0.516,0.6967
10944,GOh1052_V577A,GOh1052,V577A,-3.143,0.622,0.4038
10945,GOh1052_V577R,GOh1052,V577R,-10.296,0.343,0.4038
10946,GOh1052_V577N,GOh1052,V577N,-9.166,0.387,0.4038
10947,GOh1052_V577D,GOh1052,V577D,-11.82,0.283426428655131,0.4038
10948,GOh1052_V577C,GOh1052,V577C,-10.081,0.351,0.4038
10949,GOh1052_V577Q,GOh1052,V577Q,-9.209,0.385,0.4038
10950,GOh1052_V577E,GOh1052,V577E,-10.201,0.347,0.4038
10951,GOh1052_V577G,GOh1052,V577G,-7.236,0.462,0.4038
10952,GOh1052_V577H,GOh1052,V577H,-8.85,0.399437521971798,0.4038
10953,GOh1052_V577I,GOh1052,V577I,-5.738,0.521,0.4038
10954,GOh1052_V577L,GOh1052,V577L,-5.899,0.515,0.4038
10955,GOh1052_V577K,GOh1052,V577K,-10.911,0.319,0.4038
10956,GOh1052_V577M,GOh1052,V577M,-7.677,0.445,0.4038
10957,GOh1052_V577F,GOh1052,V577F,-7.098,0.468,0.4038
10958,GOh1052_V577P,GOh1052,V577P,-7.379,0.457,0.4038
10959,GOh1052_V577S,GOh1052,V577S,-6.723,0.483,0.4038
10960,GOh1052_V577T,GOh1052,V577T,-5.39,0.534588492637006,0.4038
10961,GOh1052_V577W,GOh1052,V577W,-9.739,0.365,0.4038
10962,GOh1052_V577Y,GOh1052,V577Y,-6.725,0.482,0.4038
10963,GOh1052_K578A,GOh1052,K578A,-2.658,0.641,1.5023
10964,GOh1052_K578R,GOh1052,K578R,-3.995,0.589,1.5023
10965,GOh1052_K578N,GOh1052,K578N,-3.968,0.590,1.5023
10966,GOh1052_K578D,GOh1052,K578D,-5.528,0.529,1.5023
10967,GOh1052_K578C,GOh1052,K578C,-7.783,0.441,1.5023
10968,GOh1052_K578Q,GOh1052,K578Q,-4.308,0.577,1.5023
10969,GOh1052_K578E,GOh1052,K578E,-5.427,0.533,1.5023
10970,GOh1052_K578G,GOh1052,K578G,-3.621,0.604,1.5023
10971,GOh1052_K578H,GOh1052,K578H,-6.645,0.486,1.5023
10972,GOh1052_K578I,GOh1052,K578I,-6.37,0.496308737939924,1.5023
10973,GOh1052_K578L,GOh1052,K578L,-5.71,0.522088980899184,1.5023
10974,GOh1052_K578M,GOh1052,K578M,-6.904,0.475,1.5023
10975,GOh1052_K578F,GOh1052,K578F,-6.987,0.472,1.5023
10976,GOh1052_K578P,GOh1052,K578P,-4.008,0.589,1.5023
10977,GOh1052_K578S,GOh1052,K578S,-2.785,0.636,1.5023
10978,GOh1052_K578T,GOh1052,K578T,-3.316,0.616,1.5023
10979,GOh1052_K578W,GOh1052,K578W,-9.031,0.392,1.5023
10980,GOh1052_K578Y,GOh1052,K578Y,-6.172,0.504,1.5023
10981,GOh1052_K578V,GOh1052,K578V,-4.646,0.564,1.5023
10982,GOh1052_V579A,GOh1052,V579A,-4.883,0.554,0.4818
10983,GOh1052_V579R,GOh1052,V579R,-6.182,0.504,0.4818
10984,GOh1052_V579N,GOh1052,V579N,-7.76,0.442013983828757,0.4818
10985,GOh1052_V579D,GOh1052,V579D,-10.205,0.347,0.4818
10986,GOh1052_V579C,GOh1052,V579C,-10.167,0.348,0.4818
10987,GOh1052_V579Q,GOh1052,V579Q,-6.671,0.485,0.4818
10988,GOh1052_V579E,GOh1052,V579E,-8.874,0.399,0.4818
10989,GOh1052_V579G,GOh1052,V579G,-8.515,0.413,0.4818
10990,GOh1052_V579H,GOh1052,V579H,-7.142,0.466,0.4818
10991,GOh1052_V579I,GOh1052,V579I,-4.528,0.568,0.4818
10992,GOh1052_V579L,GOh1052,V579L,-4.395,0.573,0.4818
10993,GOh1052_V579K,GOh1052,V579K,-7.427,0.455,0.4818
10994,GOh1052_V579M,GOh1052,V579M,-6.727,0.482,0.4818
10995,GOh1052_V579F,GOh1052,V579F,-5.746,0.521,0.4818
10996,GOh1052_V579P,GOh1052,V579P,-4.894,0.554,0.4818
10997,GOh1052_V579S,GOh1052,V579S,-6.836,0.478,0.4818
10998,GOh1052_V579T,GOh1052,V579T,-5.706,0.522,0.4818
10999,GOh1052_V579W,GOh1052,V579W,-8.065,0.430,0.4818
11000,GOh1052_V579Y,GOh1052,V579Y,-5.43,0.533026053669779,0.4818
11001,GOh1052_G580A,GOh1052,G580A,-8.462,0.415,0.0257
11002,GOh1052_G580R,GOh1052,G580R,-9.134,0.388,0.0257
11003,GOh1052_G580N,GOh1052,G580N,-6.977,0.473,0.0257
11004,GOh1052_G580D,GOh1052,G580D,-9.097,0.390,0.0257
11005,GOh1052_G580C,GOh1052,G580C,-12.719,0.248,0.0257
11006,GOh1052_G580Q,GOh1052,G580Q,-10.117,0.350,0.0257
11007,GOh1052_G580E,GOh1052,G580E,-10.576,0.332,0.0257
11008,GOh1052_G580H,GOh1052,G580H,-11.063,0.313,0.0257
11009,GOh1052_G580I,GOh1052,G580I,-15.018,0.159,0.0257
11010,GOh1052_G580L,GOh1052,G580L,-11.435,0.298,0.0257
11011,GOh1052_G580K,GOh1052,G580K,-9.377,0.379,0.0257
11012,GOh1052_G580M,GOh1052,G580M,-12.666,0.250,0.0257
11013,GOh1052_G580F,GOh1052,G580F,-11.944,0.279,0.0257
11014,GOh1052_G580P,GOh1052,G580P,-11.171,0.309,0.0257
11015,GOh1052_G580S,GOh1052,G580S,-8.001,0.433,0.0257
11016,GOh1052_G580T,GOh1052,G580T,-9.794,0.363,0.0257
11017,GOh1052_G580W,GOh1052,G580W,-12.911,0.241,0.0257
11018,GOh1052_G580Y,GOh1052,G580Y,-10.94,0.317800085934143,0.0257
11019,GOh1052_G580V,GOh1052,G580V,-13.291,0.226,0.0257
11020,GOh1052_G581A,GOh1052,G581A,-6.172,0.504,0.4356
11021,GOh1052_G581R,GOh1052,G581R,-7.289,0.460,0.4356
11022,GOh1052_G581N,GOh1052,G581N,-5.458,0.532,0.4356
11023,GOh1052_G581D,GOh1052,G581D,-4.67,0.562712394047108,0.4356
11024,GOh1052_G581C,GOh1052,G581C,-11.875,0.281,0.4356
11025,GOh1052_G581Q,GOh1052,G581Q,-4.557,0.567,0.4356
11026,GOh1052_G581E,GOh1052,G581E,-4.735,0.560,0.4356
11027,GOh1052_G581H,GOh1052,G581H,-8.852,0.399,0.4356
11028,GOh1052_G581I,GOh1052,G581I,-11.892,0.281,0.4356
11029,GOh1052_G581L,GOh1052,G581L,-11.036,0.314,0.4356
11030,GOh1052_G581K,GOh1052,G581K,-6.843,0.478,0.4356
11031,GOh1052_G581M,GOh1052,G581M,-10.071,0.352,0.4356
11032,GOh1052_G581F,GOh1052,G581F,-11.709,0.288,0.4356
11033,GOh1052_G581P,GOh1052,G581P,-12.324,0.264,0.4356
11034,GOh1052_G581S,GOh1052,G581S,-4.243,0.579,0.4356
11035,GOh1052_G581T,GOh1052,G581T,-5.874,0.516,0.4356
11036,GOh1052_G581W,GOh1052,G581W,-12.1,0.272489355884536,0.4356
11037,GOh1052_G581Y,GOh1052,G581Y,-9.211,0.385,0.4356
11038,GOh1052_G581V,GOh1052,G581V,-10.132,0.349,0.4356
11039,GOh1052_R582A,GOh1052,R582A,-3.556,0.606,2.3674
11040,GOh1052_R582N,GOh1052,R582N,-1.829,0.674,2.3674
11041,GOh1052_R582D,GOh1052,R582D,-4.776,0.559,2.3674
11042,GOh1052_R582C,GOh1052,R582C,-9.805,0.362,2.3674
11043,GOh1052_R582Q,GOh1052,R582Q,-2.816,0.635,2.3674
11044,GOh1052_R582E,GOh1052,R582E,-4.317,0.577,2.3674
11045,GOh1052_R582G,GOh1052,R582G,-5.143,0.544,2.3674
11046,GOh1052_R582H,GOh1052,R582H,-5.771,0.520,2.3674
11047,GOh1052_R582I,GOh1052,R582I,-4.046,0.587,2.3674
11048,GOh1052_R582L,GOh1052,R582L,-4.808,0.557,2.3674
11049,GOh1052_R582K,GOh1052,R582K,-2.509,0.647,2.3674
11050,GOh1052_R582M,GOh1052,R582M,-4.747,0.560,2.3674
11051,GOh1052_R582F,GOh1052,R582F,-5.979,0.512,2.3674
11052,GOh1052_R582P,GOh1052,R582P,-5.596,0.527,2.3674
11053,GOh1052_R582S,GOh1052,R582S,-0.757,0.716,2.3674
11054,GOh1052_R582T,GOh1052,R582T,-0.173,0.738,2.3674
11055,GOh1052_R582W,GOh1052,R582W,-7.215,0.463,2.3674
11056,GOh1052_R582Y,GOh1052,R582Y,-5.401,0.534,2.3674
11057,GOh1052_R582V,GOh1052,R582V,-3.569,0.606,2.3674
11058,GOh1052_I583A,GOh1052,I583A,-6.347,0.497,0.4944
11059,GOh1052_I583R,GOh1052,I583R,-10.815,0.323,0.4944
11060,GOh1052_I583N,GOh1052,I583N,-10.06,0.352173743213156,0.4944
11061,GOh1052_I583D,GOh1052,I583D,-12.771,0.246,0.4944
11062,GOh1052_I583C,GOh1052,I583C,-12.412,0.260,0.4944
11063,GOh1052_I583Q,GOh1052,I583Q,-7.906,0.436,0.4944
11064,GOh1052_I583E,GOh1052,I583E,-10.497,0.335,0.4944
11065,GOh1052_I583G,GOh1052,I583G,-9.478,0.375,0.4944
11066,GOh1052_I583H,GOh1052,I583H,-9.22,0.38498496152494,0.4944
11067,GOh1052_I583L,GOh1052,I583L,-4.258,0.579,0.4944
11068,GOh1052_I583K,GOh1052,I583K,-11.502,0.296,0.4944
11069,GOh1052_I583M,GOh1052,I583M,-5.64,0.524823249091832,0.4944
11070,GOh1052_I583F,GOh1052,I583F,-5.047,0.548,0.4944
11071,GOh1052_I583P,GOh1052,I583P,-10.68,0.327955939221124,0.4944
11072,GOh1052_I583S,GOh1052,I583S,-9.48,0.374829108237959,0.4944
11073,GOh1052_I583T,GOh1052,I583T,-7.297,0.460,0.4944
11074,GOh1052_I583W,GOh1052,I583W,-10.066,0.352,0.4944
11075,GOh1052_I583Y,GOh1052,I583Y,-6.185,0.504,0.4944
11076,GOh1052_I583V,GOh1052,I583V,-3.078,0.625,0.4944
11077,GOh1052_T584A,GOh1052,T584A,-5.743,0.521,0.6485
11078,GOh1052_T584R,GOh1052,T584R,-6.654,0.485,0.6485
11079,GOh1052_T584N,GOh1052,T584N,-3.904,0.593,0.6485
11080,GOh1052_T584D,GOh1052,T584D,-4.119,0.584,0.6485
11081,GOh1052_T584C,GOh1052,T584C,-11.204,0.307,0.6485
11082,GOh1052_T584Q,GOh1052,T584Q,-5.183,0.543,0.6485
11083,GOh1052_T584E,GOh1052,T584E,-5.145,0.544,0.6485
11084,GOh1052_T584G,GOh1052,T584G,-6.004,0.511,0.6485
11085,GOh1052_T584H,GOh1052,T584H,-7.967,0.434,0.6485
11086,GOh1052_T584I,GOh1052,T584I,-7.17,0.465059958595367,0.6485
11087,GOh1052_T584L,GOh1052,T584L,-7.212,0.463,0.6485
11088,GOh1052_T584K,GOh1052,T584K,-6.71,0.483028006718488,0.6485
11089,GOh1052_T584M,GOh1052,T584M,-8.098,0.429,0.6485
11090,GOh1052_T584F,GOh1052,T584F,-7.66,0.445920081246826,0.6485
11091,GOh1052_T584P,GOh1052,T584P,-8.173,0.426,0.6485
11092,GOh1052_T584S,GOh1052,T584S,-3.67,0.601773368227804,0.6485
11093,GOh1052_T584W,GOh1052,T584W,-8.085,0.429,0.6485
11094,GOh1052_T584Y,GOh1052,T584Y,-6.456,0.493,0.6485
11095,GOh1052_T584V,GOh1052,T584V,-6.084,0.507,0.6485
11096,GOh1052_I585A,GOh1052,I585A,-4.327,0.576,0.7712
11097,GOh1052_I585R,GOh1052,I585R,-12.06,0.274051794851764,0.7712
11098,GOh1052_I585N,GOh1052,I585N,-10.811,0.323,0.7712
11099,GOh1052_I585D,GOh1052,I585D,-11.349,0.302,0.7712
11100,GOh1052_I585C,GOh1052,I585C,-10.136,0.349,0.7712
11101,GOh1052_I585Q,GOh1052,I585Q,-11.773,0.285,0.7712
11102,GOh1052_I585E,GOh1052,I585E,-10.948,0.317,0.7712
11103,GOh1052_I585G,GOh1052,I585G,-6.797,0.480,0.7712
11104,GOh1052_I585H,GOh1052,I585H,-11.926,0.279,0.7712
11105,GOh1052_I585L,GOh1052,I585L,-4.295,0.577,0.7712
11106,GOh1052_I585K,GOh1052,I585K,-13.03,0.236162649896488,0.7712
11107,GOh1052_I585M,GOh1052,I585M,-5.518,0.530,0.7712
11108,GOh1052_I585F,GOh1052,I585F,-4.91,0.55333776024374,0.7712
11109,GOh1052_I585P,GOh1052,I585P,-12.147,0.271,0.7712
11110,GOh1052_I585S,GOh1052,I585S,-8.688,0.406,0.7712
11111,GOh1052_I585T,GOh1052,I585T,-6.731,0.482,0.7712
11112,GOh1052_I585W,GOh1052,I585W,-9.667,0.368,0.7712
11113,GOh1052_I585Y,GOh1052,I585Y,-7.154,0.466,0.7712
11114,GOh1052_I585V,GOh1052,I585V,-2.15,0.661146048982462,0.7712
11115,GOh1052_S586A,GOh1052,S586A,-4.508,0.569,1.5837
11116,GOh1052_S586R,GOh1052,S586R,-5.468,0.532,1.5837
11117,GOh1052_S586N,GOh1052,S586N,-3.721,0.600,1.5837
11118,GOh1052_S586D,GOh1052,S586D,-2.779,0.637,1.5837
11119,GOh1052_S586C,GOh1052,S586C,-9.808,0.362,1.5837
11120,GOh1052_S586Q,GOh1052,S586Q,-3.493,0.609,1.5837
11121,GOh1052_S586E,GOh1052,S586E,-3.248,0.618,1.5837
11122,GOh1052_S586G,GOh1052,S586G,-3.135,0.623,1.5837
11123,GOh1052_S586H,GOh1052,S586H,-5.896,0.515,1.5837
11124,GOh1052_S586I,GOh1052,S586I,-7.104,0.468,1.5837
11125,GOh1052_S586L,GOh1052,S586L,-6.633,0.486,1.5837
11126,GOh1052_S586K,GOh1052,S586K,-5.336,0.537,1.5837
11127,GOh1052_S586M,GOh1052,S586M,-7.22,0.463106909886333,1.5837
11128,GOh1052_S586F,GOh1052,S586F,-6.51,0.490840201554627,1.5837
11129,GOh1052_S586P,GOh1052,S586P,-9.637,0.369,1.5837
11130,GOh1052_S586T,GOh1052,S586T,-2.371,0.653,1.5837
11131,GOh1052_S586W,GOh1052,S586W,-6.717,0.483,1.5837
11132,GOh1052_S586Y,GOh1052,S586Y,-4.32,0.576383735010351,1.5837
11133,GOh1052_S586V,GOh1052,S586V,-5.952,0.513,1.5837
11134,GOh1052_T587A,GOh1052,T587A,-5.554,0.528,0.1939
11135,GOh1052_T587R,GOh1052,T587R,-12.756,0.247,0.1939
11136,GOh1052_T587N,GOh1052,T587N,-10.61,0.330690207413773,0.1939
11137,GOh1052_T587D,GOh1052,T587D,-11.652,0.290,0.1939
11138,GOh1052_T587C,GOh1052,T587C,-9.396,0.378,0.1939
11139,GOh1052_T587Q,GOh1052,T587Q,-12.791,0.245,0.1939
11140,GOh1052_T587E,GOh1052,T587E,-13.251,0.228,0.1939
11141,GOh1052_T587G,GOh1052,T587G,-7.53,0.450998007890317,0.1939
11142,GOh1052_T587H,GOh1052,T587H,-9.955,0.356,0.1939
11143,GOh1052_T587I,GOh1052,T587I,-11.465,0.297,0.1939
11144,GOh1052_T587L,GOh1052,T587L,-11.348,0.302,0.1939
11145,GOh1052_T587K,GOh1052,T587K,-12.633,0.252,0.1939
11146,GOh1052_T587M,GOh1052,T587M,-11.407,0.300,0.1939
11147,GOh1052_T587F,GOh1052,T587F,-10.905,0.319,0.1939
11148,GOh1052_T587P,GOh1052,T587P,-10.433,0.338,0.1939
11149,GOh1052_T587S,GOh1052,T587S,-3.878,0.594,0.1939
11150,GOh1052_T587W,GOh1052,T587W,-12.882,0.242,0.1939
11151,GOh1052_T587Y,GOh1052,T587Y,-9.854,0.360,0.1939
11152,GOh1052_T587V,GOh1052,T587V,-7.964,0.434,0.1939
11153,GOh1052_D588A,GOh1052,D588A,-6.858,0.477,0.3649
11154,GOh1052_D588R,GOh1052,D588R,-11.05,0.313503378774267,0.3649
11155,GOh1052_D588N,GOh1052,D588N,-4.261,0.579,0.3649
11156,GOh1052_D588C,GOh1052,D588C,-14.541,0.177,0.3649
11157,GOh1052_D588Q,GOh1052,D588Q,-8.087,0.429,0.3649
11158,GOh1052_D588E,GOh1052,D588E,-8.482,0.414,0.3649
11159,GOh1052_D588G,GOh1052,D588G,-6.568,0.489,0.3649
11160,GOh1052_D588H,GOh1052,D588H,-11.348,0.302,0.3649
11161,GOh1052_D588I,GOh1052,D588I,-11.452,0.298,0.3649
11162,GOh1052_D588L,GOh1052,D588L,-10.729,0.326,0.3649
11163,GOh1052_D588K,GOh1052,D588K,-9.823,0.361,0.3649
11164,GOh1052_D588M,GOh1052,D588M,-12.122,0.272,0.3649
11165,GOh1052_D588F,GOh1052,D588F,-11.962,0.278,0.3649
11166,GOh1052_D588P,GOh1052,D588P,-5.737,0.521,0.3649
11167,GOh1052_D588S,GOh1052,D588S,-3.753,0.599,0.3649
11168,GOh1052_D588T,GOh1052,D588T,-5.324,0.537,0.3649
11169,GOh1052_D588W,GOh1052,D588W,-12.779,0.246,0.3649
11170,GOh1052_D588Y,GOh1052,D588Y,-10.877,0.320,0.3649
11171,GOh1052_D588V,GOh1052,D588V,-9.98,0.355298621147611,0.3649
11172,GOh1052_S589A,GOh1052,S589A,-5.878,0.516,0.1543
11173,GOh1052_S589R,GOh1052,S589R,-7.873,0.438,0.1543
11174,GOh1052_S589N,GOh1052,S589N,-6.986,0.472,0.1543
11175,GOh1052_S589D,GOh1052,S589D,-7.986,0.433,0.1543
11176,GOh1052_S589C,GOh1052,S589C,-13.808,0.206,0.1543
11177,GOh1052_S589Q,GOh1052,S589Q,-5.97,0.511933127612203,0.1543
11178,GOh1052_S589E,GOh1052,S589E,-7.994,0.433,0.1543
11179,GOh1052_S589G,GOh1052,S589G,-5.563,0.528,0.1543
11180,GOh1052_S589H,GOh1052,S589H,-10.655,0.329,0.1543
11181,GOh1052_S589I,GOh1052,S589I,-10.596,0.331,0.1543
11182,GOh1052_S589L,GOh1052,S589L,-9.485,0.375,0.1543
11183,GOh1052_S589K,GOh1052,S589K,-8.115,0.428,0.1543
11184,GOh1052_S589M,GOh1052,S589M,-10.692,0.327,0.1543
11185,GOh1052_S589F,GOh1052,S589F,-11.366,0.301,0.1543
11186,GOh1052_S589P,GOh1052,S589P,-11.022,0.315,0.1543
11187,GOh1052_S589T,GOh1052,S589T,-5.685,0.523,0.1543
11188,GOh1052_S589W,GOh1052,S589W,-13.231,0.228,0.1543
11189,GOh1052_S589Y,GOh1052,S589Y,-10.608,0.331,0.1543
11190,GOh1052_S589V,GOh1052,S589V,-8.72,0.404515448615288,0.1543
11191,GOh1052_S590A,GOh1052,S590A,-2.478,0.648,1.1971
11192,GOh1052_S590R,GOh1052,S590R,-6.674,0.484,1.1971
11193,GOh1052_S590N,GOh1052,S590N,-3.734,0.599,1.1971
11194,GOh1052_S590D,GOh1052,S590D,-6.181,0.504,1.1971
11195,GOh1052_S590C,GOh1052,S590C,-12.804,0.245,1.1971
11196,GOh1052_S590Q,GOh1052,S590Q,-4.593,0.566,1.1971
11197,GOh1052_S590E,GOh1052,S590E,-6.235,0.502,1.1971
11198,GOh1052_S590G,GOh1052,S590G,-5.412,0.534,1.1971
11199,GOh1052_S590H,GOh1052,S590H,-9.021,0.393,1.1971
11200,GOh1052_S590I,GOh1052,S590I,-7.188,0.464,1.1971
11201,GOh1052_S590L,GOh1052,S590L,-6.685,0.484,1.1971
11202,GOh1052_S590K,GOh1052,S590K,-5.455,0.532,1.1971
11203,GOh1052_S590M,GOh1052,S590M,-7.402,0.456,1.1971
11204,GOh1052_S590F,GOh1052,S590F,-8.963,0.395,1.1971
11205,GOh1052_S590P,GOh1052,S590P,-3.787,0.597,1.1971
11206,GOh1052_S590T,GOh1052,S590T,-2.562,0.645,1.1971
11207,GOh1052_S590W,GOh1052,S590W,-10.449,0.337,1.1971
11208,GOh1052_S590Y,GOh1052,S590Y,-8.446,0.415,1.1971
11209,GOh1052_S590V,GOh1052,S590V,-5.103,0.546,1.1971
11210,GOh1052_I591A,GOh1052,I591A,-3.473,0.609,0.752
11211,GOh1052_I591R,GOh1052,I591R,-12.117,0.272,0.752
11212,GOh1052_I591N,GOh1052,I591N,-9.641,0.369,0.752
11213,GOh1052_I591D,GOh1052,I591D,-10.453,0.337,0.752
11214,GOh1052_I591C,GOh1052,I591C,-10.529,0.334,0.752
11215,GOh1052_I591Q,GOh1052,I591Q,-10.924,0.318,0.752
11216,GOh1052_I591E,GOh1052,I591E,-10.269,0.344,0.752
11217,GOh1052_I591G,GOh1052,I591G,-7.083,0.468,0.752
11218,GOh1052_I591H,GOh1052,I591H,-10.993,0.316,0.752
11219,GOh1052_I591L,GOh1052,I591L,-7.729,0.443,0.752
11220,GOh1052_I591K,GOh1052,I591K,-11.596,0.292,0.752
11221,GOh1052_I591M,GOh1052,I591M,-8.93,0.396312644037342,0.752
11222,GOh1052_I591F,GOh1052,I591F,-8.371,0.418,0.752
11223,GOh1052_I591P,GOh1052,I591P,-6.051,0.509,0.752
11224,GOh1052_I591S,GOh1052,I591S,-8.081,0.429,0.752
11225,GOh1052_I591T,GOh1052,I591T,-6.413,0.495,0.752
11226,GOh1052_I591W,GOh1052,I591W,-11.42,0.299050818327409,0.752
11227,GOh1052_I591Y,GOh1052,I591Y,-10.102,0.351,0.752
11228,GOh1052_I591V,GOh1052,I591V,-1.983,0.668,0.752
11229,GOh1052_T592A,GOh1052,T592A,-2.072,0.664,1.0694
11230,GOh1052_T592R,GOh1052,T592R,-7.102,0.468,1.0694
11231,GOh1052_T592N,GOh1052,T592N,-5.354,0.536,1.0694
11232,GOh1052_T592D,GOh1052,T592D,-6.164,0.504,1.0694
11233,GOh1052_T592C,GOh1052,T592C,-12.731,0.248,1.0694
11234,GOh1052_T592Q,GOh1052,T592Q,-5.003,0.550,1.0694
11235,GOh1052_T592E,GOh1052,T592E,-6.333,0.498,1.0694
11236,GOh1052_T592G,GOh1052,T592G,-5.283,0.539,1.0694
11237,GOh1052_T592H,GOh1052,T592H,-9.412,0.377,1.0694
11238,GOh1052_T592I,GOh1052,T592I,-7.607,0.448,1.0694
11239,GOh1052_T592L,GOh1052,T592L,-7.09,0.468184836529823,1.0694
11240,GOh1052_T592K,GOh1052,T592K,-6.204,0.503,1.0694
11241,GOh1052_T592M,GOh1052,T592M,-8.628,0.408,1.0694
11242,GOh1052_T592F,GOh1052,T592F,-8.615,0.409,1.0694
11243,GOh1052_T592P,GOh1052,T592P,-7.757,0.442,1.0694
11244,GOh1052_T592S,GOh1052,T592S,-2.488,0.648,1.0694
11245,GOh1052_T592W,GOh1052,T592W,-9.551,0.372,1.0694
11246,GOh1052_T592Y,GOh1052,T592Y,-7.4,0.456075934533807,1.0694
11247,GOh1052_T592V,GOh1052,T592V,-5.009,0.549,1.0694
11248,GOh1052_K593A,GOh1052,K593A,-5.336,0.537,0.698
11249,GOh1052_K593R,GOh1052,K593R,-5.167,0.543,0.698
11250,GOh1052_K593N,GOh1052,K593N,-4.799,0.558,0.698
11251,GOh1052_K593D,GOh1052,K593D,-6.655,0.485,0.698
11252,GOh1052_K593C,GOh1052,K593C,-12.787,0.246,0.698
11253,GOh1052_K593Q,GOh1052,K593Q,-4.431,0.572,0.698
11254,GOh1052_K593E,GOh1052,K593E,-6.502,0.491,0.698
11255,GOh1052_K593G,GOh1052,K593G,-5.752,0.520,0.698
11256,GOh1052_K593H,GOh1052,K593H,-6.903,0.475,0.698
11257,GOh1052_K593I,GOh1052,K593I,-9.484,0.375,0.698
11258,GOh1052_K593L,GOh1052,K593L,-8.197,0.425,0.698
11259,GOh1052_K593M,GOh1052,K593M,-7.837,0.439,0.698
11260,GOh1052_K593F,GOh1052,K593F,-9.321,0.381,0.698
11261,GOh1052_K593P,GOh1052,K593P,-13.053,0.235,0.698
11262,GOh1052_K593S,GOh1052,K593S,-2.94,0.630287879379712,0.698
11263,GOh1052_K593T,GOh1052,K593T,-4.173,0.582,0.698
11264,GOh1052_K593W,GOh1052,K593W,-10.103,0.350,0.698
11265,GOh1052_K593Y,GOh1052,K593Y,-8.368,0.418,0.698
11266,GOh1052_K593V,GOh1052,K593V,-7.92,0.435764227959845,0.698
11267,GOh1052_A594R,GOh1052,A594R,-16.205,0.112,0.0305
11268,GOh1052_A594N,GOh1052,A594N,-14.155,0.192,0.0305
11269,GOh1052_A594D,GOh1052,A594D,-13.978,0.199,0.0305
11270,GOh1052_A594C,GOh1052,A594C,-12.708,0.249,0.0305
11271,GOh1052_A594Q,GOh1052,A594Q,-14.164,0.192,0.0305
11272,GOh1052_A594E,GOh1052,A594E,-13.82,0.205304480293739,0.0305
11273,GOh1052_A594G,GOh1052,A594G,-6.303,0.499,0.0305
11274,GOh1052_A594H,GOh1052,A594H,-14.929,0.162,0.0305
11275,GOh1052_A594I,GOh1052,A594I,-11.179,0.308,0.0305
11276,GOh1052_A594L,GOh1052,A594L,-10.875,0.320,0.0305
11277,GOh1052_A594K,GOh1052,A594K,-16.504,0.100,0.0305
11278,GOh1052_A594M,GOh1052,A594M,-11.852,0.282,0.0305
11279,GOh1052_A594F,GOh1052,A594F,-11.528,0.295,0.0305
11280,GOh1052_A594P,GOh1052,A594P,-11.055,0.313,0.0305
11281,GOh1052_A594S,GOh1052,A594S,-9.232,0.385,0.0305
11282,GOh1052_A594T,GOh1052,A594T,-9.253,0.384,0.0305
11283,GOh1052_A594W,GOh1052,A594W,-14.138,0.193,0.0305
11284,GOh1052_A594Y,GOh1052,A594Y,-13.071,0.235,0.0305
11285,GOh1052_A594V,GOh1052,A594V,-7.454,0.454,0.0305
11286,GOh1052_S595A,GOh1052,S595A,-4.117,0.584,0.3548
11287,GOh1052_S595R,GOh1052,S595R,-12.188,0.269,0.3548
11288,GOh1052_S595N,GOh1052,S595N,-7.602,0.448,0.3548
11289,GOh1052_S595D,GOh1052,S595D,-8.142,0.427,0.3548
11290,GOh1052_S595C,GOh1052,S595C,-9.709,0.366,0.3548
11291,GOh1052_S595Q,GOh1052,S595Q,-8.932,0.396,0.3548
11292,GOh1052_S595E,GOh1052,S595E,-7.909,0.436,0.3548
11293,GOh1052_S595G,GOh1052,S595G,-8.942,0.396,0.3548
11294,GOh1052_S595H,GOh1052,S595H,-10.064,0.352,0.3548
11295,GOh1052_S595I,GOh1052,S595I,-8.632,0.408,0.3548
11296,GOh1052_S595L,GOh1052,S595L,-10.277,0.344,0.3548
11297,GOh1052_S595K,GOh1052,S595K,-13.461,0.219,0.3548
11298,GOh1052_S595M,GOh1052,S595M,-8.898,0.398,0.3548
11299,GOh1052_S595F,GOh1052,S595F,-10.42,0.338111792508105,0.3548
11300,GOh1052_S595P,GOh1052,S595P,-13.468,0.219,0.3548
11301,GOh1052_S595T,GOh1052,S595T,-3.828,0.596,0.3548
11302,GOh1052_S595W,GOh1052,S595W,-11.459,0.298,0.3548
11303,GOh1052_S595Y,GOh1052,S595Y,-9.412,0.377,0.3548
11304,GOh1052_S595V,GOh1052,S595V,-4.757,0.559,0.3548
11305,GOh1052_L596A,GOh1052,L596A,-7.516,0.452,0.1321
11306,GOh1052_L596R,GOh1052,L596R,-15.907,0.124,0.1321
11307,GOh1052_L596N,GOh1052,L596N,-15.555,0.138,0.1321
11308,GOh1052_L596D,GOh1052,L596D,-16.651,0.095,0.1321
11309,GOh1052_L596C,GOh1052,L596C,-11.813,0.284,0.1321
11310,GOh1052_L596Q,GOh1052,L596Q,-14.053,0.196,0.1321
11311,GOh1052_L596E,GOh1052,L596E,-15.182,0.152,0.1321
11312,GOh1052_L596G,GOh1052,L596G,-12.381,0.262,0.1321
11313,GOh1052_L596H,GOh1052,L596H,-14.108,0.194,0.1321
11314,GOh1052_L596I,GOh1052,L596I,-6.988,0.472,0.1321
11315,GOh1052_L596K,GOh1052,L596K,-16.815,0.088,0.1321
11316,GOh1052_L596M,GOh1052,L596M,-6.446,0.493,0.1321
11317,GOh1052_L596F,GOh1052,L596F,-4.57,0.566618491465177,0.1321
11318,GOh1052_L596P,GOh1052,L596P,-13.127,0.232,0.1321
11319,GOh1052_L596S,GOh1052,L596S,-12.782,0.246,0.1321
11320,GOh1052_L596T,GOh1052,L596T,-12.058,0.274,0.1321
11321,GOh1052_L596W,GOh1052,L596W,-8.096,0.429,0.1321
11322,GOh1052_L596Y,GOh1052,L596Y,-7.726,0.443,0.1321
11323,GOh1052_L596V,GOh1052,L596V,-7.595,0.448,0.1321
11324,GOh1052_I597A,GOh1052,I597A,-6.738,0.482,0.6988
11325,GOh1052_I597R,GOh1052,I597R,-13.707,0.210,0.6988
11326,GOh1052_I597N,GOh1052,I597N,-10.088,0.351,0.6988
11327,GOh1052_I597D,GOh1052,I597D,-11.078,0.312,0.6988
11328,GOh1052_I597C,GOh1052,I597C,-9.672,0.367,0.6988
11329,GOh1052_I597Q,GOh1052,I597Q,-9.833,0.361,0.6988
11330,GOh1052_I597E,GOh1052,I597E,-10.502,0.335,0.6988
11331,GOh1052_I597G,GOh1052,I597G,-11.324,0.303,0.6988
11332,GOh1052_I597H,GOh1052,I597H,-12.411,0.260,0.6988
11333,GOh1052_I597L,GOh1052,I597L,-6.92,0.474825202140541,0.6988
11334,GOh1052_I597K,GOh1052,I597K,-14.161,0.192,0.6988
11335,GOh1052_I597M,GOh1052,I597M,-6.211,0.503,0.6988
11336,GOh1052_I597F,GOh1052,I597F,-9.849,0.360,0.6988
11337,GOh1052_I597P,GOh1052,I597P,-13.597,0.214,0.6988
11338,GOh1052_I597S,GOh1052,I597S,-8.37,0.418186789578532,0.6988
11339,GOh1052_I597T,GOh1052,I597T,-6.596,0.487,0.6988
11340,GOh1052_I597W,GOh1052,I597W,-12.958,0.239,0.6988
11341,GOh1052_I597Y,GOh1052,I597Y,-11.378,0.301,0.6988
11342,GOh1052_I597V,GOh1052,I597V,-1.628,0.682,0.6988
11343,GOh1052_R598A,GOh1052,R598A,-8.718,0.405,0.0242
11344,GOh1052_R598N,GOh1052,R598N,-10.62,0.330299597671966,0.0242
11345,GOh1052_R598D,GOh1052,R598D,-13.677,0.211,0.0242
11346,GOh1052_R598C,GOh1052,R598C,-13.183,0.230,0.0242
11347,GOh1052_R598Q,GOh1052,R598Q,-9.703,0.366,0.0242
11348,GOh1052_R598E,GOh1052,R598E,-13.262,0.227,0.0242
11349,GOh1052_R598G,GOh1052,R598G,-9.562,0.372,0.0242
11350,GOh1052_R598H,GOh1052,R598H,-9.395,0.378,0.0242
11351,GOh1052_R598I,GOh1052,R598I,-12.629,0.252,0.0242
11352,GOh1052_R598L,GOh1052,R598L,-11.142,0.310,0.0242
11353,GOh1052_R598K,GOh1052,R598K,-6.543,0.490,0.0242
11354,GOh1052_R598M,GOh1052,R598M,-11.812,0.284,0.0242
11355,GOh1052_R598F,GOh1052,R598F,-12.888,0.242,0.0242
11356,GOh1052_R598P,GOh1052,R598P,-12.115,0.272,0.0242
11357,GOh1052_R598S,GOh1052,R598S,-9.407,0.378,0.0242
11358,GOh1052_R598T,GOh1052,R598T,-10.871,0.320,0.0242
11359,GOh1052_R598W,GOh1052,R598W,-12.657,0.251,0.0242
11360,GOh1052_R598Y,GOh1052,R598Y,-11.594,0.292,0.0242
11361,GOh1052_R598V,GOh1052,R598V,-12.147,0.271,0.0242
11362,GOh1052_Y599A,GOh1052,Y599A,-6.823,0.479,1.4659
11363,GOh1052_Y599R,GOh1052,Y599R,-9.379,0.379,1.4659
11364,GOh1052_Y599N,GOh1052,Y599N,-3.339,0.615,1.4659
11365,GOh1052_Y599D,GOh1052,Y599D,-9.24,0.384203742041327,1.4659
11366,GOh1052_Y599C,GOh1052,Y599C,-9.429,0.377,1.4659
11367,GOh1052_Y599Q,GOh1052,Y599Q,-6.089,0.507,1.4659
11368,GOh1052_Y599E,GOh1052,Y599E,-8.467,0.414,1.4659
11369,GOh1052_Y599G,GOh1052,Y599G,-9.158,0.387,1.4659
11370,GOh1052_Y599H,GOh1052,Y599H,-5.846,0.517,1.4659
11371,GOh1052_Y599I,GOh1052,Y599I,-5.254,0.540,1.4659
11372,GOh1052_Y599L,GOh1052,Y599L,-2.021,0.666,1.4659
11373,GOh1052_Y599K,GOh1052,Y599K,-9.979,0.355,1.4659
11374,GOh1052_Y599M,GOh1052,Y599M,-1.988,0.667,1.4659
11375,GOh1052_Y599F,GOh1052,Y599F,-3.502,0.608,1.4659
11376,GOh1052_Y599P,GOh1052,Y599P,-7.05,0.469747275497051,1.4659
11377,GOh1052_Y599S,GOh1052,Y599S,-6.397,0.495,1.4659
11378,GOh1052_Y599T,GOh1052,Y599T,-4.309,0.577,1.4659
11379,GOh1052_Y599W,GOh1052,Y599W,-5.444,0.532,1.4659
11380,GOh1052_Y599V,GOh1052,Y599V,-5.3,0.538103980313269,1.4659
11381,GOh1052_G600A,GOh1052,G600A,-5.588,0.527,0.206
11382,GOh1052_G600R,GOh1052,G600R,-14.533,0.177,0.206
11383,GOh1052_G600N,GOh1052,G600N,-8.038,0.431,0.206
11384,GOh1052_G600D,GOh1052,G600D,-10.838,0.322,0.206
11385,GOh1052_G600C,GOh1052,G600C,-9.012,0.393,0.206
11386,GOh1052_G600Q,GOh1052,G600Q,-10.35,0.340846060700754,0.206
11387,GOh1052_G600E,GOh1052,G600E,-11.415,0.299,0.206
11388,GOh1052_G600H,GOh1052,G600H,-12.303,0.265,0.206
11389,GOh1052_G600I,GOh1052,G600I,-8.58,0.409983985000586,0.206
11390,GOh1052_G600L,GOh1052,G600L,-9.449,0.376,0.206
11391,GOh1052_G600K,GOh1052,G600K,-15.864,0.125,0.206
11392,GOh1052_G600M,GOh1052,G600M,-7.328,0.459,0.206
11393,GOh1052_G600F,GOh1052,G600F,-11.217,0.307,0.206
11394,GOh1052_G600P,GOh1052,G600P,-7.707,0.444,0.206
11395,GOh1052_G600S,GOh1052,G600S,-4.035,0.588,0.206
11396,GOh1052_G600T,GOh1052,G600T,-6.593,0.488,0.206
11397,GOh1052_G600W,GOh1052,G600W,-13.179,0.230,0.206
11398,GOh1052_G600Y,GOh1052,G600Y,-12.975,0.238,0.206
11399,GOh1052_G600V,GOh1052,G600V,-7.477,0.453,0.206
11400,GOh1052_T601A,GOh1052,T601A,-3.098,0.624,1.1043
11401,GOh1052_T601R,GOh1052,T601R,-12.106,0.272,1.1043
11402,GOh1052_T601N,GOh1052,T601N,-6.717,0.483,1.1043
11403,GOh1052_T601D,GOh1052,T601D,-10.369,0.340,1.1043
11404,GOh1052_T601C,GOh1052,T601C,-7.683,0.445,1.1043
11405,GOh1052_T601Q,GOh1052,T601Q,-8.747,0.403,1.1043
11406,GOh1052_T601E,GOh1052,T601E,-11.129,0.310,1.1043
11407,GOh1052_T601G,GOh1052,T601G,-5.286,0.539,1.1043
11408,GOh1052_T601H,GOh1052,T601H,-10.192,0.347,1.1043
11409,GOh1052_T601I,GOh1052,T601I,-9.085,0.390,1.1043
11410,GOh1052_T601L,GOh1052,T601L,-8.859,0.399,1.1043
11411,GOh1052_T601K,GOh1052,T601K,-12.269,0.266,1.1043
11412,GOh1052_T601M,GOh1052,T601M,-7.79,0.440842154603336,1.1043
11413,GOh1052_T601F,GOh1052,T601F,-8.192,0.425,1.1043
11414,GOh1052_T601P,GOh1052,T601P,-8.162,0.426,1.1043
11415,GOh1052_T601S,GOh1052,T601S,-0.896,0.710,1.1043
11416,GOh1052_T601W,GOh1052,T601W,-10.246,0.345,1.1043
11417,GOh1052_T601Y,GOh1052,T601Y,-10.88,0.320143744384985,1.1043
11418,GOh1052_T601V,GOh1052,T601V,-6.969,0.473,1.1043
11419,GOh1052_A602R,GOh1052,A602R,-11.82,0.283426428655131,0.3607
11420,GOh1052_A602N,GOh1052,A602N,-6.454,0.493,0.3607
11421,GOh1052_A602D,GOh1052,A602D,-8.668,0.407,0.3607
11422,GOh1052_A602C,GOh1052,A602C,-9.253,0.384,0.3607
11423,GOh1052_A602Q,GOh1052,A602Q,-6.837,0.478,0.3607
11424,GOh1052_A602E,GOh1052,A602E,-9.492,0.374,0.3607
11425,GOh1052_A602G,GOh1052,A602G,-8.965,0.395,0.3607
11426,GOh1052_A602H,GOh1052,A602H,-9.923,0.358,0.3607
11427,GOh1052_A602I,GOh1052,A602I,-7.207,0.464,0.3607
11428,GOh1052_A602L,GOh1052,A602L,-8.638,0.408,0.3607
11429,GOh1052_A602K,GOh1052,A602K,-11.602,0.292,0.3607
11430,GOh1052_A602M,GOh1052,A602M,-8.187,0.425,0.3607
11431,GOh1052_A602F,GOh1052,A602F,-10.263,0.344,0.3607
11432,GOh1052_A602P,GOh1052,A602P,-7.661,0.446,0.3607
11433,GOh1052_A602S,GOh1052,A602S,-4.309,0.577,0.3607
11434,GOh1052_A602T,GOh1052,A602T,-4.759,0.559,0.3607
11435,GOh1052_A602W,GOh1052,A602W,-11.668,0.289,0.3607
11436,GOh1052_A602Y,GOh1052,A602Y,-10.599,0.331,0.3607
11437,GOh1052_A602V,GOh1052,A602V,-3.9,0.592789344166244,0.3607
11438,GOh1052_T603A,GOh1052,T603A,-10.586,0.332,0.0059
11439,GOh1052_T603R,GOh1052,T603R,-15.881,0.125,0.0059
11440,GOh1052_T603N,GOh1052,T603N,-10.893,0.320,0.0059
11441,GOh1052_T603D,GOh1052,T603D,-14.636,0.173,0.0059
11442,GOh1052_T603C,GOh1052,T603C,-11.98,0.277176672786219,0.0059
11443,GOh1052_T603Q,GOh1052,T603Q,-13.678,0.211,0.0059
11444,GOh1052_T603E,GOh1052,T603E,-15.493,0.140,0.0059
11445,GOh1052_T603G,GOh1052,T603G,-11.781,0.285,0.0059
11446,GOh1052_T603H,GOh1052,T603H,-13.369,0.223,0.0059
11447,GOh1052_T603I,GOh1052,T603I,-11.219,0.307,0.0059
11448,GOh1052_T603L,GOh1052,T603L,-13.321,0.225,0.0059
11449,GOh1052_T603K,GOh1052,T603K,-15.371,0.145,0.0059
11450,GOh1052_T603M,GOh1052,T603M,-12.216,0.268,0.0059
11451,GOh1052_T603F,GOh1052,T603F,-14.777,0.168,0.0059
11452,GOh1052_T603P,GOh1052,T603P,-11.841,0.283,0.0059
11453,GOh1052_T603S,GOh1052,T603S,-8.14,0.427170813640092,0.0059
11454,GOh1052_T603W,GOh1052,T603W,-17.43,0.0642943635014257,0.0059
11455,GOh1052_T603Y,GOh1052,T603Y,-16.191,0.113,0.0059
11456,GOh1052_T603V,GOh1052,T603V,-10.401,0.339,0.0059
11457,GOh1052_H604A,GOh1052,H604A,-12.839,0.244,0.007
11458,GOh1052_H604R,GOh1052,H604R,-11.807,0.284,0.007
11459,GOh1052_H604N,GOh1052,H604N,-10.98,0.316237646966915,0.007
11460,GOh1052_H604D,GOh1052,H604D,-11.971,0.278,0.007
11461,GOh1052_H604C,GOh1052,H604C,-13.794,0.206,0.007
11462,GOh1052_H604Q,GOh1052,H604Q,-7.725,0.443,0.007
11463,GOh1052_H604E,GOh1052,H604E,-12.041,0.275,0.007
11464,GOh1052_H604G,GOh1052,H604G,-12.656,0.251,0.007
11465,GOh1052_H604I,GOh1052,H604I,-13.539,0.216,0.007
11466,GOh1052_H604L,GOh1052,H604L,-12.167,0.270,0.007
11467,GOh1052_H604K,GOh1052,H604K,-14.675,0.172,0.007
11468,GOh1052_H604M,GOh1052,H604M,-13.249,0.228,0.007
11469,GOh1052_H604F,GOh1052,H604F,-14.395,0.183,0.007
11470,GOh1052_H604P,GOh1052,H604P,-11.409,0.299,0.007
11471,GOh1052_H604S,GOh1052,H604S,-12.435,0.259,0.007
11472,GOh1052_H604T,GOh1052,H604T,-13.07,0.234600210929261,0.007
11473,GOh1052_H604W,GOh1052,H604W,-13.932,0.201,0.007
11474,GOh1052_H604Y,GOh1052,H604Y,-12.933,0.240,0.007
11475,GOh1052_H604V,GOh1052,H604V,-13.389,0.222,0.007
11476,GOh1052_T605A,GOh1052,T605A,-5.992,0.511,0.1643
11477,GOh1052_T605R,GOh1052,T605R,-15.023,0.158,0.1643
11478,GOh1052_T605N,GOh1052,T605N,-9.211,0.385,0.1643
11479,GOh1052_T605D,GOh1052,T605D,-13.8,0.206085699777352,0.1643
11480,GOh1052_T605C,GOh1052,T605C,-10.486,0.336,0.1643
11481,GOh1052_T605Q,GOh1052,T605Q,-10.092,0.351,0.1643
11482,GOh1052_T605E,GOh1052,T605E,-13.917,0.202,0.1643
11483,GOh1052_T605G,GOh1052,T605G,-8.491,0.413,0.1643
11484,GOh1052_T605H,GOh1052,T605H,-11.271,0.305,0.1643
11485,GOh1052_T605I,GOh1052,T605I,-9.817,0.362,0.1643
11486,GOh1052_T605L,GOh1052,T605L,-10.132,0.349,0.1643
11487,GOh1052_T605K,GOh1052,T605K,-15.043,0.158,0.1643
11488,GOh1052_T605M,GOh1052,T605M,-8.469,0.414,0.1643
11489,GOh1052_T605F,GOh1052,T605F,-12.066,0.274,0.1643
11490,GOh1052_T605P,GOh1052,T605P,-12.046,0.275,0.1643
11491,GOh1052_T605S,GOh1052,T605S,-4.053,0.587,0.1643
11492,GOh1052_T605W,GOh1052,T605W,-14.594,0.175,0.1643
11493,GOh1052_T605Y,GOh1052,T605Y,-13.691,0.210,0.1643
11494,GOh1052_T605V,GOh1052,T605V,-7.778,0.441,0.1643
11495,GOh1052_V606A,GOh1052,V606A,-9.228,0.385,0.1657
11496,GOh1052_V606R,GOh1052,V606R,-12.243,0.267,0.1657
11497,GOh1052_V606N,GOh1052,V606N,-8.503,0.413,0.1657
11498,GOh1052_V606D,GOh1052,V606D,-11.742,0.286,0.1657
11499,GOh1052_V606C,GOh1052,V606C,-13.983,0.199,0.1657
11500,GOh1052_V606Q,GOh1052,V606Q,-9.964,0.356,0.1657
11501,GOh1052_V606E,GOh1052,V606E,-12.314,0.264,0.1657
11502,GOh1052_V606G,GOh1052,V606G,-12.625,0.252,0.1657
11503,GOh1052_V606H,GOh1052,V606H,-10.44,0.337330573024491,0.1657
11504,GOh1052_V606I,GOh1052,V606I,-4.361,0.575,0.1657
11505,GOh1052_V606L,GOh1052,V606L,-5.902,0.515,0.1657
11506,GOh1052_V606K,GOh1052,V606K,-12.622,0.252,0.1657
11507,GOh1052_V606M,GOh1052,V606M,-7.725,0.443,0.1657
11508,GOh1052_V606F,GOh1052,V606F,-6.527,0.490,0.1657
11509,GOh1052_V606P,GOh1052,V606P,-12.202,0.269,0.1657
11510,GOh1052_V606S,GOh1052,V606S,-9.885,0.359,0.1657
11511,GOh1052_V606T,GOh1052,V606T,-6.749,0.482,0.1657
11512,GOh1052_V606W,GOh1052,V606W,-11.566,0.293,0.1657
11513,GOh1052_V606Y,GOh1052,V606Y,-9.559,0.372,0.1657
11514,GOh1052_N607A,GOh1052,N607A,-10.994,0.316,0.0182
11515,GOh1052_N607R,GOh1052,N607R,-14.682,0.172,0.0182
11516,GOh1052_N607D,GOh1052,N607D,-6.704,0.483,0.0182
11517,GOh1052_N607C,GOh1052,N607C,-14.216,0.190,0.0182
11518,GOh1052_N607Q,GOh1052,N607Q,-11.836,0.283,0.0182
11519,GOh1052_N607E,GOh1052,N607E,-12.064,0.274,0.0182
11520,GOh1052_N607G,GOh1052,N607G,-10.707,0.327,0.0182
11521,GOh1052_N607H,GOh1052,N607H,-9.471,0.375,0.0182
11522,GOh1052_N607I,GOh1052,N607I,-12.734,0.248,0.0182
11523,GOh1052_N607L,GOh1052,N607L,-13.542,0.216,0.0182
11524,GOh1052_N607K,GOh1052,N607K,-14.143,0.193,0.0182
11525,GOh1052_N607M,GOh1052,N607M,-13.326,0.225,0.0182
11526,GOh1052_N607F,GOh1052,N607F,-13.698,0.210,0.0182
11527,GOh1052_N607P,GOh1052,N607P,-13.638,0.212,0.0182
11528,GOh1052_N607S,GOh1052,N607S,-9.011,0.393,0.0182
11529,GOh1052_N607T,GOh1052,N607T,-10.706,0.327,0.0182
11530,GOh1052_N607W,GOh1052,N607W,-15.453,0.142,0.0182
11531,GOh1052_N607Y,GOh1052,N607Y,-12.849,0.243,0.0182
11532,GOh1052_N607V,GOh1052,N607V,-12.179,0.269,0.0182
11533,GOh1052_T608A,GOh1052,T608A,-6.27,0.500214835357994,0.1544
11534,GOh1052_T608R,GOh1052,T608R,-11.602,0.292,0.1544
11535,GOh1052_T608N,GOh1052,T608N,-5.192,0.542,0.1544
11536,GOh1052_T608D,GOh1052,T608D,-10.121,0.350,0.1544
11537,GOh1052_T608C,GOh1052,T608C,-11.992,0.277,0.1544
11538,GOh1052_T608Q,GOh1052,T608Q,-9.304,0.382,0.1544
11539,GOh1052_T608E,GOh1052,T608E,-11.362,0.301,0.1544
11540,GOh1052_T608G,GOh1052,T608G,-7.519,0.451,0.1544
11541,GOh1052_T608H,GOh1052,T608H,-9.016,0.393,0.1544
11542,GOh1052_T608I,GOh1052,T608I,-8.172,0.426,0.1544
11543,GOh1052_T608L,GOh1052,T608L,-8.488,0.414,0.1544
11544,GOh1052_T608K,GOh1052,T608K,-11.606,0.292,0.1544
11545,GOh1052_T608M,GOh1052,T608M,-8.192,0.425,0.1544
11546,GOh1052_T608F,GOh1052,T608F,-7.225,0.463,0.1544
11547,GOh1052_T608P,GOh1052,T608P,-8.894,0.398,0.1544
11548,GOh1052_T608S,GOh1052,T608S,-5.355,0.536,0.1544
11549,GOh1052_T608W,GOh1052,T608W,-9.994,0.355,0.1544
11550,GOh1052_T608Y,GOh1052,T608Y,-8.851,0.399,0.1544
11551,GOh1052_T608V,GOh1052,T608V,-7.161,0.465,0.1544
11552,GOh1052_D609A,GOh1052,D609A,-12.307,0.264,0.0308
11553,GOh1052_D609R,GOh1052,D609R,-17.006,0.081,0.0308
11554,GOh1052_D609N,GOh1052,D609N,-10.416,0.338,0.0308
11555,GOh1052_D609C,GOh1052,D609C,-15.878,0.125,0.0308
11556,GOh1052_D609Q,GOh1052,D609Q,-12.132,0.271,0.0308
11557,GOh1052_D609E,GOh1052,D609E,-5.811,0.518,0.0308
11558,GOh1052_D609G,GOh1052,D609G,-10.692,0.327,0.0308
11559,GOh1052_D609H,GOh1052,D609H,-11.878,0.281,0.0308
11560,GOh1052_D609I,GOh1052,D609I,-15.318,0.147,0.0308
11561,GOh1052_D609L,GOh1052,D609L,-14.932,0.162,0.0308
11562,GOh1052_D609K,GOh1052,D609K,-16.401,0.104,0.0308
11563,GOh1052_D609M,GOh1052,D609M,-14.917,0.162,0.0308
11564,GOh1052_D609F,GOh1052,D609F,-14.517,0.178,0.0308
11565,GOh1052_D609P,GOh1052,D609P,-15.171,0.153,0.0308
11566,GOh1052_D609S,GOh1052,D609S,-11.9,0.280301550720675,0.0308
11567,GOh1052_D609T,GOh1052,D609T,-13.309,0.225,0.0308
11568,GOh1052_D609W,GOh1052,D609W,-15.24,0.14983789695715,0.0308
11569,GOh1052_D609Y,GOh1052,D609Y,-13.383,0.222,0.0308
11570,GOh1052_D609V,GOh1052,D609V,-13.501,0.218,0.0308
11571,GOh1052_Q610A,GOh1052,Q610A,-7.795,0.441,0.0215
11572,GOh1052_Q610R,GOh1052,Q610R,-13.584,0.215,0.0215
11573,GOh1052_Q610N,GOh1052,Q610N,-8.611,0.409,0.0215
11574,GOh1052_Q610D,GOh1052,Q610D,-11.03,0.314284598257881,0.0215
11575,GOh1052_Q610C,GOh1052,Q610C,-13.356,0.223,0.0215
11576,GOh1052_Q610E,GOh1052,Q610E,-9.629,0.369,0.0215
11577,GOh1052_Q610G,GOh1052,Q610G,-10.051,0.353,0.0215
11578,GOh1052_Q610H,GOh1052,Q610H,-8.794,0.402,0.0215
11579,GOh1052_Q610I,GOh1052,Q610I,-10.845,0.322,0.0215
11580,GOh1052_Q610L,GOh1052,Q610L,-9.326,0.381,0.0215
11581,GOh1052_Q610K,GOh1052,Q610K,-13.207,0.229,0.0215
11582,GOh1052_Q610M,GOh1052,Q610M,-9.572,0.371,0.0215
11583,GOh1052_Q610F,GOh1052,Q610F,-11.192,0.308,0.0215
11584,GOh1052_Q610P,GOh1052,Q610P,-9.684,0.367,0.0215
11585,GOh1052_Q610S,GOh1052,Q610S,-8.568,0.410,0.0215
11586,GOh1052_Q610T,GOh1052,Q610T,-8.877,0.398,0.0215
11587,GOh1052_Q610W,GOh1052,Q610W,-13.785,0.207,0.0215
11588,GOh1052_Q610Y,GOh1052,Q610Y,-11.739,0.287,0.0215
11589,GOh1052_Q610V,GOh1052,Q610V,-9.769,0.364,0.0215
11590,GOh1052_R611A,GOh1052,R611A,-11.204,0.307,0.0075
11591,GOh1052_R611N,GOh1052,R611N,-11.31,0.303347525487286,0.0075
11592,GOh1052_R611D,GOh1052,R611D,-14.976,0.160,0.0075
11593,GOh1052_R611C,GOh1052,R611C,-14.686,0.171,0.0075
11594,GOh1052_R611Q,GOh1052,R611Q,-10.183,0.347,0.0075
11595,GOh1052_R611E,GOh1052,R611E,-14.387,0.183,0.0075
11596,GOh1052_R611G,GOh1052,R611G,-12.399,0.261,0.0075
11597,GOh1052_R611H,GOh1052,R611H,-10.039,0.353,0.0075
11598,GOh1052_R611I,GOh1052,R611I,-11.434,0.299,0.0075
11599,GOh1052_R611L,GOh1052,R611L,-10.626,0.330,0.0075
11600,GOh1052_R611K,GOh1052,R611K,-8.238,0.423,0.0075
11601,GOh1052_R611M,GOh1052,R611M,-11.634,0.291,0.0075
11602,GOh1052_R611F,GOh1052,R611F,-12.686,0.250,0.0075
11603,GOh1052_R611P,GOh1052,R611P,-15.066,0.157,0.0075
11604,GOh1052_R611S,GOh1052,R611S,-10.562,0.333,0.0075
11605,GOh1052_R611T,GOh1052,R611T,-10.731,0.326,0.0075
11606,GOh1052_R611W,GOh1052,R611W,-12.301,0.265,0.0075
11607,GOh1052_R611Y,GOh1052,R611Y,-11.958,0.278,0.0075
11608,GOh1052_R611V,GOh1052,R611V,-11.084,0.312,0.0075
11609,GOh1052_R612A,GOh1052,R612A,-10.058,0.352,0.0456
11610,GOh1052_R612N,GOh1052,R612N,-10.063,0.352,0.0456
11611,GOh1052_R612D,GOh1052,R612D,-13.57,0.215069723838913,0.0456
11612,GOh1052_R612C,GOh1052,R612C,-12.866,0.243,0.0456
11613,GOh1052_R612Q,GOh1052,R612Q,-8.676,0.406,0.0456
11614,GOh1052_R612E,GOh1052,R612E,-12.622,0.252,0.0456
11615,GOh1052_R612G,GOh1052,R612G,-12.315,0.264,0.0456
11616,GOh1052_R612H,GOh1052,R612H,-8.412,0.417,0.0456
11617,GOh1052_R612I,GOh1052,R612I,-8.759,0.403,0.0456
11618,GOh1052_R612L,GOh1052,R612L,-6.691,0.484,0.0456
11619,GOh1052_R612K,GOh1052,R612K,-8.071,0.430,0.0456
11620,GOh1052_R612M,GOh1052,R612M,-8.962,0.395,0.0456
11621,GOh1052_R612F,GOh1052,R612F,-7.896,0.437,0.0456
11622,GOh1052_R612P,GOh1052,R612P,-13.67,0.211163626420843,0.0456
11623,GOh1052_R612S,GOh1052,R612S,-9.72,0.365454474434592,0.0456
11624,GOh1052_R612T,GOh1052,R612T,-9.866,0.360,0.0456
11625,GOh1052_R612W,GOh1052,R612W,-9.246,0.384,0.0456
11626,GOh1052_R612Y,GOh1052,R612Y,-7.489,0.453,0.0456
11627,GOh1052_R612V,GOh1052,R612V,-8.863,0.399,0.0456
11628,GOh1052_I613A,GOh1052,I613A,-9.098,0.390,0.2544
11629,GOh1052_I613R,GOh1052,I613R,-12.235,0.267,0.2544
11630,GOh1052_I613N,GOh1052,I613N,-11.824,0.283,0.2544
11631,GOh1052_I613D,GOh1052,I613D,-13.701,0.210,0.2544
11632,GOh1052_I613C,GOh1052,I613C,-13.395,0.222,0.2544
11633,GOh1052_I613Q,GOh1052,I613Q,-9.77,0.363501425725558,0.2544
11634,GOh1052_I613E,GOh1052,I613E,-11.576,0.293,0.2544
11635,GOh1052_I613G,GOh1052,I613G,-13.86,0.203742041326511,0.2544
11636,GOh1052_I613H,GOh1052,I613H,-11.867,0.282,0.2544
11637,GOh1052_I613L,GOh1052,I613L,-6.17,0.504120932776063,0.2544
11638,GOh1052_I613K,GOh1052,I613K,-11.715,0.288,0.2544
11639,GOh1052_I613M,GOh1052,I613M,-8.087,0.429,0.2544
11640,GOh1052_I613F,GOh1052,I613F,-9.39,0.378344595914222,0.2544
11641,GOh1052_I613P,GOh1052,I613P,-9.837,0.361,0.2544
11642,GOh1052_I613S,GOh1052,I613S,-10.848,0.321,0.2544
11643,GOh1052_I613T,GOh1052,I613T,-8.435,0.416,0.2544
11644,GOh1052_I613W,GOh1052,I613W,-12.98,0.238115698605523,0.2544
11645,GOh1052_I613Y,GOh1052,I613Y,-10.391,0.339,0.2544
11646,GOh1052_I613V,GOh1052,I613V,-3.302,0.616,0.2544
11647,GOh1052_P614A,GOh1052,P614A,-6.948,0.474,0.0574
11648,GOh1052_P614R,GOh1052,P614R,-10.858,0.321,0.0574
11649,GOh1052_P614N,GOh1052,P614N,-7.724,0.443,0.0574
11650,GOh1052_P614D,GOh1052,P614D,-6.994,0.472,0.0574
11651,GOh1052_P614C,GOh1052,P614C,-15.905,0.124,0.0574
11652,GOh1052_P614Q,GOh1052,P614Q,-8.287,0.421,0.0574
11653,GOh1052_P614E,GOh1052,P614E,-8.03,0.431467520799969,0.0574
11654,GOh1052_P614G,GOh1052,P614G,-8.014,0.432,0.0574
11655,GOh1052_P614H,GOh1052,P614H,-10.729,0.326,0.0574
11656,GOh1052_P614I,GOh1052,P614I,-10.736,0.326,0.0574
11657,GOh1052_P614L,GOh1052,P614L,-8.435,0.416,0.0574
11658,GOh1052_P614K,GOh1052,P614K,-10.039,0.353,0.0574
11659,GOh1052_P614M,GOh1052,P614M,-10.085,0.351,0.0574
11660,GOh1052_P614F,GOh1052,P614F,-10.046,0.353,0.0574
11661,GOh1052_P614S,GOh1052,P614S,-7.321,0.459,0.0574
11662,GOh1052_P614T,GOh1052,P614T,-8.499,0.413,0.0574
11663,GOh1052_P614W,GOh1052,P614W,-11.625,0.291,0.0574
11664,GOh1052_P614Y,GOh1052,P614Y,-10.355,0.341,0.0574
11665,GOh1052_P614V,GOh1052,P614V,-9.561,0.372,0.0574
11666,GOh1052_L615A,GOh1052,L615A,-7.91,0.436154837701652,0.1308
11667,GOh1052_L615R,GOh1052,L615R,-13.468,0.219,0.1308
11668,GOh1052_L615N,GOh1052,L615N,-12.037,0.275,0.1308
11669,GOh1052_L615D,GOh1052,L615D,-13.478,0.219,0.1308
11670,GOh1052_L615C,GOh1052,L615C,-10.292,0.343,0.1308
11671,GOh1052_L615Q,GOh1052,L615Q,-10.935,0.318,0.1308
11672,GOh1052_L615E,GOh1052,L615E,-12.632,0.252,0.1308
11673,GOh1052_L615G,GOh1052,L615G,-11.233,0.306,0.1308
11674,GOh1052_L615H,GOh1052,L615H,-12.794,0.245,0.1308
11675,GOh1052_L615I,GOh1052,L615I,-5.417,0.534,0.1308
11676,GOh1052_L615K,GOh1052,L615K,-12.818,0.244,0.1308
11677,GOh1052_L615M,GOh1052,L615M,-6.666,0.485,0.1308
11678,GOh1052_L615F,GOh1052,L615F,-9.124,0.389,0.1308
11679,GOh1052_L615P,GOh1052,L615P,-11.444,0.298,0.1308
11680,GOh1052_L615S,GOh1052,L615S,-10.276,0.344,0.1308
11681,GOh1052_L615T,GOh1052,L615T,-7.323,0.459,0.1308
11682,GOh1052_L615W,GOh1052,L615W,-13.508,0.217,0.1308
11683,GOh1052_L615Y,GOh1052,L615Y,-10.437,0.337,0.1308
11684,GOh1052_L615V,GOh1052,L615V,-4.959,0.551,0.1308
11685,GOh1052_T616A,GOh1052,T616A,-5.599,0.526,0.2935
11686,GOh1052_T616R,GOh1052,T616R,-7.399,0.456,0.2935
11687,GOh1052_T616N,GOh1052,T616N,-5.331,0.537,0.2935
11688,GOh1052_T616D,GOh1052,T616D,-6.473,0.492,0.2935
11689,GOh1052_T616C,GOh1052,T616C,-12.991,0.238,0.2935
11690,GOh1052_T616Q,GOh1052,T616Q,-6.015,0.510,0.2935
11691,GOh1052_T616E,GOh1052,T616E,-6.267,0.500,0.2935
11692,GOh1052_T616G,GOh1052,T616G,-7.371,0.457,0.2935
11693,GOh1052_T616H,GOh1052,T616H,-9.573,0.371,0.2935
11694,GOh1052_T616I,GOh1052,T616I,-7.427,0.455,0.2935
11695,GOh1052_T616L,GOh1052,T616L,-7.642,0.447,0.2935
11696,GOh1052_T616K,GOh1052,T616K,-6.275,0.500,0.2935
11697,GOh1052_T616M,GOh1052,T616M,-8.646,0.407,0.2935
11698,GOh1052_T616F,GOh1052,T616F,-9.501,0.374,0.2935
11699,GOh1052_T616P,GOh1052,T616P,-7.206,0.464,0.2935
11700,GOh1052_T616S,GOh1052,T616S,-4.702,0.561,0.2935
11701,GOh1052_T616W,GOh1052,T616W,-10.856,0.321,0.2935
11702,GOh1052_T616Y,GOh1052,T616Y,-8.824,0.400,0.2935
11703,GOh1052_T616V,GOh1052,T616V,-6.117,0.506,0.2935
11704,GOh1052_L617A,GOh1052,L617A,-5.623,0.525,0.4541
11705,GOh1052_L617R,GOh1052,L617R,-8.56,0.4107652044842,0.4541
11706,GOh1052_L617N,GOh1052,L617N,-8.076,0.430,0.4541
11707,GOh1052_L617D,GOh1052,L617D,-9.548,0.372,0.4541
11708,GOh1052_L617C,GOh1052,L617C,-10.328,0.342,0.4541
11709,GOh1052_L617Q,GOh1052,L617Q,-7.785,0.441,0.4541
11710,GOh1052_L617E,GOh1052,L617E,-8.92,0.396703253779149,0.4541
11711,GOh1052_L617G,GOh1052,L617G,-7.246,0.462,0.4541
11712,GOh1052_L617H,GOh1052,L617H,-9.024,0.393,0.4541
11713,GOh1052_L617I,GOh1052,L617I,-4.341,0.576,0.4541
11714,GOh1052_L617K,GOh1052,L617K,-8.451,0.415,0.4541
11715,GOh1052_L617M,GOh1052,L617M,-5.774,0.520,0.4541
11716,GOh1052_L617F,GOh1052,L617F,-5.474,0.531,0.4541
11717,GOh1052_L617P,GOh1052,L617P,-5.946,0.513,0.4541
11718,GOh1052_L617S,GOh1052,L617S,-5.889,0.515,0.4541
11719,GOh1052_L617T,GOh1052,L617T,-5.375,0.535,0.4541
11720,GOh1052_L617W,GOh1052,L617W,-7.924,0.436,0.4541
11721,GOh1052_L617Y,GOh1052,L617Y,-6.547,0.489,0.4541
11722,GOh1052_L617V,GOh1052,L617V,-4.046,0.587,0.4541
11723,GOh1052_T618A,GOh1052,T618A,-6.159,0.505,0.2705
11724,GOh1052_T618R,GOh1052,T618R,-7.247,0.462,0.2705
11725,GOh1052_T618N,GOh1052,T618N,-6.493,0.492,0.2705
11726,GOh1052_T618D,GOh1052,T618D,-7.297,0.460,0.2705
11727,GOh1052_T618C,GOh1052,T618C,-12.394,0.261,0.2705
11728,GOh1052_T618Q,GOh1052,T618Q,-6.247,0.501,0.2705
11729,GOh1052_T618E,GOh1052,T618E,-6.785,0.480,0.2705
11730,GOh1052_T618G,GOh1052,T618G,-8.029,0.432,0.2705
11731,GOh1052_T618H,GOh1052,T618H,-9.297,0.382,0.2705
11732,GOh1052_T618I,GOh1052,T618I,-6.147,0.505,0.2705
11733,GOh1052_T618L,GOh1052,T618L,-6.785,0.480,0.2705
11734,GOh1052_T618K,GOh1052,T618K,-7.582,0.449,0.2705
11735,GOh1052_T618M,GOh1052,T618M,-8.861,0.399,0.2705
11736,GOh1052_T618F,GOh1052,T618F,-7.779,0.441,0.2705
11737,GOh1052_T618P,GOh1052,T618P,-10.916,0.319,0.2705
11738,GOh1052_T618S,GOh1052,T618S,-4.5,0.569352759657826,0.2705
11739,GOh1052_T618W,GOh1052,T618W,-9.762,0.364,0.2705
11740,GOh1052_T618Y,GOh1052,T618Y,-7.766,0.442,0.2705
11741,GOh1052_T618V,GOh1052,T618V,-5.414,0.534,0.2705
11742,GOh1052_N619A,GOh1052,N619A,-3.491,0.609,0.9926
11743,GOh1052_N619R,GOh1052,N619R,-5.871,0.516,0.9926
11744,GOh1052_N619D,GOh1052,N619D,-3.817,0.596,0.9926
11745,GOh1052_N619C,GOh1052,N619C,-11.137,0.310,0.9926
11746,GOh1052_N619Q,GOh1052,N619Q,-5.224,0.541,0.9926
11747,GOh1052_N619E,GOh1052,N619E,-6.929,0.474,0.9926
11748,GOh1052_N619G,GOh1052,N619G,-5.178,0.543,0.9926
11749,GOh1052_N619H,GOh1052,N619H,-6.076,0.508,0.9926
11750,GOh1052_N619I,GOh1052,N619I,-8.68,0.406077887582516,0.9926
11751,GOh1052_N619L,GOh1052,N619L,-7.034,0.470,0.9926
11752,GOh1052_N619K,GOh1052,N619K,-5.16,0.543572516698566,0.9926
11753,GOh1052_N619M,GOh1052,N619M,-8.572,0.410,0.9926
11754,GOh1052_N619F,GOh1052,N619F,-8.822,0.401,0.9926
11755,GOh1052_N619P,GOh1052,N619P,-4.109,0.585,0.9926
11756,GOh1052_N619S,GOh1052,N619S,-2.646,0.642,0.9926
11757,GOh1052_N619T,GOh1052,N619T,-5.281,0.539,0.9926
11758,GOh1052_N619W,GOh1052,N619W,-8.758,0.403,0.9926
11759,GOh1052_N619Y,GOh1052,N619Y,-7.179,0.465,0.9926
11760,GOh1052_N619V,GOh1052,N619V,-6.967,0.473,0.9926
11761,GOh1052_N620A,GOh1052,N620A,-5.519,0.530,0.4607
11762,GOh1052_N620R,GOh1052,N620R,-6.908,0.475,0.4607
11763,GOh1052_N620D,GOh1052,N620D,-5.922,0.514,0.4607
11764,GOh1052_N620C,GOh1052,N620C,-10.901,0.319,0.4607
11765,GOh1052_N620Q,GOh1052,N620Q,-4.678,0.562,0.4607
11766,GOh1052_N620E,GOh1052,N620E,-5.003,0.550,0.4607
11767,GOh1052_N620G,GOh1052,N620G,-5.978,0.512,0.4607
11768,GOh1052_N620H,GOh1052,N620H,-6.326,0.498,0.4607
11769,GOh1052_N620I,GOh1052,N620I,-7.181,0.465,0.4607
11770,GOh1052_N620L,GOh1052,N620L,-5.151,0.544,0.4607
11771,GOh1052_N620K,GOh1052,N620K,-6.7,0.483418616460295,0.4607
11772,GOh1052_N620M,GOh1052,N620M,-6.671,0.485,0.4607
11773,GOh1052_N620F,GOh1052,N620F,-7.48,0.452951056599352,0.4607
11774,GOh1052_N620P,GOh1052,N620P,-9.122,0.389,0.4607
11775,GOh1052_N620S,GOh1052,N620S,-5.035,0.548,0.4607
11776,GOh1052_N620T,GOh1052,N620T,-5.253,0.540,0.4607
11777,GOh1052_N620W,GOh1052,N620W,-9.026,0.393,0.4607
11778,GOh1052_N620Y,GOh1052,N620Y,-6.764,0.481,0.4607
11779,GOh1052_N620V,GOh1052,N620V,-6.79,0.479903128784032,0.4607
11780,GOh1052_G621A,GOh1052,G621A,-7.248,0.462,0.1069
11781,GOh1052_G621R,GOh1052,G621R,-8.887,0.398,0.1069
11782,GOh1052_G621N,GOh1052,G621N,-6.172,0.504,0.1069
11783,GOh1052_G621D,GOh1052,G621D,-8.553,0.411,0.1069
11784,GOh1052_G621C,GOh1052,G621C,-11.77,0.285379477364165,0.1069
11785,GOh1052_G621Q,GOh1052,G621Q,-8.563,0.411,0.1069
11786,GOh1052_G621E,GOh1052,G621E,-9.309,0.382,0.1069
11787,GOh1052_G621H,GOh1052,G621H,-10.425,0.338,0.1069
11788,GOh1052_G621I,GOh1052,G621I,-10.317,0.342,0.1069
11789,GOh1052_G621L,GOh1052,G621L,-9.184,0.386,0.1069
11790,GOh1052_G621K,GOh1052,G621K,-9.847,0.360,0.1069
11791,GOh1052_G621M,GOh1052,G621M,-10.964,0.317,0.1069
11792,GOh1052_G621F,GOh1052,G621F,-9.65,0.368188742627241,0.1069
11793,GOh1052_G621P,GOh1052,G621P,-9.375,0.379,0.1069
11794,GOh1052_G621S,GOh1052,G621S,-5.152,0.544,0.1069
11795,GOh1052_G621T,GOh1052,G621T,-7.374,0.457,0.1069
11796,GOh1052_G621W,GOh1052,G621W,-10.121,0.350,0.1069
11797,GOh1052_G621Y,GOh1052,G621Y,-8.665,0.407,0.1069
11798,GOh1052_G621V,GOh1052,G621V,-9.46,0.375610327721573,0.1069
11799,GOh1052_G622A,GOh1052,G622A,-4.857,0.555,0.8021
11800,GOh1052_G622R,GOh1052,G622R,-6.913,0.475,0.8021
11801,GOh1052_G622N,GOh1052,G622N,-2.931,0.631,0.8021
11802,GOh1052_G622D,GOh1052,G622D,-4.985,0.550,0.8021
11803,GOh1052_G622C,GOh1052,G622C,-10.175,0.348,0.8021
11804,GOh1052_G622Q,GOh1052,G622Q,-6.695,0.484,0.8021
11805,GOh1052_G622E,GOh1052,G622E,-7.734,0.443,0.8021
11806,GOh1052_G622H,GOh1052,G622H,-8.607,0.409,0.8021
11807,GOh1052_G622I,GOh1052,G622I,-7.977,0.434,0.8021
11808,GOh1052_G622L,GOh1052,G622L,-7.217,0.463,0.8021
11809,GOh1052_G622K,GOh1052,G622K,-7.056,0.470,0.8021
11810,GOh1052_G622M,GOh1052,G622M,-8.988,0.394,0.8021
11811,GOh1052_G622F,GOh1052,G622F,-7.97,0.433811179250811,0.8021
11812,GOh1052_G622P,GOh1052,G622P,-7.384,0.457,0.8021
11813,GOh1052_G622S,GOh1052,G622S,-3.045,0.626,0.8021
11814,GOh1052_G622T,GOh1052,G622T,-4.271,0.578,0.8021
11815,GOh1052_G622W,GOh1052,G622W,-9.383,0.379,0.8021
11816,GOh1052_G622Y,GOh1052,G622Y,-7.585,0.449,0.8021
11817,GOh1052_G622V,GOh1052,G622V,-7.115,0.467,0.8021
11818,GOh1052_N623A,GOh1052,N623A,-6.725,0.482,0.4538
11819,GOh1052_N623R,GOh1052,N623R,-6.076,0.508,0.4538
11820,GOh1052_N623D,GOh1052,N623D,-7.153,0.466,0.4538
11821,GOh1052_N623C,GOh1052,N623C,-11.079,0.312,0.4538
11822,GOh1052_N623Q,GOh1052,N623Q,-6.164,0.504,0.4538
11823,GOh1052_N623E,GOh1052,N623E,-8.959,0.395,0.4538
11824,GOh1052_N623G,GOh1052,N623G,-3.477,0.609,0.4538
11825,GOh1052_N623H,GOh1052,N623H,-8.069,0.430,0.4538
11826,GOh1052_N623I,GOh1052,N623I,-9.503,0.374,0.4538
11827,GOh1052_N623L,GOh1052,N623L,-7.688,0.445,0.4538
11828,GOh1052_N623K,GOh1052,N623K,-5.675,0.523,0.4538
11829,GOh1052_N623M,GOh1052,N623M,-7.385,0.457,0.4538
11830,GOh1052_N623F,GOh1052,N623F,-9.191,0.386,0.4538
11831,GOh1052_N623P,GOh1052,N623P,-9.689,0.367,0.4538
11832,GOh1052_N623S,GOh1052,N623S,-4.43,0.572087027850475,0.4538
11833,GOh1052_N623T,GOh1052,N623T,-5.035,0.548,0.4538
11834,GOh1052_N623W,GOh1052,N623W,-11.524,0.295,0.4538
11835,GOh1052_N623Y,GOh1052,N623Y,-8.288,0.421,0.4538
11836,GOh1052_N623V,GOh1052,N623V,-8.898,0.398,0.4538
11837,GOh1052_S624A,GOh1052,S624A,-5.841,0.517,0.4222
11838,GOh1052_S624R,GOh1052,S624R,-6.837,0.478,0.4222
11839,GOh1052_S624N,GOh1052,S624N,-4.872,0.555,0.4222
11840,GOh1052_S624D,GOh1052,S624D,-5.793,0.519,0.4222
11841,GOh1052_S624C,GOh1052,S624C,-10.813,0.323,0.4222
11842,GOh1052_S624Q,GOh1052,S624Q,-5.062,0.547,0.4222
11843,GOh1052_S624E,GOh1052,S624E,-5.994,0.511,0.4222
11844,GOh1052_S624G,GOh1052,S624G,-6.362,0.497,0.4222
11845,GOh1052_S624H,GOh1052,S624H,-9.711,0.366,0.4222
11846,GOh1052_S624I,GOh1052,S624I,-7.678,0.445,0.4222
11847,GOh1052_S624L,GOh1052,S624L,-7.262,0.461,0.4222
11848,GOh1052_S624K,GOh1052,S624K,-6.8,0.479512519042225,0.4222
11849,GOh1052_S624M,GOh1052,S624M,-8.314,0.420,0.4222
11850,GOh1052_S624F,GOh1052,S624F,-9.396,0.378,0.4222
11851,GOh1052_S624P,GOh1052,S624P,-11.031,0.314,0.4222
11852,GOh1052_S624T,GOh1052,S624T,-3.752,0.599,0.4222
11853,GOh1052_S624W,GOh1052,S624W,-10.514,0.334,0.4222
11854,GOh1052_S624Y,GOh1052,S624Y,-8.73,0.404124838873482,0.4222
11855,GOh1052_S624V,GOh1052,S624V,-6.894,0.476,0.4222
11856,GOh1052_Y625A,GOh1052,Y625A,-5.762,0.520,0.1637
11857,GOh1052_Y625R,GOh1052,Y625R,-9.342,0.380,0.1637
11858,GOh1052_Y625N,GOh1052,Y625N,-9.321,0.381,0.1637
11859,GOh1052_Y625D,GOh1052,Y625D,-10.502,0.335,0.1637
11860,GOh1052_Y625C,GOh1052,Y625C,-9.658,0.368,0.1637
11861,GOh1052_Y625Q,GOh1052,Y625Q,-8.802,0.401,0.1637
11862,GOh1052_Y625E,GOh1052,Y625E,-10.139,0.349,0.1637
11863,GOh1052_Y625G,GOh1052,Y625G,-8.819,0.401,0.1637
11864,GOh1052_Y625H,GOh1052,Y625H,-6.607,0.487,0.1637
11865,GOh1052_Y625I,GOh1052,Y625I,-8.207,0.425,0.1637
11866,GOh1052_Y625L,GOh1052,Y625L,-7.438,0.455,0.1637
11867,GOh1052_Y625K,GOh1052,Y625K,-10.187,0.347,0.1637
11868,GOh1052_Y625M,GOh1052,Y625M,-8.592,0.410,0.1637
11869,GOh1052_Y625F,GOh1052,Y625F,-5.441,0.533,0.1637
11870,GOh1052_Y625P,GOh1052,Y625P,-12.276,0.266,0.1637
11871,GOh1052_Y625S,GOh1052,Y625S,-7.498,0.452,0.1637
11872,GOh1052_Y625T,GOh1052,Y625T,-7.395,0.456,0.1637
11873,GOh1052_Y625W,GOh1052,Y625W,-5.755,0.520,0.1637
11874,GOh1052_Y625V,GOh1052,Y625V,-6.821,0.479,0.1637
11875,GOh1052_S626A,GOh1052,S626A,-6.258,0.501,0.4984
11876,GOh1052_S626R,GOh1052,S626R,-7.982,0.433,0.4984
11877,GOh1052_S626N,GOh1052,S626N,-6.542,0.490,0.4984
11878,GOh1052_S626D,GOh1052,S626D,-5.587,0.527,0.4984
11879,GOh1052_S626C,GOh1052,S626C,-10.574,0.332,0.4984
11880,GOh1052_S626Q,GOh1052,S626Q,-6.393,0.495,0.4984
11881,GOh1052_S626E,GOh1052,S626E,-6.034,0.509,0.4984
11882,GOh1052_S626G,GOh1052,S626G,-7.259,0.462,0.4984
11883,GOh1052_S626H,GOh1052,S626H,-10.028,0.353,0.4984
11884,GOh1052_S626I,GOh1052,S626I,-7.148,0.466,0.4984
11885,GOh1052_S626L,GOh1052,S626L,-8.353,0.419,0.4984
11886,GOh1052_S626K,GOh1052,S626K,-8.371,0.418,0.4984
11887,GOh1052_S626M,GOh1052,S626M,-8.532,0.412,0.4984
11888,GOh1052_S626F,GOh1052,S626F,-9.668,0.367,0.4984
11889,GOh1052_S626P,GOh1052,S626P,-11.742,0.286,0.4984
11890,GOh1052_S626T,GOh1052,S626T,-2.679,0.640,0.4984
11891,GOh1052_S626W,GOh1052,S626W,-10.801,0.323,0.4984
11892,GOh1052_S626Y,GOh1052,S626Y,-9.066,0.391,0.4984
11893,GOh1052_S626V,GOh1052,S626V,-6.131,0.506,0.4984
11894,GOh1052_F627A,GOh1052,F627A,-2.129,0.662,1.0424
11895,GOh1052_F627R,GOh1052,F627R,-12.907,0.241,1.0424
11896,GOh1052_F627N,GOh1052,F627N,-11.433,0.299,1.0424
11897,GOh1052_F627D,GOh1052,F627D,-10.79,0.323659232061248,1.0424
11898,GOh1052_F627C,GOh1052,F627C,-6.263,0.500,1.0424
11899,GOh1052_F627Q,GOh1052,F627Q,-11.386,0.300,1.0424
11900,GOh1052_F627E,GOh1052,F627E,-10.872,0.320,1.0424
11901,GOh1052_F627G,GOh1052,F627G,-5.528,0.529,1.0424
11902,GOh1052_F627H,GOh1052,F627H,-12.862,0.243,1.0424
11903,GOh1052_F627I,GOh1052,F627I,-4.758,0.559,1.0424
11904,GOh1052_F627L,GOh1052,F627L,-3.726,0.600,1.0424
11905,GOh1052_F627K,GOh1052,F627K,-12.754,0.247,1.0424
11906,GOh1052_F627M,GOh1052,F627M,-4.927,0.553,1.0424
11907,GOh1052_F627P,GOh1052,F627P,-11.59,0.292410452716691,1.0424
11908,GOh1052_F627S,GOh1052,F627S,-6.709,0.483,1.0424
11909,GOh1052_F627T,GOh1052,F627T,-4.423,0.572,1.0424
11910,GOh1052_F627W,GOh1052,F627W,-10.414,0.338,1.0424
11911,GOh1052_F627Y,GOh1052,F627Y,-8.532,0.412,1.0424
11912,GOh1052_F627V,GOh1052,F627V,-3.282,0.617,1.0424
11913,GOh1052_Q628A,GOh1052,Q628A,-3.577,0.605,2.0604
11914,GOh1052_Q628R,GOh1052,Q628R,-4.77,0.558806296629038,2.0604
11915,GOh1052_Q628N,GOh1052,Q628N,-2.871,0.633,2.0604
11916,GOh1052_Q628D,GOh1052,Q628D,-2.873,0.633,2.0604
11917,GOh1052_Q628C,GOh1052,Q628C,-10.033,0.353,2.0604
11918,GOh1052_Q628E,GOh1052,Q628E,-4.143,0.583,2.0604
11919,GOh1052_Q628G,GOh1052,Q628G,-5.786,0.519,2.0604
11920,GOh1052_Q628H,GOh1052,Q628H,-7.236,0.462,2.0604
11921,GOh1052_Q628I,GOh1052,Q628I,-3.796,0.597,2.0604
11922,GOh1052_Q628L,GOh1052,Q628L,-4.044,0.587,2.0604
11923,GOh1052_Q628K,GOh1052,Q628K,-4.056,0.587,2.0604
11924,GOh1052_Q628M,GOh1052,Q628M,-5.217,0.541,2.0604
11925,GOh1052_Q628F,GOh1052,Q628F,-6.103,0.507,2.0604
11926,GOh1052_Q628P,GOh1052,Q628P,-7.188,0.464,2.0604
11927,GOh1052_Q628S,GOh1052,Q628S,-3.018,0.627,2.0604
11928,GOh1052_Q628T,GOh1052,Q628T,-0.456,0.727,2.0604
11929,GOh1052_Q628W,GOh1052,Q628W,-7.496,0.452,2.0604
11930,GOh1052_Q628Y,GOh1052,Q628Y,-5.327,0.537,2.0604
11931,GOh1052_Q628V,GOh1052,Q628V,-2.73,0.638490683957658,2.0604
11932,GOh1052_V629A,GOh1052,V629A,-5.296,0.538,0.4378
11933,GOh1052_V629R,GOh1052,V629R,-11.654,0.290,0.4378
11934,GOh1052_V629N,GOh1052,V629N,-10.485,0.336,0.4378
11935,GOh1052_V629D,GOh1052,V629D,-12.595,0.253,0.4378
11936,GOh1052_V629C,GOh1052,V629C,-11.921,0.279,0.4378
11937,GOh1052_V629Q,GOh1052,V629Q,-10.568,0.332,0.4378
11938,GOh1052_V629E,GOh1052,V629E,-12.464,0.258,0.4378
11939,GOh1052_V629G,GOh1052,V629G,-9.924,0.357,0.4378
11940,GOh1052_V629H,GOh1052,V629H,-11.328,0.303,0.4378
11941,GOh1052_V629I,GOh1052,V629I,-3.712,0.600,0.4378
11942,GOh1052_V629L,GOh1052,V629L,-4.241,0.579,0.4378
11943,GOh1052_V629K,GOh1052,V629K,-11.811,0.284,0.4378
11944,GOh1052_V629M,GOh1052,V629M,-4.19,0.581461661653842,0.4378
11945,GOh1052_V629F,GOh1052,V629F,-7.859,0.438,0.4378
11946,GOh1052_V629P,GOh1052,V629P,-9.651,0.368,0.4378
11947,GOh1052_V629S,GOh1052,V629S,-8.699,0.405,0.4378
11948,GOh1052_V629T,GOh1052,V629T,-6.523,0.490,0.4378
11949,GOh1052_V629W,GOh1052,V629W,-11.115,0.311,0.4378
11950,GOh1052_V629Y,GOh1052,V629Y,-9.459,0.376,0.4378
11951,GOh1052_P630A,GOh1052,P630A,-6.035,0.509,0.2596
11952,GOh1052_P630R,GOh1052,P630R,-8.304,0.421,0.2596
11953,GOh1052_P630N,GOh1052,P630N,-6.211,0.503,0.2596
11954,GOh1052_P630D,GOh1052,P630D,-7.224,0.463,0.2596
11955,GOh1052_P630C,GOh1052,P630C,-13.69,0.210382406937229,0.2596
11956,GOh1052_P630Q,GOh1052,P630Q,-7.299,0.460,0.2596
11957,GOh1052_P630E,GOh1052,P630E,-7.312,0.460,0.2596
11958,GOh1052_P630G,GOh1052,P630G,-6.982,0.472,0.2596
11959,GOh1052_P630H,GOh1052,P630H,-8.901,0.397,0.2596
11960,GOh1052_P630I,GOh1052,P630I,-9.085,0.390,0.2596
11961,GOh1052_P630L,GOh1052,P630L,-8.045,0.431,0.2596
11962,GOh1052_P630K,GOh1052,P630K,-8.059,0.430,0.2596
11963,GOh1052_P630M,GOh1052,P630M,-9.483,0.375,0.2596
11964,GOh1052_P630F,GOh1052,P630F,-10.36,0.340455450958947,0.2596
11965,GOh1052_P630S,GOh1052,P630S,-5.438,0.533,0.2596
11966,GOh1052_P630T,GOh1052,P630T,-4.113,0.584,0.2596
11967,GOh1052_P630W,GOh1052,P630W,-11.731,0.287,0.2596
11968,GOh1052_P630Y,GOh1052,P630Y,-10.236,0.345,0.2596
11969,GOh1052_P630V,GOh1052,P630V,-7.385,0.457,0.2596
11970,GOh1052_S631A,GOh1052,S631A,-3.798,0.597,0.4993
11971,GOh1052_S631R,GOh1052,S631R,-6.299,0.499,0.4993
11972,GOh1052_S631N,GOh1052,S631N,-5.055,0.548,0.4993
11973,GOh1052_S631D,GOh1052,S631D,-6.588,0.488,0.4993
11974,GOh1052_S631C,GOh1052,S631C,-11.362,0.301,0.4993
11975,GOh1052_S631Q,GOh1052,S631Q,-5.854,0.516,0.4993
11976,GOh1052_S631E,GOh1052,S631E,-6.758,0.481,0.4993
11977,GOh1052_S631G,GOh1052,S631G,-5.446,0.532,0.4993
11978,GOh1052_S631H,GOh1052,S631H,-9.283,0.383,0.4993
11979,GOh1052_S631I,GOh1052,S631I,-7.656,0.446,0.4993
11980,GOh1052_S631L,GOh1052,S631L,-6.802,0.479,0.4993
11981,GOh1052_S631K,GOh1052,S631K,-5.651,0.524,0.4993
11982,GOh1052_S631M,GOh1052,S631M,-8.172,0.426,0.4993
11983,GOh1052_S631F,GOh1052,S631F,-8.257,0.423,0.4993
11984,GOh1052_S631P,GOh1052,S631P,-6.647,0.485,0.4993
11985,GOh1052_S631T,GOh1052,S631T,-4.342,0.576,0.4993
11986,GOh1052_S631W,GOh1052,S631W,-9.324,0.381,0.4993
11987,GOh1052_S631Y,GOh1052,S631Y,-8.043,0.431,0.4993
11988,GOh1052_S631V,GOh1052,S631V,-6.256,0.501,0.4993
11989,GOh1052_D632A,GOh1052,D632A,-8.293,0.421,0.1129
11990,GOh1052_D632R,GOh1052,D632R,-9.212,0.385,0.1129
11991,GOh1052_D632N,GOh1052,D632N,-4.806,0.557,0.1129
11992,GOh1052_D632C,GOh1052,D632C,-15.08,0.156087652826061,0.1129
11993,GOh1052_D632Q,GOh1052,D632Q,-8.143,0.427,0.1129
11994,GOh1052_D632E,GOh1052,D632E,-7.539,0.451,0.1129
11995,GOh1052_D632G,GOh1052,D632G,-8.53,0.411937033709621,0.1129
11996,GOh1052_D632H,GOh1052,D632H,-8.979,0.394,0.1129
11997,GOh1052_D632I,GOh1052,D632I,-10.291,0.343,0.1129
11998,GOh1052_D632L,GOh1052,D632L,-10.4,0.338893011991719,0.1129
11999,GOh1052_D632K,GOh1052,D632K,-8.635,0.408,0.1129
12000,GOh1052_D632M,GOh1052,D632M,-11.774,0.285,0.1129
12001,GOh1052_D632F,GOh1052,D632F,-11.453,0.298,0.1129
12002,GOh1052_D632P,GOh1052,D632P,-12.411,0.260,0.1129
12003,GOh1052_D632S,GOh1052,D632S,-6.676,0.484,0.1129
12004,GOh1052_D632T,GOh1052,D632T,-7.614,0.448,0.1129
12005,GOh1052_D632W,GOh1052,D632W,-13.632,0.213,0.1129
12006,GOh1052_D632Y,GOh1052,D632Y,-10.18,0.347486426311472,0.1129
12007,GOh1052_D632V,GOh1052,D632V,-9.46,0.375610327721573,0.1129
12008,GOh1052_S633A,GOh1052,S633A,-2.944,0.630,1.1901
12009,GOh1052_S633R,GOh1052,S633R,-5.247,0.540,1.1901
12010,GOh1052_S633N,GOh1052,S633N,-5.072,0.547,1.1901
12011,GOh1052_S633D,GOh1052,S633D,-7.878,0.437,1.1901
12012,GOh1052_S633C,GOh1052,S633C,-9.802,0.362,1.1901
12013,GOh1052_S633Q,GOh1052,S633Q,-5.667,0.524,1.1901
12014,GOh1052_S633E,GOh1052,S633E,-7.417,0.455,1.1901
12015,GOh1052_S633G,GOh1052,S633G,-4.119,0.584,1.1901
12016,GOh1052_S633H,GOh1052,S633H,-7.188,0.464,1.1901
12017,GOh1052_S633I,GOh1052,S633I,-5.569,0.528,1.1901
12018,GOh1052_S633L,GOh1052,S633L,-5.726,0.521,1.1901
12019,GOh1052_S633K,GOh1052,S633K,-5.619,0.526,1.1901
12020,GOh1052_S633M,GOh1052,S633M,-7.039,0.470,1.1901
12021,GOh1052_S633F,GOh1052,S633F,-6.439,0.494,1.1901
12022,GOh1052_S633P,GOh1052,S633P,-2.127,0.662,1.1901
12023,GOh1052_S633T,GOh1052,S633T,-4.302,0.577,1.1901
12024,GOh1052_S633W,GOh1052,S633W,-8.507,0.413,1.1901
12025,GOh1052_S633Y,GOh1052,S633Y,-6.144,0.505,1.1901
12026,GOh1052_S633V,GOh1052,S633V,-4.86,0.555290808952775,1.1901
12027,GOh1052_G634A,GOh1052,G634A,-6.651,0.485,0.0498
12028,GOh1052_G634R,GOh1052,G634R,-8.904,0.397,0.0498
12029,GOh1052_G634N,GOh1052,G634N,-6.679,0.484,0.0498
12030,GOh1052_G634D,GOh1052,G634D,-10.248,0.345,0.0498
12031,GOh1052_G634C,GOh1052,G634C,-11.672,0.289,0.0498
12032,GOh1052_G634Q,GOh1052,G634Q,-9.8,0.362329596500137,0.0498
12033,GOh1052_G634E,GOh1052,G634E,-10.97,0.316628256708722,0.0498
12034,GOh1052_G634H,GOh1052,G634H,-9.632,0.369,0.0498
12035,GOh1052_G634I,GOh1052,G634I,-12.311,0.264,0.0498
12036,GOh1052_G634L,GOh1052,G634L,-10.86,0.320924963868599,0.0498
12037,GOh1052_G634K,GOh1052,G634K,-9.069,0.391,0.0498
12038,GOh1052_G634M,GOh1052,G634M,-11.066,0.313,0.0498
12039,GOh1052_G634F,GOh1052,G634F,-10.248,0.345,0.0498
12040,GOh1052_G634P,GOh1052,G634P,-13.192,0.230,0.0498
12041,GOh1052_G634S,GOh1052,G634S,-6.951,0.474,0.0498
12042,GOh1052_G634T,GOh1052,G634T,-9.045,0.392,0.0498
12043,GOh1052_G634W,GOh1052,G634W,-11.957,0.278,0.0498
12044,GOh1052_G634Y,GOh1052,G634Y,-9.809,0.362,0.0498
12045,GOh1052_G634V,GOh1052,G634V,-10.86,0.320924963868599,0.0498
12046,GOh1052_V635A,GOh1052,V635A,-7.855,0.438,0.18
12047,GOh1052_V635R,GOh1052,V635R,-9.371,0.379,0.18
12048,GOh1052_V635N,GOh1052,V635N,-10.643,0.329,0.18
12049,GOh1052_V635D,GOh1052,V635D,-12.398,0.261,0.18
12050,GOh1052_V635C,GOh1052,V635C,-13.664,0.211,0.18
12051,GOh1052_V635Q,GOh1052,V635Q,-9.23,0.384594351783133,0.18
12052,GOh1052_V635E,GOh1052,V635E,-10.685,0.328,0.18
12053,GOh1052_V635G,GOh1052,V635G,-11.653,0.290,0.18
12054,GOh1052_V635H,GOh1052,V635H,-11.674,0.289,0.18
12055,GOh1052_V635I,GOh1052,V635I,-4.095,0.585,0.18
12056,GOh1052_V635L,GOh1052,V635L,-5.925,0.514,0.18
12057,GOh1052_V635K,GOh1052,V635K,-9.08,0.390453497910238,0.18
12058,GOh1052_V635M,GOh1052,V635M,-8.37,0.418186789578532,0.18
12059,GOh1052_V635F,GOh1052,V635F,-8.274,0.422,0.18
12060,GOh1052_V635P,GOh1052,V635P,-12.462,0.258,0.18
12061,GOh1052_V635S,GOh1052,V635S,-9.49,0.374438498496152,0.18
12062,GOh1052_V635T,GOh1052,V635T,-6.765,0.481,0.18
12063,GOh1052_V635W,GOh1052,V635W,-11.714,0.288,0.18
12064,GOh1052_V635Y,GOh1052,V635Y,-8.376,0.418,0.18
12065,GOh1052_A636R,GOh1052,A636R,-10.207,0.346,1.0036
12066,GOh1052_A636N,GOh1052,A636N,-9.388,0.378,1.0036
12067,GOh1052_A636D,GOh1052,A636D,-12.615,0.252,1.0036
12068,GOh1052_A636C,GOh1052,A636C,-7.634,0.447,1.0036
12069,GOh1052_A636Q,GOh1052,A636Q,-8.014,0.432,1.0036
12070,GOh1052_A636E,GOh1052,A636E,-10.998,0.316,1.0036
12071,GOh1052_A636G,GOh1052,A636G,-8.457,0.415,1.0036
12072,GOh1052_A636H,GOh1052,A636H,-10.507,0.335,1.0036
12073,GOh1052_A636I,GOh1052,A636I,-4.235,0.580,1.0036
12074,GOh1052_A636L,GOh1052,A636L,-2.596,0.644,1.0036
12075,GOh1052_A636K,GOh1052,A636K,-10.576,0.332,1.0036
12076,GOh1052_A636M,GOh1052,A636M,-2.862,0.633,1.0036
12077,GOh1052_A636F,GOh1052,A636F,-7.057,0.469,1.0036
12078,GOh1052_A636P,GOh1052,A636P,-9.153,0.388,1.0036
12079,GOh1052_A636S,GOh1052,A636S,-6.716,0.483,1.0036
12080,GOh1052_A636T,GOh1052,A636T,-4.624,0.565,1.0036
12081,GOh1052_A636W,GOh1052,A636W,-10.074,0.352,1.0036
12082,GOh1052_A636Y,GOh1052,A636Y,-9.455,0.376,1.0036
12083,GOh1052_A636V,GOh1052,A636V,-3.246,0.618,1.0036
12084,GOh1052_L637A,GOh1052,L637A,-8.621,0.408,0.1418
12085,GOh1052_L637R,GOh1052,L637R,-11.464,0.297,0.1418
12086,GOh1052_L637N,GOh1052,L637N,-10.696,0.327,0.1418
12087,GOh1052_L637D,GOh1052,L637D,-13.729,0.209,0.1418
12088,GOh1052_L637C,GOh1052,L637C,-13.134,0.232,0.1418
12089,GOh1052_L637Q,GOh1052,L637Q,-8.101,0.429,0.1418
12090,GOh1052_L637E,GOh1052,L637E,-12.312,0.264,0.1418
12091,GOh1052_L637G,GOh1052,L637G,-12.17,0.269755087691887,0.1418
12092,GOh1052_L637H,GOh1052,L637H,-12.024,0.275,0.1418
12093,GOh1052_L637I,GOh1052,L637I,-4.907,0.553,0.1418
12094,GOh1052_L637K,GOh1052,L637K,-13.344,0.224,0.1418
12095,GOh1052_L637M,GOh1052,L637M,-5.921,0.514,0.1418
12096,GOh1052_L637F,GOh1052,L637F,-8.928,0.396,0.1418
12097,GOh1052_L637P,GOh1052,L637P,-7.567,0.450,0.1418
12098,GOh1052_L637S,GOh1052,L637S,-9.513,0.374,0.1418
12099,GOh1052_L637T,GOh1052,L637T,-7.199,0.464,0.1418
12100,GOh1052_L637W,GOh1052,L637W,-12.878,0.242,0.1418
12101,GOh1052_L637Y,GOh1052,L637Y,-10.136,0.349,0.1418
12102,GOh1052_L637V,GOh1052,L637V,-5.888,0.515,0.1418
12103,GOh1052_P638A,GOh1052,P638A,-7.579,0.449,0.0269
12104,GOh1052_P638R,GOh1052,P638R,-10.562,0.333,0.0269
12105,GOh1052_P638N,GOh1052,P638N,-11.063,0.313,0.0269
12106,GOh1052_P638D,GOh1052,P638D,-13.155,0.231,0.0269
12107,GOh1052_P638C,GOh1052,P638C,-13.547,0.216,0.0269
12108,GOh1052_P638Q,GOh1052,P638Q,-8.871,0.399,0.0269
12109,GOh1052_P638E,GOh1052,P638E,-12.068,0.274,0.0269
12110,GOh1052_P638G,GOh1052,P638G,-10.224,0.346,0.0269
12111,GOh1052_P638H,GOh1052,P638H,-10.503,0.335,0.0269
12112,GOh1052_P638I,GOh1052,P638I,-9.121,0.389,0.0269
12113,GOh1052_P638L,GOh1052,P638L,-7.7,0.444357642279598,0.0269
12114,GOh1052_P638K,GOh1052,P638K,-11.969,0.278,0.0269
12115,GOh1052_P638M,GOh1052,P638M,-9.896,0.359,0.0269
12116,GOh1052_P638F,GOh1052,P638F,-10.923,0.318,0.0269
12117,GOh1052_P638S,GOh1052,P638S,-8.481,0.414,0.0269
12118,GOh1052_P638T,GOh1052,P638T,-8.716,0.405,0.0269
12119,GOh1052_P638W,GOh1052,P638W,-13.188,0.230,0.0269
12120,GOh1052_P638Y,GOh1052,P638Y,-11.281,0.304,0.0269
12121,GOh1052_P638V,GOh1052,P638V,-8.508,0.413,0.0269
12122,GOh1052_G639A,GOh1052,G639A,-8.568,0.410,0.0059
12123,GOh1052_G639R,GOh1052,G639R,-12.647,0.251,0.0059
12124,GOh1052_G639N,GOh1052,G639N,-10.951,0.317,0.0059
12125,GOh1052_G639D,GOh1052,G639D,-10.526,0.334,0.0059
12126,GOh1052_G639C,GOh1052,G639C,-13.006,0.237,0.0059
12127,GOh1052_G639Q,GOh1052,G639Q,-10.921,0.319,0.0059
12128,GOh1052_G639E,GOh1052,G639E,-11.481,0.297,0.0059
12129,GOh1052_G639H,GOh1052,G639H,-15.004,0.159,0.0059
12130,GOh1052_G639I,GOh1052,G639I,-13.714,0.209,0.0059
12131,GOh1052_G639L,GOh1052,G639L,-12.315,0.264,0.0059
12132,GOh1052_G639K,GOh1052,G639K,-14.415,0.182,0.0059
12133,GOh1052_G639M,GOh1052,G639M,-11.759,0.286,0.0059
12134,GOh1052_G639F,GOh1052,G639F,-15.074,0.156,0.0059
12135,GOh1052_G639P,GOh1052,G639P,-16.751,0.091,0.0059
12136,GOh1052_G639S,GOh1052,G639S,-9.482,0.375,0.0059
12137,GOh1052_G639T,GOh1052,G639T,-10.762,0.325,0.0059
12138,GOh1052_G639W,GOh1052,G639W,-15.922,0.123,0.0059
12139,GOh1052_G639Y,GOh1052,G639Y,-15.09,0.155697043084255,0.0059
12140,GOh1052_G639V,GOh1052,G639V,-12.351,0.263,0.0059
12141,GOh1052_Y640A,GOh1052,Y640A,-8.78,0.402171790164447,0.1629
12142,GOh1052_Y640R,GOh1052,Y640R,-10.964,0.317,0.1629
12143,GOh1052_Y640N,GOh1052,Y640N,-6.126,0.506,0.1629
12144,GOh1052_Y640D,GOh1052,Y640D,-7.067,0.469,0.1629
12145,GOh1052_Y640C,GOh1052,Y640C,-11.882,0.281,0.1629
12146,GOh1052_Y640Q,GOh1052,Y640Q,-9.273,0.383,0.1629
12147,GOh1052_Y640E,GOh1052,Y640E,-9.799,0.362,0.1629
12148,GOh1052_Y640G,GOh1052,Y640G,-10.749,0.325,0.1629
12149,GOh1052_Y640H,GOh1052,Y640H,-5.552,0.528,0.1629
12150,GOh1052_Y640I,GOh1052,Y640I,-9.319,0.381,0.1629
12151,GOh1052_Y640L,GOh1052,Y640L,-9.296,0.382,0.1629
12152,GOh1052_Y640K,GOh1052,Y640K,-11.832,0.283,0.1629
12153,GOh1052_Y640M,GOh1052,Y640M,-9.9,0.358423499082067,0.1629
12154,GOh1052_Y640F,GOh1052,Y640F,-5.857,0.516,0.1629
12155,GOh1052_Y640P,GOh1052,Y640P,-7.369,0.457,0.1629
12156,GOh1052_Y640S,GOh1052,Y640S,-7.982,0.433,0.1629
12157,GOh1052_Y640T,GOh1052,Y640T,-8.321,0.420,0.1629
12158,GOh1052_Y640W,GOh1052,Y640W,-5.384,0.535,0.1629
12159,GOh1052_Y640V,GOh1052,Y640V,-9.113,0.389,0.1629
12160,GOh1052_W641A,GOh1052,W641A,-13.966,0.200,0.2029
12161,GOh1052_W641R,GOh1052,W641R,-13.359,0.223,0.2029
12162,GOh1052_W641N,GOh1052,W641N,-11.93,0.279129721495254,0.2029
12163,GOh1052_W641D,GOh1052,W641D,-12.631,0.252,0.2029
12164,GOh1052_W641C,GOh1052,W641C,-12.653,0.251,0.2029
12165,GOh1052_W641Q,GOh1052,W641Q,-13.512,0.217,0.2029
12166,GOh1052_W641E,GOh1052,W641E,-15.161,0.153,0.2029
12167,GOh1052_W641G,GOh1052,W641G,-14.383,0.183,0.2029
12168,GOh1052_W641H,GOh1052,W641H,-9.185,0.386,0.2029
12169,GOh1052_W641I,GOh1052,W641I,-13.924,0.201,0.2029
12170,GOh1052_W641L,GOh1052,W641L,-13.296,0.226,0.2029
12171,GOh1052_W641K,GOh1052,W641K,-15.228,0.150,0.2029
12172,GOh1052_W641M,GOh1052,W641M,-13.692,0.210,0.2029
12173,GOh1052_W641F,GOh1052,W641F,-8.213,0.424,0.2029
12174,GOh1052_W641P,GOh1052,W641P,-16.548,0.099,0.2029
12175,GOh1052_W641S,GOh1052,W641S,-11.734,0.287,0.2029
12176,GOh1052_W641T,GOh1052,W641T,-13.809,0.206,0.2029
12177,GOh1052_W641Y,GOh1052,W641Y,-3.456,0.610,0.2029
12178,GOh1052_W641V,GOh1052,W641V,-13.855,0.204,0.2029
12179,GOh1052_M642A,GOh1052,M642A,-9.478,0.375,0.3952
12180,GOh1052_M642R,GOh1052,M642R,-12.367,0.262,0.3952
12181,GOh1052_M642N,GOh1052,M642N,-8.618,0.408,0.3952
12182,GOh1052_M642D,GOh1052,M642D,-11.223,0.307,0.3952
12183,GOh1052_M642C,GOh1052,M642C,-11.897,0.280,0.3952
12184,GOh1052_M642Q,GOh1052,M642Q,-7.339,0.458,0.3952
12185,GOh1052_M642E,GOh1052,M642E,-9.46,0.375610327721573,0.3952
12186,GOh1052_M642G,GOh1052,M642G,-11.327,0.303,0.3952
12187,GOh1052_M642H,GOh1052,M642H,-8.408,0.417,0.3952
12188,GOh1052_M642I,GOh1052,M642I,-8.042,0.431,0.3952
12189,GOh1052_M642L,GOh1052,M642L,-4.703,0.561,0.3952
12190,GOh1052_M642K,GOh1052,M642K,-11.523,0.295,0.3952
12191,GOh1052_M642F,GOh1052,M642F,-3.607,0.604,0.3952
12192,GOh1052_M642P,GOh1052,M642P,-14.25,0.188508261396039,0.3952
12193,GOh1052_M642S,GOh1052,M642S,-8.18,0.425608374672864,0.3952
12194,GOh1052_M642T,GOh1052,M642T,-9.232,0.385,0.3952
12195,GOh1052_M642W,GOh1052,M642W,-8.507,0.413,0.3952
12196,GOh1052_M642Y,GOh1052,M642Y,-4.027,0.588,0.3952
12197,GOh1052_M642V,GOh1052,M642V,-8.687,0.406,0.3952
12198,GOh1052_L643A,GOh1052,L643A,-9.75,0.364282645209172,0.0416
12199,GOh1052_L643R,GOh1052,L643R,-11.651,0.290,0.0416
12200,GOh1052_L643N,GOh1052,L643N,-12.102,0.272,0.0416
12201,GOh1052_L643D,GOh1052,L643D,-14.509,0.178,0.0416
12202,GOh1052_L643C,GOh1052,L643C,-12.048,0.275,0.0416
12203,GOh1052_L643Q,GOh1052,L643Q,-10.899,0.319,0.0416
12204,GOh1052_L643E,GOh1052,L643E,-13.989,0.199,0.0416
12205,GOh1052_L643G,GOh1052,L643G,-12.889,0.242,0.0416
12206,GOh1052_L643H,GOh1052,L643H,-11.435,0.298,0.0416
12207,GOh1052_L643I,GOh1052,L643I,-8.0,0.43263935002539,0.0416
12208,GOh1052_L643K,GOh1052,L643K,-13.626,0.213,0.0416
12209,GOh1052_L643M,GOh1052,L643M,-6.276,0.500,0.0416
12210,GOh1052_L643F,GOh1052,L643F,-7.961,0.434,0.0416
12211,GOh1052_L643P,GOh1052,L643P,-12.78,0.245927893441662,0.0416
12212,GOh1052_L643S,GOh1052,L643S,-10.77,0.324440451544862,0.0416
12213,GOh1052_L643T,GOh1052,L643T,-10.208,0.346,0.0416
12214,GOh1052_L643W,GOh1052,L643W,-11.589,0.292,0.0416
12215,GOh1052_L643Y,GOh1052,L643Y,-8.63,0.408030936291551,0.0416
12216,GOh1052_L643V,GOh1052,L643V,-7.377,0.457,0.0416
12217,GOh1052_F644A,GOh1052,F644A,-6.887,0.476,0.0814
12218,GOh1052_F644R,GOh1052,F644R,-14.843,0.165,0.0814
12219,GOh1052_F644N,GOh1052,F644N,-10.431,0.338,0.0814
12220,GOh1052_F644D,GOh1052,F644D,-12.322,0.264,0.0814
12221,GOh1052_F644C,GOh1052,F644C,-10.513,0.334,0.0814
12222,GOh1052_F644Q,GOh1052,F644Q,-10.938,0.318,0.0814
12223,GOh1052_F644E,GOh1052,F644E,-12.28,0.26545838053201,0.0814
12224,GOh1052_F644G,GOh1052,F644G,-9.875,0.359,0.0814
12225,GOh1052_F644H,GOh1052,F644H,-9.906,0.358,0.0814
12226,GOh1052_F644I,GOh1052,F644I,-7.799,0.440,0.0814
12227,GOh1052_F644L,GOh1052,F644L,-8.471,0.414,0.0814
12228,GOh1052_F644K,GOh1052,F644K,-15.143,0.154,0.0814
12229,GOh1052_F644M,GOh1052,F644M,-8.469,0.414,0.0814
12230,GOh1052_F644P,GOh1052,F644P,-12.217,0.268,0.0814
12231,GOh1052_F644S,GOh1052,F644S,-6.901,0.476,0.0814
12232,GOh1052_F644T,GOh1052,F644T,-6.93,0.474434592398734,0.0814
12233,GOh1052_F644W,GOh1052,F644W,-7.741,0.443,0.0814
12234,GOh1052_F644Y,GOh1052,F644Y,-6.78,0.480293738525839,0.0814
12235,GOh1052_F644V,GOh1052,F644V,-6.566,0.489,0.0814
12236,GOh1052_V645A,GOh1052,V645A,-4.049,0.587,0.3199
12237,GOh1052_V645R,GOh1052,V645R,-13.614,0.213,0.3199
12238,GOh1052_V645N,GOh1052,V645N,-9.947,0.357,0.3199
12239,GOh1052_V645D,GOh1052,V645D,-12.086,0.273,0.3199
12240,GOh1052_V645C,GOh1052,V645C,-8.985,0.394,0.3199
12241,GOh1052_V645Q,GOh1052,V645Q,-10.305,0.343,0.3199
12242,GOh1052_V645E,GOh1052,V645E,-11.211,0.307,0.3199
12243,GOh1052_V645G,GOh1052,V645G,-8.695,0.405,0.3199
12244,GOh1052_V645H,GOh1052,V645H,-11.449,0.298,0.3199
12245,GOh1052_V645I,GOh1052,V645I,-5.528,0.529,0.3199
12246,GOh1052_V645L,GOh1052,V645L,-4.367,0.575,0.3199
12247,GOh1052_V645K,GOh1052,V645K,-13.691,0.210,0.3199
12248,GOh1052_V645M,GOh1052,V645M,-6.826,0.478,0.3199
12249,GOh1052_V645F,GOh1052,V645F,-8.901,0.397,0.3199
12250,GOh1052_V645P,GOh1052,V645P,-12.564,0.254,0.3199
12251,GOh1052_V645S,GOh1052,V645S,-7.873,0.438,0.3199
12252,GOh1052_V645T,GOh1052,V645T,-5.361,0.536,0.3199
12253,GOh1052_V645W,GOh1052,V645W,-12.317,0.264,0.3199
12254,GOh1052_V645Y,GOh1052,V645Y,-10.09,0.351001913987735,0.3199
12255,GOh1052_M646A,GOh1052,M646A,-9.298,0.382,0.5702
12256,GOh1052_M646R,GOh1052,M646R,-9.232,0.385,0.5702
12257,GOh1052_M646N,GOh1052,M646N,-6.608,0.487,0.5702
12258,GOh1052_M646D,GOh1052,M646D,-9.854,0.360,0.5702
12259,GOh1052_M646C,GOh1052,M646C,-12.622,0.252,0.5702
12260,GOh1052_M646Q,GOh1052,M646Q,-6.855,0.477,0.5702
12261,GOh1052_M646E,GOh1052,M646E,-9.365,0.379,0.5702
12262,GOh1052_M646G,GOh1052,M646G,-11.0,0.315456427483301,0.5702
12263,GOh1052_M646H,GOh1052,M646H,-7.743,0.443,0.5702
12264,GOh1052_M646I,GOh1052,M646I,-5.204,0.542,0.5702
12265,GOh1052_M646L,GOh1052,M646L,-2.622,0.643,0.5702
12266,GOh1052_M646K,GOh1052,M646K,-9.444,0.376,0.5702
12267,GOh1052_M646F,GOh1052,M646F,-5.835,0.517,0.5702
12268,GOh1052_M646P,GOh1052,M646P,-11.399,0.300,0.5702
12269,GOh1052_M646S,GOh1052,M646S,-8.231,0.424,0.5702
12270,GOh1052_M646T,GOh1052,M646T,-6.183,0.504,0.5702
12271,GOh1052_M646W,GOh1052,M646W,-6.246,0.501,0.5702
12272,GOh1052_M646Y,GOh1052,M646Y,-6.303,0.499,0.5702
12273,GOh1052_M646V,GOh1052,M646V,-5.009,0.549,0.5702
12274,GOh1052_N647A,GOh1052,N647A,-12.768,0.246,0.0415
12275,GOh1052_N647R,GOh1052,N647R,-13.761,0.208,0.0415
12276,GOh1052_N647D,GOh1052,N647D,-5.701,0.522,0.0415
12277,GOh1052_N647C,GOh1052,N647C,-17.605,0.057,0.0415
12278,GOh1052_N647Q,GOh1052,N647Q,-13.951,0.200,0.0415
12279,GOh1052_N647E,GOh1052,N647E,-14.257,0.188,0.0415
12280,GOh1052_N647G,GOh1052,N647G,-10.527,0.334,0.0415
12281,GOh1052_N647H,GOh1052,N647H,-13.589,0.214,0.0415
12282,GOh1052_N647I,GOh1052,N647I,-16.233,0.111,0.0415
12283,GOh1052_N647L,GOh1052,N647L,-15.754,0.130,0.0415
12284,GOh1052_N647K,GOh1052,N647K,-12.744,0.247,0.0415
12285,GOh1052_N647M,GOh1052,N647M,-16.314,0.108,0.0415
12286,GOh1052_N647F,GOh1052,N647F,-17.486,0.062,0.0415
12287,GOh1052_N647P,GOh1052,N647P,-13.878,0.203,0.0415
12288,GOh1052_N647S,GOh1052,N647S,-7.802,0.440,0.0415
12289,GOh1052_N647T,GOh1052,N647T,-8.259,0.423,0.0415
12290,GOh1052_N647W,GOh1052,N647W,-19.076,0.000,0.0415
12291,GOh1052_N647Y,GOh1052,N647Y,-15.387,0.144,0.0415
12292,GOh1052_N647V,GOh1052,N647V,-15.42,0.142806921604625,0.0415
12293,GOh1052_S648A,GOh1052,S648A,-5.374,0.535,0.1457
12294,GOh1052_S648R,GOh1052,S648R,-8.259,0.423,0.1457
12295,GOh1052_S648N,GOh1052,S648N,-6.181,0.504,0.1457
12296,GOh1052_S648D,GOh1052,S648D,-7.303,0.460,0.1457
12297,GOh1052_S648C,GOh1052,S648C,-12.598,0.253,0.1457
12298,GOh1052_S648Q,GOh1052,S648Q,-7.296,0.460,0.1457
12299,GOh1052_S648E,GOh1052,S648E,-8.449,0.415,0.1457
12300,GOh1052_S648G,GOh1052,S648G,-5.471,0.531,0.1457
12301,GOh1052_S648H,GOh1052,S648H,-11.528,0.295,0.1457
12302,GOh1052_S648I,GOh1052,S648I,-11.439,0.298,0.1457
12303,GOh1052_S648L,GOh1052,S648L,-11.757,0.286,0.1457
12304,GOh1052_S648K,GOh1052,S648K,-7.383,0.457,0.1457
12305,GOh1052_S648M,GOh1052,S648M,-11.819,0.283,0.1457
12306,GOh1052_S648F,GOh1052,S648F,-12.343,0.263,0.1457
12307,GOh1052_S648P,GOh1052,S648P,-9.344,0.380,0.1457
12308,GOh1052_S648T,GOh1052,S648T,-6.922,0.475,0.1457
12309,GOh1052_S648W,GOh1052,S648W,-13.618,0.213,0.1457
12310,GOh1052_S648Y,GOh1052,S648Y,-11.144,0.310,0.1457
12311,GOh1052_S648V,GOh1052,S648V,-10.229,0.346,0.1457
12312,GOh1052_A649R,GOh1052,A649R,-6.009,0.510,0.7659
12313,GOh1052_A649N,GOh1052,A649N,-3.476,0.609,0.7659
12314,GOh1052_A649D,GOh1052,A649D,-5.608,0.526,0.7659
12315,GOh1052_A649C,GOh1052,A649C,-9.837,0.361,0.7659
12316,GOh1052_A649Q,GOh1052,A649Q,-4.175,0.582,0.7659
12317,GOh1052_A649E,GOh1052,A649E,-6.32,0.498261786648959,0.7659
12318,GOh1052_A649G,GOh1052,A649G,-6.1,0.506855200968712,0.7659
12319,GOh1052_A649H,GOh1052,A649H,-7.7,0.444357642279598,0.7659
12320,GOh1052_A649I,GOh1052,A649I,-8.949,0.396,0.7659
12321,GOh1052_A649L,GOh1052,A649L,-7.774,0.441,0.7659
12322,GOh1052_A649K,GOh1052,A649K,-4.391,0.574,0.7659
12323,GOh1052_A649M,GOh1052,A649M,-9.091,0.390,0.7659
12324,GOh1052_A649F,GOh1052,A649F,-9.422,0.377,0.7659
12325,GOh1052_A649P,GOh1052,A649P,-11.82,0.283426428655131,0.7659
12326,GOh1052_A649S,GOh1052,A649S,-3.013,0.627,0.7659
12327,GOh1052_A649T,GOh1052,A649T,-6.23,0.501777274325222,0.7659
12328,GOh1052_A649W,GOh1052,A649W,-11.063,0.313,0.7659
12329,GOh1052_A649Y,GOh1052,A649Y,-7.821,0.440,0.7659
12330,GOh1052_A649V,GOh1052,A649V,-7.131,0.467,0.7659
12331,GOh1052_G650A,GOh1052,G650A,-9.666,0.368,0.0241
12332,GOh1052_G650R,GOh1052,G650R,-11.478,0.297,0.0241
12333,GOh1052_G650N,GOh1052,G650N,-7.065,0.469,0.0241
12334,GOh1052_G650D,GOh1052,G650D,-7.828,0.439,0.0241
12335,GOh1052_G650C,GOh1052,G650C,-14.537,0.177,0.0241
12336,GOh1052_G650Q,GOh1052,G650Q,-9.933,0.357,0.0241
12337,GOh1052_G650E,GOh1052,G650E,-10.648,0.329,0.0241
12338,GOh1052_G650H,GOh1052,G650H,-11.38,0.300613257294637,0.0241
12339,GOh1052_G650I,GOh1052,G650I,-15.04,0.157650091793289,0.0241
12340,GOh1052_G650L,GOh1052,G650L,-12.122,0.272,0.0241
12341,GOh1052_G650K,GOh1052,G650K,-11.508,0.296,0.0241
12342,GOh1052_G650M,GOh1052,G650M,-11.661,0.290,0.0241
12343,GOh1052_G650F,GOh1052,G650F,-12.619,0.252,0.0241
12344,GOh1052_G650P,GOh1052,G650P,-14.803,0.167,0.0241
12345,GOh1052_G650S,GOh1052,G650S,-7.695,0.445,0.0241
12346,GOh1052_G650T,GOh1052,G650T,-11.384,0.300,0.0241
12347,GOh1052_G650W,GOh1052,G650W,-12.836,0.244,0.0241
12348,GOh1052_G650Y,GOh1052,G650Y,-12.053,0.274,0.0241
12349,GOh1052_G650V,GOh1052,G650V,-13.449,0.220,0.0241
12350,GOh1052_V651A,GOh1052,V651A,-8.628,0.408,0.0464
12351,GOh1052_V651R,GOh1052,V651R,-9.984,0.355,0.0464
12352,GOh1052_V651N,GOh1052,V651N,-10.31,0.342408499667982,0.0464
12353,GOh1052_V651D,GOh1052,V651D,-11.933,0.279,0.0464
12354,GOh1052_V651C,GOh1052,V651C,-14.084,0.195,0.0464
12355,GOh1052_V651Q,GOh1052,V651Q,-8.265,0.422,0.0464
12356,GOh1052_V651E,GOh1052,V651E,-9.213,0.385,0.0464
12357,GOh1052_V651G,GOh1052,V651G,-11.713,0.288,0.0464
12358,GOh1052_V651H,GOh1052,V651H,-11.513,0.295,0.0464
12359,GOh1052_V651I,GOh1052,V651I,-7.327,0.459,0.0464
12360,GOh1052_V651L,GOh1052,V651L,-9.789,0.363,0.0464
12361,GOh1052_V651K,GOh1052,V651K,-8.148,0.427,0.0464
12362,GOh1052_V651M,GOh1052,V651M,-9.707,0.366,0.0464
12363,GOh1052_V651F,GOh1052,V651F,-12.222,0.268,0.0464
12364,GOh1052_V651P,GOh1052,V651P,-12.978,0.238,0.0464
12365,GOh1052_V651S,GOh1052,V651S,-10.0,0.354517401663998,0.0464
12366,GOh1052_V651T,GOh1052,V651T,-6.104,0.507,0.0464
12367,GOh1052_V651W,GOh1052,V651W,-14.225,0.189,0.0464
12368,GOh1052_V651Y,GOh1052,V651Y,-11.982,0.277,0.0464
12369,GOh1052_P652A,GOh1052,P652A,-9.31,0.381469473848678,0.0053
12370,GOh1052_P652R,GOh1052,P652R,-13.238,0.228,0.0053
12371,GOh1052_P652N,GOh1052,P652N,-11.996,0.277,0.0053
12372,GOh1052_P652D,GOh1052,P652D,-14.226,0.189,0.0053
12373,GOh1052_P652C,GOh1052,P652C,-11.445,0.298,0.0053
12374,GOh1052_P652Q,GOh1052,P652Q,-11.684,0.289,0.0053
12375,GOh1052_P652E,GOh1052,P652E,-14.059,0.196,0.0053
12376,GOh1052_P652G,GOh1052,P652G,-11.549,0.294,0.0053
12377,GOh1052_P652H,GOh1052,P652H,-10.853,0.321,0.0053
12378,GOh1052_P652I,GOh1052,P652I,-13.103,0.233,0.0053
12379,GOh1052_P652L,GOh1052,P652L,-11.196,0.308,0.0053
12380,GOh1052_P652K,GOh1052,P652K,-14.774,0.168,0.0053
12381,GOh1052_P652M,GOh1052,P652M,-12.692,0.249,0.0053
12382,GOh1052_P652F,GOh1052,P652F,-11.843,0.283,0.0053
12383,GOh1052_P652S,GOh1052,P652S,-9.604,0.370,0.0053
12384,GOh1052_P652T,GOh1052,P652T,-10.607,0.331,0.0053
12385,GOh1052_P652W,GOh1052,P652W,-13.315,0.225,0.0053
12386,GOh1052_P652Y,GOh1052,P652Y,-9.886,0.359,0.0053
12387,GOh1052_P652V,GOh1052,P652V,-11.87,0.281473379946096,0.0053
12388,GOh1052_S653A,GOh1052,S653A,-9.818,0.362,0.0059
12389,GOh1052_S653R,GOh1052,S653R,-13.01,0.236943869380102,0.0059
12390,GOh1052_S653N,GOh1052,S653N,-9.688,0.367,0.0059
12391,GOh1052_S653D,GOh1052,S653D,-12.589,0.253,0.0059
12392,GOh1052_S653C,GOh1052,S653C,-8.752,0.403,0.0059
12393,GOh1052_S653Q,GOh1052,S653Q,-14.375,0.184,0.0059
12394,GOh1052_S653E,GOh1052,S653E,-14.344,0.185,0.0059
12395,GOh1052_S653G,GOh1052,S653G,-9.55,0.372094840045311,0.0059
12396,GOh1052_S653H,GOh1052,S653H,-14.137,0.193,0.0059
12397,GOh1052_S653I,GOh1052,S653I,-15.998,0.120,0.0059
12398,GOh1052_S653L,GOh1052,S653L,-16.146,0.114,0.0059
12399,GOh1052_S653K,GOh1052,S653K,-13.143,0.232,0.0059
12400,GOh1052_S653M,GOh1052,S653M,-15.83,0.126791922190539,0.0059
12401,GOh1052_S653F,GOh1052,S653F,-15.65,0.133822897543065,0.0059
12402,GOh1052_S653P,GOh1052,S653P,-15.701,0.132,0.0059
12403,GOh1052_S653T,GOh1052,S653T,-10.285,0.343,0.0059
12404,GOh1052_S653W,GOh1052,S653W,-15.808,0.128,0.0059
12405,GOh1052_S653Y,GOh1052,S653Y,-14.861,0.165,0.0059
12406,GOh1052_S653V,GOh1052,S653V,-14.518,0.178,0.0059
12407,GOh1052_V654A,GOh1052,V654A,-7.655,0.446,0.2083
12408,GOh1052_V654R,GOh1052,V654R,-8.252,0.423,0.2083
12409,GOh1052_V654N,GOh1052,V654N,-8.962,0.395,0.2083
12410,GOh1052_V654D,GOh1052,V654D,-8.682,0.406,0.2083
12411,GOh1052_V654C,GOh1052,V654C,-11.286,0.304,0.2083
12412,GOh1052_V654Q,GOh1052,V654Q,-6.959,0.473,0.2083
12413,GOh1052_V654E,GOh1052,V654E,-6.286,0.500,0.2083
12414,GOh1052_V654G,GOh1052,V654G,-10.667,0.328,0.2083
12415,GOh1052_V654H,GOh1052,V654H,-9.649,0.368,0.2083
12416,GOh1052_V654I,GOh1052,V654I,-4.298,0.577,0.2083
12417,GOh1052_V654L,GOh1052,V654L,-7.366,0.457,0.2083
12418,GOh1052_V654K,GOh1052,V654K,-6.434,0.494,0.2083
12419,GOh1052_V654M,GOh1052,V654M,-7.96,0.434201788992617,0.2083
12420,GOh1052_V654F,GOh1052,V654F,-9.123,0.389,0.2083
12421,GOh1052_V654P,GOh1052,V654P,-8.579,0.410,0.2083
12422,GOh1052_V654S,GOh1052,V654S,-8.655,0.407,0.2083
12423,GOh1052_V654T,GOh1052,V654T,-6.034,0.509,0.2083
12424,GOh1052_V654W,GOh1052,V654W,-10.699,0.327,0.2083
12425,GOh1052_V654Y,GOh1052,V654Y,-8.624,0.408,0.2083
12426,GOh1052_A655R,GOh1052,A655R,-14.34,0.184992773719777,0.0972
12427,GOh1052_A655N,GOh1052,A655N,-10.947,0.318,0.0972
12428,GOh1052_A655D,GOh1052,A655D,-12.654,0.251,0.0972
12429,GOh1052_A655C,GOh1052,A655C,-10.897,0.319,0.0972
12430,GOh1052_A655Q,GOh1052,A655Q,-12.52,0.256083746728643,0.0972
12431,GOh1052_A655E,GOh1052,A655E,-11.959,0.278,0.0972
12432,GOh1052_A655G,GOh1052,A655G,-6.091,0.507,0.0972
12433,GOh1052_A655H,GOh1052,A655H,-14.055,0.196,0.0972
12434,GOh1052_A655I,GOh1052,A655I,-12.631,0.252,0.0972
12435,GOh1052_A655L,GOh1052,A655L,-13.487,0.218,0.0972
12436,GOh1052_A655K,GOh1052,A655K,-14.588,0.175,0.0972
12437,GOh1052_A655M,GOh1052,A655M,-12.056,0.274,0.0972
12438,GOh1052_A655F,GOh1052,A655F,-14.138,0.193,0.0972
12439,GOh1052_A655P,GOh1052,A655P,-10.914,0.319,0.0972
12440,GOh1052_A655S,GOh1052,A655S,-4.762,0.559,0.0972
12441,GOh1052_A655T,GOh1052,A655T,-8.96,0.395140814811921,0.0972
12442,GOh1052_A655W,GOh1052,A655W,-14.615,0.174,0.0972
12443,GOh1052_A655Y,GOh1052,A655Y,-13.983,0.199,0.0972
12444,GOh1052_A655V,GOh1052,A655V,-10.066,0.352,0.0972
12445,GOh1052_S656A,GOh1052,S656A,-4.053,0.587,1.3742
12446,GOh1052_S656R,GOh1052,S656R,-3.826,0.596,1.3742
12447,GOh1052_S656N,GOh1052,S656N,-4.903,0.554,1.3742
12448,GOh1052_S656D,GOh1052,S656D,-4.988,0.550,1.3742
12449,GOh1052_S656C,GOh1052,S656C,-9.934,0.357,1.3742
12450,GOh1052_S656Q,GOh1052,S656Q,-3.651,0.603,1.3742
12451,GOh1052_S656E,GOh1052,S656E,-4.5,0.569352759657826,1.3742
12452,GOh1052_S656G,GOh1052,S656G,-6.92,0.474825202140541,1.3742
12453,GOh1052_S656H,GOh1052,S656H,-5.039,0.548,1.3742
12454,GOh1052_S656I,GOh1052,S656I,-7.197,0.464,1.3742
12455,GOh1052_S656L,GOh1052,S656L,-7.056,0.470,1.3742
12456,GOh1052_S656K,GOh1052,S656K,-2.134,0.662,1.3742
12457,GOh1052_S656M,GOh1052,S656M,-7.259,0.462,1.3742
12458,GOh1052_S656F,GOh1052,S656F,-8.121,0.428,1.3742
12459,GOh1052_S656P,GOh1052,S656P,-6.416,0.495,1.3742
12460,GOh1052_S656T,GOh1052,S656T,-2.801,0.636,1.3742
12461,GOh1052_S656W,GOh1052,S656W,-8.849,0.399,1.3742
12462,GOh1052_S656Y,GOh1052,S656Y,-5.994,0.511,1.3742
12463,GOh1052_S656V,GOh1052,S656V,-5.452,0.532,1.3742
12464,GOh1052_T657A,GOh1052,T657A,-7.927,0.435,0.2293
12465,GOh1052_T657R,GOh1052,T657R,-11.109,0.311,0.2293
12466,GOh1052_T657N,GOh1052,T657N,-4.556,0.567,0.2293
12467,GOh1052_T657D,GOh1052,T657D,-10.599,0.331,0.2293
12468,GOh1052_T657C,GOh1052,T657C,-12.095,0.273,0.2293
12469,GOh1052_T657Q,GOh1052,T657Q,-7.177,0.465,0.2293
12470,GOh1052_T657E,GOh1052,T657E,-10.912,0.319,0.2293
12471,GOh1052_T657G,GOh1052,T657G,-9.249,0.384,0.2293
12472,GOh1052_T657H,GOh1052,T657H,-6.566,0.489,0.2293
12473,GOh1052_T657I,GOh1052,T657I,-6.827,0.478,0.2293
12474,GOh1052_T657L,GOh1052,T657L,-8.812,0.401,0.2293
12475,GOh1052_T657K,GOh1052,T657K,-9.861,0.360,0.2293
12476,GOh1052_T657M,GOh1052,T657M,-6.987,0.472,0.2293
12477,GOh1052_T657F,GOh1052,T657F,-8.832,0.400,0.2293
12478,GOh1052_T657P,GOh1052,T657P,-8.603,0.409,0.2293
12479,GOh1052_T657S,GOh1052,T657S,-4.568,0.567,0.2293
12480,GOh1052_T657W,GOh1052,T657W,-10.843,0.322,0.2293
12481,GOh1052_T657Y,GOh1052,T657Y,-10.702,0.327,0.2293
12482,GOh1052_T657V,GOh1052,T657V,-7.93,0.435373618218038,0.2293
12483,GOh1052_I658A,GOh1052,I658A,-8.395,0.417,0.3441
12484,GOh1052_I658R,GOh1052,I658R,-11.74,0.286551306589586,0.3441
12485,GOh1052_I658N,GOh1052,I658N,-11.853,0.282,0.3441
12486,GOh1052_I658D,GOh1052,I658D,-13.457,0.219,0.3441
12487,GOh1052_I658C,GOh1052,I658C,-12.037,0.275,0.3441
12488,GOh1052_I658Q,GOh1052,I658Q,-10.841,0.322,0.3441
12489,GOh1052_I658E,GOh1052,I658E,-12.092,0.273,0.3441
12490,GOh1052_I658G,GOh1052,I658G,-11.231,0.306,0.3441
12491,GOh1052_I658H,GOh1052,I658H,-12.003,0.276,0.3441
12492,GOh1052_I658L,GOh1052,I658L,-4.516,0.569,0.3441
12493,GOh1052_I658K,GOh1052,I658K,-11.776,0.285,0.3441
12494,GOh1052_I658M,GOh1052,I658M,-6.846,0.478,0.3441
12495,GOh1052_I658F,GOh1052,I658F,-6.08,0.507636420452326,0.3441
12496,GOh1052_I658P,GOh1052,I658P,-11.194,0.308,0.3441
12497,GOh1052_I658S,GOh1052,I658S,-10.92,0.318581305417757,0.3441
12498,GOh1052_I658T,GOh1052,I658T,-7.97,0.433811179250811,0.3441
12499,GOh1052_I658W,GOh1052,I658W,-11.236,0.306,0.3441
12500,GOh1052_I658Y,GOh1052,I658Y,-9.576,0.371,0.3441
12501,GOh1052_I658V,GOh1052,I658V,-3.312,0.616,0.3441
12502,GOh1052_R659A,GOh1052,R659A,-6.551,0.489,0.7301
12503,GOh1052_R659N,GOh1052,R659N,-5.157,0.544,0.7301
12504,GOh1052_R659D,GOh1052,R659D,-8.364,0.418,0.7301
12505,GOh1052_R659C,GOh1052,R659C,-11.475,0.297,0.7301
12506,GOh1052_R659Q,GOh1052,R659Q,-3.169,0.621,0.7301
12507,GOh1052_R659E,GOh1052,R659E,-6.002,0.511,0.7301
12508,GOh1052_R659G,GOh1052,R659G,-7.946,0.435,0.7301
12509,GOh1052_R659H,GOh1052,R659H,-5.457,0.532,0.7301
12510,GOh1052_R659I,GOh1052,R659I,-8.594,0.409,0.7301
12511,GOh1052_R659L,GOh1052,R659L,-5.164,0.543,0.7301
12512,GOh1052_R659K,GOh1052,R659K,-3.003,0.628,0.7301
12513,GOh1052_R659M,GOh1052,R659M,-6.236,0.502,0.7301
12514,GOh1052_R659F,GOh1052,R659F,-7.797,0.441,0.7301
12515,GOh1052_R659P,GOh1052,R659P,-9.9,0.358423499082067,0.7301
12516,GOh1052_R659S,GOh1052,R659S,-6.245,0.501,0.7301
12517,GOh1052_R659T,GOh1052,R659T,-6.896,0.476,0.7301
12518,GOh1052_R659W,GOh1052,R659W,-8.974,0.395,0.7301
12519,GOh1052_R659Y,GOh1052,R659Y,-7.02,0.470919104722472,0.7301
12520,GOh1052_R659V,GOh1052,R659V,-8.032,0.431,0.7301
12521,GOh1052_V660A,GOh1052,V660A,-10.158,0.348,0.8826
12522,GOh1052_V660R,GOh1052,V660R,-12.92,0.240459357056365,0.8826
12523,GOh1052_V660N,GOh1052,V660N,-13.142,0.232,0.8826
12524,GOh1052_V660D,GOh1052,V660D,-14.877,0.164,0.8826
12525,GOh1052_V660C,GOh1052,V660C,-13.549,0.216,0.8826
12526,GOh1052_V660Q,GOh1052,V660Q,-12.08,0.27327057536815,0.8826
12527,GOh1052_V660E,GOh1052,V660E,-13.48,0.218585211515175,0.8826
12528,GOh1052_V660G,GOh1052,V660G,-14.343,0.185,0.8826
12529,GOh1052_V660H,GOh1052,V660H,-12.98,0.238115698605523,0.8826
12530,GOh1052_V660I,GOh1052,V660I,-2.2,0.659193000273427,0.8826
12531,GOh1052_V660L,GOh1052,V660L,-2.399,0.651,0.8826
12532,GOh1052_V660K,GOh1052,V660K,-13.59,0.214288504355299,0.8826
12533,GOh1052_V660M,GOh1052,V660M,-6.336,0.498,0.8826
12534,GOh1052_V660F,GOh1052,V660F,-4.983,0.550,0.8826
12535,GOh1052_V660P,GOh1052,V660P,-10.992,0.316,0.8826
12536,GOh1052_V660S,GOh1052,V660S,-12.107,0.272,0.8826
12537,GOh1052_V660T,GOh1052,V660T,-9.551,0.372,0.8826
12538,GOh1052_V660W,GOh1052,V660W,-11.087,0.312,0.8826
12539,GOh1052_V660Y,GOh1052,V660Y,-9.661,0.368,0.8826
12540,GOh1052_T661A,GOh1052,T661A,-4.799,0.558,0.6548
12541,GOh1052_T661R,GOh1052,T661R,-6.101,0.507,0.6548
12542,GOh1052_T661N,GOh1052,T661N,-5.035,0.548,0.6548
12543,GOh1052_T661D,GOh1052,T661D,-5.346,0.536,0.6548
12544,GOh1052_T661C,GOh1052,T661C,-10.363,0.340,0.6548
12545,GOh1052_T661Q,GOh1052,T661Q,-5.316,0.537,0.6548
12546,GOh1052_T661E,GOh1052,T661E,-4.991,0.550,0.6548
12547,GOh1052_T661G,GOh1052,T661G,-4.499,0.569,0.6548
12548,GOh1052_T661H,GOh1052,T661H,-7.961,0.434,0.6548
12549,GOh1052_T661I,GOh1052,T661I,-6.075,0.508,0.6548
12550,GOh1052_T661L,GOh1052,T661L,-5.802,0.518,0.6548
12551,GOh1052_T661K,GOh1052,T661K,-6.002,0.511,0.6548
12552,GOh1052_T661M,GOh1052,T661M,-7.461,0.454,0.6548
12553,GOh1052_T661F,GOh1052,T661F,-7.235,0.463,0.6548
12554,GOh1052_T661P,GOh1052,T661P,-8.424,0.416,0.6548
12555,GOh1052_T661S,GOh1052,T661S,-3.88,0.593570563649857,0.6548
12556,GOh1052_T661W,GOh1052,T661W,-8.821,0.401,0.6548
12557,GOh1052_T661Y,GOh1052,T661Y,-6.531,0.490,0.6548
12558,GOh1052_T661V,GOh1052,T661V,-5.065,0.547,0.6548
12559,GOh1052_Q662A,GOh1052,Q662A,-0.778,0.715,2.8854
12560,GOh1052_Q662R,GOh1052,Q662R,-3.351,0.614,2.8854
12561,GOh1052_Q662N,GOh1052,Q662N,-2.693,0.640,2.8854
12562,GOh1052_Q662D,GOh1052,Q662D,-4.025,0.588,2.8854
12563,GOh1052_Q662C,GOh1052,Q662C,-7.371,0.457,2.8854
12564,GOh1052_Q662E,GOh1052,Q662E,-4.105,0.585,2.8854
12565,GOh1052_Q662G,GOh1052,Q662G,-1.663,0.680,2.8854
12566,GOh1052_Q662H,GOh1052,Q662H,-5.726,0.521,2.8854
12567,GOh1052_Q662I,GOh1052,Q662I,-4.154,0.583,2.8854
12568,GOh1052_Q662L,GOh1052,Q662L,-2.755,0.638,2.8854
12569,GOh1052_Q662K,GOh1052,Q662K,-3.268,0.617,2.8854
12570,GOh1052_Q662M,GOh1052,Q662M,-4.815,0.557,2.8854
12571,GOh1052_Q662F,GOh1052,Q662F,-4.576,0.566,2.8854
12572,GOh1052_Q662P,GOh1052,Q662P,-1.534,0.685,2.8854
12573,GOh1052_Q662S,GOh1052,Q662S,-1.69,0.679114097105582,2.8854
12574,GOh1052_Q662T,GOh1052,Q662T,-1.93,0.669739463302215,2.8854
12575,GOh1052_Q662W,GOh1052,Q662W,-6.549,0.489,2.8854
12576,GOh1052_Q662Y,GOh1052,Q662Y,-4.909,0.553,2.8854
12577,GOh1052_Q662V,GOh1052,Q662V,-2.925,0.631,2.8854
12578,GOh1052_A663R,GOh1052,A663R,-5.377,0.535,0.9689
12579,GOh1052_A663N,GOh1052,A663N,-4.895,0.554,0.9689
12580,GOh1052_A663D,GOh1052,A663D,-5.791,0.519,0.9689
12581,GOh1052_A663C,GOh1052,A663C,-7.991,0.433,0.9689
12582,GOh1052_A663Q,GOh1052,A663Q,-5.027,0.549,0.9689
12583,GOh1052_A663E,GOh1052,A663E,-5.793,0.519,0.9689
12584,GOh1052_A663G,GOh1052,A663G,-4.233,0.580,0.9689
12585,GOh1052_A663H,GOh1052,A663H,-7.665,0.446,0.9689
12586,GOh1052_A663I,GOh1052,A663I,-5.66,0.524042029608218,0.9689
12587,GOh1052_A663L,GOh1052,A663L,-5.496,0.530,0.9689
12588,GOh1052_A663K,GOh1052,A663K,-5.227,0.541,0.9689
12589,GOh1052_A663M,GOh1052,A663M,-7.492,0.452,0.9689
12590,GOh1052_A663F,GOh1052,A663F,-6.767,0.481,0.9689
12591,GOh1052_A663P,GOh1052,A663P,-4.105,0.585,0.9689
12592,GOh1052_A663S,GOh1052,A663S,-3.512,0.608,0.9689
12593,GOh1052_A663T,GOh1052,A663T,-3.66,0.602163977969611,0.9689
12594,GOh1052_A663W,GOh1052,A663W,-7.761,0.442,0.9689
12595,GOh1052_A663Y,GOh1052,A663Y,-6.281,0.500,0.9689
12596,GOh1052_A663V,GOh1052,A663V,-4.399,0.573,0.9689
12597,GOh1052_A664R,GOh1052,A664R,-4.818,0.557,1.3149
12598,GOh1052_A664N,GOh1052,A664N,-4.091,0.585,1.3149
12599,GOh1052_A664D,GOh1052,A664D,-5.334,0.537,1.3149
12600,GOh1052_A664C,GOh1052,A664C,-6.906,0.475,1.3149
12601,GOh1052_A664Q,GOh1052,A664Q,-4.755,0.559,1.3149
12602,GOh1052_A664E,GOh1052,A664E,-5.534,0.529,1.3149
12603,GOh1052_A664G,GOh1052,A664G,-3.615,0.604,1.3149
12604,GOh1052_A664H,GOh1052,A664H,-6.797,0.480,1.3149
12605,GOh1052_A664I,GOh1052,A664I,-4.786,0.558,1.3149
12606,GOh1052_A664L,GOh1052,A664L,-4.555,0.567,1.3149
12607,GOh1052_A664K,GOh1052,A664K,-5.107,0.546,1.3149
12608,GOh1052_A664M,GOh1052,A664M,-6.761,0.481,1.3149
12609,GOh1052_A664F,GOh1052,A664F,-5.963,0.512,1.3149
12610,GOh1052_A664P,GOh1052,A664P,-4.749,0.560,1.3149
12611,GOh1052_A664S,GOh1052,A664S,-2.912,0.631,1.3149
12612,GOh1052_A664T,GOh1052,A664T,-3.121,0.623,1.3149
12613,GOh1052_A664W,GOh1052,A664W,-6.835,0.478,1.3149
12614,GOh1052_A664Y,GOh1052,A664Y,-6.129,0.506,1.3149
12615,GOh1052_A664V,GOh1052,A664V,-4.251,0.579,1.3149
12616,GOh1052_A665R,GOh1052,A665R,-0.456,0.727,3.4134
12617,GOh1052_A665N,GOh1052,A665N,0.804,0.777,3.4134
12618,GOh1052_A665D,GOh1052,A665D,-2.259,0.657,3.4134
12619,GOh1052_A665C,GOh1052,A665C,-4.806,0.557,3.4134
12620,GOh1052_A665Q,GOh1052,A665Q,0.125,0.750,3.4134
12621,GOh1052_A665E,GOh1052,A665E,-0.208,0.737,3.4134
12622,GOh1052_A665G,GOh1052,A665G,-1.121,0.701,3.4134
12623,GOh1052_A665H,GOh1052,A665H,-2.113,0.663,3.4134
12624,GOh1052_A665I,GOh1052,A665I,-2.043,0.665,3.4134
12625,GOh1052_A665L,GOh1052,A665L,-1.459,0.688,3.4134
12626,GOh1052_A665K,GOh1052,A665K,-0.924,0.709,3.4134
12627,GOh1052_A665M,GOh1052,A665M,-2.948,0.630,3.4134
12628,GOh1052_A665F,GOh1052,A665F,-2.438,0.650,3.4134
12629,GOh1052_A665P,GOh1052,A665P,-1.054,0.704,3.4134
12630,GOh1052_A665S,GOh1052,A665S,0.957,0.783,3.4134
12631,GOh1052_A665T,GOh1052,A665T,-1.236,0.697,3.4134
12632,GOh1052_A665W,GOh1052,A665W,-3.651,0.603,3.4134
12633,GOh1052_A665Y,GOh1052,A665Y,-1.766,0.676,3.4134
12634,GOh1052_A665V,GOh1052,A665V,-1.514,0.686,3.4134