model,mcc,accuracy,recall_0,recall_1,recall_2,precision_0,precision_1,precision_2,split_label,train_or_test,data_frac,Featureset,dataset
XGBoost_BAG_L2,0.5057,0.74,0.0,0.6701,0.8889,0.0,0.7065,0.7643,0,train,0.05,AggStabBind-mut,GOh1052
WeightedEnsemble_L3,0.5057,0.74,0.0,0.6701,0.8889,0.0,0.7065,0.7643,0,train,0.05,AggStabBind-mut,GOh1052
LightGBM_BAG_L2,0.4833,0.728,0.0,0.5979,0.9185,0.0,0.7436,0.7209,0,train,0.05,AggStabBind-mut,GOh1052
LightGBMXT_BAG_L2,0.4814,0.728,0.0,0.6289,0.8963,0.0,0.7262,0.7289,0,train,0.05,AggStabBind-mut,GOh1052
LightGBMLarge_BAG_L2,0.4673,0.72,0.0,0.5773,0.9185,0.0,0.7273,0.7168,0,train,0.05,AggStabBind-mut,GOh1052
NeuralNetTorch_BAG_L1,0.4335,0.7,0.0,0.5052,0.9333,0.0,0.7424,0.6923,0,train,0.05,AggStabBind-mut,GOh1052
WeightedEnsemble_L2,0.4335,0.7,0.0,0.5052,0.9333,0.0,0.7424,0.6923,0,train,0.05,AggStabBind-mut,GOh1052
CatBoost_BAG_L2,0.4251,0.7,0.0,0.5876,0.8741,0.0,0.6867,0.7066,0,train,0.05,AggStabBind-mut,GOh1052
LightGBM_BAG_L1,0.4199,0.696,0.0,0.5464,0.8963,0.0,0.7162,0.6914,0,train,0.05,AggStabBind-mut,GOh1052
RandomForestGini_BAG_L2,0.4013,0.688,0.0,0.5979,0.8444,0.0,0.6591,0.7037,0,train,0.05,AggStabBind-mut,GOh1052
NeuralNetTorch_BAG_L2,0.3893,0.68,0.0,0.4742,0.9185,0.0,0.7077,0.6703,0,train,0.05,AggStabBind-mut,GOh1052
ExtraTreesEntr_BAG_L2,0.3846,0.68,0.0,0.5464,0.8667,0.0,0.6625,0.6882,0,train,0.05,AggStabBind-mut,GOh1052
LightGBMXT_BAG_L1,0.3841,0.676,0.0,0.4536,0.9259,0.0,0.7333,0.6579,0,train,0.05,AggStabBind-mut,GOh1052
LightGBMLarge_BAG_L1,0.3823,0.676,0.0,0.4845,0.9037,0.0,0.7344,0.6595,0,train,0.05,AggStabBind-mut,GOh1052
NeuralNetFastAI_BAG_L2,0.3464,0.652,0.0556,0.5876,0.7778,0.1429,0.6,0.7095,0,train,0.05,AggStabBind-mut,GOh1052
RandomForestEntr_BAG_L2,0.3452,0.66,0.0,0.5567,0.8222,0.0,0.6207,0.681,0,train,0.05,AggStabBind-mut,GOh1052
XGBoost_BAG_L1,0.3243,0.644,0.0,0.5361,0.8074,0.0,0.6118,0.6855,0,train,0.05,AggStabBind-mut,GOh1052
ExtraTreesGini_BAG_L2,0.3198,0.648,0.0,0.5155,0.8296,0.0,0.6098,0.6667,0,train,0.05,AggStabBind-mut,GOh1052
NeuralNetFastAI_BAG_L1,0.3139,0.628,0.0,0.6289,0.7111,0.0,0.5596,0.7218,0,train,0.05,AggStabBind-mut,GOh1052
RandomForestEntr_BAG_L1,0.3133,0.644,0.0,0.5052,0.8296,0.0,0.6049,0.6667,0,train,0.05,AggStabBind-mut,GOh1052
ExtraTreesEntr_BAG_L1,0.3067,0.64,0.0,0.4948,0.8296,0.0,0.6076,0.6627,0,train,0.05,AggStabBind-mut,GOh1052
CatBoost_BAG_L1,0.2854,0.632,0.0,0.4639,0.837,0.0,0.6081,0.642,0,train,0.05,AggStabBind-mut,GOh1052
ExtraTreesGini_BAG_L1,0.2804,0.628,0.0,0.4742,0.8222,0.0,0.5823,0.6529,0,train,0.05,AggStabBind-mut,GOh1052
RandomForestGini_BAG_L1,0.2676,0.62,0.0,0.5052,0.7852,0.0,0.5632,0.6543,0,train,0.05,AggStabBind-mut,GOh1052
KNeighborsDist_BAG_L1,0.2644,0.608,0.0,0.4845,0.7778,0.0,0.5732,0.6688,0,train,0.05,AggStabBind-mut,GOh1052
KNeighborsUnif_BAG_L1,0.2608,0.604,0.0,0.5052,0.7556,0.0,0.5765,0.6667,0,train,0.05,AggStabBind-mut,GOh1052
XGBoost_BAG_L2,0.0368,0.2566,0.0,0.1908,0.8534,0.0,0.4907,0.2117,0,test,0.05,AggStabBind-mut,GOh1052
WeightedEnsemble_L3,0.0368,0.2566,0.0,0.1908,0.8534,0.0,0.4907,0.2117,0,test,0.05,AggStabBind-mut,GOh1052
LightGBM_BAG_L2,0.0281,0.2458,0.0,0.1488,0.8851,0.0,0.4703,0.212,0,test,0.05,AggStabBind-mut,GOh1052
LightGBMXT_BAG_L2,0.0445,0.2464,0.0,0.1373,0.9109,0.0,0.5191,0.2129,0,test,0.05,AggStabBind-mut,GOh1052
LightGBMLarge_BAG_L2,0.0444,0.262,0.0,0.2066,0.8477,0.0,0.5035,0.2125,0,test,0.05,AggStabBind-mut,GOh1052
NeuralNetTorch_BAG_L1,0.0243,0.2566,0.0,0.2095,0.8161,0.0,0.4723,0.2081,0,test,0.05,AggStabBind-mut,GOh1052
WeightedEnsemble_L2,0.0243,0.2566,0.0,0.2095,0.8161,0.0,0.4723,0.2081,0,test,0.05,AggStabBind-mut,GOh1052
CatBoost_BAG_L2,0.0443,0.2506,0.0,0.1532,0.8994,0.0,0.5048,0.2141,0,test,0.05,AggStabBind-mut,GOh1052
LightGBM_BAG_L1,0.0186,0.2344,0.0,0.1185,0.8908,0.0,0.5031,0.2054,0,test,0.05,AggStabBind-mut,GOh1052
RandomForestGini_BAG_L2,0.0429,0.2608,0.0,0.1936,0.8678,0.0,0.4786,0.217,0,test,0.05,AggStabBind-mut,GOh1052
NeuralNetTorch_BAG_L2,0.0154,0.2362,0.0,0.1156,0.9052,0.0,0.4348,0.2117,0,test,0.05,AggStabBind-mut,GOh1052
ExtraTreesEntr_BAG_L2,0.0243,0.2356,0.0,0.1084,0.9167,0.0,0.4747,0.2107,0,test,0.05,AggStabBind-mut,GOh1052
LightGBMXT_BAG_L1,0.0215,0.2261,0.0,0.0809,0.9253,0.0,0.5657,0.2047,0,test,0.05,AggStabBind-mut,GOh1052
LightGBMLarge_BAG_L1,0.006,0.2291,0.0,0.1127,0.8764,0.0,0.5065,0.2009,0,test,0.05,AggStabBind-mut,GOh1052
NeuralNetFastAI_BAG_L2,0.0117,0.2709,0.0111,0.2659,0.7529,0.5385,0.408,0.2169,0,test,0.05,AggStabBind-mut,GOh1052
RandomForestEntr_BAG_L2,0.0363,0.2536,0.0,0.172,0.8764,0.0,0.476,0.2145,0,test,0.05,AggStabBind-mut,GOh1052
XGBoost_BAG_L1,-0.0099,0.2392,0.0063,0.1676,0.8046,0.4,0.4158,0.2025,0,test,0.05,AggStabBind-mut,GOh1052
ExtraTreesGini_BAG_L2,0.0289,0.2416,0.0,0.1243,0.9138,0.0,0.4574,0.2143,0,test,0.05,AggStabBind-mut,GOh1052
NeuralNetFastAI_BAG_L1,0.0043,0.2739,0.0301,0.2861,0.6925,0.322,0.424,0.2103,0,test,0.05,AggStabBind-mut,GOh1052
RandomForestEntr_BAG_L1,0.0244,0.2368,0.0,0.1243,0.8908,0.0,0.5181,0.2058,0,test,0.05,AggStabBind-mut,GOh1052
ExtraTreesEntr_BAG_L1,0.0293,0.2309,0.0,0.0925,0.9253,0.0,0.5517,0.2069,0,test,0.05,AggStabBind-mut,GOh1052
CatBoost_BAG_L1,0.0086,0.2237,0.0,0.078,0.9195,0.0,0.5047,0.2045,0,test,0.05,AggStabBind-mut,GOh1052
ExtraTreesGini_BAG_L1,0.0354,0.2374,0.0,0.1127,0.9167,0.0,0.5342,0.209,0,test,0.05,AggStabBind-mut,GOh1052
RandomForestGini_BAG_L1,0.0128,0.2422,0.0,0.1575,0.8506,0.0,0.4619,0.2061,0,test,0.05,AggStabBind-mut,GOh1052
KNeighborsDist_BAG_L1,0.0242,0.2961,0.0728,0.2905,0.7126,0.4,0.3964,0.2362,0,test,0.05,AggStabBind-mut,GOh1052
KNeighborsUnif_BAG_L1,0.035,0.311,0.0949,0.3237,0.6782,0.4027,0.411,0.2413,0,test,0.05,AggStabBind-mut,GOh1052
WeightedEnsemble_L3,0.4678,0.744,0.0,0.5732,0.9145,0.0,0.7015,0.7596,1,train,0.05,AggStabBind-mut,GOh1052
NeuralNetTorch_BAG_L2,0.4587,0.74,0.0,0.561,0.9145,0.0,0.697,0.7554,1,train,0.05,AggStabBind-mut,GOh1052
XGBoost_BAG_L2,0.4552,0.736,0.0,0.6098,0.8816,0.0,0.6757,0.7657,1,train,0.05,AggStabBind-mut,GOh1052
LightGBMXT_BAG_L2,0.4488,0.736,0.0,0.5122,0.9342,0.0,0.7241,0.7396,1,train,0.05,AggStabBind-mut,GOh1052
NeuralNetFastAI_BAG_L2,0.446,0.728,0.125,0.6098,0.8553,0.5,0.6494,0.7692,1,train,0.05,AggStabBind-mut,GOh1052
WeightedEnsemble_L2,0.4316,0.728,0.0,0.5366,0.9079,0.0,0.6769,0.7459,1,train,0.05,AggStabBind-mut,GOh1052
NeuralNetTorch_BAG_L1,0.4312,0.728,0.0,0.5366,0.9079,0.0,0.6875,0.7419,1,train,0.05,AggStabBind-mut,GOh1052
LightGBMLarge_BAG_L2,0.4304,0.728,0.0,0.5122,0.9211,0.0,0.7,0.7368,1,train,0.05,AggStabBind-mut,GOh1052
RandomForestEntr_BAG_L2,0.4264,0.724,0.0,0.5732,0.8816,0.0,0.6528,0.7528,1,train,0.05,AggStabBind-mut,GOh1052
LightGBM_BAG_L1,0.4255,0.724,0.0,0.5244,0.9079,0.0,0.6719,0.75,1,train,0.05,AggStabBind-mut,GOh1052
LightGBM_BAG_L2,0.4216,0.724,0.0,0.5122,0.9145,0.0,0.6774,0.7394,1,train,0.05,AggStabBind-mut,GOh1052
XGBoost_BAG_L1,0.3961,0.708,0.125,0.5366,0.8618,0.6667,0.6286,0.7401,1,train,0.05,AggStabBind-mut,GOh1052
RandomForestGini_BAG_L2,0.3857,0.704,0.0,0.561,0.8553,0.0,0.6133,0.7429,1,train,0.05,AggStabBind-mut,GOh1052
ExtraTreesEntr_BAG_L2,0.3726,0.7,0.0,0.5244,0.8684,0.0,0.6143,0.7333,1,train,0.05,AggStabBind-mut,GOh1052
LightGBMXT_BAG_L1,0.369,0.7,0.0,0.4634,0.9013,0.0,0.6552,0.7211,1,train,0.05,AggStabBind-mut,GOh1052
ExtraTreesGini_BAG_L2,0.3428,0.688,0.0,0.4878,0.8684,0.0,0.6061,0.7174,1,train,0.05,AggStabBind-mut,GOh1052
CatBoost_BAG_L2,0.342,0.688,0.0,0.4756,0.875,0.0,0.6,0.7189,1,train,0.05,AggStabBind-mut,GOh1052
LightGBMLarge_BAG_L1,0.34,0.688,0.0,0.4024,0.9145,0.0,0.66,0.7056,1,train,0.05,AggStabBind-mut,GOh1052
ExtraTreesGini_BAG_L1,0.3134,0.676,0.0,0.4512,0.8684,0.0,0.5873,0.7059,1,train,0.05,AggStabBind-mut,GOh1052
NeuralNetFastAI_BAG_L1,0.3107,0.64,0.125,0.5854,0.7237,0.1333,0.5517,0.7432,1,train,0.05,AggStabBind-mut,GOh1052
ExtraTreesEntr_BAG_L1,0.2852,0.664,0.0,0.4268,0.8618,0.0,0.5645,0.6968,1,train,0.05,AggStabBind-mut,GOh1052
CatBoost_BAG_L1,0.2805,0.664,0.0,0.4024,0.875,0.0,0.5789,0.6891,1,train,0.05,AggStabBind-mut,GOh1052
RandomForestGini_BAG_L1,0.2638,0.656,0.0,0.3902,0.8684,0.0,0.5424,0.6911,1,train,0.05,AggStabBind-mut,GOh1052
RandomForestEntr_BAG_L1,0.2348,0.644,0.0,0.3659,0.8618,0.0,0.5172,0.6823,1,train,0.05,AggStabBind-mut,GOh1052
KNeighborsDist_BAG_L1,0.2342,0.632,0.0,0.3902,0.8289,0.0,0.5,0.7,1,train,0.05,AggStabBind-mut,GOh1052
KNeighborsUnif_BAG_L1,0.1619,0.588,0.0,0.3171,0.7961,0.0,0.4333,0.6875,1,train,0.05,AggStabBind-mut,GOh1052
WeightedEnsemble_L3,0.0126,0.2273,0.0,0.091,0.9135,0.0,0.4884,0.2054,1,test,0.05,AggStabBind-mut,GOh1052
NeuralNetTorch_BAG_L2,0.0121,0.2285,0.0,0.0983,0.9049,0.0,0.4892,0.2048,1,test,0.05,AggStabBind-mut,GOh1052
XGBoost_BAG_L2,0.0188,0.238,0.0,0.1257,0.8963,0.0,0.4531,0.2101,1,test,0.05,AggStabBind-mut,GOh1052
LightGBMXT_BAG_L2,0.0264,0.2327,0.0,0.0968,0.928,0.0,0.4891,0.2098,1,test,0.05,AggStabBind-mut,GOh1052
NeuralNetFastAI_BAG_L2,0.0165,0.2446,0.0095,0.146,0.8703,0.375,0.4335,0.2122,1,test,0.05,AggStabBind-mut,GOh1052
WeightedEnsemble_L2,0.0353,0.25,0.0,0.1647,0.8761,0.0,0.4914,0.2111,1,test,0.05,AggStabBind-mut,GOh1052
NeuralNetTorch_BAG_L1,0.0307,0.2476,0.0,0.1575,0.879,0.0,0.4781,0.2112,1,test,0.05,AggStabBind-mut,GOh1052
LightGBMLarge_BAG_L2,0.0282,0.2362,0.0,0.1113,0.9164,0.0,0.4904,0.2099,1,test,0.05,AggStabBind-mut,GOh1052
RandomForestEntr_BAG_L2,0.0269,0.2333,0.0,0.0997,0.9251,0.0,0.4929,0.2095,1,test,0.05,AggStabBind-mut,GOh1052
LightGBM_BAG_L1,0.0081,0.2279,0.0,0.0882,0.9222,0.0,0.4266,0.2094,1,test,0.05,AggStabBind-mut,GOh1052
LightGBM_BAG_L2,0.0199,0.2321,0.0,0.0983,0.9222,0.0,0.4626,0.2098,1,test,0.05,AggStabBind-mut,GOh1052
XGBoost_BAG_L1,0.0103,0.2333,0.0111,0.1055,0.8934,0.28,0.462,0.2082,1,test,0.05,AggStabBind-mut,GOh1052
RandomForestGini_BAG_L2,0.0237,0.2344,0.0,0.1069,0.9164,0.0,0.4774,0.2096,1,test,0.05,AggStabBind-mut,GOh1052
ExtraTreesEntr_BAG_L2,0.0383,0.2297,0.0,0.0766,0.9539,0.0,0.5464,0.2102,1,test,0.05,AggStabBind-mut,GOh1052
LightGBMXT_BAG_L1,0.0131,0.2213,0.0,0.0592,0.9481,0.0,0.4824,0.2073,1,test,0.05,AggStabBind-mut,GOh1052
ExtraTreesGini_BAG_L2,0.0296,0.2285,0.0,0.0766,0.9481,0.0,0.5096,0.2098,1,test,0.05,AggStabBind-mut,GOh1052
CatBoost_BAG_L2,0.0156,0.2285,0.0,0.0896,0.9222,0.0,0.4733,0.2077,1,test,0.05,AggStabBind-mut,GOh1052
LightGBMLarge_BAG_L1,0.0261,0.2231,0.0,0.0607,0.9539,0.0,0.5526,0.2074,1,test,0.05,AggStabBind-mut,GOh1052
ExtraTreesGini_BAG_L1,0.0328,0.2189,0.0,0.0361,0.9827,0.0,0.5814,0.2095,1,test,0.05,AggStabBind-mut,GOh1052
NeuralNetFastAI_BAG_L1,0.0145,0.2644,0.0379,0.2457,0.7147,0.3582,0.4913,0.197,1,test,0.05,AggStabBind-mut,GOh1052
ExtraTreesEntr_BAG_L1,0.0338,0.2165,0.0,0.0289,0.9856,0.0,0.6667,0.2084,1,test,0.05,AggStabBind-mut,GOh1052
CatBoost_BAG_L1,0.0233,0.2177,0.0,0.0361,0.9769,0.0,0.5319,0.2086,1,test,0.05,AggStabBind-mut,GOh1052
RandomForestGini_BAG_L1,0.0331,0.2261,0.0,0.0621,0.9654,0.0,0.5181,0.211,1,test,0.05,AggStabBind-mut,GOh1052
RandomForestEntr_BAG_L1,0.0115,0.2189,0.0,0.0506,0.9539,0.0,0.5,0.2067,1,test,0.05,AggStabBind-mut,GOh1052
KNeighborsDist_BAG_L1,0.0194,0.2769,0.1011,0.2168,0.7176,0.4211,0.4274,0.213,1,test,0.05,AggStabBind-mut,GOh1052
KNeighborsUnif_BAG_L1,0.004,0.2781,0.1122,0.237,0.6628,0.3817,0.411,0.2116,1,test,0.05,AggStabBind-mut,GOh1052
WeightedEnsemble_L3,0.4933,0.752,0.0909,0.6374,0.8716,1.0,0.7342,0.7588,2,train,0.05,AggStabBind-mut,GOh1052
XGBoost_BAG_L2,0.4886,0.748,0.1818,0.6374,0.8581,0.6667,0.725,0.7605,2,train,0.05,AggStabBind-mut,GOh1052
LightGBMXT_BAG_L2,0.4818,0.744,0.0,0.4945,0.9527,0.0,0.8333,0.7194,2,train,0.05,AggStabBind-mut,GOh1052
LightGBM_BAG_L2,0.4738,0.744,0.0,0.5604,0.9122,0.0,0.75,0.7418,2,train,0.05,AggStabBind-mut,GOh1052
LightGBMXT_BAG_L1,0.4484,0.732,0.0,0.5165,0.9189,0.0,0.7581,0.7234,2,train,0.05,AggStabBind-mut,GOh1052
WeightedEnsemble_L2,0.4484,0.732,0.0,0.5165,0.9189,0.0,0.7581,0.7234,2,train,0.05,AggStabBind-mut,GOh1052
LightGBMLarge_BAG_L2,0.439,0.728,0.0,0.5714,0.8784,0.0,0.7123,0.7345,2,train,0.05,AggStabBind-mut,GOh1052
LightGBM_BAG_L1,0.4388,0.728,0.0,0.5275,0.9054,0.0,0.75,0.7204,2,train,0.05,AggStabBind-mut,GOh1052
ExtraTreesGini_BAG_L2,0.4124,0.716,0.0,0.5385,0.8784,0.0,0.6901,0.7263,2,train,0.05,AggStabBind-mut,GOh1052
NeuralNetTorch_BAG_L2,0.4121,0.716,0.0,0.4835,0.9122,0.0,0.7213,0.7143,2,train,0.05,AggStabBind-mut,GOh1052
RandomForestEntr_BAG_L2,0.4046,0.712,0.0,0.5495,0.8649,0.0,0.6757,0.7273,2,train,0.05,AggStabBind-mut,GOh1052
NeuralNetTorch_BAG_L1,0.403,0.712,0.0,0.5165,0.8851,0.0,0.6912,0.7198,2,train,0.05,AggStabBind-mut,GOh1052
ExtraTreesEntr_BAG_L2,0.403,0.712,0.0,0.5165,0.8851,0.0,0.6912,0.7198,2,train,0.05,AggStabBind-mut,GOh1052
XGBoost_BAG_L1,0.3971,0.704,0.0,0.5934,0.8243,0.0,0.6506,0.7394,2,train,0.05,AggStabBind-mut,GOh1052
CatBoost_BAG_L2,0.3767,0.7,0.0,0.5055,0.8716,0.0,0.6667,0.7127,2,train,0.05,AggStabBind-mut,GOh1052
RandomForestGini_BAG_L2,0.3724,0.696,0.0,0.5495,0.8378,0.0,0.641,0.7209,2,train,0.05,AggStabBind-mut,GOh1052
ExtraTreesEntr_BAG_L1,0.3705,0.696,0.0,0.5055,0.8649,0.0,0.6571,0.7151,2,train,0.05,AggStabBind-mut,GOh1052
CatBoost_BAG_L1,0.367,0.696,0.0,0.4835,0.8784,0.0,0.6667,0.7065,2,train,0.05,AggStabBind-mut,GOh1052
ExtraTreesGini_BAG_L1,0.3609,0.692,0.0,0.4945,0.8649,0.0,0.6618,0.7072,2,train,0.05,AggStabBind-mut,GOh1052
LightGBMLarge_BAG_L1,0.3593,0.692,0.0,0.4176,0.9122,0.0,0.7037,0.6923,2,train,0.05,AggStabBind-mut,GOh1052
NeuralNetFastAI_BAG_L2,0.3509,0.68,0.0,0.5495,0.8108,0.0,0.6173,0.7273,2,train,0.05,AggStabBind-mut,GOh1052
NeuralNetFastAI_BAG_L1,0.3311,0.66,0.0,0.6154,0.7365,0.0,0.6022,0.7267,2,train,0.05,AggStabBind-mut,GOh1052
RandomForestGini_BAG_L1,0.3183,0.672,0.0,0.4945,0.8311,0.0,0.6081,0.6989,2,train,0.05,AggStabBind-mut,GOh1052
KNeighborsDist_BAG_L1,0.3118,0.66,0.1818,0.4286,0.8378,0.2,0.619,0.7006,2,train,0.05,AggStabBind-mut,GOh1052
RandomForestEntr_BAG_L1,0.3054,0.664,0.0,0.4945,0.8176,0.0,0.5921,0.6994,2,train,0.05,AggStabBind-mut,GOh1052
KNeighborsUnif_BAG_L1,0.2973,0.648,0.2727,0.4286,0.8108,0.2308,0.5909,0.7018,2,train,0.05,AggStabBind-mut,GOh1052
WeightedEnsemble_L3,-0.0,0.2388,0.0,0.1633,0.8242,0.0,0.4484,0.2016,2,test,0.05,AggStabBind-mut,GOh1052
XGBoost_BAG_L2,-0.0036,0.2382,0.0,0.1633,0.8213,0.0,0.438,0.2018,2,test,0.05,AggStabBind-mut,GOh1052
LightGBMXT_BAG_L2,-0.0056,0.2226,0.0,0.0882,0.8963,0.0,0.4519,0.2025,2,test,0.05,AggStabBind-mut,GOh1052
LightGBM_BAG_L2,-0.0238,0.2256,0.0,0.1257,0.8357,0.0,0.3973,0.1997,2,test,0.05,AggStabBind-mut,GOh1052
LightGBMXT_BAG_L1,-0.0089,0.2256,0.0,0.1084,0.8703,0.0,0.4412,0.2012,2,test,0.05,AggStabBind-mut,GOh1052
WeightedEnsemble_L2,-0.0089,0.2256,0.0,0.1084,0.8703,0.0,0.4412,0.2012,2,test,0.05,AggStabBind-mut,GOh1052
LightGBMLarge_BAG_L2,-0.004,0.2292,0.0,0.1214,0.8617,0.0,0.4516,0.2013,2,test,0.05,AggStabBind-mut,GOh1052
LightGBM_BAG_L1,-0.0213,0.2226,0.0,0.1156,0.8415,0.0,0.4396,0.1961,2,test,0.05,AggStabBind-mut,GOh1052
ExtraTreesGini_BAG_L2,-0.0004,0.2268,0.0,0.1098,0.8732,0.0,0.4872,0.2,2,test,0.05,AggStabBind-mut,GOh1052
NeuralNetTorch_BAG_L2,0.0263,0.2478,0.0,0.1734,0.8473,0.0,0.5,0.2055,2,test,0.05,AggStabBind-mut,GOh1052
RandomForestEntr_BAG_L2,-0.0221,0.2256,0.0,0.1286,0.83,0.0,0.4178,0.1975,2,test,0.05,AggStabBind-mut,GOh1052
NeuralNetTorch_BAG_L1,-0.0071,0.249,0.0,0.2197,0.7608,0.0,0.4211,0.2015,2,test,0.05,AggStabBind-mut,GOh1052
ExtraTreesEntr_BAG_L2,-0.0154,0.2226,0.0,0.1069,0.8588,0.0,0.454,0.1976,2,test,0.05,AggStabBind-mut,GOh1052
XGBoost_BAG_L1,0.0127,0.2591,0.0032,0.2413,0.7608,0.4,0.4588,0.2028,2,test,0.05,AggStabBind-mut,GOh1052
CatBoost_BAG_L2,-0.0183,0.2226,0.0,0.1098,0.853,0.0,0.4419,0.1975,2,test,0.05,AggStabBind-mut,GOh1052
RandomForestGini_BAG_L2,-0.0148,0.2286,0.0,0.1315,0.8386,0.0,0.4233,0.1999,2,test,0.05,AggStabBind-mut,GOh1052
ExtraTreesEntr_BAG_L1,0.0031,0.2334,0.0,0.1402,0.8444,0.0,0.4874,0.199,2,test,0.05,AggStabBind-mut,GOh1052
CatBoost_BAG_L1,-0.0037,0.2268,0.0,0.1069,0.879,0.0,0.4485,0.2025,2,test,0.05,AggStabBind-mut,GOh1052
ExtraTreesGini_BAG_L1,0.0224,0.2525,0.0,0.1951,0.8271,0.0,0.472,0.2072,2,test,0.05,AggStabBind-mut,GOh1052
LightGBMLarge_BAG_L1,-0.0085,0.2304,0.0,0.1402,0.83,0.0,0.4619,0.1971,2,test,0.05,AggStabBind-mut,GOh1052
NeuralNetFastAI_BAG_L2,0.0279,0.2861,0.0047,0.3251,0.7205,0.375,0.442,0.2166,2,test,0.05,AggStabBind-mut,GOh1052
NeuralNetFastAI_BAG_L1,0.0024,0.2717,0.0095,0.3064,0.6801,0.5,0.4257,0.2033,2,test,0.05,AggStabBind-mut,GOh1052
RandomForestGini_BAG_L1,0.0034,0.2621,0.0,0.2616,0.7406,0.0,0.4239,0.2066,2,test,0.05,AggStabBind-mut,GOh1052
KNeighborsDist_BAG_L1,-0.0289,0.2555,0.0079,0.263,0.6916,0.1562,0.3753,0.208,2,test,0.05,AggStabBind-mut,GOh1052
RandomForestEntr_BAG_L1,-0.0173,0.2454,0.0,0.2269,0.7291,0.0,0.4232,0.1946,2,test,0.05,AggStabBind-mut,GOh1052
KNeighborsUnif_BAG_L1,-0.0297,0.2579,0.0174,0.2702,0.6715,0.2157,0.3778,0.2071,2,test,0.05,AggStabBind-mut,GOh1052
WeightedEnsemble_L3,0.4195,0.708,0.0,0.4318,0.9586,0.0,0.76,0.695,3,train,0.05,AggStabBind-mut,GOh1052
LightGBMXT_BAG_L2,0.409,0.704,0.0,0.4318,0.9517,0.0,0.7451,0.6935,3,train,0.05,AggStabBind-mut,GOh1052
NeuralNetTorch_BAG_L1,0.4024,0.7,0.0,0.5909,0.8483,0.0,0.619,0.741,3,train,0.05,AggStabBind-mut,GOh1052
WeightedEnsemble_L2,0.4024,0.7,0.0,0.5909,0.8483,0.0,0.619,0.741,3,train,0.05,AggStabBind-mut,GOh1052
LightGBMLarge_BAG_L2,0.402,0.7,0.0,0.4091,0.9586,0.0,0.75,0.6881,3,train,0.05,AggStabBind-mut,GOh1052
XGBoost_BAG_L2,0.3961,0.696,0.0588,0.5568,0.8552,0.25,0.6533,0.7251,3,train,0.05,AggStabBind-mut,GOh1052
NeuralNetTorch_BAG_L2,0.3869,0.696,0.0,0.5,0.8966,0.0,0.6377,0.7182,3,train,0.05,AggStabBind-mut,GOh1052
LightGBM_BAG_L2,0.3535,0.68,0.0,0.3636,0.9517,0.0,0.6809,0.6798,3,train,0.05,AggStabBind-mut,GOh1052
LightGBMXT_BAG_L1,0.353,0.68,0.0,0.3977,0.931,0.0,0.6863,0.6818,3,train,0.05,AggStabBind-mut,GOh1052
LightGBM_BAG_L1,0.3519,0.68,0.0,0.4318,0.9103,0.0,0.6333,0.6984,3,train,0.05,AggStabBind-mut,GOh1052
XGBoost_BAG_L1,0.3443,0.668,0.0,0.5227,0.8345,0.0,0.5974,0.7246,3,train,0.05,AggStabBind-mut,GOh1052
CatBoost_BAG_L2,0.3259,0.668,0.0,0.4545,0.8759,0.0,0.5882,0.6978,3,train,0.05,AggStabBind-mut,GOh1052
LightGBMLarge_BAG_L1,0.3231,0.664,0.0,0.4545,0.869,0.0,0.597,0.7,3,train,0.05,AggStabBind-mut,GOh1052
NeuralNetFastAI_BAG_L2,0.314,0.644,0.1176,0.5795,0.7448,0.2857,0.5543,0.7152,3,train,0.05,AggStabBind-mut,GOh1052
RandomForestEntr_BAG_L2,0.3065,0.66,0.0,0.4205,0.8828,0.0,0.5781,0.6882,3,train,0.05,AggStabBind-mut,GOh1052
ExtraTreesEntr_BAG_L2,0.306,0.66,0.0,0.4318,0.8759,0.0,0.6032,0.6791,3,train,0.05,AggStabBind-mut,GOh1052
ExtraTreesGini_BAG_L2,0.2976,0.656,0.0,0.4205,0.8759,0.0,0.5781,0.6828,3,train,0.05,AggStabBind-mut,GOh1052
RandomForestGini_BAG_L1,0.2846,0.648,0.0,0.4545,0.8414,0.0,0.5634,0.6816,3,train,0.05,AggStabBind-mut,GOh1052
CatBoost_BAG_L1,0.2793,0.648,0.0,0.4091,0.869,0.0,0.5714,0.6738,3,train,0.05,AggStabBind-mut,GOh1052
RandomForestEntr_BAG_L1,0.2699,0.64,0.0,0.4318,0.8414,0.0,0.5352,0.6854,3,train,0.05,AggStabBind-mut,GOh1052
RandomForestGini_BAG_L2,0.2691,0.64,0.0,0.4318,0.8414,0.0,0.5429,0.6816,3,train,0.05,AggStabBind-mut,GOh1052
NeuralNetFastAI_BAG_L1,0.2672,0.612,0.0,0.5,0.7517,0.0,0.5238,0.7267,3,train,0.05,AggStabBind-mut,GOh1052
ExtraTreesEntr_BAG_L1,0.2582,0.636,0.0,0.375,0.869,0.0,0.55,0.6738,3,train,0.05,AggStabBind-mut,GOh1052
KNeighborsUnif_BAG_L1,0.2397,0.612,0.0,0.4545,0.7793,0.0,0.5195,0.689,3,train,0.05,AggStabBind-mut,GOh1052
ExtraTreesGini_BAG_L1,0.2342,0.624,0.0,0.375,0.8483,0.0,0.5238,0.6685,3,train,0.05,AggStabBind-mut,GOh1052
KNeighborsDist_BAG_L1,0.2315,0.612,0.0,0.4432,0.7862,0.0,0.5417,0.6706,3,train,0.05,AggStabBind-mut,GOh1052
WeightedEnsemble_L3,0.0214,0.2352,0.0,0.1143,0.9023,0.0,0.4907,0.2079,3,test,0.05,AggStabBind-mut,GOh1052
LightGBMXT_BAG_L2,0.0166,0.2358,0.0,0.1245,0.8851,0.0,0.4859,0.2062,3,test,0.05,AggStabBind-mut,GOh1052
NeuralNetTorch_BAG_L1,0.0097,0.2627,0.0,0.2634,0.7385,0.0,0.4494,0.203,3,test,0.05,AggStabBind-mut,GOh1052
WeightedEnsemble_L2,0.0097,0.2627,0.0,0.2634,0.7385,0.0,0.4494,0.203,3,test,0.05,AggStabBind-mut,GOh1052
LightGBMLarge_BAG_L2,0.0041,0.2298,0.0,0.11,0.8851,0.0,0.4634,0.2044,3,test,0.05,AggStabBind-mut,GOh1052
XGBoost_BAG_L2,-0.0111,0.2579,0.0032,0.2619,0.7126,1.0,0.404,0.2031,3,test,0.05,AggStabBind-mut,GOh1052
NeuralNetTorch_BAG_L2,-0.0025,0.2364,0.0,0.1534,0.8305,0.0,0.4473,0.2015,3,test,0.05,AggStabBind-mut,GOh1052
LightGBM_BAG_L2,0.0291,0.2226,0.0,0.0521,0.9655,0.0,0.5538,0.2092,3,test,0.05,AggStabBind-mut,GOh1052
LightGBMXT_BAG_L1,0.0131,0.2286,0.0,0.0912,0.9167,0.0,0.4737,0.2074,3,test,0.05,AggStabBind-mut,GOh1052
LightGBM_BAG_L1,0.0249,0.2406,0.0,0.1346,0.8879,0.0,0.4895,0.2086,3,test,0.05,AggStabBind-mut,GOh1052
XGBoost_BAG_L1,0.0151,0.2687,0.0,0.2793,0.7356,0.0,0.4531,0.2066,3,test,0.05,AggStabBind-mut,GOh1052
CatBoost_BAG_L2,0.0083,0.2412,0.0,0.1606,0.8391,0.0,0.4606,0.2042,3,test,0.05,AggStabBind-mut,GOh1052
LightGBMLarge_BAG_L1,-0.0156,0.2406,0.0,0.2041,0.75,0.0,0.442,0.1932,3,test,0.05,AggStabBind-mut,GOh1052
NeuralNetFastAI_BAG_L2,0.0083,0.2723,0.0079,0.2808,0.7356,0.2174,0.4154,0.2168,3,test,0.05,AggStabBind-mut,GOh1052
RandomForestEntr_BAG_L2,0.0057,0.2394,0.0,0.1548,0.842,0.0,0.4553,0.204,3,test,0.05,AggStabBind-mut,GOh1052
ExtraTreesEntr_BAG_L2,0.0291,0.2418,0.0,0.1433,0.8764,0.0,0.5266,0.2057,3,test,0.05,AggStabBind-mut,GOh1052
ExtraTreesGini_BAG_L2,0.0452,0.2484,0.0,0.1505,0.8937,0.0,0.5389,0.2104,3,test,0.05,AggStabBind-mut,GOh1052
RandomForestGini_BAG_L1,0.0159,0.2418,0.0,0.1418,0.8793,0.0,0.4395,0.2113,3,test,0.05,AggStabBind-mut,GOh1052
CatBoost_BAG_L1,0.0136,0.2274,0.0,0.0883,0.9167,0.0,0.4959,0.2061,3,test,0.05,AggStabBind-mut,GOh1052
RandomForestEntr_BAG_L1,0.0114,0.2328,0.0,0.1187,0.8822,0.0,0.4881,0.2043,3,test,0.05,AggStabBind-mut,GOh1052
RandomForestGini_BAG_L2,-0.0126,0.2394,0.0,0.1737,0.8046,0.0,0.4027,0.2039,3,test,0.05,AggStabBind-mut,GOh1052
NeuralNetFastAI_BAG_L1,0.0121,0.2639,0.0301,0.2446,0.727,0.4872,0.4543,0.2008,3,test,0.05,AggStabBind-mut,GOh1052
ExtraTreesEntr_BAG_L1,0.0265,0.2256,0.0,0.068,0.9483,0.0,0.5402,0.2083,3,test,0.05,AggStabBind-mut,GOh1052
KNeighborsUnif_BAG_L1,-0.0105,0.2729,0.0949,0.2518,0.6379,0.3871,0.3893,0.2077,3,test,0.05,AggStabBind-mut,GOh1052
ExtraTreesGini_BAG_L1,0.017,0.2232,0.0,0.0622,0.9483,0.0,0.4943,0.2083,3,test,0.05,AggStabBind-mut,GOh1052
KNeighborsDist_BAG_L1,0.008,0.2759,0.087,0.2373,0.6954,0.3846,0.4141,0.2138,3,test,0.05,AggStabBind-mut,GOh1052
LightGBM_BAG_L2,0.4882,0.7146,0.1739,0.7225,0.8158,1.0,0.713,0.7072,0,train,0.1,AggStabBind-mut,GOh1052
WeightedEnsemble_L3,0.4882,0.7146,0.1739,0.7225,0.8158,1.0,0.713,0.7072,0,train,0.1,AggStabBind-mut,GOh1052
LightGBMXT_BAG_L2,0.4321,0.6846,0.1304,0.7093,0.7719,0.8571,0.6708,0.6929,0,train,0.1,AggStabBind-mut,GOh1052
XGBoost_BAG_L2,0.4294,0.6806,0.2174,0.6872,0.7675,0.6667,0.6753,0.6863,0,train,0.1,AggStabBind-mut,GOh1052
LightGBMLarge_BAG_L2,0.4197,0.6766,0.2174,0.7181,0.7281,0.9091,0.6468,0.6975,0,train,0.1,AggStabBind-mut,GOh1052
LightGBM_BAG_L1,0.4117,0.6727,0.1304,0.6828,0.7719,0.6667,0.671,0.6743,0,train,0.1,AggStabBind-mut,GOh1052
WeightedEnsemble_L2,0.4117,0.6727,0.1304,0.6828,0.7719,0.6667,0.671,0.6743,0,train,0.1,AggStabBind-mut,GOh1052
LightGBMXT_BAG_L1,0.407,0.6687,0.1739,0.6872,0.75,0.5714,0.6638,0.6786,0,train,0.1,AggStabBind-mut,GOh1052
RandomForestGini_BAG_L2,0.4014,0.6667,0.2174,0.6828,0.7412,0.9091,0.6485,0.6733,0,train,0.1,AggStabBind-mut,GOh1052
NeuralNetTorch_BAG_L1,0.3894,0.6567,0.1522,0.6608,0.7544,0.35,0.6608,0.6772,0,train,0.1,AggStabBind-mut,GOh1052
CatBoost_BAG_L2,0.3888,0.6607,0.1739,0.6828,0.7368,1.0,0.654,0.6562,0,train,0.1,AggStabBind-mut,GOh1052
RandomForestEntr_BAG_L2,0.3834,0.6567,0.1957,0.674,0.7325,0.8182,0.6483,0.6575,0,train,0.1,AggStabBind-mut,GOh1052
ExtraTreesGini_BAG_L2,0.3783,0.6547,0.1739,0.674,0.7325,0.8889,0.6349,0.6653,0,train,0.1,AggStabBind-mut,GOh1052
LightGBMLarge_BAG_L1,0.3763,0.6507,0.1522,0.652,0.75,0.4375,0.6578,0.6577,0,train,0.1,AggStabBind-mut,GOh1052
RandomForestGini_BAG_L1,0.3644,0.6467,0.1957,0.6696,0.7149,0.9,0.6307,0.652,0,train,0.1,AggStabBind-mut,GOh1052
XGBoost_BAG_L1,0.3634,0.6427,0.2174,0.6564,0.7149,0.5263,0.6422,0.652,0,train,0.1,AggStabBind-mut,GOh1052
NeuralNetTorch_BAG_L2,0.3631,0.6467,0.0652,0.6211,0.7895,1.0,0.6589,0.6338,0,train,0.1,AggStabBind-mut,GOh1052
ExtraTreesEntr_BAG_L2,0.3574,0.6427,0.1739,0.652,0.7281,0.8,0.6352,0.6434,0,train,0.1,AggStabBind-mut,GOh1052
CatBoost_BAG_L1,0.3478,0.6387,0.1304,0.6696,0.7105,0.8571,0.623,0.648,0,train,0.1,AggStabBind-mut,GOh1052
ExtraTreesGini_BAG_L1,0.3389,0.6327,0.1739,0.6696,0.6886,0.8,0.6154,0.6434,0,train,0.1,AggStabBind-mut,GOh1052
ExtraTreesEntr_BAG_L1,0.3347,0.6307,0.1522,0.6432,0.7149,0.7778,0.616,0.6392,0,train,0.1,AggStabBind-mut,GOh1052
RandomForestEntr_BAG_L1,0.3105,0.6168,0.1957,0.6476,0.6711,0.8182,0.6049,0.6194,0,train,0.1,AggStabBind-mut,GOh1052
NeuralNetFastAI_BAG_L2,0.2921,0.5968,0.2609,0.5815,0.6798,0.375,0.5973,0.625,0,train,0.1,AggStabBind-mut,GOh1052
KNeighborsDist_BAG_L1,0.2859,0.5968,0.1304,0.6256,0.6623,0.24,0.6121,0.6189,0,train,0.1,AggStabBind-mut,GOh1052
KNeighborsUnif_BAG_L1,0.2588,0.5768,0.1304,0.6476,0.5965,0.1765,0.6025,0.6099,0,train,0.1,AggStabBind-mut,GOh1052
NeuralNetFastAI_BAG_L1,0.2149,0.5569,0.2174,0.5859,0.5965,0.4,0.5542,0.5763,0,train,0.1,AggStabBind-mut,GOh1052
LightGBM_BAG_L2,0.0521,0.323,0.0142,0.4133,0.704,1.0,0.4157,0.2513,0,test,0.1,AggStabBind-mut,GOh1052
WeightedEnsemble_L3,0.0521,0.323,0.0142,0.4133,0.704,1.0,0.4157,0.2513,0,test,0.1,AggStabBind-mut,GOh1052
LightGBMXT_BAG_L2,0.0513,0.3295,0.0142,0.4494,0.6638,1.0,0.4186,0.2511,0,test,0.1,AggStabBind-mut,GOh1052
XGBoost_BAG_L2,0.0608,0.3373,0.0222,0.4538,0.6782,0.875,0.4159,0.2619,0,test,0.1,AggStabBind-mut,GOh1052
LightGBMLarge_BAG_L2,0.0471,0.3176,0.0127,0.396,0.7155,0.8889,0.4102,0.2503,0,test,0.1,AggStabBind-mut,GOh1052
LightGBM_BAG_L1,0.0584,0.3295,0.0237,0.448,0.6494,0.6818,0.4435,0.2376,0,test,0.1,AggStabBind-mut,GOh1052
WeightedEnsemble_L2,0.0584,0.3295,0.0237,0.448,0.6494,0.6818,0.4435,0.2376,0,test,0.1,AggStabBind-mut,GOh1052
LightGBMXT_BAG_L1,0.0608,0.3337,0.0237,0.4523,0.6609,0.6818,0.4341,0.2476,0,test,0.1,AggStabBind-mut,GOh1052
RandomForestGini_BAG_L2,0.0562,0.3325,0.0237,0.4451,0.6695,0.9375,0.4173,0.2538,0,test,0.1,AggStabBind-mut,GOh1052
NeuralNetTorch_BAG_L1,0.0425,0.3176,0.0443,0.3757,0.6983,0.5091,0.4025,0.2503,0,test,0.1,AggStabBind-mut,GOh1052
CatBoost_BAG_L2,0.0576,0.3331,0.0111,0.4595,0.6667,1.0,0.4268,0.2522,0,test,0.1,AggStabBind-mut,GOh1052
RandomForestEntr_BAG_L2,0.0715,0.3385,0.0222,0.4538,0.6839,0.9333,0.4373,0.2535,0,test,0.1,AggStabBind-mut,GOh1052
ExtraTreesGini_BAG_L2,0.0626,0.3373,0.019,0.4668,0.658,1.0,0.4301,0.2519,0,test,0.1,AggStabBind-mut,GOh1052
LightGBMLarge_BAG_L1,0.0632,0.3397,0.0142,0.487,0.6379,0.8182,0.4388,0.2486,0,test,0.1,AggStabBind-mut,GOh1052
RandomForestGini_BAG_L1,0.0632,0.3379,0.0142,0.474,0.6552,1.0,0.4339,0.2514,0,test,0.1,AggStabBind-mut,GOh1052
XGBoost_BAG_L1,0.0809,0.3505,0.0491,0.4754,0.6494,0.6739,0.4458,0.2545,0,test,0.1,AggStabBind-mut,GOh1052
NeuralNetTorch_BAG_L2,0.0512,0.3224,0.0079,0.4046,0.7299,1.0,0.4052,0.2602,0,test,0.1,AggStabBind-mut,GOh1052
ExtraTreesEntr_BAG_L2,0.0678,0.3355,0.0174,0.4523,0.681,1.0,0.4378,0.2505,0,test,0.1,AggStabBind-mut,GOh1052
CatBoost_BAG_L1,0.0564,0.3295,0.0079,0.4509,0.6724,1.0,0.4309,0.2481,0,test,0.1,AggStabBind-mut,GOh1052
ExtraTreesGini_BAG_L1,0.0659,0.3415,0.0063,0.4986,0.6379,1.0,0.444,0.2492,0,test,0.1,AggStabBind-mut,GOh1052
ExtraTreesEntr_BAG_L1,0.0657,0.3415,0.0095,0.4971,0.6351,1.0,0.4433,0.2483,0,test,0.1,AggStabBind-mut,GOh1052
RandomForestEntr_BAG_L1,0.0707,0.3451,0.0174,0.4899,0.6523,0.9167,0.4369,0.2568,0,test,0.1,AggStabBind-mut,GOh1052
NeuralNetFastAI_BAG_L2,0.1264,0.381,0.1677,0.4335,0.6638,0.7162,0.4539,0.2677,0,test,0.1,AggStabBind-mut,GOh1052
KNeighborsDist_BAG_L1,0.107,0.3822,0.1582,0.4841,0.5862,0.6944,0.4368,0.2681,0,test,0.1,AggStabBind-mut,GOh1052
KNeighborsUnif_BAG_L1,0.1086,0.3941,0.1994,0.5145,0.5086,0.6562,0.44,0.2638,0,test,0.1,AggStabBind-mut,GOh1052
NeuralNetFastAI_BAG_L1,0.0961,0.3804,0.144,0.5058,0.5603,0.6319,0.4337,0.2705,0,test,0.1,AggStabBind-mut,GOh1052
WeightedEnsemble_L2,0.4858,0.7186,0.2045,0.6881,0.8314,0.9,0.6915,0.731,1,train,0.1,AggStabBind-mut,GOh1052
LightGBMXT_BAG_L2,0.4853,0.7186,0.1818,0.6535,0.8627,1.0,0.7174,0.712,1,train,0.1,AggStabBind-mut,GOh1052
WeightedEnsemble_L3,0.4853,0.7186,0.1818,0.6535,0.8627,1.0,0.7174,0.712,1,train,0.1,AggStabBind-mut,GOh1052
XGBoost_BAG_L2,0.4797,0.7146,0.2273,0.6881,0.8196,0.8333,0.678,0.7359,1,train,0.1,AggStabBind-mut,GOh1052
LightGBM_BAG_L2,0.478,0.7146,0.2045,0.6436,0.8588,1.0,0.7027,0.7134,1,train,0.1,AggStabBind-mut,GOh1052
LightGBMLarge_BAG_L2,0.4747,0.7126,0.2045,0.6832,0.8235,0.9,0.6832,0.7266,1,train,0.1,AggStabBind-mut,GOh1052
LightGBMXT_BAG_L1,0.4627,0.7066,0.1818,0.6634,0.8314,0.8889,0.6837,0.7162,1,train,0.1,AggStabBind-mut,GOh1052
NeuralNetTorch_BAG_L2,0.4547,0.7026,0.1364,0.6881,0.8118,1.0,0.6619,0.7263,1,train,0.1,AggStabBind-mut,GOh1052
RandomForestEntr_BAG_L2,0.4405,0.6946,0.1818,0.6584,0.8118,0.8889,0.6617,0.7113,1,train,0.1,AggStabBind-mut,GOh1052
ExtraTreesEntr_BAG_L2,0.4401,0.6946,0.1818,0.6386,0.8275,0.8889,0.6684,0.7057,1,train,0.1,AggStabBind-mut,GOh1052
CatBoost_BAG_L2,0.4393,0.6946,0.1591,0.6535,0.8196,1.0,0.6633,0.7085,1,train,0.1,AggStabBind-mut,GOh1052
RandomForestGini_BAG_L2,0.4331,0.6906,0.1591,0.6485,0.8157,0.7778,0.6517,0.7148,1,train,0.1,AggStabBind-mut,GOh1052
NeuralNetTorch_BAG_L1,0.4316,0.6866,0.1591,0.6485,0.8078,0.3684,0.665,0.7228,1,train,0.1,AggStabBind-mut,GOh1052
ExtraTreesGini_BAG_L2,0.4291,0.6886,0.1818,0.6386,0.8157,0.8889,0.6548,0.7051,1,train,0.1,AggStabBind-mut,GOh1052
LightGBM_BAG_L1,0.4234,0.6846,0.2045,0.6287,0.8118,0.75,0.648,0.7065,1,train,0.1,AggStabBind-mut,GOh1052
NeuralNetFastAI_BAG_L2,0.4079,0.6727,0.2273,0.6683,0.7529,0.5556,0.6338,0.7111,1,train,0.1,AggStabBind-mut,GOh1052
XGBoost_BAG_L1,0.4061,0.6747,0.1591,0.6584,0.7765,0.5833,0.6425,0.7021,1,train,0.1,AggStabBind-mut,GOh1052
ExtraTreesGini_BAG_L1,0.405,0.6766,0.1591,0.6139,0.8157,1.0,0.6458,0.6887,1,train,0.1,AggStabBind-mut,GOh1052
RandomForestGini_BAG_L1,0.3992,0.6727,0.1364,0.6386,0.7922,0.75,0.6324,0.699,1,train,0.1,AggStabBind-mut,GOh1052
CatBoost_BAG_L1,0.3977,0.6727,0.1136,0.6386,0.7961,0.8333,0.6355,0.6952,1,train,0.1,AggStabBind-mut,GOh1052
RandomForestEntr_BAG_L1,0.392,0.6687,0.1591,0.6337,0.7843,0.875,0.6214,0.6969,1,train,0.1,AggStabBind-mut,GOh1052
LightGBMLarge_BAG_L1,0.3816,0.6607,0.1818,0.6287,0.7686,0.5714,0.6165,0.6975,1,train,0.1,AggStabBind-mut,GOh1052
ExtraTreesEntr_BAG_L1,0.3778,0.6607,0.1818,0.6238,0.7725,0.8889,0.6117,0.6888,1,train,0.1,AggStabBind-mut,GOh1052
KNeighborsDist_BAG_L1,0.3266,0.6307,0.1591,0.5693,0.7608,0.4118,0.599,0.6644,1,train,0.1,AggStabBind-mut,GOh1052
NeuralNetFastAI_BAG_L1,0.3035,0.6148,0.1818,0.5446,0.7451,0.32,0.5914,0.6552,1,train,0.1,AggStabBind-mut,GOh1052
KNeighborsUnif_BAG_L1,0.2585,0.5908,0.1818,0.5297,0.7098,0.3636,0.5487,0.6373,1,train,0.1,AggStabBind-mut,GOh1052
WeightedEnsemble_L2,0.0794,0.3343,0.019,0.435,0.7089,0.6,0.4631,0.2455,1,test,0.1,AggStabBind-mut,GOh1052
LightGBMXT_BAG_L2,0.062,0.3248,0.0079,0.4292,0.6945,0.625,0.448,0.2408,1,test,0.1,AggStabBind-mut,GOh1052
WeightedEnsemble_L3,0.062,0.3248,0.0079,0.4292,0.6945,0.625,0.448,0.2408,1,test,0.1,AggStabBind-mut,GOh1052
XGBoost_BAG_L2,0.0532,0.3218,0.0126,0.435,0.6599,0.6154,0.4473,0.2323,1,test,0.1,AggStabBind-mut,GOh1052
LightGBM_BAG_L2,0.0588,0.3206,0.0095,0.422,0.6859,0.6,0.4541,0.2336,1,test,0.1,AggStabBind-mut,GOh1052
LightGBMLarge_BAG_L2,0.0545,0.3158,0.0111,0.4104,0.683,0.6364,0.4551,0.2285,1,test,0.1,AggStabBind-mut,GOh1052
LightGBMXT_BAG_L1,0.0523,0.3206,0.019,0.4306,0.6513,0.5455,0.4522,0.2281,1,test,0.1,AggStabBind-mut,GOh1052
NeuralNetTorch_BAG_L2,0.0695,0.3301,0.0126,0.4436,0.683,1.0,0.4568,0.2389,1,test,0.1,AggStabBind-mut,GOh1052
RandomForestEntr_BAG_L2,0.0662,0.3278,0.0158,0.4306,0.6916,0.6667,0.4508,0.241,1,test,0.1,AggStabBind-mut,GOh1052
ExtraTreesEntr_BAG_L2,0.0745,0.3301,0.0111,0.4306,0.7118,0.875,0.4578,0.2438,1,test,0.1,AggStabBind-mut,GOh1052
CatBoost_BAG_L2,0.0695,0.3278,0.0079,0.4321,0.7032,0.8333,0.4558,0.2416,1,test,0.1,AggStabBind-mut,GOh1052
RandomForestGini_BAG_L2,0.0737,0.3343,0.0205,0.4494,0.6772,0.7647,0.4594,0.2403,1,test,0.1,AggStabBind-mut,GOh1052
NeuralNetTorch_BAG_L1,0.056,0.3289,0.049,0.4321,0.634,0.3827,0.4586,0.2343,1,test,0.1,AggStabBind-mut,GOh1052
ExtraTreesGini_BAG_L2,0.0716,0.3283,0.0142,0.4263,0.7061,0.8182,0.456,0.2416,1,test,0.1,AggStabBind-mut,GOh1052
LightGBM_BAG_L1,0.044,0.3266,0.0237,0.4509,0.6311,0.5,0.4245,0.2415,1,test,0.1,AggStabBind-mut,GOh1052
NeuralNetFastAI_BAG_L2,0.146,0.4055,0.188,0.5101,0.5937,0.7829,0.4663,0.27,1,test,0.1,AggStabBind-mut,GOh1052
XGBoost_BAG_L1,0.0532,0.3278,0.0395,0.4292,0.6513,0.5682,0.4304,0.2409,1,test,0.1,AggStabBind-mut,GOh1052
ExtraTreesGini_BAG_L1,0.0712,0.3248,0.0063,0.4176,0.7205,0.6667,0.4609,0.2406,1,test,0.1,AggStabBind-mut,GOh1052
RandomForestGini_BAG_L1,0.0724,0.3325,0.0095,0.4393,0.7089,0.75,0.4484,0.2495,1,test,0.1,AggStabBind-mut,GOh1052
CatBoost_BAG_L1,0.0629,0.3212,0.0063,0.4075,0.7233,0.8,0.4441,0.2432,1,test,0.1,AggStabBind-mut,GOh1052
RandomForestEntr_BAG_L1,0.0736,0.3272,0.0126,0.4263,0.7032,0.6667,0.469,0.2367,1,test,0.1,AggStabBind-mut,GOh1052
LightGBMLarge_BAG_L1,0.0522,0.3188,0.0221,0.4147,0.6686,0.5185,0.4477,0.2311,1,test,0.1,AggStabBind-mut,GOh1052
ExtraTreesEntr_BAG_L1,0.0495,0.317,0.0095,0.4147,0.683,0.6667,0.4375,0.2354,1,test,0.1,AggStabBind-mut,GOh1052
KNeighborsDist_BAG_L1,0.0844,0.3511,0.1058,0.422,0.6571,0.5537,0.4458,0.2545,1,test,0.1,AggStabBind-mut,GOh1052
NeuralNetFastAI_BAG_L1,0.1051,0.3618,0.1453,0.4032,0.6744,0.5318,0.4713,0.258,1,test,0.1,AggStabBind-mut,GOh1052
KNeighborsUnif_BAG_L1,0.0835,0.363,0.1295,0.4624,0.5908,0.5359,0.4438,0.2569,1,test,0.1,AggStabBind-mut,GOh1052
WeightedEnsemble_L3,0.4593,0.7026,0.3243,0.6318,0.8238,0.9231,0.7316,0.6745,2,train,0.1,AggStabBind-mut,GOh1052
LightGBMXT_BAG_L2,0.4568,0.7006,0.3243,0.6227,0.8279,0.8571,0.7326,0.6733,2,train,0.1,AggStabBind-mut,GOh1052
LightGBM_BAG_L2,0.4434,0.6946,0.3243,0.6636,0.7787,0.8,0.7122,0.6762,2,train,0.1,AggStabBind-mut,GOh1052
XGBoost_BAG_L2,0.4382,0.6906,0.3243,0.6364,0.7951,0.7059,0.7143,0.6736,2,train,0.1,AggStabBind-mut,GOh1052
LightGBMLarge_BAG_L2,0.4329,0.6886,0.2973,0.6455,0.7869,0.7333,0.7136,0.669,2,train,0.1,AggStabBind-mut,GOh1052
LightGBMXT_BAG_L1,0.4168,0.6826,0.1892,0.6727,0.7664,0.7778,0.6884,0.6751,2,train,0.1,AggStabBind-mut,GOh1052
WeightedEnsemble_L2,0.4168,0.6826,0.1892,0.6727,0.7664,0.7778,0.6884,0.6751,2,train,0.1,AggStabBind-mut,GOh1052
NeuralNetFastAI_BAG_L2,0.4167,0.6727,0.4865,0.6682,0.7049,0.5455,0.6712,0.6908,2,train,0.1,AggStabBind-mut,GOh1052
NeuralNetTorch_BAG_L2,0.412,0.6786,0.2162,0.6091,0.8115,0.8,0.6943,0.6644,2,train,0.1,AggStabBind-mut,GOh1052
LightGBMLarge_BAG_L1,0.407,0.6766,0.2703,0.6591,0.7541,0.9091,0.6713,0.6715,2,train,0.1,AggStabBind-mut,GOh1052
XGBoost_BAG_L1,0.3981,0.6687,0.3514,0.6409,0.7418,0.6842,0.6714,0.6654,2,train,0.1,AggStabBind-mut,GOh1052
LightGBM_BAG_L1,0.3959,0.6707,0.2973,0.6455,0.75,1.0,0.6698,0.6583,2,train,0.1,AggStabBind-mut,GOh1052
RandomForestGini_BAG_L2,0.3846,0.6627,0.3243,0.5909,0.7787,0.8571,0.6736,0.6463,2,train,0.1,AggStabBind-mut,GOh1052
ExtraTreesEntr_BAG_L1,0.3818,0.6627,0.2973,0.6409,0.7377,0.9167,0.6498,0.6618,2,train,0.1,AggStabBind-mut,GOh1052
ExtraTreesGini_BAG_L2,0.3811,0.6607,0.3243,0.5818,0.7828,0.8571,0.6702,0.6453,2,train,0.1,AggStabBind-mut,GOh1052
RandomForestEntr_BAG_L1,0.3789,0.6607,0.3243,0.6273,0.7418,0.9231,0.6479,0.6582,2,train,0.1,AggStabBind-mut,GOh1052
RandomForestEntr_BAG_L2,0.3778,0.6587,0.3243,0.5727,0.7869,0.8571,0.6702,0.6421,2,train,0.1,AggStabBind-mut,GOh1052
CatBoost_BAG_L2,0.3762,0.6587,0.3243,0.5909,0.7705,0.9231,0.6667,0.6416,2,train,0.1,AggStabBind-mut,GOh1052
ExtraTreesEntr_BAG_L2,0.3688,0.6547,0.3243,0.5818,0.7705,0.9231,0.6598,0.6395,2,train,0.1,AggStabBind-mut,GOh1052
ExtraTreesGini_BAG_L1,0.3553,0.6487,0.2973,0.6273,0.7213,1.0,0.6244,0.6543,2,train,0.1,AggStabBind-mut,GOh1052
CatBoost_BAG_L1,0.3482,0.6467,0.1892,0.6273,0.7336,1.0,0.6359,0.6462,2,train,0.1,AggStabBind-mut,GOh1052
KNeighborsDist_BAG_L1,0.3397,0.6367,0.3243,0.5773,0.7377,0.6316,0.6256,0.6452,2,train,0.1,AggStabBind-mut,GOh1052
NeuralNetTorch_BAG_L1,0.336,0.6387,0.2432,0.5818,0.75,0.9,0.6368,0.631,2,train,0.1,AggStabBind-mut,GOh1052
KNeighborsUnif_BAG_L1,0.3173,0.6188,0.3514,0.5955,0.6803,0.4333,0.6121,0.6459,2,train,0.1,AggStabBind-mut,GOh1052
RandomForestGini_BAG_L1,0.3144,0.6267,0.2973,0.6,0.7008,1.0,0.6083,0.6264,2,train,0.1,AggStabBind-mut,GOh1052
NeuralNetFastAI_BAG_L1,0.2916,0.6068,0.3514,0.5682,0.6803,0.5,0.5981,0.6241,2,train,0.1,AggStabBind-mut,GOh1052
WeightedEnsemble_L3,0.033,0.313,0.0222,0.4133,0.6427,0.6667,0.4181,0.2308,2,test,0.1,AggStabBind-mut,GOh1052
LightGBMXT_BAG_L2,0.0363,0.316,0.0237,0.4191,0.6427,0.6818,0.4191,0.233,2,test,0.1,AggStabBind-mut,GOh1052
LightGBM_BAG_L2,0.0257,0.3058,0.0127,0.3931,0.6657,0.5714,0.4084,0.2331,2,test,0.1,AggStabBind-mut,GOh1052
XGBoost_BAG_L2,0.0459,0.3172,0.0332,0.4017,0.6657,0.6364,0.4284,0.2336,2,test,0.1,AggStabBind-mut,GOh1052
LightGBMLarge_BAG_L2,0.0356,0.3154,0.0206,0.4162,0.6513,0.6842,0.4156,0.2357,2,test,0.1,AggStabBind-mut,GOh1052
LightGBMXT_BAG_L1,0.0303,0.3268,0.0047,0.4913,0.585,1.0,0.4136,0.24,2,test,0.1,AggStabBind-mut,GOh1052
WeightedEnsemble_L2,0.0303,0.3268,0.0047,0.4913,0.585,1.0,0.4136,0.24,2,test,0.1,AggStabBind-mut,GOh1052
NeuralNetFastAI_BAG_L2,0.1499,0.4255,0.2911,0.5014,0.5187,0.6715,0.4501,0.2875,2,test,0.1,AggStabBind-mut,GOh1052
NeuralNetTorch_BAG_L2,0.0438,0.3178,0.0222,0.4061,0.6801,0.56,0.4194,0.2418,2,test,0.1,AggStabBind-mut,GOh1052
LightGBMLarge_BAG_L1,0.0366,0.3315,0.0032,0.5,0.5937,0.5,0.4164,0.2464,2,test,0.1,AggStabBind-mut,GOh1052
XGBoost_BAG_L1,0.0356,0.3387,0.0222,0.5173,0.5591,0.5185,0.4101,0.2516,2,test,0.1,AggStabBind-mut,GOh1052
LightGBM_BAG_L1,0.0446,0.3417,0.0111,0.5376,0.5533,0.7,0.4271,0.243,2,test,0.1,AggStabBind-mut,GOh1052
RandomForestGini_BAG_L2,0.0396,0.3184,0.0111,0.4306,0.6542,0.5833,0.4227,0.2379,2,test,0.1,AggStabBind-mut,GOh1052
ExtraTreesEntr_BAG_L1,0.0327,0.3435,0.0016,0.5607,0.5331,1.0,0.4084,0.2569,2,test,0.1,AggStabBind-mut,GOh1052
ExtraTreesGini_BAG_L2,0.0372,0.3118,0.0095,0.409,0.6686,0.75,0.4237,0.2332,2,test,0.1,AggStabBind-mut,GOh1052
RandomForestEntr_BAG_L1,0.025,0.3256,0.0032,0.4928,0.5793,0.5,0.4079,0.2419,2,test,0.1,AggStabBind-mut,GOh1052
RandomForestEntr_BAG_L2,0.0326,0.313,0.0127,0.4176,0.6513,0.5714,0.4176,0.2342,2,test,0.1,AggStabBind-mut,GOh1052
CatBoost_BAG_L2,0.0362,0.313,0.0111,0.4118,0.6657,0.6364,0.4197,0.2355,2,test,0.1,AggStabBind-mut,GOh1052
ExtraTreesEntr_BAG_L2,0.0243,0.3082,0.0111,0.4147,0.6369,0.7,0.4129,0.2288,2,test,0.1,AggStabBind-mut,GOh1052
ExtraTreesGini_BAG_L1,0.0066,0.3315,0.0016,0.5679,0.4611,1.0,0.4043,0.2292,2,test,0.1,AggStabBind-mut,GOh1052
CatBoost_BAG_L1,0.0199,0.322,0.0016,0.4812,0.5879,1.0,0.3998,0.2437,2,test,0.1,AggStabBind-mut,GOh1052
KNeighborsDist_BAG_L1,0.0747,0.3597,0.106,0.4942,0.5533,0.6569,0.4357,0.2449,2,test,0.1,AggStabBind-mut,GOh1052
NeuralNetTorch_BAG_L1,0.0554,0.3285,0.0174,0.4494,0.6542,0.6875,0.4374,0.2405,2,test,0.1,AggStabBind-mut,GOh1052
KNeighborsUnif_BAG_L1,0.0745,0.3674,0.1218,0.5159,0.5187,0.6016,0.4333,0.2503,2,test,0.1,AggStabBind-mut,GOh1052
RandomForestGini_BAG_L1,0.0075,0.3148,0.0032,0.487,0.5389,1.0,0.4055,0.2232,2,test,0.1,AggStabBind-mut,GOh1052
NeuralNetFastAI_BAG_L1,0.0743,0.3579,0.0775,0.5014,0.5821,0.5833,0.4392,0.2535,2,test,0.1,AggStabBind-mut,GOh1052
LightGBMXT_BAG_L2,0.4997,0.7186,0.2444,0.6696,0.8578,1.0,0.7463,0.6886,3,train,0.1,AggStabBind-mut,GOh1052
WeightedEnsemble_L3,0.4997,0.7186,0.2444,0.6696,0.8578,1.0,0.7463,0.6886,3,train,0.1,AggStabBind-mut,GOh1052
XGBoost_BAG_L2,0.4558,0.6946,0.2889,0.6875,0.7802,0.6842,0.7,0.6908,3,train,0.1,AggStabBind-mut,GOh1052
WeightedEnsemble_L2,0.438,0.6866,0.2667,0.7009,0.7543,0.8571,0.6624,0.7,3,train,0.1,AggStabBind-mut,GOh1052
LightGBM_BAG_L2,0.4376,0.6846,0.2889,0.6384,0.806,0.9286,0.701,0.6608,3,train,0.1,AggStabBind-mut,GOh1052
NeuralNetTorch_BAG_L2,0.4297,0.6806,0.2,0.6205,0.8319,1.0,0.7056,0.6542,3,train,0.1,AggStabBind-mut,GOh1052
XGBoost_BAG_L1,0.4266,0.6786,0.2667,0.6786,0.7586,0.6316,0.6667,0.6929,3,train,0.1,AggStabBind-mut,GOh1052
LightGBMLarge_BAG_L2,0.4202,0.6766,0.2222,0.6473,0.7931,1.0,0.6971,0.6502,3,train,0.1,AggStabBind-mut,GOh1052
LightGBM_BAG_L1,0.4176,0.6747,0.2889,0.6786,0.7457,0.8125,0.6667,0.6732,3,train,0.1,AggStabBind-mut,GOh1052
RandomForestEntr_BAG_L2,0.4151,0.6727,0.2667,0.6205,0.8017,0.9231,0.6814,0.6549,3,train,0.1,AggStabBind-mut,GOh1052
ExtraTreesEntr_BAG_L2,0.4147,0.6727,0.2667,0.625,0.7974,0.9231,0.6796,0.656,3,train,0.1,AggStabBind-mut,GOh1052
ExtraTreesGini_BAG_L1,0.4134,0.6727,0.2667,0.6964,0.7284,0.8,0.6527,0.6842,3,train,0.1,AggStabBind-mut,GOh1052
ExtraTreesGini_BAG_L2,0.4101,0.6707,0.2667,0.6384,0.7802,0.9231,0.6745,0.6558,3,train,0.1,AggStabBind-mut,GOh1052
CatBoost_BAG_L2,0.409,0.6707,0.2444,0.6339,0.7888,1.0,0.6698,0.6583,3,train,0.1,AggStabBind-mut,GOh1052
LightGBMLarge_BAG_L1,0.4055,0.6687,0.2667,0.683,0.7328,0.8571,0.6623,0.6641,3,train,0.1,AggStabBind-mut,GOh1052
ExtraTreesEntr_BAG_L1,0.4048,0.6687,0.2444,0.6786,0.7414,0.8462,0.6524,0.6745,3,train,0.1,AggStabBind-mut,GOh1052
LightGBMXT_BAG_L1,0.404,0.6687,0.1778,0.6652,0.7672,0.7273,0.6652,0.6692,3,train,0.1,AggStabBind-mut,GOh1052
RandomForestEntr_BAG_L1,0.3869,0.6587,0.2667,0.683,0.7112,0.9231,0.6322,0.6707,3,train,0.1,AggStabBind-mut,GOh1052
RandomForestGini_BAG_L2,0.3849,0.6567,0.2667,0.6205,0.7672,0.8571,0.6526,0.6496,3,train,0.1,AggStabBind-mut,GOh1052
NeuralNetTorch_BAG_L1,0.3655,0.6427,0.2667,0.6652,0.694,0.5,0.6422,0.6571,3,train,0.1,AggStabBind-mut,GOh1052
RandomForestGini_BAG_L1,0.3653,0.6467,0.2444,0.7009,0.6724,0.9167,0.6181,0.6638,3,train,0.1,AggStabBind-mut,GOh1052
CatBoost_BAG_L1,0.352,0.6407,0.2,0.692,0.6767,1.0,0.6151,0.6542,3,train,0.1,AggStabBind-mut,GOh1052
NeuralNetFastAI_BAG_L2,0.3499,0.6287,0.3556,0.6295,0.681,0.4444,0.6323,0.6529,3,train,0.1,AggStabBind-mut,GOh1052
NeuralNetFastAI_BAG_L1,0.296,0.6028,0.2889,0.5893,0.6767,0.5,0.6055,0.6109,3,train,0.1,AggStabBind-mut,GOh1052
KNeighborsDist_BAG_L1,0.2721,0.5888,0.2222,0.5714,0.6767,0.3704,0.6038,0.5992,3,train,0.1,AggStabBind-mut,GOh1052
KNeighborsUnif_BAG_L1,0.2446,0.5649,0.2222,0.5714,0.625,0.2326,0.5792,0.6118,3,train,0.1,AggStabBind-mut,GOh1052
LightGBMXT_BAG_L2,0.0706,0.3381,0.0079,0.4834,0.6494,0.8333,0.4588,0.2412,3,test,0.1,AggStabBind-mut,GOh1052
WeightedEnsemble_L3,0.0706,0.3381,0.0079,0.4834,0.6494,0.8333,0.4588,0.2412,3,test,0.1,AggStabBind-mut,GOh1052
XGBoost_BAG_L2,0.0527,0.3369,0.0222,0.492,0.6006,0.7,0.4331,0.2413,3,test,0.1,AggStabBind-mut,GOh1052
WeightedEnsemble_L2,0.0738,0.3591,0.0253,0.5543,0.5776,0.8889,0.4407,0.2564,3,test,0.1,AggStabBind-mut,GOh1052
LightGBM_BAG_L2,0.0689,0.3387,0.0095,0.4863,0.6437,0.8571,0.4547,0.2422,3,test,0.1,AggStabBind-mut,GOh1052
NeuralNetTorch_BAG_L2,0.0724,0.3363,0.0047,0.4732,0.6667,1.0,0.4612,0.2419,3,test,0.1,AggStabBind-mut,GOh1052
XGBoost_BAG_L1,0.0806,0.3645,0.0411,0.5543,0.5747,0.8387,0.4412,0.2591,3,test,0.1,AggStabBind-mut,GOh1052
LightGBMLarge_BAG_L2,0.0336,0.3052,0.0063,0.3965,0.6667,0.6667,0.4329,0.2248,3,test,0.1,AggStabBind-mut,GOh1052
LightGBM_BAG_L1,0.0633,0.3543,0.0237,0.5601,0.546,0.7895,0.4408,0.2455,3,test,0.1,AggStabBind-mut,GOh1052
RandomForestEntr_BAG_L2,0.0661,0.3327,0.0095,0.4602,0.6667,0.75,0.4517,0.2419,3,test,0.1,AggStabBind-mut,GOh1052
ExtraTreesEntr_BAG_L2,0.0766,0.3405,0.0095,0.4732,0.6782,0.8571,0.4548,0.2497,3,test,0.1,AggStabBind-mut,GOh1052
ExtraTreesGini_BAG_L1,0.0532,0.3573,0.0016,0.6035,0.5144,1.0,0.4299,0.2557,3,test,0.1,AggStabBind-mut,GOh1052
ExtraTreesGini_BAG_L2,0.0702,0.3357,0.0111,0.4631,0.6724,0.875,0.4513,0.2453,3,test,0.1,AggStabBind-mut,GOh1052
CatBoost_BAG_L2,0.0581,0.3309,0.0079,0.466,0.6494,0.8333,0.4429,0.2409,3,test,0.1,AggStabBind-mut,GOh1052
LightGBMLarge_BAG_L1,0.062,0.3495,0.0047,0.5528,0.5718,0.5,0.4452,0.2466,3,test,0.1,AggStabBind-mut,GOh1052
ExtraTreesEntr_BAG_L1,0.0634,0.3662,0.0016,0.6194,0.5259,1.0,0.4289,0.2723,3,test,0.1,AggStabBind-mut,GOh1052
LightGBMXT_BAG_L1,0.0623,0.3507,0.0111,0.5658,0.5402,1.0,0.452,0.2353,3,test,0.1,AggStabBind-mut,GOh1052
RandomForestEntr_BAG_L1,0.0577,0.3543,0.0079,0.5687,0.5575,1.0,0.4276,0.2597,3,test,0.1,AggStabBind-mut,GOh1052
RandomForestGini_BAG_L2,0.0644,0.3369,0.0111,0.4805,0.6437,0.875,0.4462,0.2437,3,test,0.1,AggStabBind-mut,GOh1052
NeuralNetTorch_BAG_L1,0.07,0.3441,0.0554,0.4776,0.6034,0.5224,0.4603,0.2368,3,test,0.1,AggStabBind-mut,GOh1052
RandomForestGini_BAG_L1,0.0596,0.3555,0.0047,0.576,0.5546,0.75,0.4321,0.2587,3,test,0.1,AggStabBind-mut,GOh1052
CatBoost_BAG_L1,0.0708,0.3543,0.0047,0.5601,0.5805,1.0,0.4505,0.2497,3,test,0.1,AggStabBind-mut,GOh1052
NeuralNetFastAI_BAG_L2,0.1726,0.4333,0.2199,0.5818,0.5259,0.7596,0.492,0.2727,3,test,0.1,AggStabBind-mut,GOh1052
NeuralNetFastAI_BAG_L1,0.1195,0.3968,0.1266,0.5803,0.523,0.7477,0.463,0.2607,3,test,0.1,AggStabBind-mut,GOh1052
KNeighborsDist_BAG_L1,0.0641,0.3483,0.087,0.4848,0.5517,0.5556,0.4485,0.2327,3,test,0.1,AggStabBind-mut,GOh1052
KNeighborsUnif_BAG_L1,0.0671,0.3639,0.1297,0.5239,0.4713,0.5503,0.4464,0.2307,3,test,0.1,AggStabBind-mut,GOh1052
WeightedEnsemble_L2,0.5066,0.6784,0.6544,0.6935,0.6787,0.7985,0.6326,0.6628,0,train,0.25,AggStabBind-mut,GOh1052
WeightedEnsemble_L3,0.5036,0.6752,0.6758,0.6503,0.705,0.7492,0.6402,0.6667,0,train,0.25,AggStabBind-mut,GOh1052
XGBoost_BAG_L2,0.5016,0.6736,0.6789,0.6405,0.7098,0.7475,0.6405,0.6622,0,train,0.25,AggStabBind-mut,GOh1052
LightGBMXT_BAG_L2,0.4979,0.6728,0.6422,0.6916,0.6739,0.7692,0.6219,0.6787,0,train,0.25,AggStabBind-mut,GOh1052
LightGBM_BAG_L2,0.4943,0.6704,0.6453,0.6857,0.6715,0.7729,0.6221,0.6683,0,train,0.25,AggStabBind-mut,GOh1052
NeuralNetTorch_BAG_L2,0.4882,0.6648,0.6789,0.6267,0.7002,0.7551,0.6267,0.6489,0,train,0.25,AggStabBind-mut,GOh1052
LightGBMLarge_BAG_L2,0.4853,0.664,0.6636,0.666,0.6619,0.7406,0.622,0.6651,0,train,0.25,AggStabBind-mut,GOh1052
RandomForestGini_BAG_L2,0.4818,0.6608,0.6575,0.6287,0.7026,0.7288,0.6238,0.6584,0,train,0.25,AggStabBind-mut,GOh1052
LightGBMLarge_BAG_L1,0.4783,0.6592,0.6636,0.6621,0.6523,0.7258,0.6252,0.6554,0,train,0.25,AggStabBind-mut,GOh1052
ExtraTreesEntr_BAG_L2,0.4769,0.6584,0.6575,0.6483,0.6715,0.7439,0.6157,0.6542,0,train,0.25,AggStabBind-mut,GOh1052
LightGBMXT_BAG_L1,0.4742,0.6576,0.6147,0.6876,0.6547,0.7528,0.6066,0.6675,0,train,0.25,AggStabBind-mut,GOh1052
RandomForestEntr_BAG_L2,0.4706,0.6536,0.6636,0.6228,0.6835,0.7483,0.6155,0.6362,0,train,0.25,AggStabBind-mut,GOh1052
ExtraTreesGini_BAG_L2,0.465,0.6504,0.6453,0.6267,0.6835,0.7617,0.6065,0.6333,0,train,0.25,AggStabBind-mut,GOh1052
RandomForestEntr_BAG_L1,0.4609,0.6488,0.6391,0.6798,0.6187,0.7518,0.5915,0.6615,0,train,0.25,AggStabBind-mut,GOh1052
ExtraTreesEntr_BAG_L1,0.4607,0.6488,0.6177,0.666,0.6523,0.7566,0.5947,0.6538,0,train,0.25,AggStabBind-mut,GOh1052
LightGBM_BAG_L1,0.4583,0.6472,0.6055,0.6758,0.6451,0.7416,0.6046,0.6451,0,train,0.25,AggStabBind-mut,GOh1052
NeuralNetFastAI_BAG_L2,0.4569,0.6441,0.6544,0.6012,0.6882,0.7205,0.6083,0.6336,0,train,0.25,AggStabBind-mut,GOh1052
ExtraTreesGini_BAG_L1,0.4554,0.6457,0.6055,0.6876,0.6259,0.7586,0.5814,0.6692,0,train,0.25,AggStabBind-mut,GOh1052
RandomForestGini_BAG_L1,0.4544,0.6449,0.6177,0.6719,0.6331,0.7509,0.5876,0.6567,0,train,0.25,AggStabBind-mut,GOh1052
CatBoost_BAG_L2,0.4536,0.6433,0.63,0.6248,0.6763,0.7437,0.5977,0.6351,0,train,0.25,AggStabBind-mut,GOh1052
XGBoost_BAG_L1,0.4518,0.6425,0.633,0.6483,0.6427,0.7314,0.6022,0.6351,0,train,0.25,AggStabBind-mut,GOh1052
NeuralNetTorch_BAG_L1,0.4467,0.6361,0.6606,0.5874,0.6763,0.6814,0.6216,0.6198,0,train,0.25,AggStabBind-mut,GOh1052
CatBoost_BAG_L1,0.4407,0.6361,0.5963,0.666,0.6307,0.7331,0.5835,0.6478,0,train,0.25,AggStabBind-mut,GOh1052
NeuralNetFastAI_BAG_L1,0.3994,0.6081,0.5872,0.6031,0.6307,0.6882,0.5706,0.6032,0,train,0.25,AggStabBind-mut,GOh1052
KNeighborsDist_BAG_L1,0.3335,0.5634,0.5566,0.556,0.5779,0.5852,0.5506,0.5631,0,train,0.25,AggStabBind-mut,GOh1052
KNeighborsUnif_BAG_L1,0.2904,0.5323,0.5902,0.5285,0.4916,0.5202,0.5275,0.5511,0,train,0.25,AggStabBind-mut,GOh1052
WeightedEnsemble_L2,0.2664,0.5144,0.4589,0.5592,0.5259,0.736,0.4987,0.3645,0,test,0.25,AggStabBind-mut,GOh1052
WeightedEnsemble_L3,0.3066,0.5401,0.5016,0.5578,0.5747,0.7694,0.5119,0.3953,0,test,0.25,AggStabBind-mut,GOh1052
XGBoost_BAG_L2,0.3061,0.5401,0.5032,0.5578,0.5718,0.7663,0.5119,0.3956,0,test,0.25,AggStabBind-mut,GOh1052
LightGBMXT_BAG_L2,0.2956,0.5287,0.4589,0.5564,0.6006,0.7923,0.5033,0.3863,0,test,0.25,AggStabBind-mut,GOh1052
LightGBM_BAG_L2,0.3043,0.5377,0.4794,0.5665,0.5862,0.7769,0.5084,0.3992,0,test,0.25,AggStabBind-mut,GOh1052
NeuralNetTorch_BAG_L2,0.2584,0.5096,0.4873,0.513,0.5431,0.7,0.487,0.3757,0,test,0.25,AggStabBind-mut,GOh1052
LightGBMLarge_BAG_L2,0.2923,0.5269,0.5032,0.5145,0.5948,0.7465,0.5086,0.3791,0,test,0.25,AggStabBind-mut,GOh1052
RandomForestGini_BAG_L2,0.3038,0.5329,0.5079,0.5188,0.6063,0.7906,0.5071,0.3781,0,test,0.25,AggStabBind-mut,GOh1052
LightGBMLarge_BAG_L1,0.2392,0.4946,0.443,0.5318,0.5144,0.6699,0.5055,0.3403,0,test,0.25,AggStabBind-mut,GOh1052
ExtraTreesEntr_BAG_L2,0.2875,0.5239,0.4889,0.5275,0.5805,0.7783,0.498,0.3727,0,test,0.25,AggStabBind-mut,GOh1052
LightGBMXT_BAG_L1,0.2674,0.5138,0.4763,0.5535,0.5029,0.7698,0.4993,0.3405,0,test,0.25,AggStabBind-mut,GOh1052
RandomForestEntr_BAG_L2,0.2993,0.5299,0.4858,0.526,0.6178,0.7832,0.5035,0.386,0,test,0.25,AggStabBind-mut,GOh1052
ExtraTreesGini_BAG_L2,0.2856,0.5203,0.4778,0.5188,0.6006,0.7844,0.4959,0.3712,0,test,0.25,AggStabBind-mut,GOh1052
RandomForestEntr_BAG_L1,0.2703,0.5179,0.4399,0.5896,0.5172,0.7616,0.4957,0.3719,0,test,0.25,AggStabBind-mut,GOh1052
ExtraTreesEntr_BAG_L1,0.2886,0.5293,0.432,0.6142,0.5374,0.8174,0.493,0.3929,0,test,0.25,AggStabBind-mut,GOh1052
LightGBM_BAG_L1,0.2342,0.4898,0.4478,0.5217,0.5029,0.7256,0.4859,0.3247,0,test,0.25,AggStabBind-mut,GOh1052
NeuralNetFastAI_BAG_L2,0.3128,0.5431,0.5538,0.5217,0.5661,0.7463,0.5293,0.3781,0,test,0.25,AggStabBind-mut,GOh1052
ExtraTreesGini_BAG_L1,0.2854,0.5275,0.3987,0.6416,0.5345,0.8182,0.4917,0.4035,0,test,0.25,AggStabBind-mut,GOh1052
RandomForestGini_BAG_L1,0.2656,0.515,0.4209,0.6084,0.5,0.7666,0.4976,0.3633,0,test,0.25,AggStabBind-mut,GOh1052
CatBoost_BAG_L2,0.2875,0.5263,0.4731,0.5592,0.5575,0.7973,0.4943,0.3774,0,test,0.25,AggStabBind-mut,GOh1052
XGBoost_BAG_L1,0.2343,0.4916,0.443,0.5332,0.4971,0.7161,0.4868,0.3308,0,test,0.25,AggStabBind-mut,GOh1052
NeuralNetTorch_BAG_L1,0.2106,0.4671,0.4209,0.4523,0.5805,0.6909,0.4596,0.3333,0,test,0.25,AggStabBind-mut,GOh1052
CatBoost_BAG_L1,0.2632,0.5108,0.4256,0.5809,0.5259,0.773,0.4933,0.3595,0,test,0.25,AggStabBind-mut,GOh1052
NeuralNetFastAI_BAG_L1,0.267,0.5114,0.4842,0.5101,0.5632,0.7166,0.4993,0.3643,0,test,0.25,AggStabBind-mut,GOh1052
KNeighborsDist_BAG_L1,0.1904,0.4683,0.4826,0.4639,0.4511,0.5535,0.4931,0.334,0,test,0.25,AggStabBind-mut,GOh1052
KNeighborsUnif_BAG_L1,0.1536,0.4545,0.5206,0.4566,0.3305,0.5181,0.4688,0.3168,0,test,0.25,AggStabBind-mut,GOh1052
LightGBMXT_BAG_L2,0.5181,0.6856,0.644,0.6866,0.7156,0.7732,0.6277,0.7041,1,train,0.25,AggStabBind-mut,GOh1052
WeightedEnsemble_L3,0.5181,0.6856,0.644,0.6866,0.7156,0.7732,0.6277,0.7041,1,train,0.25,AggStabBind-mut,GOh1052
LightGBM_BAG_L2,0.5107,0.68,0.6533,0.6547,0.7296,0.7276,0.6357,0.7002,1,train,0.25,AggStabBind-mut,GOh1052
XGBoost_BAG_L2,0.5095,0.6784,0.6625,0.6327,0.7436,0.7063,0.6391,0.7026,1,train,0.25,AggStabBind-mut,GOh1052
NeuralNetTorch_BAG_L2,0.5087,0.6784,0.6502,0.6467,0.7366,0.7216,0.6391,0.6945,1,train,0.25,AggStabBind-mut,GOh1052
LightGBMLarge_BAG_L2,0.5001,0.6728,0.6625,0.6387,0.7203,0.723,0.6275,0.6913,1,train,0.25,AggStabBind-mut,GOh1052
RandomForestGini_BAG_L2,0.4997,0.6728,0.6625,0.6407,0.7179,0.7431,0.6221,0.686,1,train,0.25,AggStabBind-mut,GOh1052
LightGBMXT_BAG_L1,0.4947,0.6704,0.6378,0.6826,0.6807,0.7518,0.6096,0.6986,1,train,0.25,AggStabBind-mut,GOh1052
WeightedEnsemble_L2,0.4947,0.6704,0.6378,0.6826,0.6807,0.7518,0.6096,0.6986,1,train,0.25,AggStabBind-mut,GOh1052
RandomForestEntr_BAG_L2,0.4932,0.6688,0.6502,0.6447,0.711,0.7343,0.6141,0.6916,1,train,0.25,AggStabBind-mut,GOh1052
XGBoost_BAG_L1,0.4905,0.6672,0.6563,0.6806,0.6597,0.7336,0.6245,0.677,1,train,0.25,AggStabBind-mut,GOh1052
ExtraTreesGini_BAG_L2,0.4896,0.6664,0.6347,0.6367,0.7249,0.7348,0.6146,0.6835,1,train,0.25,AggStabBind-mut,GOh1052
ExtraTreesEntr_BAG_L2,0.4861,0.664,0.644,0.6327,0.7156,0.7197,0.6108,0.6899,1,train,0.25,AggStabBind-mut,GOh1052
NeuralNetFastAI_BAG_L2,0.4851,0.6624,0.6842,0.6188,0.697,0.7061,0.6139,0.6874,1,train,0.25,AggStabBind-mut,GOh1052
CatBoost_BAG_L2,0.485,0.6632,0.6471,0.6287,0.7156,0.7282,0.6117,0.6807,1,train,0.25,AggStabBind-mut,GOh1052
NeuralNetTorch_BAG_L1,0.4841,0.6624,0.6563,0.6327,0.7016,0.731,0.6228,0.663,1,train,0.25,AggStabBind-mut,GOh1052
RandomForestEntr_BAG_L1,0.4686,0.6536,0.6254,0.6766,0.648,0.7594,0.5845,0.683,1,train,0.25,AggStabBind-mut,GOh1052
LightGBM_BAG_L1,0.4671,0.652,0.6409,0.6667,0.6434,0.7163,0.6007,0.6765,1,train,0.25,AggStabBind-mut,GOh1052
ExtraTreesEntr_BAG_L1,0.4649,0.6512,0.6037,0.6766,0.6573,0.7358,0.5875,0.6861,1,train,0.25,AggStabBind-mut,GOh1052
LightGBMLarge_BAG_L1,0.4639,0.6504,0.613,0.6886,0.634,0.7361,0.5908,0.68,1,train,0.25,AggStabBind-mut,GOh1052
RandomForestGini_BAG_L1,0.4566,0.6457,0.6037,0.6587,0.662,0.7091,0.5841,0.6877,1,train,0.25,AggStabBind-mut,GOh1052
ExtraTreesGini_BAG_L1,0.4524,0.6433,0.5944,0.6846,0.6317,0.75,0.5774,0.6725,1,train,0.25,AggStabBind-mut,GOh1052
CatBoost_BAG_L1,0.4522,0.6425,0.6316,0.6447,0.648,0.7158,0.5873,0.6651,1,train,0.25,AggStabBind-mut,GOh1052
NeuralNetFastAI_BAG_L1,0.3864,0.597,0.6161,0.5429,0.6457,0.6278,0.5597,0.6156,1,train,0.25,AggStabBind-mut,GOh1052
KNeighborsDist_BAG_L1,0.3151,0.5515,0.5418,0.5329,0.5804,0.57,0.5205,0.5751,1,train,0.25,AggStabBind-mut,GOh1052
KNeighborsUnif_BAG_L1,0.2784,0.5251,0.5728,0.5269,0.4872,0.5211,0.5019,0.5618,1,train,0.25,AggStabBind-mut,GOh1052
LightGBMXT_BAG_L2,0.2816,0.5233,0.4866,0.5506,0.536,0.7476,0.5094,0.3633,1,test,0.25,AggStabBind-mut,GOh1052
WeightedEnsemble_L3,0.2816,0.5233,0.4866,0.5506,0.536,0.7476,0.5094,0.3633,1,test,0.25,AggStabBind-mut,GOh1052
LightGBM_BAG_L2,0.2641,0.5084,0.4739,0.5159,0.5562,0.7264,0.5014,0.3528,1,test,0.25,AggStabBind-mut,GOh1052
XGBoost_BAG_L2,0.2694,0.5156,0.5008,0.5275,0.5187,0.7321,0.5028,0.3509,1,test,0.25,AggStabBind-mut,GOh1052
NeuralNetTorch_BAG_L2,0.2808,0.5227,0.515,0.5188,0.5447,0.6878,0.5264,0.3663,1,test,0.25,AggStabBind-mut,GOh1052
LightGBMLarge_BAG_L2,0.2638,0.5108,0.4913,0.5217,0.5245,0.7266,0.5014,0.3473,1,test,0.25,AggStabBind-mut,GOh1052
RandomForestGini_BAG_L2,0.2882,0.5287,0.5071,0.5506,0.5245,0.7518,0.5128,0.3625,1,test,0.25,AggStabBind-mut,GOh1052
LightGBMXT_BAG_L1,0.2455,0.5012,0.4755,0.5376,0.4755,0.7,0.5027,0.3287,1,test,0.25,AggStabBind-mut,GOh1052
WeightedEnsemble_L2,0.2455,0.5012,0.4755,0.5376,0.4755,0.7,0.5027,0.3287,1,test,0.25,AggStabBind-mut,GOh1052
RandomForestEntr_BAG_L2,0.2901,0.5293,0.5182,0.539,0.5303,0.7338,0.5217,0.3608,1,test,0.25,AggStabBind-mut,GOh1052
XGBoost_BAG_L1,0.2332,0.4922,0.4597,0.5332,0.4697,0.6896,0.5,0.3184,1,test,0.25,AggStabBind-mut,GOh1052
ExtraTreesGini_BAG_L2,0.2757,0.5185,0.4882,0.5318,0.5476,0.7254,0.509,0.3633,1,test,0.25,AggStabBind-mut,GOh1052
ExtraTreesEntr_BAG_L2,0.2695,0.5161,0.4976,0.5332,0.5159,0.7394,0.4993,0.3531,1,test,0.25,AggStabBind-mut,GOh1052
NeuralNetFastAI_BAG_L2,0.3052,0.5365,0.575,0.4841,0.5706,0.7096,0.536,0.3708,1,test,0.25,AggStabBind-mut,GOh1052
CatBoost_BAG_L2,0.2862,0.5281,0.5071,0.5462,0.5303,0.7362,0.5108,0.371,1,test,0.25,AggStabBind-mut,GOh1052
NeuralNetTorch_BAG_L1,0.2062,0.4635,0.4392,0.4523,0.5303,0.6699,0.4845,0.3011,1,test,0.25,AggStabBind-mut,GOh1052
RandomForestEntr_BAG_L1,0.2849,0.5323,0.4834,0.5954,0.4957,0.7051,0.5176,0.3891,1,test,0.25,AggStabBind-mut,GOh1052
LightGBM_BAG_L1,0.2386,0.497,0.4866,0.5217,0.4669,0.6906,0.4972,0.324,1,test,0.25,AggStabBind-mut,GOh1052
ExtraTreesEntr_BAG_L1,0.276,0.5257,0.4186,0.6517,0.4697,0.7681,0.5,0.3835,1,test,0.25,AggStabBind-mut,GOh1052
LightGBMLarge_BAG_L1,0.2282,0.4922,0.485,0.513,0.464,0.6588,0.4903,0.334,1,test,0.25,AggStabBind-mut,GOh1052
RandomForestGini_BAG_L1,0.2797,0.5287,0.4787,0.5925,0.4928,0.7129,0.51,0.386,1,test,0.25,AggStabBind-mut,GOh1052
ExtraTreesGini_BAG_L1,0.2893,0.5335,0.4423,0.6315,0.5043,0.7821,0.4989,0.3995,1,test,0.25,AggStabBind-mut,GOh1052
CatBoost_BAG_L1,0.2399,0.497,0.4408,0.5578,0.4784,0.7209,0.4942,0.3294,1,test,0.25,AggStabBind-mut,GOh1052
NeuralNetFastAI_BAG_L1,0.2714,0.503,0.5276,0.4335,0.5965,0.6775,0.5455,0.3291,1,test,0.25,AggStabBind-mut,GOh1052
KNeighborsDist_BAG_L1,0.1407,0.4318,0.3807,0.461,0.4669,0.5262,0.457,0.314,1,test,0.25,AggStabBind-mut,GOh1052
KNeighborsUnif_BAG_L1,0.1207,0.427,0.4123,0.4538,0.4006,0.4842,0.4499,0.3195,1,test,0.25,AggStabBind-mut,GOh1052
WeightedEnsemble_L3,0.5447,0.7023,0.7134,0.6628,0.7433,0.7951,0.6732,0.6762,2,train,0.25,AggStabBind-mut,GOh1052
LightGBM_BAG_L2,0.5434,0.7015,0.7134,0.6628,0.7409,0.7979,0.6719,0.674,2,train,0.25,AggStabBind-mut,GOh1052
LightGBMXT_BAG_L2,0.5395,0.6983,0.7165,0.6474,0.7482,0.807,0.672,0.6603,2,train,0.25,AggStabBind-mut,GOh1052
XGBoost_BAG_L2,0.5376,0.6967,0.7259,0.6416,0.7433,0.7741,0.6755,0.6688,2,train,0.25,AggStabBind-mut,GOh1052
LightGBMLarge_BAG_L2,0.532,0.6935,0.7227,0.6435,0.7337,0.7973,0.6667,0.6573,2,train,0.25,AggStabBind-mut,GOh1052
NeuralNetTorch_BAG_L2,0.5285,0.6911,0.7383,0.6416,0.7167,0.7524,0.6607,0.682,2,train,0.25,AggStabBind-mut,GOh1052
ExtraTreesEntr_BAG_L2,0.5235,0.6872,0.7259,0.6185,0.7433,0.7845,0.6591,0.6546,2,train,0.25,AggStabBind-mut,GOh1052
RandomForestGini_BAG_L2,0.5232,0.6879,0.729,0.6358,0.7215,0.7826,0.6535,0.6637,2,train,0.25,AggStabBind-mut,GOh1052
RandomForestEntr_BAG_L2,0.5187,0.6848,0.7383,0.6301,0.7119,0.7953,0.654,0.6462,2,train,0.25,AggStabBind-mut,GOh1052
ExtraTreesGini_BAG_L2,0.5178,0.684,0.7321,0.6243,0.7215,0.7833,0.6519,0.6535,2,train,0.25,AggStabBind-mut,GOh1052
CatBoost_BAG_L2,0.5133,0.6808,0.7352,0.6166,0.7191,0.7893,0.6504,0.6429,2,train,0.25,AggStabBind-mut,GOh1052
LightGBM_BAG_L1,0.51,0.6816,0.6916,0.684,0.6707,0.8073,0.6306,0.6675,2,train,0.25,AggStabBind-mut,GOh1052
WeightedEnsemble_L2,0.51,0.6816,0.6916,0.684,0.6707,0.8073,0.6306,0.6675,2,train,0.25,AggStabBind-mut,GOh1052
ExtraTreesGini_BAG_L1,0.507,0.68,0.6729,0.738,0.6126,0.8182,0.6218,0.6783,2,train,0.25,AggStabBind-mut,GOh1052
XGBoost_BAG_L1,0.5052,0.6784,0.6854,0.6898,0.6586,0.7692,0.6303,0.6817,2,train,0.25,AggStabBind-mut,GOh1052
LightGBMXT_BAG_L1,0.4984,0.6744,0.6791,0.6975,0.6416,0.7985,0.622,0.6658,2,train,0.25,AggStabBind-mut,GOh1052
ExtraTreesEntr_BAG_L1,0.4934,0.6712,0.6729,0.7129,0.6174,0.797,0.6126,0.6746,2,train,0.25,AggStabBind-mut,GOh1052
NeuralNetFastAI_BAG_L2,0.4914,0.6672,0.7165,0.6166,0.6925,0.7591,0.6312,0.6456,2,train,0.25,AggStabBind-mut,GOh1052
LightGBMLarge_BAG_L1,0.4798,0.6624,0.6667,0.6859,0.6295,0.7897,0.6075,0.6566,2,train,0.25,AggStabBind-mut,GOh1052
CatBoost_BAG_L1,0.476,0.66,0.6729,0.6956,0.6053,0.7941,0.6017,0.6562,2,train,0.25,AggStabBind-mut,GOh1052
RandomForestEntr_BAG_L1,0.4719,0.6576,0.6511,0.6975,0.6126,0.7947,0.5954,0.6623,2,train,0.25,AggStabBind-mut,GOh1052
RandomForestGini_BAG_L1,0.4716,0.6576,0.6293,0.6975,0.6295,0.7984,0.5954,0.6633,2,train,0.25,AggStabBind-mut,GOh1052
NeuralNetTorch_BAG_L1,0.4716,0.6536,0.6885,0.6108,0.6804,0.7367,0.6417,0.6122,2,train,0.25,AggStabBind-mut,GOh1052
NeuralNetFastAI_BAG_L1,0.3919,0.6034,0.648,0.5857,0.5908,0.6933,0.5725,0.5782,2,train,0.25,AggStabBind-mut,GOh1052
KNeighborsDist_BAG_L1,0.3487,0.5738,0.6075,0.5665,0.5569,0.5963,0.5643,0.5679,2,train,0.25,AggStabBind-mut,GOh1052
KNeighborsUnif_BAG_L1,0.3401,0.565,0.6542,0.5511,0.5133,0.5512,0.5564,0.5922,2,train,0.25,AggStabBind-mut,GOh1052
WeightedEnsemble_L3,0.2829,0.5212,0.557,0.4581,0.5821,0.704,0.5032,0.3734,2,test,0.25,AggStabBind-mut,GOh1052
LightGBM_BAG_L2,0.2819,0.52,0.5538,0.4552,0.5879,0.7042,0.5016,0.3736,2,test,0.25,AggStabBind-mut,GOh1052
LightGBMXT_BAG_L2,0.2771,0.5171,0.557,0.448,0.5821,0.7126,0.4905,0.3706,2,test,0.25,AggStabBind-mut,GOh1052
XGBoost_BAG_L2,0.2829,0.5206,0.5617,0.448,0.5908,0.7072,0.4976,0.3755,2,test,0.25,AggStabBind-mut,GOh1052
LightGBMLarge_BAG_L2,0.2743,0.5159,0.5491,0.4595,0.5677,0.6982,0.5008,0.3655,2,test,0.25,AggStabBind-mut,GOh1052
NeuralNetTorch_BAG_L2,0.2988,0.5392,0.5854,0.4913,0.5504,0.6877,0.5113,0.4081,2,test,0.25,AggStabBind-mut,GOh1052
ExtraTreesEntr_BAG_L2,0.2914,0.532,0.5538,0.4942,0.5677,0.7143,0.4971,0.3996,2,test,0.25,AggStabBind-mut,GOh1052
RandomForestGini_BAG_L2,0.2917,0.5314,0.5522,0.4913,0.5735,0.7122,0.5,0.3972,2,test,0.25,AggStabBind-mut,GOh1052
RandomForestEntr_BAG_L2,0.2906,0.5314,0.5649,0.4841,0.5648,0.7112,0.4963,0.3968,2,test,0.25,AggStabBind-mut,GOh1052
ExtraTreesGini_BAG_L2,0.2886,0.5308,0.5538,0.5,0.5504,0.7128,0.4993,0.3922,2,test,0.25,AggStabBind-mut,GOh1052
CatBoost_BAG_L2,0.2873,0.5302,0.5475,0.5014,0.5562,0.7134,0.495,0.3979,2,test,0.25,AggStabBind-mut,GOh1052
LightGBM_BAG_L1,0.2743,0.5272,0.5206,0.5621,0.4697,0.7106,0.4981,0.3817,2,test,0.25,AggStabBind-mut,GOh1052
WeightedEnsemble_L2,0.2743,0.5272,0.5206,0.5621,0.4697,0.7106,0.4981,0.3817,2,test,0.25,AggStabBind-mut,GOh1052
ExtraTreesGini_BAG_L1,0.2826,0.5344,0.4525,0.646,0.4611,0.7507,0.4912,0.4211,2,test,0.25,AggStabBind-mut,GOh1052
XGBoost_BAG_L1,0.261,0.5177,0.5016,0.5506,0.4813,0.6861,0.4942,0.3813,2,test,0.25,AggStabBind-mut,GOh1052
LightGBMXT_BAG_L1,0.2856,0.5338,0.5411,0.5491,0.4899,0.7125,0.5033,0.3899,2,test,0.25,AggStabBind-mut,GOh1052
ExtraTreesEntr_BAG_L1,0.2954,0.5422,0.4604,0.6474,0.4813,0.7481,0.5,0.4326,2,test,0.25,AggStabBind-mut,GOh1052
NeuralNetFastAI_BAG_L2,0.2973,0.532,0.6155,0.4364,0.5706,0.6946,0.5127,0.3793,2,test,0.25,AggStabBind-mut,GOh1052
LightGBMLarge_BAG_L1,0.2442,0.5087,0.4937,0.5462,0.4611,0.6514,0.4896,0.381,2,test,0.25,AggStabBind-mut,GOh1052
CatBoost_BAG_L1,0.2595,0.5183,0.4778,0.5896,0.4496,0.7225,0.4863,0.3768,2,test,0.25,AggStabBind-mut,GOh1052
RandomForestEntr_BAG_L1,0.2824,0.5392,0.5047,0.6286,0.4236,0.7011,0.4954,0.4349,2,test,0.25,AggStabBind-mut,GOh1052
RandomForestGini_BAG_L1,0.2828,0.5368,0.4953,0.6272,0.4323,0.7212,0.5,0.4065,2,test,0.25,AggStabBind-mut,GOh1052
NeuralNetTorch_BAG_L1,0.2487,0.4931,0.4826,0.4451,0.6081,0.7044,0.4783,0.3552,2,test,0.25,AggStabBind-mut,GOh1052
NeuralNetFastAI_BAG_L1,0.2502,0.5009,0.4826,0.4899,0.5562,0.6823,0.4913,0.3614,2,test,0.25,AggStabBind-mut,GOh1052
KNeighborsDist_BAG_L1,0.1322,0.4315,0.4304,0.4436,0.4092,0.5221,0.4475,0.306,2,test,0.25,AggStabBind-mut,GOh1052
KNeighborsUnif_BAG_L1,0.1309,0.4363,0.4858,0.4306,0.3573,0.5049,0.4502,0.3092,2,test,0.25,AggStabBind-mut,GOh1052
WeightedEnsemble_L3,0.528,0.6895,0.6982,0.6298,0.7523,0.7842,0.6548,0.6667,3,train,0.25,AggStabBind-mut,GOh1052
NeuralNetTorch_BAG_L2,0.5272,0.6887,0.6982,0.6217,0.7593,0.7789,0.6547,0.6674,3,train,0.25,AggStabBind-mut,GOh1052
LightGBM_BAG_L2,0.5233,0.6864,0.6921,0.6258,0.7523,0.7774,0.6547,0.6626,3,train,0.25,AggStabBind-mut,GOh1052
LightGBMLarge_BAG_L2,0.5075,0.6752,0.6982,0.6016,0.743,0.7508,0.6514,0.6503,3,train,0.25,AggStabBind-mut,GOh1052
WeightedEnsemble_L2,0.5069,0.6776,0.6555,0.666,0.7079,0.7934,0.6199,0.6763,3,train,0.25,AggStabBind-mut,GOh1052
LightGBMXT_BAG_L2,0.5064,0.6768,0.6707,0.6459,0.7173,0.8,0.6245,0.6616,3,train,0.25,AggStabBind-mut,GOh1052
ExtraTreesGini_BAG_L2,0.4984,0.6704,0.6799,0.6076,0.736,0.777,0.6266,0.6508,3,train,0.25,AggStabBind-mut,GOh1052
ExtraTreesEntr_BAG_L2,0.4976,0.6696,0.6829,0.6016,0.7383,0.7645,0.6282,0.6529,3,train,0.25,AggStabBind-mut,GOh1052
CatBoost_BAG_L2,0.4955,0.6688,0.6829,0.6137,0.722,0.7645,0.6224,0.6574,3,train,0.25,AggStabBind-mut,GOh1052
RandomForestEntr_BAG_L2,0.4948,0.6672,0.6921,0.5875,0.7407,0.7643,0.628,0.6456,3,train,0.25,AggStabBind-mut,GOh1052
XGBoost_BAG_L2,0.4947,0.668,0.6768,0.6056,0.7336,0.7655,0.6232,0.6542,3,train,0.25,AggStabBind-mut,GOh1052
XGBoost_BAG_L1,0.4876,0.6648,0.6494,0.6419,0.7033,0.7717,0.6076,0.6659,3,train,0.25,AggStabBind-mut,GOh1052
RandomForestGini_BAG_L2,0.4842,0.6608,0.6768,0.5895,0.7313,0.7577,0.6155,0.6467,3,train,0.25,AggStabBind-mut,GOh1052
LightGBMXT_BAG_L1,0.476,0.6576,0.625,0.666,0.6729,0.7455,0.6018,0.6729,3,train,0.25,AggStabBind-mut,GOh1052
LightGBMLarge_BAG_L1,0.4728,0.6552,0.628,0.6398,0.6939,0.7384,0.6,0.6689,3,train,0.25,AggStabBind-mut,GOh1052
NeuralNetFastAI_BAG_L2,0.4699,0.6512,0.6921,0.5915,0.6893,0.705,0.6087,0.6585,3,train,0.25,AggStabBind-mut,GOh1052
ExtraTreesGini_BAG_L1,0.4671,0.652,0.625,0.668,0.6542,0.7736,0.5887,0.6604,3,train,0.25,AggStabBind-mut,GOh1052
LightGBM_BAG_L1,0.4662,0.6512,0.622,0.6459,0.6799,0.75,0.5901,0.6659,3,train,0.25,AggStabBind-mut,GOh1052
RandomForestGini_BAG_L1,0.4649,0.6504,0.6402,0.662,0.6449,0.7664,0.5886,0.6571,3,train,0.25,AggStabBind-mut,GOh1052
ExtraTreesEntr_BAG_L1,0.4648,0.6504,0.6372,0.66,0.6495,0.7656,0.5857,0.6619,3,train,0.25,AggStabBind-mut,GOh1052
RandomForestEntr_BAG_L1,0.4616,0.648,0.6433,0.6358,0.6659,0.759,0.5896,0.6492,3,train,0.25,AggStabBind-mut,GOh1052
CatBoost_BAG_L1,0.4588,0.6464,0.625,0.6499,0.6589,0.7537,0.5883,0.6528,3,train,0.25,AggStabBind-mut,GOh1052
NeuralNetTorch_BAG_L1,0.4563,0.6441,0.6341,0.6298,0.6682,0.7197,0.6042,0.6413,3,train,0.25,AggStabBind-mut,GOh1052
NeuralNetFastAI_BAG_L1,0.3897,0.5994,0.6433,0.5714,0.5981,0.6656,0.5624,0.594,3,train,0.25,AggStabBind-mut,GOh1052
KNeighborsDist_BAG_L1,0.3294,0.5595,0.5793,0.5211,0.5888,0.6129,0.5318,0.5526,3,train,0.25,AggStabBind-mut,GOh1052
KNeighborsUnif_BAG_L1,0.3011,0.5387,0.5945,0.5292,0.507,0.5342,0.525,0.5607,3,train,0.25,AggStabBind-mut,GOh1052
WeightedEnsemble_L3,0.2855,0.52,0.4778,0.5065,0.6236,0.7277,0.508,0.3827,3,test,0.25,AggStabBind-mut,GOh1052
NeuralNetTorch_BAG_L2,0.2882,0.5218,0.4826,0.5051,0.6264,0.7332,0.5073,0.3845,3,test,0.25,AggStabBind-mut,GOh1052
LightGBM_BAG_L2,0.2986,0.5254,0.5127,0.4761,0.6466,0.7588,0.5069,0.3782,3,test,0.25,AggStabBind-mut,GOh1052
LightGBMLarge_BAG_L2,0.2898,0.5165,0.5158,0.4501,0.6494,0.7564,0.5032,0.3633,3,test,0.25,AggStabBind-mut,GOh1052
WeightedEnsemble_L2,0.2899,0.5308,0.4778,0.5658,0.5575,0.733,0.5078,0.3967,3,test,0.25,AggStabBind-mut,GOh1052
LightGBMXT_BAG_L2,0.2806,0.5165,0.4984,0.4848,0.6121,0.7554,0.4905,0.373,3,test,0.25,AggStabBind-mut,GOh1052
ExtraTreesGini_BAG_L2,0.2946,0.5278,0.5158,0.5007,0.6034,0.7564,0.5022,0.3811,3,test,0.25,AggStabBind-mut,GOh1052
ExtraTreesEntr_BAG_L2,0.2838,0.5183,0.5063,0.4819,0.6121,0.7459,0.4985,0.3711,3,test,0.25,AggStabBind-mut,GOh1052
CatBoost_BAG_L2,0.29,0.526,0.5174,0.4964,0.6006,0.7483,0.4942,0.387,3,test,0.25,AggStabBind-mut,GOh1052
RandomForestEntr_BAG_L2,0.2851,0.5212,0.5095,0.4877,0.6092,0.7436,0.4934,0.382,3,test,0.25,AggStabBind-mut,GOh1052
XGBoost_BAG_L2,0.2771,0.5129,0.5111,0.4645,0.6121,0.7425,0.4916,0.3654,3,test,0.25,AggStabBind-mut,GOh1052
XGBoost_BAG_L1,0.2538,0.5075,0.4731,0.5369,0.5115,0.6889,0.4987,0.3611,3,test,0.25,AggStabBind-mut,GOh1052
RandomForestGini_BAG_L2,0.2946,0.5302,0.5127,0.5094,0.6034,0.7431,0.4986,0.397,3,test,0.25,AggStabBind-mut,GOh1052
LightGBMXT_BAG_L1,0.2647,0.5141,0.4636,0.5543,0.5259,0.7307,0.4936,0.3704,3,test,0.25,AggStabBind-mut,GOh1052
LightGBMLarge_BAG_L1,0.259,0.5105,0.4889,0.5094,0.5517,0.6478,0.5057,0.3855,3,test,0.25,AggStabBind-mut,GOh1052
NeuralNetFastAI_BAG_L2,0.3145,0.5506,0.5712,0.5412,0.5316,0.7149,0.5275,0.4048,3,test,0.25,AggStabBind-mut,GOh1052
ExtraTreesGini_BAG_L1,0.2849,0.5248,0.4462,0.5789,0.5603,0.7877,0.4963,0.3846,3,test,0.25,AggStabBind-mut,GOh1052
LightGBM_BAG_L1,0.2652,0.5147,0.4842,0.5311,0.5374,0.697,0.498,0.3778,3,test,0.25,AggStabBind-mut,GOh1052
RandomForestGini_BAG_L1,0.274,0.523,0.4778,0.5658,0.5201,0.7139,0.4994,0.3892,3,test,0.25,AggStabBind-mut,GOh1052
ExtraTreesEntr_BAG_L1,0.289,0.5266,0.4367,0.5774,0.5891,0.7863,0.495,0.3988,3,test,0.25,AggStabBind-mut,GOh1052
RandomForestEntr_BAG_L1,0.2741,0.52,0.4889,0.5355,0.546,0.7169,0.4987,0.3815,3,test,0.25,AggStabBind-mut,GOh1052
CatBoost_BAG_L1,0.274,0.5189,0.443,0.576,0.5431,0.7407,0.5032,0.3765,3,test,0.25,AggStabBind-mut,GOh1052
NeuralNetTorch_BAG_L1,0.2337,0.477,0.4272,0.4631,0.5948,0.7542,0.4805,0.3199,3,test,0.25,AggStabBind-mut,GOh1052
NeuralNetFastAI_BAG_L1,0.2386,0.4889,0.5111,0.4602,0.5057,0.7022,0.4984,0.3072,3,test,0.25,AggStabBind-mut,GOh1052
KNeighborsDist_BAG_L1,0.1408,0.4309,0.4177,0.4342,0.4483,0.5355,0.4566,0.2994,3,test,0.25,AggStabBind-mut,GOh1052
KNeighborsUnif_BAG_L1,0.1509,0.4464,0.4794,0.4457,0.3879,0.5251,0.4646,0.3132,3,test,0.25,AggStabBind-mut,GOh1052
WeightedEnsemble_L3,0.5885,0.7327,0.8271,0.658,0.6849,0.8263,0.6674,0.6707,0,train,0.5,AggStabBind-mut,GOh1052
LightGBMXT_BAG_L2,0.5852,0.732,0.8301,0.6786,0.6426,0.8141,0.6579,0.7033,0,train,0.5,AggStabBind-mut,GOh1052
NeuralNetTorch_BAG_L2,0.5821,0.728,0.8251,0.646,0.6866,0.8251,0.67,0.6489,0,train,0.5,AggStabBind-mut,GOh1052
XGBoost_BAG_L2,0.5817,0.7288,0.8173,0.671,0.6637,0.8221,0.661,0.6732,0,train,0.5,AggStabBind-mut,GOh1052
LightGBMLarge_BAG_L2,0.5808,0.7288,0.8232,0.671,0.6532,0.812,0.6581,0.6922,0,train,0.5,AggStabBind-mut,GOh1052
LightGBM_BAG_L2,0.5794,0.7276,0.8212,0.671,0.6514,0.822,0.654,0.6789,0,train,0.5,AggStabBind-mut,GOh1052
WeightedEnsemble_L2,0.5767,0.7268,0.832,0.6754,0.6215,0.8105,0.6499,0.699,0,train,0.5,AggStabBind-mut,GOh1052
ExtraTreesEntr_BAG_L2,0.5765,0.726,0.8222,0.6732,0.6391,0.8174,0.6547,0.6772,0,train,0.5,AggStabBind-mut,GOh1052
RandomForestEntr_BAG_L2,0.5726,0.7232,0.8153,0.6623,0.6567,0.8153,0.6462,0.6844,0,train,0.5,AggStabBind-mut,GOh1052
ExtraTreesGini_BAG_L2,0.5723,0.7232,0.8212,0.6699,0.6338,0.8245,0.6434,0.6742,0,train,0.5,AggStabBind-mut,GOh1052
RandomForestGini_BAG_L2,0.572,0.7228,0.8202,0.6623,0.6461,0.8186,0.6482,0.6722,0,train,0.5,AggStabBind-mut,GOh1052
CatBoost_BAG_L2,0.5683,0.72,0.8143,0.6504,0.6637,0.8143,0.649,0.6661,0,train,0.5,AggStabBind-mut,GOh1052
LightGBMLarge_BAG_L1,0.5607,0.7168,0.8301,0.6721,0.5863,0.8009,0.6401,0.6866,0,train,0.5,AggStabBind-mut,GOh1052
LightGBMXT_BAG_L1,0.5559,0.7136,0.8202,0.6797,0.5775,0.8029,0.6375,0.6763,0,train,0.5,AggStabBind-mut,GOh1052
LightGBM_BAG_L1,0.5524,0.7112,0.8153,0.6591,0.6092,0.792,0.633,0.692,0,train,0.5,AggStabBind-mut,GOh1052
XGBoost_BAG_L1,0.546,0.7068,0.8104,0.6623,0.5933,0.7986,0.6302,0.666,0,train,0.5,AggStabBind-mut,GOh1052
NeuralNetFastAI_BAG_L2,0.5453,0.7052,0.8035,0.6374,0.6391,0.8083,0.6258,0.6517,0,train,0.5,AggStabBind-mut,GOh1052
RandomForestEntr_BAG_L1,0.5378,0.7028,0.8271,0.6688,0.5352,0.7775,0.6222,0.7005,0,train,0.5,AggStabBind-mut,GOh1052
ExtraTreesEntr_BAG_L1,0.5353,0.7012,0.8212,0.6743,0.5299,0.7791,0.6179,0.7016,0,train,0.5,AggStabBind-mut,GOh1052
CatBoost_BAG_L1,0.5325,0.6984,0.8035,0.6623,0.5687,0.7934,0.6149,0.6674,0,train,0.5,AggStabBind-mut,GOh1052
RandomForestGini_BAG_L1,0.5231,0.6933,0.8124,0.6536,0.544,0.7693,0.6137,0.6851,0,train,0.5,AggStabBind-mut,GOh1052
NeuralNetTorch_BAG_L1,0.5188,0.6869,0.7642,0.6406,0.6232,0.8046,0.6159,0.6082,0,train,0.5,AggStabBind-mut,GOh1052
ExtraTreesGini_BAG_L1,0.4988,0.6781,0.8104,0.6515,0.4842,0.7682,0.5842,0.6773,0,train,0.5,AggStabBind-mut,GOh1052
NeuralNetFastAI_BAG_L1,0.4652,0.6534,0.7554,0.6059,0.5475,0.7698,0.5819,0.5665,0,train,0.5,AggStabBind-mut,GOh1052
KNeighborsDist_BAG_L1,0.352,0.5816,0.6935,0.5288,0.4665,0.6705,0.5209,0.5106,0,train,0.5,AggStabBind-mut,GOh1052
KNeighborsUnif_BAG_L1,0.3405,0.578,0.7279,0.5255,0.3944,0.6222,0.5372,0.5398,0,train,0.5,AggStabBind-mut,GOh1052
WeightedEnsemble_L3,0.4642,0.6501,0.7484,0.5809,0.6092,0.7963,0.6185,0.4953,0,test,0.5,AggStabBind-mut,GOh1052
LightGBMXT_BAG_L2,0.4611,0.6495,0.7627,0.5809,0.5805,0.7876,0.6166,0.4951,0,test,0.5,AggStabBind-mut,GOh1052
NeuralNetTorch_BAG_L2,0.4507,0.6394,0.7421,0.5592,0.6121,0.7909,0.6153,0.4733,0,test,0.5,AggStabBind-mut,GOh1052
XGBoost_BAG_L2,0.4585,0.6459,0.7437,0.5737,0.6121,0.7873,0.6184,0.4919,0,test,0.5,AggStabBind-mut,GOh1052
LightGBMLarge_BAG_L2,0.4423,0.6364,0.7453,0.5578,0.5948,0.7659,0.605,0.494,0,test,0.5,AggStabBind-mut,GOh1052
LightGBM_BAG_L2,0.4573,0.6459,0.7532,0.5679,0.6063,0.7702,0.6199,0.5024,0,test,0.5,AggStabBind-mut,GOh1052
WeightedEnsemble_L2,0.4642,0.6561,0.7753,0.6214,0.5086,0.7916,0.6065,0.5145,0,test,0.5,AggStabBind-mut,GOh1052
ExtraTreesEntr_BAG_L2,0.4527,0.6435,0.75,0.5795,0.5776,0.7926,0.6104,0.482,0,test,0.5,AggStabBind-mut,GOh1052
RandomForestEntr_BAG_L2,0.4638,0.6507,0.7547,0.5867,0.5891,0.795,0.6198,0.4916,0,test,0.5,AggStabBind-mut,GOh1052
ExtraTreesGini_BAG_L2,0.4596,0.6489,0.75,0.5983,0.5661,0.7993,0.6152,0.4852,0,test,0.5,AggStabBind-mut,GOh1052
RandomForestGini_BAG_L2,0.4738,0.6567,0.7532,0.5983,0.5977,0.8137,0.6254,0.4894,0,test,0.5,AggStabBind-mut,GOh1052
CatBoost_BAG_L2,0.4632,0.6501,0.7468,0.5882,0.5977,0.8027,0.6139,0.4941,0,test,0.5,AggStabBind-mut,GOh1052
LightGBMLarge_BAG_L1,0.4277,0.634,0.7437,0.6156,0.4713,0.7448,0.5933,0.5077,0,test,0.5,AggStabBind-mut,GOh1052
LightGBMXT_BAG_L1,0.4331,0.6358,0.7437,0.6084,0.4943,0.7618,0.5972,0.4914,0,test,0.5,AggStabBind-mut,GOh1052
LightGBM_BAG_L1,0.4205,0.628,0.7453,0.5968,0.477,0.7524,0.5883,0.4826,0,test,0.5,AggStabBind-mut,GOh1052
XGBoost_BAG_L1,0.4106,0.6214,0.7358,0.591,0.4741,0.7464,0.5835,0.4741,0,test,0.5,AggStabBind-mut,GOh1052
NeuralNetFastAI_BAG_L2,0.4689,0.6525,0.7516,0.5795,0.6178,0.8065,0.6198,0.4931,0,test,0.5,AggStabBind-mut,GOh1052
RandomForestEntr_BAG_L1,0.4416,0.6435,0.7642,0.6127,0.4856,0.7363,0.598,0.5505,0,test,0.5,AggStabBind-mut,GOh1052
ExtraTreesEntr_BAG_L1,0.4729,0.6651,0.7959,0.6604,0.4368,0.7633,0.6184,0.5547,0,test,0.5,AggStabBind-mut,GOh1052
CatBoost_BAG_L1,0.4377,0.6394,0.7453,0.6185,0.4885,0.7684,0.5961,0.4985,0,test,0.5,AggStabBind-mut,GOh1052
RandomForestGini_BAG_L1,0.4506,0.6489,0.7753,0.6084,0.5,0.7281,0.6093,0.5649,0,test,0.5,AggStabBind-mut,GOh1052
NeuralNetTorch_BAG_L1,0.4167,0.6202,0.7073,0.5665,0.569,0.7801,0.5765,0.4726,0,test,0.5,AggStabBind-mut,GOh1052
ExtraTreesGini_BAG_L1,0.4621,0.6585,0.7753,0.6647,0.4339,0.7515,0.6125,0.5613,0,test,0.5,AggStabBind-mut,GOh1052
NeuralNetFastAI_BAG_L1,0.3949,0.6059,0.6946,0.5506,0.5546,0.7453,0.5747,0.4595,0,test,0.5,AggStabBind-mut,GOh1052
KNeighborsDist_BAG_L1,0.2459,0.5156,0.6472,0.4682,0.3707,0.5728,0.5143,0.3933,0,test,0.5,AggStabBind-mut,GOh1052
KNeighborsUnif_BAG_L1,0.2336,0.5126,0.6978,0.4639,0.273,0.5478,0.5152,0.3893,0,test,0.5,AggStabBind-mut,GOh1052
WeightedEnsemble_L3,0.5878,0.73,0.8072,0.6496,0.7247,0.8255,0.667,0.6724,1,train,0.5,AggStabBind-mut,GOh1052
NeuralNetTorch_BAG_L2,0.5861,0.7288,0.8022,0.6485,0.7297,0.8254,0.6637,0.6739,1,train,0.5,AggStabBind-mut,GOh1052
LightGBMLarge_BAG_L2,0.5815,0.7272,0.7982,0.6812,0.6791,0.823,0.6494,0.6967,1,train,0.5,AggStabBind-mut,GOh1052
XGBoost_BAG_L2,0.5791,0.7252,0.7972,0.679,0.6757,0.8349,0.6473,0.6757,1,train,0.5,AggStabBind-mut,GOh1052
ExtraTreesEntr_BAG_L2,0.5763,0.7236,0.7982,0.6659,0.6875,0.8171,0.649,0.6887,1,train,0.5,AggStabBind-mut,GOh1052
LightGBM_BAG_L2,0.5743,0.7224,0.7972,0.6844,0.6554,0.8288,0.6451,0.676,1,train,0.5,AggStabBind-mut,GOh1052
LightGBMXT_BAG_L2,0.5739,0.7228,0.8012,0.6866,0.647,0.8168,0.6432,0.6976,1,train,0.5,AggStabBind-mut,GOh1052
ExtraTreesGini_BAG_L2,0.5643,0.716,0.7912,0.6659,0.6672,0.8124,0.6382,0.6834,1,train,0.5,AggStabBind-mut,GOh1052
NeuralNetFastAI_BAG_L2,0.564,0.7156,0.8022,0.6649,0.6486,0.8271,0.6391,0.6564,1,train,0.5,AggStabBind-mut,GOh1052
RandomForestEntr_BAG_L2,0.5636,0.7152,0.7942,0.6594,0.6689,0.8222,0.6352,0.6701,1,train,0.5,AggStabBind-mut,GOh1052
CatBoost_BAG_L2,0.5624,0.7144,0.7912,0.6659,0.6605,0.8286,0.6303,0.6684,1,train,0.5,AggStabBind-mut,GOh1052
RandomForestGini_BAG_L2,0.5599,0.7132,0.8002,0.6551,0.6571,0.8116,0.6364,0.6718,1,train,0.5,AggStabBind-mut,GOh1052
LightGBMXT_BAG_L1,0.5545,0.7108,0.8062,0.6768,0.603,0.803,0.6289,0.6892,1,train,0.5,AggStabBind-mut,GOh1052
WeightedEnsemble_L2,0.5545,0.7108,0.8062,0.6768,0.603,0.803,0.6289,0.6892,1,train,0.5,AggStabBind-mut,GOh1052
LightGBM_BAG_L1,0.5532,0.71,0.8072,0.6736,0.603,0.7976,0.631,0.6892,1,train,0.5,AggStabBind-mut,GOh1052
XGBoost_BAG_L1,0.5462,0.7052,0.8012,0.6681,0.6014,0.8036,0.6227,0.6742,1,train,0.5,AggStabBind-mut,GOh1052
RandomForestGini_BAG_L1,0.5442,0.7044,0.7982,0.6964,0.5591,0.795,0.619,0.6998,1,train,0.5,AggStabBind-mut,GOh1052
LightGBMLarge_BAG_L1,0.5428,0.7036,0.8052,0.6746,0.5777,0.7933,0.6163,0.698,1,train,0.5,AggStabBind-mut,GOh1052
NeuralNetTorch_BAG_L1,0.5323,0.6941,0.7691,0.6453,0.6436,0.821,0.6132,0.6277,1,train,0.5,AggStabBind-mut,GOh1052
RandomForestEntr_BAG_L1,0.532,0.6968,0.8062,0.6616,0.5676,0.7827,0.6092,0.6957,1,train,0.5,AggStabBind-mut,GOh1052
CatBoost_BAG_L1,0.5271,0.6933,0.7912,0.6638,0.5743,0.7872,0.607,0.6786,1,train,0.5,AggStabBind-mut,GOh1052
ExtraTreesGini_BAG_L1,0.5213,0.6901,0.7992,0.6703,0.5372,0.7781,0.6004,0.6943,1,train,0.5,AggStabBind-mut,GOh1052
ExtraTreesEntr_BAG_L1,0.5178,0.6877,0.7972,0.6812,0.5135,0.7861,0.5917,0.6925,1,train,0.5,AggStabBind-mut,GOh1052
NeuralNetFastAI_BAG_L1,0.4475,0.6402,0.738,0.5724,0.5811,0.7372,0.5638,0.5962,1,train,0.5,AggStabBind-mut,GOh1052
KNeighborsDist_BAG_L1,0.3554,0.5812,0.6757,0.5517,0.4679,0.6819,0.5173,0.513,1,train,0.5,AggStabBind-mut,GOh1052
KNeighborsUnif_BAG_L1,0.3205,0.5624,0.7038,0.5277,0.3784,0.6287,0.5068,0.5149,1,train,0.5,AggStabBind-mut,GOh1052
WeightedEnsemble_L3,0.4557,0.6471,0.7156,0.6098,0.5965,0.7878,0.6037,0.5201,1,test,0.5,AggStabBind-mut,GOh1052
NeuralNetTorch_BAG_L2,0.453,0.6441,0.7156,0.5939,0.6138,0.7851,0.6035,0.5145,1,test,0.5,AggStabBind-mut,GOh1052
LightGBMLarge_BAG_L2,0.466,0.6573,0.7251,0.646,0.5562,0.7833,0.6032,0.5594,1,test,0.5,AggStabBind-mut,GOh1052
XGBoost_BAG_L2,0.4587,0.6525,0.7283,0.6373,0.5447,0.7814,0.6,0.5447,1,test,0.5,AggStabBind-mut,GOh1052
ExtraTreesEntr_BAG_L2,0.4623,0.6555,0.7235,0.6517,0.5389,0.7802,0.6013,0.5582,1,test,0.5,AggStabBind-mut,GOh1052
LightGBM_BAG_L2,0.4513,0.6483,0.722,0.6445,0.5216,0.7839,0.5931,0.5371,1,test,0.5,AggStabBind-mut,GOh1052
LightGBMXT_BAG_L2,0.4621,0.6555,0.7299,0.6546,0.5216,0.7871,0.6016,0.5452,1,test,0.5,AggStabBind-mut,GOh1052
ExtraTreesGini_BAG_L2,0.453,0.6495,0.7188,0.6488,0.5245,0.7831,0.5939,0.5433,1,test,0.5,AggStabBind-mut,GOh1052
NeuralNetFastAI_BAG_L2,0.4641,0.6543,0.7283,0.6301,0.5677,0.7867,0.6115,0.5282,1,test,0.5,AggStabBind-mut,GOh1052
RandomForestEntr_BAG_L2,0.4548,0.6501,0.7188,0.6416,0.5418,0.7765,0.5992,0.5449,1,test,0.5,AggStabBind-mut,GOh1052
CatBoost_BAG_L2,0.4624,0.6537,0.7251,0.6358,0.5591,0.7955,0.6027,0.5315,1,test,0.5,AggStabBind-mut,GOh1052
RandomForestGini_BAG_L2,0.4576,0.6519,0.7235,0.6445,0.536,0.7842,0.6003,0.5391,1,test,0.5,AggStabBind-mut,GOh1052
WeightedEnsemble_L2,0.4404,0.6435,0.7393,0.6474,0.4611,0.7622,0.5895,0.5369,1,test,0.5,AggStabBind-mut,GOh1052
LightGBMXT_BAG_L1,0.4404,0.6435,0.7393,0.6474,0.4611,0.7622,0.5895,0.5369,1,test,0.5,AggStabBind-mut,GOh1052
LightGBM_BAG_L1,0.4265,0.6352,0.7488,0.6358,0.4265,0.756,0.5828,0.5103,1,test,0.5,AggStabBind-mut,GOh1052
XGBoost_BAG_L1,0.4388,0.6435,0.733,0.6662,0.4352,0.7569,0.5895,0.5451,1,test,0.5,AggStabBind-mut,GOh1052
RandomForestGini_BAG_L1,0.4459,0.6495,0.7393,0.6879,0.4092,0.7464,0.5891,0.5992,1,test,0.5,AggStabBind-mut,GOh1052
LightGBMLarge_BAG_L1,0.4221,0.6334,0.7267,0.646,0.438,0.7313,0.5783,0.563,1,test,0.5,AggStabBind-mut,GOh1052
NeuralNetTorch_BAG_L1,0.4118,0.6196,0.6935,0.5896,0.5447,0.7569,0.5787,0.4884,1,test,0.5,AggStabBind-mut,GOh1052
RandomForestEntr_BAG_L1,0.4361,0.6429,0.7393,0.6647,0.4236,0.7417,0.5823,0.5857,1,test,0.5,AggStabBind-mut,GOh1052
CatBoost_BAG_L1,0.4248,0.6334,0.7299,0.6329,0.4582,0.7549,0.5794,0.523,1,test,0.5,AggStabBind-mut,GOh1052
ExtraTreesGini_BAG_L1,0.4425,0.6477,0.7551,0.685,0.3775,0.7492,0.5881,0.5746,1,test,0.5,AggStabBind-mut,GOh1052
ExtraTreesEntr_BAG_L1,0.4443,0.6489,0.7346,0.7009,0.389,0.7464,0.5865,0.6081,1,test,0.5,AggStabBind-mut,GOh1052
NeuralNetFastAI_BAG_L1,0.4028,0.6112,0.7141,0.5434,0.5591,0.7232,0.5912,0.472,1,test,0.5,AggStabBind-mut,GOh1052
KNeighborsDist_BAG_L1,0.2372,0.5108,0.5924,0.4971,0.389,0.5841,0.4971,0.3994,1,test,0.5,AggStabBind-mut,GOh1052
KNeighborsUnif_BAG_L1,0.2512,0.5245,0.643,0.5101,0.3372,0.5553,0.5214,0.4466,1,test,0.5,AggStabBind-mut,GOh1052
WeightedEnsemble_L3,0.5983,0.7403,0.8385,0.6935,0.6426,0.8278,0.6656,0.7074,2,train,0.5,AggStabBind-mut,GOh1052
LightGBMXT_BAG_L2,0.5943,0.7379,0.8424,0.6892,0.632,0.8244,0.6615,0.7081,2,train,0.5,AggStabBind-mut,GOh1052
LightGBMLarge_BAG_L2,0.5932,0.7371,0.8404,0.6892,0.632,0.8281,0.6588,0.7039,2,train,0.5,AggStabBind-mut,GOh1052
XGBoost_BAG_L2,0.5897,0.7343,0.8285,0.6828,0.6514,0.8277,0.6621,0.6877,2,train,0.5,AggStabBind-mut,GOh1052
NeuralNetTorch_BAG_L2,0.5892,0.7331,0.8335,0.6527,0.6866,0.8253,0.6663,0.6759,2,train,0.5,AggStabBind-mut,GOh1052
LightGBM_BAG_L2,0.5872,0.7327,0.8315,0.6688,0.662,0.8169,0.6624,0.695,2,train,0.5,AggStabBind-mut,GOh1052
LightGBMXT_BAG_L1,0.5791,0.7284,0.8276,0.6925,0.6109,0.8154,0.6427,0.7214,2,train,0.5,AggStabBind-mut,GOh1052
WeightedEnsemble_L2,0.5791,0.7284,0.8276,0.6925,0.6109,0.8154,0.6427,0.7214,2,train,0.5,AggStabBind-mut,GOh1052
CatBoost_BAG_L2,0.5784,0.7268,0.8256,0.6624,0.6567,0.8272,0.6477,0.6794,2,train,0.5,AggStabBind-mut,GOh1052
LightGBM_BAG_L1,0.5768,0.7268,0.8176,0.6935,0.6197,0.8112,0.6424,0.7243,2,train,0.5,AggStabBind-mut,GOh1052
RandomForestEntr_BAG_L2,0.5752,0.7252,0.8355,0.6581,0.6391,0.8161,0.6504,0.6811,2,train,0.5,AggStabBind-mut,GOh1052
ExtraTreesGini_BAG_L2,0.5731,0.724,0.8295,0.6645,0.6338,0.8166,0.6431,0.691,2,train,0.5,AggStabBind-mut,GOh1052
NeuralNetFastAI_BAG_L2,0.5726,0.722,0.8018,0.6613,0.6796,0.8332,0.6433,0.6655,2,train,0.5,AggStabBind-mut,GOh1052
XGBoost_BAG_L1,0.5705,0.7224,0.8157,0.6903,0.6092,0.8205,0.6401,0.6906,2,train,0.5,AggStabBind-mut,GOh1052
ExtraTreesEntr_BAG_L2,0.5626,0.7172,0.8295,0.6559,0.618,0.8158,0.6367,0.6711,2,train,0.5,AggStabBind-mut,GOh1052
LightGBMLarge_BAG_L1,0.562,0.7176,0.8186,0.6806,0.5986,0.7942,0.6387,0.7143,2,train,0.5,AggStabBind-mut,GOh1052
RandomForestGini_BAG_L2,0.5545,0.712,0.8315,0.6419,0.6144,0.8098,0.6304,0.666,2,train,0.5,AggStabBind-mut,GOh1052
CatBoost_BAG_L1,0.5452,0.7064,0.8127,0.6634,0.588,0.8,0.6245,0.6761,2,train,0.5,AggStabBind-mut,GOh1052
RandomForestEntr_BAG_L1,0.544,0.7064,0.8236,0.672,0.5546,0.7914,0.6188,0.7047,2,train,0.5,AggStabBind-mut,GOh1052
ExtraTreesEntr_BAG_L1,0.5417,0.7052,0.8285,0.686,0.5176,0.7894,0.6164,0.7119,2,train,0.5,AggStabBind-mut,GOh1052
NeuralNetTorch_BAG_L1,0.5377,0.7008,0.7879,0.6828,0.5757,0.8196,0.6094,0.6606,2,train,0.5,AggStabBind-mut,GOh1052
ExtraTreesGini_BAG_L1,0.532,0.6988,0.8157,0.6753,0.5299,0.7868,0.6103,0.6968,2,train,0.5,AggStabBind-mut,GOh1052
RandomForestGini_BAG_L1,0.5296,0.6972,0.8127,0.6634,0.5475,0.781,0.6097,0.6989,2,train,0.5,AggStabBind-mut,GOh1052
NeuralNetFastAI_BAG_L1,0.4906,0.6697,0.775,0.5925,0.6092,0.7614,0.5989,0.6179,2,train,0.5,AggStabBind-mut,GOh1052
KNeighborsDist_BAG_L1,0.3676,0.5907,0.6858,0.5495,0.4894,0.6818,0.534,0.5196,2,train,0.5,AggStabBind-mut,GOh1052
KNeighborsUnif_BAG_L1,0.3321,0.572,0.7255,0.514,0.3944,0.6214,0.5299,0.5246,2,train,0.5,AggStabBind-mut,GOh1052
WeightedEnsemble_L3,0.4525,0.6499,0.7753,0.6185,0.4841,0.7621,0.6045,0.525,2,test,0.5,AggStabBind-mut,GOh1052
LightGBMXT_BAG_L2,0.4581,0.6535,0.7832,0.6185,0.487,0.7615,0.6097,0.5298,2,test,0.5,AggStabBind-mut,GOh1052
LightGBMLarge_BAG_L2,0.4481,0.6463,0.7801,0.604,0.487,0.755,0.6076,0.5121,2,test,0.5,AggStabBind-mut,GOh1052
XGBoost_BAG_L2,0.4355,0.6373,0.7674,0.5896,0.4957,0.759,0.5956,0.4957,2,test,0.5,AggStabBind-mut,GOh1052
NeuralNetTorch_BAG_L2,0.4595,0.6523,0.7516,0.6185,0.5389,0.7825,0.6062,0.5223,2,test,0.5,AggStabBind-mut,GOh1052
LightGBM_BAG_L2,0.4304,0.6338,0.7753,0.5795,0.4841,0.755,0.5958,0.4814,2,test,0.5,AggStabBind-mut,GOh1052
LightGBMXT_BAG_L1,0.4062,0.6224,0.7611,0.604,0.4063,0.731,0.5742,0.4947,2,test,0.5,AggStabBind-mut,GOh1052
WeightedEnsemble_L2,0.4062,0.6224,0.7611,0.604,0.4063,0.731,0.5742,0.4947,2,test,0.5,AggStabBind-mut,GOh1052
CatBoost_BAG_L2,0.4501,0.6481,0.7579,0.6286,0.487,0.7789,0.5975,0.5152,2,test,0.5,AggStabBind-mut,GOh1052
LightGBM_BAG_L1,0.4098,0.6254,0.7658,0.6142,0.3919,0.7267,0.5782,0.5037,2,test,0.5,AggStabBind-mut,GOh1052
RandomForestEntr_BAG_L2,0.4427,0.6439,0.769,0.6185,0.4669,0.7666,0.5944,0.511,2,test,0.5,AggStabBind-mut,GOh1052
ExtraTreesGini_BAG_L2,0.446,0.6463,0.7769,0.6228,0.4553,0.7708,0.597,0.5064,2,test,0.5,AggStabBind-mut,GOh1052
NeuralNetFastAI_BAG_L2,0.4549,0.6487,0.7595,0.6026,0.5389,0.7843,0.6026,0.5095,2,test,0.5,AggStabBind-mut,GOh1052
XGBoost_BAG_L1,0.4043,0.6218,0.7579,0.6127,0.3919,0.7258,0.5753,0.4964,2,test,0.5,AggStabBind-mut,GOh1052
ExtraTreesEntr_BAG_L2,0.4474,0.6475,0.769,0.6301,0.4611,0.7594,0.6014,0.5229,2,test,0.5,AggStabBind-mut,GOh1052
LightGBMLarge_BAG_L1,0.4117,0.6272,0.7674,0.6214,0.3833,0.7164,0.5827,0.5195,2,test,0.5,AggStabBind-mut,GOh1052
RandomForestGini_BAG_L2,0.4481,0.6469,0.7753,0.6156,0.4755,0.7704,0.5992,0.5093,2,test,0.5,AggStabBind-mut,GOh1052
CatBoost_BAG_L1,0.4169,0.6296,0.7579,0.6301,0.3948,0.7403,0.5852,0.491,2,test,0.5,AggStabBind-mut,GOh1052
RandomForestEntr_BAG_L1,0.4289,0.6391,0.7484,0.6633,0.3919,0.7113,0.593,0.5862,2,test,0.5,AggStabBind-mut,GOh1052
ExtraTreesEntr_BAG_L1,0.4314,0.6409,0.7769,0.6546,0.366,0.7147,0.5953,0.5695,2,test,0.5,AggStabBind-mut,GOh1052
NeuralNetTorch_BAG_L1,0.3931,0.6122,0.6946,0.6199,0.4467,0.7479,0.5615,0.4844,2,test,0.5,AggStabBind-mut,GOh1052
ExtraTreesGini_BAG_L1,0.42,0.6344,0.7627,0.6633,0.3429,0.7173,0.5825,0.564,2,test,0.5,AggStabBind-mut,GOh1052
RandomForestGini_BAG_L1,0.4126,0.6284,0.7484,0.6358,0.3948,0.7018,0.5843,0.5615,2,test,0.5,AggStabBind-mut,GOh1052
NeuralNetFastAI_BAG_L1,0.3768,0.5984,0.7104,0.5434,0.5043,0.7016,0.5612,0.4848,2,test,0.5,AggStabBind-mut,GOh1052
KNeighborsDist_BAG_L1,0.2247,0.5015,0.6187,0.4668,0.3573,0.5554,0.5119,0.369,2,test,0.5,AggStabBind-mut,GOh1052
KNeighborsUnif_BAG_L1,0.2138,0.5003,0.6551,0.461,0.2968,0.5162,0.5112,0.4204,2,test,0.5,AggStabBind-mut,GOh1052
WeightedEnsemble_L3,0.5967,0.7363,0.8239,0.6467,0.7265,0.828,0.6746,0.6768,3,train,0.5,AggStabBind-mut,GOh1052
NeuralNetTorch_BAG_L2,0.5888,0.73,0.8229,0.6172,0.747,0.8245,0.6746,0.6571,3,train,0.5,AggStabBind-mut,GOh1052
LightGBMXT_BAG_L2,0.5875,0.7308,0.8179,0.6532,0.7026,0.8303,0.6611,0.6727,3,train,0.5,AggStabBind-mut,GOh1052
XGBoost_BAG_L2,0.5829,0.7272,0.8159,0.6412,0.7094,0.8316,0.6607,0.6577,3,train,0.5,AggStabBind-mut,GOh1052
LightGBM_BAG_L2,0.5777,0.7256,0.8169,0.6674,0.6598,0.8185,0.6469,0.6918,3,train,0.5,AggStabBind-mut,GOh1052
CatBoost_BAG_L2,0.5759,0.7232,0.8159,0.6401,0.694,0.8325,0.6436,0.6656,3,train,0.5,AggStabBind-mut,GOh1052
ExtraTreesGini_BAG_L2,0.5758,0.7236,0.8129,0.6532,0.6803,0.8269,0.6455,0.6734,3,train,0.5,AggStabBind-mut,GOh1052
LightGBMLarge_BAG_L2,0.5756,0.7236,0.8139,0.651,0.6821,0.8213,0.6475,0.6774,3,train,0.5,AggStabBind-mut,GOh1052
ExtraTreesEntr_BAG_L2,0.5737,0.722,0.8169,0.6434,0.6821,0.8327,0.6413,0.6639,3,train,0.5,AggStabBind-mut,GOh1052
RandomForestGini_BAG_L2,0.573,0.7212,0.807,0.6379,0.7043,0.8242,0.6422,0.6732,3,train,0.5,AggStabBind-mut,GOh1052
RandomForestEntr_BAG_L2,0.5727,0.7212,0.8179,0.6358,0.6889,0.827,0.6435,0.6639,3,train,0.5,AggStabBind-mut,GOh1052
LightGBMLarge_BAG_L1,0.5686,0.7208,0.8259,0.6761,0.6103,0.7935,0.6465,0.7112,3,train,0.5,AggStabBind-mut,GOh1052
WeightedEnsemble_L2,0.5686,0.7208,0.8259,0.6761,0.6103,0.7935,0.6465,0.7112,3,train,0.5,AggStabBind-mut,GOh1052
XGBoost_BAG_L1,0.5644,0.7176,0.8149,0.6805,0.6085,0.8133,0.6316,0.6953,3,train,0.5,AggStabBind-mut,GOh1052
LightGBM_BAG_L1,0.5637,0.7172,0.8139,0.6772,0.6137,0.8083,0.6343,0.6957,3,train,0.5,AggStabBind-mut,GOh1052
LightGBMXT_BAG_L1,0.5625,0.7164,0.8189,0.6663,0.6188,0.8061,0.6358,0.6895,3,train,0.5,AggStabBind-mut,GOh1052
NeuralNetFastAI_BAG_L2,0.5574,0.7112,0.799,0.6347,0.6803,0.8194,0.6306,0.6589,3,train,0.5,AggStabBind-mut,GOh1052
RandomForestEntr_BAG_L1,0.5397,0.702,0.808,0.6685,0.5726,0.7984,0.6118,0.6865,3,train,0.5,AggStabBind-mut,GOh1052
CatBoost_BAG_L1,0.5357,0.6992,0.803,0.6543,0.5915,0.7904,0.616,0.6758,3,train,0.5,AggStabBind-mut,GOh1052
NeuralNetTorch_BAG_L1,0.533,0.6941,0.7701,0.6336,0.6581,0.8332,0.6103,0.615,3,train,0.5,AggStabBind-mut,GOh1052
RandomForestGini_BAG_L1,0.5312,0.6968,0.805,0.6696,0.5538,0.7862,0.6067,0.6953,3,train,0.5,AggStabBind-mut,GOh1052
ExtraTreesGini_BAG_L1,0.5276,0.6945,0.805,0.6696,0.5436,0.7924,0.5961,0.6974,3,train,0.5,AggStabBind-mut,GOh1052
ExtraTreesEntr_BAG_L1,0.5254,0.6933,0.809,0.6663,0.5368,0.7886,0.5949,0.6993,3,train,0.5,AggStabBind-mut,GOh1052
NeuralNetFastAI_BAG_L1,0.4621,0.651,0.7612,0.5921,0.5538,0.7471,0.5789,0.5945,3,train,0.5,AggStabBind-mut,GOh1052
KNeighborsDist_BAG_L1,0.3547,0.5808,0.6607,0.5431,0.5026,0.6535,0.5349,0.525,3,train,0.5,AggStabBind-mut,GOh1052
KNeighborsUnif_BAG_L1,0.3122,0.5584,0.6985,0.5169,0.3829,0.5995,0.5158,0.5372,3,train,0.5,AggStabBind-mut,GOh1052
WeightedEnsemble_L3,0.4301,0.6284,0.7231,0.5731,0.5661,0.7948,0.5902,0.4635,3,test,0.5,AggStabBind-mut,GOh1052
NeuralNetTorch_BAG_L2,0.4346,0.6284,0.7136,0.5586,0.6121,0.7968,0.5966,0.4651,3,test,0.5,AggStabBind-mut,GOh1052
LightGBMXT_BAG_L2,0.4328,0.6314,0.7294,0.5789,0.5575,0.7853,0.5926,0.4743,3,test,0.5,AggStabBind-mut,GOh1052
XGBoost_BAG_L2,0.4288,0.629,0.7199,0.5789,0.5632,0.7831,0.5857,0.4816,3,test,0.5,AggStabBind-mut,GOh1052
LightGBM_BAG_L2,0.4336,0.6344,0.7294,0.5991,0.5316,0.7722,0.5931,0.492,3,test,0.5,AggStabBind-mut,GOh1052
CatBoost_BAG_L2,0.4212,0.623,0.7168,0.5702,0.5575,0.792,0.5803,0.4619,3,test,0.5,AggStabBind-mut,GOh1052
ExtraTreesGini_BAG_L2,0.4335,0.6314,0.7278,0.576,0.5661,0.7823,0.5949,0.4758,3,test,0.5,AggStabBind-mut,GOh1052
LightGBMLarge_BAG_L2,0.4249,0.6272,0.7263,0.5789,0.5431,0.7753,0.5865,0.4761,3,test,0.5,AggStabBind-mut,GOh1052
ExtraTreesEntr_BAG_L2,0.4442,0.6391,0.7263,0.5919,0.5747,0.7846,0.5997,0.495,3,test,0.5,AggStabBind-mut,GOh1052
RandomForestGini_BAG_L2,0.423,0.6248,0.7231,0.5716,0.5517,0.7852,0.5835,0.466,3,test,0.5,AggStabBind-mut,GOh1052
RandomForestEntr_BAG_L2,0.4276,0.6278,0.7342,0.5673,0.5546,0.7772,0.5904,0.4707,3,test,0.5,AggStabBind-mut,GOh1052
LightGBMLarge_BAG_L1,0.4214,0.6314,0.7437,0.6266,0.4368,0.7242,0.5964,0.5135,3,test,0.5,AggStabBind-mut,GOh1052
WeightedEnsemble_L2,0.4214,0.6314,0.7437,0.6266,0.4368,0.7242,0.5964,0.5135,3,test,0.5,AggStabBind-mut,GOh1052
XGBoost_BAG_L1,0.4205,0.6296,0.7342,0.6208,0.4569,0.7569,0.5813,0.4969,3,test,0.5,AggStabBind-mut,GOh1052
LightGBM_BAG_L1,0.4133,0.626,0.7342,0.6237,0.4339,0.7377,0.5824,0.5,3,test,0.5,AggStabBind-mut,GOh1052
LightGBMXT_BAG_L1,0.4194,0.6284,0.7199,0.6223,0.4741,0.7571,0.5803,0.5015,3,test,0.5,AggStabBind-mut,GOh1052
NeuralNetFastAI_BAG_L2,0.4323,0.6296,0.712,0.5789,0.5805,0.7909,0.5935,0.472,3,test,0.5,AggStabBind-mut,GOh1052
RandomForestEntr_BAG_L1,0.4317,0.6385,0.7532,0.6324,0.4425,0.7267,0.5962,0.5442,3,test,0.5,AggStabBind-mut,GOh1052
CatBoost_BAG_L1,0.429,0.6344,0.7215,0.6295,0.4856,0.7587,0.5886,0.5106,3,test,0.5,AggStabBind-mut,GOh1052
NeuralNetTorch_BAG_L1,0.3805,0.5931,0.6614,0.5427,0.569,0.7755,0.5589,0.4295,3,test,0.5,AggStabBind-mut,GOh1052
RandomForestGini_BAG_L1,0.4229,0.6332,0.7627,0.6179,0.4282,0.7088,0.5955,0.5438,3,test,0.5,AggStabBind-mut,GOh1052
ExtraTreesGini_BAG_L1,0.4214,0.6332,0.7294,0.6643,0.3966,0.7545,0.573,0.5328,3,test,0.5,AggStabBind-mut,GOh1052
ExtraTreesEntr_BAG_L1,0.4371,0.6427,0.7421,0.6643,0.4195,0.7492,0.5907,0.5448,3,test,0.5,AggStabBind-mut,GOh1052
NeuralNetFastAI_BAG_L1,0.3706,0.5865,0.6677,0.5311,0.5489,0.7549,0.5637,0.4143,3,test,0.5,AggStabBind-mut,GOh1052
KNeighborsDist_BAG_L1,0.2416,0.5105,0.6171,0.4718,0.3937,0.59,0.5054,0.3753,3,test,0.5,AggStabBind-mut,GOh1052
KNeighborsUnif_BAG_L1,0.2359,0.5123,0.6661,0.4689,0.319,0.5628,0.507,0.3908,3,test,0.5,AggStabBind-mut,GOh1052
LightGBMXT_BAG_L2,0.6285,0.7707,0.8462,0.755,0.603,0.8457,0.7219,0.6823,0,train,0.75,AggStabBind-mut,GOh1052
WeightedEnsemble_L3,0.6285,0.7707,0.8462,0.755,0.603,0.8457,0.7219,0.6823,0,train,0.75,AggStabBind-mut,GOh1052
NeuralNetTorch_BAG_L2,0.6234,0.7657,0.8523,0.7131,0.6595,0.8401,0.7346,0.6383,0,train,0.75,AggStabBind-mut,GOh1052
XGBoost_BAG_L2,0.6229,0.7665,0.8408,0.739,0.6312,0.8413,0.7246,0.6632,0,train,0.75,AggStabBind-mut,GOh1052
LightGBMLarge_BAG_L2,0.6205,0.7662,0.8426,0.7556,0.5831,0.8401,0.7148,0.6869,0,train,0.75,AggStabBind-mut,GOh1052
ExtraTreesEntr_BAG_L2,0.6175,0.7638,0.8396,0.7444,0.6047,0.8391,0.7163,0.6716,0,train,0.75,AggStabBind-mut,GOh1052
RandomForestGini_BAG_L2,0.617,0.7633,0.8372,0.7483,0.598,0.8443,0.7156,0.6581,0,train,0.75,AggStabBind-mut,GOh1052
ExtraTreesGini_BAG_L2,0.6151,0.7625,0.839,0.7437,0.5997,0.8395,0.7102,0.6786,0,train,0.75,AggStabBind-mut,GOh1052
CatBoost_BAG_L2,0.6141,0.7612,0.8384,0.7371,0.6096,0.843,0.7152,0.6496,0,train,0.75,AggStabBind-mut,GOh1052
LightGBM_BAG_L2,0.614,0.762,0.839,0.7437,0.5963,0.8349,0.7125,0.6799,0,train,0.75,AggStabBind-mut,GOh1052
RandomForestEntr_BAG_L2,0.612,0.7606,0.8408,0.741,0.5897,0.8367,0.7126,0.6648,0,train,0.75,AggStabBind-mut,GOh1052
WeightedEnsemble_L2,0.6115,0.7622,0.8535,0.7683,0.4967,0.8314,0.7016,0.7205,0,train,0.75,AggStabBind-mut,GOh1052
LightGBMLarge_BAG_L1,0.6063,0.7593,0.8529,0.7656,0.4867,0.8249,0.7005,0.7217,0,train,0.75,AggStabBind-mut,GOh1052
XGBoost_BAG_L1,0.5998,0.7545,0.8384,0.7629,0.5033,0.8343,0.6926,0.6871,0,train,0.75,AggStabBind-mut,GOh1052
LightGBMXT_BAG_L1,0.5996,0.7543,0.8329,0.7636,0.515,0.8334,0.6919,0.6935,0,train,0.75,AggStabBind-mut,GOh1052
LightGBM_BAG_L1,0.5969,0.7532,0.8396,0.7656,0.485,0.8281,0.6917,0.6986,0,train,0.75,AggStabBind-mut,GOh1052
NeuralNetFastAI_BAG_L2,0.5935,0.7481,0.8178,0.739,0.5797,0.8492,0.6904,0.6266,0,train,0.75,AggStabBind-mut,GOh1052
CatBoost_BAG_L1,0.5884,0.7481,0.845,0.7517,0.4734,0.8236,0.6898,0.6722,0,train,0.75,AggStabBind-mut,GOh1052
RandomForestEntr_BAG_L1,0.5839,0.7463,0.8481,0.7583,0.4369,0.8098,0.6863,0.7186,0,train,0.75,AggStabBind-mut,GOh1052
NeuralNetTorch_BAG_L1,0.5702,0.7324,0.8136,0.7045,0.5797,0.8343,0.6935,0.5638,0,train,0.75,AggStabBind-mut,GOh1052
RandomForestGini_BAG_L1,0.5686,0.7372,0.8462,0.747,0.4136,0.8044,0.6749,0.7014,0,train,0.75,AggStabBind-mut,GOh1052
ExtraTreesGini_BAG_L1,0.5599,0.7324,0.8462,0.7477,0.3821,0.797,0.6694,0.7099,0,train,0.75,AggStabBind-mut,GOh1052
ExtraTreesEntr_BAG_L1,0.5587,0.7316,0.8408,0.747,0.3937,0.7937,0.6681,0.727,0,train,0.75,AggStabBind-mut,GOh1052
NeuralNetFastAI_BAG_L1,0.4921,0.688,0.7827,0.6873,0.4302,0.7817,0.6373,0.5373,0,train,0.75,AggStabBind-mut,GOh1052
KNeighborsDist_BAG_L1,0.3679,0.6125,0.7173,0.6009,0.3538,0.6902,0.5798,0.4419,0,train,0.75,AggStabBind-mut,GOh1052
KNeighborsUnif_BAG_L1,0.3417,0.6016,0.7403,0.5823,0.2691,0.6485,0.5789,0.4513,0,train,0.75,AggStabBind-mut,GOh1052
LightGBMXT_BAG_L2,0.5439,0.7099,0.8259,0.711,0.4971,0.8043,0.6586,0.6268,0,test,0.75,AggStabBind-mut,GOh1052
WeightedEnsemble_L3,0.5439,0.7099,0.8259,0.711,0.4971,0.8043,0.6586,0.6268,0,test,0.75,AggStabBind-mut,GOh1052
NeuralNetTorch_BAG_L2,0.5408,0.7057,0.8291,0.6691,0.5546,0.8012,0.672,0.5866,0,test,0.75,AggStabBind-mut,GOh1052
XGBoost_BAG_L2,0.5304,0.701,0.8149,0.6994,0.4971,0.7972,0.6567,0.5986,0,test,0.75,AggStabBind-mut,GOh1052
LightGBMLarge_BAG_L2,0.5405,0.7075,0.8101,0.7081,0.5201,0.7938,0.6604,0.6351,0,test,0.75,AggStabBind-mut,GOh1052
ExtraTreesEntr_BAG_L2,0.5413,0.7081,0.8228,0.711,0.4943,0.805,0.6604,0.6121,0,test,0.75,AggStabBind-mut,GOh1052
RandomForestGini_BAG_L2,0.5428,0.7087,0.8212,0.7066,0.5086,0.8148,0.6581,0.6062,0,test,0.75,AggStabBind-mut,GOh1052
ExtraTreesGini_BAG_L2,0.5434,0.7093,0.8101,0.7197,0.5057,0.814,0.657,0.6175,0,test,0.75,AggStabBind-mut,GOh1052
CatBoost_BAG_L2,0.5393,0.7063,0.8165,0.7009,0.5172,0.8113,0.6572,0.604,0,test,0.75,AggStabBind-mut,GOh1052
LightGBM_BAG_L2,0.5357,0.7051,0.8196,0.7153,0.477,0.7945,0.653,0.6336,0,test,0.75,AggStabBind-mut,GOh1052
RandomForestEntr_BAG_L2,0.5427,0.7087,0.8196,0.7052,0.5144,0.8106,0.6577,0.6151,0,test,0.75,AggStabBind-mut,GOh1052
WeightedEnsemble_L2,0.5255,0.6998,0.8291,0.7413,0.3822,0.7892,0.6365,0.6584,0,test,0.75,AggStabBind-mut,GOh1052
LightGBMLarge_BAG_L1,0.5226,0.698,0.8323,0.7269,0.3966,0.7804,0.6383,0.6571,0,test,0.75,AggStabBind-mut,GOh1052
XGBoost_BAG_L1,0.5011,0.6842,0.8133,0.7168,0.3851,0.7871,0.6278,0.5852,0,test,0.75,AggStabBind-mut,GOh1052
LightGBMXT_BAG_L1,0.5049,0.6866,0.807,0.7197,0.4023,0.7798,0.6304,0.614,0,test,0.75,AggStabBind-mut,GOh1052
LightGBM_BAG_L1,0.5093,0.6896,0.8117,0.7254,0.3966,0.7832,0.6244,0.6479,0,test,0.75,AggStabBind-mut,GOh1052
NeuralNetFastAI_BAG_L2,0.5286,0.6992,0.7959,0.6965,0.5287,0.8126,0.6461,0.5993,0,test,0.75,AggStabBind-mut,GOh1052
CatBoost_BAG_L1,0.5067,0.6878,0.8117,0.7168,0.4052,0.7761,0.6318,0.6239,0,test,0.75,AggStabBind-mut,GOh1052
RandomForestEntr_BAG_L1,0.5155,0.6938,0.8323,0.7428,0.3448,0.7601,0.6314,0.7229,0,test,0.75,AggStabBind-mut,GOh1052
NeuralNetTorch_BAG_L1,0.4856,0.6711,0.7864,0.646,0.5115,0.7741,0.6296,0.5562,0,test,0.75,AggStabBind-mut,GOh1052
RandomForestGini_BAG_L1,0.5166,0.6944,0.8386,0.7471,0.3276,0.7637,0.6282,0.7355,0,test,0.75,AggStabBind-mut,GOh1052
ExtraTreesGini_BAG_L1,0.4962,0.6818,0.8228,0.7529,0.2845,0.7536,0.6137,0.7444,0,test,0.75,AggStabBind-mut,GOh1052
ExtraTreesEntr_BAG_L1,0.506,0.6878,0.8291,0.7543,0.2989,0.7583,0.6214,0.7376,0,test,0.75,AggStabBind-mut,GOh1052
NeuralNetFastAI_BAG_L1,0.4543,0.6549,0.769,0.6936,0.3707,0.7594,0.6,0.556,0,test,0.75,AggStabBind-mut,GOh1052
KNeighborsDist_BAG_L1,0.2977,0.5544,0.7041,0.5376,0.3161,0.5989,0.5471,0.4418,0,test,0.75,AggStabBind-mut,GOh1052
KNeighborsUnif_BAG_L1,0.2751,0.5437,0.731,0.5405,0.2098,0.5586,0.5516,0.4371,0,test,0.75,AggStabBind-mut,GOh1052
LightGBMLarge_BAG_L2,0.6502,0.7822,0.8497,0.7601,0.6582,0.8585,0.733,0.7005,1,train,0.75,AggStabBind-mut,GOh1052
WeightedEnsemble_L3,0.6502,0.7822,0.8497,0.7601,0.6582,0.8585,0.733,0.7005,1,train,0.75,AggStabBind-mut,GOh1052
LightGBMXT_BAG_L2,0.6474,0.7806,0.8503,0.7594,0.6486,0.8571,0.7304,0.6998,1,train,0.75,AggStabBind-mut,GOh1052
LightGBM_BAG_L2,0.6473,0.7809,0.8497,0.7648,0.6391,0.8533,0.7304,0.7102,1,train,0.75,AggStabBind-mut,GOh1052
XGBoost_BAG_L2,0.6456,0.779,0.8497,0.75,0.663,0.857,0.7337,0.6836,1,train,0.75,AggStabBind-mut,GOh1052
NeuralNetTorch_BAG_L2,0.6429,0.7771,0.8418,0.756,0.6582,0.8638,0.7258,0.6798,1,train,0.75,AggStabBind-mut,GOh1052
ExtraTreesGini_BAG_L2,0.6387,0.775,0.8484,0.7453,0.6534,0.851,0.7282,0.6861,1,train,0.75,AggStabBind-mut,GOh1052
RandomForestEntr_BAG_L2,0.6378,0.7745,0.8448,0.75,0.6486,0.8521,0.7251,0.6892,1,train,0.75,AggStabBind-mut,GOh1052
ExtraTreesEntr_BAG_L2,0.6345,0.7726,0.8399,0.7534,0.6423,0.8498,0.7195,0.699,1,train,0.75,AggStabBind-mut,GOh1052
RandomForestGini_BAG_L2,0.6289,0.7689,0.8418,0.7426,0.6407,0.849,0.7199,0.6762,1,train,0.75,AggStabBind-mut,GOh1052
WeightedEnsemble_L2,0.6269,0.7691,0.8424,0.7796,0.5533,0.8506,0.7039,0.7175,1,train,0.75,AggStabBind-mut,GOh1052
CatBoost_BAG_L2,0.6268,0.7673,0.8375,0.7399,0.6486,0.852,0.7154,0.6733,1,train,0.75,AggStabBind-mut,GOh1052
LightGBM_BAG_L1,0.6161,0.7625,0.8375,0.7655,0.5596,0.8416,0.6979,0.714,1,train,0.75,AggStabBind-mut,GOh1052
NeuralNetFastAI_BAG_L2,0.6137,0.7593,0.8302,0.7419,0.6153,0.8525,0.7018,0.6593,1,train,0.75,AggStabBind-mut,GOh1052
LightGBMXT_BAG_L1,0.6134,0.7609,0.8393,0.7688,0.5374,0.8429,0.6988,0.694,1,train,0.75,AggStabBind-mut,GOh1052
LightGBMLarge_BAG_L1,0.6128,0.7612,0.8484,0.7749,0.5008,0.8403,0.6942,0.7159,1,train,0.75,AggStabBind-mut,GOh1052
XGBoost_BAG_L1,0.6087,0.758,0.8399,0.7655,0.5262,0.844,0.6966,0.6755,1,train,0.75,AggStabBind-mut,GOh1052
CatBoost_BAG_L1,0.5897,0.7468,0.8375,0.752,0.4976,0.8314,0.6827,0.6717,1,train,0.75,AggStabBind-mut,GOh1052
RandomForestEntr_BAG_L1,0.588,0.7468,0.846,0.7608,0.4547,0.8172,0.6815,0.7186,1,train,0.75,AggStabBind-mut,GOh1052
RandomForestGini_BAG_L1,0.5808,0.7426,0.8448,0.7574,0.4404,0.8141,0.6761,0.7139,1,train,0.75,AggStabBind-mut,GOh1052
ExtraTreesEntr_BAG_L1,0.5717,0.7375,0.8503,0.752,0.4086,0.8061,0.6681,0.7301,1,train,0.75,AggStabBind-mut,GOh1052
NeuralNetTorch_BAG_L1,0.5704,0.7319,0.8083,0.7063,0.593,0.829,0.6789,0.6115,1,train,0.75,AggStabBind-mut,GOh1052
ExtraTreesGini_BAG_L1,0.5651,0.7335,0.8478,0.7466,0.4038,0.8057,0.6633,0.7135,1,train,0.75,AggStabBind-mut,GOh1052
NeuralNetFastAI_BAG_L1,0.4876,0.683,0.7608,0.6976,0.4452,0.7872,0.6171,0.5714,1,train,0.75,AggStabBind-mut,GOh1052
KNeighborsDist_BAG_L1,0.3841,0.6189,0.7109,0.6176,0.3816,0.7079,0.5816,0.4528,1,train,0.75,AggStabBind-mut,GOh1052
KNeighborsUnif_BAG_L1,0.3514,0.6043,0.7304,0.5981,0.2893,0.6593,0.5757,0.4619,1,train,0.75,AggStabBind-mut,GOh1052
LightGBMLarge_BAG_L2,0.5228,0.6974,0.8199,0.7052,0.4582,0.7758,0.6489,0.6335,1,test,0.75,AggStabBind-mut,GOh1052
WeightedEnsemble_L3,0.5228,0.6974,0.8199,0.7052,0.4582,0.7758,0.6489,0.6335,1,test,0.75,AggStabBind-mut,GOh1052
LightGBMXT_BAG_L2,0.5263,0.6998,0.8167,0.7182,0.4496,0.7881,0.6446,0.6367,1,test,0.75,AggStabBind-mut,GOh1052
LightGBM_BAG_L2,0.5117,0.6908,0.812,0.711,0.4294,0.78,0.6348,0.6261,1,test,0.75,AggStabBind-mut,GOh1052
XGBoost_BAG_L2,0.5208,0.6962,0.8104,0.7095,0.4611,0.7832,0.641,0.6375,1,test,0.75,AggStabBind-mut,GOh1052
NeuralNetTorch_BAG_L2,0.5342,0.7045,0.8041,0.7384,0.4553,0.8054,0.6436,0.6423,1,test,0.75,AggStabBind-mut,GOh1052
ExtraTreesGini_BAG_L2,0.5174,0.6944,0.8152,0.7182,0.4265,0.7818,0.6396,0.6298,1,test,0.75,AggStabBind-mut,GOh1052
RandomForestEntr_BAG_L2,0.5291,0.7016,0.8262,0.7139,0.4496,0.7829,0.6483,0.6446,1,test,0.75,AggStabBind-mut,GOh1052
ExtraTreesEntr_BAG_L2,0.5214,0.6968,0.8183,0.7153,0.438,0.7825,0.6429,0.6333,1,test,0.75,AggStabBind-mut,GOh1052
RandomForestGini_BAG_L2,0.5241,0.6986,0.8231,0.7197,0.4294,0.7882,0.6426,0.6314,1,test,0.75,AggStabBind-mut,GOh1052
WeightedEnsemble_L2,0.5126,0.692,0.8088,0.7572,0.3487,0.7734,0.6283,0.6875,1,test,0.75,AggStabBind-mut,GOh1052
CatBoost_BAG_L2,0.5223,0.6968,0.812,0.7023,0.4755,0.7859,0.6446,0.625,1,test,0.75,AggStabBind-mut,GOh1052
LightGBM_BAG_L1,0.4981,0.683,0.8057,0.737,0.3516,0.7692,0.6258,0.6289,1,test,0.75,AggStabBind-mut,GOh1052
NeuralNetFastAI_BAG_L2,0.5333,0.7039,0.7962,0.7442,0.4553,0.8051,0.6405,0.6529,1,test,0.75,AggStabBind-mut,GOh1052
LightGBMXT_BAG_L1,0.4835,0.674,0.8088,0.7095,0.3573,0.7541,0.6168,0.6294,1,test,0.75,AggStabBind-mut,GOh1052
LightGBMLarge_BAG_L1,0.4967,0.6824,0.8088,0.737,0.3429,0.7474,0.6227,0.7083,1,test,0.75,AggStabBind-mut,GOh1052
XGBoost_BAG_L1,0.493,0.68,0.8088,0.7312,0.3429,0.7574,0.6232,0.6467,1,test,0.75,AggStabBind-mut,GOh1052
CatBoost_BAG_L1,0.4968,0.6824,0.8152,0.737,0.3314,0.7644,0.6212,0.6534,1,test,0.75,AggStabBind-mut,GOh1052
RandomForestEntr_BAG_L1,0.48,0.6722,0.8341,0.7355,0.2507,0.7364,0.6147,0.685,1,test,0.75,AggStabBind-mut,GOh1052
RandomForestGini_BAG_L1,0.4821,0.6734,0.831,0.7471,0.2392,0.744,0.6133,0.6803,1,test,0.75,AggStabBind-mut,GOh1052
ExtraTreesEntr_BAG_L1,0.4812,0.6728,0.8389,0.7471,0.2219,0.7304,0.6206,0.6875,1,test,0.75,AggStabBind-mut,GOh1052
NeuralNetTorch_BAG_L1,0.4749,0.6675,0.7883,0.6835,0.415,0.7595,0.6159,0.583,1,test,0.75,AggStabBind-mut,GOh1052
ExtraTreesGini_BAG_L1,0.4792,0.6717,0.8325,0.75,0.2219,0.7381,0.6128,0.6937,1,test,0.75,AggStabBind-mut,GOh1052
NeuralNetFastAI_BAG_L1,0.4618,0.6597,0.7583,0.7225,0.3545,0.783,0.5945,0.5642,1,test,0.75,AggStabBind-mut,GOh1052
KNeighborsDist_BAG_L1,0.299,0.558,0.6872,0.578,0.2824,0.6205,0.5362,0.4356,1,test,0.75,AggStabBind-mut,GOh1052
KNeighborsUnif_BAG_L1,0.2973,0.5598,0.7204,0.5809,0.2248,0.5824,0.5447,0.5166,1,test,0.75,AggStabBind-mut,GOh1052
WeightedEnsemble_L3,0.6429,0.7785,0.8544,0.7475,0.6495,0.8592,0.7354,0.6672,2,train,0.75,AggStabBind-mut,GOh1052
NeuralNetTorch_BAG_L2,0.6393,0.7753,0.8514,0.7291,0.6844,0.8545,0.7393,0.655,2,train,0.75,AggStabBind-mut,GOh1052
LightGBMXT_BAG_L2,0.6392,0.7775,0.8605,0.7541,0.6096,0.8497,0.7305,0.6898,2,train,0.75,AggStabBind-mut,GOh1052
XGBoost_BAG_L2,0.6349,0.7743,0.866,0.735,0.6229,0.8429,0.7369,0.6684,2,train,0.75,AggStabBind-mut,GOh1052
CatBoost_BAG_L2,0.6329,0.7727,0.8532,0.7383,0.6395,0.8501,0.7277,0.6707,2,train,0.75,AggStabBind-mut,GOh1052
LightGBMLarge_BAG_L2,0.6328,0.7737,0.8624,0.7488,0.5947,0.8479,0.7231,0.6885,2,train,0.75,AggStabBind-mut,GOh1052
LightGBM_BAG_L2,0.6318,0.7727,0.8544,0.7488,0.6096,0.8467,0.7263,0.6796,2,train,0.75,AggStabBind-mut,GOh1052
RandomForestEntr_BAG_L2,0.6302,0.7716,0.8593,0.7376,0.6179,0.8449,0.7252,0.6788,2,train,0.75,AggStabBind-mut,GOh1052
RandomForestGini_BAG_L2,0.6291,0.7711,0.8593,0.7403,0.608,0.8474,0.7213,0.679,2,train,0.75,AggStabBind-mut,GOh1052
ExtraTreesEntr_BAG_L2,0.629,0.7708,0.8551,0.7403,0.6179,0.8458,0.7236,0.6776,2,train,0.75,AggStabBind-mut,GOh1052
ExtraTreesGini_BAG_L2,0.6271,0.7697,0.8544,0.739,0.6163,0.8426,0.7218,0.6832,2,train,0.75,AggStabBind-mut,GOh1052
LightGBMXT_BAG_L1,0.6241,0.7692,0.852,0.7739,0.5316,0.8469,0.7094,0.7048,2,train,0.75,AggStabBind-mut,GOh1052
WeightedEnsemble_L2,0.6241,0.7692,0.852,0.7739,0.5316,0.8469,0.7094,0.7048,2,train,0.75,AggStabBind-mut,GOh1052
LightGBM_BAG_L1,0.6168,0.765,0.8465,0.7765,0.5133,0.8424,0.7012,0.7169,2,train,0.75,AggStabBind-mut,GOh1052
XGBoost_BAG_L1,0.6128,0.7626,0.8484,0.7726,0.5033,0.8407,0.701,0.7014,2,train,0.75,AggStabBind-mut,GOh1052
NeuralNetFastAI_BAG_L2,0.6111,0.7596,0.8417,0.7357,0.5963,0.8458,0.7068,0.6551,2,train,0.75,AggStabBind-mut,GOh1052
LightGBMLarge_BAG_L1,0.6105,0.7618,0.8557,0.7726,0.4784,0.8343,0.698,0.7236,2,train,0.75,AggStabBind-mut,GOh1052
CatBoost_BAG_L1,0.601,0.7554,0.8435,0.7666,0.4867,0.8425,0.6857,0.696,2,train,0.75,AggStabBind-mut,GOh1052
RandomForestGini_BAG_L1,0.593,0.7517,0.8544,0.762,0.4452,0.8205,0.6865,0.7302,2,train,0.75,AggStabBind-mut,GOh1052
RandomForestEntr_BAG_L1,0.5869,0.7479,0.8575,0.7482,0.4485,0.8172,0.6841,0.7124,2,train,0.75,AggStabBind-mut,GOh1052
ExtraTreesEntr_BAG_L1,0.5752,0.7416,0.8593,0.7587,0.3771,0.8105,0.6743,0.7252,2,train,0.75,AggStabBind-mut,GOh1052
NeuralNetTorch_BAG_L1,0.5742,0.7354,0.8112,0.7165,0.5764,0.8457,0.6802,0.5901,2,train,0.75,AggStabBind-mut,GOh1052
ExtraTreesGini_BAG_L1,0.5718,0.7394,0.8508,0.7601,0.3837,0.8089,0.67,0.738,2,train,0.75,AggStabBind-mut,GOh1052
NeuralNetFastAI_BAG_L1,0.5085,0.6966,0.7698,0.7073,0.4701,0.8066,0.636,0.5582,2,train,0.75,AggStabBind-mut,GOh1052
KNeighborsDist_BAG_L1,0.3713,0.6137,0.704,0.6098,0.3771,0.6947,0.5778,0.4577,2,train,0.75,AggStabBind-mut,GOh1052
KNeighborsUnif_BAG_L1,0.3405,0.6006,0.729,0.592,0.2724,0.6495,0.5753,0.4594,2,train,0.75,AggStabBind-mut,GOh1052
WeightedEnsemble_L3,0.5194,0.6954,0.8038,0.7312,0.4265,0.795,0.6421,0.6066,2,test,0.75,AggStabBind-mut,GOh1052
NeuralNetTorch_BAG_L2,0.5311,0.702,0.8038,0.7254,0.4697,0.8089,0.6528,0.5949,2,test,0.75,AggStabBind-mut,GOh1052
LightGBMXT_BAG_L2,0.5228,0.6978,0.8228,0.7269,0.4121,0.7855,0.6482,0.6137,2,test,0.75,AggStabBind-mut,GOh1052
XGBoost_BAG_L2,0.519,0.6954,0.8228,0.724,0.4063,0.7867,0.6473,0.5975,2,test,0.75,AggStabBind-mut,GOh1052
CatBoost_BAG_L2,0.5125,0.6912,0.8149,0.7197,0.4092,0.7899,0.6393,0.5917,2,test,0.75,AggStabBind-mut,GOh1052
LightGBMLarge_BAG_L2,0.5158,0.6936,0.8244,0.724,0.3948,0.7799,0.644,0.6089,2,test,0.75,AggStabBind-mut,GOh1052
LightGBM_BAG_L2,0.5282,0.7014,0.8212,0.7457,0.3948,0.7912,0.6491,0.6227,2,test,0.75,AggStabBind-mut,GOh1052
RandomForestEntr_BAG_L2,0.516,0.6936,0.8149,0.7283,0.4035,0.7851,0.6429,0.6061,2,test,0.75,AggStabBind-mut,GOh1052
RandomForestGini_BAG_L2,0.5293,0.702,0.8212,0.7428,0.4035,0.796,0.6465,0.625,2,test,0.75,AggStabBind-mut,GOh1052
ExtraTreesEntr_BAG_L2,0.5234,0.6984,0.8259,0.7312,0.4006,0.7745,0.6512,0.6318,2,test,0.75,AggStabBind-mut,GOh1052
ExtraTreesGini_BAG_L2,0.5214,0.6972,0.8275,0.7341,0.3862,0.7853,0.6447,0.6175,2,test,0.75,AggStabBind-mut,GOh1052
LightGBMXT_BAG_L1,0.5086,0.6894,0.8101,0.7673,0.3141,0.7769,0.6277,0.6566,2,test,0.75,AggStabBind-mut,GOh1052
WeightedEnsemble_L2,0.5086,0.6894,0.8101,0.7673,0.3141,0.7769,0.6277,0.6566,2,test,0.75,AggStabBind-mut,GOh1052
LightGBM_BAG_L1,0.5061,0.6876,0.8085,0.7789,0.2853,0.7862,0.6224,0.6387,2,test,0.75,AggStabBind-mut,GOh1052
XGBoost_BAG_L1,0.499,0.6834,0.8085,0.7688,0.2853,0.7813,0.6186,0.6306,2,test,0.75,AggStabBind-mut,GOh1052
NeuralNetFastAI_BAG_L2,0.5235,0.6984,0.8165,0.75,0.3804,0.8,0.6423,0.6055,2,test,0.75,AggStabBind-mut,GOh1052
LightGBMLarge_BAG_L1,0.5056,0.6876,0.8165,0.7775,0.2738,0.7566,0.6329,0.6835,2,test,0.75,AggStabBind-mut,GOh1052
CatBoost_BAG_L1,0.4947,0.681,0.8101,0.763,0.2824,0.7665,0.6226,0.6323,2,test,0.75,AggStabBind-mut,GOh1052
RandomForestGini_BAG_L1,0.4859,0.6756,0.8054,0.7702,0.2507,0.7388,0.6219,0.696,2,test,0.75,AggStabBind-mut,GOh1052
RandomForestEntr_BAG_L1,0.4938,0.6804,0.8006,0.776,0.2709,0.7419,0.6288,0.6963,2,test,0.75,AggStabBind-mut,GOh1052
ExtraTreesEntr_BAG_L1,0.4589,0.6595,0.8133,0.7355,0.2277,0.728,0.6017,0.6639,2,test,0.75,AggStabBind-mut,GOh1052
NeuralNetTorch_BAG_L1,0.4688,0.6631,0.7848,0.6763,0.415,0.7596,0.6199,0.5475,2,test,0.75,AggStabBind-mut,GOh1052
ExtraTreesGini_BAG_L1,0.4509,0.6547,0.818,0.737,0.1931,0.7282,0.5986,0.6147,2,test,0.75,AggStabBind-mut,GOh1052
NeuralNetFastAI_BAG_L1,0.4516,0.6535,0.7468,0.7197,0.3516,0.7625,0.5957,0.5648,2,test,0.75,AggStabBind-mut,GOh1052
KNeighborsDist_BAG_L1,0.2773,0.5446,0.6646,0.5679,0.2795,0.5683,0.5458,0.4575,2,test,0.75,AggStabBind-mut,GOh1052
KNeighborsUnif_BAG_L1,0.265,0.5392,0.6978,0.5549,0.219,0.5404,0.5447,0.5067,2,test,0.75,AggStabBind-mut,GOh1052
WeightedEnsemble_L3,0.6373,0.7743,0.8402,0.7592,0.6355,0.866,0.7188,0.6735,3,train,0.75,AggStabBind-mut,GOh1052
XGBoost_BAG_L2,0.6369,0.774,0.839,0.7605,0.6339,0.8669,0.7183,0.6718,3,train,0.75,AggStabBind-mut,GOh1052
LightGBMXT_BAG_L2,0.6358,0.7745,0.8487,0.7659,0.5984,0.8565,0.7161,0.6987,3,train,0.75,AggStabBind-mut,GOh1052
LightGBM_BAG_L2,0.6353,0.7737,0.8445,0.7639,0.6097,0.8617,0.7146,0.6873,3,train,0.75,AggStabBind-mut,GOh1052
NeuralNetTorch_BAG_L2,0.6334,0.7713,0.8505,0.7271,0.6677,0.8516,0.73,0.6592,3,train,0.75,AggStabBind-mut,GOh1052
ExtraTreesEntr_BAG_L2,0.6313,0.7711,0.8433,0.7538,0.621,0.8573,0.7156,0.679,3,train,0.75,AggStabBind-mut,GOh1052
LightGBMLarge_BAG_L2,0.6307,0.7708,0.8402,0.7619,0.6081,0.8579,0.7146,0.6793,3,train,0.75,AggStabBind-mut,GOh1052
ExtraTreesGini_BAG_L2,0.6305,0.7705,0.8457,0.7525,0.6145,0.8619,0.7129,0.6708,3,train,0.75,AggStabBind-mut,GOh1052
RandomForestGini_BAG_L2,0.63,0.7703,0.8439,0.7565,0.6081,0.8633,0.7109,0.672,3,train,0.75,AggStabBind-mut,GOh1052
RandomForestEntr_BAG_L2,0.6275,0.7684,0.8433,0.7418,0.6339,0.8542,0.7155,0.6706,3,train,0.75,AggStabBind-mut,GOh1052
CatBoost_BAG_L2,0.6262,0.7673,0.8408,0.7398,0.6387,0.858,0.7126,0.6644,3,train,0.75,AggStabBind-mut,GOh1052
LightGBM_BAG_L1,0.6252,0.7687,0.8445,0.7793,0.5419,0.8512,0.701,0.721,3,train,0.75,AggStabBind-mut,GOh1052
WeightedEnsemble_L2,0.6252,0.7687,0.8445,0.7793,0.5419,0.8512,0.701,0.721,3,train,0.75,AggStabBind-mut,GOh1052
LightGBMLarge_BAG_L1,0.6226,0.7676,0.8518,0.7913,0.4871,0.8497,0.6971,0.7295,3,train,0.75,AggStabBind-mut,GOh1052
XGBoost_BAG_L1,0.6206,0.7658,0.8451,0.7766,0.529,0.8555,0.6986,0.6934,3,train,0.75,AggStabBind-mut,GOh1052
LightGBMXT_BAG_L1,0.6201,0.7655,0.842,0.7806,0.5258,0.8529,0.6984,0.7011,3,train,0.75,AggStabBind-mut,GOh1052
NeuralNetFastAI_BAG_L2,0.6115,0.7583,0.8311,0.7405,0.6081,0.8571,0.6997,0.6467,3,train,0.75,AggStabBind-mut,GOh1052
RandomForestGini_BAG_L1,0.592,0.7498,0.8493,0.7659,0.4468,0.8224,0.6828,0.7214,3,train,0.75,AggStabBind-mut,GOh1052
CatBoost_BAG_L1,0.5894,0.7471,0.8341,0.7525,0.5032,0.8316,0.6781,0.6918,3,train,0.75,AggStabBind-mut,GOh1052
RandomForestEntr_BAG_L1,0.5856,0.7458,0.8505,0.7458,0.4677,0.8159,0.6828,0.7039,3,train,0.75,AggStabBind-mut,GOh1052
NeuralNetTorch_BAG_L1,0.5788,0.7378,0.8147,0.7237,0.5677,0.8386,0.6887,0.5956,3,train,0.75,AggStabBind-mut,GOh1052
ExtraTreesEntr_BAG_L1,0.5627,0.7325,0.8414,0.7518,0.3968,0.8052,0.6659,0.6969,3,train,0.75,AggStabBind-mut,GOh1052
ExtraTreesGini_BAG_L1,0.5461,0.7227,0.8366,0.7331,0.3952,0.796,0.652,0.7,3,train,0.75,AggStabBind-mut,GOh1052
NeuralNetFastAI_BAG_L1,0.4813,0.6793,0.7697,0.6649,0.4742,0.766,0.6307,0.5537,3,train,0.75,AggStabBind-mut,GOh1052
KNeighborsDist_BAG_L1,0.3928,0.6251,0.7205,0.6047,0.421,0.694,0.5943,0.4915,3,train,0.75,AggStabBind-mut,GOh1052
KNeighborsUnif_BAG_L1,0.3637,0.6129,0.743,0.5933,0.3145,0.6519,0.5894,0.5132,3,train,0.75,AggStabBind-mut,GOh1052
WeightedEnsemble_L3,0.5098,0.6888,0.7816,0.7207,0.4569,0.7792,0.6418,0.6092,3,test,0.75,AggStabBind-mut,GOh1052
XGBoost_BAG_L2,0.5099,0.6888,0.7816,0.7207,0.4569,0.7816,0.6418,0.6046,3,test,0.75,AggStabBind-mut,GOh1052
LightGBMXT_BAG_L2,0.5066,0.6876,0.7848,0.7424,0.4023,0.7726,0.6357,0.6306,3,test,0.75,AggStabBind-mut,GOh1052
LightGBM_BAG_L2,0.5094,0.6888,0.7848,0.7236,0.4454,0.7811,0.6378,0.6151,3,test,0.75,AggStabBind-mut,GOh1052
NeuralNetTorch_BAG_L2,0.5227,0.6966,0.7896,0.7279,0.4655,0.7997,0.6482,0.5978,3,test,0.75,AggStabBind-mut,GOh1052
ExtraTreesEntr_BAG_L2,0.5124,0.6906,0.7864,0.7294,0.4397,0.7876,0.6404,0.6047,3,test,0.75,AggStabBind-mut,GOh1052
LightGBMLarge_BAG_L2,0.5139,0.6918,0.7864,0.7366,0.431,0.7839,0.6403,0.6198,3,test,0.75,AggStabBind-mut,GOh1052
ExtraTreesGini_BAG_L2,0.5247,0.6984,0.788,0.7395,0.454,0.7892,0.646,0.6345,3,test,0.75,AggStabBind-mut,GOh1052
RandomForestGini_BAG_L2,0.5111,0.69,0.788,0.7323,0.4282,0.7855,0.6373,0.6132,3,test,0.75,AggStabBind-mut,GOh1052
RandomForestEntr_BAG_L2,0.5193,0.6948,0.7911,0.7265,0.4569,0.7862,0.6477,0.6115,3,test,0.75,AggStabBind-mut,GOh1052
CatBoost_BAG_L2,0.5128,0.6906,0.7816,0.7279,0.4511,0.7929,0.6383,0.6038,3,test,0.75,AggStabBind-mut,GOh1052
LightGBM_BAG_L1,0.4954,0.681,0.788,0.7612,0.3276,0.7697,0.6262,0.6196,3,test,0.75,AggStabBind-mut,GOh1052
WeightedEnsemble_L2,0.4954,0.681,0.788,0.7612,0.3276,0.7697,0.6262,0.6196,3,test,0.75,AggStabBind-mut,GOh1052
LightGBMLarge_BAG_L1,0.493,0.6798,0.7959,0.7641,0.3017,0.753,0.6241,0.6688,3,test,0.75,AggStabBind-mut,GOh1052
XGBoost_BAG_L1,0.4975,0.6822,0.7801,0.7627,0.3448,0.7703,0.6244,0.6417,3,test,0.75,AggStabBind-mut,GOh1052
LightGBMXT_BAG_L1,0.4966,0.6816,0.7753,0.7627,0.3506,0.7692,0.6259,0.6354,3,test,0.75,AggStabBind-mut,GOh1052
NeuralNetFastAI_BAG_L2,0.5124,0.69,0.7674,0.7337,0.4626,0.8017,0.6345,0.603,3,test,0.75,AggStabBind-mut,GOh1052
RandomForestGini_BAG_L1,0.477,0.6703,0.8022,0.754,0.2644,0.7222,0.6217,0.7023,3,test,0.75,AggStabBind-mut,GOh1052
CatBoost_BAG_L1,0.4877,0.6762,0.769,0.7641,0.3333,0.7594,0.6161,0.6667,3,test,0.75,AggStabBind-mut,GOh1052
RandomForestEntr_BAG_L1,0.491,0.6786,0.8101,0.7641,0.2701,0.7378,0.6263,0.7015,3,test,0.75,AggStabBind-mut,GOh1052
NeuralNetTorch_BAG_L1,0.4709,0.6631,0.7722,0.67,0.4511,0.7734,0.619,0.5377,3,test,0.75,AggStabBind-mut,GOh1052
ExtraTreesEntr_BAG_L1,0.4702,0.6661,0.807,0.7496,0.2443,0.7391,0.608,0.6589,3,test,0.75,AggStabBind-mut,GOh1052
ExtraTreesGini_BAG_L1,0.4767,0.6697,0.8006,0.7656,0.2414,0.7496,0.6046,0.6942,3,test,0.75,AggStabBind-mut,GOh1052
NeuralNetFastAI_BAG_L1,0.4605,0.6571,0.7231,0.712,0.4282,0.772,0.6089,0.5498,3,test,0.75,AggStabBind-mut,GOh1052
KNeighborsDist_BAG_L1,0.2884,0.55,0.6709,0.5716,0.2874,0.5914,0.5517,0.4202,3,test,0.75,AggStabBind-mut,GOh1052
KNeighborsUnif_BAG_L1,0.2732,0.5428,0.6978,0.5601,0.227,0.5647,0.5482,0.4293,3,test,0.75,AggStabBind-mut,GOh1052
