,Position,mutations,wt_aa,mt_aa,wt_aa_grp,mt_aa_grp,min_distance_to_UNK,avg_distance_UNK,sift_avg,shanID,shanMS,ESM-2_LLR(-ive),avg_PLM_score
0,1,M1A,M,A,np,np,,,,,,0.355,0.355
1,1,M1R,M,R,np,p+,,,,,,0.4431,0.4431
2,1,M1N,M,N,np,p~,,,,,,0.3936,0.3936
3,1,M1D,M,D,np,p-,,,,,,0.3715,0.3715
4,1,M1C,M,C,np,p~,,,,,,0.4479,0.4479
5,1,M1Q,M,Q,np,p~,,,,,,0.419,0.419
6,1,M1E,M,E,np,p-,,,,,,0.3972,0.3972
7,1,M1G,M,G,np,np,,,,,,0.311,0.311
8,1,M1H,M,H,np,p~,,,,,,0.4204,0.4204
9,1,M1I,M,I,np,np,,,,,,0.4358,0.4358
10,1,M1L,M,L,np,np,,,,,,0.3969,0.3969
11,1,M1K,M,K,np,p+,,,,,,0.4562,0.4562
12,1,M1F,M,F,np,np,,,,,,0.4613,0.4613
13,1,M1P,M,P,np,np,,,,,,0.3798,0.3798
14,1,M1S,M,S,np,p~,,,,,,0.3223,0.3223
15,1,M1T,M,T,np,p~,,,,,,0.3666,0.3666
16,1,M1W,M,W,np,np,,,,,,0.5467,0.5467
17,1,M1Y,M,Y,np,p~,,,,,,0.4808,0.4808
18,1,M1V,M,V,np,np,,,,,,0.4164,0.4164
19,2,G2A,G,A,np,np,,,,,,0.1761,0.1761
20,2,G2R,G,R,np,p+,,,,,,0.2848,0.2848
21,2,G2N,G,N,np,p~,,,,,,0.2415,0.2415
22,2,G2D,G,D,np,p-,,,,,,0.2232,0.2232
23,2,G2C,G,C,np,p~,,,,,,0.3403,0.3403
24,2,G2Q,G,Q,np,p~,,,,,,0.2836,0.2836
25,2,G2E,G,E,np,p-,,,,,,0.2398,0.2398
26,2,G2H,G,H,np,p~,,,,,,0.2529,0.2529
27,2,G2I,G,I,np,np,,,,,,0.2757,0.2757
28,2,G2L,G,L,np,np,,,,,,0.2543,0.2543
29,2,G2K,G,K,np,p+,,,,,,0.2866,0.2866
30,2,G2M,G,M,np,np,,,,,,0.2946,0.2946
31,2,G2F,G,F,np,np,,,,,,0.2904,0.2904
32,2,G2P,G,P,np,np,,,,,,0.2135,0.2135
33,2,G2S,G,S,np,p~,,,,,,0.1317,0.1317
34,2,G2T,G,T,np,p~,,,,,,0.2011,0.2011
35,2,G2W,G,W,np,np,,,,,,0.408,0.408
36,2,G2Y,G,Y,np,p~,,,,,,0.3267,0.3267
37,2,G2V,G,V,np,np,,,,,,0.2621,0.2621
38,3,S3A,S,A,p~,np,,,,,,0.2254,0.2254
39,3,S3R,S,R,p~,p+,,,,,,0.3011,0.3011
40,3,S3N,S,N,p~,p~,,,,,,0.2404,0.2404
41,3,S3D,S,D,p~,p-,,,,,,0.2004,0.2004
42,3,S3C,S,C,p~,p~,,,,,,0.3407,0.3407
43,3,S3Q,S,Q,p~,p~,,,,,,0.2815,0.2815
44,3,S3E,S,E,p~,p-,,,,,,0.2185,0.2185
45,3,S3G,S,G,p~,np,,,,,,0.1683,0.1683
46,3,S3H,S,H,p~,p~,,,,,,0.1956,0.1956
47,3,S3I,S,I,p~,np,,,,,,0.2955,0.2955
48,3,S3L,S,L,p~,np,,,,,,0.2704,0.2704
49,3,S3K,S,K,p~,p+,,,,,,0.3052,0.3052
50,3,S3M,S,M,p~,np,,,,,,0.3218,0.3218
51,3,S3F,S,F,p~,np,,,,,,0.2983,0.2983
52,3,S3P,S,P,p~,np,,,,,,0.2801,0.2801
53,3,S3T,S,T,p~,p~,,,,,,0.2547,0.2547
54,3,S3W,S,W,p~,np,,,,,,0.399,0.399
55,3,S3Y,S,Y,p~,p~,,,,,,0.3087,0.3087
56,3,S3V,S,V,p~,np,,,,,,0.2909,0.2909
57,4,S4A,S,A,p~,np,,,,,,0.2222,0.2222
58,4,S4R,S,R,p~,p+,,,,,,0.312,0.312
59,4,S4N,S,N,p~,p~,,,,,,0.2389,0.2389
60,4,S4D,S,D,p~,p-,,,,,,0.1868,0.1868
61,4,S4C,S,C,p~,p~,,,,,,0.3685,0.3685
62,4,S4Q,S,Q,p~,p~,,,,,,0.2798,0.2798
63,4,S4E,S,E,p~,p-,,,,,,0.2141,0.2141
64,4,S4G,S,G,p~,np,,,,,,0.1562,0.1562
65,4,S4H,S,H,p~,p~,,,,,,0.1161,0.1161
66,4,S4I,S,I,p~,np,,,,,,0.3407,0.3407
67,4,S4L,S,L,p~,np,,,,,,0.3137,0.3137
68,4,S4K,S,K,p~,p+,,,,,,0.3324,0.3324
69,4,S4M,S,M,p~,np,,,,,,0.3092,0.3092
70,4,S4F,S,F,p~,np,,,,,,0.3344,0.3344
71,4,S4P,S,P,p~,np,,,,,,0.2956,0.2956
72,4,S4T,S,T,p~,p~,,,,,,0.2737,0.2737
73,4,S4W,S,W,p~,np,,,,,,0.4376,0.4376
74,4,S4Y,S,Y,p~,p~,,,,,,0.3188,0.3188
75,4,S4V,S,V,p~,np,,,,,,0.3231,0.3231
76,5,H5A,H,A,p~,np,,,,,,0.2849,0.2849
77,5,H5R,H,R,p~,p+,,,,,,0.3923,0.3923
78,5,H5N,H,N,p~,p~,,,,,,0.3184,0.3184
79,5,H5D,H,D,p~,p-,,,,,,0.2387,0.2387
80,5,H5C,H,C,p~,p~,,,,,,0.4817,0.4817
81,5,H5Q,H,Q,p~,p~,,,,,,0.3389,0.3389
82,5,H5E,H,E,p~,p-,,,,,,0.2557,0.2557
83,5,H5G,H,G,p~,np,,,,,,0.18,0.18
84,5,H5I,H,I,p~,np,,,,,,0.4192,0.4192
85,5,H5L,H,L,p~,np,,,,,,0.4083,0.4083
86,5,H5K,H,K,p~,p+,,,,,,0.3882,0.3882
87,5,H5M,H,M,p~,np,,,,,,0.4066,0.4066
88,5,H5F,H,F,p~,np,,,,,,0.4421,0.4421
89,5,H5P,H,P,p~,np,,,,,,0.3885,0.3885
90,5,H5S,H,S,p~,p~,,,,,,0.2336,0.2336
91,5,H5T,H,T,p~,p~,,,,,,0.3321,0.3321
92,5,H5W,H,W,p~,np,,,,,,0.5016,0.5016
93,5,H5Y,H,Y,p~,p~,,,,,,0.3765,0.3765
94,5,H5V,H,V,p~,np,,,,,,0.375,0.375
95,6,H6A,H,A,p~,np,,,,,,0.4216,0.4216
96,6,H6R,H,R,p~,p+,,,,,,0.4967,0.4967
97,6,H6N,H,N,p~,p~,,,,,,0.455,0.455
98,6,H6D,H,D,p~,p-,,,,,,0.3782,0.3782
99,6,H6C,H,C,p~,p~,,,,,,0.617,0.617
100,6,H6Q,H,Q,p~,p~,,,,,,0.4612,0.4612
101,6,H6E,H,E,p~,p-,,,,,,0.4034,0.4034
102,6,H6G,H,G,p~,np,,,,,,0.3574,0.3574
103,6,H6I,H,I,p~,np,,,,,,0.5608,0.5608
104,6,H6L,H,L,p~,np,,,,,,0.5497,0.5497
105,6,H6K,H,K,p~,p+,,,,,,0.5478,0.5478
106,6,H6M,H,M,p~,np,,,,,,0.5658,0.5658
107,6,H6F,H,F,p~,np,,,,,,0.559,0.559
108,6,H6P,H,P,p~,np,,,,,,0.5459,0.5459
109,6,H6S,H,S,p~,p~,,,,,,0.38,0.38
110,6,H6T,H,T,p~,p~,,,,,,0.4943,0.4943
111,6,H6W,H,W,p~,np,,,,,,0.6127,0.6127
112,6,H6Y,H,Y,p~,p~,,,,,,0.4646,0.4646
113,6,H6V,H,V,p~,np,,,,,,0.5221,0.5221
114,7,H7A,H,A,p~,np,,,,,,0.4918,0.4918
115,7,H7R,H,R,p~,p+,,,,,,0.5408,0.5408
116,7,H7N,H,N,p~,p~,,,,,,0.5291,0.5291
117,7,H7D,H,D,p~,p-,,,,,,0.4363,0.4363
118,7,H7C,H,C,p~,p~,,,,,,0.6586,0.6586
119,7,H7Q,H,Q,p~,p~,,,,,,0.5106,0.5106
120,7,H7E,H,E,p~,p-,,,,,,0.4706,0.4706
121,7,H7G,H,G,p~,np,,,,,,0.4533,0.4533
122,7,H7I,H,I,p~,np,,,,,,0.6199,0.6199
123,7,H7L,H,L,p~,np,,,,,,0.6066,0.6066
124,7,H7K,H,K,p~,p+,,,,,,0.6225,0.6225
125,7,H7M,H,M,p~,np,,,,,,0.6207,0.6207
126,7,H7F,H,F,p~,np,,,,,,0.6202,0.6202
127,7,H7P,H,P,p~,np,,,,,,0.6106,0.6106
128,7,H7S,H,S,p~,p~,,,,,,0.4312,0.4312
129,7,H7T,H,T,p~,p~,,,,,,0.5512,0.5512
130,7,H7W,H,W,p~,np,,,,,,0.6813,0.6813
131,7,H7Y,H,Y,p~,p~,,,,,,0.5007,0.5007
132,7,H7V,H,V,p~,np,,,,,,0.5841,0.5841
133,8,H8A,H,A,p~,np,,,,,,0.5051,0.5051
134,8,H8R,H,R,p~,p+,,,,,,0.5466,0.5466
135,8,H8N,H,N,p~,p~,,,,,,0.5613,0.5613
136,8,H8D,H,D,p~,p-,,,,,,0.4639,0.4639
137,8,H8C,H,C,p~,p~,,,,,,0.646,0.646
138,8,H8Q,H,Q,p~,p~,,,,,,0.5116,0.5116
139,8,H8E,H,E,p~,p-,,,,,,0.4957,0.4957
140,8,H8G,H,G,p~,np,,,,,,0.4661,0.4661
141,8,H8I,H,I,p~,np,,,,,,0.636,0.636
142,8,H8L,H,L,p~,np,,,,,,0.6022,0.6022
143,8,H8K,H,K,p~,p+,,,,,,0.6422,0.6422
144,8,H8M,H,M,p~,np,,,,,,0.6175,0.6175
145,8,H8F,H,F,p~,np,,,,,,0.6503,0.6503
146,8,H8P,H,P,p~,np,,,,,,0.5837,0.5837
147,8,H8S,H,S,p~,p~,,,,,,0.4386,0.4386
148,8,H8T,H,T,p~,p~,,,,,,0.5631,0.5631
149,8,H8W,H,W,p~,np,,,,,,0.7042,0.7042
150,8,H8Y,H,Y,p~,p~,,,,,,0.5242,0.5242
151,8,H8V,H,V,p~,np,,,,,,0.6072,0.6072
152,9,H9A,H,A,p~,np,,,,,,0.4068,0.4068
153,9,H9R,H,R,p~,p+,,,,,,0.5112,0.5112
154,9,H9N,H,N,p~,p~,,,,,,0.4305,0.4305
155,9,H9D,H,D,p~,p-,,,,,,0.3317,0.3317
156,9,H9C,H,C,p~,p~,,,,,,0.6112,0.6112
157,9,H9Q,H,Q,p~,p~,,,,,,0.4287,0.4287
158,9,H9E,H,E,p~,p-,,,,,,0.4161,0.4161
159,9,H9G,H,G,p~,np,,,,,,0.3285,0.3285
160,9,H9I,H,I,p~,np,,,,,,0.5686,0.5686
161,9,H9L,H,L,p~,np,,,,,,0.536,0.536
162,9,H9K,H,K,p~,p+,,,,,,0.5751,0.5751
163,9,H9M,H,M,p~,np,,,,,,0.5355,0.5355
164,9,H9F,H,F,p~,np,,,,,,0.5624,0.5624
165,9,H9P,H,P,p~,np,,,,,,0.5452,0.5452
166,9,H9S,H,S,p~,p~,,,,,,0.3105,0.3105
167,9,H9T,H,T,p~,p~,,,,,,0.4616,0.4616
168,9,H9W,H,W,p~,np,,,,,,0.6364,0.6364
169,9,H9Y,H,Y,p~,p~,,,,,,0.4932,0.4932
170,9,H9V,H,V,p~,np,,,,,,0.5306,0.5306
171,10,H10A,H,A,p~,np,,,,,,0.3481,0.3481
172,10,H10R,H,R,p~,p+,,,,,,0.4493,0.4493
173,10,H10N,H,N,p~,p~,,,,,,0.4116,0.4116
174,10,H10D,H,D,p~,p-,,,,,,0.3219,0.3219
175,10,H10C,H,C,p~,p~,,,,,,0.4975,0.4975
176,10,H10Q,H,Q,p~,p~,,,,,,0.3849,0.3849
177,10,H10E,H,E,p~,p-,,,,,,0.3684,0.3684
178,10,H10G,H,G,p~,np,,,,,,0.2099,0.2099
179,10,H10I,H,I,p~,np,,,,,,0.4889,0.4889
180,10,H10L,H,L,p~,np,,,,,,0.4497,0.4497
181,10,H10K,H,K,p~,p+,,,,,,0.5201,0.5201
182,10,H10M,H,M,p~,np,,,,,,0.4546,0.4546
183,10,H10F,H,F,p~,np,,,,,,0.4794,0.4794
184,10,H10P,H,P,p~,np,,,,,,0.4389,0.4389
185,10,H10S,H,S,p~,p~,,,,,,0.2732,0.2732
186,10,H10T,H,T,p~,p~,,,,,,0.4141,0.4141
187,10,H10W,H,W,p~,np,,,,,,0.562,0.562
188,10,H10Y,H,Y,p~,p~,,,,,,0.4377,0.4377
189,10,H10V,H,V,p~,np,,,,,,0.4477,0.4477
190,11,S11A,S,A,p~,np,,,,,,0.258,0.258
191,11,S11R,S,R,p~,p+,,,,,,0.3228,0.3228
192,11,S11N,S,N,p~,p~,,,,,,0.2581,0.2581
193,11,S11D,S,D,p~,p-,,,,,,0.1937,0.1937
194,11,S11C,S,C,p~,p~,,,,,,0.4124,0.4124
195,11,S11Q,S,Q,p~,p~,,,,,,0.3013,0.3013
196,11,S11E,S,E,p~,p-,,,,,,0.2495,0.2495
197,11,S11G,S,G,p~,np,,,,,,0.1183,0.1183
198,11,S11H,S,H,p~,p~,,,,,,0.0948,0.0948
199,11,S11I,S,I,p~,np,,,,,,0.365,0.365
200,11,S11L,S,L,p~,np,,,,,,0.3327,0.3327
201,11,S11K,S,K,p~,p+,,,,,,0.3787,0.3787
202,11,S11M,S,M,p~,np,,,,,,0.3544,0.3544
203,11,S11F,S,F,p~,np,,,,,,0.3257,0.3257
204,11,S11P,S,P,p~,np,,,,,,0.3111,0.3111
205,11,S11T,S,T,p~,p~,,,,,,0.2926,0.2926
206,11,S11W,S,W,p~,np,,,,,,0.4256,0.4256
207,11,S11Y,S,Y,p~,p~,,,,,,0.3415,0.3415
208,11,S11V,S,V,p~,np,,,,,,0.3359,0.3359
209,12,S12A,S,A,p~,np,,,,,,0.2335,0.2335
210,12,S12R,S,R,p~,p+,,,,,,0.301,0.301
211,12,S12N,S,N,p~,p~,,,,,,0.2449,0.2449
212,12,S12D,S,D,p~,p-,,,,,,0.2098,0.2098
213,12,S12C,S,C,p~,p~,,,,,,0.3968,0.3968
214,12,S12Q,S,Q,p~,p~,,,,,,0.3066,0.3066
215,12,S12E,S,E,p~,p-,,,,,,0.2529,0.2529
216,12,S12G,S,G,p~,np,,,,,,0.1581,0.1581
217,12,S12H,S,H,p~,p~,,,,,,0.2153,0.2153
218,12,S12I,S,I,p~,np,,,,,,0.3067,0.3067
219,12,S12L,S,L,p~,np,,,,,,0.2758,0.2758
220,12,S12K,S,K,p~,p+,,,,,,0.343,0.343
221,12,S12M,S,M,p~,np,,,,,,0.312,0.312
222,12,S12F,S,F,p~,np,,,,,,0.3121,0.3121
223,12,S12P,S,P,p~,np,,,,,,0.279,0.279
224,12,S12T,S,T,p~,p~,,,,,,0.2514,0.2514
225,12,S12W,S,W,p~,np,,,,,,0.4112,0.4112
226,12,S12Y,S,Y,p~,p~,,,,,,0.3361,0.3361
227,12,S12V,S,V,p~,np,,,,,,0.2906,0.2906
228,13,G13A,G,A,np,np,,,,,,0.2066,0.2066
229,13,G13R,G,R,np,p+,,,,,,0.2642,0.2642
230,13,G13N,G,N,np,p~,,,,,,0.2312,0.2312
231,13,G13D,G,D,np,p-,,,,,,0.2077,0.2077
232,13,G13C,G,C,np,p~,,,,,,0.4087,0.4087
233,13,G13Q,G,Q,np,p~,,,,,,0.2661,0.2661
234,13,G13E,G,E,np,p-,,,,,,0.2208,0.2208
235,13,G13H,G,H,np,p~,,,,,,0.2742,0.2742
236,13,G13I,G,I,np,np,,,,,,0.2776,0.2776
237,13,G13L,G,L,np,np,,,,,,0.2414,0.2414
238,13,G13K,G,K,np,p+,,,,,,0.2789,0.2789
239,13,G13M,G,M,np,np,,,,,,0.31,0.31
240,13,G13F,G,F,np,np,,,,,,0.29,0.29
241,13,G13P,G,P,np,np,,,,,,0.231,0.231
242,13,G13S,G,S,np,p~,,,,,,0.1696,0.1696
243,13,G13T,G,T,np,p~,,,,,,0.2171,0.2171
244,13,G13W,G,W,np,np,,,,,,0.3796,0.3796
245,13,G13Y,G,Y,np,p~,,,,,,0.3077,0.3077
246,13,G13V,G,V,np,np,,,,,,0.2469,0.2469
247,14,L14A,L,A,np,np,,,,,,0.1427,0.1427
248,14,L14R,L,R,np,p+,,,,,,0.2113,0.2113
249,14,L14N,L,N,np,p~,,,,,,0.1739,0.1739
250,14,L14D,L,D,np,p-,,,,,,0.1592,0.1592
251,14,L14C,L,C,np,p~,,,,,,0.3363,0.3363
252,14,L14Q,L,Q,np,p~,,,,,,0.2085,0.2085
253,14,L14E,L,E,np,p-,,,,,,0.1684,0.1684
254,14,L14G,L,G,np,np,,,,,,0.1445,0.1445
255,14,L14H,L,H,np,p~,,,,,,0.2334,0.2334
256,14,L14I,L,I,np,np,,,,,,0.1926,0.1926
257,14,L14K,L,K,np,p+,,,,,,0.233,0.233
258,14,L14M,L,M,np,np,,,,,,0.2282,0.2282
259,14,L14F,L,F,np,np,,,,,,0.1985,0.1985
260,14,L14P,L,P,np,np,,,,,,0.1669,0.1669
261,14,L14S,L,S,np,p~,,,,,,0.1158,0.1158
262,14,L14T,L,T,np,p~,,,,,,0.1616,0.1616
263,14,L14W,L,W,np,np,,,,,,0.3006,0.3006
264,14,L14Y,L,Y,np,p~,,,,,,0.2215,0.2215
265,14,L14V,L,V,np,np,,,,,,0.1723,0.1723
266,15,V15A,V,A,np,np,,,,,,0.1315,0.1315
267,15,V15R,V,R,np,p+,,,,,,0.2046,0.2046
268,15,V15N,V,N,np,p~,,,,,,0.1888,0.1888
269,15,V15D,V,D,np,p-,,,,,,0.1808,0.1808
270,15,V15C,V,C,np,p~,,,,,,0.3416,0.3416
271,15,V15Q,V,Q,np,p~,,,,,,0.1857,0.1857
272,15,V15E,V,E,np,p-,,,,,,0.1812,0.1812
273,15,V15G,V,G,np,np,,,,,,0.1654,0.1654
274,15,V15H,V,H,np,p~,,,,,,0.2373,0.2373
275,15,V15I,V,I,np,np,,,,,,0.2023,0.2023
276,15,V15L,V,L,np,np,,,,,,0.1732,0.1732
277,15,V15K,V,K,np,p+,,,,,,0.2145,0.2145
278,15,V15M,V,M,np,np,,,,,,0.2316,0.2316
279,15,V15F,V,F,np,np,,,,,,0.2265,0.2265
280,15,V15P,V,P,np,np,,,,,,0.1863,0.1863
281,15,V15S,V,S,np,p~,,,,,,0.121,0.121
282,15,V15T,V,T,np,p~,,,,,,0.15,0.15
283,15,V15W,V,W,np,np,,,,,,0.3294,0.3294
284,15,V15Y,V,Y,np,p~,,,,,,0.26,0.26
285,16,P16A,P,A,np,np,,,,,,0.1342,0.1342
286,16,P16R,P,R,np,p+,,,,,,0.1915,0.1915
287,16,P16N,P,N,np,p~,,,,,,0.1951,0.1951
288,16,P16D,P,D,np,p-,,,,,,0.1871,0.1871
289,16,P16C,P,C,np,p~,,,,,,0.3276,0.3276
290,16,P16Q,P,Q,np,p~,,,,,,0.2032,0.2032
291,16,P16E,P,E,np,p-,,,,,,0.1877,0.1877
292,16,P16G,P,G,np,np,,,,,,0.1547,0.1547
293,16,P16H,P,H,np,p~,,,,,,0.2387,0.2387
294,16,P16I,P,I,np,np,,,,,,0.2025,0.2025
295,16,P16L,P,L,np,np,,,,,,0.1705,0.1705
296,16,P16K,P,K,np,p+,,,,,,0.1968,0.1968
297,16,P16M,P,M,np,np,,,,,,0.2447,0.2447
298,16,P16F,P,F,np,np,,,,,,0.2292,0.2292
299,16,P16S,P,S,np,p~,,,,,,0.124,0.124
300,16,P16T,P,T,np,p~,,,,,,0.1609,0.1609
301,16,P16W,P,W,np,np,,,,,,0.3075,0.3075
302,16,P16Y,P,Y,np,p~,,,,,,0.2463,0.2463
303,16,P16V,P,V,np,np,,,,,,0.1746,0.1746
304,17,R17A,R,A,p+,np,,,,,,0.0721,0.0721
305,17,R17N,R,N,p+,p~,,,,,,0.1474,0.1474
306,17,R17D,R,D,p+,p-,,,,,,0.1159,0.1159
307,17,R17C,R,C,p+,p~,,,,,,0.2835,0.2835
308,17,R17Q,R,Q,p+,p~,,,,,,0.1398,0.1398
309,17,R17E,R,E,p+,p-,,,,,,0.1364,0.1364
310,17,R17G,R,G,p+,np,,,,,,0.0993,0.0993
311,17,R17H,R,H,p+,p~,,,,,,0.218,0.218
312,17,R17I,R,I,p+,np,,,,,,0.1479,0.1479
313,17,R17L,R,L,p+,np,,,,,,0.0843,0.0843
314,17,R17K,R,K,p+,p+,,,,,,0.1917,0.1917
315,17,R17M,R,M,p+,np,,,,,,0.1463,0.1463
316,17,R17F,R,F,p+,np,,,,,,0.1208,0.1208
317,17,R17P,R,P,p+,np,,,,,,0.1198,0.1198
318,17,R17S,R,S,p+,p~,,,,,,0.0755,0.0755
319,17,R17T,R,T,p+,p~,,,,,,0.1025,0.1025
320,17,R17W,R,W,p+,np,,,,,,0.23,0.23
321,17,R17Y,R,Y,p+,p~,,,,,,0.1635,0.1635
322,17,R17V,R,V,p+,np,,,,,,0.1181,0.1181
323,18,G18A,G,A,np,np,,,,,,0.1469,0.1469
324,18,G18R,G,R,np,p+,,,,,,0.2031,0.2031
325,18,G18N,G,N,np,p~,,,,,,0.2215,0.2215
326,18,G18D,G,D,np,p-,,,,,,0.2165,0.2165
327,18,G18C,G,C,np,p~,,,,,,0.3421,0.3421
328,18,G18Q,G,Q,np,p~,,,,,,0.1844,0.1844
329,18,G18E,G,E,np,p-,,,,,,0.213,0.213
330,18,G18H,G,H,np,p~,,,,,,0.2517,0.2517
331,18,G18I,G,I,np,np,,,,,,0.2069,0.2069
332,18,G18L,G,L,np,np,,,,,,0.1785,0.1785
333,18,G18K,G,K,np,p+,,,,,,0.2418,0.2418
334,18,G18M,G,M,np,np,,,,,,0.2567,0.2567
335,18,G18F,G,F,np,np,,,,,,0.2203,0.2203
336,18,G18P,G,P,np,np,,,,,,0.1955,0.1955
337,18,G18S,G,S,np,p~,,,,,,0.1462,0.1462
338,18,G18T,G,T,np,p~,,,,,,0.1823,0.1823
339,18,G18W,G,W,np,np,,,,,,0.3043,0.3043
340,18,G18Y,G,Y,np,p~,,,,,,0.2395,0.2395
341,18,G18V,G,V,np,np,,,,,,0.1887,0.1887
342,19,S19A,S,A,p~,np,,,,,,0.1711,0.1711
343,19,S19R,S,R,p~,p+,,,,,,0.2231,0.2231
344,19,S19N,S,N,p~,p~,,,,,,0.2349,0.2349
345,19,S19D,S,D,p~,p-,,,,,,0.226,0.226
346,19,S19C,S,C,p~,p~,,,,,,0.3227,0.3227
347,19,S19Q,S,Q,p~,p~,,,,,,0.2357,0.2357
348,19,S19E,S,E,p~,p-,,,,,,0.2155,0.2155
349,19,S19G,S,G,p~,np,,,,,,0.1901,0.1901
350,19,S19H,S,H,p~,p~,,,,,,0.258,0.258
351,19,S19I,S,I,p~,np,,,,,,0.1958,0.1958
352,19,S19L,S,L,p~,np,,,,,,0.1727,0.1727
353,19,S19K,S,K,p~,p+,,,,,,0.2541,0.2541
354,19,S19M,S,M,p~,np,,,,,,0.2491,0.2491
355,19,S19F,S,F,p~,np,,,,,,0.2274,0.2274
356,19,S19P,S,P,p~,np,,,,,,0.2261,0.2261
357,19,S19T,S,T,p~,p~,,,,,,0.1914,0.1914
358,19,S19W,S,W,p~,np,,,,,,0.3068,0.3068
359,19,S19Y,S,Y,p~,p~,,,,,,0.2494,0.2494
360,19,S19V,S,V,p~,np,,,,,,0.1843,0.1843
361,20,H20A,H,A,p~,np,,,,,,0.0114,0.0114
362,20,H20R,H,R,p~,p+,,,,,,0.076,0.076
363,20,H20N,H,N,p~,p~,,,,,,0.0884,0.0884
364,20,H20D,H,D,p~,p-,,,,,,0.0798,0.0798
365,20,H20C,H,C,p~,p~,,,,,,0.1831,0.1831
366,20,H20Q,H,Q,p~,p~,,,,,,0.1024,0.1024
367,20,H20E,H,E,p~,p-,,,,,,0.0904,0.0904
368,20,H20G,H,G,p~,np,,,,,,0.0181,0.0181
369,20,H20I,H,I,p~,np,,,,,,0.0604,0.0604
370,20,H20L,H,L,p~,np,,,,,,0.0106,0.0106
371,20,H20K,H,K,p~,p+,,,,,,0.1191,0.1191
372,20,H20M,H,M,p~,np,,,,,,0.1187,0.1187
373,20,H20F,H,F,p~,np,,,,,,0.0868,0.0868
374,20,H20P,H,P,p~,np,,,,,,0.0666,0.0666
375,20,H20S,H,S,p~,p~,,,,,,0.0049,0.0049
376,20,H20T,H,T,p~,p~,,,,,,0.0246,0.0246
377,20,H20W,H,W,p~,np,,,,,,0.1819,0.1819
378,20,H20Y,H,Y,p~,p~,,,,,,0.118,0.118
379,20,H20V,H,V,p~,np,,,,,,0.0329,0.0329
380,21,M21A,M,A,np,np,,,,,,0.0242,0.0242
381,21,M21R,M,R,np,p+,,,,,,0.0726,0.0726
382,21,M21N,M,N,np,p~,,,,,,0.0964,0.0964
383,21,M21D,M,D,np,p-,,,,,,0.0966,0.0966
384,21,M21C,M,C,np,p~,,,,,,0.1304,0.1304
385,21,M21Q,M,Q,np,p~,,,,,,0.1011,0.1011
386,21,M21E,M,E,np,p-,,,,,,0.1087,0.1087
387,21,M21G,M,G,np,np,,,,,,0.0285,0.0285
388,21,M21H,M,H,np,p~,,,,,,0.1417,0.1417
389,21,M21I,M,I,np,np,,,,,,0.0873,0.0873
390,21,M21L,M,L,np,np,,,,,,0.0571,0.0571
391,21,M21K,M,K,np,p+,,,,,,0.1351,0.1351
392,21,M21F,M,F,np,np,,,,,,0.0941,0.0941
393,21,M21P,M,P,np,np,,,,,,0.0484,0.0484
394,21,M21S,M,S,np,p~,,,,,,0.0122,0.0122
395,21,M21T,M,T,np,p~,,,,,,0.0403,0.0403
396,21,M21W,M,W,np,np,,,,,,0.1972,0.1972
397,21,M21Y,M,Y,np,p~,,,,,,0.1249,0.1249
398,21,M21V,M,V,np,np,,,,,,0.0653,0.0653
399,22,G22A,G,A,np,np,,,,,,0.1314,0.1314
400,22,G22R,G,R,np,p+,,,,,,0.207,0.207
401,22,G22N,G,N,np,p~,,,,,,0.226,0.226
402,22,G22D,G,D,np,p-,,,,,,0.2311,0.2311
403,22,G22C,G,C,np,p~,,,,,,0.2822,0.2822
404,22,G22Q,G,Q,np,p~,,,,,,0.2101,0.2101
405,22,G22E,G,E,np,p-,,,,,,0.2193,0.2193
406,22,G22H,G,H,np,p~,,,,,,0.264,0.264
407,22,G22I,G,I,np,np,,,,,,0.208,0.208
408,22,G22L,G,L,np,np,,,,,,0.1715,0.1715
409,22,G22K,G,K,np,p+,,,,,,0.2503,0.2503
410,22,G22M,G,M,np,np,,,,,,0.2545,0.2545
411,22,G22F,G,F,np,np,,,,,,0.2315,0.2315
412,22,G22P,G,P,np,np,,,,,,0.1506,0.1506
413,22,G22S,G,S,np,p~,,,,,,0.1566,0.1566
414,22,G22T,G,T,np,p~,,,,,,0.1722,0.1722
415,22,G22W,G,W,np,np,,,,,,0.3292,0.3292
416,22,G22Y,G,Y,np,p~,,,,,,0.2588,0.2588
417,22,G22V,G,V,np,np,,,,,,0.1789,0.1789
418,23,T23A,T,A,p~,np,,,,,,0.1467,0.1467
419,23,T23R,T,R,p~,p+,,,,,,0.213,0.213
420,23,T23N,T,N,p~,p~,,,,,,0.2277,0.2277
421,23,T23D,T,D,p~,p-,,,,,,0.2282,0.2282
422,23,T23C,T,C,p~,p~,,,,,,0.2549,0.2549
423,23,T23Q,T,Q,p~,p~,,,,,,0.2348,0.2348
424,23,T23E,T,E,p~,p-,,,,,,0.2293,0.2293
425,23,T23G,T,G,p~,np,,,,,,0.1793,0.1793
426,23,T23H,T,H,p~,p~,,,,,,0.2651,0.2651
427,23,T23I,T,I,p~,np,,,,,,0.2022,0.2022
428,23,T23L,T,L,p~,np,,,,,,0.166,0.166
429,23,T23K,T,K,p~,p+,,,,,,0.2485,0.2485
430,23,T23M,T,M,p~,np,,,,,,0.2443,0.2443
431,23,T23F,T,F,p~,np,,,,,,0.2213,0.2213
432,23,T23P,T,P,p~,np,,,,,,0.1961,0.1961
433,23,T23S,T,S,p~,p~,,,,,,0.1545,0.1545
434,23,T23W,T,W,p~,np,,,,,,0.3222,0.3222
435,23,T23Y,T,Y,p~,p~,,,,,,0.2464,0.2464
436,23,T23V,T,V,p~,np,,,,,,0.1833,0.1833
437,24,A24R,A,R,np,p+,0.278,0.3025,0.3223,0.464,0.4066,0.2504,0.2504
438,24,A24N,A,N,np,p~,0.278,0.3025,0.3223,0.464,0.4066,0.2681,0.2681
439,24,A24D,A,D,np,p-,0.278,0.3025,0.3223,0.464,0.4066,0.2466,0.2466
440,24,A24C,A,C,np,p~,0.278,0.3025,0.3223,0.464,0.4066,0.2562,0.2562
441,24,A24Q,A,Q,np,p~,0.278,0.3025,0.3223,0.464,0.4066,0.2585,0.2585
442,24,A24E,A,E,np,p-,0.278,0.3025,0.3223,0.464,0.4066,0.262,0.262
443,24,A24G,A,G,np,np,0.278,0.3025,0.3223,0.464,0.4066,0.1967,0.1967
444,24,A24H,A,H,np,p~,0.278,0.3025,0.3223,0.464,0.4066,0.3163,0.3163
445,24,A24I,A,I,np,np,0.278,0.3025,0.3223,0.464,0.4066,0.223,0.223
446,24,A24L,A,L,np,np,0.278,0.3025,0.3223,0.464,0.4066,0.2014,0.2014
447,24,A24K,A,K,np,p+,0.278,0.3025,0.3223,0.464,0.4066,0.3122,0.3122
448,24,A24M,A,M,np,np,0.278,0.3025,0.3223,0.464,0.4066,0.2827,0.2827
449,24,A24F,A,F,np,np,0.278,0.3025,0.3223,0.464,0.4066,0.2545,0.2545
450,24,A24P,A,P,np,np,0.278,0.3025,0.3223,0.464,0.4066,0.1947,0.1947
451,24,A24S,A,S,np,p~,0.278,0.3025,0.3223,0.464,0.4066,0.1891,0.1891
452,24,A24T,A,T,np,p~,0.278,0.3025,0.3223,0.464,0.4066,0.2087,0.2087
453,24,A24W,A,W,np,np,0.278,0.3025,0.3223,0.464,0.4066,0.3361,0.3361
454,24,A24Y,A,Y,np,p~,0.278,0.3025,0.3223,0.464,0.4066,0.2599,0.2599
455,24,A24V,A,V,np,np,0.278,0.3025,0.3223,0.464,0.4066,0.198,0.198
456,25,S25A,S,A,p~,np,0.3165,0.3386,0.1897,0.5755,0.3741,0.1812,0.1812
457,25,S25R,S,R,p~,p+,0.3165,0.3386,0.1897,0.5755,0.3741,0.292,0.292
458,25,S25N,S,N,p~,p~,0.3165,0.3386,0.1897,0.5755,0.3741,0.2399,0.2399
459,25,S25D,S,D,p~,p-,0.3165,0.3386,0.1897,0.5755,0.3741,0.2503,0.2503
460,25,S25C,S,C,p~,p~,0.3165,0.3386,0.1897,0.5755,0.3741,0.2864,0.2864
461,25,S25Q,S,Q,p~,p~,0.3165,0.3386,0.1897,0.5755,0.3741,0.2459,0.2459
462,25,S25E,S,E,p~,p-,0.3165,0.3386,0.1897,0.5755,0.3741,0.2649,0.2649
463,25,S25G,S,G,p~,np,0.3165,0.3386,0.1897,0.5755,0.3741,0.2237,0.2237
464,25,S25H,S,H,p~,p~,0.3165,0.3386,0.1897,0.5755,0.3741,0.3429,0.3429
465,25,S25I,S,I,p~,np,0.3165,0.3386,0.1897,0.5755,0.3741,0.2283,0.2283
466,25,S25L,S,L,p~,np,0.3165,0.3386,0.1897,0.5755,0.3741,0.2162,0.2162
467,25,S25K,S,K,p~,p+,0.3165,0.3386,0.1897,0.5755,0.3741,0.2845,0.2845
468,25,S25M,S,M,p~,np,0.3165,0.3386,0.1897,0.5755,0.3741,0.3021,0.3021
469,25,S25F,S,F,p~,np,0.3165,0.3386,0.1897,0.5755,0.3741,0.2659,0.2659
470,25,S25P,S,P,p~,np,0.3165,0.3386,0.1897,0.5755,0.3741,0.1608,0.1608
471,25,S25T,S,T,p~,p~,0.3165,0.3386,0.1897,0.5755,0.3741,0.1849,0.1849
472,25,S25W,S,W,p~,np,0.3165,0.3386,0.1897,0.5755,0.3741,0.3667,0.3667
473,25,S25Y,S,Y,p~,p~,0.3165,0.3386,0.1897,0.5755,0.3741,0.2779,0.2779
474,25,S25V,S,V,p~,np,0.3165,0.3386,0.1897,0.5755,0.3741,0.2042,0.2042
475,26,A26R,A,R,np,p+,0.346,0.3659,0.2722,0.4247,0.2412,0.3023,0.3023
476,26,A26N,A,N,np,p~,0.346,0.3659,0.2722,0.4247,0.2412,0.2762,0.2762
477,26,A26D,A,D,np,p-,0.346,0.3659,0.2722,0.4247,0.2412,0.2743,0.2743
478,26,A26C,A,C,np,p~,0.346,0.3659,0.2722,0.4247,0.2412,0.2988,0.2988
479,26,A26Q,A,Q,np,p~,0.346,0.3659,0.2722,0.4247,0.2412,0.2731,0.2731
480,26,A26E,A,E,np,p-,0.346,0.3659,0.2722,0.4247,0.2412,0.2872,0.2872
481,26,A26G,A,G,np,np,0.346,0.3659,0.2722,0.4247,0.2412,0.2582,0.2582
482,26,A26H,A,H,np,p~,0.346,0.3659,0.2722,0.4247,0.2412,0.3853,0.3853
483,26,A26I,A,I,np,np,0.346,0.3659,0.2722,0.4247,0.2412,0.2402,0.2402
484,26,A26L,A,L,np,np,0.346,0.3659,0.2722,0.4247,0.2412,0.209,0.209
485,26,A26K,A,K,np,p+,0.346,0.3659,0.2722,0.4247,0.2412,0.3141,0.3141
486,26,A26M,A,M,np,np,0.346,0.3659,0.2722,0.4247,0.2412,0.3208,0.3208
487,26,A26F,A,F,np,np,0.346,0.3659,0.2722,0.4247,0.2412,0.293,0.293
488,26,A26P,A,P,np,np,0.346,0.3659,0.2722,0.4247,0.2412,0.2103,0.2103
489,26,A26S,A,S,np,p~,0.346,0.3659,0.2722,0.4247,0.2412,0.2389,0.2389
490,26,A26T,A,T,np,p~,0.346,0.3659,0.2722,0.4247,0.2412,0.2232,0.2232
491,26,A26W,A,W,np,np,0.346,0.3659,0.2722,0.4247,0.2412,0.3951,0.3951
492,26,A26Y,A,Y,np,p~,0.346,0.3659,0.2722,0.4247,0.2412,0.305,0.305
493,26,A26V,A,V,np,np,0.346,0.3659,0.2722,0.4247,0.2412,0.2194,0.2194
494,27,P27A,P,A,np,np,0.405,0.4213,0.0802,0.941,0.9055,0.2306,0.2306
495,27,P27R,P,R,np,p+,0.405,0.4213,0.0802,0.941,0.9055,0.3287,0.3287
496,27,P27N,P,N,np,p~,0.405,0.4213,0.0802,0.941,0.9055,0.2797,0.2797
497,27,P27D,P,D,np,p-,0.405,0.4213,0.0802,0.941,0.9055,0.2794,0.2794
498,27,P27C,P,C,np,p~,0.405,0.4213,0.0802,0.941,0.9055,0.3711,0.3711
499,27,P27Q,P,Q,np,p~,0.405,0.4213,0.0802,0.941,0.9055,0.2993,0.2993
500,27,P27E,P,E,np,p-,0.405,0.4213,0.0802,0.941,0.9055,0.318,0.318
501,27,P27G,P,G,np,np,0.405,0.4213,0.0802,0.941,0.9055,0.2385,0.2385
502,27,P27H,P,H,np,p~,0.405,0.4213,0.0802,0.941,0.9055,0.3905,0.3905
503,27,P27I,P,I,np,np,0.405,0.4213,0.0802,0.941,0.9055,0.2828,0.2828
504,27,P27L,P,L,np,np,0.405,0.4213,0.0802,0.941,0.9055,0.2509,0.2509
505,27,P27K,P,K,np,p+,0.405,0.4213,0.0802,0.941,0.9055,0.3371,0.3371
506,27,P27M,P,M,np,np,0.405,0.4213,0.0802,0.941,0.9055,0.3632,0.3632
507,27,P27F,P,F,np,np,0.405,0.4213,0.0802,0.941,0.9055,0.3112,0.3112
508,27,P27S,P,S,np,p~,0.405,0.4213,0.0802,0.941,0.9055,0.2336,0.2336
509,27,P27T,P,T,np,p~,0.405,0.4213,0.0802,0.941,0.9055,0.2412,0.2412
510,27,P27W,P,W,np,np,0.405,0.4213,0.0802,0.941,0.9055,0.394,0.394
511,27,P27Y,P,Y,np,p~,0.405,0.4213,0.0802,0.941,0.9055,0.3056,0.3056
512,27,P27V,P,V,np,np,0.405,0.4213,0.0802,0.941,0.9055,0.2489,0.2489
513,28,I28A,I,A,np,np,0.4027,0.4199,0.6091,0.2557,0.3418,0.084,0.084
514,28,I28R,I,R,np,p+,0.4027,0.4199,0.6091,0.2557,0.3418,0.2255,0.2255
515,28,I28N,I,N,np,p~,0.4027,0.4199,0.6091,0.2557,0.3418,0.1678,0.1678
516,28,I28D,I,D,np,p-,0.4027,0.4199,0.6091,0.2557,0.3418,0.2028,0.2028
517,28,I28C,I,C,np,p~,0.4027,0.4199,0.6091,0.2557,0.3418,0.2995,0.2995
518,28,I28Q,I,Q,np,p~,0.4027,0.4199,0.6091,0.2557,0.3418,0.1736,0.1736
519,28,I28E,I,E,np,p-,0.4027,0.4199,0.6091,0.2557,0.3418,0.204,0.204
520,28,I28G,I,G,np,np,0.4027,0.4199,0.6091,0.2557,0.3418,0.1455,0.1455
521,28,I28H,I,H,np,p~,0.4027,0.4199,0.6091,0.2557,0.3418,0.3219,0.3219
522,28,I28L,I,L,np,np,0.4027,0.4199,0.6091,0.2557,0.3418,0.1661,0.1661
523,28,I28K,I,K,np,p+,0.4027,0.4199,0.6091,0.2557,0.3418,0.2145,0.2145
524,28,I28M,I,M,np,np,0.4027,0.4199,0.6091,0.2557,0.3418,0.2798,0.2798
525,28,I28F,I,F,np,np,0.4027,0.4199,0.6091,0.2557,0.3418,0.2361,0.2361
526,28,I28P,I,P,np,np,0.4027,0.4199,0.6091,0.2557,0.3418,0.1615,0.1615
527,28,I28S,I,S,np,p~,0.4027,0.4199,0.6091,0.2557,0.3418,0.0586,0.0586
528,28,I28T,I,T,np,p~,0.4027,0.4199,0.6091,0.2557,0.3418,0.0485,0.0485
529,28,I28W,I,W,np,np,0.4027,0.4199,0.6091,0.2557,0.3418,0.3441,0.3441
530,28,I28Y,I,Y,np,p~,0.4027,0.4199,0.6091,0.2557,0.3418,0.2389,0.2389
531,28,I28V,I,V,np,np,0.4027,0.4199,0.6091,0.2557,0.3418,0.1188,0.1188
532,29,G29A,G,A,np,np,0.4711,0.4829,0.1596,0.4903,0.4053,0.2749,0.2749
533,29,G29R,G,R,np,p+,0.4711,0.4829,0.1596,0.4903,0.4053,0.4001,0.4001
534,29,G29N,G,N,np,p~,0.4711,0.4829,0.1596,0.4903,0.4053,0.359,0.359
535,29,G29D,G,D,np,p-,0.4711,0.4829,0.1596,0.4903,0.4053,0.3387,0.3387
536,29,G29C,G,C,np,p~,0.4711,0.4829,0.1596,0.4903,0.4053,0.4717,0.4717
537,29,G29Q,G,Q,np,p~,0.4711,0.4829,0.1596,0.4903,0.4053,0.3269,0.3269
538,29,G29E,G,E,np,p-,0.4711,0.4829,0.1596,0.4903,0.4053,0.3127,0.3127
539,29,G29H,G,H,np,p~,0.4711,0.4829,0.1596,0.4903,0.4053,0.476,0.476
540,29,G29I,G,I,np,np,0.4711,0.4829,0.1596,0.4903,0.4053,0.3724,0.3724
541,29,G29L,G,L,np,np,0.4711,0.4829,0.1596,0.4903,0.4053,0.3073,0.3073
542,29,G29K,G,K,np,p+,0.4711,0.4829,0.1596,0.4903,0.4053,0.4101,0.4101
543,29,G29M,G,M,np,np,0.4711,0.4829,0.1596,0.4903,0.4053,0.4335,0.4335
544,29,G29F,G,F,np,np,0.4711,0.4829,0.1596,0.4903,0.4053,0.3799,0.3799
545,29,G29P,G,P,np,np,0.4711,0.4829,0.1596,0.4903,0.4053,0.284,0.284
546,29,G29S,G,S,np,p~,0.4711,0.4829,0.1596,0.4903,0.4053,0.2715,0.2715
547,29,G29T,G,T,np,p~,0.4711,0.4829,0.1596,0.4903,0.4053,0.309,0.309
548,29,G29W,G,W,np,np,0.4711,0.4829,0.1596,0.4903,0.4053,0.4877,0.4877
549,29,G29Y,G,Y,np,p~,0.4711,0.4829,0.1596,0.4903,0.4053,0.3859,0.3859
550,29,G29V,G,V,np,np,0.4711,0.4829,0.1596,0.4903,0.4053,0.3239,0.3239
551,30,S30A,S,A,p~,np,0.527,0.5346,0.7062,0.2508,0.2468,0.2115,0.2115
552,30,S30R,S,R,p~,p+,0.527,0.5346,0.7062,0.2508,0.2468,0.3551,0.3551
553,30,S30N,S,N,p~,p~,0.527,0.5346,0.7062,0.2508,0.2468,0.2069,0.2069
554,30,S30D,S,D,p~,p-,0.527,0.5346,0.7062,0.2508,0.2468,0.2435,0.2435
555,30,S30C,S,C,p~,p~,0.527,0.5346,0.7062,0.2508,0.2468,0.5487,0.5487
556,30,S30Q,S,Q,p~,p~,0.527,0.5346,0.7062,0.2508,0.2468,0.2392,0.2392
557,30,S30E,S,E,p~,p-,0.527,0.5346,0.7062,0.2508,0.2468,0.2791,0.2791
558,30,S30G,S,G,p~,np,0.527,0.5346,0.7062,0.2508,0.2468,0.2593,0.2593
559,30,S30H,S,H,p~,p~,0.527,0.5346,0.7062,0.2508,0.2468,0.4114,0.4114
560,30,S30I,S,I,p~,np,0.527,0.5346,0.7062,0.2508,0.2468,0.2644,0.2644
561,30,S30L,S,L,p~,np,0.527,0.5346,0.7062,0.2508,0.2468,0.3071,0.3071
562,30,S30K,S,K,p~,p+,0.527,0.5346,0.7062,0.2508,0.2468,0.3144,0.3144
563,30,S30M,S,M,p~,np,0.527,0.5346,0.7062,0.2508,0.2468,0.3932,0.3932
564,30,S30F,S,F,p~,np,0.527,0.5346,0.7062,0.2508,0.2468,0.3681,0.3681
565,30,S30P,S,P,p~,np,0.527,0.5346,0.7062,0.2508,0.2468,0.2384,0.2384
566,30,S30T,S,T,p~,p~,0.527,0.5346,0.7062,0.2508,0.2468,0.1202,0.1202
567,30,S30W,S,W,p~,np,0.527,0.5346,0.7062,0.2508,0.2468,0.5237,0.5237
568,30,S30Y,S,Y,p~,p~,0.527,0.5346,0.7062,0.2508,0.2468,0.37,0.37
569,30,S30V,S,V,p~,np,0.527,0.5346,0.7062,0.2508,0.2468,0.2075,0.2075
570,31,A31R,A,R,np,p+,0.5573,0.5644,0.6176,0.2781,0.1438,0.3146,0.3146
571,31,A31N,A,N,np,p~,0.5573,0.5644,0.6176,0.2781,0.1438,0.2927,0.2927
572,31,A31D,A,D,np,p-,0.5573,0.5644,0.6176,0.2781,0.1438,0.3037,0.3037
573,31,A31C,A,C,np,p~,0.5573,0.5644,0.6176,0.2781,0.1438,0.6162,0.6162
574,31,A31Q,A,Q,np,p~,0.5573,0.5644,0.6176,0.2781,0.1438,0.1946,0.1946
575,31,A31E,A,E,np,p-,0.5573,0.5644,0.6176,0.2781,0.1438,0.2034,0.2034
576,31,A31G,A,G,np,np,0.5573,0.5644,0.6176,0.2781,0.1438,0.3025,0.3025
577,31,A31H,A,H,np,p~,0.5573,0.5644,0.6176,0.2781,0.1438,0.4695,0.4695
578,31,A31I,A,I,np,np,0.5573,0.5644,0.6176,0.2781,0.1438,0.2536,0.2536
579,31,A31L,A,L,np,np,0.5573,0.5644,0.6176,0.2781,0.1438,0.2084,0.2084
580,31,A31K,A,K,np,p+,0.5573,0.5644,0.6176,0.2781,0.1438,0.293,0.293
581,31,A31M,A,M,np,np,0.5573,0.5644,0.6176,0.2781,0.1438,0.359,0.359
582,31,A31F,A,F,np,np,0.5573,0.5644,0.6176,0.2781,0.1438,0.3472,0.3472
583,31,A31P,A,P,np,np,0.5573,0.5644,0.6176,0.2781,0.1438,0.1852,0.1852
584,31,A31S,A,S,np,p~,0.5573,0.5644,0.6176,0.2781,0.1438,0.193,0.193
585,31,A31T,A,T,np,p~,0.5573,0.5644,0.6176,0.2781,0.1438,0.2043,0.2043
586,31,A31W,A,W,np,np,0.5573,0.5644,0.6176,0.2781,0.1438,0.4613,0.4613
587,31,A31Y,A,Y,np,p~,0.5573,0.5644,0.6176,0.2781,0.1438,0.3827,0.3827
588,31,A31V,A,V,np,np,0.5573,0.5644,0.6176,0.2781,0.1438,0.213,0.213
589,32,I32A,I,A,np,np,0.6127,0.6201,0.1665,0.7371,0.9788,0.3466,0.3466
590,32,I32R,I,R,np,p+,0.6127,0.6201,0.1665,0.7371,0.9788,0.4992,0.4992
591,32,I32N,I,N,np,p~,0.6127,0.6201,0.1665,0.7371,0.9788,0.4716,0.4716
592,32,I32D,I,D,np,p-,0.6127,0.6201,0.1665,0.7371,0.9788,0.5435,0.5435
593,32,I32C,I,C,np,p~,0.6127,0.6201,0.1665,0.7371,0.9788,0.6194,0.6194
594,32,I32Q,I,Q,np,p~,0.6127,0.6201,0.1665,0.7371,0.9788,0.383,0.383
595,32,I32E,I,E,np,p-,0.6127,0.6201,0.1665,0.7371,0.9788,0.4803,0.4803
596,32,I32G,I,G,np,np,0.6127,0.6201,0.1665,0.7371,0.9788,0.5246,0.5246
597,32,I32H,I,H,np,p~,0.6127,0.6201,0.1665,0.7371,0.9788,0.5374,0.5374
598,32,I32L,I,L,np,np,0.6127,0.6201,0.1665,0.7371,0.9788,0.0551,0.0551
599,32,I32K,I,K,np,p+,0.6127,0.6201,0.1665,0.7371,0.9788,0.4681,0.4681
600,32,I32M,I,M,np,np,0.6127,0.6201,0.1665,0.7371,0.9788,0.2762,0.2762
601,32,I32F,I,F,np,np,0.6127,0.6201,0.1665,0.7371,0.9788,0.3276,0.3276
602,32,I32P,I,P,np,np,0.6127,0.6201,0.1665,0.7371,0.9788,0.4227,0.4227
603,32,I32S,I,S,np,p~,0.6127,0.6201,0.1665,0.7371,0.9788,0.4221,0.4221
604,32,I32T,I,T,np,p~,0.6127,0.6201,0.1665,0.7371,0.9788,0.3688,0.3688
605,32,I32W,I,W,np,np,0.6127,0.6201,0.1665,0.7371,0.9788,0.4908,0.4908
606,32,I32Y,I,Y,np,p~,0.6127,0.6201,0.1665,0.7371,0.9788,0.3687,0.3687
607,32,I32V,I,V,np,np,0.6127,0.6201,0.1665,0.7371,0.9788,0.2275,0.2275
608,33,P33A,P,A,np,np,0.6748,0.6793,0.3377,0.4785,0.3026,0.2536,0.2536
609,33,P33R,P,R,np,p+,0.6748,0.6793,0.3377,0.4785,0.3026,0.4787,0.4787
610,33,P33N,P,N,np,p~,0.6748,0.6793,0.3377,0.4785,0.3026,0.1987,0.1987
611,33,P33D,P,D,np,p-,0.6748,0.6793,0.3377,0.4785,0.3026,0.1994,0.1994
612,33,P33C,P,C,np,p~,0.6748,0.6793,0.3377,0.4785,0.3026,0.6871,0.6871
613,33,P33Q,P,Q,np,p~,0.6748,0.6793,0.3377,0.4785,0.3026,0.3478,0.3478
614,33,P33E,P,E,np,p-,0.6748,0.6793,0.3377,0.4785,0.3026,0.3679,0.3679
615,33,P33G,P,G,np,np,0.6748,0.6793,0.3377,0.4785,0.3026,0.2602,0.2602
616,33,P33H,P,H,np,p~,0.6748,0.6793,0.3377,0.4785,0.3026,0.5083,0.5083
617,33,P33I,P,I,np,np,0.6748,0.6793,0.3377,0.4785,0.3026,0.4357,0.4357
618,33,P33L,P,L,np,np,0.6748,0.6793,0.3377,0.4785,0.3026,0.3918,0.3918
619,33,P33K,P,K,np,p+,0.6748,0.6793,0.3377,0.4785,0.3026,0.4298,0.4298
620,33,P33M,P,M,np,np,0.6748,0.6793,0.3377,0.4785,0.3026,0.5358,0.5358
621,33,P33F,P,F,np,np,0.6748,0.6793,0.3377,0.4785,0.3026,0.5113,0.5113
622,33,P33S,P,S,np,p~,0.6748,0.6793,0.3377,0.4785,0.3026,0.1511,0.1511
623,33,P33T,P,T,np,p~,0.6748,0.6793,0.3377,0.4785,0.3026,0.2855,0.2855
624,33,P33W,P,W,np,np,0.6748,0.6793,0.3377,0.4785,0.3026,0.5802,0.5802
625,33,P33Y,P,Y,np,p~,0.6748,0.6793,0.3377,0.4785,0.3026,0.4609,0.4609
626,33,P33V,P,V,np,np,0.6748,0.6793,0.3377,0.4785,0.3026,0.3719,0.3719
627,34,R34A,R,A,p+,np,0.6481,0.6561,0.1072,0.7887,0.7303,0.3456,0.3456
628,34,R34N,R,N,p+,p~,0.6481,0.6561,0.1072,0.7887,0.7303,0.3134,0.3134
629,34,R34D,R,D,p+,p-,0.6481,0.6561,0.1072,0.7887,0.7303,0.455,0.455
630,34,R34C,R,C,p+,p~,0.6481,0.6561,0.1072,0.7887,0.7303,0.6675,0.6675
631,34,R34Q,R,Q,p+,p~,0.6481,0.6561,0.1072,0.7887,0.7303,0.1898,0.1898
632,34,R34E,R,E,p+,p-,0.6481,0.6561,0.1072,0.7887,0.7303,0.45,0.45
633,34,R34G,R,G,p+,np,0.6481,0.6561,0.1072,0.7887,0.7303,0.348,0.348
634,34,R34H,R,H,p+,p~,0.6481,0.6561,0.1072,0.7887,0.7303,0.3088,0.3088
635,34,R34I,R,I,p+,np,0.6481,0.6561,0.1072,0.7887,0.7303,0.444,0.444
636,34,R34L,R,L,p+,np,0.6481,0.6561,0.1072,0.7887,0.7303,0.3253,0.3253
637,34,R34K,R,K,p+,p+,0.6481,0.6561,0.1072,0.7887,0.7303,0.2422,0.2422
638,34,R34M,R,M,p+,np,0.6481,0.6561,0.1072,0.7887,0.7303,0.4119,0.4119
639,34,R34F,R,F,p+,np,0.6481,0.6561,0.1072,0.7887,0.7303,0.4192,0.4192
640,34,R34P,R,P,p+,np,0.6481,0.6561,0.1072,0.7887,0.7303,0.4138,0.4138
641,34,R34S,R,S,p+,p~,0.6481,0.6561,0.1072,0.7887,0.7303,0.299,0.299
642,34,R34T,R,T,p+,p~,0.6481,0.6561,0.1072,0.7887,0.7303,0.3276,0.3276
643,34,R34W,R,W,p+,np,0.6481,0.6561,0.1072,0.7887,0.7303,0.4631,0.4631
644,34,R34Y,R,Y,p+,p~,0.6481,0.6561,0.1072,0.7887,0.7303,0.3863,0.3863
645,34,R34V,R,V,p+,np,0.6481,0.6561,0.1072,0.7887,0.7303,0.4147,0.4147
646,35,N35A,N,A,p~,np,0.7547,0.7582,0.4117,0.3222,0.3017,0.149,0.149
647,35,N35R,N,R,p~,p+,0.7547,0.7582,0.4117,0.3222,0.3017,0.3643,0.3643
648,35,N35D,N,D,p~,p-,0.7547,0.7582,0.4117,0.3222,0.3017,0.2042,0.2042
649,35,N35C,N,C,p~,p~,0.7547,0.7582,0.4117,0.3222,0.3017,0.555,0.555
650,35,N35Q,N,Q,p~,p~,0.7547,0.7582,0.4117,0.3222,0.3017,0.2819,0.2819
651,35,N35E,N,E,p~,p-,0.7547,0.7582,0.4117,0.3222,0.3017,0.2488,0.2488
652,35,N35G,N,G,p~,np,0.7547,0.7582,0.4117,0.3222,0.3017,0.1478,0.1478
653,35,N35H,N,H,p~,p~,0.7547,0.7582,0.4117,0.3222,0.3017,0.4285,0.4285
654,35,N35I,N,I,p~,np,0.7547,0.7582,0.4117,0.3222,0.3017,0.3505,0.3505
655,35,N35L,N,L,p~,np,0.7547,0.7582,0.4117,0.3222,0.3017,0.343,0.343
656,35,N35K,N,K,p~,p+,0.7547,0.7582,0.4117,0.3222,0.3017,0.2873,0.2873
657,35,N35M,N,M,p~,np,0.7547,0.7582,0.4117,0.3222,0.3017,0.442,0.442
658,35,N35F,N,F,p~,np,0.7547,0.7582,0.4117,0.3222,0.3017,0.3984,0.3984
659,35,N35P,N,P,p~,np,0.7547,0.7582,0.4117,0.3222,0.3017,0.3006,0.3006
660,35,N35S,N,S,p~,p~,0.7547,0.7582,0.4117,0.3222,0.3017,0.062,0.062
661,35,N35T,N,T,p~,p~,0.7547,0.7582,0.4117,0.3222,0.3017,0.1183,0.1183
662,35,N35W,N,W,p~,np,0.7547,0.7582,0.4117,0.3222,0.3017,0.4632,0.4632
663,35,N35Y,N,Y,p~,p~,0.7547,0.7582,0.4117,0.3222,0.3017,0.4058,0.4058
664,35,N35V,N,V,p~,np,0.7547,0.7582,0.4117,0.3222,0.3017,0.2968,0.2968
665,36,N36A,N,A,p~,np,0.7987,0.8019,0.1889,0.4687,0.2579,0.2524,0.2524
666,36,N36R,N,R,p~,p+,0.7987,0.8019,0.1889,0.4687,0.2579,0.401,0.401
667,36,N36D,N,D,p~,p-,0.7987,0.8019,0.1889,0.4687,0.2579,0.2064,0.2064
668,36,N36C,N,C,p~,p~,0.7987,0.8019,0.1889,0.4687,0.2579,0.544,0.544
669,36,N36Q,N,Q,p~,p~,0.7987,0.8019,0.1889,0.4687,0.2579,0.2399,0.2399
670,36,N36E,N,E,p~,p-,0.7987,0.8019,0.1889,0.4687,0.2579,0.3037,0.3037
671,36,N36G,N,G,p~,np,0.7987,0.8019,0.1889,0.4687,0.2579,0.0492,0.0492
672,36,N36H,N,H,p~,p~,0.7987,0.8019,0.1889,0.4687,0.2579,0.4525,0.4525
673,36,N36I,N,I,p~,np,0.7987,0.8019,0.1889,0.4687,0.2579,0.4237,0.4237
674,36,N36L,N,L,p~,np,0.7987,0.8019,0.1889,0.4687,0.2579,0.3187,0.3187
675,36,N36K,N,K,p~,p+,0.7987,0.8019,0.1889,0.4687,0.2579,0.3618,0.3618
676,36,N36M,N,M,p~,np,0.7987,0.8019,0.1889,0.4687,0.2579,0.4536,0.4536
677,36,N36F,N,F,p~,np,0.7987,0.8019,0.1889,0.4687,0.2579,0.4032,0.4032
678,36,N36P,N,P,p~,np,0.7987,0.8019,0.1889,0.4687,0.2579,0.4057,0.4057
679,36,N36S,N,S,p~,p~,0.7987,0.8019,0.1889,0.4687,0.2579,0.1679,0.1679
680,36,N36T,N,T,p~,p~,0.7987,0.8019,0.1889,0.4687,0.2579,0.2461,0.2461
681,36,N36W,N,W,p~,np,0.7987,0.8019,0.1889,0.4687,0.2579,0.5079,0.5079
682,36,N36Y,N,Y,p~,p~,0.7987,0.8019,0.1889,0.4687,0.2579,0.4622,0.4622
683,36,N36V,N,V,p~,np,0.7987,0.8019,0.1889,0.4687,0.2579,0.3769,0.3769
684,37,W37A,W,A,np,np,0.6597,0.6707,0.0995,0.8617,0.9289,0.6653,0.6653
685,37,W37R,W,R,np,p+,0.6597,0.6707,0.0995,0.8617,0.9289,0.7155,0.7155
686,37,W37N,W,N,np,p~,0.6597,0.6707,0.0995,0.8617,0.9289,0.7445,0.7445
687,37,W37D,W,D,np,p-,0.6597,0.6707,0.0995,0.8617,0.9289,0.7894,0.7894
688,37,W37C,W,C,np,p~,0.6597,0.6707,0.0995,0.8617,0.9289,0.7329,0.7329
689,37,W37Q,W,Q,np,p~,0.6597,0.6707,0.0995,0.8617,0.9289,0.7405,0.7405
690,37,W37E,W,E,np,p-,0.6597,0.6707,0.0995,0.8617,0.9289,0.8419,0.8419
691,37,W37G,W,G,np,np,0.6597,0.6707,0.0995,0.8617,0.9289,0.7157,0.7157
692,37,W37H,W,H,np,p~,0.6597,0.6707,0.0995,0.8617,0.9289,0.6865,0.6865
693,37,W37I,W,I,np,np,0.6597,0.6707,0.0995,0.8617,0.9289,0.7541,0.7541
694,37,W37L,W,L,np,np,0.6597,0.6707,0.0995,0.8617,0.9289,0.6825,0.6825
695,37,W37K,W,K,np,p+,0.6597,0.6707,0.0995,0.8617,0.9289,0.7857,0.7857
696,37,W37M,W,M,np,np,0.6597,0.6707,0.0995,0.8617,0.9289,0.6185,0.6185
697,37,W37F,W,F,np,np,0.6597,0.6707,0.0995,0.8617,0.9289,0.5081,0.5081
698,37,W37P,W,P,np,np,0.6597,0.6707,0.0995,0.8617,0.9289,0.79,0.79
699,37,W37S,W,S,np,p~,0.6597,0.6707,0.0995,0.8617,0.9289,0.6465,0.6465
700,37,W37T,W,T,np,p~,0.6597,0.6707,0.0995,0.8617,0.9289,0.6704,0.6704
701,37,W37Y,W,Y,np,p~,0.6597,0.6707,0.0995,0.8617,0.9289,0.4617,0.4617
702,37,W37V,W,V,np,np,0.6597,0.6707,0.0995,0.8617,0.9289,0.7299,0.7299
703,38,A38R,A,R,np,p+,0.7861,0.7967,0.1928,0.4361,0.3982,0.2842,0.2842
704,38,A38N,A,N,np,p~,0.7861,0.7967,0.1928,0.4361,0.3982,0.2354,0.2354
705,38,A38D,A,D,np,p-,0.7861,0.7967,0.1928,0.4361,0.3982,0.3153,0.3153
706,38,A38C,A,C,np,p~,0.7861,0.7967,0.1928,0.4361,0.3982,0.5972,0.5972
707,38,A38Q,A,Q,np,p~,0.7861,0.7967,0.1928,0.4361,0.3982,0.1811,0.1811
708,38,A38E,A,E,np,p-,0.7861,0.7967,0.1928,0.4361,0.3982,0.2557,0.2557
709,38,A38G,A,G,np,np,0.7861,0.7967,0.1928,0.4361,0.3982,0.3248,0.3248
710,38,A38H,A,H,np,p~,0.7861,0.7967,0.1928,0.4361,0.3982,0.4197,0.4197
711,38,A38I,A,I,np,np,0.7861,0.7967,0.1928,0.4361,0.3982,0.1954,0.1954
712,38,A38L,A,L,np,np,0.7861,0.7967,0.1928,0.4361,0.3982,0.2813,0.2813
713,38,A38K,A,K,np,p+,0.7861,0.7967,0.1928,0.4361,0.3982,0.2254,0.2254
714,38,A38M,A,M,np,np,0.7861,0.7967,0.1928,0.4361,0.3982,0.3054,0.3054
715,38,A38F,A,F,np,np,0.7861,0.7967,0.1928,0.4361,0.3982,0.3599,0.3599
716,38,A38P,A,P,np,np,0.7861,0.7967,0.1928,0.4361,0.3982,0.4694,0.4694
717,38,A38S,A,S,np,p~,0.7861,0.7967,0.1928,0.4361,0.3982,0.0978,0.0978
718,38,A38T,A,T,np,p~,0.7861,0.7967,0.1928,0.4361,0.3982,0.0284,0.0284
719,38,A38W,A,W,np,np,0.7861,0.7967,0.1928,0.4361,0.3982,0.4885,0.4885
720,38,A38Y,A,Y,np,p~,0.7861,0.7967,0.1928,0.4361,0.3982,0.4098,0.4098
721,38,A38V,A,V,np,np,0.7861,0.7967,0.1928,0.4361,0.3982,0.1642,0.1642
722,39,V39A,V,A,np,np,0.7463,0.7581,0.1704,0.62,0.9001,0.1691,0.1691
723,39,V39R,V,R,np,p+,0.7463,0.7581,0.1704,0.62,0.9001,0.5623,0.5623
724,39,V39N,V,N,np,p~,0.7463,0.7581,0.1704,0.62,0.9001,0.5761,0.5761
725,39,V39D,V,D,np,p-,0.7463,0.7581,0.1704,0.62,0.9001,0.6117,0.6117
726,39,V39C,V,C,np,p~,0.7463,0.7581,0.1704,0.62,0.9001,0.5969,0.5969
727,39,V39Q,V,Q,np,p~,0.7463,0.7581,0.1704,0.62,0.9001,0.5751,0.5751
728,39,V39E,V,E,np,p-,0.7463,0.7581,0.1704,0.62,0.9001,0.5893,0.5893
729,39,V39G,V,G,np,np,0.7463,0.7581,0.1704,0.62,0.9001,0.4364,0.4364
730,39,V39H,V,H,np,p~,0.7463,0.7581,0.1704,0.62,0.9001,0.5951,0.5951
731,39,V39I,V,I,np,np,0.7463,0.7581,0.1704,0.62,0.9001,0.2473,0.2473
732,39,V39L,V,L,np,np,0.7463,0.7581,0.1704,0.62,0.9001,0.3708,0.3708
733,39,V39K,V,K,np,p+,0.7463,0.7581,0.1704,0.62,0.9001,0.5476,0.5476
734,39,V39M,V,M,np,np,0.7463,0.7581,0.1704,0.62,0.9001,0.4342,0.4342
735,39,V39F,V,F,np,np,0.7463,0.7581,0.1704,0.62,0.9001,0.4762,0.4762
736,39,V39P,V,P,np,np,0.7463,0.7581,0.1704,0.62,0.9001,0.4754,0.4754
737,39,V39S,V,S,np,p~,0.7463,0.7581,0.1704,0.62,0.9001,0.4304,0.4304
738,39,V39T,V,T,np,p~,0.7463,0.7581,0.1704,0.62,0.9001,0.3741,0.3741
739,39,V39W,V,W,np,np,0.7463,0.7581,0.1704,0.62,0.9001,0.5913,0.5913
740,39,V39Y,V,Y,np,p~,0.7463,0.7581,0.1704,0.62,0.9001,0.4808,0.4808
741,40,T40A,T,A,p~,np,0.7633,0.7788,0.1403,0.5572,0.5349,0.356,0.356
742,40,T40R,T,R,p~,p+,0.7633,0.7788,0.1403,0.5572,0.5349,0.4566,0.4566
743,40,T40N,T,N,p~,p~,0.7633,0.7788,0.1403,0.5572,0.5349,0.3679,0.3679
744,40,T40D,T,D,p~,p-,0.7633,0.7788,0.1403,0.5572,0.5349,0.441,0.441
745,40,T40C,T,C,p~,p~,0.7633,0.7788,0.1403,0.5572,0.5349,0.6889,0.6889
746,40,T40Q,T,Q,p~,p~,0.7633,0.7788,0.1403,0.5572,0.5349,0.4221,0.4221
747,40,T40E,T,E,p~,p-,0.7633,0.7788,0.1403,0.5572,0.5349,0.4493,0.4493
748,40,T40G,T,G,p~,np,0.7633,0.7788,0.1403,0.5572,0.5349,0.4185,0.4185
749,40,T40H,T,H,p~,p~,0.7633,0.7788,0.1403,0.5572,0.5349,0.5359,0.5359
750,40,T40I,T,I,p~,np,0.7633,0.7788,0.1403,0.5572,0.5349,0.4315,0.4315
751,40,T40L,T,L,p~,np,0.7633,0.7788,0.1403,0.5572,0.5349,0.4727,0.4727
752,40,T40K,T,K,p~,p+,0.7633,0.7788,0.1403,0.5572,0.5349,0.4162,0.4162
753,40,T40M,T,M,p~,np,0.7633,0.7788,0.1403,0.5572,0.5349,0.5242,0.5242
754,40,T40F,T,F,p~,np,0.7633,0.7788,0.1403,0.5572,0.5349,0.4462,0.4462
755,40,T40P,T,P,p~,np,0.7633,0.7788,0.1403,0.5572,0.5349,0.6157,0.6157
756,40,T40S,T,S,p~,p~,0.7633,0.7788,0.1403,0.5572,0.5349,0.1724,0.1724
757,40,T40W,T,W,p~,np,0.7633,0.7788,0.1403,0.5572,0.5349,0.4662,0.4662
758,40,T40Y,T,Y,p~,p~,0.7633,0.7788,0.1403,0.5572,0.5349,0.4476,0.4476
759,40,T40V,T,V,p~,np,0.7633,0.7788,0.1403,0.5572,0.5349,0.3873,0.3873
760,41,C41A,C,A,p~,np,0.7501,0.7655,0.1172,0.7375,0.9305,0.206,0.206
761,41,C41R,C,R,p~,p+,0.7501,0.7655,0.1172,0.7375,0.9305,0.5967,0.5967
762,41,C41N,C,N,p~,p~,0.7501,0.7655,0.1172,0.7375,0.9305,0.5091,0.5091
763,41,C41D,C,D,p~,p-,0.7501,0.7655,0.1172,0.7375,0.9305,0.4406,0.4406
764,41,C41Q,C,Q,p~,p~,0.7501,0.7655,0.1172,0.7375,0.9305,0.4184,0.4184
765,41,C41E,C,E,p~,p-,0.7501,0.7655,0.1172,0.7375,0.9305,0.391,0.391
766,41,C41G,C,G,p~,np,0.7501,0.7655,0.1172,0.7375,0.9305,0.3445,0.3445
767,41,C41H,C,H,p~,p~,0.7501,0.7655,0.1172,0.7375,0.9305,0.5349,0.5349
768,41,C41I,C,I,p~,np,0.7501,0.7655,0.1172,0.7375,0.9305,0.5852,0.5852
769,41,C41L,C,L,p~,np,0.7501,0.7655,0.1172,0.7375,0.9305,0.5796,0.5796
770,41,C41K,C,K,p~,p+,0.7501,0.7655,0.1172,0.7375,0.9305,0.5453,0.5453
771,41,C41M,C,M,p~,np,0.7501,0.7655,0.1172,0.7375,0.9305,0.569,0.569
772,41,C41F,C,F,p~,np,0.7501,0.7655,0.1172,0.7375,0.9305,0.5572,0.5572
773,41,C41P,C,P,p~,np,0.7501,0.7655,0.1172,0.7375,0.9305,0.5561,0.5561
774,41,C41S,C,S,p~,p~,0.7501,0.7655,0.1172,0.7375,0.9305,0.3731,0.3731
775,41,C41T,C,T,p~,p~,0.7501,0.7655,0.1172,0.7375,0.9305,0.4285,0.4285
776,41,C41W,C,W,p~,np,0.7501,0.7655,0.1172,0.7375,0.9305,0.6018,0.6018
777,41,C41Y,C,Y,p~,p~,0.7501,0.7655,0.1172,0.7375,0.9305,0.489,0.489
778,41,C41V,C,V,p~,np,0.7501,0.7655,0.1172,0.7375,0.9305,0.3765,0.3765
779,42,D42A,D,A,p-,np,0.7687,0.7881,0.1835,0.6866,0.5895,0.5056,0.5056
780,42,D42R,D,R,p-,p+,0.7687,0.7881,0.1835,0.6866,0.5895,0.6189,0.6189
781,42,D42N,D,N,p-,p~,0.7687,0.7881,0.1835,0.6866,0.5895,0.4162,0.4162
782,42,D42C,D,C,p-,p~,0.7687,0.7881,0.1835,0.6866,0.5895,0.7516,0.7516
783,42,D42Q,D,Q,p-,p~,0.7687,0.7881,0.1835,0.6866,0.5895,0.5101,0.5101
784,42,D42E,D,E,p-,p-,0.7687,0.7881,0.1835,0.6866,0.5895,0.3905,0.3905
785,42,D42G,D,G,p-,np,0.7687,0.7881,0.1835,0.6866,0.5895,0.4717,0.4717
786,42,D42H,D,H,p-,p~,0.7687,0.7881,0.1835,0.6866,0.5895,0.5648,0.5648
787,42,D42I,D,I,p-,np,0.7687,0.7881,0.1835,0.6866,0.5895,0.6538,0.6538
788,42,D42L,D,L,p-,np,0.7687,0.7881,0.1835,0.6866,0.5895,0.6251,0.6251
789,42,D42K,D,K,p-,p+,0.7687,0.7881,0.1835,0.6866,0.5895,0.6034,0.6034
790,42,D42M,D,M,p-,np,0.7687,0.7881,0.1835,0.6866,0.5895,0.6643,0.6643
791,42,D42F,D,F,p-,np,0.7687,0.7881,0.1835,0.6866,0.5895,0.5945,0.5945
792,42,D42P,D,P,p-,np,0.7687,0.7881,0.1835,0.6866,0.5895,0.6065,0.6065
793,42,D42S,D,S,p-,p~,0.7687,0.7881,0.1835,0.6866,0.5895,0.3147,0.3147
794,42,D42T,D,T,p-,p~,0.7687,0.7881,0.1835,0.6866,0.5895,0.435,0.435
795,42,D42W,D,W,p-,np,0.7687,0.7881,0.1835,0.6866,0.5895,0.6528,0.6528
796,42,D42Y,D,Y,p-,p~,0.7687,0.7881,0.1835,0.6866,0.5895,0.5737,0.5737
797,42,D42V,D,V,p-,np,0.7687,0.7881,0.1835,0.6866,0.5895,0.5178,0.5178
798,43,S43A,S,A,p~,np,0.7846,0.8007,0.1149,0.6942,0.6259,0.4685,0.4685
799,43,S43R,S,R,p~,p+,0.7846,0.8007,0.1149,0.6942,0.6259,0.545,0.545
800,43,S43N,S,N,p~,p~,0.7846,0.8007,0.1149,0.6942,0.6259,0.4249,0.4249
801,43,S43D,S,D,p~,p-,0.7846,0.8007,0.1149,0.6942,0.6259,0.3945,0.3945
802,43,S43C,S,C,p~,p~,0.7846,0.8007,0.1149,0.6942,0.6259,0.6929,0.6929
803,43,S43Q,S,Q,p~,p~,0.7846,0.8007,0.1149,0.6942,0.6259,0.4972,0.4972
804,43,S43E,S,E,p~,p-,0.7846,0.8007,0.1149,0.6942,0.6259,0.4419,0.4419
805,43,S43G,S,G,p~,np,0.7846,0.8007,0.1149,0.6942,0.6259,0.3438,0.3438
806,43,S43H,S,H,p~,p~,0.7846,0.8007,0.1149,0.6942,0.6259,0.5359,0.5359
807,43,S43I,S,I,p~,np,0.7846,0.8007,0.1149,0.6942,0.6259,0.5965,0.5965
808,43,S43L,S,L,p~,np,0.7846,0.8007,0.1149,0.6942,0.6259,0.5739,0.5739
809,43,S43K,S,K,p~,p+,0.7846,0.8007,0.1149,0.6942,0.6259,0.5842,0.5842
810,43,S43M,S,M,p~,np,0.7846,0.8007,0.1149,0.6942,0.6259,0.6354,0.6354
811,43,S43F,S,F,p~,np,0.7846,0.8007,0.1149,0.6942,0.6259,0.601,0.601
812,43,S43P,S,P,p~,np,0.7846,0.8007,0.1149,0.6942,0.6259,0.5153,0.5153
813,43,S43T,S,T,p~,p~,0.7846,0.8007,0.1149,0.6942,0.6259,0.3416,0.3416
814,43,S43W,S,W,p~,np,0.7846,0.8007,0.1149,0.6942,0.6259,0.6249,0.6249
815,43,S43Y,S,Y,p~,p~,0.7846,0.8007,0.1149,0.6942,0.6259,0.5524,0.5524
816,43,S43V,S,V,p~,np,0.7846,0.8007,0.1149,0.6942,0.6259,0.5428,0.5428
817,44,A44R,A,R,np,p+,0.8107,0.8242,0.8072,0.3452,0.2489,0.298,0.298
818,44,A44N,A,N,np,p~,0.8107,0.8242,0.8072,0.3452,0.2489,0.2094,0.2094
819,44,A44D,A,D,np,p-,0.8107,0.8242,0.8072,0.3452,0.2489,0.3137,0.3137
820,44,A44C,A,C,np,p~,0.8107,0.8242,0.8072,0.3452,0.2489,0.4469,0.4469
821,44,A44Q,A,Q,np,p~,0.8107,0.8242,0.8072,0.3452,0.2489,0.0604,0.0604
822,44,A44E,A,E,np,p-,0.8107,0.8242,0.8072,0.3452,0.2489,0.1457,0.1457
823,44,A44G,A,G,np,np,0.8107,0.8242,0.8072,0.3452,0.2489,0.283,0.283
824,44,A44H,A,H,np,p~,0.8107,0.8242,0.8072,0.3452,0.2489,0.2038,0.2038
825,44,A44I,A,I,np,np,0.8107,0.8242,0.8072,0.3452,0.2489,0.309,0.309
826,44,A44L,A,L,np,np,0.8107,0.8242,0.8072,0.3452,0.2489,0.3046,0.3046
827,44,A44K,A,K,np,p+,0.8107,0.8242,0.8072,0.3452,0.2489,0.2832,0.2832
828,44,A44M,A,M,np,np,0.8107,0.8242,0.8072,0.3452,0.2489,0.2713,0.2713
829,44,A44F,A,F,np,np,0.8107,0.8242,0.8072,0.3452,0.2489,0.1669,0.1669
830,44,A44P,A,P,np,np,0.8107,0.8242,0.8072,0.3452,0.2489,0.3373,0.3373
831,44,A44S,A,S,np,p~,0.8107,0.8242,0.8072,0.3452,0.2489,0.1312,0.1312
832,44,A44T,A,T,np,p~,0.8107,0.8242,0.8072,0.3452,0.2489,0.1805,0.1805
833,44,A44W,A,W,np,np,0.8107,0.8242,0.8072,0.3452,0.2489,0.2149,0.2149
834,44,A44Y,A,Y,np,p~,0.8107,0.8242,0.8072,0.3452,0.2489,0.1635,0.1635
835,44,A44V,A,V,np,np,0.8107,0.8242,0.8072,0.3452,0.2489,0.2119,0.2119
836,45,Q45A,Q,A,p~,np,0.8174,0.8308,0.3022,0.393,0.1868,0.3534,0.3534
837,45,Q45R,Q,R,p~,p+,0.8174,0.8308,0.3022,0.393,0.1868,0.5527,0.5527
838,45,Q45N,Q,N,p~,p~,0.8174,0.8308,0.3022,0.393,0.1868,0.314,0.314
839,45,Q45D,Q,D,p~,p-,0.8174,0.8308,0.3022,0.393,0.1868,0.4095,0.4095
840,45,Q45C,Q,C,p~,p~,0.8174,0.8308,0.3022,0.393,0.1868,0.6832,0.6832
841,45,Q45E,Q,E,p~,p-,0.8174,0.8308,0.3022,0.393,0.1868,0.2888,0.2888
842,45,Q45G,Q,G,p~,np,0.8174,0.8308,0.3022,0.393,0.1868,0.4987,0.4987
843,45,Q45H,Q,H,p~,p~,0.8174,0.8308,0.3022,0.393,0.1868,0.2819,0.2819
844,45,Q45I,Q,I,p~,np,0.8174,0.8308,0.3022,0.393,0.1868,0.5934,0.5934
845,45,Q45L,Q,L,p~,np,0.8174,0.8308,0.3022,0.393,0.1868,0.5536,0.5536
846,45,Q45K,Q,K,p~,p+,0.8174,0.8308,0.3022,0.393,0.1868,0.5631,0.5631
847,45,Q45M,Q,M,p~,np,0.8174,0.8308,0.3022,0.393,0.1868,0.5181,0.5181
848,45,Q45F,Q,F,p~,np,0.8174,0.8308,0.3022,0.393,0.1868,0.5308,0.5308
849,45,Q45P,Q,P,p~,np,0.8174,0.8308,0.3022,0.393,0.1868,0.5917,0.5917
850,45,Q45S,Q,S,p~,p~,0.8174,0.8308,0.3022,0.393,0.1868,0.4385,0.4385
851,45,Q45T,Q,T,p~,p~,0.8174,0.8308,0.3022,0.393,0.1868,0.5105,0.5105
852,45,Q45W,Q,W,p~,np,0.8174,0.8308,0.3022,0.393,0.1868,0.5158,0.5158
853,45,Q45Y,Q,Y,p~,p~,0.8174,0.8308,0.3022,0.393,0.1868,0.4327,0.4327
854,45,Q45V,Q,V,p~,np,0.8174,0.8308,0.3022,0.393,0.1868,0.5365,0.5365
855,46,S46A,S,A,p~,np,0.8525,0.8618,0.4703,0.3704,0.1953,0.2536,0.2536
856,46,S46R,S,R,p~,p+,0.8525,0.8618,0.4703,0.3704,0.1953,0.4891,0.4891
857,46,S46N,S,N,p~,p~,0.8525,0.8618,0.4703,0.3704,0.1953,0.3028,0.3028
858,46,S46D,S,D,p~,p-,0.8525,0.8618,0.4703,0.3704,0.1953,0.3144,0.3144
859,46,S46C,S,C,p~,p~,0.8525,0.8618,0.4703,0.3704,0.1953,0.7259,0.7259
860,46,S46Q,S,Q,p~,p~,0.8525,0.8618,0.4703,0.3704,0.1953,0.3306,0.3306
861,46,S46E,S,E,p~,p-,0.8525,0.8618,0.4703,0.3704,0.1953,0.341,0.341
862,46,S46G,S,G,p~,np,0.8525,0.8618,0.4703,0.3704,0.1953,0.2417,0.2417
863,46,S46H,S,H,p~,p~,0.8525,0.8618,0.4703,0.3704,0.1953,0.5085,0.5085
864,46,S46I,S,I,p~,np,0.8525,0.8618,0.4703,0.3704,0.1953,0.4667,0.4667
865,46,S46L,S,L,p~,np,0.8525,0.8618,0.4703,0.3704,0.1953,0.4438,0.4438
866,46,S46K,S,K,p~,p+,0.8525,0.8618,0.4703,0.3704,0.1953,0.4194,0.4194
867,46,S46M,S,M,p~,np,0.8525,0.8618,0.4703,0.3704,0.1953,0.6085,0.6085
868,46,S46F,S,F,p~,np,0.8525,0.8618,0.4703,0.3704,0.1953,0.4581,0.4581
869,46,S46P,S,P,p~,np,0.8525,0.8618,0.4703,0.3704,0.1953,0.2682,0.2682
870,46,S46T,S,T,p~,p~,0.8525,0.8618,0.4703,0.3704,0.1953,0.2845,0.2845
871,46,S46W,S,W,p~,np,0.8525,0.8618,0.4703,0.3704,0.1953,0.5395,0.5395
872,46,S46Y,S,Y,p~,p~,0.8525,0.8618,0.4703,0.3704,0.1953,0.479,0.479
873,46,S46V,S,V,p~,np,0.8525,0.8618,0.4703,0.3704,0.1953,0.3908,0.3908
874,47,G47A,G,A,np,np,0.7978,0.8068,0.1457,0.591,0.4292,0.4521,0.4521
875,47,G47R,G,R,np,p+,0.7978,0.8068,0.1457,0.591,0.4292,0.5564,0.5564
876,47,G47N,G,N,np,p~,0.7978,0.8068,0.1457,0.591,0.4292,0.3925,0.3925
877,47,G47D,G,D,np,p-,0.7978,0.8068,0.1457,0.591,0.4292,0.4017,0.4017
878,47,G47C,G,C,np,p~,0.7978,0.8068,0.1457,0.591,0.4292,0.6554,0.6554
879,47,G47Q,G,Q,np,p~,0.7978,0.8068,0.1457,0.591,0.4292,0.5201,0.5201
880,47,G47E,G,E,np,p-,0.7978,0.8068,0.1457,0.591,0.4292,0.483,0.483
881,47,G47H,G,H,np,p~,0.7978,0.8068,0.1457,0.591,0.4292,0.6205,0.6205
882,47,G47I,G,I,np,np,0.7978,0.8068,0.1457,0.591,0.4292,0.5791,0.5791
883,47,G47L,G,L,np,np,0.7978,0.8068,0.1457,0.591,0.4292,0.5596,0.5596
884,47,G47K,G,K,np,p+,0.7978,0.8068,0.1457,0.591,0.4292,0.5405,0.5405
885,47,G47M,G,M,np,np,0.7978,0.8068,0.1457,0.591,0.4292,0.6675,0.6675
886,47,G47F,G,F,np,np,0.7978,0.8068,0.1457,0.591,0.4292,0.5837,0.5837
887,47,G47P,G,P,np,np,0.7978,0.8068,0.1457,0.591,0.4292,0.4486,0.4486
888,47,G47S,G,S,np,p~,0.7978,0.8068,0.1457,0.591,0.4292,0.4077,0.4077
889,47,G47T,G,T,np,p~,0.7978,0.8068,0.1457,0.591,0.4292,0.472,0.472
890,47,G47W,G,W,np,np,0.7978,0.8068,0.1457,0.591,0.4292,0.594,0.594
891,47,G47Y,G,Y,np,p~,0.7978,0.8068,0.1457,0.591,0.4292,0.5775,0.5775
892,47,G47V,G,V,np,np,0.7978,0.8068,0.1457,0.591,0.4292,0.5073,0.5073
893,48,N48A,N,A,p~,np,0.7456,0.7577,0.2768,0.4202,0.2468,0.4037,0.4037
894,48,N48R,N,R,p~,p+,0.7456,0.7577,0.2768,0.4202,0.2468,0.5368,0.5368
895,48,N48D,N,D,p~,p-,0.7456,0.7577,0.2768,0.4202,0.2468,0.3177,0.3177
896,48,N48C,N,C,p~,p~,0.7456,0.7577,0.2768,0.4202,0.2468,0.6125,0.6125
897,48,N48Q,N,Q,p~,p~,0.7456,0.7577,0.2768,0.4202,0.2468,0.3535,0.3535
898,48,N48E,N,E,p~,p-,0.7456,0.7577,0.2768,0.4202,0.2468,0.3113,0.3113
899,48,N48G,N,G,p~,np,0.7456,0.7577,0.2768,0.4202,0.2468,0.3411,0.3411
900,48,N48H,N,H,p~,p~,0.7456,0.7577,0.2768,0.4202,0.2468,0.4374,0.4374
901,48,N48I,N,I,p~,np,0.7456,0.7577,0.2768,0.4202,0.2468,0.6208,0.6208
902,48,N48L,N,L,p~,np,0.7456,0.7577,0.2768,0.4202,0.2468,0.4752,0.4752
903,48,N48K,N,K,p~,p+,0.7456,0.7577,0.2768,0.4202,0.2468,0.5115,0.5115
904,48,N48M,N,M,p~,np,0.7456,0.7577,0.2768,0.4202,0.2468,0.5092,0.5092
905,48,N48F,N,F,p~,np,0.7456,0.7577,0.2768,0.4202,0.2468,0.4464,0.4464
906,48,N48P,N,P,p~,np,0.7456,0.7577,0.2768,0.4202,0.2468,0.6053,0.6053
907,48,N48S,N,S,p~,p~,0.7456,0.7577,0.2768,0.4202,0.2468,0.3309,0.3309
908,48,N48T,N,T,p~,p~,0.7456,0.7577,0.2768,0.4202,0.2468,0.4331,0.4331
909,48,N48W,N,W,p~,np,0.7456,0.7577,0.2768,0.4202,0.2468,0.5394,0.5394
910,48,N48Y,N,Y,p~,p~,0.7456,0.7577,0.2768,0.4202,0.2468,0.4262,0.4262
911,48,N48V,N,V,p~,np,0.7456,0.7577,0.2768,0.4202,0.2468,0.5627,0.5627
912,49,E49A,E,A,p-,np,0.7627,0.7748,0.2799,0.445,0.3154,0.3319,0.3319
913,49,E49R,E,R,p-,p+,0.7627,0.7748,0.2799,0.445,0.3154,0.5588,0.5588
914,49,E49N,E,N,p-,p~,0.7627,0.7748,0.2799,0.445,0.3154,0.3543,0.3543
915,49,E49D,E,D,p-,p-,0.7627,0.7748,0.2799,0.445,0.3154,0.2869,0.2869
916,49,E49C,E,C,p-,p~,0.7627,0.7748,0.2799,0.445,0.3154,0.6614,0.6614
917,49,E49Q,E,Q,p-,p~,0.7627,0.7748,0.2799,0.445,0.3154,0.4033,0.4033
918,49,E49G,E,G,p-,np,0.7627,0.7748,0.2799,0.445,0.3154,0.314,0.314
919,49,E49H,E,H,p-,p~,0.7627,0.7748,0.2799,0.445,0.3154,0.5302,0.5302
920,49,E49I,E,I,p-,np,0.7627,0.7748,0.2799,0.445,0.3154,0.4493,0.4493
921,49,E49L,E,L,p-,np,0.7627,0.7748,0.2799,0.445,0.3154,0.454,0.454
922,49,E49K,E,K,p-,p+,0.7627,0.7748,0.2799,0.445,0.3154,0.5031,0.5031
923,49,E49M,E,M,p-,np,0.7627,0.7748,0.2799,0.445,0.3154,0.5817,0.5817
924,49,E49F,E,F,p-,np,0.7627,0.7748,0.2799,0.445,0.3154,0.5407,0.5407
925,49,E49P,E,P,p-,np,0.7627,0.7748,0.2799,0.445,0.3154,0.3583,0.3583
926,49,E49S,E,S,p-,p~,0.7627,0.7748,0.2799,0.445,0.3154,0.3109,0.3109
927,49,E49T,E,T,p-,p~,0.7627,0.7748,0.2799,0.445,0.3154,0.296,0.296
928,49,E49W,E,W,p-,np,0.7627,0.7748,0.2799,0.445,0.3154,0.5723,0.5723
929,49,E49Y,E,Y,p-,p~,0.7627,0.7748,0.2799,0.445,0.3154,0.5419,0.5419
930,49,E49V,E,V,p-,np,0.7627,0.7748,0.2799,0.445,0.3154,0.368,0.368
931,50,C50A,C,A,p~,np,0.7373,0.7501,0.1187,0.7271,0.8433,0.3706,0.3706
932,50,C50R,C,R,p~,p+,0.7373,0.7501,0.1187,0.7271,0.8433,0.5415,0.5415
933,50,C50N,C,N,p~,p~,0.7373,0.7501,0.1187,0.7271,0.8433,0.589,0.589
934,50,C50D,C,D,p~,p-,0.7373,0.7501,0.1187,0.7271,0.8433,0.5588,0.5588
935,50,C50Q,C,Q,p~,p~,0.7373,0.7501,0.1187,0.7271,0.8433,0.5674,0.5674
936,50,C50E,C,E,p~,p-,0.7373,0.7501,0.1187,0.7271,0.8433,0.5631,0.5631
937,50,C50G,C,G,p~,np,0.7373,0.7501,0.1187,0.7271,0.8433,0.2658,0.2658
938,50,C50H,C,H,p~,p~,0.7373,0.7501,0.1187,0.7271,0.8433,0.6378,0.6378
939,50,C50I,C,I,p~,np,0.7373,0.7501,0.1187,0.7271,0.8433,0.5121,0.5121
940,50,C50L,C,L,p~,np,0.7373,0.7501,0.1187,0.7271,0.8433,0.5232,0.5232
941,50,C50K,C,K,p~,p+,0.7373,0.7501,0.1187,0.7271,0.8433,0.527,0.527
942,50,C50M,C,M,p~,np,0.7373,0.7501,0.1187,0.7271,0.8433,0.5596,0.5596
943,50,C50F,C,F,p~,np,0.7373,0.7501,0.1187,0.7271,0.8433,0.6113,0.6113
944,50,C50P,C,P,p~,np,0.7373,0.7501,0.1187,0.7271,0.8433,0.3534,0.3534
945,50,C50S,C,S,p~,p~,0.7373,0.7501,0.1187,0.7271,0.8433,0.4848,0.4848
946,50,C50T,C,T,p~,p~,0.7373,0.7501,0.1187,0.7271,0.8433,0.5571,0.5571
947,50,C50W,C,W,p~,np,0.7373,0.7501,0.1187,0.7271,0.8433,0.6237,0.6237
948,50,C50Y,C,Y,p~,p~,0.7373,0.7501,0.1187,0.7271,0.8433,0.5819,0.5819
949,50,C50V,C,V,p~,np,0.7373,0.7501,0.1187,0.7271,0.8433,0.5085,0.5085
950,51,N51A,N,A,p~,np,0.7484,0.7577,0.4472,0.2979,0.1509,0.1148,0.1148
951,51,N51R,N,R,p~,p+,0.7484,0.7577,0.4472,0.2979,0.1509,0.3123,0.3123
952,51,N51D,N,D,p~,p-,0.7484,0.7577,0.4472,0.2979,0.1509,0.2261,0.2261
953,51,N51C,N,C,p~,p~,0.7484,0.7577,0.4472,0.2979,0.1509,0.5149,0.5149
954,51,N51Q,N,Q,p~,p~,0.7484,0.7577,0.4472,0.2979,0.1509,0.2743,0.2743
955,51,N51E,N,E,p~,p-,0.7484,0.7577,0.4472,0.2979,0.1509,0.296,0.296
956,51,N51G,N,G,p~,np,0.7484,0.7577,0.4472,0.2979,0.1509,0.1503,0.1503
957,51,N51H,N,H,p~,p~,0.7484,0.7577,0.4472,0.2979,0.1509,0.3834,0.3834
958,51,N51I,N,I,p~,np,0.7484,0.7577,0.4472,0.2979,0.1509,0.3025,0.3025
959,51,N51L,N,L,p~,np,0.7484,0.7577,0.4472,0.2979,0.1509,0.2922,0.2922
960,51,N51K,N,K,p~,p+,0.7484,0.7577,0.4472,0.2979,0.1509,0.2761,0.2761
961,51,N51M,N,M,p~,np,0.7484,0.7577,0.4472,0.2979,0.1509,0.4496,0.4496
962,51,N51F,N,F,p~,np,0.7484,0.7577,0.4472,0.2979,0.1509,0.2916,0.2916
963,51,N51P,N,P,p~,np,0.7484,0.7577,0.4472,0.2979,0.1509,0.2217,0.2217
964,51,N51S,N,S,p~,p~,0.7484,0.7577,0.4472,0.2979,0.1509,0.0965,0.0965
965,51,N51T,N,T,p~,p~,0.7484,0.7577,0.4472,0.2979,0.1509,0.1555,0.1555
966,51,N51W,N,W,p~,np,0.7484,0.7577,0.4472,0.2979,0.1509,0.2852,0.2852
967,51,N51Y,N,Y,p~,p~,0.7484,0.7577,0.4472,0.2979,0.1509,0.2734,0.2734
968,51,N51V,N,V,p~,np,0.7484,0.7577,0.4472,0.2979,0.1509,0.2586,0.2586
969,52,K52A,K,A,p+,np,0.6968,0.7077,0.4086,0.4764,0.3633,0.3177,0.3177
970,52,K52R,K,R,p+,p+,0.6968,0.7077,0.4086,0.4764,0.3633,0.2559,0.2559
971,52,K52N,K,N,p+,p~,0.6968,0.7077,0.4086,0.4764,0.3633,0.1537,0.1537
972,52,K52D,K,D,p+,p-,0.6968,0.7077,0.4086,0.4764,0.3633,0.331,0.331
973,52,K52C,K,C,p+,p~,0.6968,0.7077,0.4086,0.4764,0.3633,0.561,0.561
974,52,K52Q,K,Q,p+,p~,0.6968,0.7077,0.4086,0.4764,0.3633,0.3636,0.3636
975,52,K52E,K,E,p+,p-,0.6968,0.7077,0.4086,0.4764,0.3633,0.4764,0.4764
976,52,K52G,K,G,p+,np,0.6968,0.7077,0.4086,0.4764,0.3633,0.3676,0.3676
977,52,K52H,K,H,p+,p~,0.6968,0.7077,0.4086,0.4764,0.3633,0.3161,0.3161
978,52,K52I,K,I,p+,np,0.6968,0.7077,0.4086,0.4764,0.3633,0.4888,0.4888
979,52,K52L,K,L,p+,np,0.6968,0.7077,0.4086,0.4764,0.3633,0.2307,0.2307
980,52,K52M,K,M,p+,np,0.6968,0.7077,0.4086,0.4764,0.3633,0.344,0.344
981,52,K52F,K,F,p+,np,0.6968,0.7077,0.4086,0.4764,0.3633,0.3253,0.3253
982,52,K52P,K,P,p+,np,0.6968,0.7077,0.4086,0.4764,0.3633,0.5772,0.5772
983,52,K52S,K,S,p+,p~,0.6968,0.7077,0.4086,0.4764,0.3633,0.3799,0.3799
984,52,K52T,K,T,p+,p~,0.6968,0.7077,0.4086,0.4764,0.3633,0.4992,0.4992
985,52,K52W,K,W,p+,np,0.6968,0.7077,0.4086,0.4764,0.3633,0.4808,0.4808
986,52,K52Y,K,Y,p+,p~,0.6968,0.7077,0.4086,0.4764,0.3633,0.2928,0.2928
987,52,K52V,K,V,p+,np,0.6968,0.7077,0.4086,0.4764,0.3633,0.4895,0.4895
988,53,A53R,A,R,np,p+,0.6531,0.6659,0.1403,0.7112,0.9568,0.8802,0.8802
989,53,A53N,A,N,np,p~,0.6531,0.6659,0.1403,0.7112,0.9568,0.696,0.696
990,53,A53D,A,D,np,p-,0.6531,0.6659,0.1403,0.7112,0.9568,0.7255,0.7255
991,53,A53C,A,C,np,p~,0.6531,0.6659,0.1403,0.7112,0.9568,0.6597,0.6597
992,53,A53Q,A,Q,np,p~,0.6531,0.6659,0.1403,0.7112,0.9568,0.7005,0.7005
993,53,A53E,A,E,np,p-,0.6531,0.6659,0.1403,0.7112,0.9568,0.7437,0.7437
994,53,A53G,A,G,np,np,0.6531,0.6659,0.1403,0.7112,0.9568,0.3572,0.3572
995,53,A53H,A,H,np,p~,0.6531,0.6659,0.1403,0.7112,0.9568,0.8759,0.8759
996,53,A53I,A,I,np,np,0.6531,0.6659,0.1403,0.7112,0.9568,0.3957,0.3957
997,53,A53L,A,L,np,np,0.6531,0.6659,0.1403,0.7112,0.9568,0.3509,0.3509
998,53,A53K,A,K,np,p+,0.6531,0.6659,0.1403,0.7112,0.9568,0.8917,0.8917
999,53,A53M,A,M,np,np,0.6531,0.6659,0.1403,0.7112,0.9568,0.391,0.391
1000,53,A53F,A,F,np,np,0.6531,0.6659,0.1403,0.7112,0.9568,0.6138,0.6138
1001,53,A53P,A,P,np,np,0.6531,0.6659,0.1403,0.7112,0.9568,0.5042,0.5042
1002,53,A53S,A,S,np,p~,0.6531,0.6659,0.1403,0.7112,0.9568,0.3751,0.3751
1003,53,A53T,A,T,np,p~,0.6531,0.6659,0.1403,0.7112,0.9568,0.2691,0.2691
1004,53,A53W,A,W,np,np,0.6531,0.6659,0.1403,0.7112,0.9568,0.7946,0.7946
1005,53,A53Y,A,Y,np,p~,0.6531,0.6659,0.1403,0.7112,0.9568,0.8029,0.8029
1006,53,A53V,A,V,np,np,0.6531,0.6659,0.1403,0.7112,0.9568,0.339,0.339
1007,54,I54A,I,A,np,np,0.6897,0.7013,0.1658,0.6682,0.8762,0.4403,0.4403
1008,54,I54R,I,R,np,p+,0.6897,0.7013,0.1658,0.6682,0.8762,0.375,0.375
1009,54,I54N,I,N,np,p~,0.6897,0.7013,0.1658,0.6682,0.8762,0.4958,0.4958
1010,54,I54D,I,D,np,p-,0.6897,0.7013,0.1658,0.6682,0.8762,0.6151,0.6151
1011,54,I54C,I,C,np,p~,0.6897,0.7013,0.1658,0.6682,0.8762,0.4754,0.4754
1012,54,I54Q,I,Q,np,p~,0.6897,0.7013,0.1658,0.6682,0.8762,0.4661,0.4661
1013,54,I54E,I,E,np,p-,0.6897,0.7013,0.1658,0.6682,0.8762,0.5672,0.5672
1014,54,I54G,I,G,np,np,0.6897,0.7013,0.1658,0.6682,0.8762,0.5164,0.5164
1015,54,I54H,I,H,np,p~,0.6897,0.7013,0.1658,0.6682,0.8762,0.5477,0.5477
1016,54,I54L,I,L,np,np,0.6897,0.7013,0.1658,0.6682,0.8762,0.2008,0.2008
1017,54,I54K,I,K,np,p+,0.6897,0.7013,0.1658,0.6682,0.8762,0.4357,0.4357
1018,54,I54M,I,M,np,np,0.6897,0.7013,0.1658,0.6682,0.8762,0.3985,0.3985
1019,54,I54F,I,F,np,np,0.6897,0.7013,0.1658,0.6682,0.8762,0.2966,0.2966
1020,54,I54P,I,P,np,np,0.6897,0.7013,0.1658,0.6682,0.8762,0.6103,0.6103
1021,54,I54S,I,S,np,p~,0.6897,0.7013,0.1658,0.6682,0.8762,0.485,0.485
1022,54,I54T,I,T,np,p~,0.6897,0.7013,0.1658,0.6682,0.8762,0.3776,0.3776
1023,54,I54W,I,W,np,np,0.6897,0.7013,0.1658,0.6682,0.8762,0.5234,0.5234
1024,54,I54Y,I,Y,np,p~,0.6897,0.7013,0.1658,0.6682,0.8762,0.448,0.448
1025,54,I54V,I,V,np,np,0.6897,0.7013,0.1658,0.6682,0.8762,0.2796,0.2796
1026,55,D55A,D,A,p-,np,0.71,0.7167,0.081,0.9582,0.9302,0.648,0.648
1027,55,D55R,D,R,p-,p+,0.71,0.7167,0.081,0.9582,0.9302,0.77,0.77
1028,55,D55N,D,N,p-,p~,0.71,0.7167,0.081,0.9582,0.9302,0.4822,0.4822
1029,55,D55C,D,C,p-,p~,0.71,0.7167,0.081,0.9582,0.9302,0.7671,0.7671
1030,55,D55Q,D,Q,p-,p~,0.71,0.7167,0.081,0.9582,0.9302,0.7334,0.7334
1031,55,D55E,D,E,p-,p-,0.71,0.7167,0.081,0.9582,0.9302,0.5515,0.5515
1032,55,D55G,D,G,p-,np,0.71,0.7167,0.081,0.9582,0.9302,0.5322,0.5322
1033,55,D55H,D,H,p-,p~,0.71,0.7167,0.081,0.9582,0.9302,0.6966,0.6966
1034,55,D55I,D,I,p-,np,0.71,0.7167,0.081,0.9582,0.9302,0.7147,0.7147
1035,55,D55L,D,L,p-,np,0.71,0.7167,0.081,0.9582,0.9302,0.7275,0.7275
1036,55,D55K,D,K,p-,p+,0.71,0.7167,0.081,0.9582,0.9302,0.7726,0.7726
1037,55,D55M,D,M,p-,np,0.71,0.7167,0.081,0.9582,0.9302,0.8286,0.8286
1038,55,D55F,D,F,p-,np,0.71,0.7167,0.081,0.9582,0.9302,0.7939,0.7939
1039,55,D55P,D,P,p-,np,0.71,0.7167,0.081,0.9582,0.9302,0.7499,0.7499
1040,55,D55S,D,S,p-,p~,0.71,0.7167,0.081,0.9582,0.9302,0.5993,0.5993
1041,55,D55T,D,T,p-,p~,0.71,0.7167,0.081,0.9582,0.9302,0.6427,0.6427
1042,55,D55W,D,W,p-,np,0.71,0.7167,0.081,0.9582,0.9302,0.8527,0.8527
1043,55,D55Y,D,Y,p-,p~,0.71,0.7167,0.081,0.9582,0.9302,0.6866,0.6866
1044,55,D55V,D,V,p-,np,0.71,0.7167,0.081,0.9582,0.9302,0.6712,0.6712
1045,56,G56A,G,A,np,np,0.6582,0.663,0.1002,0.804,0.7183,0.4657,0.4657
1046,56,G56R,G,R,np,p+,0.6582,0.663,0.1002,0.804,0.7183,0.5045,0.5045
1047,56,G56N,G,N,np,p~,0.6582,0.663,0.1002,0.804,0.7183,0.3015,0.3015
1048,56,G56D,G,D,np,p-,0.6582,0.663,0.1002,0.804,0.7183,0.3682,0.3682
1049,56,G56C,G,C,np,p~,0.6582,0.663,0.1002,0.804,0.7183,0.6467,0.6467
1050,56,G56Q,G,Q,np,p~,0.6582,0.663,0.1002,0.804,0.7183,0.4153,0.4153
1051,56,G56E,G,E,np,p-,0.6582,0.663,0.1002,0.804,0.7183,0.4769,0.4769
1052,56,G56H,G,H,np,p~,0.6582,0.663,0.1002,0.804,0.7183,0.5691,0.5691
1053,56,G56I,G,I,np,np,0.6582,0.663,0.1002,0.804,0.7183,0.7163,0.7163
1054,56,G56L,G,L,np,np,0.6582,0.663,0.1002,0.804,0.7183,0.4943,0.4943
1055,56,G56K,G,K,np,p+,0.6582,0.663,0.1002,0.804,0.7183,0.5015,0.5015
1056,56,G56M,G,M,np,np,0.6582,0.663,0.1002,0.804,0.7183,0.5871,0.5871
1057,56,G56F,G,F,np,np,0.6582,0.663,0.1002,0.804,0.7183,0.544,0.544
1058,56,G56P,G,P,np,np,0.6582,0.663,0.1002,0.804,0.7183,0.6681,0.6681
1059,56,G56S,G,S,np,p~,0.6582,0.663,0.1002,0.804,0.7183,0.3882,0.3882
1060,56,G56T,G,T,np,p~,0.6582,0.663,0.1002,0.804,0.7183,0.485,0.485
1061,56,G56W,G,W,np,np,0.6582,0.663,0.1002,0.804,0.7183,0.576,0.576
1062,56,G56Y,G,Y,np,p~,0.6582,0.663,0.1002,0.804,0.7183,0.5464,0.5464
1063,56,G56V,G,V,np,np,0.6582,0.663,0.1002,0.804,0.7183,0.6593,0.6593
1064,57,N57A,N,A,p~,np,0.6556,0.6632,0.2259,0.4606,0.3889,0.4082,0.4082
1065,57,N57R,N,R,p~,p+,0.6556,0.6632,0.2259,0.4606,0.3889,0.3519,0.3519
1066,57,N57D,N,D,p~,p-,0.6556,0.6632,0.2259,0.4606,0.3889,0.2696,0.2696
1067,57,N57C,N,C,p~,p~,0.6556,0.6632,0.2259,0.4606,0.3889,0.6692,0.6692
1068,57,N57Q,N,Q,p~,p~,0.6556,0.6632,0.2259,0.4606,0.3889,0.3871,0.3871
1069,57,N57E,N,E,p~,p-,0.6556,0.6632,0.2259,0.4606,0.3889,0.4804,0.4804
1070,57,N57G,N,G,p~,np,0.6556,0.6632,0.2259,0.4606,0.3889,0.5067,0.5067
1071,57,N57H,N,H,p~,p~,0.6556,0.6632,0.2259,0.4606,0.3889,0.4902,0.4902
1072,57,N57I,N,I,p~,np,0.6556,0.6632,0.2259,0.4606,0.3889,0.4301,0.4301
1073,57,N57L,N,L,p~,np,0.6556,0.6632,0.2259,0.4606,0.3889,0.4157,0.4157
1074,57,N57K,N,K,p~,p+,0.6556,0.6632,0.2259,0.4606,0.3889,0.2848,0.2848
1075,57,N57M,N,M,p~,np,0.6556,0.6632,0.2259,0.4606,0.3889,0.5373,0.5373
1076,57,N57F,N,F,p~,np,0.6556,0.6632,0.2259,0.4606,0.3889,0.4989,0.4989
1077,57,N57P,N,P,p~,np,0.6556,0.6632,0.2259,0.4606,0.3889,0.6748,0.6748
1078,57,N57S,N,S,p~,p~,0.6556,0.6632,0.2259,0.4606,0.3889,0.2617,0.2617
1079,57,N57T,N,T,p~,p~,0.6556,0.6632,0.2259,0.4606,0.3889,0.4159,0.4159
1080,57,N57W,N,W,p~,np,0.6556,0.6632,0.2259,0.4606,0.3889,0.5683,0.5683
1081,57,N57Y,N,Y,p~,p~,0.6556,0.6632,0.2259,0.4606,0.3889,0.4931,0.4931
1082,57,N57V,N,V,p~,np,0.6556,0.6632,0.2259,0.4606,0.3889,0.4042,0.4042
1083,58,K58A,K,A,p+,np,0.5318,0.5386,0.6955,0.2627,0.1882,0.1303,0.1303
1084,58,K58R,K,R,p+,p+,0.5318,0.5386,0.6955,0.2627,0.1882,0.2451,0.2451
1085,58,K58N,K,N,p+,p~,0.5318,0.5386,0.6955,0.2627,0.1882,0.215,0.215
1086,58,K58D,K,D,p+,p-,0.5318,0.5386,0.6955,0.2627,0.1882,0.306,0.306
1087,58,K58C,K,C,p+,p~,0.5318,0.5386,0.6955,0.2627,0.1882,0.5668,0.5668
1088,58,K58Q,K,Q,p+,p~,0.5318,0.5386,0.6955,0.2627,0.1882,0.2142,0.2142
1089,58,K58E,K,E,p+,p-,0.5318,0.5386,0.6955,0.2627,0.1882,0.287,0.287
1090,58,K58G,K,G,p+,np,0.5318,0.5386,0.6955,0.2627,0.1882,0.2246,0.2246
1091,58,K58H,K,H,p+,p~,0.5318,0.5386,0.6955,0.2627,0.1882,0.3909,0.3909
1092,58,K58I,K,I,p+,np,0.5318,0.5386,0.6955,0.2627,0.1882,0.2712,0.2712
1093,58,K58L,K,L,p+,np,0.5318,0.5386,0.6955,0.2627,0.1882,0.2553,0.2553
1094,58,K58M,K,M,p+,np,0.5318,0.5386,0.6955,0.2627,0.1882,0.3842,0.3842
1095,58,K58F,K,F,p+,np,0.5318,0.5386,0.6955,0.2627,0.1882,0.3743,0.3743
1096,58,K58P,K,P,p+,np,0.5318,0.5386,0.6955,0.2627,0.1882,0.0704,0.0704
1097,58,K58S,K,S,p+,p~,0.5318,0.5386,0.6955,0.2627,0.1882,0.1395,0.1395
1098,58,K58T,K,T,p+,p~,0.5318,0.5386,0.6955,0.2627,0.1882,0.11,0.11
1099,58,K58W,K,W,p+,np,0.5318,0.5386,0.6955,0.2627,0.1882,0.4649,0.4649
1100,58,K58Y,K,Y,p+,p~,0.5318,0.5386,0.6955,0.2627,0.1882,0.4014,0.4014
1101,58,K58V,K,V,p+,np,0.5318,0.5386,0.6955,0.2627,0.1882,0.2153,0.2153
1102,59,D59A,D,A,p-,np,0.6346,0.6415,0.4618,0.347,0.2881,0.2249,0.2249
1103,59,D59R,D,R,p-,p+,0.6346,0.6415,0.4618,0.347,0.2881,0.4673,0.4673
1104,59,D59N,D,N,p-,p~,0.6346,0.6415,0.4618,0.347,0.2881,0.1447,0.1447
1105,59,D59C,D,C,p-,p~,0.6346,0.6415,0.4618,0.347,0.2881,0.6017,0.6017
1106,59,D59Q,D,Q,p-,p~,0.6346,0.6415,0.4618,0.347,0.2881,0.3245,0.3245
1107,59,D59E,D,E,p-,p-,0.6346,0.6415,0.4618,0.347,0.2881,0.3237,0.3237
1108,59,D59G,D,G,p-,np,0.6346,0.6415,0.4618,0.347,0.2881,0.203,0.203
1109,59,D59H,D,H,p-,p~,0.6346,0.6415,0.4618,0.347,0.2881,0.4507,0.4507
1110,59,D59I,D,I,p-,np,0.6346,0.6415,0.4618,0.347,0.2881,0.5147,0.5147
1111,59,D59L,D,L,p-,np,0.6346,0.6415,0.4618,0.347,0.2881,0.3756,0.3756
1112,59,D59K,D,K,p-,p+,0.6346,0.6415,0.4618,0.347,0.2881,0.4368,0.4368
1113,59,D59M,D,M,p-,np,0.6346,0.6415,0.4618,0.347,0.2881,0.5324,0.5324
1114,59,D59F,D,F,p-,np,0.6346,0.6415,0.4618,0.347,0.2881,0.4365,0.4365
1115,59,D59P,D,P,p-,np,0.6346,0.6415,0.4618,0.347,0.2881,0.5668,0.5668
1116,59,D59S,D,S,p-,p~,0.6346,0.6415,0.4618,0.347,0.2881,0.1543,0.1543
1117,59,D59T,D,T,p-,p~,0.6346,0.6415,0.4618,0.347,0.2881,0.278,0.278
1118,59,D59W,D,W,p-,np,0.6346,0.6415,0.4618,0.347,0.2881,0.4772,0.4772
1119,59,D59Y,D,Y,p-,p~,0.6346,0.6415,0.4618,0.347,0.2881,0.36,0.36
1120,59,D59V,D,V,p-,np,0.6346,0.6415,0.4618,0.347,0.2881,0.4603,0.4603
1121,60,T60A,T,A,p~,np,0.6692,0.6806,0.0971,0.8239,0.8826,0.5477,0.5477
1122,60,T60R,T,R,p~,p+,0.6692,0.6806,0.0971,0.8239,0.8826,0.5757,0.5757
1123,60,T60N,T,N,p~,p~,0.6692,0.6806,0.0971,0.8239,0.8826,0.4771,0.4771
1124,60,T60D,T,D,p~,p-,0.6692,0.6806,0.0971,0.8239,0.8826,0.5529,0.5529
1125,60,T60C,T,C,p~,p~,0.6692,0.6806,0.0971,0.8239,0.8826,0.8128,0.8128
1126,60,T60Q,T,Q,p~,p~,0.6692,0.6806,0.0971,0.8239,0.8826,0.6222,0.6222
1127,60,T60E,T,E,p~,p-,0.6692,0.6806,0.0971,0.8239,0.8826,0.6432,0.6432
1128,60,T60G,T,G,p~,np,0.6692,0.6806,0.0971,0.8239,0.8826,0.5033,0.5033
1129,60,T60H,T,H,p~,p~,0.6692,0.6806,0.0971,0.8239,0.8826,0.646,0.646
1130,60,T60I,T,I,p~,np,0.6692,0.6806,0.0971,0.8239,0.8826,0.6322,0.6322
1131,60,T60L,T,L,p~,np,0.6692,0.6806,0.0971,0.8239,0.8826,0.665,0.665
1132,60,T60K,T,K,p~,p+,0.6692,0.6806,0.0971,0.8239,0.8826,0.5683,0.5683
1133,60,T60M,T,M,p~,np,0.6692,0.6806,0.0971,0.8239,0.8826,0.6324,0.6324
1134,60,T60F,T,F,p~,np,0.6692,0.6806,0.0971,0.8239,0.8826,0.6625,0.6625
1135,60,T60P,T,P,p~,np,0.6692,0.6806,0.0971,0.8239,0.8826,0.6671,0.6671
1136,60,T60S,T,S,p~,p~,0.6692,0.6806,0.0971,0.8239,0.8826,0.2887,0.2887
1137,60,T60W,T,W,p~,np,0.6692,0.6806,0.0971,0.8239,0.8826,0.7023,0.7023
1138,60,T60Y,T,Y,p~,p~,0.6692,0.6806,0.0971,0.8239,0.8826,0.6495,0.6495
1139,60,T60V,T,V,p~,np,0.6692,0.6806,0.0971,0.8239,0.8826,0.6459,0.6459
1140,61,F61A,F,A,np,np,0.6655,0.6797,0.2537,0.3935,0.4953,0.4792,0.4792
1141,61,F61R,F,R,np,p+,0.6655,0.6797,0.2537,0.3935,0.4953,0.4299,0.4299
1142,61,F61N,F,N,np,p~,0.6655,0.6797,0.2537,0.3935,0.4953,0.4639,0.4639
1143,61,F61D,F,D,np,p-,0.6655,0.6797,0.2537,0.3935,0.4953,0.5574,0.5574
1144,61,F61C,F,C,np,p~,0.6655,0.6797,0.2537,0.3935,0.4953,0.613,0.613
1145,61,F61Q,F,Q,np,p~,0.6655,0.6797,0.2537,0.3935,0.4953,0.4298,0.4298
1146,61,F61E,F,E,np,p-,0.6655,0.6797,0.2537,0.3935,0.4953,0.5389,0.5389
1147,61,F61G,F,G,np,np,0.6655,0.6797,0.2537,0.3935,0.4953,0.5358,0.5358
1148,61,F61H,F,H,np,p~,0.6655,0.6797,0.2537,0.3935,0.4953,0.4013,0.4013
1149,61,F61I,F,I,np,np,0.6655,0.6797,0.2537,0.3935,0.4953,0.2063,0.2063
1150,61,F61L,F,L,np,np,0.6655,0.6797,0.2537,0.3935,0.4953,0.2963,0.2963
1151,61,F61K,F,K,np,p+,0.6655,0.6797,0.2537,0.3935,0.4953,0.3778,0.3778
1152,61,F61M,F,M,np,np,0.6655,0.6797,0.2537,0.3935,0.4953,0.2742,0.2742
1153,61,F61P,F,P,np,np,0.6655,0.6797,0.2537,0.3935,0.4953,0.6018,0.6018
1154,61,F61S,F,S,np,p~,0.6655,0.6797,0.2537,0.3935,0.4953,0.4564,0.4564
1155,61,F61T,F,T,np,p~,0.6655,0.6797,0.2537,0.3935,0.4953,0.4531,0.4531
1156,61,F61W,F,W,np,np,0.6655,0.6797,0.2537,0.3935,0.4953,0.446,0.446
1157,61,F61Y,F,Y,np,p~,0.6655,0.6797,0.2537,0.3935,0.4953,0.255,0.255
1158,61,F61V,F,V,np,np,0.6655,0.6797,0.2537,0.3935,0.4953,0.3893,0.3893
1159,62,W62A,W,A,np,np,0.686,0.7025,0.081,0.9636,0.9504,0.6701,0.6701
1160,62,W62R,W,R,np,p+,0.686,0.7025,0.081,0.9636,0.9504,0.6256,0.6256
1161,62,W62N,W,N,np,p~,0.686,0.7025,0.081,0.9636,0.9504,0.67,0.67
1162,62,W62D,W,D,np,p-,0.686,0.7025,0.081,0.9636,0.9504,0.78,0.78
1163,62,W62C,W,C,np,p~,0.686,0.7025,0.081,0.9636,0.9504,0.6381,0.6381
1164,62,W62Q,W,Q,np,p~,0.686,0.7025,0.081,0.9636,0.9504,0.6879,0.6879
1165,62,W62E,W,E,np,p-,0.686,0.7025,0.081,0.9636,0.9504,0.786,0.786
1166,62,W62G,W,G,np,np,0.686,0.7025,0.081,0.9636,0.9504,0.5899,0.5899
1167,62,W62H,W,H,np,p~,0.686,0.7025,0.081,0.9636,0.9504,0.5954,0.5954
1168,62,W62I,W,I,np,np,0.686,0.7025,0.081,0.9636,0.9504,0.6554,0.6554
1169,62,W62L,W,L,np,np,0.686,0.7025,0.081,0.9636,0.9504,0.6112,0.6112
1170,62,W62K,W,K,np,p+,0.686,0.7025,0.081,0.9636,0.9504,0.7609,0.7609
1171,62,W62M,W,M,np,np,0.686,0.7025,0.081,0.9636,0.9504,0.6496,0.6496
1172,62,W62F,W,F,np,np,0.686,0.7025,0.081,0.9636,0.9504,0.3595,0.3595
1173,62,W62P,W,P,np,np,0.686,0.7025,0.081,0.9636,0.9504,0.8026,0.8026
1174,62,W62S,W,S,np,p~,0.686,0.7025,0.081,0.9636,0.9504,0.6045,0.6045
1175,62,W62T,W,T,np,p~,0.686,0.7025,0.081,0.9636,0.9504,0.6588,0.6588
1176,62,W62Y,W,Y,np,p~,0.686,0.7025,0.081,0.9636,0.9504,0.3764,0.3764
1177,62,W62V,W,V,np,np,0.686,0.7025,0.081,0.9636,0.9504,0.6527,0.6527
1178,63,H63A,H,A,p~,np,0.7065,0.7236,0.1396,0.634,0.4762,0.4622,0.4622
1179,63,H63R,H,R,p~,p+,0.7065,0.7236,0.1396,0.634,0.4762,0.5435,0.5435
1180,63,H63N,H,N,p~,p~,0.7065,0.7236,0.1396,0.634,0.4762,0.5021,0.5021
1181,63,H63D,H,D,p~,p-,0.7065,0.7236,0.1396,0.634,0.4762,0.4848,0.4848
1182,63,H63C,H,C,p~,p~,0.7065,0.7236,0.1396,0.634,0.4762,0.6382,0.6382
1183,63,H63Q,H,Q,p~,p~,0.7065,0.7236,0.1396,0.634,0.4762,0.4407,0.4407
1184,63,H63E,H,E,p~,p-,0.7065,0.7236,0.1396,0.634,0.4762,0.4776,0.4776
1185,63,H63G,H,G,p~,np,0.7065,0.7236,0.1396,0.634,0.4762,0.4272,0.4272
1186,63,H63I,H,I,p~,np,0.7065,0.7236,0.1396,0.634,0.4762,0.5999,0.5999
1187,63,H63L,H,L,p~,np,0.7065,0.7236,0.1396,0.634,0.4762,0.5673,0.5673
1188,63,H63K,H,K,p~,p+,0.7065,0.7236,0.1396,0.634,0.4762,0.5947,0.5947
1189,63,H63M,H,M,p~,np,0.7065,0.7236,0.1396,0.634,0.4762,0.5772,0.5772
1190,63,H63F,H,F,p~,np,0.7065,0.7236,0.1396,0.634,0.4762,0.6191,0.6191
1191,63,H63P,H,P,p~,np,0.7065,0.7236,0.1396,0.634,0.4762,0.6901,0.6901
1192,63,H63S,H,S,p~,p~,0.7065,0.7236,0.1396,0.634,0.4762,0.4479,0.4479
1193,63,H63T,H,T,p~,p~,0.7065,0.7236,0.1396,0.634,0.4762,0.5178,0.5178
1194,63,H63W,H,W,p~,np,0.7065,0.7236,0.1396,0.634,0.4762,0.6278,0.6278
1195,63,H63Y,H,Y,p~,p~,0.7065,0.7236,0.1396,0.634,0.4762,0.6083,0.6083
1196,63,H63V,H,V,p~,np,0.7065,0.7236,0.1396,0.634,0.4762,0.5385,0.5385
1197,64,T64A,T,A,p~,np,0.731,0.75,0.1372,0.7343,0.9536,0.4454,0.4454
1198,64,T64R,T,R,p~,p+,0.731,0.75,0.1372,0.7343,0.9536,0.6684,0.6684
1199,64,T64N,T,N,p~,p~,0.731,0.75,0.1372,0.7343,0.9536,0.503,0.503
1200,64,T64D,T,D,p~,p-,0.731,0.75,0.1372,0.7343,0.9536,0.5597,0.5597
1201,64,T64C,T,C,p~,p~,0.731,0.75,0.1372,0.7343,0.9536,0.5501,0.5501
1202,64,T64Q,T,Q,p~,p~,0.731,0.75,0.1372,0.7343,0.9536,0.6566,0.6566
1203,64,T64E,T,E,p~,p-,0.731,0.75,0.1372,0.7343,0.9536,0.6738,0.6738
1204,64,T64G,T,G,p~,np,0.731,0.75,0.1372,0.7343,0.9536,0.4607,0.4607
1205,64,T64H,T,H,p~,p~,0.731,0.75,0.1372,0.7343,0.9536,0.6512,0.6512
1206,64,T64I,T,I,p~,np,0.731,0.75,0.1372,0.7343,0.9536,0.6003,0.6003
1207,64,T64L,T,L,p~,np,0.731,0.75,0.1372,0.7343,0.9536,0.6615,0.6615
1208,64,T64K,T,K,p~,p+,0.731,0.75,0.1372,0.7343,0.9536,0.7151,0.7151
1209,64,T64M,T,M,p~,np,0.731,0.75,0.1372,0.7343,0.9536,0.6352,0.6352
1210,64,T64F,T,F,p~,np,0.731,0.75,0.1372,0.7343,0.9536,0.6932,0.6932
1211,64,T64P,T,P,p~,np,0.731,0.75,0.1372,0.7343,0.9536,0.5746,0.5746
1212,64,T64S,T,S,p~,p~,0.731,0.75,0.1372,0.7343,0.9536,0.1986,0.1986
1213,64,T64W,T,W,p~,np,0.731,0.75,0.1372,0.7343,0.9536,0.7487,0.7487
1214,64,T64Y,T,Y,p~,p~,0.731,0.75,0.1372,0.7343,0.9536,0.6917,0.6917
1215,64,T64V,T,V,p~,np,0.731,0.75,0.1372,0.7343,0.9536,0.583,0.583
1216,65,F65A,F,A,np,np,0.7963,0.8132,0.4988,0.2352,0.0832,-0.0743,-0.0743
1217,65,F65R,F,R,np,p+,0.7963,0.8132,0.4988,0.2352,0.0832,-0.0504,-0.0504
1218,65,F65N,F,N,np,p~,0.7963,0.8132,0.4988,0.2352,0.0832,-0.084,-0.084
1219,65,F65D,F,D,np,p-,0.7963,0.8132,0.4988,0.2352,0.0832,0.0398,0.0398
1220,65,F65C,F,C,np,p~,0.7963,0.8132,0.4988,0.2352,0.0832,0.2282,0.2282
1221,65,F65Q,F,Q,np,p~,0.7963,0.8132,0.4988,0.2352,0.0832,-0.0784,-0.0784
1222,65,F65E,F,E,np,p-,0.7963,0.8132,0.4988,0.2352,0.0832,0.0218,0.0218
1223,65,F65G,F,G,np,np,0.7963,0.8132,0.4988,0.2352,0.0832,0.0767,0.0767
1224,65,F65H,F,H,np,p~,0.7963,0.8132,0.4988,0.2352,0.0832,0.0771,0.0771
1225,65,F65I,F,I,np,np,0.7963,0.8132,0.4988,0.2352,0.0832,0.1045,0.1045
1226,65,F65L,F,L,np,np,0.7963,0.8132,0.4988,0.2352,0.0832,0.0758,0.0758
1227,65,F65K,F,K,np,p+,0.7963,0.8132,0.4988,0.2352,0.0832,-0.0567,-0.0567
1228,65,F65M,F,M,np,np,0.7963,0.8132,0.4988,0.2352,0.0832,0.0709,0.0709
1229,65,F65P,F,P,np,np,0.7963,0.8132,0.4988,0.2352,0.0832,-0.009,-0.009
1230,65,F65S,F,S,np,p~,0.7963,0.8132,0.4988,0.2352,0.0832,0.0005,0.0005
1231,65,F65T,F,T,np,p~,0.7963,0.8132,0.4988,0.2352,0.0832,0.0489,0.0489
1232,65,F65W,F,W,np,np,0.7963,0.8132,0.4988,0.2352,0.0832,0.1666,0.1666
1233,65,F65Y,F,Y,np,p~,0.7963,0.8132,0.4988,0.2352,0.0832,0.1291,0.1291
1234,65,F65V,F,V,np,np,0.7963,0.8132,0.4988,0.2352,0.0832,0.0639,0.0639
1235,66,Y66A,Y,A,p~,np,0.7856,0.8003,0.485,0.4496,0.5126,0.518,0.518
1236,66,Y66R,Y,R,p~,p+,0.7856,0.8003,0.485,0.4496,0.5126,0.5859,0.5859
1237,66,Y66N,Y,N,p~,p~,0.7856,0.8003,0.485,0.4496,0.5126,0.5257,0.5257
1238,66,Y66D,Y,D,p~,p-,0.7856,0.8003,0.485,0.4496,0.5126,0.5554,0.5554
1239,66,Y66C,Y,C,p~,p~,0.7856,0.8003,0.485,0.4496,0.5126,0.6626,0.6626
1240,66,Y66Q,Y,Q,p~,p~,0.7856,0.8003,0.485,0.4496,0.5126,0.5724,0.5724
1241,66,Y66E,Y,E,p~,p-,0.7856,0.8003,0.485,0.4496,0.5126,0.6281,0.6281
1242,66,Y66G,Y,G,p~,np,0.7856,0.8003,0.485,0.4496,0.5126,0.5614,0.5614
1243,66,Y66H,Y,H,p~,p~,0.7856,0.8003,0.485,0.4496,0.5126,0.4295,0.4295
1244,66,Y66I,Y,I,p~,np,0.7856,0.8003,0.485,0.4496,0.5126,0.5941,0.5941
1245,66,Y66L,Y,L,p~,np,0.7856,0.8003,0.485,0.4496,0.5126,0.5378,0.5378
1246,66,Y66K,Y,K,p~,p+,0.7856,0.8003,0.485,0.4496,0.5126,0.6183,0.6183
1247,66,Y66M,Y,M,p~,np,0.7856,0.8003,0.485,0.4496,0.5126,0.6421,0.6421
1248,66,Y66F,Y,F,p~,np,0.7856,0.8003,0.485,0.4496,0.5126,0.3848,0.3848
1249,66,Y66P,Y,P,p~,np,0.7856,0.8003,0.485,0.4496,0.5126,0.5835,0.5835
1250,66,Y66S,Y,S,p~,p~,0.7856,0.8003,0.485,0.4496,0.5126,0.5261,0.5261
1251,66,Y66T,Y,T,p~,p~,0.7856,0.8003,0.485,0.4496,0.5126,0.5503,0.5503
1252,66,Y66W,Y,W,p~,np,0.7856,0.8003,0.485,0.4496,0.5126,0.2583,0.2583
1253,66,Y66V,Y,V,p~,np,0.7856,0.8003,0.485,0.4496,0.5126,0.5542,0.5542
1254,67,G67A,G,A,np,np,0.8467,0.8606,0.3192,0.2989,0.2027,0.1942,0.1942
1255,67,G67R,G,R,np,p+,0.8467,0.8606,0.3192,0.2989,0.2027,0.2852,0.2852
1256,67,G67N,G,N,np,p~,0.8467,0.8606,0.3192,0.2989,0.2027,0.1726,0.1726
1257,67,G67D,G,D,np,p-,0.8467,0.8606,0.3192,0.2989,0.2027,0.2244,0.2244
1258,67,G67C,G,C,np,p~,0.8467,0.8606,0.3192,0.2989,0.2027,0.5377,0.5377
1259,67,G67Q,G,Q,np,p~,0.8467,0.8606,0.3192,0.2989,0.2027,0.1841,0.1841
1260,67,G67E,G,E,np,p-,0.8467,0.8606,0.3192,0.2989,0.2027,0.2667,0.2667
1261,67,G67H,G,H,np,p~,0.8467,0.8606,0.3192,0.2989,0.2027,0.362,0.362
1262,67,G67I,G,I,np,np,0.8467,0.8606,0.3192,0.2989,0.2027,0.3415,0.3415
1263,67,G67L,G,L,np,np,0.8467,0.8606,0.3192,0.2989,0.2027,0.336,0.336
1264,67,G67K,G,K,np,p+,0.8467,0.8606,0.3192,0.2989,0.2027,0.2448,0.2448
1265,67,G67M,G,M,np,np,0.8467,0.8606,0.3192,0.2989,0.2027,0.428,0.428
1266,67,G67F,G,F,np,np,0.8467,0.8606,0.3192,0.2989,0.2027,0.3742,0.3742
1267,67,G67P,G,P,np,np,0.8467,0.8606,0.3192,0.2989,0.2027,0.2875,0.2875
1268,67,G67S,G,S,np,p~,0.8467,0.8606,0.3192,0.2989,0.2027,0.0907,0.0907
1269,67,G67T,G,T,np,p~,0.8467,0.8606,0.3192,0.2989,0.2027,0.1632,0.1632
1270,67,G67W,G,W,np,np,0.8467,0.8606,0.3192,0.2989,0.2027,0.3797,0.3797
1271,67,G67Y,G,Y,np,p~,0.8467,0.8606,0.3192,0.2989,0.2027,0.3672,0.3672
1272,67,G67V,G,V,np,np,0.8467,0.8606,0.3192,0.2989,0.2027,0.246,0.246
1273,68,A68R,A,R,np,p+,0.9091,0.9207,0.1157,0.8957,0.8336,0.3057,0.3057
1274,68,A68N,A,N,np,p~,0.9091,0.9207,0.1157,0.8957,0.8336,0.2063,0.2063
1275,68,A68D,A,D,np,p-,0.9091,0.9207,0.1157,0.8957,0.8336,0.2414,0.2414
1276,68,A68C,A,C,np,p~,0.9091,0.9207,0.1157,0.8957,0.8336,0.5134,0.5134
1277,68,A68Q,A,Q,np,p~,0.9091,0.9207,0.1157,0.8957,0.8336,0.219,0.219
1278,68,A68E,A,E,np,p-,0.9091,0.9207,0.1157,0.8957,0.8336,0.2634,0.2634
1279,68,A68G,A,G,np,np,0.9091,0.9207,0.1157,0.8957,0.8336,0.1336,0.1336
1280,68,A68H,A,H,np,p~,0.9091,0.9207,0.1157,0.8957,0.8336,0.3448,0.3448
1281,68,A68I,A,I,np,np,0.9091,0.9207,0.1157,0.8957,0.8336,0.3145,0.3145
1282,68,A68L,A,L,np,np,0.9091,0.9207,0.1157,0.8957,0.8336,0.3071,0.3071
1283,68,A68K,A,K,np,p+,0.9091,0.9207,0.1157,0.8957,0.8336,0.2897,0.2897
1284,68,A68M,A,M,np,np,0.9091,0.9207,0.1157,0.8957,0.8336,0.4265,0.4265
1285,68,A68F,A,F,np,np,0.9091,0.9207,0.1157,0.8957,0.8336,0.3508,0.3508
1286,68,A68P,A,P,np,np,0.9091,0.9207,0.1157,0.8957,0.8336,0.121,0.121
1287,68,A68S,A,S,np,p~,0.9091,0.9207,0.1157,0.8957,0.8336,0.1517,0.1517
1288,68,A68T,A,T,np,p~,0.9091,0.9207,0.1157,0.8957,0.8336,0.206,0.206
1289,68,A68W,A,W,np,np,0.9091,0.9207,0.1157,0.8957,0.8336,0.3741,0.3741
1290,68,A68Y,A,Y,np,p~,0.9091,0.9207,0.1157,0.8957,0.8336,0.3336,0.3336
1291,68,A68V,A,V,np,np,0.9091,0.9207,0.1157,0.8957,0.8336,0.2509,0.2509
1292,69,N69A,N,A,p~,np,0.8958,0.9088,0.4279,0.4053,0.3638,0.18,0.18
1293,69,N69R,N,R,p~,p+,0.8958,0.9088,0.4279,0.4053,0.3638,0.322,0.322
1294,69,N69D,N,D,p~,p-,0.8958,0.9088,0.4279,0.4053,0.3638,0.2201,0.2201
1295,69,N69C,N,C,p~,p~,0.8958,0.9088,0.4279,0.4053,0.3638,0.4889,0.4889
1296,69,N69Q,N,Q,p~,p~,0.8958,0.9088,0.4279,0.4053,0.3638,0.2366,0.2366
1297,69,N69E,N,E,p~,p-,0.8958,0.9088,0.4279,0.4053,0.3638,0.2665,0.2665
1298,69,N69G,N,G,p~,np,0.8958,0.9088,0.4279,0.4053,0.3638,0.1218,0.1218
1299,69,N69H,N,H,p~,p~,0.8958,0.9088,0.4279,0.4053,0.3638,0.3281,0.3281
1300,69,N69I,N,I,p~,np,0.8958,0.9088,0.4279,0.4053,0.3638,0.3076,0.3076
1301,69,N69L,N,L,p~,np,0.8958,0.9088,0.4279,0.4053,0.3638,0.2832,0.2832
1302,69,N69K,N,K,p~,p+,0.8958,0.9088,0.4279,0.4053,0.3638,0.2921,0.2921
1303,69,N69M,N,M,p~,np,0.8958,0.9088,0.4279,0.4053,0.3638,0.4059,0.4059
1304,69,N69F,N,F,p~,np,0.8958,0.9088,0.4279,0.4053,0.3638,0.3124,0.3124
1305,69,N69P,N,P,p~,np,0.8958,0.9088,0.4279,0.4053,0.3638,0.1853,0.1853
1306,69,N69S,N,S,p~,p~,0.8958,0.9088,0.4279,0.4053,0.3638,0.1415,0.1415
1307,69,N69T,N,T,p~,p~,0.8958,0.9088,0.4279,0.4053,0.3638,0.1798,0.1798
1308,69,N69W,N,W,p~,np,0.8958,0.9088,0.4279,0.4053,0.3638,0.3422,0.3422
1309,69,N69Y,N,Y,p~,p~,0.8958,0.9088,0.4279,0.4053,0.3638,0.2831,0.2831
1310,69,N69V,N,V,p~,np,0.8958,0.9088,0.4279,0.4053,0.3638,0.2447,0.2447
1311,70,G70A,G,A,np,np,0.8485,0.8642,0.4472,0.4783,0.4488,0.2394,0.2394
1312,70,G70R,G,R,np,p+,0.8485,0.8642,0.4472,0.4783,0.4488,0.2725,0.2725
1313,70,G70N,G,N,np,p~,0.8485,0.8642,0.4472,0.4783,0.4488,0.2132,0.2132
1314,70,G70D,G,D,np,p-,0.8485,0.8642,0.4472,0.4783,0.4488,0.3114,0.3114
1315,70,G70C,G,C,np,p~,0.8485,0.8642,0.4472,0.4783,0.4488,0.4917,0.4917
1316,70,G70Q,G,Q,np,p~,0.8485,0.8642,0.4472,0.4783,0.4488,0.2474,0.2474
1317,70,G70E,G,E,np,p-,0.8485,0.8642,0.4472,0.4783,0.4488,0.3294,0.3294
1318,70,G70H,G,H,np,p~,0.8485,0.8642,0.4472,0.4783,0.4488,0.2967,0.2967
1319,70,G70I,G,I,np,np,0.8485,0.8642,0.4472,0.4783,0.4488,0.3141,0.3141
1320,70,G70L,G,L,np,np,0.8485,0.8642,0.4472,0.4783,0.4488,0.313,0.313
1321,70,G70K,G,K,np,p+,0.8485,0.8642,0.4472,0.4783,0.4488,0.263,0.263
1322,70,G70M,G,M,np,np,0.8485,0.8642,0.4472,0.4783,0.4488,0.4248,0.4248
1323,70,G70F,G,F,np,np,0.8485,0.8642,0.4472,0.4783,0.4488,0.3473,0.3473
1324,70,G70P,G,P,np,np,0.8485,0.8642,0.4472,0.4783,0.4488,0.1734,0.1734
1325,70,G70S,G,S,np,p~,0.8485,0.8642,0.4472,0.4783,0.4488,0.2122,0.2122
1326,70,G70T,G,T,np,p~,0.8485,0.8642,0.4472,0.4783,0.4488,0.2145,0.2145
1327,70,G70W,G,W,np,np,0.8485,0.8642,0.4472,0.4783,0.4488,0.3834,0.3834
1328,70,G70Y,G,Y,np,p~,0.8485,0.8642,0.4472,0.4783,0.4488,0.316,0.316
1329,70,G70V,G,V,np,np,0.8485,0.8642,0.4472,0.4783,0.4488,0.2534,0.2534
1330,71,D71A,D,A,p-,np,0.8049,0.8238,0.6338,0.4014,0.3186,0.1697,0.1697
1331,71,D71R,D,R,p-,p+,0.8049,0.8238,0.6338,0.4014,0.3186,0.2991,0.2991
1332,71,D71N,D,N,p-,p~,0.8049,0.8238,0.6338,0.4014,0.3186,0.165,0.165
1333,71,D71C,D,C,p-,p~,0.8049,0.8238,0.6338,0.4014,0.3186,0.4261,0.4261
1334,71,D71Q,D,Q,p-,p~,0.8049,0.8238,0.6338,0.4014,0.3186,0.1791,0.1791
1335,71,D71E,D,E,p-,p-,0.8049,0.8238,0.6338,0.4014,0.3186,0.2144,0.2144
1336,71,D71G,D,G,p-,np,0.8049,0.8238,0.6338,0.4014,0.3186,0.1776,0.1776
1337,71,D71H,D,H,p-,p~,0.8049,0.8238,0.6338,0.4014,0.3186,0.3197,0.3197
1338,71,D71I,D,I,p-,np,0.8049,0.8238,0.6338,0.4014,0.3186,0.2323,0.2323
1339,71,D71L,D,L,p-,np,0.8049,0.8238,0.6338,0.4014,0.3186,0.2355,0.2355
1340,71,D71K,D,K,p-,p+,0.8049,0.8238,0.6338,0.4014,0.3186,0.2662,0.2662
1341,71,D71M,D,M,p-,np,0.8049,0.8238,0.6338,0.4014,0.3186,0.3525,0.3525
1342,71,D71F,D,F,p-,np,0.8049,0.8238,0.6338,0.4014,0.3186,0.281,0.281
1343,71,D71P,D,P,p-,np,0.8049,0.8238,0.6338,0.4014,0.3186,0.2485,0.2485
1344,71,D71S,D,S,p-,p~,0.8049,0.8238,0.6338,0.4014,0.3186,0.165,0.165
1345,71,D71T,D,T,p-,p~,0.8049,0.8238,0.6338,0.4014,0.3186,0.1489,0.1489
1346,71,D71W,D,W,p-,np,0.8049,0.8238,0.6338,0.4014,0.3186,0.3179,0.3179
1347,71,D71Y,D,Y,p-,p~,0.8049,0.8238,0.6338,0.4014,0.3186,0.2524,0.2524
1348,71,D71V,D,V,p-,np,0.8049,0.8238,0.6338,0.4014,0.3186,0.1763,0.1763
1349,72,P72A,P,A,np,np,0.7693,0.7893,0.3724,0.4247,0.2521,0.2074,0.2074
1350,72,P72R,P,R,np,p+,0.7693,0.7893,0.3724,0.4247,0.2521,0.2725,0.2725
1351,72,P72N,P,N,np,p~,0.7693,0.7893,0.3724,0.4247,0.2521,0.2416,0.2416
1352,72,P72D,P,D,np,p-,0.7693,0.7893,0.3724,0.4247,0.2521,0.3296,0.3296
1353,72,P72C,P,C,np,p~,0.7693,0.7893,0.3724,0.4247,0.2521,0.4912,0.4912
1354,72,P72Q,P,Q,np,p~,0.7693,0.7893,0.3724,0.4247,0.2521,0.2584,0.2584
1355,72,P72E,P,E,np,p-,0.7693,0.7893,0.3724,0.4247,0.2521,0.3487,0.3487
1356,72,P72G,P,G,np,np,0.7693,0.7893,0.3724,0.4247,0.2521,0.2315,0.2315
1357,72,P72H,P,H,np,p~,0.7693,0.7893,0.3724,0.4247,0.2521,0.3276,0.3276
1358,72,P72I,P,I,np,np,0.7693,0.7893,0.3724,0.4247,0.2521,0.2759,0.2759
1359,72,P72L,P,L,np,np,0.7693,0.7893,0.3724,0.4247,0.2521,0.2789,0.2789
1360,72,P72K,P,K,np,p+,0.7693,0.7893,0.3724,0.4247,0.2521,0.2605,0.2605
1361,72,P72M,P,M,np,np,0.7693,0.7893,0.3724,0.4247,0.2521,0.3992,0.3992
1362,72,P72F,P,F,np,np,0.7693,0.7893,0.3724,0.4247,0.2521,0.3172,0.3172
1363,72,P72S,P,S,np,p~,0.7693,0.7893,0.3724,0.4247,0.2521,0.2376,0.2376
1364,72,P72T,P,T,np,p~,0.7693,0.7893,0.3724,0.4247,0.2521,0.2245,0.2245
1365,72,P72W,P,W,np,np,0.7693,0.7893,0.3724,0.4247,0.2521,0.3519,0.3519
1366,72,P72Y,P,Y,np,p~,0.7693,0.7893,0.3724,0.4247,0.2521,0.2877,0.2877
1367,72,P72V,P,V,np,np,0.7693,0.7893,0.3724,0.4247,0.2521,0.2276,0.2276
1368,73,K73A,K,A,p+,np,0.7455,0.7674,0.212,0.4304,0.2792,0.1528,0.1528
1369,73,K73R,K,R,p+,p+,0.7455,0.7674,0.212,0.4304,0.2792,0.2401,0.2401
1370,73,K73N,K,N,p+,p~,0.7455,0.7674,0.212,0.4304,0.2792,0.2306,0.2306
1371,73,K73D,K,D,p+,p-,0.7455,0.7674,0.212,0.4304,0.2792,0.3244,0.3244
1372,73,K73C,K,C,p+,p~,0.7455,0.7674,0.212,0.4304,0.2792,0.5035,0.5035
1373,73,K73Q,K,Q,p+,p~,0.7455,0.7674,0.212,0.4304,0.2792,0.2414,0.2414
1374,73,K73E,K,E,p+,p-,0.7455,0.7674,0.212,0.4304,0.2792,0.3206,0.3206
1375,73,K73G,K,G,p+,np,0.7455,0.7674,0.212,0.4304,0.2792,0.2099,0.2099
1376,73,K73H,K,H,p+,p~,0.7455,0.7674,0.212,0.4304,0.2792,0.2663,0.2663
1377,73,K73I,K,I,p+,np,0.7455,0.7674,0.212,0.4304,0.2792,0.3075,0.3075
1378,73,K73L,K,L,p+,np,0.7455,0.7674,0.212,0.4304,0.2792,0.2694,0.2694
1379,73,K73M,K,M,p+,np,0.7455,0.7674,0.212,0.4304,0.2792,0.3881,0.3881
1380,73,K73F,K,F,p+,np,0.7455,0.7674,0.212,0.4304,0.2792,0.3498,0.3498
1381,73,K73P,K,P,p+,np,0.7455,0.7674,0.212,0.4304,0.2792,0.1737,0.1737
1382,73,K73S,K,S,p+,p~,0.7455,0.7674,0.212,0.4304,0.2792,0.2303,0.2303
1383,73,K73T,K,T,p+,p~,0.7455,0.7674,0.212,0.4304,0.2792,0.2265,0.2265
1384,73,K73W,K,W,p+,np,0.7455,0.7674,0.212,0.4304,0.2792,0.4347,0.4347
1385,73,K73Y,K,Y,p+,p~,0.7455,0.7674,0.212,0.4304,0.2792,0.3303,0.3303
1386,73,K73V,K,V,p+,np,0.7455,0.7674,0.212,0.4304,0.2792,0.248,0.248
1387,74,P74A,P,A,np,np,0.679,0.7032,0.6438,0.4396,0.2713,0.3501,0.3501
1388,74,P74R,P,R,np,p+,0.679,0.7032,0.6438,0.4396,0.2713,0.5697,0.5697
1389,74,P74N,P,N,np,p~,0.679,0.7032,0.6438,0.4396,0.2713,0.4773,0.4773
1390,74,P74D,P,D,np,p-,0.679,0.7032,0.6438,0.4396,0.2713,0.6204,0.6204
1391,74,P74C,P,C,np,p~,0.679,0.7032,0.6438,0.4396,0.2713,0.6143,0.6143
1392,74,P74Q,P,Q,np,p~,0.679,0.7032,0.6438,0.4396,0.2713,0.455,0.455
1393,74,P74E,P,E,np,p-,0.679,0.7032,0.6438,0.4396,0.2713,0.5643,0.5643
1394,74,P74G,P,G,np,np,0.679,0.7032,0.6438,0.4396,0.2713,0.5004,0.5004
1395,74,P74H,P,H,np,p~,0.679,0.7032,0.6438,0.4396,0.2713,0.3671,0.3671
1396,74,P74I,P,I,np,np,0.679,0.7032,0.6438,0.4396,0.2713,0.4864,0.4864
1397,74,P74L,P,L,np,np,0.679,0.7032,0.6438,0.4396,0.2713,0.3059,0.3059
1398,74,P74K,P,K,np,p+,0.679,0.7032,0.6438,0.4396,0.2713,0.5187,0.5187
1399,74,P74M,P,M,np,np,0.679,0.7032,0.6438,0.4396,0.2713,0.4369,0.4369
1400,74,P74F,P,F,np,np,0.679,0.7032,0.6438,0.4396,0.2713,0.3982,0.3982
1401,74,P74S,P,S,np,p~,0.679,0.7032,0.6438,0.4396,0.2713,0.4267,0.4267
1402,74,P74T,P,T,np,p~,0.679,0.7032,0.6438,0.4396,0.2713,0.4266,0.4266
1403,74,P74W,P,W,np,np,0.679,0.7032,0.6438,0.4396,0.2713,0.531,0.531
1404,74,P74Y,P,Y,np,p~,0.679,0.7032,0.6438,0.4396,0.2713,0.4261,0.4261
1405,74,P74V,P,V,np,np,0.679,0.7032,0.6438,0.4396,0.2713,0.4345,0.4345
1406,75,P75A,P,A,np,np,0.71,0.7332,0.1126,0.6987,0.686,0.4663,0.4663
1407,75,P75R,P,R,np,p+,0.71,0.7332,0.1126,0.6987,0.686,0.5893,0.5893
1408,75,P75N,P,N,np,p~,0.71,0.7332,0.1126,0.6987,0.686,0.4206,0.4206
1409,75,P75D,P,D,np,p-,0.71,0.7332,0.1126,0.6987,0.686,0.4894,0.4894
1410,75,P75C,P,C,np,p~,0.71,0.7332,0.1126,0.6987,0.686,0.7941,0.7941
1411,75,P75Q,P,Q,np,p~,0.71,0.7332,0.1126,0.6987,0.686,0.5144,0.5144
1412,75,P75E,P,E,np,p-,0.71,0.7332,0.1126,0.6987,0.686,0.5196,0.5196
1413,75,P75G,P,G,np,np,0.71,0.7332,0.1126,0.6987,0.686,0.4213,0.4213
1414,75,P75H,P,H,np,p~,0.71,0.7332,0.1126,0.6987,0.686,0.5895,0.5895
1415,75,P75I,P,I,np,np,0.71,0.7332,0.1126,0.6987,0.686,0.5469,0.5469
1416,75,P75L,P,L,np,np,0.71,0.7332,0.1126,0.6987,0.686,0.5037,0.5037
1417,75,P75K,P,K,np,p+,0.71,0.7332,0.1126,0.6987,0.686,0.5464,0.5464
1418,75,P75M,P,M,np,np,0.71,0.7332,0.1126,0.6987,0.686,0.6043,0.6043
1419,75,P75F,P,F,np,np,0.71,0.7332,0.1126,0.6987,0.686,0.5815,0.5815
1420,75,P75S,P,S,np,p~,0.71,0.7332,0.1126,0.6987,0.686,0.459,0.459
1421,75,P75T,P,T,np,p~,0.71,0.7332,0.1126,0.6987,0.686,0.4455,0.4455
1422,75,P75W,P,W,np,np,0.71,0.7332,0.1126,0.6987,0.686,0.6671,0.6671
1423,75,P75Y,P,Y,np,p~,0.71,0.7332,0.1126,0.6987,0.686,0.5694,0.5694
1424,75,P75V,P,V,np,np,0.71,0.7332,0.1126,0.6987,0.686,0.4955,0.4955
1425,76,H76A,H,A,p~,np,0.6802,0.7024,0.1002,0.7804,0.6925,0.5413,0.5413
1426,76,H76R,H,R,p~,p+,0.6802,0.7024,0.1002,0.7804,0.6925,0.4919,0.4919
1427,76,H76N,H,N,p~,p~,0.6802,0.7024,0.1002,0.7804,0.6925,0.4472,0.4472
1428,76,H76D,H,D,p~,p-,0.6802,0.7024,0.1002,0.7804,0.6925,0.6596,0.6596
1429,76,H76C,H,C,p~,p~,0.6802,0.7024,0.1002,0.7804,0.6925,0.6901,0.6901
1430,76,H76Q,H,Q,p~,p~,0.6802,0.7024,0.1002,0.7804,0.6925,0.4667,0.4667
1431,76,H76E,H,E,p~,p-,0.6802,0.7024,0.1002,0.7804,0.6925,0.7031,0.7031
1432,76,H76G,H,G,p~,np,0.6802,0.7024,0.1002,0.7804,0.6925,0.6195,0.6195
1433,76,H76I,H,I,p~,np,0.6802,0.7024,0.1002,0.7804,0.6925,0.6481,0.6481
1434,76,H76L,H,L,p~,np,0.6802,0.7024,0.1002,0.7804,0.6925,0.5868,0.5868
1435,76,H76K,H,K,p~,p+,0.6802,0.7024,0.1002,0.7804,0.6925,0.576,0.576
1436,76,H76M,H,M,p~,np,0.6802,0.7024,0.1002,0.7804,0.6925,0.6509,0.6509
1437,76,H76F,H,F,p~,np,0.6802,0.7024,0.1002,0.7804,0.6925,0.4749,0.4749
1438,76,H76P,H,P,p~,np,0.6802,0.7024,0.1002,0.7804,0.6925,0.7892,0.7892
1439,76,H76S,H,S,p~,p~,0.6802,0.7024,0.1002,0.7804,0.6925,0.5392,0.5392
1440,76,H76T,H,T,p~,p~,0.6802,0.7024,0.1002,0.7804,0.6925,0.596,0.596
1441,76,H76W,H,W,p~,np,0.6802,0.7024,0.1002,0.7804,0.6925,0.5804,0.5804
1442,76,H76Y,H,Y,p~,p~,0.6802,0.7024,0.1002,0.7804,0.6925,0.4573,0.4573
1443,76,H76V,H,V,p~,np,0.6802,0.7024,0.1002,0.7804,0.6925,0.6007,0.6007
1444,77,T77A,T,A,p~,np,0.7115,0.7318,0.5975,0.4189,0.536,0.3573,0.3573
1445,77,T77R,T,R,p~,p+,0.7115,0.7318,0.5975,0.4189,0.536,0.4384,0.4384
1446,77,T77N,T,N,p~,p~,0.7115,0.7318,0.5975,0.4189,0.536,0.3211,0.3211
1447,77,T77D,T,D,p~,p-,0.7115,0.7318,0.5975,0.4189,0.536,0.4179,0.4179
1448,77,T77C,T,C,p~,p~,0.7115,0.7318,0.5975,0.4189,0.536,0.6298,0.6298
1449,77,T77Q,T,Q,p~,p~,0.7115,0.7318,0.5975,0.4189,0.536,0.3586,0.3586
1450,77,T77E,T,E,p~,p-,0.7115,0.7318,0.5975,0.4189,0.536,0.3562,0.3562
1451,77,T77G,T,G,p~,np,0.7115,0.7318,0.5975,0.4189,0.536,0.4753,0.4753
1452,77,T77H,T,H,p~,p~,0.7115,0.7318,0.5975,0.4189,0.536,0.3589,0.3589
1453,77,T77I,T,I,p~,np,0.7115,0.7318,0.5975,0.4189,0.536,0.3747,0.3747
1454,77,T77L,T,L,p~,np,0.7115,0.7318,0.5975,0.4189,0.536,0.4684,0.4684
1455,77,T77K,T,K,p~,p+,0.7115,0.7318,0.5975,0.4189,0.536,0.4714,0.4714
1456,77,T77M,T,M,p~,np,0.7115,0.7318,0.5975,0.4189,0.536,0.4847,0.4847
1457,77,T77F,T,F,p~,np,0.7115,0.7318,0.5975,0.4189,0.536,0.3555,0.3555
1458,77,T77P,T,P,p~,np,0.7115,0.7318,0.5975,0.4189,0.536,0.7173,0.7173
1459,77,T77S,T,S,p~,p~,0.7115,0.7318,0.5975,0.4189,0.536,0.244,0.244
1460,77,T77W,T,W,p~,np,0.7115,0.7318,0.5975,0.4189,0.536,0.2959,0.2959
1461,77,T77Y,T,Y,p~,p~,0.7115,0.7318,0.5975,0.4189,0.536,0.3192,0.3192
1462,77,T77V,T,V,p~,np,0.7115,0.7318,0.5975,0.4189,0.536,0.3582,0.3582
1463,78,Y78A,Y,A,p~,np,0.6754,0.6924,0.1133,0.6988,0.7925,0.1883,0.1883
1464,78,Y78R,Y,R,p~,p+,0.6754,0.6924,0.1133,0.6988,0.7925,0.5436,0.5436
1465,78,Y78N,Y,N,p~,p~,0.6754,0.6924,0.1133,0.6988,0.7925,0.5027,0.5027
1466,78,Y78D,Y,D,p~,p-,0.6754,0.6924,0.1133,0.6988,0.7925,0.5775,0.5775
1467,78,Y78C,Y,C,p~,p~,0.6754,0.6924,0.1133,0.6988,0.7925,0.4394,0.4394
1468,78,Y78Q,Y,Q,p~,p~,0.6754,0.6924,0.1133,0.6988,0.7925,0.4857,0.4857
1469,78,Y78E,Y,E,p~,p-,0.6754,0.6924,0.1133,0.6988,0.7925,0.4978,0.4978
1470,78,Y78G,Y,G,p~,np,0.6754,0.6924,0.1133,0.6988,0.7925,0.5137,0.5137
1471,78,Y78H,Y,H,p~,p~,0.6754,0.6924,0.1133,0.6988,0.7925,0.4365,0.4365
1472,78,Y78I,Y,I,p~,np,0.6754,0.6924,0.1133,0.6988,0.7925,-0.096,-0.096
1473,78,Y78L,Y,L,p~,np,0.6754,0.6924,0.1133,0.6988,0.7925,-0.0261,-0.0261
1474,78,Y78K,Y,K,p~,p+,0.6754,0.6924,0.1133,0.6988,0.7925,0.6065,0.6065
1475,78,Y78M,Y,M,p~,np,0.6754,0.6924,0.1133,0.6988,0.7925,0.1291,0.1291
1476,78,Y78F,Y,F,p~,np,0.6754,0.6924,0.1133,0.6988,0.7925,0.0094,0.0094
1477,78,Y78P,Y,P,p~,np,0.6754,0.6924,0.1133,0.6988,0.7925,0.5087,0.5087
1478,78,Y78S,Y,S,p~,p~,0.6754,0.6924,0.1133,0.6988,0.7925,0.4992,0.4992
1479,78,Y78T,Y,T,p~,p~,0.6754,0.6924,0.1133,0.6988,0.7925,0.324,0.324
1480,78,Y78W,Y,W,p~,np,0.6754,0.6924,0.1133,0.6988,0.7925,0.2081,0.2081
1481,78,Y78V,Y,V,p~,np,0.6754,0.6924,0.1133,0.6988,0.7925,0.0103,0.0103
1482,79,T79A,T,A,p~,np,0.7249,0.7417,0.1334,0.6603,0.6442,0.4457,0.4457
1483,79,T79R,T,R,p~,p+,0.7249,0.7417,0.1334,0.6603,0.6442,0.4093,0.4093
1484,79,T79N,T,N,p~,p~,0.7249,0.7417,0.1334,0.6603,0.6442,0.3402,0.3402
1485,79,T79D,T,D,p~,p-,0.7249,0.7417,0.1334,0.6603,0.6442,0.3548,0.3548
1486,79,T79C,T,C,p~,p~,0.7249,0.7417,0.1334,0.6603,0.6442,0.6951,0.6951
1487,79,T79Q,T,Q,p~,p~,0.7249,0.7417,0.1334,0.6603,0.6442,0.2351,0.2351
1488,79,T79E,T,E,p~,p-,0.7249,0.7417,0.1334,0.6603,0.6442,0.4107,0.4107
1489,79,T79G,T,G,p~,np,0.7249,0.7417,0.1334,0.6603,0.6442,0.4982,0.4982
1490,79,T79H,T,H,p~,p~,0.7249,0.7417,0.1334,0.6603,0.6442,0.5068,0.5068
1491,79,T79I,T,I,p~,np,0.7249,0.7417,0.1334,0.6603,0.6442,0.3637,0.3637
1492,79,T79L,T,L,p~,np,0.7249,0.7417,0.1334,0.6603,0.6442,0.4158,0.4158
1493,79,T79K,T,K,p~,p+,0.7249,0.7417,0.1334,0.6603,0.6442,0.3875,0.3875
1494,79,T79M,T,M,p~,np,0.7249,0.7417,0.1334,0.6603,0.6442,0.4476,0.4476
1495,79,T79F,T,F,p~,np,0.7249,0.7417,0.1334,0.6603,0.6442,0.5808,0.5808
1496,79,T79P,T,P,p~,np,0.7249,0.7417,0.1334,0.6603,0.6442,0.7046,0.7046
1497,79,T79S,T,S,p~,p~,0.7249,0.7417,0.1334,0.6603,0.6442,0.3588,0.3588
1498,79,T79W,T,W,p~,np,0.7249,0.7417,0.1334,0.6603,0.6442,0.5534,0.5534
1499,79,T79Y,T,Y,p~,p~,0.7249,0.7417,0.1334,0.6603,0.6442,0.5263,0.5263
1500,79,T79V,T,V,p~,np,0.7249,0.7417,0.1334,0.6603,0.6442,0.3395,0.3395
1501,80,I80A,I,A,np,np,0.669,0.6836,0.1442,0.6694,0.9681,0.5929,0.5929
1502,80,I80R,I,R,np,p+,0.669,0.6836,0.1442,0.6694,0.9681,0.7937,0.7937
1503,80,I80N,I,N,np,p~,0.669,0.6836,0.1442,0.6694,0.9681,0.7991,0.7991
1504,80,I80D,I,D,np,p-,0.669,0.6836,0.1442,0.6694,0.9681,0.847,0.847
1505,80,I80C,I,C,np,p~,0.669,0.6836,0.1442,0.6694,0.9681,0.8407,0.8407
1506,80,I80Q,I,Q,np,p~,0.669,0.6836,0.1442,0.6694,0.9681,0.8299,0.8299
1507,80,I80E,I,E,np,p-,0.669,0.6836,0.1442,0.6694,0.9681,0.9166,0.9166
1508,80,I80G,I,G,np,np,0.669,0.6836,0.1442,0.6694,0.9681,0.7707,0.7707
1509,80,I80H,I,H,np,p~,0.669,0.6836,0.1442,0.6694,0.9681,0.8793,0.8793
1510,80,I80L,I,L,np,np,0.669,0.6836,0.1442,0.6694,0.9681,0.3055,0.3055
1511,80,I80K,I,K,np,p+,0.669,0.6836,0.1442,0.6694,0.9681,0.8675,0.8675
1512,80,I80M,I,M,np,np,0.669,0.6836,0.1442,0.6694,0.9681,0.5074,0.5074
1513,80,I80F,I,F,np,np,0.669,0.6836,0.1442,0.6694,0.9681,0.4854,0.4854
1514,80,I80P,I,P,np,np,0.669,0.6836,0.1442,0.6694,0.9681,0.8791,0.8791
1515,80,I80S,I,S,np,p~,0.669,0.6836,0.1442,0.6694,0.9681,0.7669,0.7669
1516,80,I80T,I,T,np,p~,0.669,0.6836,0.1442,0.6694,0.9681,0.6772,0.6772
1517,80,I80W,I,W,np,np,0.669,0.6836,0.1442,0.6694,0.9681,0.6935,0.6935
1518,80,I80Y,I,Y,np,p~,0.669,0.6836,0.1442,0.6694,0.9681,0.7328,0.7328
1519,80,I80V,I,V,np,np,0.669,0.6836,0.1442,0.6694,0.9681,0.3248,0.3248
1520,81,D81A,D,A,p-,np,0.7639,0.7754,0.0879,0.9184,0.8696,0.5927,0.5927
1521,81,D81R,D,R,p-,p+,0.7639,0.7754,0.0879,0.9184,0.8696,0.7068,0.7068
1522,81,D81N,D,N,p-,p~,0.7639,0.7754,0.0879,0.9184,0.8696,0.4712,0.4712
1523,81,D81C,D,C,p-,p~,0.7639,0.7754,0.0879,0.9184,0.8696,0.812,0.812
1524,81,D81Q,D,Q,p-,p~,0.7639,0.7754,0.0879,0.9184,0.8696,0.6422,0.6422
1525,81,D81E,D,E,p-,p-,0.7639,0.7754,0.0879,0.9184,0.8696,0.5428,0.5428
1526,81,D81G,D,G,p-,np,0.7639,0.7754,0.0879,0.9184,0.8696,0.6339,0.6339
1527,81,D81H,D,H,p-,p~,0.7639,0.7754,0.0879,0.9184,0.8696,0.6929,0.6929
1528,81,D81I,D,I,p-,np,0.7639,0.7754,0.0879,0.9184,0.8696,0.7735,0.7735
1529,81,D81L,D,L,p-,np,0.7639,0.7754,0.0879,0.9184,0.8696,0.7612,0.7612
1530,81,D81K,D,K,p-,p+,0.7639,0.7754,0.0879,0.9184,0.8696,0.7013,0.7013
1531,81,D81M,D,M,p-,np,0.7639,0.7754,0.0879,0.9184,0.8696,0.7994,0.7994
1532,81,D81F,D,F,p-,np,0.7639,0.7754,0.0879,0.9184,0.8696,0.7758,0.7758
1533,81,D81P,D,P,p-,np,0.7639,0.7754,0.0879,0.9184,0.8696,0.8187,0.8187
1534,81,D81S,D,S,p-,p~,0.7639,0.7754,0.0879,0.9184,0.8696,0.5748,0.5748
1535,81,D81T,D,T,p-,p~,0.7639,0.7754,0.0879,0.9184,0.8696,0.5992,0.5992
1536,81,D81W,D,W,p-,np,0.7639,0.7754,0.0879,0.9184,0.8696,0.7971,0.7971
1537,81,D81Y,D,Y,p-,p~,0.7639,0.7754,0.0879,0.9184,0.8696,0.6743,0.6743
1538,81,D81V,D,V,p-,np,0.7639,0.7754,0.0879,0.9184,0.8696,0.6897,0.6897
1539,82,M82A,M,A,np,np,0.6827,0.6932,0.1604,0.6869,0.8247,0.5091,0.5091
1540,82,M82R,M,R,np,p+,0.6827,0.6932,0.1604,0.6869,0.8247,0.6102,0.6102
1541,82,M82N,M,N,np,p~,0.6827,0.6932,0.1604,0.6869,0.8247,0.6888,0.6888
1542,82,M82D,M,D,np,p-,0.6827,0.6932,0.1604,0.6869,0.8247,0.7418,0.7418
1543,82,M82C,M,C,np,p~,0.6827,0.6932,0.1604,0.6869,0.8247,0.7116,0.7116
1544,82,M82Q,M,Q,np,p~,0.6827,0.6932,0.1604,0.6869,0.8247,0.6031,0.6031
1545,82,M82E,M,E,np,p-,0.6827,0.6932,0.1604,0.6869,0.8247,0.7127,0.7127
1546,82,M82G,M,G,np,np,0.6827,0.6932,0.1604,0.6869,0.8247,0.6484,0.6484
1547,82,M82H,M,H,np,p~,0.6827,0.6932,0.1604,0.6869,0.8247,0.775,0.775
1548,82,M82I,M,I,np,np,0.6827,0.6932,0.1604,0.6869,0.8247,0.589,0.589
1549,82,M82L,M,L,np,np,0.6827,0.6932,0.1604,0.6869,0.8247,0.2949,0.2949
1550,82,M82K,M,K,np,p+,0.6827,0.6932,0.1604,0.6869,0.8247,0.5944,0.5944
1551,82,M82F,M,F,np,np,0.6827,0.6932,0.1604,0.6869,0.8247,0.4641,0.4641
1552,82,M82P,M,P,np,np,0.6827,0.6932,0.1604,0.6869,0.8247,0.6478,0.6478
1553,82,M82S,M,S,np,p~,0.6827,0.6932,0.1604,0.6869,0.8247,0.6162,0.6162
1554,82,M82T,M,T,np,p~,0.6827,0.6932,0.1604,0.6869,0.8247,0.4277,0.4277
1555,82,M82W,M,W,np,np,0.6827,0.6932,0.1604,0.6869,0.8247,0.6833,0.6833
1556,82,M82Y,M,Y,np,p~,0.6827,0.6932,0.1604,0.6869,0.8247,0.6712,0.6712
1557,82,M82V,M,V,np,np,0.6827,0.6932,0.1604,0.6869,0.8247,0.6207,0.6207
1558,83,K83A,K,A,p+,np,0.7973,0.8042,0.3092,0.4876,0.3085,0.3862,0.3862
1559,83,K83R,K,R,p+,p+,0.7973,0.8042,0.3092,0.4876,0.3085,0.222,0.222
1560,83,K83N,K,N,p+,p~,0.7973,0.8042,0.3092,0.4876,0.3085,0.3555,0.3555
1561,83,K83D,K,D,p+,p-,0.7973,0.8042,0.3092,0.4876,0.3085,0.4956,0.4956
1562,83,K83C,K,C,p+,p~,0.7973,0.8042,0.3092,0.4876,0.3085,0.6066,0.6066
1563,83,K83Q,K,Q,p+,p~,0.7973,0.8042,0.3092,0.4876,0.3085,0.2364,0.2364
1564,83,K83E,K,E,p+,p-,0.7973,0.8042,0.3092,0.4876,0.3085,0.422,0.422
1565,83,K83G,K,G,p+,np,0.7973,0.8042,0.3092,0.4876,0.3085,0.1477,0.1477
1566,83,K83H,K,H,p+,p~,0.7973,0.8042,0.3092,0.4876,0.3085,0.2973,0.2973
1567,83,K83I,K,I,p+,np,0.7973,0.8042,0.3092,0.4876,0.3085,0.5361,0.5361
1568,83,K83L,K,L,p+,np,0.7973,0.8042,0.3092,0.4876,0.3085,0.3197,0.3197
1569,83,K83M,K,M,p+,np,0.7973,0.8042,0.3092,0.4876,0.3085,0.4428,0.4428
1570,83,K83F,K,F,p+,np,0.7973,0.8042,0.3092,0.4876,0.3085,0.5158,0.5158
1571,83,K83P,K,P,p+,np,0.7973,0.8042,0.3092,0.4876,0.3085,0.59,0.59
1572,83,K83S,K,S,p+,p~,0.7973,0.8042,0.3092,0.4876,0.3085,0.4063,0.4063
1573,83,K83T,K,T,p+,p~,0.7973,0.8042,0.3092,0.4876,0.3085,0.4139,0.4139
1574,83,K83W,K,W,p+,np,0.7973,0.8042,0.3092,0.4876,0.3085,0.6044,0.6044
1575,83,K83Y,K,Y,p+,p~,0.7973,0.8042,0.3092,0.4876,0.3085,0.5251,0.5251
1576,83,K83V,K,V,p+,np,0.7973,0.8042,0.3092,0.4876,0.3085,0.4291,0.4291
1577,84,T84A,T,A,p~,np,0.7589,0.7657,0.6222,0.3136,0.341,0.1619,0.1619
1578,84,T84R,T,R,p~,p+,0.7589,0.7657,0.6222,0.3136,0.341,0.3107,0.3107
1579,84,T84N,T,N,p~,p~,0.7589,0.7657,0.6222,0.3136,0.341,0.2606,0.2606
1580,84,T84D,T,D,p~,p-,0.7589,0.7657,0.6222,0.3136,0.341,0.3541,0.3541
1581,84,T84C,T,C,p~,p~,0.7589,0.7657,0.6222,0.3136,0.341,0.5541,0.5541
1582,84,T84Q,T,Q,p~,p~,0.7589,0.7657,0.6222,0.3136,0.341,0.2027,0.2027
1583,84,T84E,T,E,p~,p-,0.7589,0.7657,0.6222,0.3136,0.341,0.3311,0.3311
1584,84,T84G,T,G,p~,np,0.7589,0.7657,0.6222,0.3136,0.341,0.2446,0.2446
1585,84,T84H,T,H,p~,p~,0.7589,0.7657,0.6222,0.3136,0.341,0.4713,0.4713
1586,84,T84I,T,I,p~,np,0.7589,0.7657,0.6222,0.3136,0.341,0.4028,0.4028
1587,84,T84L,T,L,p~,np,0.7589,0.7657,0.6222,0.3136,0.341,0.4064,0.4064
1588,84,T84K,T,K,p~,p+,0.7589,0.7657,0.6222,0.3136,0.341,0.2469,0.2469
1589,84,T84M,T,M,p~,np,0.7589,0.7657,0.6222,0.3136,0.341,0.4469,0.4469
1590,84,T84F,T,F,p~,np,0.7589,0.7657,0.6222,0.3136,0.341,0.448,0.448
1591,84,T84P,T,P,p~,np,0.7589,0.7657,0.6222,0.3136,0.341,0.5939,0.5939
1592,84,T84S,T,S,p~,p~,0.7589,0.7657,0.6222,0.3136,0.341,0.092,0.092
1593,84,T84W,T,W,p~,np,0.7589,0.7657,0.6222,0.3136,0.341,0.5557,0.5557
1594,84,T84Y,T,Y,p~,p~,0.7589,0.7657,0.6222,0.3136,0.341,0.4342,0.4342
1595,84,T84V,T,V,p~,np,0.7589,0.7657,0.6222,0.3136,0.341,0.3212,0.3212
1596,85,T85A,T,A,p~,np,0.7383,0.7443,0.4688,0.3469,0.3168,0.2016,0.2016
1597,85,T85R,T,R,p~,p+,0.7383,0.7443,0.4688,0.3469,0.3168,0.3904,0.3904
1598,85,T85N,T,N,p~,p~,0.7383,0.7443,0.4688,0.3469,0.3168,0.2179,0.2179
1599,85,T85D,T,D,p~,p-,0.7383,0.7443,0.4688,0.3469,0.3168,0.2818,0.2818
1600,85,T85C,T,C,p~,p~,0.7383,0.7443,0.4688,0.3469,0.3168,0.6586,0.6586
1601,85,T85Q,T,Q,p~,p~,0.7383,0.7443,0.4688,0.3469,0.3168,0.262,0.262
1602,85,T85E,T,E,p~,p-,0.7383,0.7443,0.4688,0.3469,0.3168,0.2423,0.2423
1603,85,T85G,T,G,p~,np,0.7383,0.7443,0.4688,0.3469,0.3168,0.3767,0.3767
1604,85,T85H,T,H,p~,p~,0.7383,0.7443,0.4688,0.3469,0.3168,0.4836,0.4836
1605,85,T85I,T,I,p~,np,0.7383,0.7443,0.4688,0.3469,0.3168,0.2807,0.2807
1606,85,T85L,T,L,p~,np,0.7383,0.7443,0.4688,0.3469,0.3168,0.2908,0.2908
1607,85,T85K,T,K,p~,p+,0.7383,0.7443,0.4688,0.3469,0.3168,0.3852,0.3852
1608,85,T85M,T,M,p~,np,0.7383,0.7443,0.4688,0.3469,0.3168,0.3719,0.3719
1609,85,T85F,T,F,p~,np,0.7383,0.7443,0.4688,0.3469,0.3168,0.4315,0.4315
1610,85,T85P,T,P,p~,np,0.7383,0.7443,0.4688,0.3469,0.3168,0.2498,0.2498
1611,85,T85S,T,S,p~,p~,0.7383,0.7443,0.4688,0.3469,0.3168,0.1779,0.1779
1612,85,T85W,T,W,p~,np,0.7383,0.7443,0.4688,0.3469,0.3168,0.4955,0.4955
1613,85,T85Y,T,Y,p~,p~,0.7383,0.7443,0.4688,0.3469,0.3168,0.4157,0.4157
1614,85,T85V,T,V,p~,np,0.7383,0.7443,0.4688,0.3469,0.3168,0.1844,0.1844
1615,86,Q86A,Q,A,p~,np,0.6759,0.684,0.5559,0.3529,0.2871,0.3372,0.3372
1616,86,Q86R,Q,R,p~,p+,0.6759,0.684,0.5559,0.3529,0.2871,0.2774,0.2774
1617,86,Q86N,Q,N,p~,p~,0.6759,0.684,0.5559,0.3529,0.2871,0.2934,0.2934
1618,86,Q86D,Q,D,p~,p-,0.6759,0.684,0.5559,0.3529,0.2871,0.4915,0.4915
1619,86,Q86C,Q,C,p~,p~,0.6759,0.684,0.5559,0.3529,0.2871,0.5784,0.5784
1620,86,Q86E,Q,E,p~,p-,0.6759,0.684,0.5559,0.3529,0.2871,0.3631,0.3631
1621,86,Q86G,Q,G,p~,np,0.6759,0.684,0.5559,0.3529,0.2871,0.415,0.415
1622,86,Q86H,Q,H,p~,p~,0.6759,0.684,0.5559,0.3529,0.2871,0.3298,0.3298
1623,86,Q86I,Q,I,p~,np,0.6759,0.684,0.5559,0.3529,0.2871,0.4162,0.4162
1624,86,Q86L,Q,L,p~,np,0.6759,0.684,0.5559,0.3529,0.2871,0.3695,0.3695
1625,86,Q86K,Q,K,p~,p+,0.6759,0.684,0.5559,0.3529,0.2871,0.2853,0.2853
1626,86,Q86M,Q,M,p~,np,0.6759,0.684,0.5559,0.3529,0.2871,0.3726,0.3726
1627,86,Q86F,Q,F,p~,np,0.6759,0.684,0.5559,0.3529,0.2871,0.4179,0.4179
1628,86,Q86P,Q,P,p~,np,0.6759,0.684,0.5559,0.3529,0.2871,0.5619,0.5619
1629,86,Q86S,Q,S,p~,p~,0.6759,0.684,0.5559,0.3529,0.2871,0.3163,0.3163
1630,86,Q86T,Q,T,p~,p~,0.6759,0.684,0.5559,0.3529,0.2871,0.2453,0.2453
1631,86,Q86W,Q,W,p~,np,0.6759,0.684,0.5559,0.3529,0.2871,0.4283,0.4283
1632,86,Q86Y,Q,Y,p~,p~,0.6759,0.684,0.5559,0.3529,0.2871,0.2427,0.2427
1633,86,Q86V,Q,V,p~,np,0.6759,0.684,0.5559,0.3529,0.2871,0.3565,0.3565
1634,87,N87A,N,A,p~,np,0.6007,0.6101,0.8242,0.3328,0.3348,0.2029,0.2029
1635,87,N87R,N,R,p~,p+,0.6007,0.6101,0.8242,0.3328,0.3348,0.3391,0.3391
1636,87,N87D,N,D,p~,p-,0.6007,0.6101,0.8242,0.3328,0.3348,0.2482,0.2482
1637,87,N87C,N,C,p~,p~,0.6007,0.6101,0.8242,0.3328,0.3348,0.5095,0.5095
1638,87,N87Q,N,Q,p~,p~,0.6007,0.6101,0.8242,0.3328,0.3348,0.2225,0.2225
1639,87,N87E,N,E,p~,p-,0.6007,0.6101,0.8242,0.3328,0.3348,0.2891,0.2891
1640,87,N87G,N,G,p~,np,0.6007,0.6101,0.8242,0.3328,0.3348,0.3032,0.3032
1641,87,N87H,N,H,p~,p~,0.6007,0.6101,0.8242,0.3328,0.3348,0.4181,0.4181
1642,87,N87I,N,I,p~,np,0.6007,0.6101,0.8242,0.3328,0.3348,0.3401,0.3401
1643,87,N87L,N,L,p~,np,0.6007,0.6101,0.8242,0.3328,0.3348,0.2531,0.2531
1644,87,N87K,N,K,p~,p+,0.6007,0.6101,0.8242,0.3328,0.3348,0.3059,0.3059
1645,87,N87M,N,M,p~,np,0.6007,0.6101,0.8242,0.3328,0.3348,0.3283,0.3283
1646,87,N87F,N,F,p~,np,0.6007,0.6101,0.8242,0.3328,0.3348,0.3688,0.3688
1647,87,N87P,N,P,p~,np,0.6007,0.6101,0.8242,0.3328,0.3348,0.198,0.198
1648,87,N87S,N,S,p~,p~,0.6007,0.6101,0.8242,0.3328,0.3348,0.1488,0.1488
1649,87,N87T,N,T,p~,p~,0.6007,0.6101,0.8242,0.3328,0.3348,0.1813,0.1813
1650,87,N87W,N,W,p~,np,0.6007,0.6101,0.8242,0.3328,0.3348,0.3795,0.3795
1651,87,N87Y,N,Y,p~,p~,0.6007,0.6101,0.8242,0.3328,0.3348,0.3214,0.3214
1652,87,N87V,N,V,p~,np,0.6007,0.6101,0.8242,0.3328,0.3348,0.2737,0.2737
1653,88,V88A,V,A,np,np,0.5774,0.591,0.0995,0.8322,0.9642,0.506,0.506
1654,88,V88R,V,R,np,p+,0.5774,0.591,0.0995,0.8322,0.9642,0.8322,0.8322
1655,88,V88N,V,N,np,p~,0.5774,0.591,0.0995,0.8322,0.9642,0.8171,0.8171
1656,88,V88D,V,D,np,p-,0.5774,0.591,0.0995,0.8322,0.9642,0.8866,0.8866
1657,88,V88C,V,C,np,p~,0.5774,0.591,0.0995,0.8322,0.9642,0.7387,0.7387
1658,88,V88Q,V,Q,np,p~,0.5774,0.591,0.0995,0.8322,0.9642,0.7761,0.7761
1659,88,V88E,V,E,np,p-,0.5774,0.591,0.0995,0.8322,0.9642,0.8345,0.8345
1660,88,V88G,V,G,np,np,0.5774,0.591,0.0995,0.8322,0.9642,0.8147,0.8147
1661,88,V88H,V,H,np,p~,0.5774,0.591,0.0995,0.8322,0.9642,0.8924,0.8924
1662,88,V88I,V,I,np,np,0.5774,0.591,0.0995,0.8322,0.9642,0.2055,0.2055
1663,88,V88L,V,L,np,np,0.5774,0.591,0.0995,0.8322,0.9642,0.3764,0.3764
1664,88,V88K,V,K,np,p+,0.5774,0.591,0.0995,0.8322,0.9642,0.8677,0.8677
1665,88,V88M,V,M,np,np,0.5774,0.591,0.0995,0.8322,0.9642,0.4831,0.4831
1666,88,V88F,V,F,np,np,0.5774,0.591,0.0995,0.8322,0.9642,0.4407,0.4407
1667,88,V88P,V,P,np,np,0.5774,0.591,0.0995,0.8322,0.9642,0.739,0.739
1668,88,V88S,V,S,np,p~,0.5774,0.591,0.0995,0.8322,0.9642,0.7221,0.7221
1669,88,V88T,V,T,np,p~,0.5774,0.591,0.0995,0.8322,0.9642,0.554,0.554
1670,88,V88W,V,W,np,np,0.5774,0.591,0.0995,0.8322,0.9642,0.8103,0.8103
1671,88,V88Y,V,Y,np,p~,0.5774,0.591,0.0995,0.8322,0.9642,0.7843,0.7843
1672,89,N89A,N,A,p~,np,0.4917,0.509,0.1912,0.5895,0.7381,0.1989,0.1989
1673,89,N89R,N,R,p~,p+,0.4917,0.509,0.1912,0.5895,0.7381,0.3326,0.3326
1674,89,N89D,N,D,p~,p-,0.4917,0.509,0.1912,0.5895,0.7381,0.251,0.251
1675,89,N89C,N,C,p~,p~,0.4917,0.509,0.1912,0.5895,0.7381,0.4721,0.4721
1676,89,N89Q,N,Q,p~,p~,0.4917,0.509,0.1912,0.5895,0.7381,0.3209,0.3209
1677,89,N89E,N,E,p~,p-,0.4917,0.509,0.1912,0.5895,0.7381,0.3347,0.3347
1678,89,N89G,N,G,p~,np,0.4917,0.509,0.1912,0.5895,0.7381,0.193,0.193
1679,89,N89H,N,H,p~,p~,0.4917,0.509,0.1912,0.5895,0.7381,0.3429,0.3429
1680,89,N89I,N,I,p~,np,0.4917,0.509,0.1912,0.5895,0.7381,0.3779,0.3779
1681,89,N89L,N,L,p~,np,0.4917,0.509,0.1912,0.5895,0.7381,0.3977,0.3977
1682,89,N89K,N,K,p~,p+,0.4917,0.509,0.1912,0.5895,0.7381,0.3235,0.3235
1683,89,N89M,N,M,p~,np,0.4917,0.509,0.1912,0.5895,0.7381,0.4141,0.4141
1684,89,N89F,N,F,p~,np,0.4917,0.509,0.1912,0.5895,0.7381,0.3542,0.3542
1685,89,N89P,N,P,p~,np,0.4917,0.509,0.1912,0.5895,0.7381,0.5203,0.5203
1686,89,N89S,N,S,p~,p~,0.4917,0.509,0.1912,0.5895,0.7381,0.1393,0.1393
1687,89,N89T,N,T,p~,p~,0.4917,0.509,0.1912,0.5895,0.7381,0.2076,0.2076
1688,89,N89W,N,W,p~,np,0.4917,0.509,0.1912,0.5895,0.7381,0.4257,0.4257
1689,89,N89Y,N,Y,p~,p~,0.4917,0.509,0.1912,0.5895,0.7381,0.3115,0.3115
1690,89,N89V,N,V,p~,np,0.4917,0.509,0.1912,0.5895,0.7381,0.3213,0.3213
1691,90,G90A,G,A,np,np,0.5112,0.5295,0.1141,0.7544,0.5941,0.2932,0.2932
1692,90,G90R,G,R,np,p+,0.5112,0.5295,0.1141,0.7544,0.5941,0.3375,0.3375
1693,90,G90N,G,N,np,p~,0.5112,0.5295,0.1141,0.7544,0.5941,0.441,0.441
1694,90,G90D,G,D,np,p-,0.5112,0.5295,0.1141,0.7544,0.5941,0.5091,0.5091
1695,90,G90C,G,C,np,p~,0.5112,0.5295,0.1141,0.7544,0.5941,0.6115,0.6115
1696,90,G90Q,G,Q,np,p~,0.5112,0.5295,0.1141,0.7544,0.5941,0.4028,0.4028
1697,90,G90E,G,E,np,p-,0.5112,0.5295,0.1141,0.7544,0.5941,0.4625,0.4625
1698,90,G90H,G,H,np,p~,0.5112,0.5295,0.1141,0.7544,0.5941,0.4811,0.4811
1699,90,G90I,G,I,np,np,0.5112,0.5295,0.1141,0.7544,0.5941,0.5102,0.5102
1700,90,G90L,G,L,np,np,0.5112,0.5295,0.1141,0.7544,0.5941,0.4291,0.4291
1701,90,G90K,G,K,np,p+,0.5112,0.5295,0.1141,0.7544,0.5941,0.4513,0.4513
1702,90,G90M,G,M,np,np,0.5112,0.5295,0.1141,0.7544,0.5941,0.4718,0.4718
1703,90,G90F,G,F,np,np,0.5112,0.5295,0.1141,0.7544,0.5941,0.4446,0.4446
1704,90,G90P,G,P,np,np,0.5112,0.5295,0.1141,0.7544,0.5941,0.7889,0.7889
1705,90,G90S,G,S,np,p~,0.5112,0.5295,0.1141,0.7544,0.5941,0.3069,0.3069
1706,90,G90T,G,T,np,p~,0.5112,0.5295,0.1141,0.7544,0.5941,0.3979,0.3979
1707,90,G90W,G,W,np,np,0.5112,0.5295,0.1141,0.7544,0.5941,0.4788,0.4788
1708,90,G90Y,G,Y,np,p~,0.5112,0.5295,0.1141,0.7544,0.5941,0.3578,0.3578
1709,90,G90V,G,V,np,np,0.5112,0.5295,0.1141,0.7544,0.5941,0.441,0.441
1710,91,L91A,L,A,np,np,0.4847,0.5056,0.1434,0.6775,0.9437,0.4453,0.4453
1711,91,L91R,L,R,np,p+,0.4847,0.5056,0.1434,0.6775,0.9437,0.7147,0.7147
1712,91,L91N,L,N,np,p~,0.4847,0.5056,0.1434,0.6775,0.9437,0.6717,0.6717
1713,91,L91D,L,D,np,p-,0.4847,0.5056,0.1434,0.6775,0.9437,0.7488,0.7488
1714,91,L91C,L,C,np,p~,0.4847,0.5056,0.1434,0.6775,0.9437,0.7651,0.7651
1715,91,L91Q,L,Q,np,p~,0.4847,0.5056,0.1434,0.6775,0.9437,0.6609,0.6609
1716,91,L91E,L,E,np,p-,0.4847,0.5056,0.1434,0.6775,0.9437,0.7084,0.7084
1717,91,L91G,L,G,np,np,0.4847,0.5056,0.1434,0.6775,0.9437,0.6592,0.6592
1718,91,L91H,L,H,np,p~,0.4847,0.5056,0.1434,0.6775,0.9437,0.6389,0.6389
1719,91,L91I,L,I,np,np,0.4847,0.5056,0.1434,0.6775,0.9437,0.2329,0.2329
1720,91,L91K,L,K,np,p+,0.4847,0.5056,0.1434,0.6775,0.9437,0.7853,0.7853
1721,91,L91M,L,M,np,np,0.4847,0.5056,0.1434,0.6775,0.9437,0.3617,0.3617
1722,91,L91F,L,F,np,np,0.4847,0.5056,0.1434,0.6775,0.9437,0.2869,0.2869
1723,91,L91P,L,P,np,np,0.4847,0.5056,0.1434,0.6775,0.9437,0.6505,0.6505
1724,91,L91S,L,S,np,p~,0.4847,0.5056,0.1434,0.6775,0.9437,0.5437,0.5437
1725,91,L91T,L,T,np,p~,0.4847,0.5056,0.1434,0.6775,0.9437,0.4454,0.4454
1726,91,L91W,L,W,np,np,0.4847,0.5056,0.1434,0.6775,0.9437,0.6013,0.6013
1727,91,L91Y,L,Y,np,p~,0.4847,0.5056,0.1434,0.6775,0.9437,0.5033,0.5033
1728,91,L91V,L,V,np,np,0.4847,0.5056,0.1434,0.6775,0.9437,0.2264,0.2264
1729,92,S92A,S,A,p~,np,0.4918,0.51,0.2359,0.5008,0.551,0.2466,0.2466
1730,92,S92R,S,R,p~,p+,0.4918,0.51,0.2359,0.5008,0.551,0.3559,0.3559
1731,92,S92N,S,N,p~,p~,0.4918,0.51,0.2359,0.5008,0.551,0.3504,0.3504
1732,92,S92D,S,D,p~,p-,0.4918,0.51,0.2359,0.5008,0.551,0.3361,0.3361
1733,92,S92C,S,C,p~,p~,0.4918,0.51,0.2359,0.5008,0.551,0.5673,0.5673
1734,92,S92Q,S,Q,p~,p~,0.4918,0.51,0.2359,0.5008,0.551,0.2974,0.2974
1735,92,S92E,S,E,p~,p-,0.4918,0.51,0.2359,0.5008,0.551,0.3294,0.3294
1736,92,S92G,S,G,p~,np,0.4918,0.51,0.2359,0.5008,0.551,0.3125,0.3125
1737,92,S92H,S,H,p~,p~,0.4918,0.51,0.2359,0.5008,0.551,0.3932,0.3932
1738,92,S92I,S,I,p~,np,0.4918,0.51,0.2359,0.5008,0.551,0.4177,0.4177
1739,92,S92L,S,L,p~,np,0.4918,0.51,0.2359,0.5008,0.551,0.3837,0.3837
1740,92,S92K,S,K,p~,p+,0.4918,0.51,0.2359,0.5008,0.551,0.4415,0.4415
1741,92,S92M,S,M,p~,np,0.4918,0.51,0.2359,0.5008,0.551,0.4061,0.4061
1742,92,S92F,S,F,p~,np,0.4918,0.51,0.2359,0.5008,0.551,0.3981,0.3981
1743,92,S92P,S,P,p~,np,0.4918,0.51,0.2359,0.5008,0.551,0.5987,0.5987
1744,92,S92T,S,T,p~,p~,0.4918,0.51,0.2359,0.5008,0.551,0.2563,0.2563
1745,92,S92W,S,W,p~,np,0.4918,0.51,0.2359,0.5008,0.551,0.3639,0.3639
1746,92,S92Y,S,Y,p~,p~,0.4918,0.51,0.2359,0.5008,0.551,0.344,0.344
1747,92,S92V,S,V,p~,np,0.4918,0.51,0.2359,0.5008,0.551,0.3641,0.3641
1748,93,V93A,V,A,np,np,0.4911,0.5126,0.3423,0.4803,0.6571,0.2818,0.2818
1749,93,V93R,V,R,np,p+,0.4911,0.5126,0.3423,0.4803,0.6571,0.529,0.529
1750,93,V93N,V,N,np,p~,0.4911,0.5126,0.3423,0.4803,0.6571,0.3497,0.3497
1751,93,V93D,V,D,np,p-,0.4911,0.5126,0.3423,0.4803,0.6571,0.407,0.407
1752,93,V93C,V,C,np,p~,0.4911,0.5126,0.3423,0.4803,0.6571,0.3364,0.3364
1753,93,V93Q,V,Q,np,p~,0.4911,0.5126,0.3423,0.4803,0.6571,0.4052,0.4052
1754,93,V93E,V,E,np,p-,0.4911,0.5126,0.3423,0.4803,0.6571,0.4505,0.4505
1755,93,V93G,V,G,np,np,0.4911,0.5126,0.3423,0.4803,0.6571,0.4724,0.4724
1756,93,V93H,V,H,np,p~,0.4911,0.5126,0.3423,0.4803,0.6571,0.2475,0.2475
1757,93,V93I,V,I,np,np,0.4911,0.5126,0.3423,0.4803,0.6571,0.153,0.153
1758,93,V93L,V,L,np,np,0.4911,0.5126,0.3423,0.4803,0.6571,0.2345,0.2345
1759,93,V93K,V,K,np,p+,0.4911,0.5126,0.3423,0.4803,0.6571,0.5631,0.5631
1760,93,V93M,V,M,np,np,0.4911,0.5126,0.3423,0.4803,0.6571,0.2201,0.2201
1761,93,V93F,V,F,np,np,0.4911,0.5126,0.3423,0.4803,0.6571,0.1074,0.1074
1762,93,V93P,V,P,np,np,0.4911,0.5126,0.3423,0.4803,0.6571,0.4824,0.4824
1763,93,V93S,V,S,np,p~,0.4911,0.5126,0.3423,0.4803,0.6571,0.322,0.322
1764,93,V93T,V,T,np,p~,0.4911,0.5126,0.3423,0.4803,0.6571,0.2791,0.2791
1765,93,V93W,V,W,np,np,0.4911,0.5126,0.3423,0.4803,0.6571,0.2739,0.2739
1766,93,V93Y,V,Y,np,p~,0.4911,0.5126,0.3423,0.4803,0.6571,-0.0666,-0.0666
1767,94,L94A,L,A,np,np,0.5036,0.5196,0.2298,0.5052,0.3882,0.3875,0.3875
1768,94,L94R,L,R,np,p+,0.5036,0.5196,0.2298,0.5052,0.3882,0.3971,0.3971
1769,94,L94N,L,N,np,p~,0.5036,0.5196,0.2298,0.5052,0.3882,0.467,0.467
1770,94,L94D,L,D,np,p-,0.5036,0.5196,0.2298,0.5052,0.3882,0.4756,0.4756
1771,94,L94C,L,C,np,p~,0.5036,0.5196,0.2298,0.5052,0.3882,0.5407,0.5407
1772,94,L94Q,L,Q,np,p~,0.5036,0.5196,0.2298,0.5052,0.3882,0.2648,0.2648
1773,94,L94E,L,E,np,p-,0.5036,0.5196,0.2298,0.5052,0.3882,0.468,0.468
1774,94,L94G,L,G,np,np,0.5036,0.5196,0.2298,0.5052,0.3882,0.5678,0.5678
1775,94,L94H,L,H,np,p~,0.5036,0.5196,0.2298,0.5052,0.3882,0.5083,0.5083
1776,94,L94I,L,I,np,np,0.5036,0.5196,0.2298,0.5052,0.3882,0.3168,0.3168
1777,94,L94K,L,K,np,p+,0.5036,0.5196,0.2298,0.5052,0.3882,0.4395,0.4395
1778,94,L94M,L,M,np,np,0.5036,0.5196,0.2298,0.5052,0.3882,0.3616,0.3616
1779,94,L94F,L,F,np,np,0.5036,0.5196,0.2298,0.5052,0.3882,0.4512,0.4512
1780,94,L94P,L,P,np,np,0.5036,0.5196,0.2298,0.5052,0.3882,0.5812,0.5812
1781,94,L94S,L,S,np,p~,0.5036,0.5196,0.2298,0.5052,0.3882,0.4228,0.4228
1782,94,L94T,L,T,np,p~,0.5036,0.5196,0.2298,0.5052,0.3882,0.2627,0.2627
1783,94,L94W,L,W,np,np,0.5036,0.5196,0.2298,0.5052,0.3882,0.4623,0.4623
1784,94,L94Y,L,Y,np,p~,0.5036,0.5196,0.2298,0.5052,0.3882,0.467,0.467
1785,94,L94V,L,V,np,np,0.5036,0.5196,0.2298,0.5052,0.3882,0.2824,0.2824
1786,95,P95A,P,A,np,np,0.5006,0.5213,0.084,0.9369,0.9085,0.3475,0.3475
1787,95,P95R,P,R,np,p+,0.5006,0.5213,0.084,0.9369,0.9085,0.4746,0.4746
1788,95,P95N,P,N,np,p~,0.5006,0.5213,0.084,0.9369,0.9085,0.4802,0.4802
1789,95,P95D,P,D,np,p-,0.5006,0.5213,0.084,0.9369,0.9085,0.6138,0.6138
1790,95,P95C,P,C,np,p~,0.5006,0.5213,0.084,0.9369,0.9085,0.6213,0.6213
1791,95,P95Q,P,Q,np,p~,0.5006,0.5213,0.084,0.9369,0.9085,0.5075,0.5075
1792,95,P95E,P,E,np,p-,0.5006,0.5213,0.084,0.9369,0.9085,0.6045,0.6045
1793,95,P95G,P,G,np,np,0.5006,0.5213,0.084,0.9369,0.9085,0.3203,0.3203
1794,95,P95H,P,H,np,p~,0.5006,0.5213,0.084,0.9369,0.9085,0.5248,0.5248
1795,95,P95I,P,I,np,np,0.5006,0.5213,0.084,0.9369,0.9085,0.6282,0.6282
1796,95,P95L,P,L,np,np,0.5006,0.5213,0.084,0.9369,0.9085,0.5117,0.5117
1797,95,P95K,P,K,np,p+,0.5006,0.5213,0.084,0.9369,0.9085,0.6395,0.6395
1798,95,P95M,P,M,np,np,0.5006,0.5213,0.084,0.9369,0.9085,0.5986,0.5986
1799,95,P95F,P,F,np,np,0.5006,0.5213,0.084,0.9369,0.9085,0.5426,0.5426
1800,95,P95S,P,S,np,p~,0.5006,0.5213,0.084,0.9369,0.9085,0.3874,0.3874
1801,95,P95T,P,T,np,p~,0.5006,0.5213,0.084,0.9369,0.9085,0.405,0.405
1802,95,P95W,P,W,np,np,0.5006,0.5213,0.084,0.9369,0.9085,0.6284,0.6284
1803,95,P95Y,P,Y,np,p~,0.5006,0.5213,0.084,0.9369,0.9085,0.6163,0.6163
1804,95,P95V,P,V,np,np,0.5006,0.5213,0.084,0.9369,0.9085,0.4964,0.4964
1805,96,R96A,R,A,p+,np,0.5568,0.5736,0.1195,0.7641,0.624,0.6518,0.6518
1806,96,R96N,R,N,p+,p~,0.5568,0.5736,0.1195,0.7641,0.624,0.6353,0.6353
1807,96,R96D,R,D,p+,p-,0.5568,0.5736,0.1195,0.7641,0.624,0.782,0.782
1808,96,R96C,R,C,p+,p~,0.5568,0.5736,0.1195,0.7641,0.624,0.692,0.692
1809,96,R96Q,R,Q,p+,p~,0.5568,0.5736,0.1195,0.7641,0.624,0.6406,0.6406
1810,96,R96E,R,E,p+,p-,0.5568,0.5736,0.1195,0.7641,0.624,0.8054,0.8054
1811,96,R96G,R,G,p+,np,0.5568,0.5736,0.1195,0.7641,0.624,0.6501,0.6501
1812,96,R96H,R,H,p+,p~,0.5568,0.5736,0.1195,0.7641,0.624,0.5834,0.5834
1813,96,R96I,R,I,p+,np,0.5568,0.5736,0.1195,0.7641,0.624,0.6792,0.6792
1814,96,R96L,R,L,p+,np,0.5568,0.5736,0.1195,0.7641,0.624,0.6343,0.6343
1815,96,R96K,R,K,p+,p+,0.5568,0.5736,0.1195,0.7641,0.624,0.52,0.52
1816,96,R96M,R,M,p+,np,0.5568,0.5736,0.1195,0.7641,0.624,0.67,0.67
1817,96,R96F,R,F,p+,np,0.5568,0.5736,0.1195,0.7641,0.624,0.7081,0.7081
1818,96,R96P,R,P,p+,np,0.5568,0.5736,0.1195,0.7641,0.624,0.6467,0.6467
1819,96,R96S,R,S,p+,p~,0.5568,0.5736,0.1195,0.7641,0.624,0.6219,0.6219
1820,96,R96T,R,T,p+,p~,0.5568,0.5736,0.1195,0.7641,0.624,0.6915,0.6915
1821,96,R96W,R,W,p+,np,0.5568,0.5736,0.1195,0.7641,0.624,0.6487,0.6487
1822,96,R96Y,R,Y,p+,p~,0.5568,0.5736,0.1195,0.7641,0.624,0.678,0.678
1823,96,R96V,R,V,p+,np,0.5568,0.5736,0.1195,0.7641,0.624,0.7043,0.7043
1824,97,Q97A,Q,A,p~,np,0.5148,0.5286,0.6091,0.3911,0.3364,0.4458,0.4458
1825,97,Q97R,Q,R,p~,p+,0.5148,0.5286,0.6091,0.3911,0.3364,0.4334,0.4334
1826,97,Q97N,Q,N,p~,p~,0.5148,0.5286,0.6091,0.3911,0.3364,0.3921,0.3921
1827,97,Q97D,Q,D,p~,p-,0.5148,0.5286,0.6091,0.3911,0.3364,0.5529,0.5529
1828,97,Q97C,Q,C,p~,p~,0.5148,0.5286,0.6091,0.3911,0.3364,0.667,0.667
1829,97,Q97E,Q,E,p~,p-,0.5148,0.5286,0.6091,0.3911,0.3364,0.5258,0.5258
1830,97,Q97G,Q,G,p~,np,0.5148,0.5286,0.6091,0.3911,0.3364,0.523,0.523
1831,97,Q97H,Q,H,p~,p~,0.5148,0.5286,0.6091,0.3911,0.3364,0.5135,0.5135
1832,97,Q97I,Q,I,p~,np,0.5148,0.5286,0.6091,0.3911,0.3364,0.4179,0.4179
1833,97,Q97L,Q,L,p~,np,0.5148,0.5286,0.6091,0.3911,0.3364,0.3656,0.3656
1834,97,Q97K,Q,K,p~,p+,0.5148,0.5286,0.6091,0.3911,0.3364,0.4669,0.4669
1835,97,Q97M,Q,M,p~,np,0.5148,0.5286,0.6091,0.3911,0.3364,0.4501,0.4501
1836,97,Q97F,Q,F,p~,np,0.5148,0.5286,0.6091,0.3911,0.3364,0.5884,0.5884
1837,97,Q97P,Q,P,p~,np,0.5148,0.5286,0.6091,0.3911,0.3364,0.5092,0.5092
1838,97,Q97S,Q,S,p~,p~,0.5148,0.5286,0.6091,0.3911,0.3364,0.4707,0.4707
1839,97,Q97T,Q,T,p~,p~,0.5148,0.5286,0.6091,0.3911,0.3364,0.4157,0.4157
1840,97,Q97W,Q,W,p~,np,0.5148,0.5286,0.6091,0.3911,0.3364,0.6231,0.6231
1841,97,Q97Y,Q,Y,p~,p~,0.5148,0.5286,0.6091,0.3911,0.3364,0.5611,0.5611
1842,97,Q97V,Q,V,p~,np,0.5148,0.5286,0.6091,0.3911,0.3364,0.4389,0.4389
1843,98,D98A,D,A,p-,np,0.6038,0.6164,0.1103,0.6939,0.6103,0.4567,0.4567
1844,98,D98R,D,R,p-,p+,0.6038,0.6164,0.1103,0.6939,0.6103,0.578,0.578
1845,98,D98N,D,N,p-,p~,0.6038,0.6164,0.1103,0.6939,0.6103,0.3122,0.3122
1846,98,D98C,D,C,p-,p~,0.6038,0.6164,0.1103,0.6939,0.6103,0.7364,0.7364
1847,98,D98Q,D,Q,p-,p~,0.6038,0.6164,0.1103,0.6939,0.6103,0.5279,0.5279
1848,98,D98E,D,E,p-,p-,0.6038,0.6164,0.1103,0.6939,0.6103,0.4478,0.4478
1849,98,D98G,D,G,p-,np,0.6038,0.6164,0.1103,0.6939,0.6103,0.3726,0.3726
1850,98,D98H,D,H,p-,p~,0.6038,0.6164,0.1103,0.6939,0.6103,0.5366,0.5366
1851,98,D98I,D,I,p-,np,0.6038,0.6164,0.1103,0.6939,0.6103,0.571,0.571
1852,98,D98L,D,L,p-,np,0.6038,0.6164,0.1103,0.6939,0.6103,0.5605,0.5605
1853,98,D98K,D,K,p-,p+,0.6038,0.6164,0.1103,0.6939,0.6103,0.5961,0.5961
1854,98,D98M,D,M,p-,np,0.6038,0.6164,0.1103,0.6939,0.6103,0.646,0.646
1855,98,D98F,D,F,p-,np,0.6038,0.6164,0.1103,0.6939,0.6103,0.5753,0.5753
1856,98,D98P,D,P,p-,np,0.6038,0.6164,0.1103,0.6939,0.6103,0.6723,0.6723
1857,98,D98S,D,S,p-,p~,0.6038,0.6164,0.1103,0.6939,0.6103,0.3406,0.3406
1858,98,D98T,D,T,p-,p~,0.6038,0.6164,0.1103,0.6939,0.6103,0.4201,0.4201
1859,98,D98W,D,W,p-,np,0.6038,0.6164,0.1103,0.6939,0.6103,0.5995,0.5995
1860,98,D98Y,D,Y,p-,p~,0.6038,0.6164,0.1103,0.6939,0.6103,0.4942,0.4942
1861,98,D98V,D,V,p-,np,0.6038,0.6164,0.1103,0.6939,0.6103,0.5347,0.5347
1862,99,G99A,G,A,np,np,0.5817,0.597,0.1781,0.5161,0.3754,0.3882,0.3882
1863,99,G99R,G,R,np,p+,0.5817,0.597,0.1781,0.5161,0.3754,0.4932,0.4932
1864,99,G99N,G,N,np,p~,0.5817,0.597,0.1781,0.5161,0.3754,0.3899,0.3899
1865,99,G99D,G,D,np,p-,0.5817,0.597,0.1781,0.5161,0.3754,0.4952,0.4952
1866,99,G99C,G,C,np,p~,0.5817,0.597,0.1781,0.5161,0.3754,0.6494,0.6494
1867,99,G99Q,G,Q,np,p~,0.5817,0.597,0.1781,0.5161,0.3754,0.5118,0.5118
1868,99,G99E,G,E,np,p-,0.5817,0.597,0.1781,0.5161,0.3754,0.5386,0.5386
1869,99,G99H,G,H,np,p~,0.5817,0.597,0.1781,0.5161,0.3754,0.569,0.569
1870,99,G99I,G,I,np,np,0.5817,0.597,0.1781,0.5161,0.3754,0.5601,0.5601
1871,99,G99L,G,L,np,np,0.5817,0.597,0.1781,0.5161,0.3754,0.5354,0.5354
1872,99,G99K,G,K,np,p+,0.5817,0.597,0.1781,0.5161,0.3754,0.4905,0.4905
1873,99,G99M,G,M,np,np,0.5817,0.597,0.1781,0.5161,0.3754,0.6222,0.6222
1874,99,G99F,G,F,np,np,0.5817,0.597,0.1781,0.5161,0.3754,0.5027,0.5027
1875,99,G99P,G,P,np,np,0.5817,0.597,0.1781,0.5161,0.3754,0.5202,0.5202
1876,99,G99S,G,S,np,p~,0.5817,0.597,0.1781,0.5161,0.3754,0.3779,0.3779
1877,99,G99T,G,T,np,p~,0.5817,0.597,0.1781,0.5161,0.3754,0.4693,0.4693
1878,99,G99W,G,W,np,np,0.5817,0.597,0.1781,0.5161,0.3754,0.552,0.552
1879,99,G99Y,G,Y,np,p~,0.5817,0.597,0.1781,0.5161,0.3754,0.524,0.524
1880,99,G99V,G,V,np,np,0.5817,0.597,0.1781,0.5161,0.3754,0.5076,0.5076
1881,100,N100A,N,A,p~,np,0.5868,0.6047,0.3454,0.5205,0.4957,0.2858,0.2858
1882,100,N100R,N,R,p~,p+,0.5868,0.6047,0.3454,0.5205,0.4957,0.4091,0.4091
1883,100,N100D,N,D,p~,p-,0.5868,0.6047,0.3454,0.5205,0.4957,0.3143,0.3143
1884,100,N100C,N,C,p~,p~,0.5868,0.6047,0.3454,0.5205,0.4957,0.5722,0.5722
1885,100,N100Q,N,Q,p~,p~,0.5868,0.6047,0.3454,0.5205,0.4957,0.3755,0.3755
1886,100,N100E,N,E,p~,p-,0.5868,0.6047,0.3454,0.5205,0.4957,0.4229,0.4229
1887,100,N100G,N,G,p~,np,0.5868,0.6047,0.3454,0.5205,0.4957,0.1983,0.1983
1888,100,N100H,N,H,p~,p~,0.5868,0.6047,0.3454,0.5205,0.4957,0.4412,0.4412
1889,100,N100I,N,I,p~,np,0.5868,0.6047,0.3454,0.5205,0.4957,0.4497,0.4497
1890,100,N100L,N,L,p~,np,0.5868,0.6047,0.3454,0.5205,0.4957,0.4274,0.4274
1891,100,N100K,N,K,p~,p+,0.5868,0.6047,0.3454,0.5205,0.4957,0.3912,0.3912
1892,100,N100M,N,M,p~,np,0.5868,0.6047,0.3454,0.5205,0.4957,0.5023,0.5023
1893,100,N100F,N,F,p~,np,0.5868,0.6047,0.3454,0.5205,0.4957,0.4299,0.4299
1894,100,N100P,N,P,p~,np,0.5868,0.6047,0.3454,0.5205,0.4957,0.3699,0.3699
1895,100,N100S,N,S,p~,p~,0.5868,0.6047,0.3454,0.5205,0.4957,0.1199,0.1199
1896,100,N100T,N,T,p~,p~,0.5868,0.6047,0.3454,0.5205,0.4957,0.2652,0.2652
1897,100,N100W,N,W,p~,np,0.5868,0.6047,0.3454,0.5205,0.4957,0.4254,0.4254
1898,100,N100Y,N,Y,p~,p~,0.5868,0.6047,0.3454,0.5205,0.4957,0.3738,0.3738
1899,100,N100V,N,V,p~,np,0.5868,0.6047,0.3454,0.5205,0.4957,0.3942,0.3942
1900,101,Q101A,Q,A,p~,np,0.5298,0.5526,0.6816,0.2193,0.1916,0.1629,0.1629
1901,101,Q101R,Q,R,p~,p+,0.5298,0.5526,0.6816,0.2193,0.1916,0.2441,0.2441
1902,101,Q101N,Q,N,p~,p~,0.5298,0.5526,0.6816,0.2193,0.1916,0.229,0.229
1903,101,Q101D,Q,D,p~,p-,0.5298,0.5526,0.6816,0.2193,0.1916,0.2826,0.2826
1904,101,Q101C,Q,C,p~,p~,0.5298,0.5526,0.6816,0.2193,0.1916,0.541,0.541
1905,101,Q101E,Q,E,p~,p-,0.5298,0.5526,0.6816,0.2193,0.1916,0.2144,0.2144
1906,101,Q101G,Q,G,p~,np,0.5298,0.5526,0.6816,0.2193,0.1916,0.2529,0.2529
1907,101,Q101H,Q,H,p~,p~,0.5298,0.5526,0.6816,0.2193,0.1916,0.3441,0.3441
1908,101,Q101I,Q,I,p~,np,0.5298,0.5526,0.6816,0.2193,0.1916,0.1673,0.1673
1909,101,Q101L,Q,L,p~,np,0.5298,0.5526,0.6816,0.2193,0.1916,0.1726,0.1726
1910,101,Q101K,Q,K,p~,p+,0.5298,0.5526,0.6816,0.2193,0.1916,0.2403,0.2403
1911,101,Q101M,Q,M,p~,np,0.5298,0.5526,0.6816,0.2193,0.1916,0.2667,0.2667
1912,101,Q101F,Q,F,p~,np,0.5298,0.5526,0.6816,0.2193,0.1916,0.2726,0.2726
1913,101,Q101P,Q,P,p~,np,0.5298,0.5526,0.6816,0.2193,0.1916,0.1921,0.1921
1914,101,Q101S,Q,S,p~,p~,0.5298,0.5526,0.6816,0.2193,0.1916,0.1547,0.1547
1915,101,Q101T,Q,T,p~,p~,0.5298,0.5526,0.6816,0.2193,0.1916,0.0787,0.0787
1916,101,Q101W,Q,W,p~,np,0.5298,0.5526,0.6816,0.2193,0.1916,0.2967,0.2967
1917,101,Q101Y,Q,Y,p~,p~,0.5298,0.5526,0.6816,0.2193,0.1916,0.2722,0.2722
1918,101,Q101V,Q,V,p~,np,0.5298,0.5526,0.6816,0.2193,0.1916,0.1205,0.1205
1919,102,N102A,N,A,p~,np,0.6184,0.6381,0.1912,0.5068,0.2944,0.4945,0.4945
1920,102,N102R,N,R,p~,p+,0.6184,0.6381,0.1912,0.5068,0.2944,0.4594,0.4594
1921,102,N102D,N,D,p~,p-,0.6184,0.6381,0.1912,0.5068,0.2944,0.504,0.504
1922,102,N102C,N,C,p~,p~,0.6184,0.6381,0.1912,0.5068,0.2944,0.7781,0.7781
1923,102,N102Q,N,Q,p~,p~,0.6184,0.6381,0.1912,0.5068,0.2944,0.5178,0.5178
1924,102,N102E,N,E,p~,p-,0.6184,0.6381,0.1912,0.5068,0.2944,0.5986,0.5986
1925,102,N102G,N,G,p~,np,0.6184,0.6381,0.1912,0.5068,0.2944,0.4751,0.4751
1926,102,N102H,N,H,p~,p~,0.6184,0.6381,0.1912,0.5068,0.2944,0.5039,0.5039
1927,102,N102I,N,I,p~,np,0.6184,0.6381,0.1912,0.5068,0.2944,0.6081,0.6081
1928,102,N102L,N,L,p~,np,0.6184,0.6381,0.1912,0.5068,0.2944,0.5915,0.5915
1929,102,N102K,N,K,p~,p+,0.6184,0.6381,0.1912,0.5068,0.2944,0.5312,0.5312
1930,102,N102M,N,M,p~,np,0.6184,0.6381,0.1912,0.5068,0.2944,0.6443,0.6443
1931,102,N102F,N,F,p~,np,0.6184,0.6381,0.1912,0.5068,0.2944,0.586,0.586
1932,102,N102P,N,P,p~,np,0.6184,0.6381,0.1912,0.5068,0.2944,0.5619,0.5619
1933,102,N102S,N,S,p~,p~,0.6184,0.6381,0.1912,0.5068,0.2944,0.4225,0.4225
1934,102,N102T,N,T,p~,p~,0.6184,0.6381,0.1912,0.5068,0.2944,0.4862,0.4862
1935,102,N102W,N,W,p~,np,0.6184,0.6381,0.1912,0.5068,0.2944,0.6151,0.6151
1936,102,N102Y,N,Y,p~,p~,0.6184,0.6381,0.1912,0.5068,0.2944,0.5254,0.5254
1937,102,N102V,N,V,p~,np,0.6184,0.6381,0.1912,0.5068,0.2944,0.5757,0.5757
1938,103,G103A,G,A,np,np,0.6003,0.6228,0.0894,0.8372,0.7722,0.6234,0.6234
1939,103,G103R,G,R,np,p+,0.6003,0.6228,0.0894,0.8372,0.7722,0.6962,0.6962
1940,103,G103N,G,N,np,p~,0.6003,0.6228,0.0894,0.8372,0.7722,0.6838,0.6838
1941,103,G103D,G,D,np,p-,0.6003,0.6228,0.0894,0.8372,0.7722,0.6152,0.6152
1942,103,G103C,G,C,np,p~,0.6003,0.6228,0.0894,0.8372,0.7722,0.7518,0.7518
1943,103,G103Q,G,Q,np,p~,0.6003,0.6228,0.0894,0.8372,0.7722,0.7881,0.7881
1944,103,G103E,G,E,np,p-,0.6003,0.6228,0.0894,0.8372,0.7722,0.6768,0.6768
1945,103,G103H,G,H,np,p~,0.6003,0.6228,0.0894,0.8372,0.7722,0.7954,0.7954
1946,103,G103I,G,I,np,np,0.6003,0.6228,0.0894,0.8372,0.7722,0.8122,0.8122
1947,103,G103L,G,L,np,np,0.6003,0.6228,0.0894,0.8372,0.7722,0.7829,0.7829
1948,103,G103K,G,K,np,p+,0.6003,0.6228,0.0894,0.8372,0.7722,0.8454,0.8454
1949,103,G103M,G,M,np,np,0.6003,0.6228,0.0894,0.8372,0.7722,0.8372,0.8372
1950,103,G103F,G,F,np,np,0.6003,0.6228,0.0894,0.8372,0.7722,0.7635,0.7635
1951,103,G103P,G,P,np,np,0.6003,0.6228,0.0894,0.8372,0.7722,0.8552,0.8552
1952,103,G103S,G,S,np,p~,0.6003,0.6228,0.0894,0.8372,0.7722,0.6294,0.6294
1953,103,G103T,G,T,np,p~,0.6003,0.6228,0.0894,0.8372,0.7722,0.7555,0.7555
1954,103,G103W,G,W,np,np,0.6003,0.6228,0.0894,0.8372,0.7722,0.7253,0.7253
1955,103,G103Y,G,Y,np,p~,0.6003,0.6228,0.0894,0.8372,0.7722,0.7656,0.7656
1956,103,G103V,G,V,np,np,0.6003,0.6228,0.0894,0.8372,0.7722,0.7018,0.7018
1957,104,W104A,W,A,np,np,0.5058,0.5289,0.6145,0.3731,0.2851,0.143,0.143
1958,104,W104R,W,R,np,p+,0.5058,0.5289,0.6145,0.3731,0.2851,-0.0291,-0.0291
1959,104,W104N,W,N,np,p~,0.5058,0.5289,0.6145,0.3731,0.2851,0.0213,0.0213
1960,104,W104D,W,D,np,p-,0.5058,0.5289,0.6145,0.3731,0.2851,0.2019,0.2019
1961,104,W104C,W,C,np,p~,0.5058,0.5289,0.6145,0.3731,0.2851,0.3371,0.3371
1962,104,W104Q,W,Q,np,p~,0.5058,0.5289,0.6145,0.3731,0.2851,0.0897,0.0897
1963,104,W104E,W,E,np,p-,0.5058,0.5289,0.6145,0.3731,0.2851,0.212,0.212
1964,104,W104G,W,G,np,np,0.5058,0.5289,0.6145,0.3731,0.2851,0.278,0.278
1965,104,W104H,W,H,np,p~,0.5058,0.5289,0.6145,0.3731,0.2851,0.188,0.188
1966,104,W104I,W,I,np,np,0.5058,0.5289,0.6145,0.3731,0.2851,-0.048,-0.048
1967,104,W104L,W,L,np,np,0.5058,0.5289,0.6145,0.3731,0.2851,0.0648,0.0648
1968,104,W104K,W,K,np,p+,0.5058,0.5289,0.6145,0.3731,0.2851,0.0807,0.0807
1969,104,W104M,W,M,np,np,0.5058,0.5289,0.6145,0.3731,0.2851,0.1005,0.1005
1970,104,W104F,W,F,np,np,0.5058,0.5289,0.6145,0.3731,0.2851,0.1474,0.1474
1971,104,W104P,W,P,np,np,0.5058,0.5289,0.6145,0.3731,0.2851,0.2584,0.2584
1972,104,W104S,W,S,np,p~,0.5058,0.5289,0.6145,0.3731,0.2851,0.1423,0.1423
1973,104,W104T,W,T,np,p~,0.5058,0.5289,0.6145,0.3731,0.2851,-0.0402,-0.0402
1974,104,W104Y,W,Y,np,p~,0.5058,0.5289,0.6145,0.3731,0.2851,0.1952,0.1952
1975,104,W104V,W,V,np,np,0.5058,0.5289,0.6145,0.3731,0.2851,0.0121,0.0121
1976,105,I105A,I,A,np,np,0.5055,0.5335,0.0925,0.7869,0.9626,0.6166,0.6166
1977,105,I105R,I,R,np,p+,0.5055,0.5335,0.0925,0.7869,0.9626,0.8464,0.8464
1978,105,I105N,I,N,np,p~,0.5055,0.5335,0.0925,0.7869,0.9626,0.6605,0.6605
1979,105,I105D,I,D,np,p-,0.5055,0.5335,0.0925,0.7869,0.9626,0.7379,0.7379
1980,105,I105C,I,C,np,p~,0.5055,0.5335,0.0925,0.7869,0.9626,0.7057,0.7057
1981,105,I105Q,I,Q,np,p~,0.5055,0.5335,0.0925,0.7869,0.9626,0.7253,0.7253
1982,105,I105E,I,E,np,p-,0.5055,0.5335,0.0925,0.7869,0.9626,0.7371,0.7371
1983,105,I105G,I,G,np,np,0.5055,0.5335,0.0925,0.7869,0.9626,0.7579,0.7579
1984,105,I105H,I,H,np,p~,0.5055,0.5335,0.0925,0.7869,0.9626,0.766,0.766
1985,105,I105L,I,L,np,np,0.5055,0.5335,0.0925,0.7869,0.9626,0.466,0.466
1986,105,I105K,I,K,np,p+,0.5055,0.5335,0.0925,0.7869,0.9626,0.8426,0.8426
1987,105,I105M,I,M,np,np,0.5055,0.5335,0.0925,0.7869,0.9626,0.5692,0.5692
1988,105,I105F,I,F,np,np,0.5055,0.5335,0.0925,0.7869,0.9626,0.5428,0.5428
1989,105,I105P,I,P,np,np,0.5055,0.5335,0.0925,0.7869,0.9626,0.6192,0.6192
1990,105,I105S,I,S,np,p~,0.5055,0.5335,0.0925,0.7869,0.9626,0.6816,0.6816
1991,105,I105T,I,T,np,p~,0.5055,0.5335,0.0925,0.7869,0.9626,0.4899,0.4899
1992,105,I105W,I,W,np,np,0.5055,0.5335,0.0925,0.7869,0.9626,0.6889,0.6889
1993,105,I105Y,I,Y,np,p~,0.5055,0.5335,0.0925,0.7869,0.9626,0.691,0.691
1994,105,I105V,I,V,np,np,0.5055,0.5335,0.0925,0.7869,0.9626,0.3106,0.3106
1995,106,G106A,G,A,np,np,0.5049,0.5346,0.1943,0.5706,0.3786,0.2593,0.2593
1996,106,G106R,G,R,np,p+,0.5049,0.5346,0.1943,0.5706,0.3786,0.4099,0.4099
1997,106,G106N,G,N,np,p~,0.5049,0.5346,0.1943,0.5706,0.3786,0.3388,0.3388
1998,106,G106D,G,D,np,p-,0.5049,0.5346,0.1943,0.5706,0.3786,0.3206,0.3206
1999,106,G106C,G,C,np,p~,0.5049,0.5346,0.1943,0.5706,0.3786,0.6757,0.6757
2000,106,G106Q,G,Q,np,p~,0.5049,0.5346,0.1943,0.5706,0.3786,0.3678,0.3678
2001,106,G106E,G,E,np,p-,0.5049,0.5346,0.1943,0.5706,0.3786,0.3159,0.3159
2002,106,G106H,G,H,np,p~,0.5049,0.5346,0.1943,0.5706,0.3786,0.5017,0.5017
2003,106,G106I,G,I,np,np,0.5049,0.5346,0.1943,0.5706,0.3786,0.3826,0.3826
2004,106,G106L,G,L,np,np,0.5049,0.5346,0.1943,0.5706,0.3786,0.3692,0.3692
2005,106,G106K,G,K,np,p+,0.5049,0.5346,0.1943,0.5706,0.3786,0.4016,0.4016
2006,106,G106M,G,M,np,np,0.5049,0.5346,0.1943,0.5706,0.3786,0.4551,0.4551
2007,106,G106F,G,F,np,np,0.5049,0.5346,0.1943,0.5706,0.3786,0.4655,0.4655
2008,106,G106P,G,P,np,np,0.5049,0.5346,0.1943,0.5706,0.3786,0.4869,0.4869
2009,106,G106S,G,S,np,p~,0.5049,0.5346,0.1943,0.5706,0.3786,0.2541,0.2541
2010,106,G106T,G,T,np,p~,0.5049,0.5346,0.1943,0.5706,0.3786,0.2119,0.2119
2011,106,G106W,G,W,np,np,0.5049,0.5346,0.1943,0.5706,0.3786,0.4703,0.4703
2012,106,G106Y,G,Y,np,p~,0.5049,0.5346,0.1943,0.5706,0.3786,0.4282,0.4282
2013,106,G106V,G,V,np,np,0.5049,0.5346,0.1943,0.5706,0.3786,0.3534,0.3534
2014,107,R107A,R,A,p+,np,0.5308,0.5604,0.4256,0.3788,0.1713,0.1738,0.1738
2015,107,R107N,R,N,p+,p~,0.5308,0.5604,0.4256,0.3788,0.1713,0.1642,0.1642
2016,107,R107D,R,D,p+,p-,0.5308,0.5604,0.4256,0.3788,0.1713,0.2122,0.2122
2017,107,R107C,R,C,p+,p~,0.5308,0.5604,0.4256,0.3788,0.1713,0.6532,0.6532
2018,107,R107Q,R,Q,p+,p~,0.5308,0.5604,0.4256,0.3788,0.1713,0.185,0.185
2019,107,R107E,R,E,p+,p-,0.5308,0.5604,0.4256,0.3788,0.1713,0.2655,0.2655
2020,107,R107G,R,G,p+,np,0.5308,0.5604,0.4256,0.3788,0.1713,0.2014,0.2014
2021,107,R107H,R,H,p+,p~,0.5308,0.5604,0.4256,0.3788,0.1713,0.2974,0.2974
2022,107,R107I,R,I,p+,np,0.5308,0.5604,0.4256,0.3788,0.1713,0.3834,0.3834
2023,107,R107L,R,L,p+,np,0.5308,0.5604,0.4256,0.3788,0.1713,0.3061,0.3061
2024,107,R107K,R,K,p+,p+,0.5308,0.5604,0.4256,0.3788,0.1713,0.1915,0.1915
2025,107,R107M,R,M,p+,np,0.5308,0.5604,0.4256,0.3788,0.1713,0.3927,0.3927
2026,107,R107F,R,F,p+,np,0.5308,0.5604,0.4256,0.3788,0.1713,0.3554,0.3554
2027,107,R107P,R,P,p+,np,0.5308,0.5604,0.4256,0.3788,0.1713,0.4187,0.4187
2028,107,R107S,R,S,p+,p~,0.5308,0.5604,0.4256,0.3788,0.1713,0.174,0.174
2029,107,R107T,R,T,p+,p~,0.5308,0.5604,0.4256,0.3788,0.1713,0.2144,0.2144
2030,107,R107W,R,W,p+,np,0.5308,0.5604,0.4256,0.3788,0.1713,0.3569,0.3569
2031,107,R107Y,R,Y,p+,p~,0.5308,0.5604,0.4256,0.3788,0.1713,0.2741,0.2741
2032,107,R107V,R,V,p+,np,0.5308,0.5604,0.4256,0.3788,0.1713,0.3341,0.3341
2033,108,H108A,H,A,p~,np,0.4808,0.5102,0.1049,0.7973,0.9852,0.6109,0.6109
2034,108,H108R,H,R,p~,p+,0.4808,0.5102,0.1049,0.7973,0.9852,0.6861,0.6861
2035,108,H108N,H,N,p~,p~,0.4808,0.5102,0.1049,0.7973,0.9852,0.4363,0.4363
2036,108,H108D,H,D,p~,p-,0.4808,0.5102,0.1049,0.7973,0.9852,0.6404,0.6404
2037,108,H108C,H,C,p~,p~,0.4808,0.5102,0.1049,0.7973,0.9852,0.6485,0.6485
2038,108,H108Q,H,Q,p~,p~,0.4808,0.5102,0.1049,0.7973,0.9852,0.4056,0.4056
2039,108,H108E,H,E,p~,p-,0.4808,0.5102,0.1049,0.7973,0.9852,0.5878,0.5878
2040,108,H108G,H,G,p~,np,0.4808,0.5102,0.1049,0.7973,0.9852,0.6967,0.6967
2041,108,H108I,H,I,p~,np,0.4808,0.5102,0.1049,0.7973,0.9852,0.6333,0.6333
2042,108,H108L,H,L,p~,np,0.4808,0.5102,0.1049,0.7973,0.9852,0.6508,0.6508
2043,108,H108K,H,K,p~,p+,0.4808,0.5102,0.1049,0.7973,0.9852,0.7266,0.7266
2044,108,H108M,H,M,p~,np,0.4808,0.5102,0.1049,0.7973,0.9852,0.6536,0.6536
2045,108,H108F,H,F,p~,np,0.4808,0.5102,0.1049,0.7973,0.9852,0.4962,0.4962
2046,108,H108P,H,P,p~,np,0.4808,0.5102,0.1049,0.7973,0.9852,0.7227,0.7227
2047,108,H108S,H,S,p~,p~,0.4808,0.5102,0.1049,0.7973,0.9852,0.5425,0.5425
2048,108,H108T,H,T,p~,p~,0.4808,0.5102,0.1049,0.7973,0.9852,0.5866,0.5866
2049,108,H108W,H,W,p~,np,0.4808,0.5102,0.1049,0.7973,0.9852,0.6361,0.6361
2050,108,H108Y,H,Y,p~,p~,0.4808,0.5102,0.1049,0.7973,0.9852,0.2679,0.2679
2051,108,H108V,H,V,p~,np,0.4808,0.5102,0.1049,0.7973,0.9852,0.5836,0.5836
2052,109,E109A,E,A,p-,np,0.5744,0.6009,0.3423,0.3232,0.375,0.3663,0.3663
2053,109,E109R,E,R,p-,p+,0.5744,0.6009,0.3423,0.3232,0.375,0.3915,0.3915
2054,109,E109N,E,N,p-,p~,0.5744,0.6009,0.3423,0.3232,0.375,0.3002,0.3002
2055,109,E109D,E,D,p-,p-,0.5744,0.6009,0.3423,0.3232,0.375,0.2809,0.2809
2056,109,E109C,E,C,p-,p~,0.5744,0.6009,0.3423,0.3232,0.375,0.702,0.702
2057,109,E109Q,E,Q,p-,p~,0.5744,0.6009,0.3423,0.3232,0.375,0.2343,0.2343
2058,109,E109G,E,G,p-,np,0.5744,0.6009,0.3423,0.3232,0.375,0.4842,0.4842
2059,109,E109H,E,H,p-,p~,0.5744,0.6009,0.3423,0.3232,0.375,0.4402,0.4402
2060,109,E109I,E,I,p-,np,0.5744,0.6009,0.3423,0.3232,0.375,0.4853,0.4853
2061,109,E109L,E,L,p-,np,0.5744,0.6009,0.3423,0.3232,0.375,0.3967,0.3967
2062,109,E109K,E,K,p-,p+,0.5744,0.6009,0.3423,0.3232,0.375,0.3893,0.3893
2063,109,E109M,E,M,p-,np,0.5744,0.6009,0.3423,0.3232,0.375,0.4397,0.4397
2064,109,E109F,E,F,p-,np,0.5744,0.6009,0.3423,0.3232,0.375,0.4767,0.4767
2065,109,E109P,E,P,p-,np,0.5744,0.6009,0.3423,0.3232,0.375,0.7859,0.7859
2066,109,E109S,E,S,p-,p~,0.5744,0.6009,0.3423,0.3232,0.375,0.3358,0.3358
2067,109,E109T,E,T,p-,p~,0.5744,0.6009,0.3423,0.3232,0.375,0.3663,0.3663
2068,109,E109W,E,W,p-,np,0.5744,0.6009,0.3423,0.3232,0.375,0.5186,0.5186
2069,109,E109Y,E,Y,p-,p~,0.5744,0.6009,0.3423,0.3232,0.375,0.3871,0.3871
2070,109,E109V,E,V,p-,np,0.5744,0.6009,0.3423,0.3232,0.375,0.4398,0.4398
2071,110,V110A,V,A,np,np,0.5511,0.5752,0.1465,0.7401,0.9885,0.4432,0.4432
2072,110,V110R,V,R,np,p+,0.5511,0.5752,0.1465,0.7401,0.9885,0.694,0.694
2073,110,V110N,V,N,np,p~,0.5511,0.5752,0.1465,0.7401,0.9885,0.6405,0.6405
2074,110,V110D,V,D,np,p-,0.5511,0.5752,0.1465,0.7401,0.9885,0.7,0.7
2075,110,V110C,V,C,np,p~,0.5511,0.5752,0.1465,0.7401,0.9885,0.6403,0.6403
2076,110,V110Q,V,Q,np,p~,0.5511,0.5752,0.1465,0.7401,0.9885,0.6321,0.6321
2077,110,V110E,V,E,np,p-,0.5511,0.5752,0.1465,0.7401,0.9885,0.6769,0.6769
2078,110,V110G,V,G,np,np,0.5511,0.5752,0.1465,0.7401,0.9885,0.7481,0.7481
2079,110,V110H,V,H,np,p~,0.5511,0.5752,0.1465,0.7401,0.9885,0.6086,0.6086
2080,110,V110I,V,I,np,np,0.5511,0.5752,0.1465,0.7401,0.9885,0.141,0.141
2081,110,V110L,V,L,np,np,0.5511,0.5752,0.1465,0.7401,0.9885,0.2449,0.2449
2082,110,V110K,V,K,np,p+,0.5511,0.5752,0.1465,0.7401,0.9885,0.8117,0.8117
2083,110,V110M,V,M,np,np,0.5511,0.5752,0.1465,0.7401,0.9885,0.3845,0.3845
2084,110,V110F,V,F,np,np,0.5511,0.5752,0.1465,0.7401,0.9885,0.2971,0.2971
2085,110,V110P,V,P,np,np,0.5511,0.5752,0.1465,0.7401,0.9885,0.7788,0.7788
2086,110,V110S,V,S,np,p~,0.5511,0.5752,0.1465,0.7401,0.9885,0.6118,0.6118
2087,110,V110T,V,T,np,p~,0.5511,0.5752,0.1465,0.7401,0.9885,0.4768,0.4768
2088,110,V110W,V,W,np,np,0.5511,0.5752,0.1465,0.7401,0.9885,0.5628,0.5628
2089,110,V110Y,V,Y,np,p~,0.5511,0.5752,0.1465,0.7401,0.9885,0.4369,0.4369
2090,111,Y111A,Y,A,p~,np,0.6267,0.6481,0.4927,0.3098,0.3399,0.6249,0.6249
2091,111,Y111R,Y,R,p~,p+,0.6267,0.6481,0.4927,0.3098,0.3399,0.5234,0.5234
2092,111,Y111N,Y,N,p~,p~,0.6267,0.6481,0.4927,0.3098,0.3399,0.6336,0.6336
2093,111,Y111D,Y,D,p~,p-,0.6267,0.6481,0.4927,0.3098,0.3399,0.6999,0.6999
2094,111,Y111C,Y,C,p~,p~,0.6267,0.6481,0.4927,0.3098,0.3399,0.6799,0.6799
2095,111,Y111Q,Y,Q,p~,p~,0.6267,0.6481,0.4927,0.3098,0.3399,0.5641,0.5641
2096,111,Y111E,Y,E,p~,p-,0.6267,0.6481,0.4927,0.3098,0.3399,0.646,0.646
2097,111,Y111G,Y,G,p~,np,0.6267,0.6481,0.4927,0.3098,0.3399,0.7483,0.7483
2098,111,Y111H,Y,H,p~,p~,0.6267,0.6481,0.4927,0.3098,0.3399,0.4057,0.4057
2099,111,Y111I,Y,I,p~,np,0.6267,0.6481,0.4927,0.3098,0.3399,0.6376,0.6376
2100,111,Y111L,Y,L,p~,np,0.6267,0.6481,0.4927,0.3098,0.3399,0.5259,0.5259
2101,111,Y111K,Y,K,p~,p+,0.6267,0.6481,0.4927,0.3098,0.3399,0.6693,0.6693
2102,111,Y111M,Y,M,p~,np,0.6267,0.6481,0.4927,0.3098,0.3399,0.6563,0.6563
2103,111,Y111F,Y,F,p~,np,0.6267,0.6481,0.4927,0.3098,0.3399,0.3374,0.3374
2104,111,Y111P,Y,P,p~,np,0.6267,0.6481,0.4927,0.3098,0.3399,0.8416,0.8416
2105,111,Y111S,Y,S,p~,p~,0.6267,0.6481,0.4927,0.3098,0.3399,0.5159,0.5159
2106,111,Y111T,Y,T,p~,p~,0.6267,0.6481,0.4927,0.3098,0.3399,0.6128,0.6128
2107,111,Y111W,Y,W,p~,np,0.6267,0.6481,0.4927,0.3098,0.3399,0.5083,0.5083
2108,111,Y111V,Y,V,p~,np,0.6267,0.6481,0.4927,0.3098,0.3399,0.6273,0.6273
2109,112,L112A,L,A,np,np,0.6169,0.6338,0.2205,0.574,0.7009,0.4868,0.4868
2110,112,L112R,L,R,np,p+,0.6169,0.6338,0.2205,0.574,0.7009,0.7071,0.7071
2111,112,L112N,L,N,np,p~,0.6169,0.6338,0.2205,0.574,0.7009,0.769,0.769
2112,112,L112D,L,D,np,p-,0.6169,0.6338,0.2205,0.574,0.7009,0.7941,0.7941
2113,112,L112C,L,C,np,p~,0.6169,0.6338,0.2205,0.574,0.7009,0.6679,0.6679
2114,112,L112Q,L,Q,np,p~,0.6169,0.6338,0.2205,0.574,0.7009,0.6657,0.6657
2115,112,L112E,L,E,np,p-,0.6169,0.6338,0.2205,0.574,0.7009,0.7218,0.7218
2116,112,L112G,L,G,np,np,0.6169,0.6338,0.2205,0.574,0.7009,0.719,0.719
2117,112,L112H,L,H,np,p~,0.6169,0.6338,0.2205,0.574,0.7009,0.7637,0.7637
2118,112,L112I,L,I,np,np,0.6169,0.6338,0.2205,0.574,0.7009,0.3272,0.3272
2119,112,L112K,L,K,np,p+,0.6169,0.6338,0.2205,0.574,0.7009,0.8098,0.8098
2120,112,L112M,L,M,np,np,0.6169,0.6338,0.2205,0.574,0.7009,0.4873,0.4873
2121,112,L112F,L,F,np,np,0.6169,0.6338,0.2205,0.574,0.7009,0.4062,0.4062
2122,112,L112P,L,P,np,np,0.6169,0.6338,0.2205,0.574,0.7009,0.6631,0.6631
2123,112,L112S,L,S,np,p~,0.6169,0.6338,0.2205,0.574,0.7009,0.5979,0.5979
2124,112,L112T,L,T,np,p~,0.6169,0.6338,0.2205,0.574,0.7009,0.38,0.38
2125,112,L112W,L,W,np,np,0.6169,0.6338,0.2205,0.574,0.7009,0.6609,0.6609
2126,112,L112Y,L,Y,np,p~,0.6169,0.6338,0.2205,0.574,0.7009,0.6124,0.6124
2127,112,L112V,L,V,np,np,0.6169,0.6338,0.2205,0.574,0.7009,0.2415,0.2415
2128,113,S113A,S,A,p~,np,0.7149,0.7299,0.0825,0.9752,0.9585,0.5324,0.5324
2129,113,S113R,S,R,p~,p+,0.7149,0.7299,0.0825,0.9752,0.9585,0.6904,0.6904
2130,113,S113N,S,N,p~,p~,0.7149,0.7299,0.0825,0.9752,0.9585,0.6043,0.6043
2131,113,S113D,S,D,p~,p-,0.7149,0.7299,0.0825,0.9752,0.9585,0.6669,0.6669
2132,113,S113C,S,C,p~,p~,0.7149,0.7299,0.0825,0.9752,0.9585,0.7099,0.7099
2133,113,S113Q,S,Q,p~,p~,0.7149,0.7299,0.0825,0.9752,0.9585,0.7401,0.7401
2134,113,S113E,S,E,p~,p-,0.7149,0.7299,0.0825,0.9752,0.9585,0.7942,0.7942
2135,113,S113G,S,G,p~,np,0.7149,0.7299,0.0825,0.9752,0.9585,0.4475,0.4475
2136,113,S113H,S,H,p~,p~,0.7149,0.7299,0.0825,0.9752,0.9585,0.7404,0.7404
2137,113,S113I,S,I,p~,np,0.7149,0.7299,0.0825,0.9752,0.9585,0.7921,0.7921
2138,113,S113L,S,L,p~,np,0.7149,0.7299,0.0825,0.9752,0.9585,0.7214,0.7214
2139,113,S113K,S,K,p~,p+,0.7149,0.7299,0.0825,0.9752,0.9585,0.7628,0.7628
2140,113,S113M,S,M,p~,np,0.7149,0.7299,0.0825,0.9752,0.9585,0.7833,0.7833
2141,113,S113F,S,F,p~,np,0.7149,0.7299,0.0825,0.9752,0.9585,0.6999,0.6999
2142,113,S113P,S,P,p~,np,0.7149,0.7299,0.0825,0.9752,0.9585,0.7209,0.7209
2143,113,S113T,S,T,p~,p~,0.7149,0.7299,0.0825,0.9752,0.9585,0.5423,0.5423
2144,113,S113W,S,W,p~,np,0.7149,0.7299,0.0825,0.9752,0.9585,0.733,0.733
2145,113,S113Y,S,Y,p~,p~,0.7149,0.7299,0.0825,0.9752,0.9585,0.7018,0.7018
2146,113,S113V,S,V,p~,np,0.7149,0.7299,0.0825,0.9752,0.9585,0.7869,0.7869
2147,114,S114A,S,A,p~,np,0.7733,0.7852,0.4217,0.2956,0.3044,0.26,0.26
2148,114,S114R,S,R,p~,p+,0.7733,0.7852,0.4217,0.2956,0.3044,0.4237,0.4237
2149,114,S114N,S,N,p~,p~,0.7733,0.7852,0.4217,0.2956,0.3044,0.195,0.195
2150,114,S114D,S,D,p~,p-,0.7733,0.7852,0.4217,0.2956,0.3044,0.2868,0.2868
2151,114,S114C,S,C,p~,p~,0.7733,0.7852,0.4217,0.2956,0.3044,0.7164,0.7164
2152,114,S114Q,S,Q,p~,p~,0.7733,0.7852,0.4217,0.2956,0.3044,0.2719,0.2719
2153,114,S114E,S,E,p~,p-,0.7733,0.7852,0.4217,0.2956,0.3044,0.2943,0.2943
2154,114,S114G,S,G,p~,np,0.7733,0.7852,0.4217,0.2956,0.3044,0.3628,0.3628
2155,114,S114H,S,H,p~,p~,0.7733,0.7852,0.4217,0.2956,0.3044,0.4743,0.4743
2156,114,S114I,S,I,p~,np,0.7733,0.7852,0.4217,0.2956,0.3044,0.3642,0.3642
2157,114,S114L,S,L,p~,np,0.7733,0.7852,0.4217,0.2956,0.3044,0.3142,0.3142
2158,114,S114K,S,K,p~,p+,0.7733,0.7852,0.4217,0.2956,0.3044,0.4228,0.4228
2159,114,S114M,S,M,p~,np,0.7733,0.7852,0.4217,0.2956,0.3044,0.351,0.351
2160,114,S114F,S,F,p~,np,0.7733,0.7852,0.4217,0.2956,0.3044,0.4511,0.4511
2161,114,S114P,S,P,p~,np,0.7733,0.7852,0.4217,0.2956,0.3044,0.3356,0.3356
2162,114,S114T,S,T,p~,p~,0.7733,0.7852,0.4217,0.2956,0.3044,0.1424,0.1424
2163,114,S114W,S,W,p~,np,0.7733,0.7852,0.4217,0.2956,0.3044,0.6026,0.6026
2164,114,S114Y,S,Y,p~,p~,0.7733,0.7852,0.4217,0.2956,0.3044,0.4714,0.4714
2165,114,S114V,S,V,p~,np,0.7733,0.7852,0.4217,0.2956,0.3044,0.3033,0.3033
2166,115,D115A,D,A,p-,np,0.8197,0.8305,0.0864,0.8962,0.8377,0.6683,0.6683
2167,115,D115R,D,R,p-,p+,0.8197,0.8305,0.0864,0.8962,0.8377,0.8133,0.8133
2168,115,D115N,D,N,p-,p~,0.8197,0.8305,0.0864,0.8962,0.8377,0.3312,0.3312
2169,115,D115C,D,C,p-,p~,0.8197,0.8305,0.0864,0.8962,0.8377,0.7647,0.7647
2170,115,D115Q,D,Q,p-,p~,0.8197,0.8305,0.0864,0.8962,0.8377,0.6901,0.6901
2171,115,D115E,D,E,p-,p-,0.8197,0.8305,0.0864,0.8962,0.8377,0.5749,0.5749
2172,115,D115G,D,G,p-,np,0.8197,0.8305,0.0864,0.8962,0.8377,0.5209,0.5209
2173,115,D115H,D,H,p-,p~,0.8197,0.8305,0.0864,0.8962,0.8377,0.7374,0.7374
2174,115,D115I,D,I,p-,np,0.8197,0.8305,0.0864,0.8962,0.8377,0.7185,0.7185
2175,115,D115L,D,L,p-,np,0.8197,0.8305,0.0864,0.8962,0.8377,0.7436,0.7436
2176,115,D115K,D,K,p-,p+,0.8197,0.8305,0.0864,0.8962,0.8377,0.7585,0.7585
2177,115,D115M,D,M,p-,np,0.8197,0.8305,0.0864,0.8962,0.8377,0.7995,0.7995
2178,115,D115F,D,F,p-,np,0.8197,0.8305,0.0864,0.8962,0.8377,0.7304,0.7304
2179,115,D115P,D,P,p-,np,0.8197,0.8305,0.0864,0.8962,0.8377,0.8522,0.8522
2180,115,D115S,D,S,p-,p~,0.8197,0.8305,0.0864,0.8962,0.8377,0.5101,0.5101
2181,115,D115T,D,T,p-,p~,0.8197,0.8305,0.0864,0.8962,0.8377,0.4693,0.4693
2182,115,D115W,D,W,p-,np,0.8197,0.8305,0.0864,0.8962,0.8377,0.7755,0.7755
2183,115,D115Y,D,Y,p-,p~,0.8197,0.8305,0.0864,0.8962,0.8377,0.6517,0.6517
2184,115,D115V,D,V,p-,np,0.8197,0.8305,0.0864,0.8962,0.8377,0.6697,0.6697
2185,116,G116A,G,A,np,np,0.8173,0.83,0.1226,0.6721,0.5049,0.3793,0.3793
2186,116,G116R,G,R,np,p+,0.8173,0.83,0.1226,0.6721,0.5049,0.4126,0.4126
2187,116,G116N,G,N,np,p~,0.8173,0.83,0.1226,0.6721,0.5049,0.2928,0.2928
2188,116,G116D,G,D,np,p-,0.8173,0.83,0.1226,0.6721,0.5049,0.4955,0.4955
2189,116,G116C,G,C,np,p~,0.8173,0.83,0.1226,0.6721,0.5049,0.749,0.749
2190,116,G116Q,G,Q,np,p~,0.8173,0.83,0.1226,0.6721,0.5049,0.4308,0.4308
2191,116,G116E,G,E,np,p-,0.8173,0.83,0.1226,0.6721,0.5049,0.5469,0.5469
2192,116,G116H,G,H,np,p~,0.8173,0.83,0.1226,0.6721,0.5049,0.5506,0.5506
2193,116,G116I,G,I,np,np,0.8173,0.83,0.1226,0.6721,0.5049,0.7043,0.7043
2194,116,G116L,G,L,np,np,0.8173,0.83,0.1226,0.6721,0.5049,0.4909,0.4909
2195,116,G116K,G,K,np,p+,0.8173,0.83,0.1226,0.6721,0.5049,0.387,0.387
2196,116,G116M,G,M,np,np,0.8173,0.83,0.1226,0.6721,0.5049,0.5266,0.5266
2197,116,G116F,G,F,np,np,0.8173,0.83,0.1226,0.6721,0.5049,0.5932,0.5932
2198,116,G116P,G,P,np,np,0.8173,0.83,0.1226,0.6721,0.5049,0.4574,0.4574
2199,116,G116S,G,S,np,p~,0.8173,0.83,0.1226,0.6721,0.5049,0.4176,0.4176
2200,116,G116T,G,T,np,p~,0.8173,0.83,0.1226,0.6721,0.5049,0.4284,0.4284
2201,116,G116W,G,W,np,np,0.8173,0.83,0.1226,0.6721,0.5049,0.7185,0.7185
2202,116,G116Y,G,Y,np,p~,0.8173,0.83,0.1226,0.6721,0.5049,0.6135,0.6135
2203,116,G116V,G,V,np,np,0.8173,0.83,0.1226,0.6721,0.5049,0.6452,0.6452
2204,117,T117A,T,A,p~,np,0.8297,0.8448,0.5852,0.2822,0.2501,0.2938,0.2938
2205,117,T117R,T,R,p~,p+,0.8297,0.8448,0.5852,0.2822,0.2501,0.3857,0.3857
2206,117,T117N,T,N,p~,p~,0.8297,0.8448,0.5852,0.2822,0.2501,0.2122,0.2122
2207,117,T117D,T,D,p~,p-,0.8297,0.8448,0.5852,0.2822,0.2501,0.3968,0.3968
2208,117,T117C,T,C,p~,p~,0.8297,0.8448,0.5852,0.2822,0.2501,0.6449,0.6449
2209,117,T117Q,T,Q,p~,p~,0.8297,0.8448,0.5852,0.2822,0.2501,0.2635,0.2635
2210,117,T117E,T,E,p~,p-,0.8297,0.8448,0.5852,0.2822,0.2501,0.3503,0.3503
2211,117,T117G,T,G,p~,np,0.8297,0.8448,0.5852,0.2822,0.2501,0.4234,0.4234
2212,117,T117H,T,H,p~,p~,0.8297,0.8448,0.5852,0.2822,0.2501,0.4474,0.4474
2213,117,T117I,T,I,p~,np,0.8297,0.8448,0.5852,0.2822,0.2501,0.2302,0.2302
2214,117,T117L,T,L,p~,np,0.8297,0.8448,0.5852,0.2822,0.2501,0.3504,0.3504
2215,117,T117K,T,K,p~,p+,0.8297,0.8448,0.5852,0.2822,0.2501,0.3069,0.3069
2216,117,T117M,T,M,p~,np,0.8297,0.8448,0.5852,0.2822,0.2501,0.4046,0.4046
2217,117,T117F,T,F,p~,np,0.8297,0.8448,0.5852,0.2822,0.2501,0.391,0.391
2218,117,T117P,T,P,p~,np,0.8297,0.8448,0.5852,0.2822,0.2501,0.6398,0.6398
2219,117,T117S,T,S,p~,p~,0.8297,0.8448,0.5852,0.2822,0.2501,0.2098,0.2098
2220,117,T117W,T,W,p~,np,0.8297,0.8448,0.5852,0.2822,0.2501,0.5278,0.5278
2221,117,T117Y,T,Y,p~,p~,0.8297,0.8448,0.5852,0.2822,0.2501,0.3802,0.3802
2222,117,T117V,T,V,p~,np,0.8297,0.8448,0.5852,0.2822,0.2501,0.1873,0.1873
2223,118,N118A,N,A,p~,np,0.778,0.7929,0.2529,0.506,0.6158,0.4559,0.4559
2224,118,N118R,N,R,p~,p+,0.778,0.7929,0.2529,0.506,0.6158,0.4875,0.4875
2225,118,N118D,N,D,p~,p-,0.778,0.7929,0.2529,0.506,0.6158,0.4584,0.4584
2226,118,N118C,N,C,p~,p~,0.778,0.7929,0.2529,0.506,0.6158,0.7647,0.7647
2227,118,N118Q,N,Q,p~,p~,0.778,0.7929,0.2529,0.506,0.6158,0.4507,0.4507
2228,118,N118E,N,E,p~,p-,0.778,0.7929,0.2529,0.506,0.6158,0.5291,0.5291
2229,118,N118G,N,G,p~,np,0.778,0.7929,0.2529,0.506,0.6158,0.4979,0.4979
2230,118,N118H,N,H,p~,p~,0.778,0.7929,0.2529,0.506,0.6158,0.354,0.354
2231,118,N118I,N,I,p~,np,0.778,0.7929,0.2529,0.506,0.6158,0.5396,0.5396
2232,118,N118L,N,L,p~,np,0.778,0.7929,0.2529,0.506,0.6158,0.5868,0.5868
2233,118,N118K,N,K,p~,p+,0.778,0.7929,0.2529,0.506,0.6158,0.4497,0.4497
2234,118,N118M,N,M,p~,np,0.778,0.7929,0.2529,0.506,0.6158,0.6272,0.6272
2235,118,N118F,N,F,p~,np,0.778,0.7929,0.2529,0.506,0.6158,0.5846,0.5846
2236,118,N118P,N,P,p~,np,0.778,0.7929,0.2529,0.506,0.6158,0.6888,0.6888
2237,118,N118S,N,S,p~,p~,0.778,0.7929,0.2529,0.506,0.6158,0.2796,0.2796
2238,118,N118T,N,T,p~,p~,0.778,0.7929,0.2529,0.506,0.6158,0.2798,0.2798
2239,118,N118W,N,W,p~,np,0.778,0.7929,0.2529,0.506,0.6158,0.6621,0.6621
2240,118,N118Y,N,Y,p~,p~,0.778,0.7929,0.2529,0.506,0.6158,0.5278,0.5278
2241,118,N118V,N,V,p~,np,0.778,0.7929,0.2529,0.506,0.6158,0.5088,0.5088
2242,119,W119A,W,A,np,np,0.7063,0.7247,0.0995,0.8029,0.9681,0.6239,0.6239
2243,119,W119R,W,R,np,p+,0.7063,0.7247,0.0995,0.8029,0.9681,0.6948,0.6948
2244,119,W119N,W,N,np,p~,0.7063,0.7247,0.0995,0.8029,0.9681,0.6446,0.6446
2245,119,W119D,W,D,np,p-,0.7063,0.7247,0.0995,0.8029,0.9681,0.7006,0.7006
2246,119,W119C,W,C,np,p~,0.7063,0.7247,0.0995,0.8029,0.9681,0.712,0.712
2247,119,W119Q,W,Q,np,p~,0.7063,0.7247,0.0995,0.8029,0.9681,0.6814,0.6814
2248,119,W119E,W,E,np,p-,0.7063,0.7247,0.0995,0.8029,0.9681,0.7369,0.7369
2249,119,W119G,W,G,np,np,0.7063,0.7247,0.0995,0.8029,0.9681,0.6691,0.6691
2250,119,W119H,W,H,np,p~,0.7063,0.7247,0.0995,0.8029,0.9681,0.621,0.621
2251,119,W119I,W,I,np,np,0.7063,0.7247,0.0995,0.8029,0.9681,0.6657,0.6657
2252,119,W119L,W,L,np,np,0.7063,0.7247,0.0995,0.8029,0.9681,0.5291,0.5291
2253,119,W119K,W,K,np,p+,0.7063,0.7247,0.0995,0.8029,0.9681,0.7076,0.7076
2254,119,W119M,W,M,np,np,0.7063,0.7247,0.0995,0.8029,0.9681,0.5531,0.5531
2255,119,W119F,W,F,np,np,0.7063,0.7247,0.0995,0.8029,0.9681,0.1772,0.1772
2256,119,W119P,W,P,np,np,0.7063,0.7247,0.0995,0.8029,0.9681,0.6434,0.6434
2257,119,W119S,W,S,np,p~,0.7063,0.7247,0.0995,0.8029,0.9681,0.5924,0.5924
2258,119,W119T,W,T,np,p~,0.7063,0.7247,0.0995,0.8029,0.9681,0.702,0.702
2259,119,W119Y,W,Y,np,p~,0.7063,0.7247,0.0995,0.8029,0.9681,0.2821,0.2821
2260,119,W119V,W,V,np,np,0.7063,0.7247,0.0995,0.8029,0.9681,0.6763,0.6763
2261,120,G120A,G,A,np,np,0.7072,0.7266,0.1056,0.7273,0.5844,0.4769,0.4769
2262,120,G120R,G,R,np,p+,0.7072,0.7266,0.1056,0.7273,0.5844,0.5882,0.5882
2263,120,G120N,G,N,np,p~,0.7072,0.7266,0.1056,0.7273,0.5844,0.4082,0.4082
2264,120,G120D,G,D,np,p-,0.7072,0.7266,0.1056,0.7273,0.5844,0.3788,0.3788
2265,120,G120C,G,C,np,p~,0.7072,0.7266,0.1056,0.7273,0.5844,0.7509,0.7509
2266,120,G120Q,G,Q,np,p~,0.7072,0.7266,0.1056,0.7273,0.5844,0.5359,0.5359
2267,120,G120E,G,E,np,p-,0.7072,0.7266,0.1056,0.7273,0.5844,0.4695,0.4695
2268,120,G120H,G,H,np,p~,0.7072,0.7266,0.1056,0.7273,0.5844,0.6996,0.6996
2269,120,G120I,G,I,np,np,0.7072,0.7266,0.1056,0.7273,0.5844,0.6181,0.6181
2270,120,G120L,G,L,np,np,0.7072,0.7266,0.1056,0.7273,0.5844,0.5784,0.5784
2271,120,G120K,G,K,np,p+,0.7072,0.7266,0.1056,0.7273,0.5844,0.6075,0.6075
2272,120,G120M,G,M,np,np,0.7072,0.7266,0.1056,0.7273,0.5844,0.665,0.665
2273,120,G120F,G,F,np,np,0.7072,0.7266,0.1056,0.7273,0.5844,0.6699,0.6699
2274,120,G120P,G,P,np,np,0.7072,0.7266,0.1056,0.7273,0.5844,0.5047,0.5047
2275,120,G120S,G,S,np,p~,0.7072,0.7266,0.1056,0.7273,0.5844,0.3799,0.3799
2276,120,G120T,G,T,np,p~,0.7072,0.7266,0.1056,0.7273,0.5844,0.4431,0.4431
2277,120,G120W,G,W,np,np,0.7072,0.7266,0.1056,0.7273,0.5844,0.6573,0.6573
2278,120,G120Y,G,Y,np,p~,0.7072,0.7266,0.1056,0.7273,0.5844,0.6511,0.6511
2279,120,G120V,G,V,np,np,0.7072,0.7266,0.1056,0.7273,0.5844,0.5575,0.5575
2280,121,S121A,S,A,p~,np,0.644,0.6649,0.5551,0.2845,0.1803,0.2384,0.2384
2281,121,S121R,S,R,p~,p+,0.644,0.6649,0.5551,0.2845,0.1803,0.4129,0.4129
2282,121,S121N,S,N,p~,p~,0.644,0.6649,0.5551,0.2845,0.1803,0.177,0.177
2283,121,S121D,S,D,p~,p-,0.644,0.6649,0.5551,0.2845,0.1803,0.1985,0.1985
2284,121,S121C,S,C,p~,p~,0.644,0.6649,0.5551,0.2845,0.1803,0.6497,0.6497
2285,121,S121Q,S,Q,p~,p~,0.644,0.6649,0.5551,0.2845,0.1803,0.3012,0.3012
2286,121,S121E,S,E,p~,p-,0.644,0.6649,0.5551,0.2845,0.1803,0.2832,0.2832
2287,121,S121G,S,G,p~,np,0.644,0.6649,0.5551,0.2845,0.1803,0.3307,0.3307
2288,121,S121H,S,H,p~,p~,0.644,0.6649,0.5551,0.2845,0.1803,0.4886,0.4886
2289,121,S121I,S,I,p~,np,0.644,0.6649,0.5551,0.2845,0.1803,0.4003,0.4003
2290,121,S121L,S,L,p~,np,0.644,0.6649,0.5551,0.2845,0.1803,0.3985,0.3985
2291,121,S121K,S,K,p~,p+,0.644,0.6649,0.5551,0.2845,0.1803,0.3991,0.3991
2292,121,S121M,S,M,p~,np,0.644,0.6649,0.5551,0.2845,0.1803,0.468,0.468
2293,121,S121F,S,F,p~,np,0.644,0.6649,0.5551,0.2845,0.1803,0.4723,0.4723
2294,121,S121P,S,P,p~,np,0.644,0.6649,0.5551,0.2845,0.1803,0.3573,0.3573
2295,121,S121T,S,T,p~,p~,0.644,0.6649,0.5551,0.2845,0.1803,0.2029,0.2029
2296,121,S121W,S,W,p~,np,0.644,0.6649,0.5551,0.2845,0.1803,0.5568,0.5568
2297,121,S121Y,S,Y,p~,p~,0.644,0.6649,0.5551,0.2845,0.1803,0.4186,0.4186
2298,121,S121V,S,V,p~,np,0.644,0.6649,0.5551,0.2845,0.1803,0.3535,0.3535
2299,122,P122A,P,A,np,np,0.586,0.6092,0.219,0.4655,0.3392,0.1871,0.1871
2300,122,P122R,P,R,np,p+,0.586,0.6092,0.219,0.4655,0.3392,0.3552,0.3552
2301,122,P122N,P,N,np,p~,0.586,0.6092,0.219,0.4655,0.3392,0.4716,0.4716
2302,122,P122D,P,D,np,p-,0.586,0.6092,0.219,0.4655,0.3392,0.6068,0.6068
2303,122,P122C,P,C,np,p~,0.586,0.6092,0.219,0.4655,0.3392,0.6308,0.6308
2304,122,P122Q,P,Q,np,p~,0.586,0.6092,0.219,0.4655,0.3392,0.3688,0.3688
2305,122,P122E,P,E,np,p-,0.586,0.6092,0.219,0.4655,0.3392,0.445,0.445
2306,122,P122G,P,G,np,np,0.586,0.6092,0.219,0.4655,0.3392,0.4887,0.4887
2307,122,P122H,P,H,np,p~,0.586,0.6092,0.219,0.4655,0.3392,0.5454,0.5454
2308,122,P122I,P,I,np,np,0.586,0.6092,0.219,0.4655,0.3392,0.4662,0.4662
2309,122,P122L,P,L,np,np,0.586,0.6092,0.219,0.4655,0.3392,0.4271,0.4271
2310,122,P122K,P,K,np,p+,0.586,0.6092,0.219,0.4655,0.3392,0.3089,0.3089
2311,122,P122M,P,M,np,np,0.586,0.6092,0.219,0.4655,0.3392,0.4508,0.4508
2312,122,P122F,P,F,np,np,0.586,0.6092,0.219,0.4655,0.3392,0.5621,0.5621
2313,122,P122S,P,S,np,p~,0.586,0.6092,0.219,0.4655,0.3392,0.2846,0.2846
2314,122,P122T,P,T,np,p~,0.586,0.6092,0.219,0.4655,0.3392,0.3881,0.3881
2315,122,P122W,P,W,np,np,0.586,0.6092,0.219,0.4655,0.3392,0.6206,0.6206
2316,122,P122Y,P,Y,np,p~,0.586,0.6092,0.219,0.4655,0.3392,0.5632,0.5632
2317,122,P122V,P,V,np,np,0.586,0.6092,0.219,0.4655,0.3392,0.3657,0.3657
2318,123,V123A,V,A,np,np,0.524,0.5477,0.0864,0.8809,0.9681,0.3434,0.3434
2319,123,V123R,V,R,np,p+,0.524,0.5477,0.0864,0.8809,0.9681,0.5556,0.5556
2320,123,V123N,V,N,np,p~,0.524,0.5477,0.0864,0.8809,0.9681,0.6078,0.6078
2321,123,V123D,V,D,np,p-,0.524,0.5477,0.0864,0.8809,0.9681,0.6261,0.6261
2322,123,V123C,V,C,np,p~,0.524,0.5477,0.0864,0.8809,0.9681,0.7248,0.7248
2323,123,V123Q,V,Q,np,p~,0.524,0.5477,0.0864,0.8809,0.9681,0.5382,0.5382
2324,123,V123E,V,E,np,p-,0.524,0.5477,0.0864,0.8809,0.9681,0.5008,0.5008
2325,123,V123G,V,G,np,np,0.524,0.5477,0.0864,0.8809,0.9681,0.5922,0.5922
2326,123,V123H,V,H,np,p~,0.524,0.5477,0.0864,0.8809,0.9681,0.6963,0.6963
2327,123,V123I,V,I,np,np,0.524,0.5477,0.0864,0.8809,0.9681,0.3149,0.3149
2328,123,V123L,V,L,np,np,0.524,0.5477,0.0864,0.8809,0.9681,0.4676,0.4676
2329,123,V123K,V,K,np,p+,0.524,0.5477,0.0864,0.8809,0.9681,0.5494,0.5494
2330,123,V123M,V,M,np,np,0.524,0.5477,0.0864,0.8809,0.9681,0.4809,0.4809
2331,123,V123F,V,F,np,np,0.524,0.5477,0.0864,0.8809,0.9681,0.5732,0.5732
2332,123,V123P,V,P,np,np,0.524,0.5477,0.0864,0.8809,0.9681,0.81,0.81
2333,123,V123S,V,S,np,p~,0.524,0.5477,0.0864,0.8809,0.9681,0.4888,0.4888
2334,123,V123T,V,T,np,p~,0.524,0.5477,0.0864,0.8809,0.9681,0.4658,0.4658
2335,123,V123W,V,W,np,np,0.524,0.5477,0.0864,0.8809,0.9681,0.7059,0.7059
2336,123,V123Y,V,Y,np,p~,0.524,0.5477,0.0864,0.8809,0.9681,0.58,0.58
2337,124,A124R,A,R,np,p+,0.5047,0.5304,0.0856,0.9018,0.8954,0.4924,0.4924
2338,124,A124N,A,N,np,p~,0.5047,0.5304,0.0856,0.9018,0.8954,0.4516,0.4516
2339,124,A124D,A,D,np,p-,0.5047,0.5304,0.0856,0.9018,0.8954,0.4782,0.4782
2340,124,A124C,A,C,np,p~,0.5047,0.5304,0.0856,0.9018,0.8954,0.6226,0.6226
2341,124,A124Q,A,Q,np,p~,0.5047,0.5304,0.0856,0.9018,0.8954,0.4614,0.4614
2342,124,A124E,A,E,np,p-,0.5047,0.5304,0.0856,0.9018,0.8954,0.4985,0.4985
2343,124,A124G,A,G,np,np,0.5047,0.5304,0.0856,0.9018,0.8954,0.4357,0.4357
2344,124,A124H,A,H,np,p~,0.5047,0.5304,0.0856,0.9018,0.8954,0.531,0.531
2345,124,A124I,A,I,np,np,0.5047,0.5304,0.0856,0.9018,0.8954,0.408,0.408
2346,124,A124L,A,L,np,np,0.5047,0.5304,0.0856,0.9018,0.8954,0.434,0.434
2347,124,A124K,A,K,np,p+,0.5047,0.5304,0.0856,0.9018,0.8954,0.4478,0.4478
2348,124,A124M,A,M,np,np,0.5047,0.5304,0.0856,0.9018,0.8954,0.5051,0.5051
2349,124,A124F,A,F,np,np,0.5047,0.5304,0.0856,0.9018,0.8954,0.4737,0.4737
2350,124,A124P,A,P,np,np,0.5047,0.5304,0.0856,0.9018,0.8954,0.7014,0.7014
2351,124,A124S,A,S,np,p~,0.5047,0.5304,0.0856,0.9018,0.8954,0.2261,0.2261
2352,124,A124T,A,T,np,p~,0.5047,0.5304,0.0856,0.9018,0.8954,0.2921,0.2921
2353,124,A124W,A,W,np,np,0.5047,0.5304,0.0856,0.9018,0.8954,0.5523,0.5523
2354,124,A124Y,A,Y,np,p~,0.5047,0.5304,0.0856,0.9018,0.8954,0.4818,0.4818
2355,124,A124V,A,V,np,np,0.5047,0.5304,0.0856,0.9018,0.8954,0.2738,0.2738
2356,125,S125A,S,A,p~,np,0.4764,0.5067,0.2891,0.3283,0.3284,0.2822,0.2822
2357,125,S125R,S,R,p~,p+,0.4764,0.5067,0.2891,0.3283,0.3284,0.3233,0.3233
2358,125,S125N,S,N,p~,p~,0.4764,0.5067,0.2891,0.3283,0.3284,0.2722,0.2722
2359,125,S125D,S,D,p~,p-,0.4764,0.5067,0.2891,0.3283,0.3284,0.3946,0.3946
2360,125,S125C,S,C,p~,p~,0.4764,0.5067,0.2891,0.3283,0.3284,0.4979,0.4979
2361,125,S125Q,S,Q,p~,p~,0.4764,0.5067,0.2891,0.3283,0.3284,0.3112,0.3112
2362,125,S125E,S,E,p~,p-,0.4764,0.5067,0.2891,0.3283,0.3284,0.3694,0.3694
2363,125,S125G,S,G,p~,np,0.4764,0.5067,0.2891,0.3283,0.3284,0.3716,0.3716
2364,125,S125H,S,H,p~,p~,0.4764,0.5067,0.2891,0.3283,0.3284,0.4685,0.4685
2365,125,S125I,S,I,p~,np,0.4764,0.5067,0.2891,0.3283,0.3284,0.2851,0.2851
2366,125,S125L,S,L,p~,np,0.4764,0.5067,0.2891,0.3283,0.3284,0.3707,0.3707
2367,125,S125K,S,K,p~,p+,0.4764,0.5067,0.2891,0.3283,0.3284,0.3028,0.3028
2368,125,S125M,S,M,p~,np,0.4764,0.5067,0.2891,0.3283,0.3284,0.3669,0.3669
2369,125,S125F,S,F,p~,np,0.4764,0.5067,0.2891,0.3283,0.3284,0.3879,0.3879
2370,125,S125P,S,P,p~,np,0.4764,0.5067,0.2891,0.3283,0.3284,0.5982,0.5982
2371,125,S125T,S,T,p~,p~,0.4764,0.5067,0.2891,0.3283,0.3284,0.1217,0.1217
2372,125,S125W,S,W,p~,np,0.4764,0.5067,0.2891,0.3283,0.3284,0.4501,0.4501
2373,125,S125Y,S,Y,p~,p~,0.4764,0.5067,0.2891,0.3283,0.3284,0.3736,0.3736
2374,125,S125V,S,V,p~,np,0.4764,0.5067,0.2891,0.3283,0.3284,0.2548,0.2548
2375,126,G126A,G,A,np,np,0.4783,0.5098,0.0817,0.9606,0.9341,0.4293,0.4293
2376,126,G126R,G,R,np,p+,0.4783,0.5098,0.0817,0.9606,0.9341,0.5244,0.5244
2377,126,G126N,G,N,np,p~,0.4783,0.5098,0.0817,0.9606,0.9341,0.4247,0.4247
2378,126,G126D,G,D,np,p-,0.4783,0.5098,0.0817,0.9606,0.9341,0.4264,0.4264
2379,126,G126C,G,C,np,p~,0.4783,0.5098,0.0817,0.9606,0.9341,0.5457,0.5457
2380,126,G126Q,G,Q,np,p~,0.4783,0.5098,0.0817,0.9606,0.9341,0.5358,0.5358
2381,126,G126E,G,E,np,p-,0.4783,0.5098,0.0817,0.9606,0.9341,0.5125,0.5125
2382,126,G126H,G,H,np,p~,0.4783,0.5098,0.0817,0.9606,0.9341,0.6389,0.6389
2383,126,G126I,G,I,np,np,0.4783,0.5098,0.0817,0.9606,0.9341,0.6196,0.6196
2384,126,G126L,G,L,np,np,0.4783,0.5098,0.0817,0.9606,0.9341,0.5797,0.5797
2385,126,G126K,G,K,np,p+,0.4783,0.5098,0.0817,0.9606,0.9341,0.5823,0.5823
2386,126,G126M,G,M,np,np,0.4783,0.5098,0.0817,0.9606,0.9341,0.6191,0.6191
2387,126,G126F,G,F,np,np,0.4783,0.5098,0.0817,0.9606,0.9341,0.6034,0.6034
2388,126,G126P,G,P,np,np,0.4783,0.5098,0.0817,0.9606,0.9341,0.7433,0.7433
2389,126,G126S,G,S,np,p~,0.4783,0.5098,0.0817,0.9606,0.9341,0.4127,0.4127
2390,126,G126T,G,T,np,p~,0.4783,0.5098,0.0817,0.9606,0.9341,0.4957,0.4957
2391,126,G126W,G,W,np,np,0.4783,0.5098,0.0817,0.9606,0.9341,0.6208,0.6208
2392,126,G126Y,G,Y,np,p~,0.4783,0.5098,0.0817,0.9606,0.9341,0.6232,0.6232
2393,126,G126V,G,V,np,np,0.4783,0.5098,0.0817,0.9606,0.9341,0.5163,0.5163
2394,127,S127A,S,A,p~,np,0.42,0.453,0.1488,0.5112,0.6174,0.2142,0.2142
2395,127,S127R,S,R,p~,p+,0.42,0.453,0.1488,0.5112,0.6174,0.2419,0.2419
2396,127,S127N,S,N,p~,p~,0.42,0.453,0.1488,0.5112,0.6174,0.2162,0.2162
2397,127,S127D,S,D,p~,p-,0.42,0.453,0.1488,0.5112,0.6174,0.2858,0.2858
2398,127,S127C,S,C,p~,p~,0.42,0.453,0.1488,0.5112,0.6174,0.4386,0.4386
2399,127,S127Q,S,Q,p~,p~,0.42,0.453,0.1488,0.5112,0.6174,0.2054,0.2054
2400,127,S127E,S,E,p~,p-,0.42,0.453,0.1488,0.5112,0.6174,0.2091,0.2091
2401,127,S127G,S,G,p~,np,0.42,0.453,0.1488,0.5112,0.6174,0.3017,0.3017
2402,127,S127H,S,H,p~,p~,0.42,0.453,0.1488,0.5112,0.6174,0.348,0.348
2403,127,S127I,S,I,p~,np,0.42,0.453,0.1488,0.5112,0.6174,0.2182,0.2182
2404,127,S127L,S,L,p~,np,0.42,0.453,0.1488,0.5112,0.6174,0.2189,0.2189
2405,127,S127K,S,K,p~,p+,0.42,0.453,0.1488,0.5112,0.6174,0.2969,0.2969
2406,127,S127M,S,M,p~,np,0.42,0.453,0.1488,0.5112,0.6174,0.2756,0.2756
2407,127,S127F,S,F,p~,np,0.42,0.453,0.1488,0.5112,0.6174,0.2393,0.2393
2408,127,S127P,S,P,p~,np,0.42,0.453,0.1488,0.5112,0.6174,0.4449,0.4449
2409,127,S127T,S,T,p~,p~,0.42,0.453,0.1488,0.5112,0.6174,0.1174,0.1174
2410,127,S127W,S,W,p~,np,0.42,0.453,0.1488,0.5112,0.6174,0.3105,0.3105
2411,127,S127Y,S,Y,p~,p~,0.42,0.453,0.1488,0.5112,0.6174,0.219,0.219
2412,127,S127V,S,V,p~,np,0.42,0.453,0.1488,0.5112,0.6174,0.1887,0.1887
2413,128,W128A,W,A,np,np,0.4291,0.4606,0.0964,0.8183,0.9681,0.7019,0.7019
2414,128,W128R,W,R,np,p+,0.4291,0.4606,0.0964,0.8183,0.9681,0.6566,0.6566
2415,128,W128N,W,N,np,p~,0.4291,0.4606,0.0964,0.8183,0.9681,0.6847,0.6847
2416,128,W128D,W,D,np,p-,0.4291,0.4606,0.0964,0.8183,0.9681,0.7588,0.7588
2417,128,W128C,W,C,np,p~,0.4291,0.4606,0.0964,0.8183,0.9681,0.688,0.688
2418,128,W128Q,W,Q,np,p~,0.4291,0.4606,0.0964,0.8183,0.9681,0.707,0.707
2419,128,W128E,W,E,np,p-,0.4291,0.4606,0.0964,0.8183,0.9681,0.7859,0.7859
2420,128,W128G,W,G,np,np,0.4291,0.4606,0.0964,0.8183,0.9681,0.7309,0.7309
2421,128,W128H,W,H,np,p~,0.4291,0.4606,0.0964,0.8183,0.9681,0.5574,0.5574
2422,128,W128I,W,I,np,np,0.4291,0.4606,0.0964,0.8183,0.9681,0.6769,0.6769
2423,128,W128L,W,L,np,np,0.4291,0.4606,0.0964,0.8183,0.9681,0.537,0.537
2424,128,W128K,W,K,np,p+,0.4291,0.4606,0.0964,0.8183,0.9681,0.7797,0.7797
2425,128,W128M,W,M,np,np,0.4291,0.4606,0.0964,0.8183,0.9681,0.6182,0.6182
2426,128,W128F,W,F,np,np,0.4291,0.4606,0.0964,0.8183,0.9681,0.3874,0.3874
2427,128,W128P,W,P,np,np,0.4291,0.4606,0.0964,0.8183,0.9681,0.7612,0.7612
2428,128,W128S,W,S,np,p~,0.4291,0.4606,0.0964,0.8183,0.9681,0.6735,0.6735
2429,128,W128T,W,T,np,p~,0.4291,0.4606,0.0964,0.8183,0.9681,0.7223,0.7223
2430,128,W128Y,W,Y,np,p~,0.4291,0.4606,0.0964,0.8183,0.9681,0.358,0.358
2431,128,W128V,W,V,np,np,0.4291,0.4606,0.0964,0.8183,0.9681,0.7028,0.7028
2432,129,F129A,F,A,np,np,0.3665,0.3982,0.6106,0.2401,0.2259,-0.0649,-0.0649
2433,129,F129R,F,R,np,p+,0.3665,0.3982,0.6106,0.2401,0.2259,0.1311,0.1311
2434,129,F129N,F,N,np,p~,0.3665,0.3982,0.6106,0.2401,0.2259,0.0365,0.0365
2435,129,F129D,F,D,np,p-,0.3665,0.3982,0.6106,0.2401,0.2259,0.078,0.078
2436,129,F129C,F,C,np,p~,0.3665,0.3982,0.6106,0.2401,0.2259,0.3338,0.3338
2437,129,F129Q,F,Q,np,p~,0.3665,0.3982,0.6106,0.2401,0.2259,0.0626,0.0626
2438,129,F129E,F,E,np,p-,0.3665,0.3982,0.6106,0.2401,0.2259,0.1084,0.1084
2439,129,F129G,F,G,np,np,0.3665,0.3982,0.6106,0.2401,0.2259,0.0715,0.0715
2440,129,F129H,F,H,np,p~,0.3665,0.3982,0.6106,0.2401,0.2259,0.2691,0.2691
2441,129,F129I,F,I,np,np,0.3665,0.3982,0.6106,0.2401,0.2259,0.1336,0.1336
2442,129,F129L,F,L,np,np,0.3665,0.3982,0.6106,0.2401,0.2259,0.06,0.06
2443,129,F129K,F,K,np,p+,0.3665,0.3982,0.6106,0.2401,0.2259,0.0605,0.0605
2444,129,F129M,F,M,np,np,0.3665,0.3982,0.6106,0.2401,0.2259,0.1854,0.1854
2445,129,F129P,F,P,np,np,0.3665,0.3982,0.6106,0.2401,0.2259,0.0207,0.0207
2446,129,F129S,F,S,np,p~,0.3665,0.3982,0.6106,0.2401,0.2259,0.0159,0.0159
2447,129,F129T,F,T,np,p~,0.3665,0.3982,0.6106,0.2401,0.2259,0.0238,0.0238
2448,129,F129W,F,W,np,np,0.3665,0.3982,0.6106,0.2401,0.2259,0.2908,0.2908
2449,129,F129Y,F,Y,np,p~,0.3665,0.3982,0.6106,0.2401,0.2259,0.1274,0.1274
2450,129,F129V,F,V,np,np,0.3665,0.3982,0.6106,0.2401,0.2259,0.0811,0.0811
2451,130,A130R,A,R,np,p+,0.4301,0.4599,0.5682,0.3401,0.168,0.2244,0.2244
2452,130,A130N,A,N,np,p~,0.4301,0.4599,0.5682,0.3401,0.168,0.0624,0.0624
2453,130,A130D,A,D,np,p-,0.4301,0.4599,0.5682,0.3401,0.168,0.1214,0.1214
2454,130,A130C,A,C,np,p~,0.4301,0.4599,0.5682,0.3401,0.168,0.4329,0.4329
2455,130,A130Q,A,Q,np,p~,0.4301,0.4599,0.5682,0.3401,0.168,0.2029,0.2029
2456,130,A130E,A,E,np,p-,0.4301,0.4599,0.5682,0.3401,0.168,0.2651,0.2651
2457,130,A130G,A,G,np,np,0.4301,0.4599,0.5682,0.3401,0.168,0.2438,0.2438
2458,130,A130H,A,H,np,p~,0.4301,0.4599,0.5682,0.3401,0.168,0.2955,0.2955
2459,130,A130I,A,I,np,np,0.4301,0.4599,0.5682,0.3401,0.168,0.3086,0.3086
2460,130,A130L,A,L,np,np,0.4301,0.4599,0.5682,0.3401,0.168,0.2642,0.2642
2461,130,A130K,A,K,np,p+,0.4301,0.4599,0.5682,0.3401,0.168,0.1852,0.1852
2462,130,A130M,A,M,np,np,0.4301,0.4599,0.5682,0.3401,0.168,0.304,0.304
2463,130,A130F,A,F,np,np,0.4301,0.4599,0.5682,0.3401,0.168,0.3146,0.3146
2464,130,A130P,A,P,np,np,0.4301,0.4599,0.5682,0.3401,0.168,0.2443,0.2443
2465,130,A130S,A,S,np,p~,0.4301,0.4599,0.5682,0.3401,0.168,0.171,0.171
2466,130,A130T,A,T,np,p~,0.4301,0.4599,0.5682,0.3401,0.168,0.2285,0.2285
2467,130,A130W,A,W,np,np,0.4301,0.4599,0.5682,0.3401,0.168,0.3709,0.3709
2468,130,A130Y,A,Y,np,p~,0.4301,0.4599,0.5682,0.3401,0.168,0.2749,0.2749
2469,130,A130V,A,V,np,np,0.4301,0.4599,0.5682,0.3401,0.168,0.3033,0.3033
2470,131,D131A,D,A,p-,np,0.3779,0.4048,0.118,0.6787,0.6069,0.3785,0.3785
2471,131,D131R,D,R,p-,p+,0.3779,0.4048,0.118,0.6787,0.6069,0.4904,0.4904
2472,131,D131N,D,N,p-,p~,0.3779,0.4048,0.118,0.6787,0.6069,0.2066,0.2066
2473,131,D131C,D,C,p-,p~,0.3779,0.4048,0.118,0.6787,0.6069,0.63,0.63
2474,131,D131Q,D,Q,p-,p~,0.3779,0.4048,0.118,0.6787,0.6069,0.4442,0.4442
2475,131,D131E,D,E,p-,p-,0.3779,0.4048,0.118,0.6787,0.6069,0.4202,0.4202
2476,131,D131G,D,G,p-,np,0.3779,0.4048,0.118,0.6787,0.6069,0.3298,0.3298
2477,131,D131H,D,H,p-,p~,0.3779,0.4048,0.118,0.6787,0.6069,0.4095,0.4095
2478,131,D131I,D,I,p-,np,0.3779,0.4048,0.118,0.6787,0.6069,0.4941,0.4941
2479,131,D131L,D,L,p-,np,0.3779,0.4048,0.118,0.6787,0.6069,0.538,0.538
2480,131,D131K,D,K,p-,p+,0.3779,0.4048,0.118,0.6787,0.6069,0.4901,0.4901
2481,131,D131M,D,M,p-,np,0.3779,0.4048,0.118,0.6787,0.6069,0.5467,0.5467
2482,131,D131F,D,F,p-,np,0.3779,0.4048,0.118,0.6787,0.6069,0.5729,0.5729
2483,131,D131P,D,P,p-,np,0.3779,0.4048,0.118,0.6787,0.6069,0.5844,0.5844
2484,131,D131S,D,S,p-,p~,0.3779,0.4048,0.118,0.6787,0.6069,0.2909,0.2909
2485,131,D131T,D,T,p-,p~,0.3779,0.4048,0.118,0.6787,0.6069,0.318,0.318
2486,131,D131W,D,W,p-,np,0.3779,0.4048,0.118,0.6787,0.6069,0.6226,0.6226
2487,131,D131Y,D,Y,p-,p~,0.3779,0.4048,0.118,0.6787,0.6069,0.4927,0.4927
2488,131,D131V,D,V,p-,np,0.3779,0.4048,0.118,0.6787,0.6069,0.4606,0.4606
2489,132,S132A,S,A,p~,np,0.4572,0.4781,0.5189,0.2679,0.1341,0.2304,0.2304
2490,132,S132R,S,R,p~,p+,0.4572,0.4781,0.5189,0.2679,0.1341,0.2806,0.2806
2491,132,S132N,S,N,p~,p~,0.4572,0.4781,0.5189,0.2679,0.1341,0.2199,0.2199
2492,132,S132D,S,D,p~,p-,0.4572,0.4781,0.5189,0.2679,0.1341,0.3278,0.3278
2493,132,S132C,S,C,p~,p~,0.4572,0.4781,0.5189,0.2679,0.1341,0.6021,0.6021
2494,132,S132Q,S,Q,p~,p~,0.4572,0.4781,0.5189,0.2679,0.1341,0.3133,0.3133
2495,132,S132E,S,E,p~,p-,0.4572,0.4781,0.5189,0.2679,0.1341,0.3644,0.3644
2496,132,S132G,S,G,p~,np,0.4572,0.4781,0.5189,0.2679,0.1341,0.2439,0.2439
2497,132,S132H,S,H,p~,p~,0.4572,0.4781,0.5189,0.2679,0.1341,0.3751,0.3751
2498,132,S132I,S,I,p~,np,0.4572,0.4781,0.5189,0.2679,0.1341,0.4226,0.4226
2499,132,S132L,S,L,p~,np,0.4572,0.4781,0.5189,0.2679,0.1341,0.4006,0.4006
2500,132,S132K,S,K,p~,p+,0.4572,0.4781,0.5189,0.2679,0.1341,0.2396,0.2396
2501,132,S132M,S,M,p~,np,0.4572,0.4781,0.5189,0.2679,0.1341,0.429,0.429
2502,132,S132F,S,F,p~,np,0.4572,0.4781,0.5189,0.2679,0.1341,0.4122,0.4122
2503,132,S132P,S,P,p~,np,0.4572,0.4781,0.5189,0.2679,0.1341,0.3457,0.3457
2504,132,S132T,S,T,p~,p~,0.4572,0.4781,0.5189,0.2679,0.1341,0.2464,0.2464
2505,132,S132W,S,W,p~,np,0.4572,0.4781,0.5189,0.2679,0.1341,0.4631,0.4631
2506,132,S132Y,S,Y,p~,p~,0.4572,0.4781,0.5189,0.2679,0.1341,0.382,0.382
2507,132,S132V,S,V,p~,np,0.4572,0.4781,0.5189,0.2679,0.1341,0.3826,0.3826
2508,133,T133A,T,A,p~,np,0.385,0.4071,0.2907,0.4798,0.4294,0.2473,0.2473
2509,133,T133R,T,R,p~,p+,0.385,0.4071,0.2907,0.4798,0.4294,0.2834,0.2834
2510,133,T133N,T,N,p~,p~,0.385,0.4071,0.2907,0.4798,0.4294,0.2211,0.2211
2511,133,T133D,T,D,p~,p-,0.385,0.4071,0.2907,0.4798,0.4294,0.3412,0.3412
2512,133,T133C,T,C,p~,p~,0.385,0.4071,0.2907,0.4798,0.4294,0.6113,0.6113
2513,133,T133Q,T,Q,p~,p~,0.385,0.4071,0.2907,0.4798,0.4294,0.274,0.274
2514,133,T133E,T,E,p~,p-,0.385,0.4071,0.2907,0.4798,0.4294,0.3435,0.3435
2515,133,T133G,T,G,p~,np,0.385,0.4071,0.2907,0.4798,0.4294,0.3231,0.3231
2516,133,T133H,T,H,p~,p~,0.385,0.4071,0.2907,0.4798,0.4294,0.3941,0.3941
2517,133,T133I,T,I,p~,np,0.385,0.4071,0.2907,0.4798,0.4294,0.3741,0.3741
2518,133,T133L,T,L,p~,np,0.385,0.4071,0.2907,0.4798,0.4294,0.3539,0.3539
2519,133,T133K,T,K,p~,p+,0.385,0.4071,0.2907,0.4798,0.4294,0.2517,0.2517
2520,133,T133M,T,M,p~,np,0.385,0.4071,0.2907,0.4798,0.4294,0.4028,0.4028
2521,133,T133F,T,F,p~,np,0.385,0.4071,0.2907,0.4798,0.4294,0.4078,0.4078
2522,133,T133P,T,P,p~,np,0.385,0.4071,0.2907,0.4798,0.4294,0.56,0.56
2523,133,T133S,T,S,p~,p~,0.385,0.4071,0.2907,0.4798,0.4294,0.2091,0.2091
2524,133,T133W,T,W,p~,np,0.385,0.4071,0.2907,0.4798,0.4294,0.495,0.495
2525,133,T133Y,T,Y,p~,p~,0.385,0.4071,0.2907,0.4798,0.4294,0.4029,0.4029
2526,133,T133V,T,V,p~,np,0.385,0.4071,0.2907,0.4798,0.4294,0.3266,0.3266
2527,134,T134A,T,A,p~,np,0.4018,0.4255,0.613,0.3322,0.28,0.2355,0.2355
2528,134,T134R,T,R,p~,p+,0.4018,0.4255,0.613,0.3322,0.28,0.3399,0.3399
2529,134,T134N,T,N,p~,p~,0.4018,0.4255,0.613,0.3322,0.28,0.266,0.266
2530,134,T134D,T,D,p~,p-,0.4018,0.4255,0.613,0.3322,0.28,0.2471,0.2471
2531,134,T134C,T,C,p~,p~,0.4018,0.4255,0.613,0.3322,0.28,0.6289,0.6289
2532,134,T134Q,T,Q,p~,p~,0.4018,0.4255,0.613,0.3322,0.28,0.2213,0.2213
2533,134,T134E,T,E,p~,p-,0.4018,0.4255,0.613,0.3322,0.28,0.1133,0.1133
2534,134,T134G,T,G,p~,np,0.4018,0.4255,0.613,0.3322,0.28,0.422,0.422
2535,134,T134H,T,H,p~,p~,0.4018,0.4255,0.613,0.3322,0.28,0.4054,0.4054
2536,134,T134I,T,I,p~,np,0.4018,0.4255,0.613,0.3322,0.28,0.2092,0.2092
2537,134,T134L,T,L,p~,np,0.4018,0.4255,0.613,0.3322,0.28,0.1928,0.1928
2538,134,T134K,T,K,p~,p+,0.4018,0.4255,0.613,0.3322,0.28,0.3303,0.3303
2539,134,T134M,T,M,p~,np,0.4018,0.4255,0.613,0.3322,0.28,0.3068,0.3068
2540,134,T134F,T,F,p~,np,0.4018,0.4255,0.613,0.3322,0.28,0.3133,0.3133
2541,134,T134P,T,P,p~,np,0.4018,0.4255,0.613,0.3322,0.28,0.2417,0.2417
2542,134,T134S,T,S,p~,p~,0.4018,0.4255,0.613,0.3322,0.28,0.2837,0.2837
2543,134,T134W,T,W,p~,np,0.4018,0.4255,0.613,0.3322,0.28,0.3522,0.3522
2544,134,T134Y,T,Y,p~,p~,0.4018,0.4255,0.613,0.3322,0.28,0.314,0.314
2545,134,T134V,T,V,p~,np,0.4018,0.4255,0.613,0.3322,0.28,0.173,0.173
2546,135,K135A,K,A,p+,np,0.3878,0.417,0.0956,0.7582,0.7781,0.6455,0.6455
2547,135,K135R,K,R,p+,p+,0.3878,0.417,0.0956,0.7582,0.7781,0.4032,0.4032
2548,135,K135N,K,N,p+,p~,0.3878,0.417,0.0956,0.7582,0.7781,0.5457,0.5457
2549,135,K135D,K,D,p+,p-,0.3878,0.417,0.0956,0.7582,0.7781,0.6838,0.6838
2550,135,K135C,K,C,p+,p~,0.3878,0.417,0.0956,0.7582,0.7781,0.8585,0.8585
2551,135,K135Q,K,Q,p+,p~,0.3878,0.417,0.0956,0.7582,0.7781,0.5196,0.5196
2552,135,K135E,K,E,p+,p-,0.3878,0.417,0.0956,0.7582,0.7781,0.577,0.577
2553,135,K135G,K,G,p+,np,0.3878,0.417,0.0956,0.7582,0.7781,0.696,0.696
2554,135,K135H,K,H,p+,p~,0.3878,0.417,0.0956,0.7582,0.7781,0.5485,0.5485
2555,135,K135I,K,I,p+,np,0.3878,0.417,0.0956,0.7582,0.7781,0.6172,0.6172
2556,135,K135L,K,L,p+,np,0.3878,0.417,0.0956,0.7582,0.7781,0.6194,0.6194
2557,135,K135M,K,M,p+,np,0.3878,0.417,0.0956,0.7582,0.7781,0.5847,0.5847
2558,135,K135F,K,F,p+,np,0.3878,0.417,0.0956,0.7582,0.7781,0.688,0.688
2559,135,K135P,K,P,p+,np,0.3878,0.417,0.0956,0.7582,0.7781,0.7596,0.7596
2560,135,K135S,K,S,p+,p~,0.3878,0.417,0.0956,0.7582,0.7781,0.65,0.65
2561,135,K135T,K,T,p+,p~,0.3878,0.417,0.0956,0.7582,0.7781,0.5851,0.5851
2562,135,K135W,K,W,p+,np,0.3878,0.417,0.0956,0.7582,0.7781,0.6756,0.6756
2563,135,K135Y,K,Y,p+,p~,0.3878,0.417,0.0956,0.7582,0.7781,0.6875,0.6875
2564,135,K135V,K,V,p+,np,0.3878,0.417,0.0956,0.7582,0.7781,0.6379,0.6379
2565,136,Y136A,Y,A,p~,np,0.3961,0.4188,0.4973,0.3583,0.2647,0.3534,0.3534
2566,136,Y136R,Y,R,p~,p+,0.3961,0.4188,0.4973,0.3583,0.2647,0.364,0.364
2567,136,Y136N,Y,N,p~,p~,0.3961,0.4188,0.4973,0.3583,0.2647,0.313,0.313
2568,136,Y136D,Y,D,p~,p-,0.3961,0.4188,0.4973,0.3583,0.2647,0.3825,0.3825
2569,136,Y136C,Y,C,p~,p~,0.3961,0.4188,0.4973,0.3583,0.2647,0.5398,0.5398
2570,136,Y136Q,Y,Q,p~,p~,0.3961,0.4188,0.4973,0.3583,0.2647,0.3133,0.3133
2571,136,Y136E,Y,E,p~,p-,0.3961,0.4188,0.4973,0.3583,0.2647,0.362,0.362
2572,136,Y136G,Y,G,p~,np,0.3961,0.4188,0.4973,0.3583,0.2647,0.4321,0.4321
2573,136,Y136H,Y,H,p~,p~,0.3961,0.4188,0.4973,0.3583,0.2647,0.3571,0.3571
2574,136,Y136I,Y,I,p~,np,0.3961,0.4188,0.4973,0.3583,0.2647,0.2994,0.2994
2575,136,Y136L,Y,L,p~,np,0.3961,0.4188,0.4973,0.3583,0.2647,0.2834,0.2834
2576,136,Y136K,Y,K,p~,p+,0.3961,0.4188,0.4973,0.3583,0.2647,0.3828,0.3828
2577,136,Y136M,Y,M,p~,np,0.3961,0.4188,0.4973,0.3583,0.2647,0.3787,0.3787
2578,136,Y136F,Y,F,p~,np,0.3961,0.4188,0.4973,0.3583,0.2647,0.2795,0.2795
2579,136,Y136P,Y,P,p~,np,0.3961,0.4188,0.4973,0.3583,0.2647,0.4053,0.4053
2580,136,Y136S,Y,S,p~,p~,0.3961,0.4188,0.4973,0.3583,0.2647,0.3101,0.3101
2581,136,Y136T,Y,T,p~,p~,0.3961,0.4188,0.4973,0.3583,0.2647,0.2452,0.2452
2582,136,Y136W,Y,W,p~,np,0.3961,0.4188,0.4973,0.3583,0.2647,0.3638,0.3638
2583,136,Y136V,Y,V,p~,np,0.3961,0.4188,0.4973,0.3583,0.2647,0.2746,0.2746
2584,137,S137A,S,A,p~,np,0.4492,0.4738,0.1812,0.6188,0.6117,0.2804,0.2804
2585,137,S137R,S,R,p~,p+,0.4492,0.4738,0.1812,0.6188,0.6117,0.582,0.582
2586,137,S137N,S,N,p~,p~,0.4492,0.4738,0.1812,0.6188,0.6117,0.4024,0.4024
2587,137,S137D,S,D,p~,p-,0.4492,0.4738,0.1812,0.6188,0.6117,0.373,0.373
2588,137,S137C,S,C,p~,p~,0.4492,0.4738,0.1812,0.6188,0.6117,0.5535,0.5535
2589,137,S137Q,S,Q,p~,p~,0.4492,0.4738,0.1812,0.6188,0.6117,0.4735,0.4735
2590,137,S137E,S,E,p~,p-,0.4492,0.4738,0.1812,0.6188,0.6117,0.4474,0.4474
2591,137,S137G,S,G,p~,np,0.4492,0.4738,0.1812,0.6188,0.6117,0.4822,0.4822
2592,137,S137H,S,H,p~,p~,0.4492,0.4738,0.1812,0.6188,0.6117,0.5458,0.5458
2593,137,S137I,S,I,p~,np,0.4492,0.4738,0.1812,0.6188,0.6117,0.3425,0.3425
2594,137,S137L,S,L,p~,np,0.4492,0.4738,0.1812,0.6188,0.6117,0.4021,0.4021
2595,137,S137K,S,K,p~,p+,0.4492,0.4738,0.1812,0.6188,0.6117,0.5532,0.5532
2596,137,S137M,S,M,p~,np,0.4492,0.4738,0.1812,0.6188,0.6117,0.487,0.487
2597,137,S137F,S,F,p~,np,0.4492,0.4738,0.1812,0.6188,0.6117,0.4938,0.4938
2598,137,S137P,S,P,p~,np,0.4492,0.4738,0.1812,0.6188,0.6117,0.5613,0.5613
2599,137,S137T,S,T,p~,p~,0.4492,0.4738,0.1812,0.6188,0.6117,0.2533,0.2533
2600,137,S137W,S,W,p~,np,0.4492,0.4738,0.1812,0.6188,0.6117,0.6446,0.6446
2601,137,S137Y,S,Y,p~,p~,0.4492,0.4738,0.1812,0.6188,0.6117,0.5228,0.5228
2602,137,S137V,S,V,p~,np,0.4492,0.4738,0.1812,0.6188,0.6117,0.2295,0.2295
2603,138,N138A,N,A,p~,np,0.3869,0.409,0.6476,0.3782,0.4453,0.1432,0.1432
2604,138,N138R,N,R,p~,p+,0.3869,0.409,0.6476,0.3782,0.4453,0.1624,0.1624
2605,138,N138D,N,D,p~,p-,0.3869,0.409,0.6476,0.3782,0.4453,0.2101,0.2101
2606,138,N138C,N,C,p~,p~,0.3869,0.409,0.6476,0.3782,0.4453,0.4071,0.4071
2607,138,N138Q,N,Q,p~,p~,0.3869,0.409,0.6476,0.3782,0.4453,0.1773,0.1773
2608,138,N138E,N,E,p~,p-,0.3869,0.409,0.6476,0.3782,0.4453,0.2094,0.2094
2609,138,N138G,N,G,p~,np,0.3869,0.409,0.6476,0.3782,0.4453,0.1767,0.1767
2610,138,N138H,N,H,p~,p~,0.3869,0.409,0.6476,0.3782,0.4453,0.2693,0.2693
2611,138,N138I,N,I,p~,np,0.3869,0.409,0.6476,0.3782,0.4453,0.2601,0.2601
2612,138,N138L,N,L,p~,np,0.3869,0.409,0.6476,0.3782,0.4453,0.1837,0.1837
2613,138,N138K,N,K,p~,p+,0.3869,0.409,0.6476,0.3782,0.4453,0.203,0.203
2614,138,N138M,N,M,p~,np,0.3869,0.409,0.6476,0.3782,0.4453,0.2797,0.2797
2615,138,N138F,N,F,p~,np,0.3869,0.409,0.6476,0.3782,0.4453,0.2063,0.2063
2616,138,N138P,N,P,p~,np,0.3869,0.409,0.6476,0.3782,0.4453,0.2485,0.2485
2617,138,N138S,N,S,p~,p~,0.3869,0.409,0.6476,0.3782,0.4453,0.1213,0.1213
2618,138,N138T,N,T,p~,p~,0.3869,0.409,0.6476,0.3782,0.4453,0.0942,0.0942
2619,138,N138W,N,W,p~,np,0.3869,0.409,0.6476,0.3782,0.4453,0.1957,0.1957
2620,138,N138Y,N,Y,p~,p~,0.3869,0.409,0.6476,0.3782,0.4453,0.1459,0.1459
2621,138,N138V,N,V,p~,np,0.3869,0.409,0.6476,0.3782,0.4453,0.2018,0.2018
2622,139,F139A,F,A,np,np,0.4672,0.4883,0.0817,0.9507,0.9401,0.6437,0.6437
2623,139,F139R,F,R,np,p+,0.4672,0.4883,0.0817,0.9507,0.9401,0.7704,0.7704
2624,139,F139N,F,N,np,p~,0.4672,0.4883,0.0817,0.9507,0.9401,0.6869,0.6869
2625,139,F139D,F,D,np,p-,0.4672,0.4883,0.0817,0.9507,0.9401,0.6839,0.6839
2626,139,F139C,F,C,np,p~,0.4672,0.4883,0.0817,0.9507,0.9401,0.6912,0.6912
2627,139,F139Q,F,Q,np,p~,0.4672,0.4883,0.0817,0.9507,0.9401,0.7238,0.7238
2628,139,F139E,F,E,np,p-,0.4672,0.4883,0.0817,0.9507,0.9401,0.7288,0.7288
2629,139,F139G,F,G,np,np,0.4672,0.4883,0.0817,0.9507,0.9401,0.6577,0.6577
2630,139,F139H,F,H,np,p~,0.4672,0.4883,0.0817,0.9507,0.9401,0.7002,0.7002
2631,139,F139I,F,I,np,np,0.4672,0.4883,0.0817,0.9507,0.9401,0.5241,0.5241
2632,139,F139L,F,L,np,np,0.4672,0.4883,0.0817,0.9507,0.9401,0.5114,0.5114
2633,139,F139K,F,K,np,p+,0.4672,0.4883,0.0817,0.9507,0.9401,0.8138,0.8138
2634,139,F139M,F,M,np,np,0.4672,0.4883,0.0817,0.9507,0.9401,0.5805,0.5805
2635,139,F139P,F,P,np,np,0.4672,0.4883,0.0817,0.9507,0.9401,0.6337,0.6337
2636,139,F139S,F,S,np,p~,0.4672,0.4883,0.0817,0.9507,0.9401,0.6271,0.6271
2637,139,F139T,F,T,np,p~,0.4672,0.4883,0.0817,0.9507,0.9401,0.6145,0.6145
2638,139,F139W,F,W,np,np,0.4672,0.4883,0.0817,0.9507,0.9401,0.2934,0.2934
2639,139,F139Y,F,Y,np,p~,0.4672,0.4883,0.0817,0.9507,0.9401,0.4423,0.4423
2640,139,F139V,F,V,np,np,0.4672,0.4883,0.0817,0.9507,0.9401,0.5763,0.5763
2641,140,E140A,E,A,p-,np,0.4685,0.4846,0.2305,0.4281,0.4299,0.0642,0.0642
2642,140,E140R,E,R,p-,p+,0.4685,0.4846,0.2305,0.4281,0.4299,0.2441,0.2441
2643,140,E140N,E,N,p-,p~,0.4685,0.4846,0.2305,0.4281,0.4299,0.1487,0.1487
2644,140,E140D,E,D,p-,p-,0.4685,0.4846,0.2305,0.4281,0.4299,0.165,0.165
2645,140,E140C,E,C,p-,p~,0.4685,0.4846,0.2305,0.4281,0.4299,0.3807,0.3807
2646,140,E140Q,E,Q,p-,p~,0.4685,0.4846,0.2305,0.4281,0.4299,0.1654,0.1654
2647,140,E140G,E,G,p-,np,0.4685,0.4846,0.2305,0.4281,0.4299,0.1431,0.1431
2648,140,E140H,E,H,p-,p~,0.4685,0.4846,0.2305,0.4281,0.4299,0.3672,0.3672
2649,140,E140I,E,I,p-,np,0.4685,0.4846,0.2305,0.4281,0.4299,0.2401,0.2401
2650,140,E140L,E,L,p-,np,0.4685,0.4846,0.2305,0.4281,0.4299,0.2121,0.2121
2651,140,E140K,E,K,p-,p+,0.4685,0.4846,0.2305,0.4281,0.4299,0.2142,0.2142
2652,140,E140M,E,M,p-,np,0.4685,0.4846,0.2305,0.4281,0.4299,0.3025,0.3025
2653,140,E140F,E,F,p-,np,0.4685,0.4846,0.2305,0.4281,0.4299,0.2641,0.2641
2654,140,E140P,E,P,p-,np,0.4685,0.4846,0.2305,0.4281,0.4299,0.1222,0.1222
2655,140,E140S,E,S,p-,p~,0.4685,0.4846,0.2305,0.4281,0.4299,0.0902,0.0902
2656,140,E140T,E,T,p-,p~,0.4685,0.4846,0.2305,0.4281,0.4299,0.0722,0.0722
2657,140,E140W,E,W,p-,np,0.4685,0.4846,0.2305,0.4281,0.4299,0.3474,0.3474
2658,140,E140Y,E,Y,p-,p~,0.4685,0.4846,0.2305,0.4281,0.4299,0.2623,0.2623
2659,140,E140V,E,V,p-,np,0.4685,0.4846,0.2305,0.4281,0.4299,0.1802,0.1802
2660,141,T141A,T,A,p~,np,0.5435,0.5573,0.1843,0.538,0.3791,0.2135,0.2135
2661,141,T141R,T,R,p~,p+,0.5435,0.5573,0.1843,0.538,0.3791,0.3981,0.3981
2662,141,T141N,T,N,p~,p~,0.5435,0.5573,0.1843,0.538,0.3791,0.2634,0.2634
2663,141,T141D,T,D,p~,p-,0.5435,0.5573,0.1843,0.538,0.3791,0.3029,0.3029
2664,141,T141C,T,C,p~,p~,0.5435,0.5573,0.1843,0.538,0.3791,0.5924,0.5924
2665,141,T141Q,T,Q,p~,p~,0.5435,0.5573,0.1843,0.538,0.3791,0.3134,0.3134
2666,141,T141E,T,E,p~,p-,0.5435,0.5573,0.1843,0.538,0.3791,0.2895,0.2895
2667,141,T141G,T,G,p~,np,0.5435,0.5573,0.1843,0.538,0.3791,0.3124,0.3124
2668,141,T141H,T,H,p~,p~,0.5435,0.5573,0.1843,0.538,0.3791,0.4731,0.4731
2669,141,T141I,T,I,p~,np,0.5435,0.5573,0.1843,0.538,0.3791,0.3179,0.3179
2670,141,T141L,T,L,p~,np,0.5435,0.5573,0.1843,0.538,0.3791,0.3305,0.3305
2671,141,T141K,T,K,p~,p+,0.5435,0.5573,0.1843,0.538,0.3791,0.3635,0.3635
2672,141,T141M,T,M,p~,np,0.5435,0.5573,0.1843,0.538,0.3791,0.3908,0.3908
2673,141,T141F,T,F,p~,np,0.5435,0.5573,0.1843,0.538,0.3791,0.4065,0.4065
2674,141,T141P,T,P,p~,np,0.5435,0.5573,0.1843,0.538,0.3791,0.299,0.299
2675,141,T141S,T,S,p~,p~,0.5435,0.5573,0.1843,0.538,0.3791,0.1945,0.1945
2676,141,T141W,T,W,p~,np,0.5435,0.5573,0.1843,0.538,0.3791,0.4698,0.4698
2677,141,T141Y,T,Y,p~,p~,0.5435,0.5573,0.1843,0.538,0.3791,0.3797,0.3797
2678,141,T141V,T,V,p~,np,0.5435,0.5573,0.1843,0.538,0.3791,0.256,0.256
2679,142,R142A,R,A,p+,np,0.6032,0.616,0.65,0.2878,0.2369,0.2153,0.2153
2680,142,R142N,R,N,p+,p~,0.6032,0.616,0.65,0.2878,0.2369,0.3163,0.3163
2681,142,R142D,R,D,p+,p-,0.6032,0.616,0.65,0.2878,0.2369,0.4276,0.4276
2682,142,R142C,R,C,p+,p~,0.6032,0.616,0.65,0.2878,0.2369,0.5641,0.5641
2683,142,R142Q,R,Q,p+,p~,0.6032,0.616,0.65,0.2878,0.2369,0.1614,0.1614
2684,142,R142E,R,E,p+,p-,0.6032,0.616,0.65,0.2878,0.2369,0.2934,0.2934
2685,142,R142G,R,G,p+,np,0.6032,0.616,0.65,0.2878,0.2369,0.3502,0.3502
2686,142,R142H,R,H,p+,p~,0.6032,0.616,0.65,0.2878,0.2369,0.36,0.36
2687,142,R142I,R,I,p+,np,0.6032,0.616,0.65,0.2878,0.2369,0.3426,0.3426
2688,142,R142L,R,L,p+,np,0.6032,0.616,0.65,0.2878,0.2369,0.3424,0.3424
2689,142,R142K,R,K,p+,p+,0.6032,0.616,0.65,0.2878,0.2369,0.1341,0.1341
2690,142,R142M,R,M,p+,np,0.6032,0.616,0.65,0.2878,0.2369,0.3571,0.3571
2691,142,R142F,R,F,p+,np,0.6032,0.616,0.65,0.2878,0.2369,0.4261,0.4261
2692,142,R142P,R,P,p+,np,0.6032,0.616,0.65,0.2878,0.2369,0.4599,0.4599
2693,142,R142S,R,S,p+,p~,0.6032,0.616,0.65,0.2878,0.2369,0.223,0.223
2694,142,R142T,R,T,p+,p~,0.6032,0.616,0.65,0.2878,0.2369,0.1555,0.1555
2695,142,R142W,R,W,p+,np,0.6032,0.616,0.65,0.2878,0.2369,0.5631,0.5631
2696,142,R142Y,R,Y,p+,p~,0.6032,0.616,0.65,0.2878,0.2369,0.3961,0.3961
2697,142,R142V,R,V,p+,np,0.6032,0.616,0.65,0.2878,0.2369,0.2386,0.2386
2698,143,P143A,P,A,np,np,0.6665,0.677,0.3793,0.3511,0.2134,0.1496,0.1496
2699,143,P143R,P,R,np,p+,0.6665,0.677,0.3793,0.3511,0.2134,0.27,0.27
2700,143,P143N,P,N,np,p~,0.6665,0.677,0.3793,0.3511,0.2134,0.1128,0.1128
2701,143,P143D,P,D,np,p-,0.6665,0.677,0.3793,0.3511,0.2134,0.1872,0.1872
2702,143,P143C,P,C,np,p~,0.6665,0.677,0.3793,0.3511,0.2134,0.547,0.547
2703,143,P143Q,P,Q,np,p~,0.6665,0.677,0.3793,0.3511,0.2134,0.115,0.115
2704,143,P143E,P,E,np,p-,0.6665,0.677,0.3793,0.3511,0.2134,0.2257,0.2257
2705,143,P143G,P,G,np,np,0.6665,0.677,0.3793,0.3511,0.2134,0.2168,0.2168
2706,143,P143H,P,H,np,p~,0.6665,0.677,0.3793,0.3511,0.2134,0.3972,0.3972
2707,143,P143I,P,I,np,np,0.6665,0.677,0.3793,0.3511,0.2134,0.3321,0.3321
2708,143,P143L,P,L,np,np,0.6665,0.677,0.3793,0.3511,0.2134,0.2992,0.2992
2709,143,P143K,P,K,np,p+,0.6665,0.677,0.3793,0.3511,0.2134,0.2334,0.2334
2710,143,P143M,P,M,np,np,0.6665,0.677,0.3793,0.3511,0.2134,0.3411,0.3411
2711,143,P143F,P,F,np,np,0.6665,0.677,0.3793,0.3511,0.2134,0.3968,0.3968
2712,143,P143S,P,S,np,p~,0.6665,0.677,0.3793,0.3511,0.2134,0.0374,0.0374
2713,143,P143T,P,T,np,p~,0.6665,0.677,0.3793,0.3511,0.2134,0.1075,0.1075
2714,143,P143W,P,W,np,np,0.6665,0.677,0.3793,0.3511,0.2134,0.477,0.477
2715,143,P143Y,P,Y,np,p~,0.6665,0.677,0.3793,0.3511,0.2134,0.3447,0.3447
2716,143,P143V,P,V,np,np,0.6665,0.677,0.3793,0.3511,0.2134,0.2756,0.2756
2717,144,A144R,A,R,np,p+,0.6923,0.705,0.1049,0.7409,0.771,0.6103,0.6103
2718,144,A144N,A,N,np,p~,0.6923,0.705,0.1049,0.7409,0.771,0.5893,0.5893
2719,144,A144D,A,D,np,p-,0.6923,0.705,0.1049,0.7409,0.771,0.6746,0.6746
2720,144,A144C,A,C,np,p~,0.6923,0.705,0.1049,0.7409,0.771,0.6466,0.6466
2721,144,A144Q,A,Q,np,p~,0.6923,0.705,0.1049,0.7409,0.771,0.5084,0.5084
2722,144,A144E,A,E,np,p-,0.6923,0.705,0.1049,0.7409,0.771,0.6321,0.6321
2723,144,A144G,A,G,np,np,0.6923,0.705,0.1049,0.7409,0.771,0.3481,0.3481
2724,144,A144H,A,H,np,p~,0.6923,0.705,0.1049,0.7409,0.771,0.6566,0.6566
2725,144,A144I,A,I,np,np,0.6923,0.705,0.1049,0.7409,0.771,0.5327,0.5327
2726,144,A144L,A,L,np,np,0.6923,0.705,0.1049,0.7409,0.771,0.5493,0.5493
2727,144,A144K,A,K,np,p+,0.6923,0.705,0.1049,0.7409,0.771,0.5787,0.5787
2728,144,A144M,A,M,np,np,0.6923,0.705,0.1049,0.7409,0.771,0.5411,0.5411
2729,144,A144F,A,F,np,np,0.6923,0.705,0.1049,0.7409,0.771,0.6466,0.6466
2730,144,A144P,A,P,np,np,0.6923,0.705,0.1049,0.7409,0.771,0.7357,0.7357
2731,144,A144S,A,S,np,p~,0.6923,0.705,0.1049,0.7409,0.771,0.375,0.375
2732,144,A144T,A,T,np,p~,0.6923,0.705,0.1049,0.7409,0.771,0.3636,0.3636
2733,144,A144W,A,W,np,np,0.6923,0.705,0.1049,0.7409,0.771,0.7607,0.7607
2734,144,A144Y,A,Y,np,p~,0.6923,0.705,0.1049,0.7409,0.771,0.6858,0.6858
2735,144,A144V,A,V,np,np,0.6923,0.705,0.1049,0.7409,0.771,0.4059,0.4059
2736,145,R145A,R,A,p+,np,0.7391,0.7496,0.0941,0.864,0.808,0.5166,0.5166
2737,145,R145N,R,N,p+,p~,0.7391,0.7496,0.0941,0.864,0.808,0.5193,0.5193
2738,145,R145D,R,D,p+,p-,0.7391,0.7496,0.0941,0.864,0.808,0.7152,0.7152
2739,145,R145C,R,C,p+,p~,0.7391,0.7496,0.0941,0.864,0.808,0.6687,0.6687
2740,145,R145Q,R,Q,p+,p~,0.7391,0.7496,0.0941,0.864,0.808,0.4204,0.4204
2741,145,R145E,R,E,p+,p-,0.7391,0.7496,0.0941,0.864,0.808,0.7009,0.7009
2742,145,R145G,R,G,p+,np,0.7391,0.7496,0.0941,0.864,0.808,0.5403,0.5403
2743,145,R145H,R,H,p+,p~,0.7391,0.7496,0.0941,0.864,0.808,0.5502,0.5502
2744,145,R145I,R,I,p+,np,0.7391,0.7496,0.0941,0.864,0.808,0.7004,0.7004
2745,145,R145L,R,L,p+,np,0.7391,0.7496,0.0941,0.864,0.808,0.597,0.597
2746,145,R145K,R,K,p+,p+,0.7391,0.7496,0.0941,0.864,0.808,0.3414,0.3414
2747,145,R145M,R,M,p+,np,0.7391,0.7496,0.0941,0.864,0.808,0.6661,0.6661
2748,145,R145F,R,F,p+,np,0.7391,0.7496,0.0941,0.864,0.808,0.7615,0.7615
2749,145,R145P,R,P,p+,np,0.7391,0.7496,0.0941,0.864,0.808,0.7372,0.7372
2750,145,R145S,R,S,p+,p~,0.7391,0.7496,0.0941,0.864,0.808,0.4465,0.4465
2751,145,R145T,R,T,p+,p~,0.7391,0.7496,0.0941,0.864,0.808,0.5693,0.5693
2752,145,R145W,R,W,p+,np,0.7391,0.7496,0.0941,0.864,0.808,0.7619,0.7619
2753,145,R145Y,R,Y,p+,p~,0.7391,0.7496,0.0941,0.864,0.808,0.7022,0.7022
2754,145,R145V,R,V,p+,np,0.7391,0.7496,0.0941,0.864,0.808,0.6267,0.6267
2755,146,Y146A,Y,A,p~,np,0.7004,0.7152,0.0956,0.8105,0.952,0.618,0.618
2756,146,Y146R,Y,R,p~,p+,0.7004,0.7152,0.0956,0.8105,0.952,0.6382,0.6382
2757,146,Y146N,Y,N,p~,p~,0.7004,0.7152,0.0956,0.8105,0.952,0.6004,0.6004
2758,146,Y146D,Y,D,p~,p-,0.7004,0.7152,0.0956,0.8105,0.952,0.7212,0.7212
2759,146,Y146C,Y,C,p~,p~,0.7004,0.7152,0.0956,0.8105,0.952,0.6659,0.6659
2760,146,Y146Q,Y,Q,p~,p~,0.7004,0.7152,0.0956,0.8105,0.952,0.5908,0.5908
2761,146,Y146E,Y,E,p~,p-,0.7004,0.7152,0.0956,0.8105,0.952,0.753,0.753
2762,146,Y146G,Y,G,p~,np,0.7004,0.7152,0.0956,0.8105,0.952,0.6811,0.6811
2763,146,Y146H,Y,H,p~,p~,0.7004,0.7152,0.0956,0.8105,0.952,0.3958,0.3958
2764,146,Y146I,Y,I,p~,np,0.7004,0.7152,0.0956,0.8105,0.952,0.6452,0.6452
2765,146,Y146L,Y,L,p~,np,0.7004,0.7152,0.0956,0.8105,0.952,0.571,0.571
2766,146,Y146K,Y,K,p~,p+,0.7004,0.7152,0.0956,0.8105,0.952,0.6566,0.6566
2767,146,Y146M,Y,M,p~,np,0.7004,0.7152,0.0956,0.8105,0.952,0.6279,0.6279
2768,146,Y146F,Y,F,p~,np,0.7004,0.7152,0.0956,0.8105,0.952,0.2991,0.2991
2769,146,Y146P,Y,P,p~,np,0.7004,0.7152,0.0956,0.8105,0.952,0.9587,0.9587
2770,146,Y146S,Y,S,p~,p~,0.7004,0.7152,0.0956,0.8105,0.952,0.6057,0.6057
2771,146,Y146T,Y,T,p~,p~,0.7004,0.7152,0.0956,0.8105,0.952,0.6591,0.6591
2772,146,Y146W,Y,W,p~,np,0.7004,0.7152,0.0956,0.8105,0.952,0.4955,0.4955
2773,146,Y146V,Y,V,p~,np,0.7004,0.7152,0.0956,0.8105,0.952,0.6101,0.6101
2774,147,V147A,V,A,np,np,0.6336,0.6511,0.1164,0.6941,0.9486,0.4472,0.4472
2775,147,V147R,V,R,np,p+,0.6336,0.6511,0.1164,0.6941,0.9486,0.9412,0.9412
2776,147,V147N,V,N,np,p~,0.6336,0.6511,0.1164,0.6941,0.9486,0.8695,0.8695
2777,147,V147D,V,D,np,p-,0.6336,0.6511,0.1164,0.6941,0.9486,0.8543,0.8543
2778,147,V147C,V,C,np,p~,0.6336,0.6511,0.1164,0.6941,0.9486,0.6896,0.6896
2779,147,V147Q,V,Q,np,p~,0.6336,0.6511,0.1164,0.6941,0.9486,0.8354,0.8354
2780,147,V147E,V,E,np,p-,0.6336,0.6511,0.1164,0.6941,0.9486,0.8399,0.8399
2781,147,V147G,V,G,np,np,0.6336,0.6511,0.1164,0.6941,0.9486,0.6976,0.6976
2782,147,V147H,V,H,np,p~,0.6336,0.6511,0.1164,0.6941,0.9486,0.8968,0.8968
2783,147,V147I,V,I,np,np,0.6336,0.6511,0.1164,0.6941,0.9486,0.2784,0.2784
2784,147,V147L,V,L,np,np,0.6336,0.6511,0.1164,0.6941,0.9486,0.3413,0.3413
2785,147,V147K,V,K,np,p+,0.6336,0.6511,0.1164,0.6941,0.9486,0.9685,0.9685
2786,147,V147M,V,M,np,np,0.6336,0.6511,0.1164,0.6941,0.9486,0.4614,0.4614
2787,147,V147F,V,F,np,np,0.6336,0.6511,0.1164,0.6941,0.9486,0.4858,0.4858
2788,147,V147P,V,P,np,np,0.6336,0.6511,0.1164,0.6941,0.9486,0.9225,0.9225
2789,147,V147S,V,S,np,p~,0.6336,0.6511,0.1164,0.6941,0.9486,0.7404,0.7404
2790,147,V147T,V,T,np,p~,0.6336,0.6511,0.1164,0.6941,0.9486,0.618,0.618
2791,147,V147W,V,W,np,np,0.6336,0.6511,0.1164,0.6941,0.9486,0.7622,0.7622
2792,147,V147Y,V,Y,np,p~,0.6336,0.6511,0.1164,0.6941,0.9486,0.7609,0.7609
2793,148,R148A,R,A,p+,np,0.637,0.658,0.1033,0.7893,0.917,0.609,0.609
2794,148,R148N,R,N,p+,p~,0.637,0.658,0.1033,0.7893,0.917,0.5534,0.5534
2795,148,R148D,R,D,p+,p-,0.637,0.658,0.1033,0.7893,0.917,0.78,0.78
2796,148,R148C,R,C,p+,p~,0.637,0.658,0.1033,0.7893,0.917,0.6838,0.6838
2797,148,R148Q,R,Q,p+,p~,0.637,0.658,0.1033,0.7893,0.917,0.3936,0.3936
2798,148,R148E,R,E,p+,p-,0.637,0.658,0.1033,0.7893,0.917,0.6442,0.6442
2799,148,R148G,R,G,p+,np,0.637,0.658,0.1033,0.7893,0.917,0.6467,0.6467
2800,148,R148H,R,H,p+,p~,0.637,0.658,0.1033,0.7893,0.917,0.5822,0.5822
2801,148,R148I,R,I,p+,np,0.637,0.658,0.1033,0.7893,0.917,0.742,0.742
2802,148,R148L,R,L,p+,np,0.637,0.658,0.1033,0.7893,0.917,0.6062,0.6062
2803,148,R148K,R,K,p+,p+,0.637,0.658,0.1033,0.7893,0.917,0.153,0.153
2804,148,R148M,R,M,p+,np,0.637,0.658,0.1033,0.7893,0.917,0.5306,0.5306
2805,148,R148F,R,F,p+,np,0.637,0.658,0.1033,0.7893,0.917,0.7859,0.7859
2806,148,R148P,R,P,p+,np,0.637,0.658,0.1033,0.7893,0.917,0.878,0.878
2807,148,R148S,R,S,p+,p~,0.637,0.658,0.1033,0.7893,0.917,0.5408,0.5408
2808,148,R148T,R,T,p+,p~,0.637,0.658,0.1033,0.7893,0.917,0.5671,0.5671
2809,148,R148W,R,W,p+,np,0.637,0.658,0.1033,0.7893,0.917,0.672,0.672
2810,148,R148Y,R,Y,p+,p~,0.637,0.658,0.1033,0.7893,0.917,0.6426,0.6426
2811,148,R148V,R,V,p+,np,0.637,0.658,0.1033,0.7893,0.917,0.7167,0.7167
2812,149,L149A,L,A,np,np,0.5714,0.5953,0.1056,0.7127,0.8442,0.3871,0.3871
2813,149,L149R,L,R,np,p+,0.5714,0.5953,0.1056,0.7127,0.8442,0.7138,0.7138
2814,149,L149N,L,N,np,p~,0.5714,0.5953,0.1056,0.7127,0.8442,0.6347,0.6347
2815,149,L149D,L,D,np,p-,0.5714,0.5953,0.1056,0.7127,0.8442,0.6779,0.6779
2816,149,L149C,L,C,np,p~,0.5714,0.5953,0.1056,0.7127,0.8442,0.5572,0.5572
2817,149,L149Q,L,Q,np,p~,0.5714,0.5953,0.1056,0.7127,0.8442,0.5698,0.5698
2818,149,L149E,L,E,np,p-,0.5714,0.5953,0.1056,0.7127,0.8442,0.5939,0.5939
2819,149,L149G,L,G,np,np,0.5714,0.5953,0.1056,0.7127,0.8442,0.6106,0.6106
2820,149,L149H,L,H,np,p~,0.5714,0.5953,0.1056,0.7127,0.8442,0.5993,0.5993
2821,149,L149I,L,I,np,np,0.5714,0.5953,0.1056,0.7127,0.8442,0.252,0.252
2822,149,L149K,L,K,np,p+,0.5714,0.5953,0.1056,0.7127,0.8442,0.7417,0.7417
2823,149,L149M,L,M,np,np,0.5714,0.5953,0.1056,0.7127,0.8442,0.3485,0.3485
2824,149,L149F,L,F,np,np,0.5714,0.5953,0.1056,0.7127,0.8442,0.3404,0.3404
2825,149,L149P,L,P,np,np,0.5714,0.5953,0.1056,0.7127,0.8442,0.6842,0.6842
2826,149,L149S,L,S,np,p~,0.5714,0.5953,0.1056,0.7127,0.8442,0.5181,0.5181
2827,149,L149T,L,T,np,p~,0.5714,0.5953,0.1056,0.7127,0.8442,0.4157,0.4157
2828,149,L149W,L,W,np,np,0.5714,0.5953,0.1056,0.7127,0.8442,0.5925,0.5925
2829,149,L149Y,L,Y,np,p~,0.5714,0.5953,0.1056,0.7127,0.8442,0.4975,0.4975
2830,149,L149V,L,V,np,np,0.5714,0.5953,0.1056,0.7127,0.8442,0.2321,0.2321
2831,150,V150A,V,A,np,np,0.6067,0.632,0.2406,0.5515,0.4754,0.3743,0.3743
2832,150,V150R,V,R,np,p+,0.6067,0.632,0.2406,0.5515,0.4754,0.333,0.333
2833,150,V150N,V,N,np,p~,0.6067,0.632,0.2406,0.5515,0.4754,0.3764,0.3764
2834,150,V150D,V,D,np,p-,0.6067,0.632,0.2406,0.5515,0.4754,0.4683,0.4683
2835,150,V150C,V,C,np,p~,0.6067,0.632,0.2406,0.5515,0.4754,0.6498,0.6498
2836,150,V150Q,V,Q,np,p~,0.6067,0.632,0.2406,0.5515,0.4754,0.3159,0.3159
2837,150,V150E,V,E,np,p-,0.6067,0.632,0.2406,0.5515,0.4754,0.4139,0.4139
2838,150,V150G,V,G,np,np,0.6067,0.632,0.2406,0.5515,0.4754,0.5756,0.5756
2839,150,V150H,V,H,np,p~,0.6067,0.632,0.2406,0.5515,0.4754,0.4362,0.4362
2840,150,V150I,V,I,np,np,0.6067,0.632,0.2406,0.5515,0.4754,0.3378,0.3378
2841,150,V150L,V,L,np,np,0.6067,0.632,0.2406,0.5515,0.4754,0.3656,0.3656
2842,150,V150K,V,K,np,p+,0.6067,0.632,0.2406,0.5515,0.4754,0.2992,0.2992
2843,150,V150M,V,M,np,np,0.6067,0.632,0.2406,0.5515,0.4754,0.4522,0.4522
2844,150,V150F,V,F,np,np,0.6067,0.632,0.2406,0.5515,0.4754,0.486,0.486
2845,150,V150P,V,P,np,np,0.6067,0.632,0.2406,0.5515,0.4754,0.7626,0.7626
2846,150,V150S,V,S,np,p~,0.6067,0.632,0.2406,0.5515,0.4754,0.3769,0.3769
2847,150,V150T,V,T,np,p~,0.6067,0.632,0.2406,0.5515,0.4754,0.3134,0.3134
2848,150,V150W,V,W,np,np,0.6067,0.632,0.2406,0.5515,0.4754,0.5685,0.5685
2849,150,V150Y,V,Y,np,p~,0.6067,0.632,0.2406,0.5515,0.4754,0.4393,0.4393
2850,151,A151R,A,R,np,p+,0.6196,0.6446,0.1087,0.6828,0.7567,0.809,0.809
2851,151,A151N,A,N,np,p~,0.6196,0.6446,0.1087,0.6828,0.7567,0.4748,0.4748
2852,151,A151D,A,D,np,p-,0.6196,0.6446,0.1087,0.6828,0.7567,0.4988,0.4988
2853,151,A151C,A,C,np,p~,0.6196,0.6446,0.1087,0.6828,0.7567,0.4608,0.4608
2854,151,A151Q,A,Q,np,p~,0.6196,0.6446,0.1087,0.6828,0.7567,0.6507,0.6507
2855,151,A151E,A,E,np,p-,0.6196,0.6446,0.1087,0.6828,0.7567,0.5822,0.5822
2856,151,A151G,A,G,np,np,0.6196,0.6446,0.1087,0.6828,0.7567,0.2068,0.2068
2857,151,A151H,A,H,np,p~,0.6196,0.6446,0.1087,0.6828,0.7567,0.7108,0.7108
2858,151,A151I,A,I,np,np,0.6196,0.6446,0.1087,0.6828,0.7567,0.5296,0.5296
2859,151,A151L,A,L,np,np,0.6196,0.6446,0.1087,0.6828,0.7567,0.6197,0.6197
2860,151,A151K,A,K,np,p+,0.6196,0.6446,0.1087,0.6828,0.7567,0.8004,0.8004
2861,151,A151M,A,M,np,np,0.6196,0.6446,0.1087,0.6828,0.7567,0.579,0.579
2862,151,A151F,A,F,np,np,0.6196,0.6446,0.1087,0.6828,0.7567,0.6554,0.6554
2863,151,A151P,A,P,np,np,0.6196,0.6446,0.1087,0.6828,0.7567,0.4702,0.4702
2864,151,A151S,A,S,np,p~,0.6196,0.6446,0.1087,0.6828,0.7567,0.3553,0.3553
2865,151,A151T,A,T,np,p~,0.6196,0.6446,0.1087,0.6828,0.7567,0.399,0.399
2866,151,A151W,A,W,np,np,0.6196,0.6446,0.1087,0.6828,0.7567,0.8367,0.8367
2867,151,A151Y,A,Y,np,p~,0.6196,0.6446,0.1087,0.6828,0.7567,0.7838,0.7838
2868,151,A151V,A,V,np,np,0.6196,0.6446,0.1087,0.6828,0.7567,0.4045,0.4045
2869,152,V152A,V,A,np,np,0.6037,0.6312,0.653,0.3434,0.37,0.3232,0.3232
2870,152,V152R,V,R,np,p+,0.6037,0.6312,0.653,0.3434,0.37,0.2891,0.2891
2871,152,V152N,V,N,np,p~,0.6037,0.6312,0.653,0.3434,0.37,0.3038,0.3038
2872,152,V152D,V,D,np,p-,0.6037,0.6312,0.653,0.3434,0.37,0.3421,0.3421
2873,152,V152C,V,C,np,p~,0.6037,0.6312,0.653,0.3434,0.37,0.644,0.644
2874,152,V152Q,V,Q,np,p~,0.6037,0.6312,0.653,0.3434,0.37,0.2447,0.2447
2875,152,V152E,V,E,np,p-,0.6037,0.6312,0.653,0.3434,0.37,0.2803,0.2803
2876,152,V152G,V,G,np,np,0.6037,0.6312,0.653,0.3434,0.37,0.4515,0.4515
2877,152,V152H,V,H,np,p~,0.6037,0.6312,0.653,0.3434,0.37,0.317,0.317
2878,152,V152I,V,I,np,np,0.6037,0.6312,0.653,0.3434,0.37,0.1778,0.1778
2879,152,V152L,V,L,np,np,0.6037,0.6312,0.653,0.3434,0.37,0.075,0.075
2880,152,V152K,V,K,np,p+,0.6037,0.6312,0.653,0.3434,0.37,0.2562,0.2562
2881,152,V152M,V,M,np,np,0.6037,0.6312,0.653,0.3434,0.37,0.2617,0.2617
2882,152,V152F,V,F,np,np,0.6037,0.6312,0.653,0.3434,0.37,0.2807,0.2807
2883,152,V152P,V,P,np,np,0.6037,0.6312,0.653,0.3434,0.37,0.4558,0.4558
2884,152,V152S,V,S,np,p~,0.6037,0.6312,0.653,0.3434,0.37,0.3468,0.3468
2885,152,V152T,V,T,np,p~,0.6037,0.6312,0.653,0.3434,0.37,0.256,0.256
2886,152,V152W,V,W,np,np,0.6037,0.6312,0.653,0.3434,0.37,0.4034,0.4034
2887,152,V152Y,V,Y,np,p~,0.6037,0.6312,0.653,0.3434,0.37,0.2353,0.2353
2888,153,T153A,T,A,p~,np,0.5698,0.5986,0.2174,0.5387,0.5869,0.1776,0.1776
2889,153,T153R,T,R,p~,p+,0.5698,0.5986,0.2174,0.5387,0.5869,0.3167,0.3167
2890,153,T153N,T,N,p~,p~,0.5698,0.5986,0.2174,0.5387,0.5869,0.2097,0.2097
2891,153,T153D,T,D,p~,p-,0.5698,0.5986,0.2174,0.5387,0.5869,0.2272,0.2272
2892,153,T153C,T,C,p~,p~,0.5698,0.5986,0.2174,0.5387,0.5869,0.5839,0.5839
2893,153,T153Q,T,Q,p~,p~,0.5698,0.5986,0.2174,0.5387,0.5869,0.1796,0.1796
2894,153,T153E,T,E,p~,p-,0.5698,0.5986,0.2174,0.5387,0.5869,0.1788,0.1788
2895,153,T153G,T,G,p~,np,0.5698,0.5986,0.2174,0.5387,0.5869,0.2701,0.2701
2896,153,T153H,T,H,p~,p~,0.5698,0.5986,0.2174,0.5387,0.5869,0.3265,0.3265
2897,153,T153I,T,I,p~,np,0.5698,0.5986,0.2174,0.5387,0.5869,0.3998,0.3998
2898,153,T153L,T,L,p~,np,0.5698,0.5986,0.2174,0.5387,0.5869,0.3218,0.3218
2899,153,T153K,T,K,p~,p+,0.5698,0.5986,0.2174,0.5387,0.5869,0.2802,0.2802
2900,153,T153M,T,M,p~,np,0.5698,0.5986,0.2174,0.5387,0.5869,0.3869,0.3869
2901,153,T153F,T,F,p~,np,0.5698,0.5986,0.2174,0.5387,0.5869,0.388,0.388
2902,153,T153P,T,P,p~,np,0.5698,0.5986,0.2174,0.5387,0.5869,0.5718,0.5718
2903,153,T153S,T,S,p~,p~,0.5698,0.5986,0.2174,0.5387,0.5869,0.104,0.104
2904,153,T153W,T,W,p~,np,0.5698,0.5986,0.2174,0.5387,0.5869,0.45,0.45
2905,153,T153Y,T,Y,p~,p~,0.5698,0.5986,0.2174,0.5387,0.5869,0.3391,0.3391
2906,153,T153V,T,V,p~,np,0.5698,0.5986,0.2174,0.5387,0.5869,0.3428,0.3428
2907,154,E154A,E,A,p-,np,0.5727,0.5997,0.1195,0.6649,0.6296,0.3281,0.3281
2908,154,E154R,E,R,p-,p+,0.5727,0.5997,0.1195,0.6649,0.6296,0.5992,0.5992
2909,154,E154N,E,N,p-,p~,0.5727,0.5997,0.1195,0.6649,0.6296,0.4866,0.4866
2910,154,E154D,E,D,p-,p-,0.5727,0.5997,0.1195,0.6649,0.6296,0.3296,0.3296
2911,154,E154C,E,C,p-,p~,0.5727,0.5997,0.1195,0.6649,0.6296,0.6743,0.6743
2912,154,E154Q,E,Q,p-,p~,0.5727,0.5997,0.1195,0.6649,0.6296,0.3599,0.3599
2913,154,E154G,E,G,p-,np,0.5727,0.5997,0.1195,0.6649,0.6296,0.3817,0.3817
2914,154,E154H,E,H,p-,p~,0.5727,0.5997,0.1195,0.6649,0.6296,0.5496,0.5496
2915,154,E154I,E,I,p-,np,0.5727,0.5997,0.1195,0.6649,0.6296,0.6446,0.6446
2916,154,E154L,E,L,p-,np,0.5727,0.5997,0.1195,0.6649,0.6296,0.6091,0.6091
2917,154,E154K,E,K,p-,p+,0.5727,0.5997,0.1195,0.6649,0.6296,0.5467,0.5467
2918,154,E154M,E,M,p-,np,0.5727,0.5997,0.1195,0.6649,0.6296,0.6049,0.6049
2919,154,E154F,E,F,p-,np,0.5727,0.5997,0.1195,0.6649,0.6296,0.6779,0.6779
2920,154,E154P,E,P,p-,np,0.5727,0.5997,0.1195,0.6649,0.6296,0.4897,0.4897
2921,154,E154S,E,S,p-,p~,0.5727,0.5997,0.1195,0.6649,0.6296,0.3995,0.3995
2922,154,E154T,E,T,p-,p~,0.5727,0.5997,0.1195,0.6649,0.6296,0.5018,0.5018
2923,154,E154W,E,W,p-,np,0.5727,0.5997,0.1195,0.6649,0.6296,0.667,0.667
2924,154,E154Y,E,Y,p-,p~,0.5727,0.5997,0.1195,0.6649,0.6296,0.6153,0.6153
2925,154,E154V,E,V,p-,np,0.5727,0.5997,0.1195,0.6649,0.6296,0.5601,0.5601
2926,155,A155R,A,R,np,p+,0.5164,0.544,0.1357,0.6102,0.6524,0.4843,0.4843
2927,155,A155N,A,N,np,p~,0.5164,0.544,0.1357,0.6102,0.6524,0.4106,0.4106
2928,155,A155D,A,D,np,p-,0.5164,0.544,0.1357,0.6102,0.6524,0.4119,0.4119
2929,155,A155C,A,C,np,p~,0.5164,0.544,0.1357,0.6102,0.6524,0.4813,0.4813
2930,155,A155Q,A,Q,np,p~,0.5164,0.544,0.1357,0.6102,0.6524,0.3761,0.3761
2931,155,A155E,A,E,np,p-,0.5164,0.544,0.1357,0.6102,0.6524,0.3907,0.3907
2932,155,A155G,A,G,np,np,0.5164,0.544,0.1357,0.6102,0.6524,0.3397,0.3397
2933,155,A155H,A,H,np,p~,0.5164,0.544,0.1357,0.6102,0.6524,0.4471,0.4471
2934,155,A155I,A,I,np,np,0.5164,0.544,0.1357,0.6102,0.6524,0.2319,0.2319
2935,155,A155L,A,L,np,np,0.5164,0.544,0.1357,0.6102,0.6524,0.3327,0.3327
2936,155,A155K,A,K,np,p+,0.5164,0.544,0.1357,0.6102,0.6524,0.4894,0.4894
2937,155,A155M,A,M,np,np,0.5164,0.544,0.1357,0.6102,0.6524,0.3779,0.3779
2938,155,A155F,A,F,np,np,0.5164,0.544,0.1357,0.6102,0.6524,0.3816,0.3816
2939,155,A155P,A,P,np,np,0.5164,0.544,0.1357,0.6102,0.6524,0.4579,0.4579
2940,155,A155S,A,S,np,p~,0.5164,0.544,0.1357,0.6102,0.6524,0.3062,0.3062
2941,155,A155T,A,T,np,p~,0.5164,0.544,0.1357,0.6102,0.6524,0.2924,0.2924
2942,155,A155W,A,W,np,np,0.5164,0.544,0.1357,0.6102,0.6524,0.4694,0.4694
2943,155,A155Y,A,Y,np,p~,0.5164,0.544,0.1357,0.6102,0.6524,0.3926,0.3926
2944,155,A155V,A,V,np,np,0.5164,0.544,0.1357,0.6102,0.6524,0.1533,0.1533
2945,156,N156A,N,A,p~,np,0.5347,0.5605,0.6893,0.3042,0.2309,0.4073,0.4073
2946,156,N156R,N,R,p~,p+,0.5347,0.5605,0.6893,0.3042,0.2309,0.4591,0.4591
2947,156,N156D,N,D,p~,p-,0.5347,0.5605,0.6893,0.3042,0.2309,0.3857,0.3857
2948,156,N156C,N,C,p~,p~,0.5347,0.5605,0.6893,0.3042,0.2309,0.653,0.653
2949,156,N156Q,N,Q,p~,p~,0.5347,0.5605,0.6893,0.3042,0.2309,0.45,0.45
2950,156,N156E,N,E,p~,p-,0.5347,0.5605,0.6893,0.3042,0.2309,0.5018,0.5018
2951,156,N156G,N,G,p~,np,0.5347,0.5605,0.6893,0.3042,0.2309,0.3394,0.3394
2952,156,N156H,N,H,p~,p~,0.5347,0.5605,0.6893,0.3042,0.2309,0.4531,0.4531
2953,156,N156I,N,I,p~,np,0.5347,0.5605,0.6893,0.3042,0.2309,0.5397,0.5397
2954,156,N156L,N,L,p~,np,0.5347,0.5605,0.6893,0.3042,0.2309,0.4593,0.4593
2955,156,N156K,N,K,p~,p+,0.5347,0.5605,0.6893,0.3042,0.2309,0.4579,0.4579
2956,156,N156M,N,M,p~,np,0.5347,0.5605,0.6893,0.3042,0.2309,0.5189,0.5189
2957,156,N156F,N,F,p~,np,0.5347,0.5605,0.6893,0.3042,0.2309,0.451,0.451
2958,156,N156P,N,P,p~,np,0.5347,0.5605,0.6893,0.3042,0.2309,0.6249,0.6249
2959,156,N156S,N,S,p~,p~,0.5347,0.5605,0.6893,0.3042,0.2309,0.3503,0.3503
2960,156,N156T,N,T,p~,p~,0.5347,0.5605,0.6893,0.3042,0.2309,0.4483,0.4483
2961,156,N156W,N,W,p~,np,0.5347,0.5605,0.6893,0.3042,0.2309,0.5402,0.5402
2962,156,N156Y,N,Y,p~,p~,0.5347,0.5605,0.6893,0.3042,0.2309,0.4116,0.4116
2963,156,N156V,N,V,p~,np,0.5347,0.5605,0.6893,0.3042,0.2309,0.5303,0.5303
2964,157,G157A,G,A,np,np,0.5964,0.6227,0.6222,0.3805,0.1939,0.3854,0.3854
2965,157,G157R,G,R,np,p+,0.5964,0.6227,0.6222,0.3805,0.1939,0.4187,0.4187
2966,157,G157N,G,N,np,p~,0.5964,0.6227,0.6222,0.3805,0.1939,0.1924,0.1924
2967,157,G157D,G,D,np,p-,0.5964,0.6227,0.6222,0.3805,0.1939,0.3281,0.3281
2968,157,G157C,G,C,np,p~,0.5964,0.6227,0.6222,0.3805,0.1939,0.6213,0.6213
2969,157,G157Q,G,Q,np,p~,0.5964,0.6227,0.6222,0.3805,0.1939,0.3981,0.3981
2970,157,G157E,G,E,np,p-,0.5964,0.6227,0.6222,0.3805,0.1939,0.4484,0.4484
2971,157,G157H,G,H,np,p~,0.5964,0.6227,0.6222,0.3805,0.1939,0.4402,0.4402
2972,157,G157I,G,I,np,np,0.5964,0.6227,0.6222,0.3805,0.1939,0.6017,0.6017
2973,157,G157L,G,L,np,np,0.5964,0.6227,0.6222,0.3805,0.1939,0.4609,0.4609
2974,157,G157K,G,K,np,p+,0.5964,0.6227,0.6222,0.3805,0.1939,0.4396,0.4396
2975,157,G157M,G,M,np,np,0.5964,0.6227,0.6222,0.3805,0.1939,0.5331,0.5331
2976,157,G157F,G,F,np,np,0.5964,0.6227,0.6222,0.3805,0.1939,0.4769,0.4769
2977,157,G157P,G,P,np,np,0.5964,0.6227,0.6222,0.3805,0.1939,0.5297,0.5297
2978,157,G157S,G,S,np,p~,0.5964,0.6227,0.6222,0.3805,0.1939,0.2959,0.2959
2979,157,G157T,G,T,np,p~,0.5964,0.6227,0.6222,0.3805,0.1939,0.4432,0.4432
2980,157,G157W,G,W,np,np,0.5964,0.6227,0.6222,0.3805,0.1939,0.4958,0.4958
2981,157,G157Y,G,Y,np,p~,0.5964,0.6227,0.6222,0.3805,0.1939,0.4408,0.4408
2982,157,G157V,G,V,np,np,0.5964,0.6227,0.6222,0.3805,0.1939,0.5315,0.5315
2983,158,Q158A,Q,A,p~,np,0.642,0.6663,0.3963,0.4003,0.3181,0.2022,0.2022
2984,158,Q158R,Q,R,p~,p+,0.642,0.6663,0.3963,0.4003,0.3181,0.2026,0.2026
2985,158,Q158N,Q,N,p~,p~,0.642,0.6663,0.3963,0.4003,0.3181,-0.0257,-0.0257
2986,158,Q158D,Q,D,p~,p-,0.642,0.6663,0.3963,0.4003,0.3181,0.2111,0.2111
2987,158,Q158C,Q,C,p~,p~,0.642,0.6663,0.3963,0.4003,0.3181,0.4648,0.4648
2988,158,Q158E,Q,E,p~,p-,0.642,0.6663,0.3963,0.4003,0.3181,0.3034,0.3034
2989,158,Q158G,Q,G,p~,np,0.642,0.6663,0.3963,0.4003,0.3181,0.2086,0.2086
2990,158,Q158H,Q,H,p~,p~,0.642,0.6663,0.3963,0.4003,0.3181,0.2437,0.2437
2991,158,Q158I,Q,I,p~,np,0.642,0.6663,0.3963,0.4003,0.3181,0.3361,0.3361
2992,158,Q158L,Q,L,p~,np,0.642,0.6663,0.3963,0.4003,0.3181,0.2244,0.2244
2993,158,Q158K,Q,K,p~,p+,0.642,0.6663,0.3963,0.4003,0.3181,0.1334,0.1334
2994,158,Q158M,Q,M,p~,np,0.642,0.6663,0.3963,0.4003,0.3181,0.3425,0.3425
2995,158,Q158F,Q,F,p~,np,0.642,0.6663,0.3963,0.4003,0.3181,0.332,0.332
2996,158,Q158P,Q,P,p~,np,0.642,0.6663,0.3963,0.4003,0.3181,0.4565,0.4565
2997,158,Q158S,Q,S,p~,p~,0.642,0.6663,0.3963,0.4003,0.3181,0.17,0.17
2998,158,Q158T,Q,T,p~,p~,0.642,0.6663,0.3963,0.4003,0.3181,0.2852,0.2852
2999,158,Q158W,Q,W,p~,np,0.642,0.6663,0.3963,0.4003,0.3181,0.378,0.378
3000,158,Q158Y,Q,Y,p~,p~,0.642,0.6663,0.3963,0.4003,0.3181,0.3116,0.3116
3001,158,Q158V,Q,V,p~,np,0.642,0.6663,0.3963,0.4003,0.3181,0.3141,0.3141
3002,159,P159A,P,A,np,np,0.7003,0.7224,0.1449,0.5975,0.5535,0.2945,0.2945
3003,159,P159R,P,R,np,p+,0.7003,0.7224,0.1449,0.5975,0.5535,0.3828,0.3828
3004,159,P159N,P,N,np,p~,0.7003,0.7224,0.1449,0.5975,0.5535,0.345,0.345
3005,159,P159D,P,D,np,p-,0.7003,0.7224,0.1449,0.5975,0.5535,0.3802,0.3802
3006,159,P159C,P,C,np,p~,0.7003,0.7224,0.1449,0.5975,0.5535,0.5269,0.5269
3007,159,P159Q,P,Q,np,p~,0.7003,0.7224,0.1449,0.5975,0.5535,0.3419,0.3419
3008,159,P159E,P,E,np,p-,0.7003,0.7224,0.1449,0.5975,0.5535,0.4276,0.4276
3009,159,P159G,P,G,np,np,0.7003,0.7224,0.1449,0.5975,0.5535,0.3465,0.3465
3010,159,P159H,P,H,np,p~,0.7003,0.7224,0.1449,0.5975,0.5535,0.4132,0.4132
3011,159,P159I,P,I,np,np,0.7003,0.7224,0.1449,0.5975,0.5535,0.4417,0.4417
3012,159,P159L,P,L,np,np,0.7003,0.7224,0.1449,0.5975,0.5535,0.3675,0.3675
3013,159,P159K,P,K,np,p+,0.7003,0.7224,0.1449,0.5975,0.5535,0.3582,0.3582
3014,159,P159M,P,M,np,np,0.7003,0.7224,0.1449,0.5975,0.5535,0.463,0.463
3015,159,P159F,P,F,np,np,0.7003,0.7224,0.1449,0.5975,0.5535,0.4322,0.4322
3016,159,P159S,P,S,np,p~,0.7003,0.7224,0.1449,0.5975,0.5535,0.3071,0.3071
3017,159,P159T,P,T,np,p~,0.7003,0.7224,0.1449,0.5975,0.5535,0.3381,0.3381
3018,159,P159W,P,W,np,np,0.7003,0.7224,0.1449,0.5975,0.5535,0.4109,0.4109
3019,159,P159Y,P,Y,np,p~,0.7003,0.7224,0.1449,0.5975,0.5535,0.3764,0.3764
3020,159,P159V,P,V,np,np,0.7003,0.7224,0.1449,0.5975,0.5535,0.3913,0.3913
3021,160,W160A,W,A,np,np,0.6549,0.6775,0.1419,0.6449,0.624,0.4523,0.4523
3022,160,W160R,W,R,np,p+,0.6549,0.6775,0.1419,0.6449,0.624,0.5144,0.5144
3023,160,W160N,W,N,np,p~,0.6549,0.6775,0.1419,0.6449,0.624,0.4743,0.4743
3024,160,W160D,W,D,np,p-,0.6549,0.6775,0.1419,0.6449,0.624,0.6131,0.6131
3025,160,W160C,W,C,np,p~,0.6549,0.6775,0.1419,0.6449,0.624,0.511,0.511
3026,160,W160Q,W,Q,np,p~,0.6549,0.6775,0.1419,0.6449,0.624,0.5098,0.5098
3027,160,W160E,W,E,np,p-,0.6549,0.6775,0.1419,0.6449,0.624,0.646,0.646
3028,160,W160G,W,G,np,np,0.6549,0.6775,0.1419,0.6449,0.624,0.5474,0.5474
3029,160,W160H,W,H,np,p~,0.6549,0.6775,0.1419,0.6449,0.624,0.3547,0.3547
3030,160,W160I,W,I,np,np,0.6549,0.6775,0.1419,0.6449,0.624,0.5358,0.5358
3031,160,W160L,W,L,np,np,0.6549,0.6775,0.1419,0.6449,0.624,0.4877,0.4877
3032,160,W160K,W,K,np,p+,0.6549,0.6775,0.1419,0.6449,0.624,0.6564,0.6564
3033,160,W160M,W,M,np,np,0.6549,0.6775,0.1419,0.6449,0.624,0.5341,0.5341
3034,160,W160F,W,F,np,np,0.6549,0.6775,0.1419,0.6449,0.624,0.2439,0.2439
3035,160,W160P,W,P,np,np,0.6549,0.6775,0.1419,0.6449,0.624,0.6078,0.6078
3036,160,W160S,W,S,np,p~,0.6549,0.6775,0.1419,0.6449,0.624,0.453,0.453
3037,160,W160T,W,T,np,p~,0.6549,0.6775,0.1419,0.6449,0.624,0.535,0.535
3038,160,W160Y,W,Y,np,p~,0.6549,0.6775,0.1419,0.6449,0.624,0.2193,0.2193
3039,160,W160V,W,V,np,np,0.6549,0.6775,0.1419,0.6449,0.624,0.5191,0.5191
3040,161,T161A,T,A,p~,np,0.6443,0.6663,0.1681,0.5856,0.6169,0.2605,0.2605
3041,161,T161R,T,R,p~,p+,0.6443,0.6663,0.1681,0.5856,0.6169,0.7986,0.7986
3042,161,T161N,T,N,p~,p~,0.6443,0.6663,0.1681,0.5856,0.6169,0.5575,0.5575
3043,161,T161D,T,D,p~,p-,0.6443,0.6663,0.1681,0.5856,0.6169,0.6032,0.6032
3044,161,T161C,T,C,p~,p~,0.6443,0.6663,0.1681,0.5856,0.6169,0.5142,0.5142
3045,161,T161Q,T,Q,p~,p~,0.6443,0.6663,0.1681,0.5856,0.6169,0.6713,0.6713
3046,161,T161E,T,E,p~,p-,0.6443,0.6663,0.1681,0.5856,0.6169,0.6432,0.6432
3047,161,T161G,T,G,p~,np,0.6443,0.6663,0.1681,0.5856,0.6169,0.4309,0.4309
3048,161,T161H,T,H,p~,p~,0.6443,0.6663,0.1681,0.5856,0.6169,0.7027,0.7027
3049,161,T161I,T,I,p~,np,0.6443,0.6663,0.1681,0.5856,0.6169,0.4637,0.4637
3050,161,T161L,T,L,p~,np,0.6443,0.6663,0.1681,0.5856,0.6169,0.4967,0.4967
3051,161,T161K,T,K,p~,p+,0.6443,0.6663,0.1681,0.5856,0.6169,0.7527,0.7527
3052,161,T161M,T,M,p~,np,0.6443,0.6663,0.1681,0.5856,0.6169,0.4955,0.4955
3053,161,T161F,T,F,p~,np,0.6443,0.6663,0.1681,0.5856,0.6169,0.6096,0.6096
3054,161,T161P,T,P,p~,np,0.6443,0.6663,0.1681,0.5856,0.6169,0.6376,0.6376
3055,161,T161S,T,S,p~,p~,0.6443,0.6663,0.1681,0.5856,0.6169,0.2955,0.2955
3056,161,T161W,T,W,p~,np,0.6443,0.6663,0.1681,0.5856,0.6169,0.7547,0.7547
3057,161,T161Y,T,Y,p~,p~,0.6443,0.6663,0.1681,0.5856,0.6169,0.6756,0.6756
3058,161,T161V,T,V,p~,np,0.6443,0.6663,0.1681,0.5856,0.6169,0.3547,0.3547
3059,162,S162A,S,A,p~,np,0.6054,0.6259,0.1419,0.63,0.5218,0.4197,0.4197
3060,162,S162R,S,R,p~,p+,0.6054,0.6259,0.1419,0.63,0.5218,0.6647,0.6647
3061,162,S162N,S,N,p~,p~,0.6054,0.6259,0.1419,0.63,0.5218,0.5167,0.5167
3062,162,S162D,S,D,p~,p-,0.6054,0.6259,0.1419,0.63,0.5218,0.6411,0.6411
3063,162,S162C,S,C,p~,p~,0.6054,0.6259,0.1419,0.63,0.5218,0.5864,0.5864
3064,162,S162Q,S,Q,p~,p~,0.6054,0.6259,0.1419,0.63,0.5218,0.6143,0.6143
3065,162,S162E,S,E,p~,p-,0.6054,0.6259,0.1419,0.63,0.5218,0.6568,0.6568
3066,162,S162G,S,G,p~,np,0.6054,0.6259,0.1419,0.63,0.5218,0.5148,0.5148
3067,162,S162H,S,H,p~,p~,0.6054,0.6259,0.1419,0.63,0.5218,0.6223,0.6223
3068,162,S162I,S,I,p~,np,0.6054,0.6259,0.1419,0.63,0.5218,0.73,0.73
3069,162,S162L,S,L,p~,np,0.6054,0.6259,0.1419,0.63,0.5218,0.7242,0.7242
3070,162,S162K,S,K,p~,p+,0.6054,0.6259,0.1419,0.63,0.5218,0.7195,0.7195
3071,162,S162M,S,M,p~,np,0.6054,0.6259,0.1419,0.63,0.5218,0.6727,0.6727
3072,162,S162F,S,F,p~,np,0.6054,0.6259,0.1419,0.63,0.5218,0.7596,0.7596
3073,162,S162P,S,P,p~,np,0.6054,0.6259,0.1419,0.63,0.5218,0.7077,0.7077
3074,162,S162T,S,T,p~,p~,0.6054,0.6259,0.1419,0.63,0.5218,0.2735,0.2735
3075,162,S162W,S,W,p~,np,0.6054,0.6259,0.1419,0.63,0.5218,0.7786,0.7786
3076,162,S162Y,S,Y,p~,p~,0.6054,0.6259,0.1419,0.63,0.5218,0.7805,0.7805
3077,162,S162V,S,V,p~,np,0.6054,0.6259,0.1419,0.63,0.5218,0.6005,0.6005
3078,163,I163A,I,A,np,np,0.6045,0.6227,0.1365,0.6608,0.9617,0.0711,0.0711
3079,163,I163R,I,R,np,p+,0.6045,0.6227,0.1365,0.6608,0.9617,0.745,0.745
3080,163,I163N,I,N,np,p~,0.6045,0.6227,0.1365,0.6608,0.9617,0.532,0.532
3081,163,I163D,I,D,np,p-,0.6045,0.6227,0.1365,0.6608,0.9617,0.5676,0.5676
3082,163,I163C,I,C,np,p~,0.6045,0.6227,0.1365,0.6608,0.9617,0.4375,0.4375
3083,163,I163Q,I,Q,np,p~,0.6045,0.6227,0.1365,0.6608,0.9617,0.5923,0.5923
3084,163,I163E,I,E,np,p-,0.6045,0.6227,0.1365,0.6608,0.9617,0.5677,0.5677
3085,163,I163G,I,G,np,np,0.6045,0.6227,0.1365,0.6608,0.9617,0.2449,0.2449
3086,163,I163H,I,H,np,p~,0.6045,0.6227,0.1365,0.6608,0.9617,0.6386,0.6386
3087,163,I163L,I,L,np,np,0.6045,0.6227,0.1365,0.6608,0.9617,0.2598,0.2598
3088,163,I163K,I,K,np,p+,0.6045,0.6227,0.1365,0.6608,0.9617,0.7469,0.7469
3089,163,I163M,I,M,np,np,0.6045,0.6227,0.1365,0.6608,0.9617,0.3121,0.3121
3090,163,I163F,I,F,np,np,0.6045,0.6227,0.1365,0.6608,0.9617,0.3935,0.3935
3091,163,I163P,I,P,np,np,0.6045,0.6227,0.1365,0.6608,0.9617,0.4641,0.4641
3092,163,I163S,I,S,np,p~,0.6045,0.6227,0.1365,0.6608,0.9617,0.3344,0.3344
3093,163,I163T,I,T,np,p~,0.6045,0.6227,0.1365,0.6608,0.9617,0.3185,0.3185
3094,163,I163W,I,W,np,np,0.6045,0.6227,0.1365,0.6608,0.9617,0.5826,0.5826
3095,163,I163Y,I,Y,np,p~,0.6045,0.6227,0.1365,0.6608,0.9617,0.541,0.541
3096,163,I163V,I,V,np,np,0.6045,0.6227,0.1365,0.6608,0.9617,0.1465,0.1465
3097,164,A164R,A,R,np,p+,0.5999,0.6145,0.1264,0.6465,0.5807,0.5644,0.5644
3098,164,A164N,A,N,np,p~,0.5999,0.6145,0.1264,0.6465,0.5807,0.5197,0.5197
3099,164,A164D,A,D,np,p-,0.5999,0.6145,0.1264,0.6465,0.5807,0.514,0.514
3100,164,A164C,A,C,np,p~,0.5999,0.6145,0.1264,0.6465,0.5807,0.5547,0.5547
3101,164,A164Q,A,Q,np,p~,0.5999,0.6145,0.1264,0.6465,0.5807,0.5791,0.5791
3102,164,A164E,A,E,np,p-,0.5999,0.6145,0.1264,0.6465,0.5807,0.5772,0.5772
3103,164,A164G,A,G,np,np,0.5999,0.6145,0.1264,0.6465,0.5807,0.3773,0.3773
3104,164,A164H,A,H,np,p~,0.5999,0.6145,0.1264,0.6465,0.5807,0.6357,0.6357
3105,164,A164I,A,I,np,np,0.5999,0.6145,0.1264,0.6465,0.5807,0.62,0.62
3106,164,A164L,A,L,np,np,0.5999,0.6145,0.1264,0.6465,0.5807,0.7105,0.7105
3107,164,A164K,A,K,np,p+,0.5999,0.6145,0.1264,0.6465,0.5807,0.6085,0.6085
3108,164,A164M,A,M,np,np,0.5999,0.6145,0.1264,0.6465,0.5807,0.632,0.632
3109,164,A164F,A,F,np,np,0.5999,0.6145,0.1264,0.6465,0.5807,0.7293,0.7293
3110,164,A164P,A,P,np,np,0.5999,0.6145,0.1264,0.6465,0.5807,0.5599,0.5599
3111,164,A164S,A,S,np,p~,0.5999,0.6145,0.1264,0.6465,0.5807,0.3228,0.3228
3112,164,A164T,A,T,np,p~,0.5999,0.6145,0.1264,0.6465,0.5807,0.4022,0.4022
3113,164,A164W,A,W,np,np,0.5999,0.6145,0.1264,0.6465,0.5807,0.755,0.755
3114,164,A164Y,A,Y,np,p~,0.5999,0.6145,0.1264,0.6465,0.5807,0.7216,0.7216
3115,164,A164V,A,V,np,np,0.5999,0.6145,0.1264,0.6465,0.5807,0.5577,0.5577
3116,165,E165A,E,A,p-,np,0.5693,0.5858,0.121,0.7177,0.8007,0.6304,0.6304
3117,165,E165R,E,R,p-,p+,0.5693,0.5858,0.121,0.7177,0.8007,0.6699,0.6699
3118,165,E165N,E,N,p-,p~,0.5693,0.5858,0.121,0.7177,0.8007,0.5904,0.5904
3119,165,E165D,E,D,p-,p-,0.5693,0.5858,0.121,0.7177,0.8007,0.366,0.366
3120,165,E165C,E,C,p-,p~,0.5693,0.5858,0.121,0.7177,0.8007,0.9525,0.9525
3121,165,E165Q,E,Q,p-,p~,0.5693,0.5858,0.121,0.7177,0.8007,0.5253,0.5253
3122,165,E165G,E,G,p-,np,0.5693,0.5858,0.121,0.7177,0.8007,0.605,0.605
3123,165,E165H,E,H,p-,p~,0.5693,0.5858,0.121,0.7177,0.8007,0.6617,0.6617
3124,165,E165I,E,I,p-,np,0.5693,0.5858,0.121,0.7177,0.8007,0.9169,0.9169
3125,165,E165L,E,L,p-,np,0.5693,0.5858,0.121,0.7177,0.8007,0.7874,0.7874
3126,165,E165K,E,K,p-,p+,0.5693,0.5858,0.121,0.7177,0.8007,0.6207,0.6207
3127,165,E165M,E,M,p-,np,0.5693,0.5858,0.121,0.7177,0.8007,0.7747,0.7747
3128,165,E165F,E,F,p-,np,0.5693,0.5858,0.121,0.7177,0.8007,0.8941,0.8941
3129,165,E165P,E,P,p-,np,0.5693,0.5858,0.121,0.7177,0.8007,0.9181,0.9181
3130,165,E165S,E,S,p-,p~,0.5693,0.5858,0.121,0.7177,0.8007,0.622,0.622
3131,165,E165T,E,T,p-,p~,0.5693,0.5858,0.121,0.7177,0.8007,0.6622,0.6622
3132,165,E165W,E,W,p-,np,0.5693,0.5858,0.121,0.7177,0.8007,0.87,0.87
3133,165,E165Y,E,Y,p-,p~,0.5693,0.5858,0.121,0.7177,0.8007,0.7738,0.7738
3134,165,E165V,E,V,p-,np,0.5693,0.5858,0.121,0.7177,0.8007,0.8083,0.8083
3135,166,I166A,I,A,np,np,0.596,0.6119,0.1565,0.6212,0.8219,0.3628,0.3628
3136,166,I166R,I,R,np,p+,0.596,0.6119,0.1565,0.6212,0.8219,0.7897,0.7897
3137,166,I166N,I,N,np,p~,0.596,0.6119,0.1565,0.6212,0.8219,0.6603,0.6603
3138,166,I166D,I,D,np,p-,0.596,0.6119,0.1565,0.6212,0.8219,0.715,0.715
3139,166,I166C,I,C,np,p~,0.596,0.6119,0.1565,0.6212,0.8219,0.5516,0.5516
3140,166,I166Q,I,Q,np,p~,0.596,0.6119,0.1565,0.6212,0.8219,0.6179,0.6179
3141,166,I166E,I,E,np,p-,0.596,0.6119,0.1565,0.6212,0.8219,0.6879,0.6879
3142,166,I166G,I,G,np,np,0.596,0.6119,0.1565,0.6212,0.8219,0.5858,0.5858
3143,166,I166H,I,H,np,p~,0.596,0.6119,0.1565,0.6212,0.8219,0.6524,0.6524
3144,166,I166L,I,L,np,np,0.596,0.6119,0.1565,0.6212,0.8219,0.1761,0.1761
3145,166,I166K,I,K,np,p+,0.596,0.6119,0.1565,0.6212,0.8219,0.8096,0.8096
3146,166,I166M,I,M,np,np,0.596,0.6119,0.1565,0.6212,0.8219,0.2315,0.2315
3147,166,I166F,I,F,np,np,0.596,0.6119,0.1565,0.6212,0.8219,0.2214,0.2214
3148,166,I166P,I,P,np,np,0.596,0.6119,0.1565,0.6212,0.8219,0.585,0.585
3149,166,I166S,I,S,np,p~,0.596,0.6119,0.1565,0.6212,0.8219,0.5886,0.5886
3150,166,I166T,I,T,np,p~,0.596,0.6119,0.1565,0.6212,0.8219,0.4694,0.4694
3151,166,I166W,I,W,np,np,0.596,0.6119,0.1565,0.6212,0.8219,0.4625,0.4625
3152,166,I166Y,I,Y,np,p~,0.596,0.6119,0.1565,0.6212,0.8219,0.5474,0.5474
3153,166,I166V,I,V,np,np,0.596,0.6119,0.1565,0.6212,0.8219,0.2144,0.2144
3154,167,N167A,N,A,p~,np,0.5629,0.5791,0.3115,0.3972,0.3294,0.3329,0.3329
3155,167,N167R,N,R,p~,p+,0.5629,0.5791,0.3115,0.3972,0.3294,0.3871,0.3871
3156,167,N167D,N,D,p~,p-,0.5629,0.5791,0.3115,0.3972,0.3294,0.182,0.182
3157,167,N167C,N,C,p~,p~,0.5629,0.5791,0.3115,0.3972,0.3294,0.7412,0.7412
3158,167,N167Q,N,Q,p~,p~,0.5629,0.5791,0.3115,0.3972,0.3294,0.2597,0.2597
3159,167,N167E,N,E,p~,p-,0.5629,0.5791,0.3115,0.3972,0.3294,0.2485,0.2485
3160,167,N167G,N,G,p~,np,0.5629,0.5791,0.3115,0.3972,0.3294,0.3005,0.3005
3161,167,N167H,N,H,p~,p~,0.5629,0.5791,0.3115,0.3972,0.3294,0.4432,0.4432
3162,167,N167I,N,I,p~,np,0.5629,0.5791,0.3115,0.3972,0.3294,0.5555,0.5555
3163,167,N167L,N,L,p~,np,0.5629,0.5791,0.3115,0.3972,0.3294,0.4917,0.4917
3164,167,N167K,N,K,p~,p+,0.5629,0.5791,0.3115,0.3972,0.3294,0.35,0.35
3165,167,N167M,N,M,p~,np,0.5629,0.5791,0.3115,0.3972,0.3294,0.5301,0.5301
3166,167,N167F,N,F,p~,np,0.5629,0.5791,0.3115,0.3972,0.3294,0.5587,0.5587
3167,167,N167P,N,P,p~,np,0.5629,0.5791,0.3115,0.3972,0.3294,0.7277,0.7277
3168,167,N167S,N,S,p~,p~,0.5629,0.5791,0.3115,0.3972,0.3294,0.2872,0.2872
3169,167,N167T,N,T,p~,p~,0.5629,0.5791,0.3115,0.3972,0.3294,0.3686,0.3686
3170,167,N167W,N,W,p~,np,0.5629,0.5791,0.3115,0.3972,0.3294,0.5657,0.5657
3171,167,N167Y,N,Y,p~,p~,0.5629,0.5791,0.3115,0.3972,0.3294,0.469,0.469
3172,167,N167V,N,V,p~,np,0.5629,0.5791,0.3115,0.3972,0.3294,0.4942,0.4942
3173,168,V168A,V,A,np,np,0.579,0.5918,0.1673,0.5906,0.9347,0.2951,0.2951
3174,168,V168R,V,R,np,p+,0.579,0.5918,0.1673,0.5906,0.9347,0.8276,0.8276
3175,168,V168N,V,N,np,p~,0.579,0.5918,0.1673,0.5906,0.9347,0.7333,0.7333
3176,168,V168D,V,D,np,p-,0.579,0.5918,0.1673,0.5906,0.9347,0.7523,0.7523
3177,168,V168C,V,C,np,p~,0.579,0.5918,0.1673,0.5906,0.9347,0.6291,0.6291
3178,168,V168Q,V,Q,np,p~,0.579,0.5918,0.1673,0.5906,0.9347,0.6975,0.6975
3179,168,V168E,V,E,np,p-,0.579,0.5918,0.1673,0.5906,0.9347,0.7154,0.7154
3180,168,V168G,V,G,np,np,0.579,0.5918,0.1673,0.5906,0.9347,0.5423,0.5423
3181,168,V168H,V,H,np,p~,0.579,0.5918,0.1673,0.5906,0.9347,0.7955,0.7955
3182,168,V168I,V,I,np,np,0.579,0.5918,0.1673,0.5906,0.9347,0.2522,0.2522
3183,168,V168L,V,L,np,np,0.579,0.5918,0.1673,0.5906,0.9347,0.2702,0.2702
3184,168,V168K,V,K,np,p+,0.579,0.5918,0.1673,0.5906,0.9347,0.8285,0.8285
3185,168,V168M,V,M,np,np,0.579,0.5918,0.1673,0.5906,0.9347,0.4475,0.4475
3186,168,V168F,V,F,np,np,0.579,0.5918,0.1673,0.5906,0.9347,0.4698,0.4698
3187,168,V168P,V,P,np,np,0.579,0.5918,0.1673,0.5906,0.9347,0.3838,0.3838
3188,168,V168S,V,S,np,p~,0.579,0.5918,0.1673,0.5906,0.9347,0.5907,0.5907
3189,168,V168T,V,T,np,p~,0.579,0.5918,0.1673,0.5906,0.9347,0.4629,0.4629
3190,168,V168W,V,W,np,np,0.579,0.5918,0.1673,0.5906,0.9347,0.7361,0.7361
3191,168,V168Y,V,Y,np,p~,0.579,0.5918,0.1673,0.5906,0.9347,0.636,0.636
3192,169,F169A,F,A,np,np,0.5016,0.5148,0.1742,0.5158,0.559,0.2632,0.2632
3193,169,F169R,F,R,np,p+,0.5016,0.5148,0.1742,0.5158,0.559,0.2903,0.2903
3194,169,F169N,F,N,np,p~,0.5016,0.5148,0.1742,0.5158,0.559,0.2,0.2
3195,169,F169D,F,D,np,p-,0.5016,0.5148,0.1742,0.5158,0.559,0.3064,0.3064
3196,169,F169C,F,C,np,p~,0.5016,0.5148,0.1742,0.5158,0.559,0.5228,0.5228
3197,169,F169Q,F,Q,np,p~,0.5016,0.5148,0.1742,0.5158,0.559,0.2167,0.2167
3198,169,F169E,F,E,np,p-,0.5016,0.5148,0.1742,0.5158,0.559,0.2832,0.2832
3199,169,F169G,F,G,np,np,0.5016,0.5148,0.1742,0.5158,0.559,0.2804,0.2804
3200,169,F169H,F,H,np,p~,0.5016,0.5148,0.1742,0.5158,0.559,0.26,0.26
3201,169,F169I,F,I,np,np,0.5016,0.5148,0.1742,0.5158,0.559,0.2054,0.2054
3202,169,F169L,F,L,np,np,0.5016,0.5148,0.1742,0.5158,0.559,0.1399,0.1399
3203,169,F169K,F,K,np,p+,0.5016,0.5148,0.1742,0.5158,0.559,0.2895,0.2895
3204,169,F169M,F,M,np,np,0.5016,0.5148,0.1742,0.5158,0.559,0.2609,0.2609
3205,169,F169P,F,P,np,np,0.5016,0.5148,0.1742,0.5158,0.559,0.4846,0.4846
3206,169,F169S,F,S,np,p~,0.5016,0.5148,0.1742,0.5158,0.559,0.2197,0.2197
3207,169,F169T,F,T,np,p~,0.5016,0.5148,0.1742,0.5158,0.559,0.2242,0.2242
3208,169,F169W,F,W,np,np,0.5016,0.5148,0.1742,0.5158,0.559,0.3244,0.3244
3209,169,F169Y,F,Y,np,p~,0.5016,0.5148,0.1742,0.5158,0.559,0.1601,0.1601
3210,169,F169V,F,V,np,np,0.5016,0.5148,0.1742,0.5158,0.559,0.2106,0.2106
3211,170,Q170A,Q,A,p~,np,0.5542,0.5615,0.4942,0.2863,0.1755,0.1163,0.1163
3212,170,Q170R,Q,R,p~,p+,0.5542,0.5615,0.4942,0.2863,0.1755,0.2598,0.2598
3213,170,Q170N,Q,N,p~,p~,0.5542,0.5615,0.4942,0.2863,0.1755,0.1537,0.1537
3214,170,Q170D,Q,D,p~,p-,0.5542,0.5615,0.4942,0.2863,0.1755,0.2135,0.2135
3215,170,Q170C,Q,C,p~,p~,0.5542,0.5615,0.4942,0.2863,0.1755,0.5096,0.5096
3216,170,Q170E,Q,E,p~,p-,0.5542,0.5615,0.4942,0.2863,0.1755,0.2076,0.2076
3217,170,Q170G,Q,G,p~,np,0.5542,0.5615,0.4942,0.2863,0.1755,0.1079,0.1079
3218,170,Q170H,Q,H,p~,p~,0.5542,0.5615,0.4942,0.2863,0.1755,0.35,0.35
3219,170,Q170I,Q,I,p~,np,0.5542,0.5615,0.4942,0.2863,0.1755,0.3347,0.3347
3220,170,Q170L,Q,L,p~,np,0.5542,0.5615,0.4942,0.2863,0.1755,0.2509,0.2509
3221,170,Q170K,Q,K,p~,p+,0.5542,0.5615,0.4942,0.2863,0.1755,0.2337,0.2337
3222,170,Q170M,Q,M,p~,np,0.5542,0.5615,0.4942,0.2863,0.1755,0.3456,0.3456
3223,170,Q170F,Q,F,p~,np,0.5542,0.5615,0.4942,0.2863,0.1755,0.372,0.372
3224,170,Q170P,Q,P,p~,np,0.5542,0.5615,0.4942,0.2863,0.1755,0.1551,0.1551
3225,170,Q170S,Q,S,p~,p~,0.5542,0.5615,0.4942,0.2863,0.1755,0.1254,0.1254
3226,170,Q170T,Q,T,p~,p~,0.5542,0.5615,0.4942,0.2863,0.1755,0.1345,0.1345
3227,170,Q170W,Q,W,p~,np,0.5542,0.5615,0.4942,0.2863,0.1755,0.4698,0.4698
3228,170,Q170Y,Q,Y,p~,p~,0.5542,0.5615,0.4942,0.2863,0.1755,0.2844,0.2844
3229,170,Q170V,Q,V,p~,np,0.5542,0.5615,0.4942,0.2863,0.1755,0.2537,0.2537
3230,171,A171R,A,R,np,p+,0.5562,0.5634,0.4202,0.4757,0.2856,0.3349,0.3349
3231,171,A171N,A,N,np,p~,0.5562,0.5634,0.4202,0.4757,0.2856,0.2387,0.2387
3232,171,A171D,A,D,np,p-,0.5562,0.5634,0.4202,0.4757,0.2856,0.2152,0.2152
3233,171,A171C,A,C,np,p~,0.5562,0.5634,0.4202,0.4757,0.2856,0.4696,0.4696
3234,171,A171Q,A,Q,np,p~,0.5562,0.5634,0.4202,0.4757,0.2856,0.2723,0.2723
3235,171,A171E,A,E,np,p-,0.5562,0.5634,0.4202,0.4757,0.2856,0.2903,0.2903
3236,171,A171G,A,G,np,np,0.5562,0.5634,0.4202,0.4757,0.2856,0.2285,0.2285
3237,171,A171H,A,H,np,p~,0.5562,0.5634,0.4202,0.4757,0.2856,0.3639,0.3639
3238,171,A171I,A,I,np,np,0.5562,0.5634,0.4202,0.4757,0.2856,0.3236,0.3236
3239,171,A171L,A,L,np,np,0.5562,0.5634,0.4202,0.4757,0.2856,0.2848,0.2848
3240,171,A171K,A,K,np,p+,0.5562,0.5634,0.4202,0.4757,0.2856,0.325,0.325
3241,171,A171M,A,M,np,np,0.5562,0.5634,0.4202,0.4757,0.2856,0.3753,0.3753
3242,171,A171F,A,F,np,np,0.5562,0.5634,0.4202,0.4757,0.2856,0.3663,0.3663
3243,171,A171P,A,P,np,np,0.5562,0.5634,0.4202,0.4757,0.2856,0.2417,0.2417
3244,171,A171S,A,S,np,p~,0.5562,0.5634,0.4202,0.4757,0.2856,0.1863,0.1863
3245,171,A171T,A,T,np,p~,0.5562,0.5634,0.4202,0.4757,0.2856,0.1886,0.1886
3246,171,A171W,A,W,np,np,0.5562,0.5634,0.4202,0.4757,0.2856,0.4464,0.4464
3247,171,A171Y,A,Y,np,p~,0.5562,0.5634,0.4202,0.4757,0.2856,0.3346,0.3346
3248,171,A171V,A,V,np,np,0.5562,0.5634,0.4202,0.4757,0.2856,0.242,0.242
3249,172,S172A,S,A,p~,np,0.5808,0.5837,0.6438,0.2826,0.2796,0.2051,0.2051
3250,172,S172R,S,R,p~,p+,0.5808,0.5837,0.6438,0.2826,0.2796,0.383,0.383
3251,172,S172N,S,N,p~,p~,0.5808,0.5837,0.6438,0.2826,0.2796,0.2371,0.2371
3252,172,S172D,S,D,p~,p-,0.5808,0.5837,0.6438,0.2826,0.2796,0.2416,0.2416
3253,172,S172C,S,C,p~,p~,0.5808,0.5837,0.6438,0.2826,0.2796,0.5364,0.5364
3254,172,S172Q,S,Q,p~,p~,0.5808,0.5837,0.6438,0.2826,0.2796,0.2631,0.2631
3255,172,S172E,S,E,p~,p-,0.5808,0.5837,0.6438,0.2826,0.2796,0.2737,0.2737
3256,172,S172G,S,G,p~,np,0.5808,0.5837,0.6438,0.2826,0.2796,0.168,0.168
3257,172,S172H,S,H,p~,p~,0.5808,0.5837,0.6438,0.2826,0.2796,0.4506,0.4506
3258,172,S172I,S,I,p~,np,0.5808,0.5837,0.6438,0.2826,0.2796,0.3509,0.3509
3259,172,S172L,S,L,p~,np,0.5808,0.5837,0.6438,0.2826,0.2796,0.3189,0.3189
3260,172,S172K,S,K,p~,p+,0.5808,0.5837,0.6438,0.2826,0.2796,0.348,0.348
3261,172,S172M,S,M,p~,np,0.5808,0.5837,0.6438,0.2826,0.2796,0.4218,0.4218
3262,172,S172F,S,F,p~,np,0.5808,0.5837,0.6438,0.2826,0.2796,0.3836,0.3836
3263,172,S172P,S,P,p~,np,0.5808,0.5837,0.6438,0.2826,0.2796,0.2163,0.2163
3264,172,S172T,S,T,p~,p~,0.5808,0.5837,0.6438,0.2826,0.2796,0.2019,0.2019
3265,172,S172W,S,W,p~,np,0.5808,0.5837,0.6438,0.2826,0.2796,0.5036,0.5036
3266,172,S172Y,S,Y,p~,p~,0.5808,0.5837,0.6438,0.2826,0.2796,0.3816,0.3816
3267,172,S172V,S,V,p~,np,0.5808,0.5837,0.6438,0.2826,0.2796,0.2799,0.2799
3268,173,S173A,S,A,p~,np,0.606,0.6107,0.8612,0.3783,0.1598,0.2151,0.2151
3269,173,S173R,S,R,p~,p+,0.606,0.6107,0.8612,0.3783,0.1598,0.4047,0.4047
3270,173,S173N,S,N,p~,p~,0.606,0.6107,0.8612,0.3783,0.1598,0.2336,0.2336
3271,173,S173D,S,D,p~,p-,0.606,0.6107,0.8612,0.3783,0.1598,0.2779,0.2779
3272,173,S173C,S,C,p~,p~,0.606,0.6107,0.8612,0.3783,0.1598,0.5294,0.5294
3273,173,S173Q,S,Q,p~,p~,0.606,0.6107,0.8612,0.3783,0.1598,0.2846,0.2846
3274,173,S173E,S,E,p~,p-,0.606,0.6107,0.8612,0.3783,0.1598,0.3161,0.3161
3275,173,S173G,S,G,p~,np,0.606,0.6107,0.8612,0.3783,0.1598,0.1655,0.1655
3276,173,S173H,S,H,p~,p~,0.606,0.6107,0.8612,0.3783,0.1598,0.4572,0.4572
3277,173,S173I,S,I,p~,np,0.606,0.6107,0.8612,0.3783,0.1598,0.3872,0.3872
3278,173,S173L,S,L,p~,np,0.606,0.6107,0.8612,0.3783,0.1598,0.37,0.37
3279,173,S173K,S,K,p~,p+,0.606,0.6107,0.8612,0.3783,0.1598,0.3881,0.3881
3280,173,S173M,S,M,p~,np,0.606,0.6107,0.8612,0.3783,0.1598,0.4738,0.4738
3281,173,S173F,S,F,p~,np,0.606,0.6107,0.8612,0.3783,0.1598,0.4289,0.4289
3282,173,S173P,S,P,p~,np,0.606,0.6107,0.8612,0.3783,0.1598,0.2437,0.2437
3283,173,S173T,S,T,p~,p~,0.606,0.6107,0.8612,0.3783,0.1598,0.2095,0.2095
3284,173,S173W,S,W,p~,np,0.606,0.6107,0.8612,0.3783,0.1598,0.5389,0.5389
3285,173,S173Y,S,Y,p~,p~,0.606,0.6107,0.8612,0.3783,0.1598,0.4282,0.4282
3286,173,S173V,S,V,p~,np,0.606,0.6107,0.8612,0.3783,0.1598,0.3111,0.3111
3287,174,Y174A,Y,A,p~,np,0.6336,0.6417,0.5405,0.4409,0.3355,0.1067,0.1067
3288,174,Y174R,Y,R,p~,p+,0.6336,0.6417,0.5405,0.4409,0.3355,0.2719,0.2719
3289,174,Y174N,Y,N,p~,p~,0.6336,0.6417,0.5405,0.4409,0.3355,0.1376,0.1376
3290,174,Y174D,Y,D,p~,p-,0.6336,0.6417,0.5405,0.4409,0.3355,0.1808,0.1808
3291,174,Y174C,Y,C,p~,p~,0.6336,0.6417,0.5405,0.4409,0.3355,0.3478,0.3478
3292,174,Y174Q,Y,Q,p~,p~,0.6336,0.6417,0.5405,0.4409,0.3355,0.1607,0.1607
3293,174,Y174E,Y,E,p~,p-,0.6336,0.6417,0.5405,0.4409,0.3355,0.2102,0.2102
3294,174,Y174G,Y,G,p~,np,0.6336,0.6417,0.5405,0.4409,0.3355,0.0624,0.0624
3295,174,Y174H,Y,H,p~,p~,0.6336,0.6417,0.5405,0.4409,0.3355,0.3085,0.3085
3296,174,Y174I,Y,I,p~,np,0.6336,0.6417,0.5405,0.4409,0.3355,0.1958,0.1958
3297,174,Y174L,Y,L,p~,np,0.6336,0.6417,0.5405,0.4409,0.3355,0.1894,0.1894
3298,174,Y174K,Y,K,p~,p+,0.6336,0.6417,0.5405,0.4409,0.3355,0.2632,0.2632
3299,174,Y174M,Y,M,p~,np,0.6336,0.6417,0.5405,0.4409,0.3355,0.2896,0.2896
3300,174,Y174F,Y,F,p~,np,0.6336,0.6417,0.5405,0.4409,0.3355,0.2014,0.2014
3301,174,Y174P,Y,P,p~,np,0.6336,0.6417,0.5405,0.4409,0.3355,0.111,0.111
3302,174,Y174S,Y,S,p~,p~,0.6336,0.6417,0.5405,0.4409,0.3355,0.0704,0.0704
3303,174,Y174T,Y,T,p~,p~,0.6336,0.6417,0.5405,0.4409,0.3355,0.0889,0.0889
3304,174,Y174W,Y,W,p~,np,0.6336,0.6417,0.5405,0.4409,0.3355,0.3132,0.3132
3305,174,Y174V,Y,V,p~,np,0.6336,0.6417,0.5405,0.4409,0.3355,0.1364,0.1364
3306,175,T175A,T,A,p~,np,0.6237,0.6295,0.751,0.414,0.3944,0.2443,0.2443
3307,175,T175R,T,R,p~,p+,0.6237,0.6295,0.751,0.414,0.3944,0.3767,0.3767
3308,175,T175N,T,N,p~,p~,0.6237,0.6295,0.751,0.414,0.3944,0.2661,0.2661
3309,175,T175D,T,D,p~,p-,0.6237,0.6295,0.751,0.414,0.3944,0.3207,0.3207
3310,175,T175C,T,C,p~,p~,0.6237,0.6295,0.751,0.414,0.3944,0.5524,0.5524
3311,175,T175Q,T,Q,p~,p~,0.6237,0.6295,0.751,0.414,0.3944,0.2434,0.2434
3312,175,T175E,T,E,p~,p-,0.6237,0.6295,0.751,0.414,0.3944,0.2762,0.2762
3313,175,T175G,T,G,p~,np,0.6237,0.6295,0.751,0.414,0.3944,0.2971,0.2971
3314,175,T175H,T,H,p~,p~,0.6237,0.6295,0.751,0.414,0.3944,0.4119,0.4119
3315,175,T175I,T,I,p~,np,0.6237,0.6295,0.751,0.414,0.3944,0.2863,0.2863
3316,175,T175L,T,L,p~,np,0.6237,0.6295,0.751,0.414,0.3944,0.3371,0.3371
3317,175,T175K,T,K,p~,p+,0.6237,0.6295,0.751,0.414,0.3944,0.3295,0.3295
3318,175,T175M,T,M,p~,np,0.6237,0.6295,0.751,0.414,0.3944,0.4142,0.4142
3319,175,T175F,T,F,p~,np,0.6237,0.6295,0.751,0.414,0.3944,0.3892,0.3892
3320,175,T175P,T,P,p~,np,0.6237,0.6295,0.751,0.414,0.3944,0.2308,0.2308
3321,175,T175S,T,S,p~,p~,0.6237,0.6295,0.751,0.414,0.3944,0.1977,0.1977
3322,175,T175W,T,W,p~,np,0.6237,0.6295,0.751,0.414,0.3944,0.501,0.501
3323,175,T175Y,T,Y,p~,p~,0.6237,0.6295,0.751,0.414,0.3944,0.3681,0.3681
3324,175,T175V,T,V,p~,np,0.6237,0.6295,0.751,0.414,0.3944,0.1881,0.1881
3325,176,A176R,A,R,np,p+,0.6541,0.659,0.1457,0.554,0.3865,0.3171,0.3171
3326,176,A176N,A,N,np,p~,0.6541,0.659,0.1457,0.554,0.3865,0.2797,0.2797
3327,176,A176D,A,D,np,p-,0.6541,0.659,0.1457,0.554,0.3865,0.2761,0.2761
3328,176,A176C,A,C,np,p~,0.6541,0.659,0.1457,0.554,0.3865,0.4939,0.4939
3329,176,A176Q,A,Q,np,p~,0.6541,0.659,0.1457,0.554,0.3865,0.2626,0.2626
3330,176,A176E,A,E,np,p-,0.6541,0.659,0.1457,0.554,0.3865,0.2659,0.2659
3331,176,A176G,A,G,np,np,0.6541,0.659,0.1457,0.554,0.3865,0.1998,0.1998
3332,176,A176H,A,H,np,p~,0.6541,0.659,0.1457,0.554,0.3865,0.386,0.386
3333,176,A176I,A,I,np,np,0.6541,0.659,0.1457,0.554,0.3865,0.2915,0.2915
3334,176,A176L,A,L,np,np,0.6541,0.659,0.1457,0.554,0.3865,0.264,0.264
3335,176,A176K,A,K,np,p+,0.6541,0.659,0.1457,0.554,0.3865,0.2948,0.2948
3336,176,A176M,A,M,np,np,0.6541,0.659,0.1457,0.554,0.3865,0.3762,0.3762
3337,176,A176F,A,F,np,np,0.6541,0.659,0.1457,0.554,0.3865,0.3493,0.3493
3338,176,A176P,A,P,np,np,0.6541,0.659,0.1457,0.554,0.3865,0.0955,0.0955
3339,176,A176S,A,S,np,p~,0.6541,0.659,0.1457,0.554,0.3865,0.2435,0.2435
3340,176,A176T,A,T,np,p~,0.6541,0.659,0.1457,0.554,0.3865,0.2345,0.2345
3341,176,A176W,A,W,np,np,0.6541,0.659,0.1457,0.554,0.3865,0.448,0.448
3342,176,A176Y,A,Y,np,p~,0.6541,0.659,0.1457,0.554,0.3865,0.3284,0.3284
3343,176,A176V,A,V,np,np,0.6541,0.659,0.1457,0.554,0.3865,0.2527,0.2527
3344,177,P177A,P,A,np,np,0.6153,0.6251,0.3655,0.357,0.1807,0.2651,0.2651
3345,177,P177R,P,R,np,p+,0.6153,0.6251,0.3655,0.357,0.1807,0.4016,0.4016
3346,177,P177N,P,N,np,p~,0.6153,0.6251,0.3655,0.357,0.1807,0.3255,0.3255
3347,177,P177D,P,D,np,p-,0.6153,0.6251,0.3655,0.357,0.1807,0.3413,0.3413
3348,177,P177C,P,C,np,p~,0.6153,0.6251,0.3655,0.357,0.1807,0.6042,0.6042
3349,177,P177Q,P,Q,np,p~,0.6153,0.6251,0.3655,0.357,0.1807,0.3186,0.3186
3350,177,P177E,P,E,np,p-,0.6153,0.6251,0.3655,0.357,0.1807,0.3374,0.3374
3351,177,P177G,P,G,np,np,0.6153,0.6251,0.3655,0.357,0.1807,0.319,0.319
3352,177,P177H,P,H,np,p~,0.6153,0.6251,0.3655,0.357,0.1807,0.4519,0.4519
3353,177,P177I,P,I,np,np,0.6153,0.6251,0.3655,0.357,0.1807,0.3695,0.3695
3354,177,P177L,P,L,np,np,0.6153,0.6251,0.3655,0.357,0.1807,0.3547,0.3547
3355,177,P177K,P,K,np,p+,0.6153,0.6251,0.3655,0.357,0.1807,0.3582,0.3582
3356,177,P177M,P,M,np,np,0.6153,0.6251,0.3655,0.357,0.1807,0.4588,0.4588
3357,177,P177F,P,F,np,np,0.6153,0.6251,0.3655,0.357,0.1807,0.4216,0.4216
3358,177,P177S,P,S,np,p~,0.6153,0.6251,0.3655,0.357,0.1807,0.266,0.266
3359,177,P177T,P,T,np,p~,0.6153,0.6251,0.3655,0.357,0.1807,0.2809,0.2809
3360,177,P177W,P,W,np,np,0.6153,0.6251,0.3655,0.357,0.1807,0.5062,0.5062
3361,177,P177Y,P,Y,np,p~,0.6153,0.6251,0.3655,0.357,0.1807,0.3818,0.3818
3362,177,P177V,P,V,np,np,0.6153,0.6251,0.3655,0.357,0.1807,0.3131,0.3131
3363,178,Q178A,Q,A,p~,np,0.6439,0.6486,0.6947,0.327,0.1115,0.0827,0.0827
3364,178,Q178R,Q,R,p~,p+,0.6439,0.6486,0.6947,0.327,0.1115,0.2774,0.2774
3365,178,Q178N,Q,N,p~,p~,0.6439,0.6486,0.6947,0.327,0.1115,0.1384,0.1384
3366,178,Q178D,Q,D,p~,p-,0.6439,0.6486,0.6947,0.327,0.1115,0.0984,0.0984
3367,178,Q178C,Q,C,p~,p~,0.6439,0.6486,0.6947,0.327,0.1115,0.5965,0.5965
3368,178,Q178E,Q,E,p~,p-,0.6439,0.6486,0.6947,0.327,0.1115,0.1703,0.1703
3369,178,Q178G,Q,G,p~,np,0.6439,0.6486,0.6947,0.327,0.1115,0.1748,0.1748
3370,178,Q178H,Q,H,p~,p~,0.6439,0.6486,0.6947,0.327,0.1115,0.3187,0.3187
3371,178,Q178I,Q,I,p~,np,0.6439,0.6486,0.6947,0.327,0.1115,0.2651,0.2651
3372,178,Q178L,Q,L,p~,np,0.6439,0.6486,0.6947,0.327,0.1115,0.2214,0.2214
3373,178,Q178K,Q,K,p~,p+,0.6439,0.6486,0.6947,0.327,0.1115,0.2052,0.2052
3374,178,Q178M,Q,M,p~,np,0.6439,0.6486,0.6947,0.327,0.1115,0.3343,0.3343
3375,178,Q178F,Q,F,p~,np,0.6439,0.6486,0.6947,0.327,0.1115,0.3325,0.3325
3376,178,Q178P,Q,P,p~,np,0.6439,0.6486,0.6947,0.327,0.1115,0.199,0.199
3377,178,Q178S,Q,S,p~,p~,0.6439,0.6486,0.6947,0.327,0.1115,0.1067,0.1067
3378,178,Q178T,Q,T,p~,p~,0.6439,0.6486,0.6947,0.327,0.1115,0.1283,0.1283
3379,178,Q178W,Q,W,p~,np,0.6439,0.6486,0.6947,0.327,0.1115,0.4483,0.4483
3380,178,Q178Y,Q,Y,p~,p~,0.6439,0.6486,0.6947,0.327,0.1115,0.2836,0.2836
3381,178,Q178V,Q,V,p~,np,0.6439,0.6486,0.6947,0.327,0.1115,0.1986,0.1986
3382,179,P179A,P,A,np,np,0.6923,0.696,0.2113,0.4679,0.3091,0.2032,0.2032
3383,179,P179R,P,R,np,p+,0.6923,0.696,0.2113,0.4679,0.3091,0.394,0.394
3384,179,P179N,P,N,np,p~,0.6923,0.696,0.2113,0.4679,0.3091,0.2545,0.2545
3385,179,P179D,P,D,np,p-,0.6923,0.696,0.2113,0.4679,0.3091,0.2764,0.2764
3386,179,P179C,P,C,np,p~,0.6923,0.696,0.2113,0.4679,0.3091,0.5668,0.5668
3387,179,P179Q,P,Q,np,p~,0.6923,0.696,0.2113,0.4679,0.3091,0.2919,0.2919
3388,179,P179E,P,E,np,p-,0.6923,0.696,0.2113,0.4679,0.3091,0.293,0.293
3389,179,P179G,P,G,np,np,0.6923,0.696,0.2113,0.4679,0.3091,0.2559,0.2559
3390,179,P179H,P,H,np,p~,0.6923,0.696,0.2113,0.4679,0.3091,0.4262,0.4262
3391,179,P179I,P,I,np,np,0.6923,0.696,0.2113,0.4679,0.3091,0.3584,0.3584
3392,179,P179L,P,L,np,np,0.6923,0.696,0.2113,0.4679,0.3091,0.3461,0.3461
3393,179,P179K,P,K,np,p+,0.6923,0.696,0.2113,0.4679,0.3091,0.3349,0.3349
3394,179,P179M,P,M,np,np,0.6923,0.696,0.2113,0.4679,0.3091,0.4377,0.4377
3395,179,P179F,P,F,np,np,0.6923,0.696,0.2113,0.4679,0.3091,0.4235,0.4235
3396,179,P179S,P,S,np,p~,0.6923,0.696,0.2113,0.4679,0.3091,0.1828,0.1828
3397,179,P179T,P,T,np,p~,0.6923,0.696,0.2113,0.4679,0.3091,0.2087,0.2087
3398,179,P179W,P,W,np,np,0.6923,0.696,0.2113,0.4679,0.3091,0.4943,0.4943
3399,179,P179Y,P,Y,np,p~,0.6923,0.696,0.2113,0.4679,0.3091,0.3762,0.3762
3400,179,P179V,P,V,np,np,0.6923,0.696,0.2113,0.4679,0.3091,0.2903,0.2903
3401,180,G180A,G,A,np,np,0.6503,0.6551,0.4965,0.3602,0.2443,0.1607,0.1607
3402,180,G180R,G,R,np,p+,0.6503,0.6551,0.4965,0.3602,0.2443,0.3142,0.3142
3403,180,G180N,G,N,np,p~,0.6503,0.6551,0.4965,0.3602,0.2443,0.1564,0.1564
3404,180,G180D,G,D,np,p-,0.6503,0.6551,0.4965,0.3602,0.2443,0.2102,0.2102
3405,180,G180C,G,C,np,p~,0.6503,0.6551,0.4965,0.3602,0.2443,0.5104,0.5104
3406,180,G180Q,G,Q,np,p~,0.6503,0.6551,0.4965,0.3602,0.2443,0.2031,0.2031
3407,180,G180E,G,E,np,p-,0.6503,0.6551,0.4965,0.3602,0.2443,0.1994,0.1994
3408,180,G180H,G,H,np,p~,0.6503,0.6551,0.4965,0.3602,0.2443,0.2937,0.2937
3409,180,G180I,G,I,np,np,0.6503,0.6551,0.4965,0.3602,0.2443,0.2122,0.2122
3410,180,G180L,G,L,np,np,0.6503,0.6551,0.4965,0.3602,0.2443,0.2246,0.2246
3411,180,G180K,G,K,np,p+,0.6503,0.6551,0.4965,0.3602,0.2443,0.2747,0.2747
3412,180,G180M,G,M,np,np,0.6503,0.6551,0.4965,0.3602,0.2443,0.3155,0.3155
3413,180,G180F,G,F,np,np,0.6503,0.6551,0.4965,0.3602,0.2443,0.2645,0.2645
3414,180,G180P,G,P,np,np,0.6503,0.6551,0.4965,0.3602,0.2443,0.2848,0.2848
3415,180,G180S,G,S,np,p~,0.6503,0.6551,0.4965,0.3602,0.2443,0.1032,0.1032
3416,180,G180T,G,T,np,p~,0.6503,0.6551,0.4965,0.3602,0.2443,0.068,0.068
3417,180,G180W,G,W,np,np,0.6503,0.6551,0.4965,0.3602,0.2443,0.332,0.332
3418,180,G180Y,G,Y,np,p~,0.6503,0.6551,0.4965,0.3602,0.2443,0.2082,0.2082
3419,180,G180V,G,V,np,np,0.6503,0.6551,0.4965,0.3602,0.2443,0.1372,0.1372
3420,181,L181A,L,A,np,np,0.5727,0.5812,0.8705,0.2973,0.2458,0.1725,0.1725
3421,181,L181R,L,R,np,p+,0.5727,0.5812,0.8705,0.2973,0.2458,0.3051,0.3051
3422,181,L181N,L,N,np,p~,0.5727,0.5812,0.8705,0.2973,0.2458,0.2128,0.2128
3423,181,L181D,L,D,np,p-,0.5727,0.5812,0.8705,0.2973,0.2458,0.2078,0.2078
3424,181,L181C,L,C,np,p~,0.5727,0.5812,0.8705,0.2973,0.2458,0.5242,0.5242
3425,181,L181Q,L,Q,np,p~,0.5727,0.5812,0.8705,0.2973,0.2458,0.1709,0.1709
3426,181,L181E,L,E,np,p-,0.5727,0.5812,0.8705,0.2973,0.2458,0.2066,0.2066
3427,181,L181G,L,G,np,np,0.5727,0.5812,0.8705,0.2973,0.2458,0.2546,0.2546
3428,181,L181H,L,H,np,p~,0.5727,0.5812,0.8705,0.2973,0.2458,0.3131,0.3131
3429,181,L181I,L,I,np,np,0.5727,0.5812,0.8705,0.2973,0.2458,0.1853,0.1853
3430,181,L181K,L,K,np,p+,0.5727,0.5812,0.8705,0.2973,0.2458,0.2376,0.2376
3431,181,L181M,L,M,np,np,0.5727,0.5812,0.8705,0.2973,0.2458,0.2757,0.2757
3432,181,L181F,L,F,np,np,0.5727,0.5812,0.8705,0.2973,0.2458,0.2693,0.2693
3433,181,L181P,L,P,np,np,0.5727,0.5812,0.8705,0.2973,0.2458,0.2772,0.2772
3434,181,L181S,L,S,np,p~,0.5727,0.5812,0.8705,0.2973,0.2458,0.2031,0.2031
3435,181,L181T,L,T,np,p~,0.5727,0.5812,0.8705,0.2973,0.2458,0.1696,0.1696
3436,181,L181W,L,W,np,np,0.5727,0.5812,0.8705,0.2973,0.2458,0.3601,0.3601
3437,181,L181Y,L,Y,np,p~,0.5727,0.5812,0.8705,0.2973,0.2458,0.234,0.234
3438,181,L181V,L,V,np,np,0.5727,0.5812,0.8705,0.2973,0.2458,0.137,0.137
3439,182,G182A,G,A,np,np,0.5828,0.5946,0.0779,0.9922,0.987,0.3746,0.3746
3440,182,G182R,G,R,np,p+,0.5828,0.5946,0.0779,0.9922,0.987,0.6588,0.6588
3441,182,G182N,G,N,np,p~,0.5828,0.5946,0.0779,0.9922,0.987,0.4236,0.4236
3442,182,G182D,G,D,np,p-,0.5828,0.5946,0.0779,0.9922,0.987,0.457,0.457
3443,182,G182C,G,C,np,p~,0.5828,0.5946,0.0779,0.9922,0.987,0.6564,0.6564
3444,182,G182Q,G,Q,np,p~,0.5828,0.5946,0.0779,0.9922,0.987,0.5585,0.5585
3445,182,G182E,G,E,np,p-,0.5828,0.5946,0.0779,0.9922,0.987,0.5554,0.5554
3446,182,G182H,G,H,np,p~,0.5828,0.5946,0.0779,0.9922,0.987,0.5735,0.5735
3447,182,G182I,G,I,np,np,0.5828,0.5946,0.0779,0.9922,0.987,0.7075,0.7075
3448,182,G182L,G,L,np,np,0.5828,0.5946,0.0779,0.9922,0.987,0.6381,0.6381
3449,182,G182K,G,K,np,p+,0.5828,0.5946,0.0779,0.9922,0.987,0.6556,0.6556
3450,182,G182M,G,M,np,np,0.5828,0.5946,0.0779,0.9922,0.987,0.6222,0.6222
3451,182,G182F,G,F,np,np,0.5828,0.5946,0.0779,0.9922,0.987,0.6132,0.6132
3452,182,G182P,G,P,np,np,0.5828,0.5946,0.0779,0.9922,0.987,0.5391,0.5391
3453,182,G182S,G,S,np,p~,0.5828,0.5946,0.0779,0.9922,0.987,0.3516,0.3516
3454,182,G182T,G,T,np,p~,0.5828,0.5946,0.0779,0.9922,0.987,0.5479,0.5479
3455,182,G182W,G,W,np,np,0.5828,0.5946,0.0779,0.9922,0.987,0.6314,0.6314
3456,182,G182Y,G,Y,np,p~,0.5828,0.5946,0.0779,0.9922,0.987,0.5622,0.5622
3457,182,G182V,G,V,np,np,0.5828,0.5946,0.0779,0.9922,0.987,0.6089,0.6089
3458,183,R183A,R,A,p+,np,0.5344,0.5516,0.6106,0.3251,0.3552,0.165,0.165
3459,183,R183N,R,N,p+,p~,0.5344,0.5516,0.6106,0.3251,0.3552,0.3044,0.3044
3460,183,R183D,R,D,p+,p-,0.5344,0.5516,0.6106,0.3251,0.3552,0.3555,0.3555
3461,183,R183C,R,C,p+,p~,0.5344,0.5516,0.6106,0.3251,0.3552,0.5376,0.5376
3462,183,R183Q,R,Q,p+,p~,0.5344,0.5516,0.6106,0.3251,0.3552,0.1469,0.1469
3463,183,R183E,R,E,p+,p-,0.5344,0.5516,0.6106,0.3251,0.3552,0.2255,0.2255
3464,183,R183G,R,G,p+,np,0.5344,0.5516,0.6106,0.3251,0.3552,0.3165,0.3165
3465,183,R183H,R,H,p+,p~,0.5344,0.5516,0.6106,0.3251,0.3552,0.3275,0.3275
3466,183,R183I,R,I,p+,np,0.5344,0.5516,0.6106,0.3251,0.3552,0.3298,0.3298
3467,183,R183L,R,L,p+,np,0.5344,0.5516,0.6106,0.3251,0.3552,0.3182,0.3182
3468,183,R183K,R,K,p+,p+,0.5344,0.5516,0.6106,0.3251,0.3552,0.1216,0.1216
3469,183,R183M,R,M,p+,np,0.5344,0.5516,0.6106,0.3251,0.3552,0.305,0.305
3470,183,R183F,R,F,p+,np,0.5344,0.5516,0.6106,0.3251,0.3552,0.4087,0.4087
3471,183,R183P,R,P,p+,np,0.5344,0.5516,0.6106,0.3251,0.3552,0.5705,0.5705
3472,183,R183S,R,S,p+,p~,0.5344,0.5516,0.6106,0.3251,0.3552,0.1678,0.1678
3473,183,R183T,R,T,p+,p~,0.5344,0.5516,0.6106,0.3251,0.3552,0.1955,0.1955
3474,183,R183W,R,W,p+,np,0.5344,0.5516,0.6106,0.3251,0.3552,0.4612,0.4612
3475,183,R183Y,R,Y,p+,p~,0.5344,0.5516,0.6106,0.3251,0.3552,0.366,0.366
3476,183,R183V,R,V,p+,np,0.5344,0.5516,0.6106,0.3251,0.3552,0.2442,0.2442
3477,184,W184A,W,A,np,np,0.4212,0.439,0.0779,0.9858,0.9967,0.6509,0.6509
3478,184,W184R,W,R,np,p+,0.4212,0.439,0.0779,0.9858,0.9967,0.6804,0.6804
3479,184,W184N,W,N,np,p~,0.4212,0.439,0.0779,0.9858,0.9967,0.7312,0.7312
3480,184,W184D,W,D,np,p-,0.4212,0.439,0.0779,0.9858,0.9967,0.7959,0.7959
3481,184,W184C,W,C,np,p~,0.4212,0.439,0.0779,0.9858,0.9967,0.6947,0.6947
3482,184,W184Q,W,Q,np,p~,0.4212,0.439,0.0779,0.9858,0.9967,0.6767,0.6767
3483,184,W184E,W,E,np,p-,0.4212,0.439,0.0779,0.9858,0.9967,0.7724,0.7724
3484,184,W184G,W,G,np,np,0.4212,0.439,0.0779,0.9858,0.9967,0.7483,0.7483
3485,184,W184H,W,H,np,p~,0.4212,0.439,0.0779,0.9858,0.9967,0.6702,0.6702
3486,184,W184I,W,I,np,np,0.4212,0.439,0.0779,0.9858,0.9967,0.5634,0.5634
3487,184,W184L,W,L,np,np,0.4212,0.439,0.0779,0.9858,0.9967,0.5351,0.5351
3488,184,W184K,W,K,np,p+,0.4212,0.439,0.0779,0.9858,0.9967,0.7682,0.7682
3489,184,W184M,W,M,np,np,0.4212,0.439,0.0779,0.9858,0.9967,0.5423,0.5423
3490,184,W184F,W,F,np,np,0.4212,0.439,0.0779,0.9858,0.9967,0.391,0.391
3491,184,W184P,W,P,np,np,0.4212,0.439,0.0779,0.9858,0.9967,0.7414,0.7414
3492,184,W184S,W,S,np,p~,0.4212,0.439,0.0779,0.9858,0.9967,0.6434,0.6434
3493,184,W184T,W,T,np,p~,0.4212,0.439,0.0779,0.9858,0.9967,0.6249,0.6249
3494,184,W184Y,W,Y,np,p~,0.4212,0.439,0.0779,0.9858,0.9967,0.393,0.393
3495,184,W184V,W,V,np,np,0.4212,0.439,0.0779,0.9858,0.9967,0.5763,0.5763
3496,185,G185A,G,A,np,np,0.5079,0.5286,0.0956,0.82,0.7255,0.333,0.333
3497,185,G185R,G,R,np,p+,0.5079,0.5286,0.0956,0.82,0.7255,0.5587,0.5587
3498,185,G185N,G,N,np,p~,0.5079,0.5286,0.0956,0.82,0.7255,0.4033,0.4033
3499,185,G185D,G,D,np,p-,0.5079,0.5286,0.0956,0.82,0.7255,0.3425,0.3425
3500,185,G185C,G,C,np,p~,0.5079,0.5286,0.0956,0.82,0.7255,0.7412,0.7412
3501,185,G185Q,G,Q,np,p~,0.5079,0.5286,0.0956,0.82,0.7255,0.4215,0.4215
3502,185,G185E,G,E,np,p-,0.5079,0.5286,0.0956,0.82,0.7255,0.3183,0.3183
3503,185,G185H,G,H,np,p~,0.5079,0.5286,0.0956,0.82,0.7255,0.4928,0.4928
3504,185,G185I,G,I,np,np,0.5079,0.5286,0.0956,0.82,0.7255,0.6342,0.6342
3505,185,G185L,G,L,np,np,0.5079,0.5286,0.0956,0.82,0.7255,0.4158,0.4158
3506,185,G185K,G,K,np,p+,0.5079,0.5286,0.0956,0.82,0.7255,0.4985,0.4985
3507,185,G185M,G,M,np,np,0.5079,0.5286,0.0956,0.82,0.7255,0.4949,0.4949
3508,185,G185F,G,F,np,np,0.5079,0.5286,0.0956,0.82,0.7255,0.5964,0.5964
3509,185,G185P,G,P,np,np,0.5079,0.5286,0.0956,0.82,0.7255,0.6502,0.6502
3510,185,G185S,G,S,np,p~,0.5079,0.5286,0.0956,0.82,0.7255,0.2785,0.2785
3511,185,G185T,G,T,np,p~,0.5079,0.5286,0.0956,0.82,0.7255,0.4235,0.4235
3512,185,G185W,G,W,np,np,0.5079,0.5286,0.0956,0.82,0.7255,0.6292,0.6292
3513,185,G185Y,G,Y,np,p~,0.5079,0.5286,0.0956,0.82,0.7255,0.5681,0.5681
3514,185,G185V,G,V,np,np,0.5079,0.5286,0.0956,0.82,0.7255,0.6084,0.6084
3515,186,P186A,P,A,np,np,0.474,0.4997,0.1226,0.658,0.5289,0.2744,0.2744
3516,186,P186R,P,R,np,p+,0.474,0.4997,0.1226,0.658,0.5289,0.3714,0.3714
3517,186,P186N,P,N,np,p~,0.474,0.4997,0.1226,0.658,0.5289,0.3341,0.3341
3518,186,P186D,P,D,np,p-,0.474,0.4997,0.1226,0.658,0.5289,0.2918,0.2918
3519,186,P186C,P,C,np,p~,0.474,0.4997,0.1226,0.658,0.5289,0.7139,0.7139
3520,186,P186Q,P,Q,np,p~,0.474,0.4997,0.1226,0.658,0.5289,0.3242,0.3242
3521,186,P186E,P,E,np,p-,0.474,0.4997,0.1226,0.658,0.5289,0.2782,0.2782
3522,186,P186G,P,G,np,np,0.474,0.4997,0.1226,0.658,0.5289,0.3392,0.3392
3523,186,P186H,P,H,np,p~,0.474,0.4997,0.1226,0.658,0.5289,0.4799,0.4799
3524,186,P186I,P,I,np,np,0.474,0.4997,0.1226,0.658,0.5289,0.5741,0.5741
3525,186,P186L,P,L,np,np,0.474,0.4997,0.1226,0.658,0.5289,0.5033,0.5033
3526,186,P186K,P,K,np,p+,0.474,0.4997,0.1226,0.658,0.5289,0.2973,0.2973
3527,186,P186M,P,M,np,np,0.474,0.4997,0.1226,0.658,0.5289,0.5578,0.5578
3528,186,P186F,P,F,np,np,0.474,0.4997,0.1226,0.658,0.5289,0.607,0.607
3529,186,P186S,P,S,np,p~,0.474,0.4997,0.1226,0.658,0.5289,0.2513,0.2513
3530,186,P186T,P,T,np,p~,0.474,0.4997,0.1226,0.658,0.5289,0.3465,0.3465
3531,186,P186W,P,W,np,np,0.474,0.4997,0.1226,0.658,0.5289,0.6463,0.6463
3532,186,P186Y,P,Y,np,p~,0.474,0.4997,0.1226,0.658,0.5289,0.5645,0.5645
3533,186,P186V,P,V,np,np,0.474,0.4997,0.1226,0.658,0.5289,0.4961,0.4961
3534,187,T187A,T,A,p~,np,0.4251,0.4527,0.1141,0.7142,0.6594,0.32,0.32
3535,187,T187R,T,R,p~,p+,0.4251,0.4527,0.1141,0.7142,0.6594,0.448,0.448
3536,187,T187N,T,N,p~,p~,0.4251,0.4527,0.1141,0.7142,0.6594,0.4134,0.4134
3537,187,T187D,T,D,p~,p-,0.4251,0.4527,0.1141,0.7142,0.6594,0.4615,0.4615
3538,187,T187C,T,C,p~,p~,0.4251,0.4527,0.1141,0.7142,0.6594,0.7613,0.7613
3539,187,T187Q,T,Q,p~,p~,0.4251,0.4527,0.1141,0.7142,0.6594,0.3856,0.3856
3540,187,T187E,T,E,p~,p-,0.4251,0.4527,0.1141,0.7142,0.6594,0.4009,0.4009
3541,187,T187G,T,G,p~,np,0.4251,0.4527,0.1141,0.7142,0.6594,0.4815,0.4815
3542,187,T187H,T,H,p~,p~,0.4251,0.4527,0.1141,0.7142,0.6594,0.5471,0.5471
3543,187,T187I,T,I,p~,np,0.4251,0.4527,0.1141,0.7142,0.6594,0.3733,0.3733
3544,187,T187L,T,L,p~,np,0.4251,0.4527,0.1141,0.7142,0.6594,0.339,0.339
3545,187,T187K,T,K,p~,p+,0.4251,0.4527,0.1141,0.7142,0.6594,0.4034,0.4034
3546,187,T187M,T,M,p~,np,0.4251,0.4527,0.1141,0.7142,0.6594,0.3892,0.3892
3547,187,T187F,T,F,p~,np,0.4251,0.4527,0.1141,0.7142,0.6594,0.4947,0.4947
3548,187,T187P,T,P,p~,np,0.4251,0.4527,0.1141,0.7142,0.6594,0.4523,0.4523
3549,187,T187S,T,S,p~,p~,0.4251,0.4527,0.1141,0.7142,0.6594,0.346,0.346
3550,187,T187W,T,W,p~,np,0.4251,0.4527,0.1141,0.7142,0.6594,0.6201,0.6201
3551,187,T187Y,T,Y,p~,p~,0.4251,0.4527,0.1141,0.7142,0.6594,0.5084,0.5084
3552,187,T187V,T,V,p~,np,0.4251,0.4527,0.1141,0.7142,0.6594,0.3071,0.3071
3553,188,I188A,I,A,np,np,0.3955,0.4278,0.1365,0.5918,0.7758,0.5567,0.5567
3554,188,I188R,I,R,np,p+,0.3955,0.4278,0.1365,0.5918,0.7758,0.6333,0.6333
3555,188,I188N,I,N,np,p~,0.3955,0.4278,0.1365,0.5918,0.7758,0.6377,0.6377
3556,188,I188D,I,D,np,p-,0.3955,0.4278,0.1365,0.5918,0.7758,0.7642,0.7642
3557,188,I188C,I,C,np,p~,0.3955,0.4278,0.1365,0.5918,0.7758,0.7626,0.7626
3558,188,I188Q,I,Q,np,p~,0.3955,0.4278,0.1365,0.5918,0.7758,0.5743,0.5743
3559,188,I188E,I,E,np,p-,0.3955,0.4278,0.1365,0.5918,0.7758,0.6861,0.6861
3560,188,I188G,I,G,np,np,0.3955,0.4278,0.1365,0.5918,0.7758,0.6571,0.6571
3561,188,I188H,I,H,np,p~,0.3955,0.4278,0.1365,0.5918,0.7758,0.621,0.621
3562,188,I188L,I,L,np,np,0.3955,0.4278,0.1365,0.5918,0.7758,0.3525,0.3525
3563,188,I188K,I,K,np,p+,0.3955,0.4278,0.1365,0.5918,0.7758,0.6141,0.6141
3564,188,I188M,I,M,np,np,0.3955,0.4278,0.1365,0.5918,0.7758,0.4439,0.4439
3565,188,I188F,I,F,np,np,0.3955,0.4278,0.1365,0.5918,0.7758,0.4419,0.4419
3566,188,I188P,I,P,np,np,0.3955,0.4278,0.1365,0.5918,0.7758,0.6254,0.6254
3567,188,I188S,I,S,np,p~,0.3955,0.4278,0.1365,0.5918,0.7758,0.6152,0.6152
3568,188,I188T,I,T,np,p~,0.3955,0.4278,0.1365,0.5918,0.7758,0.4951,0.4951
3569,188,I188W,I,W,np,np,0.3955,0.4278,0.1365,0.5918,0.7758,0.6822,0.6822
3570,188,I188Y,I,Y,np,p~,0.3955,0.4278,0.1365,0.5918,0.7758,0.5873,0.5873
3571,188,I188V,I,V,np,np,0.3955,0.4278,0.1365,0.5918,0.7758,0.3186,0.3186
3572,189,D189A,D,A,p-,np,0.4048,0.438,0.1581,0.6029,0.4116,0.2045,0.2045
3573,189,D189R,D,R,p-,p+,0.4048,0.438,0.1581,0.6029,0.4116,0.2525,0.2525
3574,189,D189N,D,N,p-,p~,0.4048,0.438,0.1581,0.6029,0.4116,0.1406,0.1406
3575,189,D189C,D,C,p-,p~,0.4048,0.438,0.1581,0.6029,0.4116,0.6581,0.6581
3576,189,D189Q,D,Q,p-,p~,0.4048,0.438,0.1581,0.6029,0.4116,0.2187,0.2187
3577,189,D189E,D,E,p-,p-,0.4048,0.438,0.1581,0.6029,0.4116,0.2768,0.2768
3578,189,D189G,D,G,p-,np,0.4048,0.438,0.1581,0.6029,0.4116,0.2247,0.2247
3579,189,D189H,D,H,p-,p~,0.4048,0.438,0.1581,0.6029,0.4116,0.2929,0.2929
3580,189,D189I,D,I,p-,np,0.4048,0.438,0.1581,0.6029,0.4116,0.4281,0.4281
3581,189,D189L,D,L,p-,np,0.4048,0.438,0.1581,0.6029,0.4116,0.3774,0.3774
3582,189,D189K,D,K,p-,p+,0.4048,0.438,0.1581,0.6029,0.4116,0.1546,0.1546
3583,189,D189M,D,M,p-,np,0.4048,0.438,0.1581,0.6029,0.4116,0.4111,0.4111
3584,189,D189F,D,F,p-,np,0.4048,0.438,0.1581,0.6029,0.4116,0.4373,0.4373
3585,189,D189P,D,P,p-,np,0.4048,0.438,0.1581,0.6029,0.4116,0.1336,0.1336
3586,189,D189S,D,S,p-,p~,0.4048,0.438,0.1581,0.6029,0.4116,0.1467,0.1467
3587,189,D189T,D,T,p-,p~,0.4048,0.438,0.1581,0.6029,0.4116,0.2083,0.2083
3588,189,D189W,D,W,p-,np,0.4048,0.438,0.1581,0.6029,0.4116,0.5061,0.5061
3589,189,D189Y,D,Y,p-,p~,0.4048,0.438,0.1581,0.6029,0.4116,0.3742,0.3742
3590,189,D189V,D,V,p-,np,0.4048,0.438,0.1581,0.6029,0.4116,0.3626,0.3626
3591,190,L190A,L,A,np,np,0.3374,0.374,0.1157,0.7638,0.6556,0.3642,0.3642
3592,190,L190R,L,R,np,p+,0.3374,0.374,0.1157,0.7638,0.6556,0.536,0.536
3593,190,L190N,L,N,np,p~,0.3374,0.374,0.1157,0.7638,0.6556,0.531,0.531
3594,190,L190D,L,D,np,p-,0.3374,0.374,0.1157,0.7638,0.6556,0.6232,0.6232
3595,190,L190C,L,C,np,p~,0.3374,0.374,0.1157,0.7638,0.6556,0.5006,0.5006
3596,190,L190Q,L,Q,np,p~,0.3374,0.374,0.1157,0.7638,0.6556,0.4498,0.4498
3597,190,L190E,L,E,np,p-,0.3374,0.374,0.1157,0.7638,0.6556,0.5371,0.5371
3598,190,L190G,L,G,np,np,0.3374,0.374,0.1157,0.7638,0.6556,0.5112,0.5112
3599,190,L190H,L,H,np,p~,0.3374,0.374,0.1157,0.7638,0.6556,0.4053,0.4053
3600,190,L190I,L,I,np,np,0.3374,0.374,0.1157,0.7638,0.6556,0.2744,0.2744
3601,190,L190K,L,K,np,p+,0.3374,0.374,0.1157,0.7638,0.6556,0.5701,0.5701
3602,190,L190M,L,M,np,np,0.3374,0.374,0.1157,0.7638,0.6556,0.1659,0.1659
3603,190,L190F,L,F,np,np,0.3374,0.374,0.1157,0.7638,0.6556,0.0375,0.0375
3604,190,L190P,L,P,np,np,0.3374,0.374,0.1157,0.7638,0.6556,0.5646,0.5646
3605,190,L190S,L,S,np,p~,0.3374,0.374,0.1157,0.7638,0.6556,0.4177,0.4177
3606,190,L190T,L,T,np,p~,0.3374,0.374,0.1157,0.7638,0.6556,0.3335,0.3335
3607,190,L190W,L,W,np,np,0.3374,0.374,0.1157,0.7638,0.6556,0.3071,0.3071
3608,190,L190Y,L,Y,np,p~,0.3374,0.374,0.1157,0.7638,0.6556,0.2372,0.2372
3609,190,L190V,L,V,np,np,0.3374,0.374,0.1157,0.7638,0.6556,0.2874,0.2874
3610,191,P191A,P,A,np,np,0.3288,0.3644,0.0786,0.9858,0.9763,0.3942,0.3942
3611,191,P191R,P,R,np,p+,0.3288,0.3644,0.0786,0.9858,0.9763,0.4281,0.4281
3612,191,P191N,P,N,np,p~,0.3288,0.3644,0.0786,0.9858,0.9763,0.4393,0.4393
3613,191,P191D,P,D,np,p-,0.3288,0.3644,0.0786,0.9858,0.9763,0.451,0.451
3614,191,P191C,P,C,np,p~,0.3288,0.3644,0.0786,0.9858,0.9763,0.8466,0.8466
3615,191,P191Q,P,Q,np,p~,0.3288,0.3644,0.0786,0.9858,0.9763,0.438,0.438
3616,191,P191E,P,E,np,p-,0.3288,0.3644,0.0786,0.9858,0.9763,0.5219,0.5219
3617,191,P191G,P,G,np,np,0.3288,0.3644,0.0786,0.9858,0.9763,0.3846,0.3846
3618,191,P191H,P,H,np,p~,0.3288,0.3644,0.0786,0.9858,0.9763,0.5171,0.5171
3619,191,P191I,P,I,np,np,0.3288,0.3644,0.0786,0.9858,0.9763,0.5888,0.5888
3620,191,P191L,P,L,np,np,0.3288,0.3644,0.0786,0.9858,0.9763,0.5244,0.5244
3621,191,P191K,P,K,np,p+,0.3288,0.3644,0.0786,0.9858,0.9763,0.3774,0.3774
3622,191,P191M,P,M,np,np,0.3288,0.3644,0.0786,0.9858,0.9763,0.596,0.596
3623,191,P191F,P,F,np,np,0.3288,0.3644,0.0786,0.9858,0.9763,0.6242,0.6242
3624,191,P191S,P,S,np,p~,0.3288,0.3644,0.0786,0.9858,0.9763,0.3975,0.3975
3625,191,P191T,P,T,np,p~,0.3288,0.3644,0.0786,0.9858,0.9763,0.4398,0.4398
3626,191,P191W,P,W,np,np,0.3288,0.3644,0.0786,0.9858,0.9763,0.6842,0.6842
3627,191,P191Y,P,Y,np,p~,0.3288,0.3644,0.0786,0.9858,0.9763,0.5983,0.5983
3628,191,P191V,P,V,np,np,0.3288,0.3644,0.0786,0.9858,0.9763,0.5429,0.5429
3629,192,I192A,I,A,np,np,0.2783,0.3171,0.1997,0.5787,0.8503,0.4532,0.4532
3630,192,I192R,I,R,np,p+,0.2783,0.3171,0.1997,0.5787,0.8503,0.4585,0.4585
3631,192,I192N,I,N,np,p~,0.2783,0.3171,0.1997,0.5787,0.8503,0.3782,0.3782
3632,192,I192D,I,D,np,p-,0.2783,0.3171,0.1997,0.5787,0.8503,0.5785,0.5785
3633,192,I192C,I,C,np,p~,0.2783,0.3171,0.1997,0.5787,0.8503,0.62,0.62
3634,192,I192Q,I,Q,np,p~,0.2783,0.3171,0.1997,0.5787,0.8503,0.4033,0.4033
3635,192,I192E,I,E,np,p-,0.2783,0.3171,0.1997,0.5787,0.8503,0.5279,0.5279
3636,192,I192G,I,G,np,np,0.2783,0.3171,0.1997,0.5787,0.8503,0.569,0.569
3637,192,I192H,I,H,np,p~,0.2783,0.3171,0.1997,0.5787,0.8503,0.3607,0.3607
3638,192,I192L,I,L,np,np,0.2783,0.3171,0.1997,0.5787,0.8503,0.1292,0.1292
3639,192,I192K,I,K,np,p+,0.2783,0.3171,0.1997,0.5787,0.8503,0.4768,0.4768
3640,192,I192M,I,M,np,np,0.2783,0.3171,0.1997,0.5787,0.8503,0.2463,0.2463
3641,192,I192F,I,F,np,np,0.2783,0.3171,0.1997,0.5787,0.8503,0.3165,0.3165
3642,192,I192P,I,P,np,np,0.2783,0.3171,0.1997,0.5787,0.8503,0.5322,0.5322
3643,192,I192S,I,S,np,p~,0.2783,0.3171,0.1997,0.5787,0.8503,0.4826,0.4826
3644,192,I192T,I,T,np,p~,0.2783,0.3171,0.1997,0.5787,0.8503,0.4004,0.4004
3645,192,I192W,I,W,np,np,0.2783,0.3171,0.1997,0.5787,0.8503,0.4329,0.4329
3646,192,I192Y,I,Y,np,p~,0.2783,0.3171,0.1997,0.5787,0.8503,0.3384,0.3384
3647,192,I192V,I,V,np,np,0.2783,0.3171,0.1997,0.5787,0.8503,0.2478,0.2478
3648,193,V193A,V,A,np,np,0.2071,0.2468,0.1049,0.7648,0.9068,0.4159,0.4159
3649,193,V193R,V,R,np,p+,0.2071,0.2468,0.1049,0.7648,0.9068,0.5711,0.5711
3650,193,V193N,V,N,np,p~,0.2071,0.2468,0.1049,0.7648,0.9068,0.4106,0.4106
3651,193,V193D,V,D,np,p-,0.2071,0.2468,0.1049,0.7648,0.9068,0.5986,0.5986
3652,193,V193C,V,C,np,p~,0.2071,0.2468,0.1049,0.7648,0.9068,0.6882,0.6882
3653,193,V193Q,V,Q,np,p~,0.2071,0.2468,0.1049,0.7648,0.9068,0.4774,0.4774
3654,193,V193E,V,E,np,p-,0.2071,0.2468,0.1049,0.7648,0.9068,0.5407,0.5407
3655,193,V193G,V,G,np,np,0.2071,0.2468,0.1049,0.7648,0.9068,0.5784,0.5784
3656,193,V193H,V,H,np,p~,0.2071,0.2468,0.1049,0.7648,0.9068,0.5565,0.5565
3657,193,V193I,V,I,np,np,0.2071,0.2468,0.1049,0.7648,0.9068,0.1957,0.1957
3658,193,V193L,V,L,np,np,0.2071,0.2468,0.1049,0.7648,0.9068,0.3017,0.3017
3659,193,V193K,V,K,np,p+,0.2071,0.2468,0.1049,0.7648,0.9068,0.5481,0.5481
3660,193,V193M,V,M,np,np,0.2071,0.2468,0.1049,0.7648,0.9068,0.4212,0.4212
3661,193,V193F,V,F,np,np,0.2071,0.2468,0.1049,0.7648,0.9068,0.5075,0.5075
3662,193,V193P,V,P,np,np,0.2071,0.2468,0.1049,0.7648,0.9068,0.4831,0.4831
3663,193,V193S,V,S,np,p~,0.2071,0.2468,0.1049,0.7648,0.9068,0.5061,0.5061
3664,193,V193T,V,T,np,p~,0.2071,0.2468,0.1049,0.7648,0.9068,0.3946,0.3946
3665,193,V193W,V,W,np,np,0.2071,0.2468,0.1049,0.7648,0.9068,0.6407,0.6407
3666,193,V193Y,V,Y,np,p~,0.2071,0.2468,0.1049,0.7648,0.9068,0.5463,0.5463
3667,194,P194A,P,A,np,np,0.2285,0.269,0.0902,0.9344,0.8902,0.2699,0.2699
3668,194,P194R,P,R,np,p+,0.2285,0.269,0.0902,0.9344,0.8902,0.7309,0.7309
3669,194,P194N,P,N,np,p~,0.2285,0.269,0.0902,0.9344,0.8902,0.5562,0.5562
3670,194,P194D,P,D,np,p-,0.2285,0.269,0.0902,0.9344,0.8902,0.6066,0.6066
3671,194,P194C,P,C,np,p~,0.2285,0.269,0.0902,0.9344,0.8902,0.5105,0.5105
3672,194,P194Q,P,Q,np,p~,0.2285,0.269,0.0902,0.9344,0.8902,0.5526,0.5526
3673,194,P194E,P,E,np,p-,0.2285,0.269,0.0902,0.9344,0.8902,0.6137,0.6137
3674,194,P194G,P,G,np,np,0.2285,0.269,0.0902,0.9344,0.8902,0.3944,0.3944
3675,194,P194H,P,H,np,p~,0.2285,0.269,0.0902,0.9344,0.8902,0.6304,0.6304
3676,194,P194I,P,I,np,np,0.2285,0.269,0.0902,0.9344,0.8902,0.5985,0.5985
3677,194,P194L,P,L,np,np,0.2285,0.269,0.0902,0.9344,0.8902,0.5459,0.5459
3678,194,P194K,P,K,np,p+,0.2285,0.269,0.0902,0.9344,0.8902,0.7471,0.7471
3679,194,P194M,P,M,np,np,0.2285,0.269,0.0902,0.9344,0.8902,0.6178,0.6178
3680,194,P194F,P,F,np,np,0.2285,0.269,0.0902,0.9344,0.8902,0.64,0.64
3681,194,P194S,P,S,np,p~,0.2285,0.269,0.0902,0.9344,0.8902,0.398,0.398
3682,194,P194T,P,T,np,p~,0.2285,0.269,0.0902,0.9344,0.8902,0.4151,0.4151
3683,194,P194W,P,W,np,np,0.2285,0.269,0.0902,0.9344,0.8902,0.8228,0.8228
3684,194,P194Y,P,Y,np,p~,0.2285,0.269,0.0902,0.9344,0.8902,0.7163,0.7163
3685,194,P194V,P,V,np,np,0.2285,0.269,0.0902,0.9344,0.8902,0.4693,0.4693
3686,195,A195R,A,R,np,p+,0.1635,0.2073,0.1079,0.8026,0.9622,0.7277,0.7277
3687,195,A195N,A,N,np,p~,0.1635,0.2073,0.1079,0.8026,0.9622,0.4615,0.4615
3688,195,A195D,A,D,np,p-,0.1635,0.2073,0.1079,0.8026,0.9622,0.5164,0.5164
3689,195,A195C,A,C,np,p~,0.1635,0.2073,0.1079,0.8026,0.9622,0.4361,0.4361
3690,195,A195Q,A,Q,np,p~,0.1635,0.2073,0.1079,0.8026,0.9622,0.4703,0.4703
3691,195,A195E,A,E,np,p-,0.1635,0.2073,0.1079,0.8026,0.9622,0.511,0.511
3692,195,A195G,A,G,np,np,0.1635,0.2073,0.1079,0.8026,0.9622,0.3162,0.3162
3693,195,A195H,A,H,np,p~,0.1635,0.2073,0.1079,0.8026,0.9622,0.6095,0.6095
3694,195,A195I,A,I,np,np,0.1635,0.2073,0.1079,0.8026,0.9622,0.3502,0.3502
3695,195,A195L,A,L,np,np,0.1635,0.2073,0.1079,0.8026,0.9622,0.473,0.473
3696,195,A195K,A,K,np,p+,0.1635,0.2073,0.1079,0.8026,0.9622,0.682,0.682
3697,195,A195M,A,M,np,np,0.1635,0.2073,0.1079,0.8026,0.9622,0.4256,0.4256
3698,195,A195F,A,F,np,np,0.1635,0.2073,0.1079,0.8026,0.9622,0.5816,0.5816
3699,195,A195P,A,P,np,np,0.1635,0.2073,0.1079,0.8026,0.9622,0.3459,0.3459
3700,195,A195S,A,S,np,p~,0.1635,0.2073,0.1079,0.8026,0.9622,0.3271,0.3271
3701,195,A195T,A,T,np,p~,0.1635,0.2073,0.1079,0.8026,0.9622,0.3052,0.3052
3702,195,A195W,A,W,np,np,0.1635,0.2073,0.1079,0.8026,0.9622,0.7806,0.7806
3703,195,A195Y,A,Y,np,p~,0.1635,0.2073,0.1079,0.8026,0.9622,0.7064,0.7064
3704,195,A195V,A,V,np,np,0.1635,0.2073,0.1079,0.8026,0.9622,0.159,0.159
3705,196,A196R,A,R,np,p+,0.2151,0.2549,0.1141,0.7988,0.683,0.8208,0.8208
3706,196,A196N,A,N,np,p~,0.2151,0.2549,0.1141,0.7988,0.683,0.5607,0.5607
3707,196,A196D,A,D,np,p-,0.2151,0.2549,0.1141,0.7988,0.683,0.6109,0.6109
3708,196,A196C,A,C,np,p~,0.2151,0.2549,0.1141,0.7988,0.683,0.5049,0.5049
3709,196,A196Q,A,Q,np,p~,0.2151,0.2549,0.1141,0.7988,0.683,0.5877,0.5877
3710,196,A196E,A,E,np,p-,0.2151,0.2549,0.1141,0.7988,0.683,0.6436,0.6436
3711,196,A196G,A,G,np,np,0.2151,0.2549,0.1141,0.7988,0.683,0.3397,0.3397
3712,196,A196H,A,H,np,p~,0.2151,0.2549,0.1141,0.7988,0.683,0.604,0.604
3713,196,A196I,A,I,np,np,0.2151,0.2549,0.1141,0.7988,0.683,0.6313,0.6313
3714,196,A196L,A,L,np,np,0.2151,0.2549,0.1141,0.7988,0.683,0.6272,0.6272
3715,196,A196K,A,K,np,p+,0.2151,0.2549,0.1141,0.7988,0.683,0.7908,0.7908
3716,196,A196M,A,M,np,np,0.2151,0.2549,0.1141,0.7988,0.683,0.5724,0.5724
3717,196,A196F,A,F,np,np,0.2151,0.2549,0.1141,0.7988,0.683,0.6638,0.6638
3718,196,A196P,A,P,np,np,0.2151,0.2549,0.1141,0.7988,0.683,0.5908,0.5908
3719,196,A196S,A,S,np,p~,0.2151,0.2549,0.1141,0.7988,0.683,0.306,0.306
3720,196,A196T,A,T,np,p~,0.2151,0.2549,0.1141,0.7988,0.683,0.4365,0.4365
3721,196,A196W,A,W,np,np,0.2151,0.2549,0.1141,0.7988,0.683,0.8004,0.8004
3722,196,A196Y,A,Y,np,p~,0.2151,0.2549,0.1141,0.7988,0.683,0.7145,0.7145
3723,196,A196V,A,V,np,np,0.2151,0.2549,0.1141,0.7988,0.683,0.476,0.476
3724,197,A197R,A,R,np,p+,0.2721,0.3075,0.1935,0.5462,0.3979,0.8198,0.8198
3725,197,A197N,A,N,np,p~,0.2721,0.3075,0.1935,0.5462,0.3979,0.6137,0.6137
3726,197,A197D,A,D,np,p-,0.2721,0.3075,0.1935,0.5462,0.3979,0.6441,0.6441
3727,197,A197C,A,C,np,p~,0.2721,0.3075,0.1935,0.5462,0.3979,0.5418,0.5418
3728,197,A197Q,A,Q,np,p~,0.2721,0.3075,0.1935,0.5462,0.3979,0.6577,0.6577
3729,197,A197E,A,E,np,p-,0.2721,0.3075,0.1935,0.5462,0.3979,0.6673,0.6673
3730,197,A197G,A,G,np,np,0.2721,0.3075,0.1935,0.5462,0.3979,0.2623,0.2623
3731,197,A197H,A,H,np,p~,0.2721,0.3075,0.1935,0.5462,0.3979,0.6936,0.6936
3732,197,A197I,A,I,np,np,0.2721,0.3075,0.1935,0.5462,0.3979,0.5393,0.5393
3733,197,A197L,A,L,np,np,0.2721,0.3075,0.1935,0.5462,0.3979,0.5679,0.5679
3734,197,A197K,A,K,np,p+,0.2721,0.3075,0.1935,0.5462,0.3979,0.8207,0.8207
3735,197,A197M,A,M,np,np,0.2721,0.3075,0.1935,0.5462,0.3979,0.4781,0.4781
3736,197,A197F,A,F,np,np,0.2721,0.3075,0.1935,0.5462,0.3979,0.6117,0.6117
3737,197,A197P,A,P,np,np,0.2721,0.3075,0.1935,0.5462,0.3979,0.4999,0.4999
3738,197,A197S,A,S,np,p~,0.2721,0.3075,0.1935,0.5462,0.3979,0.3401,0.3401
3739,197,A197T,A,T,np,p~,0.2721,0.3075,0.1935,0.5462,0.3979,0.3903,0.3903
3740,197,A197W,A,W,np,np,0.2721,0.3075,0.1935,0.5462,0.3979,0.7806,0.7806
3741,197,A197Y,A,Y,np,p~,0.2721,0.3075,0.1935,0.5462,0.3979,0.6714,0.6714
3742,197,A197V,A,V,np,np,0.2721,0.3075,0.1935,0.5462,0.3979,0.3876,0.3876
3743,198,A198R,A,R,np,p+,0.3392,0.3714,0.1157,0.6864,0.6908,0.7255,0.7255
3744,198,A198N,A,N,np,p~,0.3392,0.3714,0.1157,0.6864,0.6908,0.5473,0.5473
3745,198,A198D,A,D,np,p-,0.3392,0.3714,0.1157,0.6864,0.6908,0.6034,0.6034
3746,198,A198C,A,C,np,p~,0.3392,0.3714,0.1157,0.6864,0.6908,0.5437,0.5437
3747,198,A198Q,A,Q,np,p~,0.3392,0.3714,0.1157,0.6864,0.6908,0.5713,0.5713
3748,198,A198E,A,E,np,p-,0.3392,0.3714,0.1157,0.6864,0.6908,0.596,0.596
3749,198,A198G,A,G,np,np,0.3392,0.3714,0.1157,0.6864,0.6908,0.3217,0.3217
3750,198,A198H,A,H,np,p~,0.3392,0.3714,0.1157,0.6864,0.6908,0.6063,0.6063
3751,198,A198I,A,I,np,np,0.3392,0.3714,0.1157,0.6864,0.6908,0.531,0.531
3752,198,A198L,A,L,np,np,0.3392,0.3714,0.1157,0.6864,0.6908,0.5662,0.5662
3753,198,A198K,A,K,np,p+,0.3392,0.3714,0.1157,0.6864,0.6908,0.7157,0.7157
3754,198,A198M,A,M,np,np,0.3392,0.3714,0.1157,0.6864,0.6908,0.5244,0.5244
3755,198,A198F,A,F,np,np,0.3392,0.3714,0.1157,0.6864,0.6908,0.5256,0.5256
3756,198,A198P,A,P,np,np,0.3392,0.3714,0.1157,0.6864,0.6908,0.6317,0.6317
3757,198,A198S,A,S,np,p~,0.3392,0.3714,0.1157,0.6864,0.6908,0.3415,0.3415
3758,198,A198T,A,T,np,p~,0.3392,0.3714,0.1157,0.6864,0.6908,0.3559,0.3559
3759,198,A198W,A,W,np,np,0.3392,0.3714,0.1157,0.6864,0.6908,0.6737,0.6737
3760,198,A198Y,A,Y,np,p~,0.3392,0.3714,0.1157,0.6864,0.6908,0.6291,0.6291
3761,198,A198V,A,V,np,np,0.3392,0.3714,0.1157,0.6864,0.6908,0.3876,0.3876
3762,199,I199A,I,A,np,np,0.403,0.4318,0.1696,0.5077,0.706,0.3915,0.3915
3763,199,I199R,I,R,np,p+,0.403,0.4318,0.1696,0.5077,0.706,0.503,0.503
3764,199,I199N,I,N,np,p~,0.403,0.4318,0.1696,0.5077,0.706,0.5196,0.5196
3765,199,I199D,I,D,np,p-,0.403,0.4318,0.1696,0.5077,0.706,0.6469,0.6469
3766,199,I199C,I,C,np,p~,0.403,0.4318,0.1696,0.5077,0.706,0.6503,0.6503
3767,199,I199Q,I,Q,np,p~,0.403,0.4318,0.1696,0.5077,0.706,0.4666,0.4666
3768,199,I199E,I,E,np,p-,0.403,0.4318,0.1696,0.5077,0.706,0.5525,0.5525
3769,199,I199G,I,G,np,np,0.403,0.4318,0.1696,0.5077,0.706,0.5549,0.5549
3770,199,I199H,I,H,np,p~,0.403,0.4318,0.1696,0.5077,0.706,0.5691,0.5691
3771,199,I199L,I,L,np,np,0.403,0.4318,0.1696,0.5077,0.706,0.2187,0.2187
3772,199,I199K,I,K,np,p+,0.403,0.4318,0.1696,0.5077,0.706,0.5626,0.5626
3773,199,I199M,I,M,np,np,0.403,0.4318,0.1696,0.5077,0.706,0.3524,0.3524
3774,199,I199F,I,F,np,np,0.403,0.4318,0.1696,0.5077,0.706,0.3863,0.3863
3775,199,I199P,I,P,np,np,0.403,0.4318,0.1696,0.5077,0.706,0.5236,0.5236
3776,199,I199S,I,S,np,p~,0.403,0.4318,0.1696,0.5077,0.706,0.472,0.472
3777,199,I199T,I,T,np,p~,0.403,0.4318,0.1696,0.5077,0.706,0.3805,0.3805
3778,199,I199W,I,W,np,np,0.403,0.4318,0.1696,0.5077,0.706,0.5831,0.5831
3779,199,I199Y,I,Y,np,p~,0.403,0.4318,0.1696,0.5077,0.706,0.4886,0.4886
3780,199,I199V,I,V,np,np,0.403,0.4318,0.1696,0.5077,0.706,0.1978,0.1978
3781,200,E200A,E,A,p-,np,0.452,0.4806,0.6022,0.4928,0.4797,0.3737,0.3737
3782,200,E200R,E,R,p-,p+,0.452,0.4806,0.6022,0.4928,0.4797,0.4971,0.4971
3783,200,E200N,E,N,p-,p~,0.452,0.4806,0.6022,0.4928,0.4797,0.3356,0.3356
3784,200,E200D,E,D,p-,p-,0.452,0.4806,0.6022,0.4928,0.4797,0.1347,0.1347
3785,200,E200C,E,C,p-,p~,0.452,0.4806,0.6022,0.4928,0.4797,0.5484,0.5484
3786,200,E200Q,E,Q,p-,p~,0.452,0.4806,0.6022,0.4928,0.4797,0.2084,0.2084
3787,200,E200G,E,G,p-,np,0.452,0.4806,0.6022,0.4928,0.4797,0.4818,0.4818
3788,200,E200H,E,H,p-,p~,0.452,0.4806,0.6022,0.4928,0.4797,0.2439,0.2439
3789,200,E200I,E,I,p-,np,0.452,0.4806,0.6022,0.4928,0.4797,0.3899,0.3899
3790,200,E200L,E,L,p-,np,0.452,0.4806,0.6022,0.4928,0.4797,0.3396,0.3396
3791,200,E200K,E,K,p-,p+,0.452,0.4806,0.6022,0.4928,0.4797,0.4825,0.4825
3792,200,E200M,E,M,p-,np,0.452,0.4806,0.6022,0.4928,0.4797,0.3888,0.3888
3793,200,E200F,E,F,p-,np,0.452,0.4806,0.6022,0.4928,0.4797,0.5304,0.5304
3794,200,E200P,E,P,p-,np,0.452,0.4806,0.6022,0.4928,0.4797,0.5629,0.5629
3795,200,E200S,E,S,p-,p~,0.452,0.4806,0.6022,0.4928,0.4797,0.3389,0.3389
3796,200,E200T,E,T,p-,p~,0.452,0.4806,0.6022,0.4928,0.4797,0.4456,0.4456
3797,200,E200W,E,W,p-,np,0.452,0.4806,0.6022,0.4928,0.4797,0.5427,0.5427
3798,200,E200Y,E,Y,p-,p~,0.452,0.4806,0.6022,0.4928,0.4797,0.4921,0.4921
3799,200,E200V,E,V,p-,np,0.452,0.4806,0.6022,0.4928,0.4797,0.3477,0.3477
3800,201,P201A,P,A,np,np,0.4859,0.511,0.1457,0.6205,0.5518,0.1902,0.1902
3801,201,P201R,P,R,np,p+,0.4859,0.511,0.1457,0.6205,0.5518,0.3741,0.3741
3802,201,P201N,P,N,np,p~,0.4859,0.511,0.1457,0.6205,0.5518,0.3845,0.3845
3803,201,P201D,P,D,np,p-,0.4859,0.511,0.1457,0.6205,0.5518,0.4089,0.4089
3804,201,P201C,P,C,np,p~,0.4859,0.511,0.1457,0.6205,0.5518,0.592,0.592
3805,201,P201Q,P,Q,np,p~,0.4859,0.511,0.1457,0.6205,0.5518,0.3623,0.3623
3806,201,P201E,P,E,np,p-,0.4859,0.511,0.1457,0.6205,0.5518,0.4232,0.4232
3807,201,P201G,P,G,np,np,0.4859,0.511,0.1457,0.6205,0.5518,0.1808,0.1808
3808,201,P201H,P,H,np,p~,0.4859,0.511,0.1457,0.6205,0.5518,0.3964,0.3964
3809,201,P201I,P,I,np,np,0.4859,0.511,0.1457,0.6205,0.5518,0.5166,0.5166
3810,201,P201L,P,L,np,np,0.4859,0.511,0.1457,0.6205,0.5518,0.4678,0.4678
3811,201,P201K,P,K,np,p+,0.4859,0.511,0.1457,0.6205,0.5518,0.3543,0.3543
3812,201,P201M,P,M,np,np,0.4859,0.511,0.1457,0.6205,0.5518,0.4902,0.4902
3813,201,P201F,P,F,np,np,0.4859,0.511,0.1457,0.6205,0.5518,0.496,0.496
3814,201,P201S,P,S,np,p~,0.4859,0.511,0.1457,0.6205,0.5518,0.2367,0.2367
3815,201,P201T,P,T,np,p~,0.4859,0.511,0.1457,0.6205,0.5518,0.331,0.331
3816,201,P201W,P,W,np,np,0.4859,0.511,0.1457,0.6205,0.5518,0.4824,0.4824
3817,201,P201Y,P,Y,np,p~,0.4859,0.511,0.1457,0.6205,0.5518,0.4168,0.4168
3818,201,P201V,P,V,np,np,0.4859,0.511,0.1457,0.6205,0.5518,0.4169,0.4169
3819,202,T202A,T,A,p~,np,0.5526,0.5768,0.953,0.5169,0.4539,0.2144,0.2144
3820,202,T202R,T,R,p~,p+,0.5526,0.5768,0.953,0.5169,0.4539,0.2115,0.2115
3821,202,T202N,T,N,p~,p~,0.5526,0.5768,0.953,0.5169,0.4539,0.1821,0.1821
3822,202,T202D,T,D,p~,p-,0.5526,0.5768,0.953,0.5169,0.4539,0.2782,0.2782
3823,202,T202C,T,C,p~,p~,0.5526,0.5768,0.953,0.5169,0.4539,0.491,0.491
3824,202,T202Q,T,Q,p~,p~,0.5526,0.5768,0.953,0.5169,0.4539,0.2286,0.2286
3825,202,T202E,T,E,p~,p-,0.5526,0.5768,0.953,0.5169,0.4539,0.2949,0.2949
3826,202,T202G,T,G,p~,np,0.5526,0.5768,0.953,0.5169,0.4539,0.2325,0.2325
3827,202,T202H,T,H,p~,p~,0.5526,0.5768,0.953,0.5169,0.4539,0.3037,0.3037
3828,202,T202I,T,I,p~,np,0.5526,0.5768,0.953,0.5169,0.4539,0.2074,0.2074
3829,202,T202L,T,L,p~,np,0.5526,0.5768,0.953,0.5169,0.4539,0.2256,0.2256
3830,202,T202K,T,K,p~,p+,0.5526,0.5768,0.953,0.5169,0.4539,0.1806,0.1806
3831,202,T202M,T,M,p~,np,0.5526,0.5768,0.953,0.5169,0.4539,0.3354,0.3354
3832,202,T202F,T,F,p~,np,0.5526,0.5768,0.953,0.5169,0.4539,0.3179,0.3179
3833,202,T202P,T,P,p~,np,0.5526,0.5768,0.953,0.5169,0.4539,0.3701,0.3701
3834,202,T202S,T,S,p~,p~,0.5526,0.5768,0.953,0.5169,0.4539,0.1927,0.1927
3835,202,T202W,T,W,p~,np,0.5526,0.5768,0.953,0.5169,0.4539,0.3999,0.3999
3836,202,T202Y,T,Y,p~,p~,0.5526,0.5768,0.953,0.5169,0.4539,0.254,0.254
3837,202,T202V,T,V,p~,np,0.5526,0.5768,0.953,0.5169,0.4539,0.1586,0.1586
3838,203,S203A,S,A,p~,np,0.5193,0.5478,0.2699,0.4579,0.5134,0.4996,0.4996
3839,203,S203R,S,R,p~,p+,0.5193,0.5478,0.2699,0.4579,0.5134,0.4761,0.4761
3840,203,S203N,S,N,p~,p~,0.5193,0.5478,0.2699,0.4579,0.5134,0.3343,0.3343
3841,203,S203D,S,D,p~,p-,0.5193,0.5478,0.2699,0.4579,0.5134,0.458,0.458
3842,203,S203C,S,C,p~,p~,0.5193,0.5478,0.2699,0.4579,0.5134,0.6889,0.6889
3843,203,S203Q,S,Q,p~,p~,0.5193,0.5478,0.2699,0.4579,0.5134,0.5428,0.5428
3844,203,S203E,S,E,p~,p-,0.5193,0.5478,0.2699,0.4579,0.5134,0.596,0.596
3845,203,S203G,S,G,p~,np,0.5193,0.5478,0.2699,0.4579,0.5134,0.4105,0.4105
3846,203,S203H,S,H,p~,p~,0.5193,0.5478,0.2699,0.4579,0.5134,0.5329,0.5329
3847,203,S203I,S,I,p~,np,0.5193,0.5478,0.2699,0.4579,0.5134,0.5883,0.5883
3848,203,S203L,S,L,p~,np,0.5193,0.5478,0.2699,0.4579,0.5134,0.5443,0.5443
3849,203,S203K,S,K,p~,p+,0.5193,0.5478,0.2699,0.4579,0.5134,0.4871,0.4871
3850,203,S203M,S,M,p~,np,0.5193,0.5478,0.2699,0.4579,0.5134,0.6471,0.6471
3851,203,S203F,S,F,p~,np,0.5193,0.5478,0.2699,0.4579,0.5134,0.6113,0.6113
3852,203,S203P,S,P,p~,np,0.5193,0.5478,0.2699,0.4579,0.5134,0.5939,0.5939
3853,203,S203T,S,T,p~,p~,0.5193,0.5478,0.2699,0.4579,0.5134,0.1205,0.1205
3854,203,S203W,S,W,p~,np,0.5193,0.5478,0.2699,0.4579,0.5134,0.6696,0.6696
3855,203,S203Y,S,Y,p~,p~,0.5193,0.5478,0.2699,0.4579,0.5134,0.5625,0.5625
3856,203,S203V,S,V,p~,np,0.5193,0.5478,0.2699,0.4579,0.5134,0.5862,0.5862
3857,204,G204A,G,A,np,np,0.5111,0.5394,0.1141,0.6972,0.52,0.5147,0.5147
3858,204,G204R,G,R,np,p+,0.5111,0.5394,0.1141,0.6972,0.52,0.4544,0.4544
3859,204,G204N,G,N,np,p~,0.5111,0.5394,0.1141,0.6972,0.52,0.335,0.335
3860,204,G204D,G,D,np,p-,0.5111,0.5394,0.1141,0.6972,0.52,0.4592,0.4592
3861,204,G204C,G,C,np,p~,0.5111,0.5394,0.1141,0.6972,0.52,0.7485,0.7485
3862,204,G204Q,G,Q,np,p~,0.5111,0.5394,0.1141,0.6972,0.52,0.4353,0.4353
3863,204,G204E,G,E,np,p-,0.5111,0.5394,0.1141,0.6972,0.52,0.5187,0.5187
3864,204,G204H,G,H,np,p~,0.5111,0.5394,0.1141,0.6972,0.52,0.5157,0.5157
3865,204,G204I,G,I,np,np,0.5111,0.5394,0.1141,0.6972,0.52,0.7696,0.7696
3866,204,G204L,G,L,np,np,0.5111,0.5394,0.1141,0.6972,0.52,0.5947,0.5947
3867,204,G204K,G,K,np,p+,0.5111,0.5394,0.1141,0.6972,0.52,0.4,0.4
3868,204,G204M,G,M,np,np,0.5111,0.5394,0.1141,0.6972,0.52,0.6126,0.6126
3869,204,G204F,G,F,np,np,0.5111,0.5394,0.1141,0.6972,0.52,0.6712,0.6712
3870,204,G204P,G,P,np,np,0.5111,0.5394,0.1141,0.6972,0.52,0.6553,0.6553
3871,204,G204S,G,S,np,p~,0.5111,0.5394,0.1141,0.6972,0.52,0.393,0.393
3872,204,G204T,G,T,np,p~,0.5111,0.5394,0.1141,0.6972,0.52,0.4831,0.4831
3873,204,G204W,G,W,np,np,0.5111,0.5394,0.1141,0.6972,0.52,0.7029,0.7029
3874,204,G204Y,G,Y,np,p~,0.5111,0.5394,0.1141,0.6972,0.52,0.605,0.605
3875,204,G204V,G,V,np,np,0.5111,0.5394,0.1141,0.6972,0.52,0.7117,0.7117
3876,205,R205A,R,A,p+,np,0.4533,0.4837,0.1766,0.5077,0.4736,0.4391,0.4391
3877,205,R205N,R,N,p+,p~,0.4533,0.4837,0.1766,0.5077,0.4736,0.2131,0.2131
3878,205,R205D,R,D,p+,p-,0.4533,0.4837,0.1766,0.5077,0.4736,0.4527,0.4527
3879,205,R205C,R,C,p+,p~,0.4533,0.4837,0.1766,0.5077,0.4736,0.6356,0.6356
3880,205,R205Q,R,Q,p+,p~,0.4533,0.4837,0.1766,0.5077,0.4736,0.3226,0.3226
3881,205,R205E,R,E,p+,p-,0.4533,0.4837,0.1766,0.5077,0.4736,0.4132,0.4132
3882,205,R205G,R,G,p+,np,0.4533,0.4837,0.1766,0.5077,0.4736,0.4944,0.4944
3883,205,R205H,R,H,p+,p~,0.4533,0.4837,0.1766,0.5077,0.4736,0.3569,0.3569
3884,205,R205I,R,I,p+,np,0.4533,0.4837,0.1766,0.5077,0.4736,0.4494,0.4494
3885,205,R205L,R,L,p+,np,0.4533,0.4837,0.1766,0.5077,0.4736,0.3773,0.3773
3886,205,R205K,R,K,p+,p+,0.4533,0.4837,0.1766,0.5077,0.4736,0.0253,0.0253
3887,205,R205M,R,M,p+,np,0.4533,0.4837,0.1766,0.5077,0.4736,0.4488,0.4488
3888,205,R205F,R,F,p+,np,0.4533,0.4837,0.1766,0.5077,0.4736,0.5302,0.5302
3889,205,R205P,R,P,p+,np,0.4533,0.4837,0.1766,0.5077,0.4736,0.6473,0.6473
3890,205,R205S,R,S,p+,p~,0.4533,0.4837,0.1766,0.5077,0.4736,0.4132,0.4132
3891,205,R205T,R,T,p+,p~,0.4533,0.4837,0.1766,0.5077,0.4736,0.3675,0.3675
3892,205,R205W,R,W,p+,np,0.4533,0.4837,0.1766,0.5077,0.4736,0.6,0.6
3893,205,R205Y,R,Y,p+,p~,0.4533,0.4837,0.1766,0.5077,0.4736,0.4469,0.4469
3894,205,R205V,R,V,p+,np,0.4533,0.4837,0.1766,0.5077,0.4736,0.4344,0.4344
3895,206,V206A,V,A,np,np,0.3827,0.4159,0.1496,0.6524,0.9853,0.4031,0.4031
3896,206,V206R,V,R,np,p+,0.3827,0.4159,0.1496,0.6524,0.9853,0.7418,0.7418
3897,206,V206N,V,N,np,p~,0.3827,0.4159,0.1496,0.6524,0.9853,0.6838,0.6838
3898,206,V206D,V,D,np,p-,0.3827,0.4159,0.1496,0.6524,0.9853,0.7629,0.7629
3899,206,V206C,V,C,np,p~,0.3827,0.4159,0.1496,0.6524,0.9853,0.708,0.708
3900,206,V206Q,V,Q,np,p~,0.3827,0.4159,0.1496,0.6524,0.9853,0.6085,0.6085
3901,206,V206E,V,E,np,p-,0.3827,0.4159,0.1496,0.6524,0.9853,0.6883,0.6883
3902,206,V206G,V,G,np,np,0.3827,0.4159,0.1496,0.6524,0.9853,0.6194,0.6194
3903,206,V206H,V,H,np,p~,0.3827,0.4159,0.1496,0.6524,0.9853,0.6716,0.6716
3904,206,V206I,V,I,np,np,0.3827,0.4159,0.1496,0.6524,0.9853,0.2103,0.2103
3905,206,V206L,V,L,np,np,0.3827,0.4159,0.1496,0.6524,0.9853,0.2832,0.2832
3906,206,V206K,V,K,np,p+,0.3827,0.4159,0.1496,0.6524,0.9853,0.7529,0.7529
3907,206,V206M,V,M,np,np,0.3827,0.4159,0.1496,0.6524,0.9853,0.3261,0.3261
3908,206,V206F,V,F,np,np,0.3827,0.4159,0.1496,0.6524,0.9853,0.4229,0.4229
3909,206,V206P,V,P,np,np,0.3827,0.4159,0.1496,0.6524,0.9853,0.4804,0.4804
3910,206,V206S,V,S,np,p~,0.3827,0.4159,0.1496,0.6524,0.9853,0.6393,0.6393
3911,206,V206T,V,T,np,p~,0.3827,0.4159,0.1496,0.6524,0.9853,0.4494,0.4494
3912,206,V206W,V,W,np,np,0.3827,0.4159,0.1496,0.6524,0.9853,0.5729,0.5729
3913,206,V206Y,V,Y,np,p~,0.3827,0.4159,0.1496,0.6524,0.9853,0.47,0.47
3914,207,L207A,L,A,np,np,0.3418,0.3768,0.1511,0.5984,0.8994,0.6612,0.6612
3915,207,L207R,L,R,np,p+,0.3418,0.3768,0.1511,0.5984,0.8994,0.6715,0.6715
3916,207,L207N,L,N,np,p~,0.3418,0.3768,0.1511,0.5984,0.8994,0.7059,0.7059
3917,207,L207D,L,D,np,p-,0.3418,0.3768,0.1511,0.5984,0.8994,0.8529,0.8529
3918,207,L207C,L,C,np,p~,0.3418,0.3768,0.1511,0.5984,0.8994,0.7586,0.7586
3919,207,L207Q,L,Q,np,p~,0.3418,0.3768,0.1511,0.5984,0.8994,0.6254,0.6254
3920,207,L207E,L,E,np,p-,0.3418,0.3768,0.1511,0.5984,0.8994,0.7688,0.7688
3921,207,L207G,L,G,np,np,0.3418,0.3768,0.1511,0.5984,0.8994,0.7685,0.7685
3922,207,L207H,L,H,np,p~,0.3418,0.3768,0.1511,0.5984,0.8994,0.6141,0.6141
3923,207,L207I,L,I,np,np,0.3418,0.3768,0.1511,0.5984,0.8994,0.2475,0.2475
3924,207,L207K,L,K,np,p+,0.3418,0.3768,0.1511,0.5984,0.8994,0.7192,0.7192
3925,207,L207M,L,M,np,np,0.3418,0.3768,0.1511,0.5984,0.8994,0.3901,0.3901
3926,207,L207F,L,F,np,np,0.3418,0.3768,0.1511,0.5984,0.8994,0.4022,0.4022
3927,207,L207P,L,P,np,np,0.3418,0.3768,0.1511,0.5984,0.8994,0.7624,0.7624
3928,207,L207S,L,S,np,p~,0.3418,0.3768,0.1511,0.5984,0.8994,0.6828,0.6828
3929,207,L207T,L,T,np,p~,0.3418,0.3768,0.1511,0.5984,0.8994,0.5603,0.5603
3930,207,L207W,L,W,np,np,0.3418,0.3768,0.1511,0.5984,0.8994,0.541,0.541
3931,207,L207Y,L,Y,np,p~,0.3418,0.3768,0.1511,0.5984,0.8994,0.4906,0.4906
3932,207,L207V,L,V,np,np,0.3418,0.3768,0.1511,0.5984,0.8994,0.3491,0.3491
3933,208,M208A,M,A,np,np,0.3032,0.3414,0.3269,0.3887,0.7368,0.3084,0.3084
3934,208,M208R,M,R,np,p+,0.3032,0.3414,0.3269,0.3887,0.7368,0.663,0.663
3935,208,M208N,M,N,np,p~,0.3032,0.3414,0.3269,0.3887,0.7368,0.5507,0.5507
3936,208,M208D,M,D,np,p-,0.3032,0.3414,0.3269,0.3887,0.7368,0.6847,0.6847
3937,208,M208C,M,C,np,p~,0.3032,0.3414,0.3269,0.3887,0.7368,0.5642,0.5642
3938,208,M208Q,M,Q,np,p~,0.3032,0.3414,0.3269,0.3887,0.7368,0.4977,0.4977
3939,208,M208E,M,E,np,p-,0.3032,0.3414,0.3269,0.3887,0.7368,0.5818,0.5818
3940,208,M208G,M,G,np,np,0.3032,0.3414,0.3269,0.3887,0.7368,0.5464,0.5464
3941,208,M208H,M,H,np,p~,0.3032,0.3414,0.3269,0.3887,0.7368,0.5203,0.5203
3942,208,M208I,M,I,np,np,0.3032,0.3414,0.3269,0.3887,0.7368,0.2275,0.2275
3943,208,M208L,M,L,np,np,0.3032,0.3414,0.3269,0.3887,0.7368,0.1841,0.1841
3944,208,M208K,M,K,np,p+,0.3032,0.3414,0.3269,0.3887,0.7368,0.6686,0.6686
3945,208,M208F,M,F,np,np,0.3032,0.3414,0.3269,0.3887,0.7368,0.2361,0.2361
3946,208,M208P,M,P,np,np,0.3032,0.3414,0.3269,0.3887,0.7368,0.7581,0.7581
3947,208,M208S,M,S,np,p~,0.3032,0.3414,0.3269,0.3887,0.7368,0.416,0.416
3948,208,M208T,M,T,np,p~,0.3032,0.3414,0.3269,0.3887,0.7368,0.3074,0.3074
3949,208,M208W,M,W,np,np,0.3032,0.3414,0.3269,0.3887,0.7368,0.4595,0.4595
3950,208,M208Y,M,Y,np,p~,0.3032,0.3414,0.3269,0.3887,0.7368,0.364,0.364
3951,208,M208V,M,V,np,np,0.3032,0.3414,0.3269,0.3887,0.7368,0.2265,0.2265
3952,209,W209A,W,A,np,np,0.228,0.2693,0.0918,0.9584,0.987,0.7936,0.7936
3953,209,W209R,W,R,np,p+,0.228,0.2693,0.0918,0.9584,0.987,0.8153,0.8153
3954,209,W209N,W,N,np,p~,0.228,0.2693,0.0918,0.9584,0.987,0.9045,0.9045
3955,209,W209D,W,D,np,p-,0.228,0.2693,0.0918,0.9584,0.987,0.9892,0.9892
3956,209,W209C,W,C,np,p~,0.228,0.2693,0.0918,0.9584,0.987,0.8095,0.8095
3957,209,W209Q,W,Q,np,p~,0.228,0.2693,0.0918,0.9584,0.987,0.8587,0.8587
3958,209,W209E,W,E,np,p-,0.228,0.2693,0.0918,0.9584,0.987,0.9488,0.9488
3959,209,W209G,W,G,np,np,0.228,0.2693,0.0918,0.9584,0.987,0.8848,0.8848
3960,209,W209H,W,H,np,p~,0.228,0.2693,0.0918,0.9584,0.987,0.7674,0.7674
3961,209,W209I,W,I,np,np,0.228,0.2693,0.0918,0.9584,0.987,0.6313,0.6313
3962,209,W209L,W,L,np,np,0.228,0.2693,0.0918,0.9584,0.987,0.6537,0.6537
3963,209,W209K,W,K,np,p+,0.228,0.2693,0.0918,0.9584,0.987,0.9217,0.9217
3964,209,W209M,W,M,np,np,0.228,0.2693,0.0918,0.9584,0.987,0.6529,0.6529
3965,209,W209F,W,F,np,np,0.228,0.2693,0.0918,0.9584,0.987,0.3935,0.3935
3966,209,W209P,W,P,np,np,0.228,0.2693,0.0918,0.9584,0.987,0.9235,0.9235
3967,209,W209S,W,S,np,p~,0.228,0.2693,0.0918,0.9584,0.987,0.7979,0.7979
3968,209,W209T,W,T,np,p~,0.228,0.2693,0.0918,0.9584,0.987,0.7935,0.7935
3969,209,W209Y,W,Y,np,p~,0.228,0.2693,0.0918,0.9584,0.987,0.478,0.478
3970,209,W209V,W,V,np,np,0.228,0.2693,0.0918,0.9584,0.987,0.6809,0.6809
3971,210,S210A,S,A,p~,np,0.1928,0.2333,0.0902,0.9441,0.9065,0.3456,0.3456
3972,210,S210R,S,R,p~,p+,0.1928,0.2333,0.0902,0.9441,0.9065,0.8172,0.8172
3973,210,S210N,S,N,p~,p~,0.1928,0.2333,0.0902,0.9441,0.9065,0.5205,0.5205
3974,210,S210D,S,D,p~,p-,0.1928,0.2333,0.0902,0.9441,0.9065,0.5883,0.5883
3975,210,S210C,S,C,p~,p~,0.1928,0.2333,0.0902,0.9441,0.9065,0.5426,0.5426
3976,210,S210Q,S,Q,p~,p~,0.1928,0.2333,0.0902,0.9441,0.9065,0.5874,0.5874
3977,210,S210E,S,E,p~,p-,0.1928,0.2333,0.0902,0.9441,0.9065,0.5245,0.5245
3978,210,S210G,S,G,p~,np,0.1928,0.2333,0.0902,0.9441,0.9065,0.4436,0.4436
3979,210,S210H,S,H,p~,p~,0.1928,0.2333,0.0902,0.9441,0.9065,0.6739,0.6739
3980,210,S210I,S,I,p~,np,0.1928,0.2333,0.0902,0.9441,0.9065,0.7019,0.7019
3981,210,S210L,S,L,p~,np,0.1928,0.2333,0.0902,0.9441,0.9065,0.7036,0.7036
3982,210,S210K,S,K,p~,p+,0.1928,0.2333,0.0902,0.9441,0.9065,0.8198,0.8198
3983,210,S210M,S,M,p~,np,0.1928,0.2333,0.0902,0.9441,0.9065,0.6199,0.6199
3984,210,S210F,S,F,p~,np,0.1928,0.2333,0.0902,0.9441,0.9065,0.7471,0.7471
3985,210,S210P,S,P,p~,np,0.1928,0.2333,0.0902,0.9441,0.9065,0.5963,0.5963
3986,210,S210T,S,T,p~,p~,0.1928,0.2333,0.0902,0.9441,0.9065,0.4057,0.4057
3987,210,S210W,S,W,p~,np,0.1928,0.2333,0.0902,0.9441,0.9065,0.8126,0.8126
3988,210,S210Y,S,Y,p~,p~,0.1928,0.2333,0.0902,0.9441,0.9065,0.7484,0.7484
3989,210,S210V,S,V,p~,np,0.1928,0.2333,0.0902,0.9441,0.9065,0.6185,0.6185
3990,211,S211A,S,A,p~,np,0.1859,0.2195,0.1673,0.7561,0.5923,0.2443,0.2443
3991,211,S211R,S,R,p~,p+,0.1859,0.2195,0.1673,0.7561,0.5923,0.7469,0.7469
3992,211,S211N,S,N,p~,p~,0.1859,0.2195,0.1673,0.7561,0.5923,0.5703,0.5703
3993,211,S211D,S,D,p~,p-,0.1859,0.2195,0.1673,0.7561,0.5923,0.6453,0.6453
3994,211,S211C,S,C,p~,p~,0.1859,0.2195,0.1673,0.7561,0.5923,0.4748,0.4748
3995,211,S211Q,S,Q,p~,p~,0.1859,0.2195,0.1673,0.7561,0.5923,0.6787,0.6787
3996,211,S211E,S,E,p~,p-,0.1859,0.2195,0.1673,0.7561,0.5923,0.6868,0.6868
3997,211,S211G,S,G,p~,np,0.1859,0.2195,0.1673,0.7561,0.5923,0.4408,0.4408
3998,211,S211H,S,H,p~,p~,0.1859,0.2195,0.1673,0.7561,0.5923,0.69,0.69
3999,211,S211I,S,I,p~,np,0.1859,0.2195,0.1673,0.7561,0.5923,0.677,0.677
4000,211,S211L,S,L,p~,np,0.1859,0.2195,0.1673,0.7561,0.5923,0.6574,0.6574
4001,211,S211K,S,K,p~,p+,0.1859,0.2195,0.1673,0.7561,0.5923,0.7834,0.7834
4002,211,S211M,S,M,p~,np,0.1859,0.2195,0.1673,0.7561,0.5923,0.6411,0.6411
4003,211,S211F,S,F,p~,np,0.1859,0.2195,0.1673,0.7561,0.5923,0.6545,0.6545
4004,211,S211P,S,P,p~,np,0.1859,0.2195,0.1673,0.7561,0.5923,0.6558,0.6558
4005,211,S211T,S,T,p~,p~,0.1859,0.2195,0.1673,0.7561,0.5923,0.4401,0.4401
4006,211,S211W,S,W,p~,np,0.1859,0.2195,0.1673,0.7561,0.5923,0.7192,0.7192
4007,211,S211Y,S,Y,p~,p~,0.1859,0.2195,0.1673,0.7561,0.5923,0.6692,0.6692
4008,211,S211V,S,V,p~,np,0.1859,0.2195,0.1673,0.7561,0.5923,0.5533,0.5533
4009,212,Y212A,Y,A,p~,np,0.2335,0.2659,0.1951,0.6628,0.8762,0.4571,0.4571
4010,212,Y212R,Y,R,p~,p+,0.2335,0.2659,0.1951,0.6628,0.8762,0.4493,0.4493
4011,212,Y212N,Y,N,p~,p~,0.2335,0.2659,0.1951,0.6628,0.8762,0.4257,0.4257
4012,212,Y212D,Y,D,p~,p-,0.2335,0.2659,0.1951,0.6628,0.8762,0.4435,0.4435
4013,212,Y212C,Y,C,p~,p~,0.2335,0.2659,0.1951,0.6628,0.8762,0.7332,0.7332
4014,212,Y212Q,Y,Q,p~,p~,0.2335,0.2659,0.1951,0.6628,0.8762,0.497,0.497
4015,212,Y212E,Y,E,p~,p-,0.2335,0.2659,0.1951,0.6628,0.8762,0.5118,0.5118
4016,212,Y212G,Y,G,p~,np,0.2335,0.2659,0.1951,0.6628,0.8762,0.4984,0.4984
4017,212,Y212H,Y,H,p~,p~,0.2335,0.2659,0.1951,0.6628,0.8762,0.4502,0.4502
4018,212,Y212I,Y,I,p~,np,0.2335,0.2659,0.1951,0.6628,0.8762,0.5393,0.5393
4019,212,Y212L,Y,L,p~,np,0.2335,0.2659,0.1951,0.6628,0.8762,0.4552,0.4552
4020,212,Y212K,Y,K,p~,p+,0.2335,0.2659,0.1951,0.6628,0.8762,0.4687,0.4687
4021,212,Y212M,Y,M,p~,np,0.2335,0.2659,0.1951,0.6628,0.8762,0.5257,0.5257
4022,212,Y212F,Y,F,p~,np,0.2335,0.2659,0.1951,0.6628,0.8762,0.2557,0.2557
4023,212,Y212P,Y,P,p~,np,0.2335,0.2659,0.1951,0.6628,0.8762,0.6137,0.6137
4024,212,Y212S,Y,S,p~,p~,0.2335,0.2659,0.1951,0.6628,0.8762,0.4216,0.4216
4025,212,Y212T,Y,T,p~,p~,0.2335,0.2659,0.1951,0.6628,0.8762,0.497,0.497
4026,212,Y212W,Y,W,p~,np,0.2335,0.2659,0.1951,0.6628,0.8762,0.3142,0.3142
4027,212,Y212V,Y,V,p~,np,0.2335,0.2659,0.1951,0.6628,0.8762,0.536,0.536
4028,213,R213A,R,A,p+,np,0.2366,0.2734,0.2567,0.512,0.3196,0.1657,0.1657
4029,213,R213N,R,N,p+,p~,0.2366,0.2734,0.2567,0.512,0.3196,0.246,0.246
4030,213,R213D,R,D,p+,p-,0.2366,0.2734,0.2567,0.512,0.3196,0.3174,0.3174
4031,213,R213C,R,C,p+,p~,0.2366,0.2734,0.2567,0.512,0.3196,0.5618,0.5618
4032,213,R213Q,R,Q,p+,p~,0.2366,0.2734,0.2567,0.512,0.3196,0.239,0.239
4033,213,R213E,R,E,p+,p-,0.2366,0.2734,0.2567,0.512,0.3196,0.3154,0.3154
4034,213,R213G,R,G,p+,np,0.2366,0.2734,0.2567,0.512,0.3196,0.2318,0.2318
4035,213,R213H,R,H,p+,p~,0.2366,0.2734,0.2567,0.512,0.3196,0.2688,0.2688
4036,213,R213I,R,I,p+,np,0.2366,0.2734,0.2567,0.512,0.3196,0.341,0.341
4037,213,R213L,R,L,p+,np,0.2366,0.2734,0.2567,0.512,0.3196,0.2727,0.2727
4038,213,R213K,R,K,p+,p+,0.2366,0.2734,0.2567,0.512,0.3196,0.1559,0.1559
4039,213,R213M,R,M,p+,np,0.2366,0.2734,0.2567,0.512,0.3196,0.2794,0.2794
4040,213,R213F,R,F,p+,np,0.2366,0.2734,0.2567,0.512,0.3196,0.2139,0.2139
4041,213,R213P,R,P,p+,np,0.2366,0.2734,0.2567,0.512,0.3196,0.3665,0.3665
4042,213,R213S,R,S,p+,p~,0.2366,0.2734,0.2567,0.512,0.3196,0.2188,0.2188
4043,213,R213T,R,T,p+,p~,0.2366,0.2734,0.2567,0.512,0.3196,0.2481,0.2481
4044,213,R213W,R,W,p+,np,0.2366,0.2734,0.2567,0.512,0.3196,0.2776,0.2776
4045,213,R213Y,R,Y,p+,p~,0.2366,0.2734,0.2567,0.512,0.3196,0.1716,0.1716
4046,213,R213V,R,V,p+,np,0.2366,0.2734,0.2567,0.512,0.3196,0.3176,0.3176
4047,214,N214A,N,A,p~,np,0.2445,0.2828,0.643,0.2089,0.0218,0.1805,0.1805
4048,214,N214R,N,R,p~,p+,0.2445,0.2828,0.643,0.2089,0.0218,0.2669,0.2669
4049,214,N214D,N,D,p~,p-,0.2445,0.2828,0.643,0.2089,0.0218,0.2486,0.2486
4050,214,N214C,N,C,p~,p~,0.2445,0.2828,0.643,0.2089,0.0218,0.622,0.622
4051,214,N214Q,N,Q,p~,p~,0.2445,0.2828,0.643,0.2089,0.0218,0.269,0.269
4052,214,N214E,N,E,p~,p-,0.2445,0.2828,0.643,0.2089,0.0218,0.2845,0.2845
4053,214,N214G,N,G,p~,np,0.2445,0.2828,0.643,0.2089,0.0218,0.278,0.278
4054,214,N214H,N,H,p~,p~,0.2445,0.2828,0.643,0.2089,0.0218,0.3146,0.3146
4055,214,N214I,N,I,p~,np,0.2445,0.2828,0.643,0.2089,0.0218,0.294,0.294
4056,214,N214L,N,L,p~,np,0.2445,0.2828,0.643,0.2089,0.0218,0.2969,0.2969
4057,214,N214K,N,K,p~,p+,0.2445,0.2828,0.643,0.2089,0.0218,0.2259,0.2259
4058,214,N214M,N,M,p~,np,0.2445,0.2828,0.643,0.2089,0.0218,0.3598,0.3598
4059,214,N214F,N,F,p~,np,0.2445,0.2828,0.643,0.2089,0.0218,0.3722,0.3722
4060,214,N214P,N,P,p~,np,0.2445,0.2828,0.643,0.2089,0.0218,0.2152,0.2152
4061,214,N214S,N,S,p~,p~,0.2445,0.2828,0.643,0.2089,0.0218,0.2067,0.2067
4062,214,N214T,N,T,p~,p~,0.2445,0.2828,0.643,0.2089,0.0218,0.2064,0.2064
4063,214,N214W,N,W,p~,np,0.2445,0.2828,0.643,0.2089,0.0218,0.4038,0.4038
4064,214,N214Y,N,Y,p~,p~,0.2445,0.2828,0.643,0.2089,0.0218,0.3075,0.3075
4065,214,N214V,N,V,p~,np,0.2445,0.2828,0.643,0.2089,0.0218,0.2504,0.2504
4066,215,D215A,D,A,p-,np,0.1913,0.225,0.1049,0.8086,0.725,0.2546,0.2546
4067,215,D215R,D,R,p-,p+,0.1913,0.225,0.1049,0.8086,0.725,0.3378,0.3378
4068,215,D215N,D,N,p-,p~,0.1913,0.225,0.1049,0.8086,0.725,0.194,0.194
4069,215,D215C,D,C,p-,p~,0.1913,0.225,0.1049,0.8086,0.725,0.6699,0.6699
4070,215,D215Q,D,Q,p-,p~,0.1913,0.225,0.1049,0.8086,0.725,0.3089,0.3089
4071,215,D215E,D,E,p-,p-,0.1913,0.225,0.1049,0.8086,0.725,0.2799,0.2799
4072,215,D215G,D,G,p-,np,0.1913,0.225,0.1049,0.8086,0.725,0.2342,0.2342
4073,215,D215H,D,H,p-,p~,0.1913,0.225,0.1049,0.8086,0.725,0.3763,0.3763
4074,215,D215I,D,I,p-,np,0.1913,0.225,0.1049,0.8086,0.725,0.3656,0.3656
4075,215,D215L,D,L,p-,np,0.1913,0.225,0.1049,0.8086,0.725,0.3492,0.3492
4076,215,D215K,D,K,p-,p+,0.1913,0.225,0.1049,0.8086,0.725,0.2978,0.2978
4077,215,D215M,D,M,p-,np,0.1913,0.225,0.1049,0.8086,0.725,0.4444,0.4444
4078,215,D215F,D,F,p-,np,0.1913,0.225,0.1049,0.8086,0.725,0.4024,0.4024
4079,215,D215P,D,P,p-,np,0.1913,0.225,0.1049,0.8086,0.725,0.3354,0.3354
4080,215,D215S,D,S,p-,p~,0.1913,0.225,0.1049,0.8086,0.725,0.2429,0.2429
4081,215,D215T,D,T,p-,p~,0.1913,0.225,0.1049,0.8086,0.725,0.2472,0.2472
4082,215,D215W,D,W,p-,np,0.1913,0.225,0.1049,0.8086,0.725,0.4804,0.4804
4083,215,D215Y,D,Y,p-,p~,0.1913,0.225,0.1049,0.8086,0.725,0.3762,0.3762
4084,215,D215V,D,V,p-,np,0.1913,0.225,0.1049,0.8086,0.725,0.3137,0.3137
4085,216,A216R,A,R,np,p+,0.1729,0.2065,0.4958,0.3422,0.3329,0.2389,0.2389
4086,216,A216N,A,N,np,p~,0.1729,0.2065,0.4958,0.3422,0.3329,0.2134,0.2134
4087,216,A216D,A,D,np,p-,0.1729,0.2065,0.4958,0.3422,0.3329,0.2272,0.2272
4088,216,A216C,A,C,np,p~,0.1729,0.2065,0.4958,0.3422,0.3329,0.562,0.562
4089,216,A216Q,A,Q,np,p~,0.1729,0.2065,0.4958,0.3422,0.3329,0.2088,0.2088
4090,216,A216E,A,E,np,p-,0.1729,0.2065,0.4958,0.3422,0.3329,0.219,0.219
4091,216,A216G,A,G,np,np,0.1729,0.2065,0.4958,0.3422,0.3329,0.2506,0.2506
4092,216,A216H,A,H,np,p~,0.1729,0.2065,0.4958,0.3422,0.3329,0.2972,0.2972
4093,216,A216I,A,I,np,np,0.1729,0.2065,0.4958,0.3422,0.3329,0.232,0.232
4094,216,A216L,A,L,np,np,0.1729,0.2065,0.4958,0.3422,0.3329,0.2493,0.2493
4095,216,A216K,A,K,np,p+,0.1729,0.2065,0.4958,0.3422,0.3329,0.1891,0.1891
4096,216,A216M,A,M,np,np,0.1729,0.2065,0.4958,0.3422,0.3329,0.3267,0.3267
4097,216,A216F,A,F,np,np,0.1729,0.2065,0.4958,0.3422,0.3329,0.2899,0.2899
4098,216,A216P,A,P,np,np,0.1729,0.2065,0.4958,0.3422,0.3329,0.2431,0.2431
4099,216,A216S,A,S,np,p~,0.1729,0.2065,0.4958,0.3422,0.3329,0.1988,0.1988
4100,216,A216T,A,T,np,p~,0.1729,0.2065,0.4958,0.3422,0.3329,0.1512,0.1512
4101,216,A216W,A,W,np,np,0.1729,0.2065,0.4958,0.3422,0.3329,0.3609,0.3609
4102,216,A216Y,A,Y,np,p~,0.1729,0.2065,0.4958,0.3422,0.3329,0.3129,0.3129
4103,216,A216V,A,V,np,np,0.1729,0.2065,0.4958,0.3422,0.3329,0.1898,0.1898
4104,217,A217R,A,R,np,p+,0.0595,0.0983,0.1218,0.7049,0.7893,0.2507,0.2507
4105,217,A217N,A,N,np,p~,0.0595,0.0983,0.1218,0.7049,0.7893,0.216,0.216
4106,217,A217D,A,D,np,p-,0.0595,0.0983,0.1218,0.7049,0.7893,0.2535,0.2535
4107,217,A217C,A,C,np,p~,0.0595,0.0983,0.1218,0.7049,0.7893,0.3877,0.3877
4108,217,A217Q,A,Q,np,p~,0.0595,0.0983,0.1218,0.7049,0.7893,0.2395,0.2395
4109,217,A217E,A,E,np,p-,0.0595,0.0983,0.1218,0.7049,0.7893,0.2874,0.2874
4110,217,A217G,A,G,np,np,0.0595,0.0983,0.1218,0.7049,0.7893,0.2215,0.2215
4111,217,A217H,A,H,np,p~,0.0595,0.0983,0.1218,0.7049,0.7893,0.194,0.194
4112,217,A217I,A,I,np,np,0.0595,0.0983,0.1218,0.7049,0.7893,0.046,0.046
4113,217,A217L,A,L,np,np,0.0595,0.0983,0.1218,0.7049,0.7893,-0.0127,-0.0127
4114,217,A217K,A,K,np,p+,0.0595,0.0983,0.1218,0.7049,0.7893,0.2676,0.2676
4115,217,A217M,A,M,np,np,0.0595,0.0983,0.1218,0.7049,0.7893,0.0546,0.0546
4116,217,A217F,A,F,np,np,0.0595,0.0983,0.1218,0.7049,0.7893,-0.2314,-0.2314
4117,217,A217P,A,P,np,np,0.0595,0.0983,0.1218,0.7049,0.7893,0.2465,0.2465
4118,217,A217S,A,S,np,p~,0.0595,0.0983,0.1218,0.7049,0.7893,0.1996,0.1996
4119,217,A217T,A,T,np,p~,0.0595,0.0983,0.1218,0.7049,0.7893,0.1881,0.1881
4120,217,A217W,A,W,np,np,0.0595,0.0983,0.1218,0.7049,0.7893,0.0133,0.0133
4121,217,A217Y,A,Y,np,p~,0.0595,0.0983,0.1218,0.7049,0.7893,-0.0068,-0.0068
4122,217,A217V,A,V,np,np,0.0595,0.0983,0.1218,0.7049,0.7893,0.0897,0.0897
4123,218,E218A,E,A,p-,np,0.1147,0.1674,1.0,0.3191,0.1927,0.1192,0.1192
4124,218,E218R,E,R,p-,p+,0.1147,0.1674,1.0,0.3191,0.1927,0.1875,0.1875
4125,218,E218N,E,N,p-,p~,0.1147,0.1674,1.0,0.3191,0.1927,0.0913,0.0913
4126,218,E218D,E,D,p-,p-,0.1147,0.1674,1.0,0.3191,0.1927,0.1244,0.1244
4127,218,E218C,E,C,p-,p~,0.1147,0.1674,1.0,0.3191,0.1927,0.3434,0.3434
4128,218,E218Q,E,Q,p-,p~,0.1147,0.1674,1.0,0.3191,0.1927,0.1751,0.1751
4129,218,E218G,E,G,p-,np,0.1147,0.1674,1.0,0.3191,0.1927,-0.1295,-0.1295
4130,218,E218H,E,H,p-,p~,0.1147,0.1674,1.0,0.3191,0.1927,0.205,0.205
4131,218,E218I,E,I,p-,np,0.1147,0.1674,1.0,0.3191,0.1927,0.182,0.182
4132,218,E218L,E,L,p-,np,0.1147,0.1674,1.0,0.3191,0.1927,0.1625,0.1625
4133,218,E218K,E,K,p-,p+,0.1147,0.1674,1.0,0.3191,0.1927,0.1936,0.1936
4134,218,E218M,E,M,p-,np,0.1147,0.1674,1.0,0.3191,0.1927,0.2515,0.2515
4135,218,E218F,E,F,p-,np,0.1147,0.1674,1.0,0.3191,0.1927,0.0648,0.0648
4136,218,E218P,E,P,p-,np,0.1147,0.1674,1.0,0.3191,0.1927,0.1927,0.1927
4137,218,E218S,E,S,p-,p~,0.1147,0.1674,1.0,0.3191,0.1927,0.1109,0.1109
4138,218,E218T,E,T,p-,p~,0.1147,0.1674,1.0,0.3191,0.1927,0.1675,0.1675
4139,218,E218W,E,W,p-,np,0.1147,0.1674,1.0,0.3191,0.1927,0.2241,0.2241
4140,218,E218Y,E,Y,p-,p~,0.1147,0.1674,1.0,0.3191,0.1927,0.1596,0.1596
4141,218,E218V,E,V,p-,np,0.1147,0.1674,1.0,0.3191,0.1927,0.1619,0.1619
4142,219,G219A,G,A,np,np,0.1561,0.2111,0.1473,0.6493,0.5054,0.2374,0.2374
4143,219,G219R,G,R,np,p+,0.1561,0.2111,0.1473,0.6493,0.5054,0.3444,0.3444
4144,219,G219N,G,N,np,p~,0.1561,0.2111,0.1473,0.6493,0.5054,0.2306,0.2306
4145,219,G219D,G,D,np,p-,0.1561,0.2111,0.1473,0.6493,0.5054,0.2612,0.2612
4146,219,G219C,G,C,np,p~,0.1561,0.2111,0.1473,0.6493,0.5054,0.5625,0.5625
4147,219,G219Q,G,Q,np,p~,0.1561,0.2111,0.1473,0.6493,0.5054,0.297,0.297
4148,219,G219E,G,E,np,p-,0.1561,0.2111,0.1473,0.6493,0.5054,0.3081,0.3081
4149,219,G219H,G,H,np,p~,0.1561,0.2111,0.1473,0.6493,0.5054,0.3311,0.3311
4150,219,G219I,G,I,np,np,0.1561,0.2111,0.1473,0.6493,0.5054,0.2838,0.2838
4151,219,G219L,G,L,np,np,0.1561,0.2111,0.1473,0.6493,0.5054,0.2842,0.2842
4152,219,G219K,G,K,np,p+,0.1561,0.2111,0.1473,0.6493,0.5054,0.2981,0.2981
4153,219,G219M,G,M,np,np,0.1561,0.2111,0.1473,0.6493,0.5054,0.3705,0.3705
4154,219,G219F,G,F,np,np,0.1561,0.2111,0.1473,0.6493,0.5054,0.1675,0.1675
4155,219,G219P,G,P,np,np,0.1561,0.2111,0.1473,0.6493,0.5054,0.2423,0.2423
4156,219,G219S,G,S,np,p~,0.1561,0.2111,0.1473,0.6493,0.5054,0.2054,0.2054
4157,219,G219T,G,T,np,p~,0.1561,0.2111,0.1473,0.6493,0.5054,0.2222,0.2222
4158,219,G219W,G,W,np,np,0.1561,0.2111,0.1473,0.6493,0.5054,0.3173,0.3173
4159,219,G219Y,G,Y,np,p~,0.1561,0.2111,0.1473,0.6493,0.5054,0.2522,0.2522
4160,219,G219V,G,V,np,np,0.1561,0.2111,0.1473,0.6493,0.5054,0.2657,0.2657
4161,220,S220A,S,A,p~,np,0.1904,0.2393,0.2413,0.556,0.6039,0.2067,0.2067
4162,220,S220R,S,R,p~,p+,0.1904,0.2393,0.2413,0.556,0.6039,0.303,0.303
4163,220,S220N,S,N,p~,p~,0.1904,0.2393,0.2413,0.556,0.6039,0.1943,0.1943
4164,220,S220D,S,D,p~,p-,0.1904,0.2393,0.2413,0.556,0.6039,0.1823,0.1823
4165,220,S220C,S,C,p~,p~,0.1904,0.2393,0.2413,0.556,0.6039,0.5705,0.5705
4166,220,S220Q,S,Q,p~,p~,0.1904,0.2393,0.2413,0.556,0.6039,0.2563,0.2563
4167,220,S220E,S,E,p~,p-,0.1904,0.2393,0.2413,0.556,0.6039,0.2464,0.2464
4168,220,S220G,S,G,p~,np,0.1904,0.2393,0.2413,0.556,0.6039,0.1566,0.1566
4169,220,S220H,S,H,p~,p~,0.1904,0.2393,0.2413,0.556,0.6039,0.3149,0.3149
4170,220,S220I,S,I,p~,np,0.1904,0.2393,0.2413,0.556,0.6039,0.3047,0.3047
4171,220,S220L,S,L,p~,np,0.1904,0.2393,0.2413,0.556,0.6039,0.2713,0.2713
4172,220,S220K,S,K,p~,p+,0.1904,0.2393,0.2413,0.556,0.6039,0.251,0.251
4173,220,S220M,S,M,p~,np,0.1904,0.2393,0.2413,0.556,0.6039,0.3566,0.3566
4174,220,S220F,S,F,p~,np,0.1904,0.2393,0.2413,0.556,0.6039,0.3144,0.3144
4175,220,S220P,S,P,p~,np,0.1904,0.2393,0.2413,0.556,0.6039,0.2406,0.2406
4176,220,S220T,S,T,p~,p~,0.1904,0.2393,0.2413,0.556,0.6039,0.1961,0.1961
4177,220,S220W,S,W,p~,np,0.1904,0.2393,0.2413,0.556,0.6039,0.3737,0.3737
4178,220,S220Y,S,Y,p~,p~,0.1904,0.2393,0.2413,0.556,0.6039,0.3069,0.3069
4179,220,S220V,S,V,p~,np,0.1904,0.2393,0.2413,0.556,0.6039,0.2579,0.2579
4180,221,P221A,P,A,np,np,0.2512,0.2953,0.1473,0.6361,0.5437,0.203,0.203
4181,221,P221R,P,R,np,p+,0.2512,0.2953,0.1473,0.6361,0.5437,0.2927,0.2927
4182,221,P221N,P,N,np,p~,0.2512,0.2953,0.1473,0.6361,0.5437,0.2352,0.2352
4183,221,P221D,P,D,np,p-,0.2512,0.2953,0.1473,0.6361,0.5437,0.2329,0.2329
4184,221,P221C,P,C,np,p~,0.2512,0.2953,0.1473,0.6361,0.5437,0.6526,0.6526
4185,221,P221Q,P,Q,np,p~,0.2512,0.2953,0.1473,0.6361,0.5437,0.2453,0.2453
4186,221,P221E,P,E,np,p-,0.2512,0.2953,0.1473,0.6361,0.5437,0.2419,0.2419
4187,221,P221G,P,G,np,np,0.2512,0.2953,0.1473,0.6361,0.5437,0.2602,0.2602
4188,221,P221H,P,H,np,p~,0.2512,0.2953,0.1473,0.6361,0.5437,0.3489,0.3489
4189,221,P221I,P,I,np,np,0.2512,0.2953,0.1473,0.6361,0.5437,0.3057,0.3057
4190,221,P221L,P,L,np,np,0.2512,0.2953,0.1473,0.6361,0.5437,0.293,0.293
4191,221,P221K,P,K,np,p+,0.2512,0.2953,0.1473,0.6361,0.5437,0.2438,0.2438
4192,221,P221M,P,M,np,np,0.2512,0.2953,0.1473,0.6361,0.5437,0.3767,0.3767
4193,221,P221F,P,F,np,np,0.2512,0.2953,0.1473,0.6361,0.5437,0.3482,0.3482
4194,221,P221S,P,S,np,p~,0.2512,0.2953,0.1473,0.6361,0.5437,0.1898,0.1898
4195,221,P221T,P,T,np,p~,0.2512,0.2953,0.1473,0.6361,0.5437,0.1762,0.1762
4196,221,P221W,P,W,np,np,0.2512,0.2953,0.1473,0.6361,0.5437,0.4417,0.4417
4197,221,P221Y,P,Y,np,p~,0.2512,0.2953,0.1473,0.6361,0.5437,0.3694,0.3694
4198,221,P221V,P,V,np,np,0.2512,0.2953,0.1473,0.6361,0.5437,0.2486,0.2486
4199,222,G222A,G,A,np,np,0.266,0.3038,0.1989,0.4869,0.3779,0.2993,0.2993
4200,222,G222R,G,R,np,p+,0.266,0.3038,0.1989,0.4869,0.3779,0.3838,0.3838
4201,222,G222N,G,N,np,p~,0.266,0.3038,0.1989,0.4869,0.3779,0.2905,0.2905
4202,222,G222D,G,D,np,p-,0.266,0.3038,0.1989,0.4869,0.3779,0.2905,0.2905
4203,222,G222C,G,C,np,p~,0.266,0.3038,0.1989,0.4869,0.3779,0.6601,0.6601
4204,222,G222Q,G,Q,np,p~,0.266,0.3038,0.1989,0.4869,0.3779,0.3646,0.3646
4205,222,G222E,G,E,np,p-,0.266,0.3038,0.1989,0.4869,0.3779,0.3416,0.3416
4206,222,G222H,G,H,np,p~,0.266,0.3038,0.1989,0.4869,0.3779,0.3988,0.3988
4207,222,G222I,G,I,np,np,0.266,0.3038,0.1989,0.4869,0.3779,0.4548,0.4548
4208,222,G222L,G,L,np,np,0.266,0.3038,0.1989,0.4869,0.3779,0.3932,0.3932
4209,222,G222K,G,K,np,p+,0.266,0.3038,0.1989,0.4869,0.3779,0.3486,0.3486
4210,222,G222M,G,M,np,np,0.266,0.3038,0.1989,0.4869,0.3779,0.4874,0.4874
4211,222,G222F,G,F,np,np,0.266,0.3038,0.1989,0.4869,0.3779,0.4046,0.4046
4212,222,G222P,G,P,np,np,0.266,0.3038,0.1989,0.4869,0.3779,0.3392,0.3392
4213,222,G222S,G,S,np,p~,0.266,0.3038,0.1989,0.4869,0.3779,0.3118,0.3118
4214,222,G222T,G,T,np,p~,0.266,0.3038,0.1989,0.4869,0.3779,0.343,0.343
4215,222,G222W,G,W,np,np,0.266,0.3038,0.1989,0.4869,0.3779,0.4895,0.4895
4216,222,G222Y,G,Y,np,p~,0.266,0.3038,0.1989,0.4869,0.3779,0.3815,0.3815
4217,222,G222V,G,V,np,np,0.266,0.3038,0.1989,0.4869,0.3779,0.3934,0.3934
4218,223,G223A,G,A,np,np,0.3071,0.3334,0.101,0.8429,0.7535,0.4339,0.4339
4219,223,G223R,G,R,np,p+,0.3071,0.3334,0.101,0.8429,0.7535,0.578,0.578
4220,223,G223N,G,N,np,p~,0.3071,0.3334,0.101,0.8429,0.7535,0.4766,0.4766
4221,223,G223D,G,D,np,p-,0.3071,0.3334,0.101,0.8429,0.7535,0.5277,0.5277
4222,223,G223C,G,C,np,p~,0.3071,0.3334,0.101,0.8429,0.7535,0.6311,0.6311
4223,223,G223Q,G,Q,np,p~,0.3071,0.3334,0.101,0.8429,0.7535,0.5512,0.5512
4224,223,G223E,G,E,np,p-,0.3071,0.3334,0.101,0.8429,0.7535,0.5693,0.5693
4225,223,G223H,G,H,np,p~,0.3071,0.3334,0.101,0.8429,0.7535,0.5836,0.5836
4226,223,G223I,G,I,np,np,0.3071,0.3334,0.101,0.8429,0.7535,0.6372,0.6372
4227,223,G223L,G,L,np,np,0.3071,0.3334,0.101,0.8429,0.7535,0.5986,0.5986
4228,223,G223K,G,K,np,p+,0.3071,0.3334,0.101,0.8429,0.7535,0.5525,0.5525
4229,223,G223M,G,M,np,np,0.3071,0.3334,0.101,0.8429,0.7535,0.6186,0.6186
4230,223,G223F,G,F,np,np,0.3071,0.3334,0.101,0.8429,0.7535,0.6044,0.6044
4231,223,G223P,G,P,np,np,0.3071,0.3334,0.101,0.8429,0.7535,0.5576,0.5576
4232,223,G223S,G,S,np,p~,0.3071,0.3334,0.101,0.8429,0.7535,0.4022,0.4022
4233,223,G223T,G,T,np,p~,0.3071,0.3334,0.101,0.8429,0.7535,0.4749,0.4749
4234,223,G223W,G,W,np,np,0.3071,0.3334,0.101,0.8429,0.7535,0.6337,0.6337
4235,223,G223Y,G,Y,np,p~,0.3071,0.3334,0.101,0.8429,0.7535,0.5976,0.5976
4236,223,G223V,G,V,np,np,0.3071,0.3334,0.101,0.8429,0.7535,0.5776,0.5776
4237,224,I224A,I,A,np,np,0.2794,0.3082,0.5968,0.2817,0.2542,0.1341,0.1341
4238,224,I224R,I,R,np,p+,0.2794,0.3082,0.5968,0.2817,0.2542,0.0695,0.0695
4239,224,I224N,I,N,np,p~,0.2794,0.3082,0.5968,0.2817,0.2542,0.1641,0.1641
4240,224,I224D,I,D,np,p-,0.2794,0.3082,0.5968,0.2817,0.2542,0.2148,0.2148
4241,224,I224C,I,C,np,p~,0.2794,0.3082,0.5968,0.2817,0.2542,0.4381,0.4381
4242,224,I224Q,I,Q,np,p~,0.2794,0.3082,0.5968,0.2817,0.2542,0.0343,0.0343
4243,224,I224E,I,E,np,p-,0.2794,0.3082,0.5968,0.2817,0.2542,0.1118,0.1118
4244,224,I224G,I,G,np,np,0.2794,0.3082,0.5968,0.2817,0.2542,0.2085,0.2085
4245,224,I224H,I,H,np,p~,0.2794,0.3082,0.5968,0.2817,0.2542,0.1079,0.1079
4246,224,I224L,I,L,np,np,0.2794,0.3082,0.5968,0.2817,0.2542,0.0482,0.0482
4247,224,I224K,I,K,np,p+,0.2794,0.3082,0.5968,0.2817,0.2542,0.0299,0.0299
4248,224,I224M,I,M,np,np,0.2794,0.3082,0.5968,0.2817,0.2542,0.1558,0.1558
4249,224,I224F,I,F,np,np,0.2794,0.3082,0.5968,0.2817,0.2542,0.1121,0.1121
4250,224,I224P,I,P,np,np,0.2794,0.3082,0.5968,0.2817,0.2542,0.2871,0.2871
4251,224,I224S,I,S,np,p~,0.2794,0.3082,0.5968,0.2817,0.2542,0.149,0.149
4252,224,I224T,I,T,np,p~,0.2794,0.3082,0.5968,0.2817,0.2542,0.1407,0.1407
4253,224,I224W,I,W,np,np,0.2794,0.3082,0.5968,0.2817,0.2542,0.155,0.155
4254,224,I224Y,I,Y,np,p~,0.2794,0.3082,0.5968,0.2817,0.2542,0.0615,0.0615
4255,224,I224V,I,V,np,np,0.2794,0.3082,0.5968,0.2817,0.2542,0.1414,0.1414
4256,225,T225A,T,A,p~,np,0.2779,0.3112,0.0864,0.9063,0.8433,0.4736,0.4736
4257,225,T225R,T,R,p~,p+,0.2779,0.3112,0.0864,0.9063,0.8433,0.6503,0.6503
4258,225,T225N,T,N,p~,p~,0.2779,0.3112,0.0864,0.9063,0.8433,0.4985,0.4985
4259,225,T225D,T,D,p~,p-,0.2779,0.3112,0.0864,0.9063,0.8433,0.6279,0.6279
4260,225,T225C,T,C,p~,p~,0.2779,0.3112,0.0864,0.9063,0.8433,0.5506,0.5506
4261,225,T225Q,T,Q,p~,p~,0.2779,0.3112,0.0864,0.9063,0.8433,0.6601,0.6601
4262,225,T225E,T,E,p~,p-,0.2779,0.3112,0.0864,0.9063,0.8433,0.7015,0.7015
4263,225,T225G,T,G,p~,np,0.2779,0.3112,0.0864,0.9063,0.8433,0.5822,0.5822
4264,225,T225H,T,H,p~,p~,0.2779,0.3112,0.0864,0.9063,0.8433,0.7015,0.7015
4265,225,T225I,T,I,p~,np,0.2779,0.3112,0.0864,0.9063,0.8433,0.572,0.572
4266,225,T225L,T,L,p~,np,0.2779,0.3112,0.0864,0.9063,0.8433,0.6105,0.6105
4267,225,T225K,T,K,p~,p+,0.2779,0.3112,0.0864,0.9063,0.8433,0.6228,0.6228
4268,225,T225M,T,M,p~,np,0.2779,0.3112,0.0864,0.9063,0.8433,0.5562,0.5562
4269,225,T225F,T,F,p~,np,0.2779,0.3112,0.0864,0.9063,0.8433,0.6726,0.6726
4270,225,T225P,T,P,p~,np,0.2779,0.3112,0.0864,0.9063,0.8433,0.5441,0.5441
4271,225,T225S,T,S,p~,p~,0.2779,0.3112,0.0864,0.9063,0.8433,0.4152,0.4152
4272,225,T225W,T,W,p~,np,0.2779,0.3112,0.0864,0.9063,0.8433,0.7735,0.7735
4273,225,T225Y,T,Y,p~,p~,0.2779,0.3112,0.0864,0.9063,0.8433,0.7,0.7
4274,225,T225V,T,V,p~,np,0.2779,0.3112,0.0864,0.9063,0.8433,0.5318,0.5318
4275,226,L226A,L,A,np,np,0.29,0.3278,0.6122,0.4675,0.4334,0.3624,0.3624
4276,226,L226R,L,R,np,p+,0.29,0.3278,0.6122,0.4675,0.4334,0.2988,0.2988
4277,226,L226N,L,N,np,p~,0.29,0.3278,0.6122,0.4675,0.4334,0.386,0.386
4278,226,L226D,L,D,np,p-,0.29,0.3278,0.6122,0.4675,0.4334,0.4391,0.4391
4279,226,L226C,L,C,np,p~,0.29,0.3278,0.6122,0.4675,0.4334,0.639,0.639
4280,226,L226Q,L,Q,np,p~,0.29,0.3278,0.6122,0.4675,0.4334,0.214,0.214
4281,226,L226E,L,E,np,p-,0.29,0.3278,0.6122,0.4675,0.4334,0.3805,0.3805
4282,226,L226G,L,G,np,np,0.29,0.3278,0.6122,0.4675,0.4334,0.4945,0.4945
4283,226,L226H,L,H,np,p~,0.29,0.3278,0.6122,0.4675,0.4334,0.3388,0.3388
4284,226,L226I,L,I,np,np,0.29,0.3278,0.6122,0.4675,0.4334,0.2552,0.2552
4285,226,L226K,L,K,np,p+,0.29,0.3278,0.6122,0.4675,0.4334,0.301,0.301
4286,226,L226M,L,M,np,np,0.29,0.3278,0.6122,0.4675,0.4334,0.3203,0.3203
4287,226,L226F,L,F,np,np,0.29,0.3278,0.6122,0.4675,0.4334,0.3219,0.3219
4288,226,L226P,L,P,np,np,0.29,0.3278,0.6122,0.4675,0.4334,0.4902,0.4902
4289,226,L226S,L,S,np,p~,0.29,0.3278,0.6122,0.4675,0.4334,0.4054,0.4054
4290,226,L226T,L,T,np,p~,0.29,0.3278,0.6122,0.4675,0.4334,0.3461,0.3461
4291,226,L226W,L,W,np,np,0.29,0.3278,0.6122,0.4675,0.4334,0.3829,0.3829
4292,226,L226Y,L,Y,np,p~,0.29,0.3278,0.6122,0.4675,0.4334,0.3001,0.3001
4293,226,L226V,L,V,np,np,0.29,0.3278,0.6122,0.4675,0.4334,0.2714,0.2714
4294,227,T227A,T,A,p~,np,0.3314,0.3676,0.0964,0.8439,0.7893,0.3444,0.3444
4295,227,T227R,T,R,p~,p+,0.3314,0.3676,0.0964,0.8439,0.7893,0.7344,0.7344
4296,227,T227N,T,N,p~,p~,0.3314,0.3676,0.0964,0.8439,0.7893,0.4927,0.4927
4297,227,T227D,T,D,p~,p-,0.3314,0.3676,0.0964,0.8439,0.7893,0.6987,0.6987
4298,227,T227C,T,C,p~,p~,0.3314,0.3676,0.0964,0.8439,0.7893,0.5776,0.5776
4299,227,T227Q,T,Q,p~,p~,0.3314,0.3676,0.0964,0.8439,0.7893,0.6267,0.6267
4300,227,T227E,T,E,p~,p-,0.3314,0.3676,0.0964,0.8439,0.7893,0.7109,0.7109
4301,227,T227G,T,G,p~,np,0.3314,0.3676,0.0964,0.8439,0.7893,0.5549,0.5549
4302,227,T227H,T,H,p~,p~,0.3314,0.3676,0.0964,0.8439,0.7893,0.661,0.661
4303,227,T227I,T,I,p~,np,0.3314,0.3676,0.0964,0.8439,0.7893,0.4689,0.4689
4304,227,T227L,T,L,p~,np,0.3314,0.3676,0.0964,0.8439,0.7893,0.4786,0.4786
4305,227,T227K,T,K,p~,p+,0.3314,0.3676,0.0964,0.8439,0.7893,0.7222,0.7222
4306,227,T227M,T,M,p~,np,0.3314,0.3676,0.0964,0.8439,0.7893,0.515,0.515
4307,227,T227F,T,F,p~,np,0.3314,0.3676,0.0964,0.8439,0.7893,0.5884,0.5884
4308,227,T227P,T,P,p~,np,0.3314,0.3676,0.0964,0.8439,0.7893,0.5822,0.5822
4309,227,T227S,T,S,p~,p~,0.3314,0.3676,0.0964,0.8439,0.7893,0.3396,0.3396
4310,227,T227W,T,W,p~,np,0.3314,0.3676,0.0964,0.8439,0.7893,0.7686,0.7686
4311,227,T227Y,T,Y,p~,p~,0.3314,0.3676,0.0964,0.8439,0.7893,0.5997,0.5997
4312,227,T227V,T,V,p~,np,0.3314,0.3676,0.0964,0.8439,0.7893,0.3473,0.3473
4313,228,S228A,S,A,p~,np,0.3533,0.3904,0.1642,0.6135,0.5628,0.2049,0.2049
4314,228,S228R,S,R,p~,p+,0.3533,0.3904,0.1642,0.6135,0.5628,0.3893,0.3893
4315,228,S228N,S,N,p~,p~,0.3533,0.3904,0.1642,0.6135,0.5628,0.4241,0.4241
4316,228,S228D,S,D,p~,p-,0.3533,0.3904,0.1642,0.6135,0.5628,0.4757,0.4757
4317,228,S228C,S,C,p~,p~,0.3533,0.3904,0.1642,0.6135,0.5628,0.4842,0.4842
4318,228,S228Q,S,Q,p~,p~,0.3533,0.3904,0.1642,0.6135,0.5628,0.4598,0.4598
4319,228,S228E,S,E,p~,p-,0.3533,0.3904,0.1642,0.6135,0.5628,0.5345,0.5345
4320,228,S228G,S,G,p~,np,0.3533,0.3904,0.1642,0.6135,0.5628,0.3848,0.3848
4321,228,S228H,S,H,p~,p~,0.3533,0.3904,0.1642,0.6135,0.5628,0.5267,0.5267
4322,228,S228I,S,I,p~,np,0.3533,0.3904,0.1642,0.6135,0.5628,0.5271,0.5271
4323,228,S228L,S,L,p~,np,0.3533,0.3904,0.1642,0.6135,0.5628,0.5317,0.5317
4324,228,S228K,S,K,p~,p+,0.3533,0.3904,0.1642,0.6135,0.5628,0.4635,0.4635
4325,228,S228M,S,M,p~,np,0.3533,0.3904,0.1642,0.6135,0.5628,0.492,0.492
4326,228,S228F,S,F,p~,np,0.3533,0.3904,0.1642,0.6135,0.5628,0.5703,0.5703
4327,228,S228P,S,P,p~,np,0.3533,0.3904,0.1642,0.6135,0.5628,0.6272,0.6272
4328,228,S228T,S,T,p~,p~,0.3533,0.3904,0.1642,0.6135,0.5628,0.1298,0.1298
4329,228,S228W,S,W,p~,np,0.3533,0.3904,0.1642,0.6135,0.5628,0.6313,0.6313
4330,228,S228Y,S,Y,p~,p~,0.3533,0.3904,0.1642,0.6135,0.5628,0.5671,0.5671
4331,228,S228V,S,V,p~,np,0.3533,0.3904,0.1642,0.6135,0.5628,0.3793,0.3793
4332,229,S229A,S,A,p~,np,0.4036,0.4391,0.3624,0.4411,0.4721,0.2411,0.2411
4333,229,S229R,S,R,p~,p+,0.4036,0.4391,0.3624,0.4411,0.4721,0.2906,0.2906
4334,229,S229N,S,N,p~,p~,0.4036,0.4391,0.3624,0.4411,0.4721,0.3182,0.3182
4335,229,S229D,S,D,p~,p-,0.4036,0.4391,0.3624,0.4411,0.4721,0.3573,0.3573
4336,229,S229C,S,C,p~,p~,0.4036,0.4391,0.3624,0.4411,0.4721,0.5839,0.5839
4337,229,S229Q,S,Q,p~,p~,0.4036,0.4391,0.3624,0.4411,0.4721,0.2539,0.2539
4338,229,S229E,S,E,p~,p-,0.4036,0.4391,0.3624,0.4411,0.4721,0.2811,0.2811
4339,229,S229G,S,G,p~,np,0.4036,0.4391,0.3624,0.4411,0.4721,0.3966,0.3966
4340,229,S229H,S,H,p~,p~,0.4036,0.4391,0.3624,0.4411,0.4721,0.3763,0.3763
4341,229,S229I,S,I,p~,np,0.4036,0.4391,0.3624,0.4411,0.4721,0.1236,0.1236
4342,229,S229L,S,L,p~,np,0.4036,0.4391,0.3624,0.4411,0.4721,0.1156,0.1156
4343,229,S229K,S,K,p~,p+,0.4036,0.4391,0.3624,0.4411,0.4721,0.362,0.362
4344,229,S229M,S,M,p~,np,0.4036,0.4391,0.3624,0.4411,0.4721,0.2243,0.2243
4345,229,S229F,S,F,p~,np,0.4036,0.4391,0.3624,0.4411,0.4721,0.2177,0.2177
4346,229,S229P,S,P,p~,np,0.4036,0.4391,0.3624,0.4411,0.4721,0.5955,0.5955
4347,229,S229T,S,T,p~,p~,0.4036,0.4391,0.3624,0.4411,0.4721,0.1731,0.1731
4348,229,S229W,S,W,p~,np,0.4036,0.4391,0.3624,0.4411,0.4721,0.2855,0.2855
4349,229,S229Y,S,Y,p~,p~,0.4036,0.4391,0.3624,0.4411,0.4721,0.2932,0.2932
4350,229,S229V,S,V,p~,np,0.4036,0.4391,0.3624,0.4411,0.4721,0.1421,0.1421
4351,230,W230A,W,A,np,np,0.4338,0.4679,0.1357,0.6172,0.6845,0.6659,0.6659
4352,230,W230R,W,R,np,p+,0.4338,0.4679,0.1357,0.6172,0.6845,0.6215,0.6215
4353,230,W230N,W,N,np,p~,0.4338,0.4679,0.1357,0.6172,0.6845,0.7205,0.7205
4354,230,W230D,W,D,np,p-,0.4338,0.4679,0.1357,0.6172,0.6845,0.8156,0.8156
4355,230,W230C,W,C,np,p~,0.4338,0.4679,0.1357,0.6172,0.6845,0.5894,0.5894
4356,230,W230Q,W,Q,np,p~,0.4338,0.4679,0.1357,0.6172,0.6845,0.7283,0.7283
4357,230,W230E,W,E,np,p-,0.4338,0.4679,0.1357,0.6172,0.6845,0.8197,0.8197
4358,230,W230G,W,G,np,np,0.4338,0.4679,0.1357,0.6172,0.6845,0.7908,0.7908
4359,230,W230H,W,H,np,p~,0.4338,0.4679,0.1357,0.6172,0.6845,0.5311,0.5311
4360,230,W230I,W,I,np,np,0.4338,0.4679,0.1357,0.6172,0.6845,0.4815,0.4815
4361,230,W230L,W,L,np,np,0.4338,0.4679,0.1357,0.6172,0.6845,0.3783,0.3783
4362,230,W230K,W,K,np,p+,0.4338,0.4679,0.1357,0.6172,0.6845,0.7456,0.7456
4363,230,W230M,W,M,np,np,0.4338,0.4679,0.1357,0.6172,0.6845,0.4669,0.4669
4364,230,W230F,W,F,np,np,0.4338,0.4679,0.1357,0.6172,0.6845,0.2064,0.2064
4365,230,W230P,W,P,np,np,0.4338,0.4679,0.1357,0.6172,0.6845,0.8666,0.8666
4366,230,W230S,W,S,np,p~,0.4338,0.4679,0.1357,0.6172,0.6845,0.7029,0.7029
4367,230,W230T,W,T,np,p~,0.4338,0.4679,0.1357,0.6172,0.6845,0.6682,0.6682
4368,230,W230Y,W,Y,np,p~,0.4338,0.4679,0.1357,0.6172,0.6845,0.1584,0.1584
4369,230,W230V,W,V,np,np,0.4338,0.4679,0.1357,0.6172,0.6845,0.5079,0.5079
4370,231,D231A,D,A,p-,np,0.4932,0.525,0.1141,0.7812,0.6692,0.5242,0.5242
4371,231,D231R,D,R,p-,p+,0.4932,0.525,0.1141,0.7812,0.6692,0.5404,0.5404
4372,231,D231N,D,N,p-,p~,0.4932,0.525,0.1141,0.7812,0.6692,0.2248,0.2248
4373,231,D231C,D,C,p-,p~,0.4932,0.525,0.1141,0.7812,0.6692,0.6669,0.6669
4374,231,D231Q,D,Q,p-,p~,0.4932,0.525,0.1141,0.7812,0.6692,0.5023,0.5023
4375,231,D231E,D,E,p-,p-,0.4932,0.525,0.1141,0.7812,0.6692,0.4153,0.4153
4376,231,D231G,D,G,p-,np,0.4932,0.525,0.1141,0.7812,0.6692,0.6676,0.6676
4377,231,D231H,D,H,p-,p~,0.4932,0.525,0.1141,0.7812,0.6692,0.5236,0.5236
4378,231,D231I,D,I,p-,np,0.4932,0.525,0.1141,0.7812,0.6692,0.4384,0.4384
4379,231,D231L,D,L,p-,np,0.4932,0.525,0.1141,0.7812,0.6692,0.5282,0.5282
4380,231,D231K,D,K,p-,p+,0.4932,0.525,0.1141,0.7812,0.6692,0.5178,0.5178
4381,231,D231M,D,M,p-,np,0.4932,0.525,0.1141,0.7812,0.6692,0.5734,0.5734
4382,231,D231F,D,F,p-,np,0.4932,0.525,0.1141,0.7812,0.6692,0.5562,0.5562
4383,231,D231P,D,P,p-,np,0.4932,0.525,0.1141,0.7812,0.6692,0.8743,0.8743
4384,231,D231S,D,S,p-,p~,0.4932,0.525,0.1141,0.7812,0.6692,0.3993,0.3993
4385,231,D231T,D,T,p-,p~,0.4932,0.525,0.1141,0.7812,0.6692,0.3716,0.3716
4386,231,D231W,D,W,p-,np,0.4932,0.525,0.1141,0.7812,0.6692,0.5994,0.5994
4387,231,D231Y,D,Y,p-,p~,0.4932,0.525,0.1141,0.7812,0.6692,0.5013,0.5013
4388,231,D231V,D,V,p-,np,0.4932,0.525,0.1141,0.7812,0.6692,0.4177,0.4177
4389,232,P232A,P,A,np,np,0.5131,0.5418,0.2837,0.6996,0.5978,0.4087,0.4087
4390,232,P232R,P,R,np,p+,0.5131,0.5418,0.2837,0.6996,0.5978,0.5638,0.5638
4391,232,P232N,P,N,np,p~,0.5131,0.5418,0.2837,0.6996,0.5978,0.6244,0.6244
4392,232,P232D,P,D,np,p-,0.5131,0.5418,0.2837,0.6996,0.5978,0.6851,0.6851
4393,232,P232C,P,C,np,p~,0.5131,0.5418,0.2837,0.6996,0.5978,0.667,0.667
4394,232,P232Q,P,Q,np,p~,0.5131,0.5418,0.2837,0.6996,0.5978,0.5146,0.5146
4395,232,P232E,P,E,np,p-,0.5131,0.5418,0.2837,0.6996,0.5978,0.5907,0.5907
4396,232,P232G,P,G,np,np,0.5131,0.5418,0.2837,0.6996,0.5978,0.5731,0.5731
4397,232,P232H,P,H,np,p~,0.5131,0.5418,0.2837,0.6996,0.5978,0.6113,0.6113
4398,232,P232I,P,I,np,np,0.5131,0.5418,0.2837,0.6996,0.5978,0.4015,0.4015
4399,232,P232L,P,L,np,np,0.5131,0.5418,0.2837,0.6996,0.5978,0.3907,0.3907
4400,232,P232K,P,K,np,p+,0.5131,0.5418,0.2837,0.6996,0.5978,0.5817,0.5817
4401,232,P232M,P,M,np,np,0.5131,0.5418,0.2837,0.6996,0.5978,0.4851,0.4851
4402,232,P232F,P,F,np,np,0.5131,0.5418,0.2837,0.6996,0.5978,0.4551,0.4551
4403,232,P232S,P,S,np,p~,0.5131,0.5418,0.2837,0.6996,0.5978,0.4494,0.4494
4404,232,P232T,P,T,np,p~,0.5131,0.5418,0.2837,0.6996,0.5978,0.4288,0.4288
4405,232,P232W,P,W,np,np,0.5131,0.5418,0.2837,0.6996,0.5978,0.5695,0.5695
4406,232,P232Y,P,Y,np,p~,0.5131,0.5418,0.2837,0.6996,0.5978,0.4907,0.4907
4407,232,P232V,P,V,np,np,0.5131,0.5418,0.2837,0.6996,0.5978,0.3788,0.3788
4408,233,S233A,S,A,p~,np,0.5775,0.6051,0.6237,0.2879,0.2663,0.1475,0.1475
4409,233,S233R,S,R,p~,p+,0.5775,0.6051,0.6237,0.2879,0.2663,0.1768,0.1768
4410,233,S233N,S,N,p~,p~,0.5775,0.6051,0.6237,0.2879,0.2663,0.1965,0.1965
4411,233,S233D,S,D,p~,p-,0.5775,0.6051,0.6237,0.2879,0.2663,0.3024,0.3024
4412,233,S233C,S,C,p~,p~,0.5775,0.6051,0.6237,0.2879,0.2663,0.5127,0.5127
4413,233,S233Q,S,Q,p~,p~,0.5775,0.6051,0.6237,0.2879,0.2663,0.2503,0.2503
4414,233,S233E,S,E,p~,p-,0.5775,0.6051,0.6237,0.2879,0.2663,0.2861,0.2861
4415,233,S233G,S,G,p~,np,0.5775,0.6051,0.6237,0.2879,0.2663,0.2937,0.2937
4416,233,S233H,S,H,p~,p~,0.5775,0.6051,0.6237,0.2879,0.2663,0.3649,0.3649
4417,233,S233I,S,I,p~,np,0.5775,0.6051,0.6237,0.2879,0.2663,0.2557,0.2557
4418,233,S233L,S,L,p~,np,0.5775,0.6051,0.6237,0.2879,0.2663,0.249,0.249
4419,233,S233K,S,K,p~,p+,0.5775,0.6051,0.6237,0.2879,0.2663,0.1336,0.1336
4420,233,S233M,S,M,p~,np,0.5775,0.6051,0.6237,0.2879,0.2663,0.3445,0.3445
4421,233,S233F,S,F,p~,np,0.5775,0.6051,0.6237,0.2879,0.2663,0.3297,0.3297
4422,233,S233P,S,P,p~,np,0.5775,0.6051,0.6237,0.2879,0.2663,0.5978,0.5978
4423,233,S233T,S,T,p~,p~,0.5775,0.6051,0.6237,0.2879,0.2663,0.2091,0.2091
4424,233,S233W,S,W,p~,np,0.5775,0.6051,0.6237,0.2879,0.2663,0.3622,0.3622
4425,233,S233Y,S,Y,p~,p~,0.5775,0.6051,0.6237,0.2879,0.2663,0.2798,0.2798
4426,233,S233V,S,V,p~,np,0.5775,0.6051,0.6237,0.2879,0.2663,0.1883,0.1883
4427,234,T234A,T,A,p~,np,0.5808,0.6101,0.1241,0.6991,0.6996,0.4733,0.4733
4428,234,T234R,T,R,p~,p+,0.5808,0.6101,0.1241,0.6991,0.6996,0.4952,0.4952
4429,234,T234N,T,N,p~,p~,0.5808,0.6101,0.1241,0.6991,0.6996,0.4236,0.4236
4430,234,T234D,T,D,p~,p-,0.5808,0.6101,0.1241,0.6991,0.6996,0.5875,0.5875
4431,234,T234C,T,C,p~,p~,0.5808,0.6101,0.1241,0.6991,0.6996,0.688,0.688
4432,234,T234Q,T,Q,p~,p~,0.5808,0.6101,0.1241,0.6991,0.6996,0.5513,0.5513
4433,234,T234E,T,E,p~,p-,0.5808,0.6101,0.1241,0.6991,0.6996,0.6597,0.6597
4434,234,T234G,T,G,p~,np,0.5808,0.6101,0.1241,0.6991,0.6996,0.5868,0.5868
4435,234,T234H,T,H,p~,p~,0.5808,0.6101,0.1241,0.6991,0.6996,0.7157,0.7157
4436,234,T234I,T,I,p~,np,0.5808,0.6101,0.1241,0.6991,0.6996,0.5732,0.5732
4437,234,T234L,T,L,p~,np,0.5808,0.6101,0.1241,0.6991,0.6996,0.4939,0.4939
4438,234,T234K,T,K,p~,p+,0.5808,0.6101,0.1241,0.6991,0.6996,0.422,0.422
4439,234,T234M,T,M,p~,np,0.5808,0.6101,0.1241,0.6991,0.6996,0.6149,0.6149
4440,234,T234F,T,F,p~,np,0.5808,0.6101,0.1241,0.6991,0.6996,0.7001,0.7001
4441,234,T234P,T,P,p~,np,0.5808,0.6101,0.1241,0.6991,0.6996,0.7863,0.7863
4442,234,T234S,T,S,p~,p~,0.5808,0.6101,0.1241,0.6991,0.6996,0.3017,0.3017
4443,234,T234W,T,W,p~,np,0.5808,0.6101,0.1241,0.6991,0.6996,0.7774,0.7774
4444,234,T234Y,T,Y,p~,p~,0.5808,0.6101,0.1241,0.6991,0.6996,0.6922,0.6922
4445,234,T234V,T,V,p~,np,0.5808,0.6101,0.1241,0.6991,0.6996,0.5799,0.5799
4446,235,G235A,G,A,np,np,0.5275,0.5582,0.1334,0.6689,0.5306,0.4706,0.4706
4447,235,G235R,G,R,np,p+,0.5275,0.5582,0.1334,0.6689,0.5306,0.4419,0.4419
4448,235,G235N,G,N,np,p~,0.5275,0.5582,0.1334,0.6689,0.5306,0.2422,0.2422
4449,235,G235D,G,D,np,p-,0.5275,0.5582,0.1334,0.6689,0.5306,0.3921,0.3921
4450,235,G235C,G,C,np,p~,0.5275,0.5582,0.1334,0.6689,0.5306,0.6096,0.6096
4451,235,G235Q,G,Q,np,p~,0.5275,0.5582,0.1334,0.6689,0.5306,0.4018,0.4018
4452,235,G235E,G,E,np,p-,0.5275,0.5582,0.1334,0.6689,0.5306,0.486,0.486
4453,235,G235H,G,H,np,p~,0.5275,0.5582,0.1334,0.6689,0.5306,0.4968,0.4968
4454,235,G235I,G,I,np,np,0.5275,0.5582,0.1334,0.6689,0.5306,0.7248,0.7248
4455,235,G235L,G,L,np,np,0.5275,0.5582,0.1334,0.6689,0.5306,0.4976,0.4976
4456,235,G235K,G,K,np,p+,0.5275,0.5582,0.1334,0.6689,0.5306,0.4046,0.4046
4457,235,G235M,G,M,np,np,0.5275,0.5582,0.1334,0.6689,0.5306,0.5096,0.5096
4458,235,G235F,G,F,np,np,0.5275,0.5582,0.1334,0.6689,0.5306,0.578,0.578
4459,235,G235P,G,P,np,np,0.5275,0.5582,0.1334,0.6689,0.5306,0.7256,0.7256
4460,235,G235S,G,S,np,p~,0.5275,0.5582,0.1334,0.6689,0.5306,0.3928,0.3928
4461,235,G235T,G,T,np,p~,0.5275,0.5582,0.1334,0.6689,0.5306,0.5326,0.5326
4462,235,G235W,G,W,np,np,0.5275,0.5582,0.1334,0.6689,0.5306,0.5954,0.5954
4463,235,G235Y,G,Y,np,p~,0.5275,0.5582,0.1334,0.6689,0.5306,0.5766,0.5766
4464,235,G235V,G,V,np,np,0.5275,0.5582,0.1334,0.6689,0.5306,0.667,0.667
4465,236,I236A,I,A,np,np,0.5001,0.5323,0.6083,0.2284,0.233,0.1206,0.1206
4466,236,I236R,I,R,np,p+,0.5001,0.5323,0.6083,0.2284,0.233,0.2188,0.2188
4467,236,I236N,I,N,np,p~,0.5001,0.5323,0.6083,0.2284,0.233,0.1461,0.1461
4468,236,I236D,I,D,np,p-,0.5001,0.5323,0.6083,0.2284,0.233,0.2513,0.2513
4469,236,I236C,I,C,np,p~,0.5001,0.5323,0.6083,0.2284,0.233,0.5676,0.5676
4470,236,I236Q,I,Q,np,p~,0.5001,0.5323,0.6083,0.2284,0.233,0.1471,0.1471
4471,236,I236E,I,E,np,p-,0.5001,0.5323,0.6083,0.2284,0.233,0.1985,0.1985
4472,236,I236G,I,G,np,np,0.5001,0.5323,0.6083,0.2284,0.233,0.2897,0.2897
4473,236,I236H,I,H,np,p~,0.5001,0.5323,0.6083,0.2284,0.233,0.336,0.336
4474,236,I236L,I,L,np,np,0.5001,0.5323,0.6083,0.2284,0.233,0.2228,0.2228
4475,236,I236K,I,K,np,p+,0.5001,0.5323,0.6083,0.2284,0.233,0.1098,0.1098
4476,236,I236M,I,M,np,np,0.5001,0.5323,0.6083,0.2284,0.233,0.2938,0.2938
4477,236,I236F,I,F,np,np,0.5001,0.5323,0.6083,0.2284,0.233,0.3575,0.3575
4478,236,I236P,I,P,np,np,0.5001,0.5323,0.6083,0.2284,0.233,0.517,0.517
4479,236,I236S,I,S,np,p~,0.5001,0.5323,0.6083,0.2284,0.233,0.1698,0.1698
4480,236,I236T,I,T,np,p~,0.5001,0.5323,0.6083,0.2284,0.233,0.1174,0.1174
4481,236,I236W,I,W,np,np,0.5001,0.5323,0.6083,0.2284,0.233,0.4557,0.4557
4482,236,I236Y,I,Y,np,p~,0.5001,0.5323,0.6083,0.2284,0.233,0.3431,0.3431
4483,236,I236V,I,V,np,np,0.5001,0.5323,0.6083,0.2284,0.233,0.1092,0.1092
4484,237,V237A,V,A,np,np,0.4299,0.4646,0.1172,0.7474,0.9294,0.3012,0.3012
4485,237,V237R,V,R,np,p+,0.4299,0.4646,0.1172,0.7474,0.9294,0.3836,0.3836
4486,237,V237N,V,N,np,p~,0.4299,0.4646,0.1172,0.7474,0.9294,0.3717,0.3717
4487,237,V237D,V,D,np,p-,0.4299,0.4646,0.1172,0.7474,0.9294,0.4756,0.4756
4488,237,V237C,V,C,np,p~,0.4299,0.4646,0.1172,0.7474,0.9294,0.5332,0.5332
4489,237,V237Q,V,Q,np,p~,0.4299,0.4646,0.1172,0.7474,0.9294,0.3787,0.3787
4490,237,V237E,V,E,np,p-,0.4299,0.4646,0.1172,0.7474,0.9294,0.4651,0.4651
4491,237,V237G,V,G,np,np,0.4299,0.4646,0.1172,0.7474,0.9294,0.4723,0.4723
4492,237,V237H,V,H,np,p~,0.4299,0.4646,0.1172,0.7474,0.9294,0.349,0.349
4493,237,V237I,V,I,np,np,0.4299,0.4646,0.1172,0.7474,0.9294,0.2396,0.2396
4494,237,V237L,V,L,np,np,0.4299,0.4646,0.1172,0.7474,0.9294,0.2777,0.2777
4495,237,V237K,V,K,np,p+,0.4299,0.4646,0.1172,0.7474,0.9294,0.3361,0.3361
4496,237,V237M,V,M,np,np,0.4299,0.4646,0.1172,0.7474,0.9294,0.367,0.367
4497,237,V237F,V,F,np,np,0.4299,0.4646,0.1172,0.7474,0.9294,0.3859,0.3859
4498,237,V237P,V,P,np,np,0.4299,0.4646,0.1172,0.7474,0.9294,0.4222,0.4222
4499,237,V237S,V,S,np,p~,0.4299,0.4646,0.1172,0.7474,0.9294,0.3356,0.3356
4500,237,V237T,V,T,np,p~,0.4299,0.4646,0.1172,0.7474,0.9294,0.2825,0.2825
4501,237,V237W,V,W,np,np,0.4299,0.4646,0.1172,0.7474,0.9294,0.4581,0.4581
4502,237,V237Y,V,Y,np,p~,0.4299,0.4646,0.1172,0.7474,0.9294,0.3981,0.3981
4503,238,S238A,S,A,p~,np,0.4288,0.4636,0.2113,0.5449,0.6493,0.2883,0.2883
4504,238,S238R,S,R,p~,p+,0.4288,0.4636,0.2113,0.5449,0.6493,0.3136,0.3136
4505,238,S238N,S,N,p~,p~,0.4288,0.4636,0.2113,0.5449,0.6493,0.3113,0.3113
4506,238,S238D,S,D,p~,p-,0.4288,0.4636,0.2113,0.5449,0.6493,0.3588,0.3588
4507,238,S238C,S,C,p~,p~,0.4288,0.4636,0.2113,0.5449,0.6493,0.6176,0.6176
4508,238,S238Q,S,Q,p~,p~,0.4288,0.4636,0.2113,0.5449,0.6493,0.2741,0.2741
4509,238,S238E,S,E,p~,p-,0.4288,0.4636,0.2113,0.5449,0.6493,0.3123,0.3123
4510,238,S238G,S,G,p~,np,0.4288,0.4636,0.2113,0.5449,0.6493,0.3536,0.3536
4511,238,S238H,S,H,p~,p~,0.4288,0.4636,0.2113,0.5449,0.6493,0.4039,0.4039
4512,238,S238I,S,I,p~,np,0.4288,0.4636,0.2113,0.5449,0.6493,0.4003,0.4003
4513,238,S238L,S,L,p~,np,0.4288,0.4636,0.2113,0.5449,0.6493,0.4081,0.4081
4514,238,S238K,S,K,p~,p+,0.4288,0.4636,0.2113,0.5449,0.6493,0.25,0.25
4515,238,S238M,S,M,p~,np,0.4288,0.4636,0.2113,0.5449,0.6493,0.4752,0.4752
4516,238,S238F,S,F,p~,np,0.4288,0.4636,0.2113,0.5449,0.6493,0.4839,0.4839
4517,238,S238P,S,P,p~,np,0.4288,0.4636,0.2113,0.5449,0.6493,0.5755,0.5755
4518,238,S238T,S,T,p~,p~,0.4288,0.4636,0.2113,0.5449,0.6493,0.1652,0.1652
4519,238,S238W,S,W,p~,np,0.4288,0.4636,0.2113,0.5449,0.6493,0.5634,0.5634
4520,238,S238Y,S,Y,p~,p~,0.4288,0.4636,0.2113,0.5449,0.6493,0.4346,0.4346
4521,238,S238V,S,V,p~,np,0.4288,0.4636,0.2113,0.5449,0.6493,0.357,0.357
4522,239,D239A,D,A,p-,np,0.4127,0.4472,0.1935,0.4394,0.3618,0.1958,0.1958
4523,239,D239R,D,R,p-,p+,0.4127,0.4472,0.1935,0.4394,0.3618,0.2934,0.2934
4524,239,D239N,D,N,p-,p~,0.4127,0.4472,0.1935,0.4394,0.3618,0.1949,0.1949
4525,239,D239C,D,C,p-,p~,0.4127,0.4472,0.1935,0.4394,0.3618,0.6091,0.6091
4526,239,D239Q,D,Q,p-,p~,0.4127,0.4472,0.1935,0.4394,0.3618,0.0572,0.0572
4527,239,D239E,D,E,p-,p-,0.4127,0.4472,0.1935,0.4394,0.3618,0.0745,0.0745
4528,239,D239G,D,G,p-,np,0.4127,0.4472,0.1935,0.4394,0.3618,0.2717,0.2717
4529,239,D239H,D,H,p-,p~,0.4127,0.4472,0.1935,0.4394,0.3618,0.3423,0.3423
4530,239,D239I,D,I,p-,np,0.4127,0.4472,0.1935,0.4394,0.3618,0.4269,0.4269
4531,239,D239L,D,L,p-,np,0.4127,0.4472,0.1935,0.4394,0.3618,0.3635,0.3635
4532,239,D239K,D,K,p-,p+,0.4127,0.4472,0.1935,0.4394,0.3618,0.2085,0.2085
4533,239,D239M,D,M,p-,np,0.4127,0.4472,0.1935,0.4394,0.3618,0.3996,0.3996
4534,239,D239F,D,F,p-,np,0.4127,0.4472,0.1935,0.4394,0.3618,0.4531,0.4531
4535,239,D239P,D,P,p-,np,0.4127,0.4472,0.1935,0.4394,0.3618,0.2049,0.2049
4536,239,D239S,D,S,p-,p~,0.4127,0.4472,0.1935,0.4394,0.3618,0.1727,0.1727
4537,239,D239T,D,T,p-,p~,0.4127,0.4472,0.1935,0.4394,0.3618,0.2018,0.2018
4538,239,D239W,D,W,p-,np,0.4127,0.4472,0.1935,0.4394,0.3618,0.5021,0.5021
4539,239,D239Y,D,Y,p-,p~,0.4127,0.4472,0.1935,0.4394,0.3618,0.3694,0.3694
4540,239,D239V,D,V,p-,np,0.4127,0.4472,0.1935,0.4394,0.3618,0.3466,0.3466
4541,240,R240A,R,A,p+,np,0.3805,0.4141,0.148,0.6395,0.6203,0.4788,0.4788
4542,240,R240N,R,N,p+,p~,0.3805,0.4141,0.148,0.6395,0.6203,0.5313,0.5313
4543,240,R240D,R,D,p+,p-,0.3805,0.4141,0.148,0.6395,0.6203,0.6451,0.6451
4544,240,R240C,R,C,p+,p~,0.3805,0.4141,0.148,0.6395,0.6203,0.7356,0.7356
4545,240,R240Q,R,Q,p+,p~,0.3805,0.4141,0.148,0.6395,0.6203,0.4172,0.4172
4546,240,R240E,R,E,p+,p-,0.3805,0.4141,0.148,0.6395,0.6203,0.5532,0.5532
4547,240,R240G,R,G,p+,np,0.3805,0.4141,0.148,0.6395,0.6203,0.5379,0.5379
4548,240,R240H,R,H,p+,p~,0.3805,0.4141,0.148,0.6395,0.6203,0.4449,0.4449
4549,240,R240I,R,I,p+,np,0.3805,0.4141,0.148,0.6395,0.6203,0.5713,0.5713
4550,240,R240L,R,L,p+,np,0.3805,0.4141,0.148,0.6395,0.6203,0.4886,0.4886
4551,240,R240K,R,K,p+,p+,0.3805,0.4141,0.148,0.6395,0.6203,0.2634,0.2634
4552,240,R240M,R,M,p+,np,0.3805,0.4141,0.148,0.6395,0.6203,0.4795,0.4795
4553,240,R240F,R,F,p+,np,0.3805,0.4141,0.148,0.6395,0.6203,0.637,0.637
4554,240,R240P,R,P,p+,np,0.3805,0.4141,0.148,0.6395,0.6203,0.6535,0.6535
4555,240,R240S,R,S,p+,p~,0.3805,0.4141,0.148,0.6395,0.6203,0.5191,0.5191
4556,240,R240T,R,T,p+,p~,0.3805,0.4141,0.148,0.6395,0.6203,0.5299,0.5299
4557,240,R240W,R,W,p+,np,0.3805,0.4141,0.148,0.6395,0.6203,0.6918,0.6918
4558,240,R240Y,R,Y,p+,p~,0.3805,0.4141,0.148,0.6395,0.6203,0.6116,0.6116
4559,240,R240V,R,V,p+,np,0.3805,0.4141,0.148,0.6395,0.6203,0.5304,0.5304
4560,241,T241A,T,A,p~,np,0.3846,0.4138,0.643,0.2787,0.2807,0.1982,0.1982
4561,241,T241R,T,R,p~,p+,0.3846,0.4138,0.643,0.2787,0.2807,0.1899,0.1899
4562,241,T241N,T,N,p~,p~,0.3846,0.4138,0.643,0.2787,0.2807,0.1835,0.1835
4563,241,T241D,T,D,p~,p-,0.3846,0.4138,0.643,0.2787,0.2807,0.2586,0.2586
4564,241,T241C,T,C,p~,p~,0.3846,0.4138,0.643,0.2787,0.2807,0.616,0.616
4565,241,T241Q,T,Q,p~,p~,0.3846,0.4138,0.643,0.2787,0.2807,0.1697,0.1697
4566,241,T241E,T,E,p~,p-,0.3846,0.4138,0.643,0.2787,0.2807,0.2085,0.2085
4567,241,T241G,T,G,p~,np,0.3846,0.4138,0.643,0.2787,0.2807,0.3306,0.3306
4568,241,T241H,T,H,p~,p~,0.3846,0.4138,0.643,0.2787,0.2807,0.3081,0.3081
4569,241,T241I,T,I,p~,np,0.3846,0.4138,0.643,0.2787,0.2807,0.2203,0.2203
4570,241,T241L,T,L,p~,np,0.3846,0.4138,0.643,0.2787,0.2807,0.1891,0.1891
4571,241,T241K,T,K,p~,p+,0.3846,0.4138,0.643,0.2787,0.2807,0.1677,0.1677
4572,241,T241M,T,M,p~,np,0.3846,0.4138,0.643,0.2787,0.2807,0.279,0.279
4573,241,T241F,T,F,p~,np,0.3846,0.4138,0.643,0.2787,0.2807,0.3148,0.3148
4574,241,T241P,T,P,p~,np,0.3846,0.4138,0.643,0.2787,0.2807,0.2205,0.2205
4575,241,T241S,T,S,p~,p~,0.3846,0.4138,0.643,0.2787,0.2807,0.2366,0.2366
4576,241,T241W,T,W,p~,np,0.3846,0.4138,0.643,0.2787,0.2807,0.4108,0.4108
4577,241,T241Y,T,Y,p~,p~,0.3846,0.4138,0.643,0.2787,0.2807,0.2908,0.2908
4578,241,T241V,T,V,p~,np,0.3846,0.4138,0.643,0.2787,0.2807,0.181,0.181
4579,242,V242A,V,A,np,np,0.361,0.3886,0.0948,0.8282,0.9763,0.4146,0.4146
4580,242,V242R,V,R,np,p+,0.361,0.3886,0.0948,0.8282,0.9763,0.5896,0.5896
4581,242,V242N,V,N,np,p~,0.361,0.3886,0.0948,0.8282,0.9763,0.5563,0.5563
4582,242,V242D,V,D,np,p-,0.361,0.3886,0.0948,0.8282,0.9763,0.6379,0.6379
4583,242,V242C,V,C,np,p~,0.361,0.3886,0.0948,0.8282,0.9763,0.6474,0.6474
4584,242,V242Q,V,Q,np,p~,0.361,0.3886,0.0948,0.8282,0.9763,0.5663,0.5663
4585,242,V242E,V,E,np,p-,0.361,0.3886,0.0948,0.8282,0.9763,0.5782,0.5782
4586,242,V242G,V,G,np,np,0.361,0.3886,0.0948,0.8282,0.9763,0.6057,0.6057
4587,242,V242H,V,H,np,p~,0.361,0.3886,0.0948,0.8282,0.9763,0.6687,0.6687
4588,242,V242I,V,I,np,np,0.361,0.3886,0.0948,0.8282,0.9763,0.2991,0.2991
4589,242,V242L,V,L,np,np,0.361,0.3886,0.0948,0.8282,0.9763,0.4179,0.4179
4590,242,V242K,V,K,np,p+,0.361,0.3886,0.0948,0.8282,0.9763,0.5363,0.5363
4591,242,V242M,V,M,np,np,0.361,0.3886,0.0948,0.8282,0.9763,0.4922,0.4922
4592,242,V242F,V,F,np,np,0.361,0.3886,0.0948,0.8282,0.9763,0.5409,0.5409
4593,242,V242P,V,P,np,np,0.361,0.3886,0.0948,0.8282,0.9763,0.4678,0.4678
4594,242,V242S,V,S,np,p~,0.361,0.3886,0.0948,0.8282,0.9763,0.5605,0.5605
4595,242,V242T,V,T,np,p~,0.361,0.3886,0.0948,0.8282,0.9763,0.4521,0.4521
4596,242,V242W,V,W,np,np,0.361,0.3886,0.0948,0.8282,0.9763,0.7057,0.7057
4597,242,V242Y,V,Y,np,p~,0.361,0.3886,0.0948,0.8282,0.9763,0.599,0.599
4598,243,T243A,T,A,p~,np,0.4024,0.427,0.3608,0.4906,0.4966,0.2198,0.2198
4599,243,T243R,T,R,p~,p+,0.4024,0.427,0.3608,0.4906,0.4966,0.4166,0.4166
4600,243,T243N,T,N,p~,p~,0.4024,0.427,0.3608,0.4906,0.4966,0.3057,0.3057
4601,243,T243D,T,D,p~,p-,0.4024,0.427,0.3608,0.4906,0.4966,0.4072,0.4072
4602,243,T243C,T,C,p~,p~,0.4024,0.427,0.3608,0.4906,0.4966,0.6533,0.6533
4603,243,T243Q,T,Q,p~,p~,0.4024,0.427,0.3608,0.4906,0.4966,0.4125,0.4125
4604,243,T243E,T,E,p~,p-,0.4024,0.427,0.3608,0.4906,0.4966,0.4444,0.4444
4605,243,T243G,T,G,p~,np,0.4024,0.427,0.3608,0.4906,0.4966,0.3883,0.3883
4606,243,T243H,T,H,p~,p~,0.4024,0.427,0.3608,0.4906,0.4966,0.495,0.495
4607,243,T243I,T,I,p~,np,0.4024,0.427,0.3608,0.4906,0.4966,0.4574,0.4574
4608,243,T243L,T,L,p~,np,0.4024,0.427,0.3608,0.4906,0.4966,0.432,0.432
4609,243,T243K,T,K,p~,p+,0.4024,0.427,0.3608,0.4906,0.4966,0.3642,0.3642
4610,243,T243M,T,M,p~,np,0.4024,0.427,0.3608,0.4906,0.4966,0.4837,0.4837
4611,243,T243F,T,F,p~,np,0.4024,0.427,0.3608,0.4906,0.4966,0.535,0.535
4612,243,T243P,T,P,p~,np,0.4024,0.427,0.3608,0.4906,0.4966,0.3776,0.3776
4613,243,T243S,T,S,p~,p~,0.4024,0.427,0.3608,0.4906,0.4966,0.1446,0.1446
4614,243,T243W,T,W,p~,np,0.4024,0.427,0.3608,0.4906,0.4966,0.6269,0.6269
4615,243,T243Y,T,Y,p~,p~,0.4024,0.427,0.3608,0.4906,0.4966,0.5345,0.5345
4616,243,T243V,T,V,p~,np,0.4024,0.427,0.3608,0.4906,0.4966,0.4049,0.4049
4617,244,V244A,V,A,np,np,0.4343,0.4569,0.1773,0.5235,0.4324,0.1221,0.1221
4618,244,V244R,V,R,np,p+,0.4343,0.4569,0.1773,0.5235,0.4324,0.1805,0.1805
4619,244,V244N,V,N,np,p~,0.4343,0.4569,0.1773,0.5235,0.4324,0.0161,0.0161
4620,244,V244D,V,D,np,p-,0.4343,0.4569,0.1773,0.5235,0.4324,0.1105,0.1105
4621,244,V244C,V,C,np,p~,0.4343,0.4569,0.1773,0.5235,0.4324,0.5195,0.5195
4622,244,V244Q,V,Q,np,p~,0.4343,0.4569,0.1773,0.5235,0.4324,0.065,0.065
4623,244,V244E,V,E,np,p-,0.4343,0.4569,0.1773,0.5235,0.4324,0.0792,0.0792
4624,244,V244G,V,G,np,np,0.4343,0.4569,0.1773,0.5235,0.4324,0.1717,0.1717
4625,244,V244H,V,H,np,p~,0.4343,0.4569,0.1773,0.5235,0.4324,0.1828,0.1828
4626,244,V244I,V,I,np,np,0.4343,0.4569,0.1773,0.5235,0.4324,0.2568,0.2568
4627,244,V244L,V,L,np,np,0.4343,0.4569,0.1773,0.5235,0.4324,0.2102,0.2102
4628,244,V244K,V,K,np,p+,0.4343,0.4569,0.1773,0.5235,0.4324,0.1181,0.1181
4629,244,V244M,V,M,np,np,0.4343,0.4569,0.1773,0.5235,0.4324,0.2754,0.2754
4630,244,V244F,V,F,np,np,0.4343,0.4569,0.1773,0.5235,0.4324,0.2745,0.2745
4631,244,V244P,V,P,np,np,0.4343,0.4569,0.1773,0.5235,0.4324,0.3102,0.3102
4632,244,V244S,V,S,np,p~,0.4343,0.4569,0.1773,0.5235,0.4324,0.1067,0.1067
4633,244,V244T,V,T,np,p~,0.4343,0.4569,0.1773,0.5235,0.4324,0.1205,0.1205
4634,244,V244W,V,W,np,np,0.4343,0.4569,0.1773,0.5235,0.4324,0.3568,0.3568
4635,244,V244Y,V,Y,np,p~,0.4343,0.4569,0.1773,0.5235,0.4324,0.2272,0.2272
4636,245,T245A,T,A,p~,np,0.3748,0.3982,0.0864,0.8608,0.9219,0.4288,0.4288
4637,245,T245R,T,R,p~,p+,0.3748,0.3982,0.0864,0.8608,0.9219,0.6815,0.6815
4638,245,T245N,T,N,p~,p~,0.3748,0.3982,0.0864,0.8608,0.9219,0.5053,0.5053
4639,245,T245D,T,D,p~,p-,0.3748,0.3982,0.0864,0.8608,0.9219,0.5953,0.5953
4640,245,T245C,T,C,p~,p~,0.3748,0.3982,0.0864,0.8608,0.9219,0.6849,0.6849
4641,245,T245Q,T,Q,p~,p~,0.3748,0.3982,0.0864,0.8608,0.9219,0.5874,0.5874
4642,245,T245E,T,E,p~,p-,0.3748,0.3982,0.0864,0.8608,0.9219,0.5971,0.5971
4643,245,T245G,T,G,p~,np,0.3748,0.3982,0.0864,0.8608,0.9219,0.5809,0.5809
4644,245,T245H,T,H,p~,p~,0.3748,0.3982,0.0864,0.8608,0.9219,0.6395,0.6395
4645,245,T245I,T,I,p~,np,0.3748,0.3982,0.0864,0.8608,0.9219,0.5041,0.5041
4646,245,T245L,T,L,p~,np,0.3748,0.3982,0.0864,0.8608,0.9219,0.5234,0.5234
4647,245,T245K,T,K,p~,p+,0.3748,0.3982,0.0864,0.8608,0.9219,0.6263,0.6263
4648,245,T245M,T,M,p~,np,0.3748,0.3982,0.0864,0.8608,0.9219,0.5297,0.5297
4649,245,T245F,T,F,p~,np,0.3748,0.3982,0.0864,0.8608,0.9219,0.6369,0.6369
4650,245,T245P,T,P,p~,np,0.3748,0.3982,0.0864,0.8608,0.9219,0.5449,0.5449
4651,245,T245S,T,S,p~,p~,0.3748,0.3982,0.0864,0.8608,0.9219,0.4105,0.4105
4652,245,T245W,T,W,p~,np,0.3748,0.3982,0.0864,0.8608,0.9219,0.7466,0.7466
4653,245,T245Y,T,Y,p~,p~,0.3748,0.3982,0.0864,0.8608,0.9219,0.6553,0.6553
4654,245,T245V,T,V,p~,np,0.3748,0.3982,0.0864,0.8608,0.9219,0.4088,0.4088
4655,246,K246A,K,A,p+,np,0.3494,0.3684,0.5875,0.3221,0.1058,0.3274,0.3274
4656,246,K246R,K,R,p+,p+,0.3494,0.3684,0.5875,0.3221,0.1058,0.2645,0.2645
4657,246,K246N,K,N,p+,p~,0.3494,0.3684,0.5875,0.3221,0.1058,0.1951,0.1951
4658,246,K246D,K,D,p+,p-,0.3494,0.3684,0.5875,0.3221,0.1058,0.3105,0.3105
4659,246,K246C,K,C,p+,p~,0.3494,0.3684,0.5875,0.3221,0.1058,0.6403,0.6403
4660,246,K246Q,K,Q,p+,p~,0.3494,0.3684,0.5875,0.3221,0.1058,0.2395,0.2395
4661,246,K246E,K,E,p+,p-,0.3494,0.3684,0.5875,0.3221,0.1058,0.3112,0.3112
4662,246,K246G,K,G,p+,np,0.3494,0.3684,0.5875,0.3221,0.1058,0.166,0.166
4663,246,K246H,K,H,p+,p~,0.3494,0.3684,0.5875,0.3221,0.1058,0.2713,0.2713
4664,246,K246I,K,I,p+,np,0.3494,0.3684,0.5875,0.3221,0.1058,0.5035,0.5035
4665,246,K246L,K,L,p+,np,0.3494,0.3684,0.5875,0.3221,0.1058,0.3551,0.3551
4666,246,K246M,K,M,p+,np,0.3494,0.3684,0.5875,0.3221,0.1058,0.4071,0.4071
4667,246,K246F,K,F,p+,np,0.3494,0.3684,0.5875,0.3221,0.1058,0.4262,0.4262
4668,246,K246P,K,P,p+,np,0.3494,0.3684,0.5875,0.3221,0.1058,0.4335,0.4335
4669,246,K246S,K,S,p+,p~,0.3494,0.3684,0.5875,0.3221,0.1058,0.2834,0.2834
4670,246,K246T,K,T,p+,p~,0.3494,0.3684,0.5875,0.3221,0.1058,0.345,0.345
4671,246,K246W,K,W,p+,np,0.3494,0.3684,0.5875,0.3221,0.1058,0.5236,0.5236
4672,246,K246Y,K,Y,p+,p~,0.3494,0.3684,0.5875,0.3221,0.1058,0.4208,0.4208
4673,246,K246V,K,V,p+,np,0.3494,0.3684,0.5875,0.3221,0.1058,0.4577,0.4577
4674,247,H247A,H,A,p~,np,0.2656,0.2877,0.0802,0.9912,0.9853,0.6274,0.6274
4675,247,H247R,H,R,p~,p+,0.2656,0.2877,0.0802,0.9912,0.9853,0.6247,0.6247
4676,247,H247N,H,N,p~,p~,0.2656,0.2877,0.0802,0.9912,0.9853,0.4855,0.4855
4677,247,H247D,H,D,p~,p-,0.2656,0.2877,0.0802,0.9912,0.9853,0.5393,0.5393
4678,247,H247C,H,C,p~,p~,0.2656,0.2877,0.0802,0.9912,0.9853,0.7653,0.7653
4679,247,H247Q,H,Q,p~,p~,0.2656,0.2877,0.0802,0.9912,0.9853,0.4923,0.4923
4680,247,H247E,H,E,p~,p-,0.2656,0.2877,0.0802,0.9912,0.9853,0.621,0.621
4681,247,H247G,H,G,p~,np,0.2656,0.2877,0.0802,0.9912,0.9853,0.6539,0.6539
4682,247,H247I,H,I,p~,np,0.2656,0.2877,0.0802,0.9912,0.9853,0.6714,0.6714
4683,247,H247L,H,L,p~,np,0.2656,0.2877,0.0802,0.9912,0.9853,0.6241,0.6241
4684,247,H247K,H,K,p~,p+,0.2656,0.2877,0.0802,0.9912,0.9853,0.6874,0.6874
4685,247,H247M,H,M,p~,np,0.2656,0.2877,0.0802,0.9912,0.9853,0.6763,0.6763
4686,247,H247F,H,F,p~,np,0.2656,0.2877,0.0802,0.9912,0.9853,0.6475,0.6475
4687,247,H247P,H,P,p~,np,0.2656,0.2877,0.0802,0.9912,0.9853,0.7019,0.7019
4688,247,H247S,H,S,p~,p~,0.2656,0.2877,0.0802,0.9912,0.9853,0.6108,0.6108
4689,247,H247T,H,T,p~,p~,0.2656,0.2877,0.0802,0.9912,0.9853,0.6133,0.6133
4690,247,H247W,H,W,p~,np,0.2656,0.2877,0.0802,0.9912,0.9853,0.7131,0.7131
4691,247,H247Y,H,Y,p~,p~,0.2656,0.2877,0.0802,0.9912,0.9853,0.5575,0.5575
4692,247,H247V,H,V,p~,np,0.2656,0.2877,0.0802,0.9912,0.9853,0.6611,0.6611
4693,248,D248A,D,A,p-,np,0.2198,0.2492,0.0771,0.999,0.9983,0.5831,0.5831
4694,248,D248R,D,R,p-,p+,0.2198,0.2492,0.0771,0.999,0.9983,0.7025,0.7025
4695,248,D248N,D,N,p-,p~,0.2198,0.2492,0.0771,0.999,0.9983,0.4503,0.4503
4696,248,D248C,D,C,p-,p~,0.2198,0.2492,0.0771,0.999,0.9983,0.7212,0.7212
4697,248,D248Q,D,Q,p-,p~,0.2198,0.2492,0.0771,0.999,0.9983,0.5245,0.5245
4698,248,D248E,D,E,p-,p-,0.2198,0.2492,0.0771,0.999,0.9983,0.4262,0.4262
4699,248,D248G,D,G,p-,np,0.2198,0.2492,0.0771,0.999,0.9983,0.5562,0.5562
4700,248,D248H,D,H,p-,p~,0.2198,0.2492,0.0771,0.999,0.9983,0.6182,0.6182
4701,248,D248I,D,I,p-,np,0.2198,0.2492,0.0771,0.999,0.9983,0.7148,0.7148
4702,248,D248L,D,L,p-,np,0.2198,0.2492,0.0771,0.999,0.9983,0.7177,0.7177
4703,248,D248K,D,K,p-,p+,0.2198,0.2492,0.0771,0.999,0.9983,0.658,0.658
4704,248,D248M,D,M,p-,np,0.2198,0.2492,0.0771,0.999,0.9983,0.7473,0.7473
4705,248,D248F,D,F,p-,np,0.2198,0.2492,0.0771,0.999,0.9983,0.7897,0.7897
4706,248,D248P,D,P,p-,np,0.2198,0.2492,0.0771,0.999,0.9983,0.7064,0.7064
4707,248,D248S,D,S,p-,p~,0.2198,0.2492,0.0771,0.999,0.9983,0.5859,0.5859
4708,248,D248T,D,T,p-,p~,0.2198,0.2492,0.0771,0.999,0.9983,0.6213,0.6213
4709,248,D248W,D,W,p-,np,0.2198,0.2492,0.0771,0.999,0.9983,0.8006,0.8006
4710,248,D248Y,D,Y,p-,p~,0.2198,0.2492,0.0771,0.999,0.9983,0.6984,0.6984
4711,248,D248V,D,V,p-,np,0.2198,0.2492,0.0771,0.999,0.9983,0.605,0.605
4712,249,M249A,M,A,np,np,0.2124,0.2453,0.0848,0.9854,0.987,0.6117,0.6117
4713,249,M249R,M,R,np,p+,0.2124,0.2453,0.0848,0.9854,0.987,0.7382,0.7382
4714,249,M249N,M,N,np,p~,0.2124,0.2453,0.0848,0.9854,0.987,0.6618,0.6618
4715,249,M249D,M,D,np,p-,0.2124,0.2453,0.0848,0.9854,0.987,0.7529,0.7529
4716,249,M249C,M,C,np,p~,0.2124,0.2453,0.0848,0.9854,0.987,0.6531,0.6531
4717,249,M249Q,M,Q,np,p~,0.2124,0.2453,0.0848,0.9854,0.987,0.5766,0.5766
4718,249,M249E,M,E,np,p-,0.2124,0.2453,0.0848,0.9854,0.987,0.6682,0.6682
4719,249,M249G,M,G,np,np,0.2124,0.2453,0.0848,0.9854,0.987,0.7073,0.7073
4720,249,M249H,M,H,np,p~,0.2124,0.2453,0.0848,0.9854,0.987,0.697,0.697
4721,249,M249I,M,I,np,np,0.2124,0.2453,0.0848,0.9854,0.987,0.4295,0.4295
4722,249,M249L,M,L,np,np,0.2124,0.2453,0.0848,0.9854,0.987,0.3842,0.3842
4723,249,M249K,M,K,np,p+,0.2124,0.2453,0.0848,0.9854,0.987,0.7038,0.7038
4724,249,M249F,M,F,np,np,0.2124,0.2453,0.0848,0.9854,0.987,0.524,0.524
4725,249,M249P,M,P,np,np,0.2124,0.2453,0.0848,0.9854,0.987,0.6789,0.6789
4726,249,M249S,M,S,np,p~,0.2124,0.2453,0.0848,0.9854,0.987,0.5794,0.5794
4727,249,M249T,M,T,np,p~,0.2124,0.2453,0.0848,0.9854,0.987,0.5387,0.5387
4728,249,M249W,M,W,np,np,0.2124,0.2453,0.0848,0.9854,0.987,0.7458,0.7458
4729,249,M249Y,M,Y,np,p~,0.2124,0.2453,0.0848,0.9854,0.987,0.6987,0.6987
4730,249,M249V,M,V,np,np,0.2124,0.2453,0.0848,0.9854,0.987,0.5345,0.5345
4731,250,F250A,F,A,np,np,0.0873,0.1295,0.0771,0.999,0.9983,0.6863,0.6863
4732,250,F250R,F,R,np,p+,0.0873,0.1295,0.0771,0.999,0.9983,0.7709,0.7709
4733,250,F250N,F,N,np,p~,0.0873,0.1295,0.0771,0.999,0.9983,0.7012,0.7012
4734,250,F250D,F,D,np,p-,0.0873,0.1295,0.0771,0.999,0.9983,0.7203,0.7203
4735,250,F250C,F,C,np,p~,0.0873,0.1295,0.0771,0.999,0.9983,0.6314,0.6314
4736,250,F250Q,F,Q,np,p~,0.0873,0.1295,0.0771,0.999,0.9983,0.7693,0.7693
4737,250,F250E,F,E,np,p-,0.0873,0.1295,0.0771,0.999,0.9983,0.8045,0.8045
4738,250,F250G,F,G,np,np,0.0873,0.1295,0.0771,0.999,0.9983,0.7258,0.7258
4739,250,F250H,F,H,np,p~,0.0873,0.1295,0.0771,0.999,0.9983,0.6528,0.6528
4740,250,F250I,F,I,np,np,0.0873,0.1295,0.0771,0.999,0.9983,0.6893,0.6893
4741,250,F250L,F,L,np,np,0.0873,0.1295,0.0771,0.999,0.9983,0.563,0.563
4742,250,F250K,F,K,np,p+,0.0873,0.1295,0.0771,0.999,0.9983,0.8377,0.8377
4743,250,F250M,F,M,np,np,0.0873,0.1295,0.0771,0.999,0.9983,0.6549,0.6549
4744,250,F250P,F,P,np,np,0.0873,0.1295,0.0771,0.999,0.9983,0.7472,0.7472
4745,250,F250S,F,S,np,p~,0.0873,0.1295,0.0771,0.999,0.9983,0.6013,0.6013
4746,250,F250T,F,T,np,p~,0.0873,0.1295,0.0771,0.999,0.9983,0.7128,0.7128
4747,250,F250W,F,W,np,np,0.0873,0.1295,0.0771,0.999,0.9983,0.5735,0.5735
4748,250,F250Y,F,Y,np,p~,0.0873,0.1295,0.0771,0.999,0.9983,0.4406,0.4406
4749,250,F250V,F,V,np,np,0.0873,0.1295,0.0771,0.999,0.9983,0.6931,0.6931
4750,251,C251A,C,A,p~,np,0.0939,0.1245,0.0771,0.998,0.9967,0.6082,0.6082
4751,251,C251R,C,R,p~,p+,0.0939,0.1245,0.0771,0.998,0.9967,0.5901,0.5901
4752,251,C251N,C,N,p~,p~,0.0939,0.1245,0.0771,0.998,0.9967,0.6752,0.6752
4753,251,C251D,C,D,p~,p-,0.0939,0.1245,0.0771,0.998,0.9967,0.6606,0.6606
4754,251,C251Q,C,Q,p~,p~,0.0939,0.1245,0.0771,0.998,0.9967,0.7018,0.7018
4755,251,C251E,C,E,p~,p-,0.0939,0.1245,0.0771,0.998,0.9967,0.7094,0.7094
4756,251,C251G,C,G,p~,np,0.0939,0.1245,0.0771,0.998,0.9967,0.6055,0.6055
4757,251,C251H,C,H,p~,p~,0.0939,0.1245,0.0771,0.998,0.9967,0.6205,0.6205
4758,251,C251I,C,I,p~,np,0.0939,0.1245,0.0771,0.998,0.9967,0.7994,0.7994
4759,251,C251L,C,L,p~,np,0.0939,0.1245,0.0771,0.998,0.9967,0.7263,0.7263
4760,251,C251K,C,K,p~,p+,0.0939,0.1245,0.0771,0.998,0.9967,0.7847,0.7847
4761,251,C251M,C,M,p~,np,0.0939,0.1245,0.0771,0.998,0.9967,0.8194,0.8194
4762,251,C251F,C,F,p~,np,0.0939,0.1245,0.0771,0.998,0.9967,0.5799,0.5799
4763,251,C251P,C,P,p~,np,0.0939,0.1245,0.0771,0.998,0.9967,0.8271,0.8271
4764,251,C251S,C,S,p~,p~,0.0939,0.1245,0.0771,0.998,0.9967,0.5316,0.5316
4765,251,C251T,C,T,p~,p~,0.0939,0.1245,0.0771,0.998,0.9967,0.7359,0.7359
4766,251,C251W,C,W,p~,np,0.0939,0.1245,0.0771,0.998,0.9967,0.584,0.584
4767,251,C251Y,C,Y,p~,p~,0.0939,0.1245,0.0771,0.998,0.9967,0.4909,0.4909
4768,251,C251V,C,V,p~,np,0.0939,0.1245,0.0771,0.998,0.9967,0.7046,0.7046
4769,252,P252A,P,A,np,np,0.1877,0.214,0.0894,0.9138,0.8662,0.4814,0.4814
4770,252,P252R,P,R,np,p+,0.1877,0.214,0.0894,0.9138,0.8662,0.8379,0.8379
4771,252,P252N,P,N,np,p~,0.1877,0.214,0.0894,0.9138,0.8662,0.5435,0.5435
4772,252,P252D,P,D,np,p-,0.1877,0.214,0.0894,0.9138,0.8662,0.7087,0.7087
4773,252,P252C,P,C,np,p~,0.1877,0.214,0.0894,0.9138,0.8662,0.6291,0.6291
4774,252,P252Q,P,Q,np,p~,0.1877,0.214,0.0894,0.9138,0.8662,0.578,0.578
4775,252,P252E,P,E,np,p-,0.1877,0.214,0.0894,0.9138,0.8662,0.6975,0.6975
4776,252,P252G,P,G,np,np,0.1877,0.214,0.0894,0.9138,0.8662,0.5324,0.5324
4777,252,P252H,P,H,np,p~,0.1877,0.214,0.0894,0.9138,0.8662,0.6866,0.6866
4778,252,P252I,P,I,np,np,0.1877,0.214,0.0894,0.9138,0.8662,0.695,0.695
4779,252,P252L,P,L,np,np,0.1877,0.214,0.0894,0.9138,0.8662,0.6429,0.6429
4780,252,P252K,P,K,np,p+,0.1877,0.214,0.0894,0.9138,0.8662,0.8396,0.8396
4781,252,P252M,P,M,np,np,0.1877,0.214,0.0894,0.9138,0.8662,0.6876,0.6876
4782,252,P252F,P,F,np,np,0.1877,0.214,0.0894,0.9138,0.8662,0.7649,0.7649
4783,252,P252S,P,S,np,p~,0.1877,0.214,0.0894,0.9138,0.8662,0.5003,0.5003
4784,252,P252T,P,T,np,p~,0.1877,0.214,0.0894,0.9138,0.8662,0.5441,0.5441
4785,252,P252W,P,W,np,np,0.1877,0.214,0.0894,0.9138,0.8662,0.8679,0.8679
4786,252,P252Y,P,Y,np,p~,0.1877,0.214,0.0894,0.9138,0.8662,0.8121,0.8121
4787,252,P252V,P,V,np,np,0.1877,0.214,0.0894,0.9138,0.8662,0.6578,0.6578
4788,253,G253A,G,A,np,np,0.2469,0.2651,0.081,0.9922,0.987,0.4993,0.4993
4789,253,G253R,G,R,np,p+,0.2469,0.2651,0.081,0.9922,0.987,0.7969,0.7969
4790,253,G253N,G,N,np,p~,0.2469,0.2651,0.081,0.9922,0.987,0.6687,0.6687
4791,253,G253D,G,D,np,p-,0.2469,0.2651,0.081,0.9922,0.987,0.6617,0.6617
4792,253,G253C,G,C,np,p~,0.2469,0.2651,0.081,0.9922,0.987,0.6461,0.6461
4793,253,G253Q,G,Q,np,p~,0.2469,0.2651,0.081,0.9922,0.987,0.7365,0.7365
4794,253,G253E,G,E,np,p-,0.2469,0.2651,0.081,0.9922,0.987,0.6902,0.6902
4795,253,G253H,G,H,np,p~,0.2469,0.2651,0.081,0.9922,0.987,0.8145,0.8145
4796,253,G253I,G,I,np,np,0.2469,0.2651,0.081,0.9922,0.987,0.8328,0.8328
4797,253,G253L,G,L,np,np,0.2469,0.2651,0.081,0.9922,0.987,0.7955,0.7955
4798,253,G253K,G,K,np,p+,0.2469,0.2651,0.081,0.9922,0.987,0.8516,0.8516
4799,253,G253M,G,M,np,np,0.2469,0.2651,0.081,0.9922,0.987,0.7667,0.7667
4800,253,G253F,G,F,np,np,0.2469,0.2651,0.081,0.9922,0.987,0.8365,0.8365
4801,253,G253P,G,P,np,np,0.2469,0.2651,0.081,0.9922,0.987,0.7598,0.7598
4802,253,G253S,G,S,np,p~,0.2469,0.2651,0.081,0.9922,0.987,0.546,0.546
4803,253,G253T,G,T,np,p~,0.2469,0.2651,0.081,0.9922,0.987,0.6954,0.6954
4804,253,G253W,G,W,np,np,0.2469,0.2651,0.081,0.9922,0.987,0.8538,0.8538
4805,253,G253Y,G,Y,np,p~,0.2469,0.2651,0.081,0.9922,0.987,0.8384,0.8384
4806,253,G253V,G,V,np,np,0.2469,0.2651,0.081,0.9922,0.987,0.7086,0.7086
4807,254,I254A,I,A,np,np,0.2641,0.2931,0.1372,0.7381,0.7722,0.453,0.453
4808,254,I254R,I,R,np,p+,0.2641,0.2931,0.1372,0.7381,0.7722,0.6535,0.6535
4809,254,I254N,I,N,np,p~,0.2641,0.2931,0.1372,0.7381,0.7722,0.4584,0.4584
4810,254,I254D,I,D,np,p-,0.2641,0.2931,0.1372,0.7381,0.7722,0.6029,0.6029
4811,254,I254C,I,C,np,p~,0.2641,0.2931,0.1372,0.7381,0.7722,0.5017,0.5017
4812,254,I254Q,I,Q,np,p~,0.2641,0.2931,0.1372,0.7381,0.7722,0.4858,0.4858
4813,254,I254E,I,E,np,p-,0.2641,0.2931,0.1372,0.7381,0.7722,0.5539,0.5539
4814,254,I254G,I,G,np,np,0.2641,0.2931,0.1372,0.7381,0.7722,0.5944,0.5944
4815,254,I254H,I,H,np,p~,0.2641,0.2931,0.1372,0.7381,0.7722,0.6048,0.6048
4816,254,I254L,I,L,np,np,0.2641,0.2931,0.1372,0.7381,0.7722,0.3385,0.3385
4817,254,I254K,I,K,np,p+,0.2641,0.2931,0.1372,0.7381,0.7722,0.6168,0.6168
4818,254,I254M,I,M,np,np,0.2641,0.2931,0.1372,0.7381,0.7722,0.2304,0.2304
4819,254,I254F,I,F,np,np,0.2641,0.2931,0.1372,0.7381,0.7722,0.4736,0.4736
4820,254,I254P,I,P,np,np,0.2641,0.2931,0.1372,0.7381,0.7722,0.6272,0.6272
4821,254,I254S,I,S,np,p~,0.2641,0.2931,0.1372,0.7381,0.7722,0.4261,0.4261
4822,254,I254T,I,T,np,p~,0.2641,0.2931,0.1372,0.7381,0.7722,0.2171,0.2171
4823,254,I254W,I,W,np,np,0.2641,0.2931,0.1372,0.7381,0.7722,0.6187,0.6187
4824,254,I254Y,I,Y,np,p~,0.2641,0.2931,0.1372,0.7381,0.7722,0.5533,0.5533
4825,254,I254V,I,V,np,np,0.2641,0.2931,0.1372,0.7381,0.7722,0.3672,0.3672
4826,255,S255A,S,A,p~,np,0.3514,0.3701,0.1133,0.7672,0.7171,0.3637,0.3637
4827,255,S255R,S,R,p~,p+,0.3514,0.3701,0.1133,0.7672,0.7171,0.7478,0.7478
4828,255,S255N,S,N,p~,p~,0.3514,0.3701,0.1133,0.7672,0.7171,0.4147,0.4147
4829,255,S255D,S,D,p~,p-,0.3514,0.3701,0.1133,0.7672,0.7171,0.5675,0.5675
4830,255,S255C,S,C,p~,p~,0.3514,0.3701,0.1133,0.7672,0.7171,0.4593,0.4593
4831,255,S255Q,S,Q,p~,p~,0.3514,0.3701,0.1133,0.7672,0.7171,0.5575,0.5575
4832,255,S255E,S,E,p~,p-,0.3514,0.3701,0.1133,0.7672,0.7171,0.624,0.624
4833,255,S255G,S,G,p~,np,0.3514,0.3701,0.1133,0.7672,0.7171,0.5229,0.5229
4834,255,S255H,S,H,p~,p~,0.3514,0.3701,0.1133,0.7672,0.7171,0.6503,0.6503
4835,255,S255I,S,I,p~,np,0.3514,0.3701,0.1133,0.7672,0.7171,0.6165,0.6165
4836,255,S255L,S,L,p~,np,0.3514,0.3701,0.1133,0.7672,0.7171,0.6494,0.6494
4837,255,S255K,S,K,p~,p+,0.3514,0.3701,0.1133,0.7672,0.7171,0.7417,0.7417
4838,255,S255M,S,M,p~,np,0.3514,0.3701,0.1133,0.7672,0.7171,0.6101,0.6101
4839,255,S255F,S,F,p~,np,0.3514,0.3701,0.1133,0.7672,0.7171,0.7423,0.7423
4840,255,S255P,S,P,p~,np,0.3514,0.3701,0.1133,0.7672,0.7171,0.6993,0.6993
4841,255,S255T,S,T,p~,p~,0.3514,0.3701,0.1133,0.7672,0.7171,0.403,0.403
4842,255,S255W,S,W,p~,np,0.3514,0.3701,0.1133,0.7672,0.7171,0.8235,0.8235
4843,255,S255Y,S,Y,p~,p~,0.3514,0.3701,0.1133,0.7672,0.7171,0.7678,0.7678
4844,255,S255V,S,V,p~,np,0.3514,0.3701,0.1133,0.7672,0.7171,0.5243,0.5243
4845,256,M256A,M,A,np,np,0.4128,0.4305,0.2406,0.5086,0.7839,0.3555,0.3555
4846,256,M256R,M,R,np,p+,0.4128,0.4305,0.2406,0.5086,0.7839,0.4409,0.4409
4847,256,M256N,M,N,np,p~,0.4128,0.4305,0.2406,0.5086,0.7839,0.2954,0.2954
4848,256,M256D,M,D,np,p-,0.4128,0.4305,0.2406,0.5086,0.7839,0.4974,0.4974
4849,256,M256C,M,C,np,p~,0.4128,0.4305,0.2406,0.5086,0.7839,0.5684,0.5684
4850,256,M256Q,M,Q,np,p~,0.4128,0.4305,0.2406,0.5086,0.7839,0.3132,0.3132
4851,256,M256E,M,E,np,p-,0.4128,0.4305,0.2406,0.5086,0.7839,0.4647,0.4647
4852,256,M256G,M,G,np,np,0.4128,0.4305,0.2406,0.5086,0.7839,0.4605,0.4605
4853,256,M256H,M,H,np,p~,0.4128,0.4305,0.2406,0.5086,0.7839,0.3954,0.3954
4854,256,M256I,M,I,np,np,0.4128,0.4305,0.2406,0.5086,0.7839,0.2693,0.2693
4855,256,M256L,M,L,np,np,0.4128,0.4305,0.2406,0.5086,0.7839,0.2858,0.2858
4856,256,M256K,M,K,np,p+,0.4128,0.4305,0.2406,0.5086,0.7839,0.4255,0.4255
4857,256,M256F,M,F,np,np,0.4128,0.4305,0.2406,0.5086,0.7839,0.4512,0.4512
4858,256,M256P,M,P,np,np,0.4128,0.4305,0.2406,0.5086,0.7839,0.52,0.52
4859,256,M256S,M,S,np,p~,0.4128,0.4305,0.2406,0.5086,0.7839,0.3319,0.3319
4860,256,M256T,M,T,np,p~,0.4128,0.4305,0.2406,0.5086,0.7839,0.248,0.248
4861,256,M256W,M,W,np,np,0.4128,0.4305,0.2406,0.5086,0.7839,0.5849,0.5849
4862,256,M256Y,M,Y,np,p~,0.4128,0.4305,0.2406,0.5086,0.7839,0.5296,0.5296
4863,256,M256V,M,V,np,np,0.4128,0.4305,0.2406,0.5086,0.7839,0.3043,0.3043
4864,257,D257A,D,A,p-,np,0.4635,0.4791,0.2922,0.7599,0.6241,0.3639,0.3639
4865,257,D257R,D,R,p-,p+,0.4635,0.4791,0.2922,0.7599,0.6241,0.4986,0.4986
4866,257,D257N,D,N,p-,p~,0.4635,0.4791,0.2922,0.7599,0.6241,0.2072,0.2072
4867,257,D257C,D,C,p-,p~,0.4635,0.4791,0.2922,0.7599,0.6241,0.6009,0.6009
4868,257,D257Q,D,Q,p-,p~,0.4635,0.4791,0.2922,0.7599,0.6241,0.4315,0.4315
4869,257,D257E,D,E,p-,p-,0.4635,0.4791,0.2922,0.7599,0.6241,0.4168,0.4168
4870,257,D257G,D,G,p-,np,0.4635,0.4791,0.2922,0.7599,0.6241,0.4062,0.4062
4871,257,D257H,D,H,p-,p~,0.4635,0.4791,0.2922,0.7599,0.6241,0.4701,0.4701
4872,257,D257I,D,I,p-,np,0.4635,0.4791,0.2922,0.7599,0.6241,0.4563,0.4563
4873,257,D257L,D,L,p-,np,0.4635,0.4791,0.2922,0.7599,0.6241,0.2967,0.2967
4874,257,D257K,D,K,p-,p+,0.4635,0.4791,0.2922,0.7599,0.6241,0.5373,0.5373
4875,257,D257M,D,M,p-,np,0.4635,0.4791,0.2922,0.7599,0.6241,0.3945,0.3945
4876,257,D257F,D,F,p-,np,0.4635,0.4791,0.2922,0.7599,0.6241,0.5228,0.5228
4877,257,D257P,D,P,p-,np,0.4635,0.4791,0.2922,0.7599,0.6241,0.6453,0.6453
4878,257,D257S,D,S,p-,p~,0.4635,0.4791,0.2922,0.7599,0.6241,0.3719,0.3719
4879,257,D257T,D,T,p-,p~,0.4635,0.4791,0.2922,0.7599,0.6241,0.3823,0.3823
4880,257,D257W,D,W,p-,np,0.4635,0.4791,0.2922,0.7599,0.6241,0.6603,0.6603
4881,257,D257Y,D,Y,p-,p~,0.4635,0.4791,0.2922,0.7599,0.6241,0.4882,0.4882
4882,257,D257V,D,V,p-,np,0.4635,0.4791,0.2922,0.7599,0.6241,0.4555,0.4555
4883,258,G258A,G,A,np,np,0.5276,0.5392,0.431,0.443,0.3594,0.1473,0.1473
4884,258,G258R,G,R,np,p+,0.5276,0.5392,0.431,0.443,0.3594,0.2518,0.2518
4885,258,G258N,G,N,np,p~,0.5276,0.5392,0.431,0.443,0.3594,0.2519,0.2519
4886,258,G258D,G,D,np,p-,0.5276,0.5392,0.431,0.443,0.3594,0.2819,0.2819
4887,258,G258C,G,C,np,p~,0.5276,0.5392,0.431,0.443,0.3594,0.5319,0.5319
4888,258,G258Q,G,Q,np,p~,0.5276,0.5392,0.431,0.443,0.3594,0.2346,0.2346
4889,258,G258E,G,E,np,p-,0.5276,0.5392,0.431,0.443,0.3594,0.2288,0.2288
4890,258,G258H,G,H,np,p~,0.5276,0.5392,0.431,0.443,0.3594,0.1933,0.1933
4891,258,G258I,G,I,np,np,0.5276,0.5392,0.431,0.443,0.3594,0.3889,0.3889
4892,258,G258L,G,L,np,np,0.5276,0.5392,0.431,0.443,0.3594,0.3182,0.3182
4893,258,G258K,G,K,np,p+,0.5276,0.5392,0.431,0.443,0.3594,0.2524,0.2524
4894,258,G258M,G,M,np,np,0.5276,0.5392,0.431,0.443,0.3594,0.3765,0.3765
4895,258,G258F,G,F,np,np,0.5276,0.5392,0.431,0.443,0.3594,0.2033,0.2033
4896,258,G258P,G,P,np,np,0.5276,0.5392,0.431,0.443,0.3594,0.3196,0.3196
4897,258,G258S,G,S,np,p~,0.5276,0.5392,0.431,0.443,0.3594,0.1884,0.1884
4898,258,G258T,G,T,np,p~,0.5276,0.5392,0.431,0.443,0.3594,0.2682,0.2682
4899,258,G258W,G,W,np,np,0.5276,0.5392,0.431,0.443,0.3594,0.3119,0.3119
4900,258,G258Y,G,Y,np,p~,0.5276,0.5392,0.431,0.443,0.3594,0.1539,0.1539
4901,258,G258V,G,V,np,np,0.5276,0.5392,0.431,0.443,0.3594,0.3104,0.3104
4902,259,N259A,N,A,p~,np,0.5584,0.5714,0.2236,0.4815,0.5126,0.2605,0.2605
4903,259,N259R,N,R,p~,p+,0.5584,0.5714,0.2236,0.4815,0.5126,0.3428,0.3428
4904,259,N259D,N,D,p~,p-,0.5584,0.5714,0.2236,0.4815,0.5126,0.245,0.245
4905,259,N259C,N,C,p~,p~,0.5584,0.5714,0.2236,0.4815,0.5126,0.6279,0.6279
4906,259,N259Q,N,Q,p~,p~,0.5584,0.5714,0.2236,0.4815,0.5126,0.2831,0.2831
4907,259,N259E,N,E,p~,p-,0.5584,0.5714,0.2236,0.4815,0.5126,0.303,0.303
4908,259,N259G,N,G,p~,np,0.5584,0.5714,0.2236,0.4815,0.5126,0.3501,0.3501
4909,259,N259H,N,H,p~,p~,0.5584,0.5714,0.2236,0.4815,0.5126,0.4156,0.4156
4910,259,N259I,N,I,p~,np,0.5584,0.5714,0.2236,0.4815,0.5126,0.4475,0.4475
4911,259,N259L,N,L,p~,np,0.5584,0.5714,0.2236,0.4815,0.5126,0.3244,0.3244
4912,259,N259K,N,K,p~,p+,0.5584,0.5714,0.2236,0.4815,0.5126,0.2884,0.2884
4913,259,N259M,N,M,p~,np,0.5584,0.5714,0.2236,0.4815,0.5126,0.4228,0.4228
4914,259,N259F,N,F,p~,np,0.5584,0.5714,0.2236,0.4815,0.5126,0.4356,0.4356
4915,259,N259P,N,P,p~,np,0.5584,0.5714,0.2236,0.4815,0.5126,0.4892,0.4892
4916,259,N259S,N,S,p~,p~,0.5584,0.5714,0.2236,0.4815,0.5126,0.1996,0.1996
4917,259,N259T,N,T,p~,p~,0.5584,0.5714,0.2236,0.4815,0.5126,0.2508,0.2508
4918,259,N259W,N,W,p~,np,0.5584,0.5714,0.2236,0.4815,0.5126,0.4847,0.4847
4919,259,N259Y,N,Y,p~,p~,0.5584,0.5714,0.2236,0.4815,0.5126,0.3935,0.3935
4920,259,N259V,N,V,p~,np,0.5584,0.5714,0.2236,0.4815,0.5126,0.4164,0.4164
4921,260,G260A,G,A,np,np,0.5003,0.5215,0.0786,0.9854,0.978,0.204,0.204
4922,260,G260R,G,R,np,p+,0.5003,0.5215,0.0786,0.9854,0.978,0.3276,0.3276
4923,260,G260N,G,N,np,p~,0.5003,0.5215,0.0786,0.9854,0.978,0.2599,0.2599
4924,260,G260D,G,D,np,p-,0.5003,0.5215,0.0786,0.9854,0.978,0.3424,0.3424
4925,260,G260C,G,C,np,p~,0.5003,0.5215,0.0786,0.9854,0.978,0.5731,0.5731
4926,260,G260Q,G,Q,np,p~,0.5003,0.5215,0.0786,0.9854,0.978,0.3223,0.3223
4927,260,G260E,G,E,np,p-,0.5003,0.5215,0.0786,0.9854,0.978,0.3911,0.3911
4928,260,G260H,G,H,np,p~,0.5003,0.5215,0.0786,0.9854,0.978,0.4012,0.4012
4929,260,G260I,G,I,np,np,0.5003,0.5215,0.0786,0.9854,0.978,0.6666,0.6666
4930,260,G260L,G,L,np,np,0.5003,0.5215,0.0786,0.9854,0.978,0.481,0.481
4931,260,G260K,G,K,np,p+,0.5003,0.5215,0.0786,0.9854,0.978,0.3389,0.3389
4932,260,G260M,G,M,np,np,0.5003,0.5215,0.0786,0.9854,0.978,0.4808,0.4808
4933,260,G260F,G,F,np,np,0.5003,0.5215,0.0786,0.9854,0.978,0.5554,0.5554
4934,260,G260P,G,P,np,np,0.5003,0.5215,0.0786,0.9854,0.978,0.6264,0.6264
4935,260,G260S,G,S,np,p~,0.5003,0.5215,0.0786,0.9854,0.978,0.2599,0.2599
4936,260,G260T,G,T,np,p~,0.5003,0.5215,0.0786,0.9854,0.978,0.4352,0.4352
4937,260,G260W,G,W,np,np,0.5003,0.5215,0.0786,0.9854,0.978,0.5846,0.5846
4938,260,G260Y,G,Y,np,p~,0.5003,0.5215,0.0786,0.9854,0.978,0.5141,0.5141
4939,260,G260V,G,V,np,np,0.5003,0.5215,0.0786,0.9854,0.978,0.5313,0.5313
4940,261,Q261A,Q,A,p~,np,0.4517,0.4709,0.2182,0.4657,0.3808,0.3683,0.3683
4941,261,Q261R,Q,R,p~,p+,0.4517,0.4709,0.2182,0.4657,0.3808,0.1685,0.1685
4942,261,Q261N,Q,N,p~,p~,0.4517,0.4709,0.2182,0.4657,0.3808,0.0732,0.0732
4943,261,Q261D,Q,D,p~,p-,0.4517,0.4709,0.2182,0.4657,0.3808,0.1863,0.1863
4944,261,Q261C,Q,C,p~,p~,0.4517,0.4709,0.2182,0.4657,0.3808,0.5408,0.5408
4945,261,Q261E,Q,E,p~,p-,0.4517,0.4709,0.2182,0.4657,0.3808,0.2678,0.2678
4946,261,Q261G,Q,G,p~,np,0.4517,0.4709,0.2182,0.4657,0.3808,0.3685,0.3685
4947,261,Q261H,Q,H,p~,p~,0.4517,0.4709,0.2182,0.4657,0.3808,0.2917,0.2917
4948,261,Q261I,Q,I,p~,np,0.4517,0.4709,0.2182,0.4657,0.3808,0.3541,0.3541
4949,261,Q261L,Q,L,p~,np,0.4517,0.4709,0.2182,0.4657,0.3808,0.2361,0.2361
4950,261,Q261K,Q,K,p~,p+,0.4517,0.4709,0.2182,0.4657,0.3808,0.2199,0.2199
4951,261,Q261M,Q,M,p~,np,0.4517,0.4709,0.2182,0.4657,0.3808,0.313,0.313
4952,261,Q261F,Q,F,p~,np,0.4517,0.4709,0.2182,0.4657,0.3808,0.3479,0.3479
4953,261,Q261P,Q,P,p~,np,0.4517,0.4709,0.2182,0.4657,0.3808,0.6199,0.6199
4954,261,Q261S,Q,S,p~,p~,0.4517,0.4709,0.2182,0.4657,0.3808,0.2396,0.2396
4955,261,Q261T,Q,T,p~,p~,0.4517,0.4709,0.2182,0.4657,0.3808,0.183,0.183
4956,261,Q261W,Q,W,p~,np,0.4517,0.4709,0.2182,0.4657,0.3808,0.414,0.414
4957,261,Q261Y,Q,Y,p~,p~,0.4517,0.4709,0.2182,0.4657,0.3808,0.3168,0.3168
4958,261,Q261V,Q,V,p~,np,0.4517,0.4709,0.2182,0.4657,0.3808,0.3288,0.3288
4959,262,I262A,I,A,np,np,0.3694,0.3953,0.2583,0.5208,0.9216,0.4525,0.4525
4960,262,I262R,I,R,np,p+,0.3694,0.3953,0.2583,0.5208,0.9216,0.7668,0.7668
4961,262,I262N,I,N,np,p~,0.3694,0.3953,0.2583,0.5208,0.9216,0.6768,0.6768
4962,262,I262D,I,D,np,p-,0.3694,0.3953,0.2583,0.5208,0.9216,0.7807,0.7807
4963,262,I262C,I,C,np,p~,0.3694,0.3953,0.2583,0.5208,0.9216,0.6715,0.6715
4964,262,I262Q,I,Q,np,p~,0.3694,0.3953,0.2583,0.5208,0.9216,0.6241,0.6241
4965,262,I262E,I,E,np,p-,0.3694,0.3953,0.2583,0.5208,0.9216,0.7146,0.7146
4966,262,I262G,I,G,np,np,0.3694,0.3953,0.2583,0.5208,0.9216,0.6754,0.6754
4967,262,I262H,I,H,np,p~,0.3694,0.3953,0.2583,0.5208,0.9216,0.7194,0.7194
4968,262,I262L,I,L,np,np,0.3694,0.3953,0.2583,0.5208,0.9216,0.2782,0.2782
4969,262,I262K,I,K,np,p+,0.3694,0.3953,0.2583,0.5208,0.9216,0.7968,0.7968
4970,262,I262M,I,M,np,np,0.3694,0.3953,0.2583,0.5208,0.9216,0.3229,0.3229
4971,262,I262F,I,F,np,np,0.3694,0.3953,0.2583,0.5208,0.9216,0.4442,0.4442
4972,262,I262P,I,P,np,np,0.3694,0.3953,0.2583,0.5208,0.9216,0.5301,0.5301
4973,262,I262S,I,S,np,p~,0.3694,0.3953,0.2583,0.5208,0.9216,0.5966,0.5966
4974,262,I262T,I,T,np,p~,0.3694,0.3953,0.2583,0.5208,0.9216,0.4703,0.4703
4975,262,I262W,I,W,np,np,0.3694,0.3953,0.2583,0.5208,0.9216,0.6013,0.6013
4976,262,I262Y,I,Y,np,p~,0.3694,0.3953,0.2583,0.5208,0.9216,0.5549,0.5549
4977,262,I262V,I,V,np,np,0.3694,0.3953,0.2583,0.5208,0.9216,0.1943,0.1943
4978,263,V263A,V,A,np,np,0.3463,0.366,0.1557,0.634,0.9698,0.531,0.531
4979,263,V263R,V,R,np,p+,0.3463,0.366,0.1557,0.634,0.9698,0.7741,0.7741
4980,263,V263N,V,N,np,p~,0.3463,0.366,0.1557,0.634,0.9698,0.7069,0.7069
4981,263,V263D,V,D,np,p-,0.3463,0.366,0.1557,0.634,0.9698,0.8501,0.8501
4982,263,V263C,V,C,np,p~,0.3463,0.366,0.1557,0.634,0.9698,0.7243,0.7243
4983,263,V263Q,V,Q,np,p~,0.3463,0.366,0.1557,0.634,0.9698,0.6797,0.6797
4984,263,V263E,V,E,np,p-,0.3463,0.366,0.1557,0.634,0.9698,0.7386,0.7386
4985,263,V263G,V,G,np,np,0.3463,0.366,0.1557,0.634,0.9698,0.7644,0.7644
4986,263,V263H,V,H,np,p~,0.3463,0.366,0.1557,0.634,0.9698,0.7112,0.7112
4987,263,V263I,V,I,np,np,0.3463,0.366,0.1557,0.634,0.9698,0.2894,0.2894
4988,263,V263L,V,L,np,np,0.3463,0.366,0.1557,0.634,0.9698,0.3545,0.3545
4989,263,V263K,V,K,np,p+,0.3463,0.366,0.1557,0.634,0.9698,0.769,0.769
4990,263,V263M,V,M,np,np,0.3463,0.366,0.1557,0.634,0.9698,0.4151,0.4151
4991,263,V263F,V,F,np,np,0.3463,0.366,0.1557,0.634,0.9698,0.4146,0.4146
4992,263,V263P,V,P,np,np,0.3463,0.366,0.1557,0.634,0.9698,0.7696,0.7696
4993,263,V263S,V,S,np,p~,0.3463,0.366,0.1557,0.634,0.9698,0.69,0.69
4994,263,V263T,V,T,np,p~,0.3463,0.366,0.1557,0.634,0.9698,0.5412,0.5412
4995,263,V263W,V,W,np,np,0.3463,0.366,0.1557,0.634,0.9698,0.6832,0.6832
4996,263,V263Y,V,Y,np,p~,0.3463,0.366,0.1557,0.634,0.9698,0.5969,0.5969
4997,264,V264A,V,A,np,np,0.2858,0.3123,0.091,0.9425,0.987,0.5017,0.5017
4998,264,V264R,V,R,np,p+,0.2858,0.3123,0.091,0.9425,0.987,0.8749,0.8749
4999,264,V264N,V,N,np,p~,0.2858,0.3123,0.091,0.9425,0.987,0.6261,0.6261
5000,264,V264D,V,D,np,p-,0.2858,0.3123,0.091,0.9425,0.987,0.6817,0.6817
5001,264,V264C,V,C,np,p~,0.2858,0.3123,0.091,0.9425,0.987,0.6759,0.6759
5002,264,V264Q,V,Q,np,p~,0.2858,0.3123,0.091,0.9425,0.987,0.6982,0.6982
5003,264,V264E,V,E,np,p-,0.2858,0.3123,0.091,0.9425,0.987,0.6537,0.6537
5004,264,V264G,V,G,np,np,0.2858,0.3123,0.091,0.9425,0.987,0.7557,0.7557
5005,264,V264H,V,H,np,p~,0.2858,0.3123,0.091,0.9425,0.987,0.8119,0.8119
5006,264,V264I,V,I,np,np,0.2858,0.3123,0.091,0.9425,0.987,0.346,0.346
5007,264,V264L,V,L,np,np,0.2858,0.3123,0.091,0.9425,0.987,0.47,0.47
5008,264,V264K,V,K,np,p+,0.2858,0.3123,0.091,0.9425,0.987,0.7963,0.7963
5009,264,V264M,V,M,np,np,0.2858,0.3123,0.091,0.9425,0.987,0.5453,0.5453
5010,264,V264F,V,F,np,np,0.2858,0.3123,0.091,0.9425,0.987,0.6402,0.6402
5011,264,V264P,V,P,np,np,0.2858,0.3123,0.091,0.9425,0.987,0.8891,0.8891
5012,264,V264S,V,S,np,p~,0.2858,0.3123,0.091,0.9425,0.987,0.6508,0.6508
5013,264,V264T,V,T,np,p~,0.2858,0.3123,0.091,0.9425,0.987,0.5295,0.5295
5014,264,V264W,V,W,np,np,0.2858,0.3123,0.091,0.9425,0.987,0.805,0.805
5015,264,V264Y,V,Y,np,p~,0.2858,0.3123,0.091,0.9425,0.987,0.7313,0.7313
5016,265,T265A,T,A,p~,np,0.2579,0.2744,0.1049,0.8375,0.9417,0.4322,0.4322
5017,265,T265R,T,R,p~,p+,0.2579,0.2744,0.1049,0.8375,0.9417,0.7728,0.7728
5018,265,T265N,T,N,p~,p~,0.2579,0.2744,0.1049,0.8375,0.9417,0.3568,0.3568
5019,265,T265D,T,D,p~,p-,0.2579,0.2744,0.1049,0.8375,0.9417,0.6168,0.6168
5020,265,T265C,T,C,p~,p~,0.2579,0.2744,0.1049,0.8375,0.9417,0.5299,0.5299
5021,265,T265Q,T,Q,p~,p~,0.2579,0.2744,0.1049,0.8375,0.9417,0.5016,0.5016
5022,265,T265E,T,E,p~,p-,0.2579,0.2744,0.1049,0.8375,0.9417,0.6448,0.6448
5023,265,T265G,T,G,p~,np,0.2579,0.2744,0.1049,0.8375,0.9417,0.5539,0.5539
5024,265,T265H,T,H,p~,p~,0.2579,0.2744,0.1049,0.8375,0.9417,0.527,0.527
5025,265,T265I,T,I,p~,np,0.2579,0.2744,0.1049,0.8375,0.9417,0.5027,0.5027
5026,265,T265L,T,L,p~,np,0.2579,0.2744,0.1049,0.8375,0.9417,0.5594,0.5594
5027,265,T265K,T,K,p~,p+,0.2579,0.2744,0.1049,0.8375,0.9417,0.6907,0.6907
5028,265,T265M,T,M,p~,np,0.2579,0.2744,0.1049,0.8375,0.9417,0.4988,0.4988
5029,265,T265F,T,F,p~,np,0.2579,0.2744,0.1049,0.8375,0.9417,0.624,0.624
5030,265,T265P,T,P,p~,np,0.2579,0.2744,0.1049,0.8375,0.9417,0.5439,0.5439
5031,265,T265S,T,S,p~,p~,0.2579,0.2744,0.1049,0.8375,0.9417,0.3613,0.3613
5032,265,T265W,T,W,p~,np,0.2579,0.2744,0.1049,0.8375,0.9417,0.8036,0.8036
5033,265,T265Y,T,Y,p~,p~,0.2579,0.2744,0.1049,0.8375,0.9417,0.739,0.739
5034,265,T265V,T,V,p~,np,0.2579,0.2744,0.1049,0.8375,0.9417,0.43,0.43
5035,266,G266A,G,A,np,np,0.2362,0.2533,0.0771,0.999,0.9983,0.4158,0.4158
5036,266,G266R,G,R,np,p+,0.2362,0.2533,0.0771,0.999,0.9983,0.4841,0.4841
5037,266,G266N,G,N,np,p~,0.2362,0.2533,0.0771,0.999,0.9983,0.564,0.564
5038,266,G266D,G,D,np,p-,0.2362,0.2533,0.0771,0.999,0.9983,0.5612,0.5612
5039,266,G266C,G,C,np,p~,0.2362,0.2533,0.0771,0.999,0.9983,0.5226,0.5226
5040,266,G266Q,G,Q,np,p~,0.2362,0.2533,0.0771,0.999,0.9983,0.5397,0.5397
5041,266,G266E,G,E,np,p-,0.2362,0.2533,0.0771,0.999,0.9983,0.5681,0.5681
5042,266,G266H,G,H,np,p~,0.2362,0.2533,0.0771,0.999,0.9983,0.6227,0.6227
5043,266,G266I,G,I,np,np,0.2362,0.2533,0.0771,0.999,0.9983,0.7552,0.7552
5044,266,G266L,G,L,np,np,0.2362,0.2533,0.0771,0.999,0.9983,0.6617,0.6617
5045,266,G266K,G,K,np,p+,0.2362,0.2533,0.0771,0.999,0.9983,0.5906,0.5906
5046,266,G266M,G,M,np,np,0.2362,0.2533,0.0771,0.999,0.9983,0.6376,0.6376
5047,266,G266F,G,F,np,np,0.2362,0.2533,0.0771,0.999,0.9983,0.7395,0.7395
5048,266,G266P,G,P,np,np,0.2362,0.2533,0.0771,0.999,0.9983,0.6574,0.6574
5049,266,G266S,G,S,np,p~,0.2362,0.2533,0.0771,0.999,0.9983,0.4189,0.4189
5050,266,G266T,G,T,np,p~,0.2362,0.2533,0.0771,0.999,0.9983,0.601,0.601
5051,266,G266W,G,W,np,np,0.2362,0.2533,0.0771,0.999,0.9983,0.7169,0.7169
5052,266,G266Y,G,Y,np,p~,0.2362,0.2533,0.0771,0.999,0.9983,0.7374,0.7374
5053,266,G266V,G,V,np,np,0.2362,0.2533,0.0771,0.999,0.9983,0.6831,0.6831
5054,267,G267A,G,A,np,np,0.191,0.2099,0.0771,0.999,0.9983,0.6372,0.6372
5055,267,G267R,G,R,np,p+,0.191,0.2099,0.0771,0.999,0.9983,0.6949,0.6949
5056,267,G267N,G,N,np,p~,0.191,0.2099,0.0771,0.999,0.9983,0.7465,0.7465
5057,267,G267D,G,D,np,p-,0.191,0.2099,0.0771,0.999,0.9983,0.6475,0.6475
5058,267,G267C,G,C,np,p~,0.191,0.2099,0.0771,0.999,0.9983,0.68,0.68
5059,267,G267Q,G,Q,np,p~,0.191,0.2099,0.0771,0.999,0.9983,0.797,0.797
5060,267,G267E,G,E,np,p-,0.191,0.2099,0.0771,0.999,0.9983,0.6873,0.6873
5061,267,G267H,G,H,np,p~,0.191,0.2099,0.0771,0.999,0.9983,0.809,0.809
5062,267,G267I,G,I,np,np,0.191,0.2099,0.0771,0.999,0.9983,0.7709,0.7709
5063,267,G267L,G,L,np,np,0.191,0.2099,0.0771,0.999,0.9983,0.742,0.742
5064,267,G267K,G,K,np,p+,0.191,0.2099,0.0771,0.999,0.9983,0.7927,0.7927
5065,267,G267M,G,M,np,np,0.191,0.2099,0.0771,0.999,0.9983,0.7677,0.7677
5066,267,G267F,G,F,np,np,0.191,0.2099,0.0771,0.999,0.9983,0.7791,0.7791
5067,267,G267P,G,P,np,np,0.191,0.2099,0.0771,0.999,0.9983,0.8383,0.8383
5068,267,G267S,G,S,np,p~,0.191,0.2099,0.0771,0.999,0.9983,0.6099,0.6099
5069,267,G267T,G,T,np,p~,0.191,0.2099,0.0771,0.999,0.9983,0.7217,0.7217
5070,267,G267W,G,W,np,np,0.191,0.2099,0.0771,0.999,0.9983,0.7514,0.7514
5071,267,G267Y,G,Y,np,p~,0.191,0.2099,0.0771,0.999,0.9983,0.796,0.796
5072,267,G267V,G,V,np,np,0.191,0.2099,0.0771,0.999,0.9983,0.6531,0.6531
5073,268,W268A,W,A,np,np,0.1453,0.1744,0.1573,0.6506,0.7627,-0.0794,-0.0794
5074,268,W268R,W,R,np,p+,0.1453,0.1744,0.1573,0.6506,0.7627,0.0982,0.0982
5075,268,W268N,W,N,np,p~,0.1453,0.1744,0.1573,0.6506,0.7627,-0.1989,-0.1989
5076,268,W268D,W,D,np,p-,0.1453,0.1744,0.1573,0.6506,0.7627,-0.1232,-0.1232
5077,268,W268C,W,C,np,p~,0.1453,0.1744,0.1573,0.6506,0.7627,0.1532,0.1532
5078,268,W268Q,W,Q,np,p~,0.1453,0.1744,0.1573,0.6506,0.7627,0.025,0.025
5079,268,W268E,W,E,np,p-,0.1453,0.1744,0.1573,0.6506,0.7627,0.045,0.045
5080,268,W268G,W,G,np,np,0.1453,0.1744,0.1573,0.6506,0.7627,-0.0459,-0.0459
5081,268,W268H,W,H,np,p~,0.1453,0.1744,0.1573,0.6506,0.7627,0.0375,0.0375
5082,268,W268I,W,I,np,np,0.1453,0.1744,0.1573,0.6506,0.7627,0.0793,0.0793
5083,268,W268L,W,L,np,np,0.1453,0.1744,0.1573,0.6506,0.7627,0.0412,0.0412
5084,268,W268K,W,K,np,p+,0.1453,0.1744,0.1573,0.6506,0.7627,0.0697,0.0697
5085,268,W268M,W,M,np,np,0.1453,0.1744,0.1573,0.6506,0.7627,0.1045,0.1045
5086,268,W268F,W,F,np,np,0.1453,0.1744,0.1573,0.6506,0.7627,0.0786,0.0786
5087,268,W268P,W,P,np,np,0.1453,0.1744,0.1573,0.6506,0.7627,0.0538,0.0538
5088,268,W268S,W,S,np,p~,0.1453,0.1744,0.1573,0.6506,0.7627,-0.3421,-0.3421
5089,268,W268T,W,T,np,p~,0.1453,0.1744,0.1573,0.6506,0.7627,-0.1172,-0.1172
5090,268,W268Y,W,Y,np,p~,0.1453,0.1744,0.1573,0.6506,0.7627,0.0479,0.0479
5091,268,W268V,W,V,np,np,0.1453,0.1744,0.1573,0.6506,0.7627,0.0573,0.0573
5092,269,D269A,D,A,p-,np,0.2323,0.2532,0.1912,0.6302,0.5933,0.3531,0.3531
5093,269,D269R,D,R,p-,p+,0.2323,0.2532,0.1912,0.6302,0.5933,0.4871,0.4871
5094,269,D269N,D,N,p-,p~,0.2323,0.2532,0.1912,0.6302,0.5933,0.1721,0.1721
5095,269,D269C,D,C,p-,p~,0.2323,0.2532,0.1912,0.6302,0.5933,0.6663,0.6663
5096,269,D269Q,D,Q,p-,p~,0.2323,0.2532,0.1912,0.6302,0.5933,0.4332,0.4332
5097,269,D269E,D,E,p-,p-,0.2323,0.2532,0.1912,0.6302,0.5933,0.3833,0.3833
5098,269,D269G,D,G,p-,np,0.2323,0.2532,0.1912,0.6302,0.5933,0.3144,0.3144
5099,269,D269H,D,H,p-,p~,0.2323,0.2532,0.1912,0.6302,0.5933,0.445,0.445
5100,269,D269I,D,I,p-,np,0.2323,0.2532,0.1912,0.6302,0.5933,0.494,0.494
5101,269,D269L,D,L,p-,np,0.2323,0.2532,0.1912,0.6302,0.5933,0.4081,0.4081
5102,269,D269K,D,K,p-,p+,0.2323,0.2532,0.1912,0.6302,0.5933,0.4528,0.4528
5103,269,D269M,D,M,p-,np,0.2323,0.2532,0.1912,0.6302,0.5933,0.5106,0.5106
5104,269,D269F,D,F,p-,np,0.2323,0.2532,0.1912,0.6302,0.5933,0.4601,0.4601
5105,269,D269P,D,P,p-,np,0.2323,0.2532,0.1912,0.6302,0.5933,0.5189,0.5189
5106,269,D269S,D,S,p-,p~,0.2323,0.2532,0.1912,0.6302,0.5933,0.1906,0.1906
5107,269,D269T,D,T,p-,p~,0.2323,0.2532,0.1912,0.6302,0.5933,0.3207,0.3207
5108,269,D269W,D,W,p-,np,0.2323,0.2532,0.1912,0.6302,0.5933,0.4809,0.4809
5109,269,D269Y,D,Y,p-,p~,0.2323,0.2532,0.1912,0.6302,0.5933,0.4312,0.4312
5110,269,D269V,D,V,p-,np,0.2323,0.2532,0.1912,0.6302,0.5933,0.4775,0.4775
5111,270,A270R,A,R,np,p+,0.2474,0.2651,0.1396,0.69,0.5442,0.5052,0.5052
5112,270,A270N,A,N,np,p~,0.2474,0.2651,0.1396,0.69,0.5442,0.4278,0.4278
5113,270,A270D,A,D,np,p-,0.2474,0.2651,0.1396,0.69,0.5442,0.3764,0.3764
5114,270,A270C,A,C,np,p~,0.2474,0.2651,0.1396,0.69,0.5442,0.5932,0.5932
5115,270,A270Q,A,Q,np,p~,0.2474,0.2651,0.1396,0.69,0.5442,0.4403,0.4403
5116,270,A270E,A,E,np,p-,0.2474,0.2651,0.1396,0.69,0.5442,0.3815,0.3815
5117,270,A270G,A,G,np,np,0.2474,0.2651,0.1396,0.69,0.5442,0.3437,0.3437
5118,270,A270H,A,H,np,p~,0.2474,0.2651,0.1396,0.69,0.5442,0.5015,0.5015
5119,270,A270I,A,I,np,np,0.2474,0.2651,0.1396,0.69,0.5442,0.4544,0.4544
5120,270,A270L,A,L,np,np,0.2474,0.2651,0.1396,0.69,0.5442,0.4834,0.4834
5121,270,A270K,A,K,np,p+,0.2474,0.2651,0.1396,0.69,0.5442,0.4702,0.4702
5122,270,A270M,A,M,np,np,0.2474,0.2651,0.1396,0.69,0.5442,0.528,0.528
5123,270,A270F,A,F,np,np,0.2474,0.2651,0.1396,0.69,0.5442,0.5279,0.5279
5124,270,A270P,A,P,np,np,0.2474,0.2651,0.1396,0.69,0.5442,0.4494,0.4494
5125,270,A270S,A,S,np,p~,0.2474,0.2651,0.1396,0.69,0.5442,0.2252,0.2252
5126,270,A270T,A,T,np,p~,0.2474,0.2651,0.1396,0.69,0.5442,0.364,0.364
5127,270,A270W,A,W,np,np,0.2474,0.2651,0.1396,0.69,0.5442,0.5442,0.5442
5128,270,A270Y,A,Y,np,p~,0.2474,0.2651,0.1396,0.69,0.5442,0.5116,0.5116
5129,270,A270V,A,V,np,np,0.2474,0.2651,0.1396,0.69,0.5442,0.4014,0.4014
5130,271,K271A,K,A,p+,np,0.2989,0.3128,0.5297,0.3059,0.1566,0.1469,0.1469
5131,271,K271R,K,R,p+,p+,0.2989,0.3128,0.5297,0.3059,0.1566,0.2691,0.2691
5132,271,K271N,K,N,p+,p~,0.2989,0.3128,0.5297,0.3059,0.1566,0.277,0.277
5133,271,K271D,K,D,p+,p-,0.2989,0.3128,0.5297,0.3059,0.1566,0.2726,0.2726
5134,271,K271C,K,C,p+,p~,0.2989,0.3128,0.5297,0.3059,0.1566,0.6373,0.6373
5135,271,K271Q,K,Q,p+,p~,0.2989,0.3128,0.5297,0.3059,0.1566,0.1833,0.1833
5136,271,K271E,K,E,p+,p-,0.2989,0.3128,0.5297,0.3059,0.1566,0.1983,0.1983
5137,271,K271G,K,G,p+,np,0.2989,0.3128,0.5297,0.3059,0.1566,0.319,0.319
5138,271,K271H,K,H,p+,p~,0.2989,0.3128,0.5297,0.3059,0.1566,0.3413,0.3413
5139,271,K271I,K,I,p+,np,0.2989,0.3128,0.5297,0.3059,0.1566,0.3716,0.3716
5140,271,K271L,K,L,p+,np,0.2989,0.3128,0.5297,0.3059,0.1566,0.3653,0.3653
5141,271,K271M,K,M,p+,np,0.2989,0.3128,0.5297,0.3059,0.1566,0.3765,0.3765
5142,271,K271F,K,F,p+,np,0.2989,0.3128,0.5297,0.3059,0.1566,0.4276,0.4276
5143,271,K271P,K,P,p+,np,0.2989,0.3128,0.5297,0.3059,0.1566,0.2453,0.2453
5144,271,K271S,K,S,p+,p~,0.2989,0.3128,0.5297,0.3059,0.1566,0.2308,0.2308
5145,271,K271T,K,T,p+,p~,0.2989,0.3128,0.5297,0.3059,0.1566,0.2396,0.2396
5146,271,K271W,K,W,p+,np,0.2989,0.3128,0.5297,0.3059,0.1566,0.4598,0.4598
5147,271,K271Y,K,Y,p+,p~,0.2989,0.3128,0.5297,0.3059,0.1566,0.411,0.411
5148,271,K271V,K,V,p+,np,0.2989,0.3128,0.5297,0.3059,0.1566,0.2821,0.2821
5149,272,K272A,K,A,p+,np,0.3247,0.3383,0.1611,0.5663,0.619,0.3768,0.3768
5150,272,K272R,K,R,p+,p+,0.3247,0.3383,0.1611,0.5663,0.619,0.2514,0.2514
5151,272,K272N,K,N,p+,p~,0.3247,0.3383,0.1611,0.5663,0.619,0.4374,0.4374
5152,272,K272D,K,D,p+,p-,0.3247,0.3383,0.1611,0.5663,0.619,0.551,0.551
5153,272,K272C,K,C,p+,p~,0.3247,0.3383,0.1611,0.5663,0.619,0.6876,0.6876
5154,272,K272Q,K,Q,p+,p~,0.3247,0.3383,0.1611,0.5663,0.619,0.3927,0.3927
5155,272,K272E,K,E,p+,p-,0.3247,0.3383,0.1611,0.5663,0.619,0.4716,0.4716
5156,272,K272G,K,G,p+,np,0.3247,0.3383,0.1611,0.5663,0.619,0.5656,0.5656
5157,272,K272H,K,H,p+,p~,0.3247,0.3383,0.1611,0.5663,0.619,0.3984,0.3984
5158,272,K272I,K,I,p+,np,0.3247,0.3383,0.1611,0.5663,0.619,0.4286,0.4286
5159,272,K272L,K,L,p+,np,0.3247,0.3383,0.1611,0.5663,0.619,0.4382,0.4382
5160,272,K272M,K,M,p+,np,0.3247,0.3383,0.1611,0.5663,0.619,0.4807,0.4807
5161,272,K272F,K,F,p+,np,0.3247,0.3383,0.1611,0.5663,0.619,0.5351,0.5351
5162,272,K272P,K,P,p+,np,0.3247,0.3383,0.1611,0.5663,0.619,0.5603,0.5603
5163,272,K272S,K,S,p+,p~,0.3247,0.3383,0.1611,0.5663,0.619,0.4655,0.4655
5164,272,K272T,K,T,p+,p~,0.3247,0.3383,0.1611,0.5663,0.619,0.4187,0.4187
5165,272,K272W,K,W,p+,np,0.3247,0.3383,0.1611,0.5663,0.619,0.561,0.561
5166,272,K272Y,K,Y,p+,p~,0.3247,0.3383,0.1611,0.5663,0.619,0.5075,0.5075
5167,272,K272V,K,V,p+,np,0.3247,0.3383,0.1611,0.5663,0.619,0.3775,0.3775
5168,273,T273A,T,A,p~,np,0.3615,0.3751,0.111,0.7922,0.702,0.3105,0.3105
5169,273,T273R,T,R,p~,p+,0.3615,0.3751,0.111,0.7922,0.702,0.7173,0.7173
5170,273,T273N,T,N,p~,p~,0.3615,0.3751,0.111,0.7922,0.702,0.4084,0.4084
5171,273,T273D,T,D,p~,p-,0.3615,0.3751,0.111,0.7922,0.702,0.5667,0.5667
5172,273,T273C,T,C,p~,p~,0.3615,0.3751,0.111,0.7922,0.702,0.511,0.511
5173,273,T273Q,T,Q,p~,p~,0.3615,0.3751,0.111,0.7922,0.702,0.5839,0.5839
5174,273,T273E,T,E,p~,p-,0.3615,0.3751,0.111,0.7922,0.702,0.5805,0.5805
5175,273,T273G,T,G,p~,np,0.3615,0.3751,0.111,0.7922,0.702,0.6034,0.6034
5176,273,T273H,T,H,p~,p~,0.3615,0.3751,0.111,0.7922,0.702,0.6813,0.6813
5177,273,T273I,T,I,p~,np,0.3615,0.3751,0.111,0.7922,0.702,0.4231,0.4231
5178,273,T273L,T,L,p~,np,0.3615,0.3751,0.111,0.7922,0.702,0.4853,0.4853
5179,273,T273K,T,K,p~,p+,0.3615,0.3751,0.111,0.7922,0.702,0.7034,0.7034
5180,273,T273M,T,M,p~,np,0.3615,0.3751,0.111,0.7922,0.702,0.4833,0.4833
5181,273,T273F,T,F,p~,np,0.3615,0.3751,0.111,0.7922,0.702,0.6411,0.6411
5182,273,T273P,T,P,p~,np,0.3615,0.3751,0.111,0.7922,0.702,0.6411,0.6411
5183,273,T273S,T,S,p~,p~,0.3615,0.3751,0.111,0.7922,0.702,0.3679,0.3679
5184,273,T273W,T,W,p~,np,0.3615,0.3751,0.111,0.7922,0.702,0.7709,0.7709
5185,273,T273Y,T,Y,p~,p~,0.3615,0.3751,0.111,0.7922,0.702,0.7044,0.7044
5186,273,T273V,T,V,p~,np,0.3615,0.3751,0.111,0.7922,0.702,0.1772,0.1772
5187,274,S274A,S,A,p~,np,0.3521,0.3747,0.1018,0.8336,0.9643,0.5105,0.5105
5188,274,S274R,S,R,p~,p+,0.3521,0.3747,0.1018,0.8336,0.9643,0.7095,0.7095
5189,274,S274N,S,N,p~,p~,0.3521,0.3747,0.1018,0.8336,0.9643,0.519,0.519
5190,274,S274D,S,D,p~,p-,0.3521,0.3747,0.1018,0.8336,0.9643,0.6037,0.6037
5191,274,S274C,S,C,p~,p~,0.3521,0.3747,0.1018,0.8336,0.9643,0.6069,0.6069
5192,274,S274Q,S,Q,p~,p~,0.3521,0.3747,0.1018,0.8336,0.9643,0.7012,0.7012
5193,274,S274E,S,E,p~,p-,0.3521,0.3747,0.1018,0.8336,0.9643,0.6974,0.6974
5194,274,S274G,S,G,p~,np,0.3521,0.3747,0.1018,0.8336,0.9643,0.6611,0.6611
5195,274,S274H,S,H,p~,p~,0.3521,0.3747,0.1018,0.8336,0.9643,0.6912,0.6912
5196,274,S274I,S,I,p~,np,0.3521,0.3747,0.1018,0.8336,0.9643,0.6117,0.6117
5197,274,S274L,S,L,p~,np,0.3521,0.3747,0.1018,0.8336,0.9643,0.6382,0.6382
5198,274,S274K,S,K,p~,p+,0.3521,0.3747,0.1018,0.8336,0.9643,0.7709,0.7709
5199,274,S274M,S,M,p~,np,0.3521,0.3747,0.1018,0.8336,0.9643,0.6769,0.6769
5200,274,S274F,S,F,p~,np,0.3521,0.3747,0.1018,0.8336,0.9643,0.7191,0.7191
5201,274,S274P,S,P,p~,np,0.3521,0.3747,0.1018,0.8336,0.9643,0.8257,0.8257
5202,274,S274T,S,T,p~,p~,0.3521,0.3747,0.1018,0.8336,0.9643,0.3764,0.3764
5203,274,S274W,S,W,p~,np,0.3521,0.3747,0.1018,0.8336,0.9643,0.7546,0.7546
5204,274,S274Y,S,Y,p~,p~,0.3521,0.3747,0.1018,0.8336,0.9643,0.6552,0.6552
5205,274,S274V,S,V,p~,np,0.3521,0.3747,0.1018,0.8336,0.9643,0.5002,0.5002
5206,275,L275A,L,A,np,np,0.4097,0.4311,0.1365,0.6275,0.8836,0.5529,0.5529
5207,275,L275R,L,R,np,p+,0.4097,0.4311,0.1365,0.6275,0.8836,0.4375,0.4375
5208,275,L275N,L,N,np,p~,0.4097,0.4311,0.1365,0.6275,0.8836,0.5662,0.5662
5209,275,L275D,L,D,np,p-,0.4097,0.4311,0.1365,0.6275,0.8836,0.7076,0.7076
5210,275,L275C,L,C,np,p~,0.4097,0.4311,0.1365,0.6275,0.8836,0.7039,0.7039
5211,275,L275Q,L,Q,np,p~,0.4097,0.4311,0.1365,0.6275,0.8836,0.5128,0.5128
5212,275,L275E,L,E,np,p-,0.4097,0.4311,0.1365,0.6275,0.8836,0.5783,0.5783
5213,275,L275G,L,G,np,np,0.4097,0.4311,0.1365,0.6275,0.8836,0.6924,0.6924
5214,275,L275H,L,H,np,p~,0.4097,0.4311,0.1365,0.6275,0.8836,0.5551,0.5551
5215,275,L275I,L,I,np,np,0.4097,0.4311,0.1365,0.6275,0.8836,0.134,0.134
5216,275,L275K,L,K,np,p+,0.4097,0.4311,0.1365,0.6275,0.8836,0.5334,0.5334
5217,275,L275M,L,M,np,np,0.4097,0.4311,0.1365,0.6275,0.8836,0.3587,0.3587
5218,275,L275F,L,F,np,np,0.4097,0.4311,0.1365,0.6275,0.8836,0.2966,0.2966
5219,275,L275P,L,P,np,np,0.4097,0.4311,0.1365,0.6275,0.8836,0.6651,0.6651
5220,275,L275S,L,S,np,p~,0.4097,0.4311,0.1365,0.6275,0.8836,0.5356,0.5356
5221,275,L275T,L,T,np,p~,0.4097,0.4311,0.1365,0.6275,0.8836,0.3836,0.3836
5222,275,L275W,L,W,np,np,0.4097,0.4311,0.1365,0.6275,0.8836,0.4811,0.4811
5223,275,L275Y,L,Y,np,p~,0.4097,0.4311,0.1365,0.6275,0.8836,0.3796,0.3796
5224,275,L275V,L,V,np,np,0.4097,0.4311,0.1365,0.6275,0.8836,0.2561,0.2561
5225,276,Y276A,Y,A,p~,np,0.4149,0.4422,0.1087,0.756,0.8462,0.7124,0.7124
5226,276,Y276R,Y,R,p~,p+,0.4149,0.4422,0.1087,0.756,0.8462,0.628,0.628
5227,276,Y276N,Y,N,p~,p~,0.4149,0.4422,0.1087,0.756,0.8462,0.6471,0.6471
5228,276,Y276D,Y,D,p~,p-,0.4149,0.4422,0.1087,0.756,0.8462,0.7266,0.7266
5229,276,Y276C,Y,C,p~,p~,0.4149,0.4422,0.1087,0.756,0.8462,0.6582,0.6582
5230,276,Y276Q,Y,Q,p~,p~,0.4149,0.4422,0.1087,0.756,0.8462,0.712,0.712
5231,276,Y276E,Y,E,p~,p-,0.4149,0.4422,0.1087,0.756,0.8462,0.8442,0.8442
5232,276,Y276G,Y,G,p~,np,0.4149,0.4422,0.1087,0.756,0.8462,0.7646,0.7646
5233,276,Y276H,Y,H,p~,p~,0.4149,0.4422,0.1087,0.756,0.8462,0.4472,0.4472
5234,276,Y276I,Y,I,p~,np,0.4149,0.4422,0.1087,0.756,0.8462,0.6958,0.6958
5235,276,Y276L,Y,L,p~,np,0.4149,0.4422,0.1087,0.756,0.8462,0.5116,0.5116
5236,276,Y276K,Y,K,p~,p+,0.4149,0.4422,0.1087,0.756,0.8462,0.7394,0.7394
5237,276,Y276M,Y,M,p~,np,0.4149,0.4422,0.1087,0.756,0.8462,0.6466,0.6466
5238,276,Y276F,Y,F,p~,np,0.4149,0.4422,0.1087,0.756,0.8462,0.2971,0.2971
5239,276,Y276P,Y,P,p~,np,0.4149,0.4422,0.1087,0.756,0.8462,0.7914,0.7914
5240,276,Y276S,Y,S,p~,p~,0.4149,0.4422,0.1087,0.756,0.8462,0.6367,0.6367
5241,276,Y276T,Y,T,p~,p~,0.4149,0.4422,0.1087,0.756,0.8462,0.6919,0.6919
5242,276,Y276W,Y,W,p~,np,0.4149,0.4422,0.1087,0.756,0.8462,0.4288,0.4288
5243,276,Y276V,Y,V,p~,np,0.4149,0.4422,0.1087,0.756,0.8462,0.7378,0.7378
5244,277,D277A,D,A,p-,np,0.4773,0.5019,0.1249,0.7064,0.6067,0.3695,0.3695
5245,277,D277R,D,R,p-,p+,0.4773,0.5019,0.1249,0.7064,0.6067,0.3041,0.3041
5246,277,D277N,D,N,p-,p~,0.4773,0.5019,0.1249,0.7064,0.6067,0.1818,0.1818
5247,277,D277C,D,C,p-,p~,0.4773,0.5019,0.1249,0.7064,0.6067,0.6719,0.6719
5248,277,D277Q,D,Q,p-,p~,0.4773,0.5019,0.1249,0.7064,0.6067,0.2916,0.2916
5249,277,D277E,D,E,p-,p-,0.4773,0.5019,0.1249,0.7064,0.6067,0.3561,0.3561
5250,277,D277G,D,G,p-,np,0.4773,0.5019,0.1249,0.7064,0.6067,0.4044,0.4044
5251,277,D277H,D,H,p-,p~,0.4773,0.5019,0.1249,0.7064,0.6067,0.417,0.417
5252,277,D277I,D,I,p-,np,0.4773,0.5019,0.1249,0.7064,0.6067,0.3648,0.3648
5253,277,D277L,D,L,p-,np,0.4773,0.5019,0.1249,0.7064,0.6067,0.2779,0.2779
5254,277,D277K,D,K,p-,p+,0.4773,0.5019,0.1249,0.7064,0.6067,0.3054,0.3054
5255,277,D277M,D,M,p-,np,0.4773,0.5019,0.1249,0.7064,0.6067,0.397,0.397
5256,277,D277F,D,F,p-,np,0.4773,0.5019,0.1249,0.7064,0.6067,0.3983,0.3983
5257,277,D277P,D,P,p-,np,0.4773,0.5019,0.1249,0.7064,0.6067,0.5156,0.5156
5258,277,D277S,D,S,p-,p~,0.4773,0.5019,0.1249,0.7064,0.6067,0.2132,0.2132
5259,277,D277T,D,T,p-,p~,0.4773,0.5019,0.1249,0.7064,0.6067,0.2413,0.2413
5260,277,D277W,D,W,p-,np,0.4773,0.5019,0.1249,0.7064,0.6067,0.4749,0.4749
5261,277,D277Y,D,Y,p-,p~,0.4773,0.5019,0.1249,0.7064,0.6067,0.3284,0.3284
5262,277,D277V,D,V,p-,np,0.4773,0.5019,0.1249,0.7064,0.6067,0.3605,0.3605
5263,278,S278A,S,A,p~,np,0.5085,0.5333,0.1411,0.582,0.4338,0.1275,0.1275
5264,278,S278R,S,R,p~,p+,0.5085,0.5333,0.1411,0.582,0.4338,0.2019,0.2019
5265,278,S278N,S,N,p~,p~,0.5085,0.5333,0.1411,0.582,0.4338,0.3281,0.3281
5266,278,S278D,S,D,p~,p-,0.5085,0.5333,0.1411,0.582,0.4338,0.4122,0.4122
5267,278,S278C,S,C,p~,p~,0.5085,0.5333,0.1411,0.582,0.4338,0.4871,0.4871
5268,278,S278Q,S,Q,p~,p~,0.5085,0.5333,0.1411,0.582,0.4338,0.2767,0.2767
5269,278,S278E,S,E,p~,p-,0.5085,0.5333,0.1411,0.582,0.4338,0.3765,0.3765
5270,278,S278G,S,G,p~,np,0.5085,0.5333,0.1411,0.582,0.4338,0.3033,0.3033
5271,278,S278H,S,H,p~,p~,0.5085,0.5333,0.1411,0.582,0.4338,0.241,0.241
5272,278,S278I,S,I,p~,np,0.5085,0.5333,0.1411,0.582,0.4338,0.2087,0.2087
5273,278,S278L,S,L,p~,np,0.5085,0.5333,0.1411,0.582,0.4338,0.2447,0.2447
5274,278,S278K,S,K,p~,p+,0.5085,0.5333,0.1411,0.582,0.4338,0.2253,0.2253
5275,278,S278M,S,M,p~,np,0.5085,0.5333,0.1411,0.582,0.4338,0.3129,0.3129
5276,278,S278F,S,F,p~,np,0.5085,0.5333,0.1411,0.582,0.4338,0.2303,0.2303
5277,278,S278P,S,P,p~,np,0.5085,0.5333,0.1411,0.582,0.4338,0.074,0.074
5278,278,S278T,S,T,p~,p~,0.5085,0.5333,0.1411,0.582,0.4338,0.1982,0.1982
5279,278,S278W,S,W,p~,np,0.5085,0.5333,0.1411,0.582,0.4338,0.2828,0.2828
5280,278,S278Y,S,Y,p~,p~,0.5085,0.5333,0.1411,0.582,0.4338,0.22,0.22
5281,278,S278V,S,V,p~,np,0.5085,0.5333,0.1411,0.582,0.4338,0.1746,0.1746
5282,279,S279A,S,A,p~,np,0.559,0.5827,0.3724,0.3972,0.3012,0.1782,0.1782
5283,279,S279R,S,R,p~,p+,0.559,0.5827,0.3724,0.3972,0.3012,0.201,0.201
5284,279,S279N,S,N,p~,p~,0.559,0.5827,0.3724,0.3972,0.3012,0.2214,0.2214
5285,279,S279D,S,D,p~,p-,0.559,0.5827,0.3724,0.3972,0.3012,0.3167,0.3167
5286,279,S279C,S,C,p~,p~,0.559,0.5827,0.3724,0.3972,0.3012,0.5786,0.5786
5287,279,S279Q,S,Q,p~,p~,0.559,0.5827,0.3724,0.3972,0.3012,0.2746,0.2746
5288,279,S279E,S,E,p~,p-,0.559,0.5827,0.3724,0.3972,0.3012,0.3414,0.3414
5289,279,S279G,S,G,p~,np,0.559,0.5827,0.3724,0.3972,0.3012,0.2255,0.2255
5290,279,S279H,S,H,p~,p~,0.559,0.5827,0.3724,0.3972,0.3012,0.3618,0.3618
5291,279,S279I,S,I,p~,np,0.559,0.5827,0.3724,0.3972,0.3012,0.2845,0.2845
5292,279,S279L,S,L,p~,np,0.559,0.5827,0.3724,0.3972,0.3012,0.2821,0.2821
5293,279,S279K,S,K,p~,p+,0.559,0.5827,0.3724,0.3972,0.3012,0.1711,0.1711
5294,279,S279M,S,M,p~,np,0.559,0.5827,0.3724,0.3972,0.3012,0.406,0.406
5295,279,S279F,S,F,p~,np,0.559,0.5827,0.3724,0.3972,0.3012,0.3196,0.3196
5296,279,S279P,S,P,p~,np,0.559,0.5827,0.3724,0.3972,0.3012,0.4067,0.4067
5297,279,S279T,S,T,p~,p~,0.559,0.5827,0.3724,0.3972,0.3012,0.2176,0.2176
5298,279,S279W,S,W,p~,np,0.559,0.5827,0.3724,0.3972,0.3012,0.3808,0.3808
5299,279,S279Y,S,Y,p~,p~,0.559,0.5827,0.3724,0.3972,0.3012,0.2765,0.2765
5300,279,S279V,S,V,p~,np,0.559,0.5827,0.3724,0.3972,0.3012,0.2349,0.2349
5301,280,S280A,S,A,p~,np,0.5623,0.5868,0.3924,0.3457,0.4452,0.2201,0.2201
5302,280,S280R,S,R,p~,p+,0.5623,0.5868,0.3924,0.3457,0.4452,0.2461,0.2461
5303,280,S280N,S,N,p~,p~,0.5623,0.5868,0.3924,0.3457,0.4452,0.2123,0.2123
5304,280,S280D,S,D,p~,p-,0.5623,0.5868,0.3924,0.3457,0.4452,0.3748,0.3748
5305,280,S280C,S,C,p~,p~,0.5623,0.5868,0.3924,0.3457,0.4452,0.6243,0.6243
5306,280,S280Q,S,Q,p~,p~,0.5623,0.5868,0.3924,0.3457,0.4452,0.2495,0.2495
5307,280,S280E,S,E,p~,p-,0.5623,0.5868,0.3924,0.3457,0.4452,0.4243,0.4243
5308,280,S280G,S,G,p~,np,0.5623,0.5868,0.3924,0.3457,0.4452,0.3026,0.3026
5309,280,S280H,S,H,p~,p~,0.5623,0.5868,0.3924,0.3457,0.4452,0.4212,0.4212
5310,280,S280I,S,I,p~,np,0.5623,0.5868,0.3924,0.3457,0.4452,0.3028,0.3028
5311,280,S280L,S,L,p~,np,0.5623,0.5868,0.3924,0.3457,0.4452,0.2672,0.2672
5312,280,S280K,S,K,p~,p+,0.5623,0.5868,0.3924,0.3457,0.4452,0.1886,0.1886
5313,280,S280M,S,M,p~,np,0.5623,0.5868,0.3924,0.3457,0.4452,0.4252,0.4252
5314,280,S280F,S,F,p~,np,0.5623,0.5868,0.3924,0.3457,0.4452,0.4341,0.4341
5315,280,S280P,S,P,p~,np,0.5623,0.5868,0.3924,0.3457,0.4452,0.5939,0.5939
5316,280,S280T,S,T,p~,p~,0.5623,0.5868,0.3924,0.3457,0.4452,0.165,0.165
5317,280,S280W,S,W,p~,np,0.5623,0.5868,0.3924,0.3457,0.4452,0.5393,0.5393
5318,280,S280Y,S,Y,p~,p~,0.5623,0.5868,0.3924,0.3457,0.4452,0.4569,0.4569
5319,280,S280V,S,V,p~,np,0.5623,0.5868,0.3924,0.3457,0.4452,0.3153,0.3153
5320,281,D281A,D,A,p-,np,0.4924,0.5221,0.1843,0.4871,0.3858,0.3573,0.3573
5321,281,D281R,D,R,p-,p+,0.4924,0.5221,0.1843,0.4871,0.3858,0.3327,0.3327
5322,281,D281N,D,N,p-,p~,0.4924,0.5221,0.1843,0.4871,0.3858,0.1044,0.1044
5323,281,D281C,D,C,p-,p~,0.4924,0.5221,0.1843,0.4871,0.3858,0.7264,0.7264
5324,281,D281Q,D,Q,p-,p~,0.4924,0.5221,0.1843,0.4871,0.3858,0.3065,0.3065
5325,281,D281E,D,E,p-,p-,0.4924,0.5221,0.1843,0.4871,0.3858,0.3522,0.3522
5326,281,D281G,D,G,p-,np,0.4924,0.5221,0.1843,0.4871,0.3858,0.2387,0.2387
5327,281,D281H,D,H,p-,p~,0.4924,0.5221,0.1843,0.4871,0.3858,0.3837,0.3837
5328,281,D281I,D,I,p-,np,0.4924,0.5221,0.1843,0.4871,0.3858,0.533,0.533
5329,281,D281L,D,L,p-,np,0.4924,0.5221,0.1843,0.4871,0.3858,0.4052,0.4052
5330,281,D281K,D,K,p-,p+,0.4924,0.5221,0.1843,0.4871,0.3858,0.2942,0.2942
5331,281,D281M,D,M,p-,np,0.4924,0.5221,0.1843,0.4871,0.3858,0.4492,0.4492
5332,281,D281F,D,F,p-,np,0.4924,0.5221,0.1843,0.4871,0.3858,0.4907,0.4907
5333,281,D281P,D,P,p-,np,0.4924,0.5221,0.1843,0.4871,0.3858,0.5201,0.5201
5334,281,D281S,D,S,p-,p~,0.4924,0.5221,0.1843,0.4871,0.3858,0.3126,0.3126
5335,281,D281T,D,T,p-,p~,0.4924,0.5221,0.1843,0.4871,0.3858,0.417,0.417
5336,281,D281W,D,W,p-,np,0.4924,0.5221,0.1843,0.4871,0.3858,0.5479,0.5479
5337,281,D281Y,D,Y,p-,p~,0.4924,0.5221,0.1843,0.4871,0.3858,0.4252,0.4252
5338,281,D281V,D,V,p-,np,0.4924,0.5221,0.1843,0.4871,0.3858,0.4785,0.4785
5339,282,S282A,S,A,p~,np,0.4795,0.505,0.5729,0.3021,0.2924,0.2688,0.2688
5340,282,S282R,S,R,p~,p+,0.4795,0.505,0.5729,0.3021,0.2924,0.2823,0.2823
5341,282,S282N,S,N,p~,p~,0.4795,0.505,0.5729,0.3021,0.2924,0.3188,0.3188
5342,282,S282D,S,D,p~,p-,0.4795,0.505,0.5729,0.3021,0.2924,0.4191,0.4191
5343,282,S282C,S,C,p~,p~,0.4795,0.505,0.5729,0.3021,0.2924,0.631,0.631
5344,282,S282Q,S,Q,p~,p~,0.4795,0.505,0.5729,0.3021,0.2924,0.2629,0.2629
5345,282,S282E,S,E,p~,p-,0.4795,0.505,0.5729,0.3021,0.2924,0.3718,0.3718
5346,282,S282G,S,G,p~,np,0.4795,0.505,0.5729,0.3021,0.2924,0.4151,0.4151
5347,282,S282H,S,H,p~,p~,0.4795,0.505,0.5729,0.3021,0.2924,0.4744,0.4744
5348,282,S282I,S,I,p~,np,0.4795,0.505,0.5729,0.3021,0.2924,0.3785,0.3785
5349,282,S282L,S,L,p~,np,0.4795,0.505,0.5729,0.3021,0.2924,0.3609,0.3609
5350,282,S282K,S,K,p~,p+,0.4795,0.505,0.5729,0.3021,0.2924,0.234,0.234
5351,282,S282M,S,M,p~,np,0.4795,0.505,0.5729,0.3021,0.2924,0.4076,0.4076
5352,282,S282F,S,F,p~,np,0.4795,0.505,0.5729,0.3021,0.2924,0.5143,0.5143
5353,282,S282P,S,P,p~,np,0.4795,0.505,0.5729,0.3021,0.2924,0.6951,0.6951
5354,282,S282T,S,T,p~,p~,0.4795,0.505,0.5729,0.3021,0.2924,0.1871,0.1871
5355,282,S282W,S,W,p~,np,0.4795,0.505,0.5729,0.3021,0.2924,0.587,0.587
5356,282,S282Y,S,Y,p~,p~,0.4795,0.505,0.5729,0.3021,0.2924,0.4988,0.4988
5357,282,S282V,S,V,p~,np,0.4795,0.505,0.5729,0.3021,0.2924,0.3479,0.3479
5358,283,W283A,W,A,np,np,0.3651,0.3952,0.0848,0.9854,0.987,0.6915,0.6915
5359,283,W283R,W,R,np,p+,0.3651,0.3952,0.0848,0.9854,0.987,0.6834,0.6834
5360,283,W283N,W,N,np,p~,0.3651,0.3952,0.0848,0.9854,0.987,0.767,0.767
5361,283,W283D,W,D,np,p-,0.3651,0.3952,0.0848,0.9854,0.987,0.8219,0.8219
5362,283,W283C,W,C,np,p~,0.3651,0.3952,0.0848,0.9854,0.987,0.7057,0.7057
5363,283,W283Q,W,Q,np,p~,0.3651,0.3952,0.0848,0.9854,0.987,0.7494,0.7494
5364,283,W283E,W,E,np,p-,0.3651,0.3952,0.0848,0.9854,0.987,0.797,0.797
5365,283,W283G,W,G,np,np,0.3651,0.3952,0.0848,0.9854,0.987,0.712,0.712
5366,283,W283H,W,H,np,p~,0.3651,0.3952,0.0848,0.9854,0.987,0.7444,0.7444
5367,283,W283I,W,I,np,np,0.3651,0.3952,0.0848,0.9854,0.987,0.6007,0.6007
5368,283,W283L,W,L,np,np,0.3651,0.3952,0.0848,0.9854,0.987,0.5723,0.5723
5369,283,W283K,W,K,np,p+,0.3651,0.3952,0.0848,0.9854,0.987,0.7242,0.7242
5370,283,W283M,W,M,np,np,0.3651,0.3952,0.0848,0.9854,0.987,0.6206,0.6206
5371,283,W283F,W,F,np,np,0.3651,0.3952,0.0848,0.9854,0.987,0.3787,0.3787
5372,283,W283P,W,P,np,np,0.3651,0.3952,0.0848,0.9854,0.987,0.7789,0.7789
5373,283,W283S,W,S,np,p~,0.3651,0.3952,0.0848,0.9854,0.987,0.6803,0.6803
5374,283,W283T,W,T,np,p~,0.3651,0.3952,0.0848,0.9854,0.987,0.6879,0.6879
5375,283,W283Y,W,Y,np,p~,0.3651,0.3952,0.0848,0.9854,0.987,0.4533,0.4533
5376,283,W283V,W,V,np,np,0.3651,0.3952,0.0848,0.9854,0.987,0.625,0.625
5377,284,I284A,I,A,np,np,0.4489,0.4686,0.5235,0.3737,0.4515,0.206,0.206
5378,284,I284R,I,R,np,p+,0.4489,0.4686,0.5235,0.3737,0.4515,0.228,0.228
5379,284,I284N,I,N,np,p~,0.4489,0.4686,0.5235,0.3737,0.4515,0.268,0.268
5380,284,I284D,I,D,np,p-,0.4489,0.4686,0.5235,0.3737,0.4515,0.3676,0.3676
5381,284,I284C,I,C,np,p~,0.4489,0.4686,0.5235,0.3737,0.4515,0.5306,0.5306
5382,284,I284Q,I,Q,np,p~,0.4489,0.4686,0.5235,0.3737,0.4515,0.2342,0.2342
5383,284,I284E,I,E,np,p-,0.4489,0.4686,0.5235,0.3737,0.4515,0.3047,0.3047
5384,284,I284G,I,G,np,np,0.4489,0.4686,0.5235,0.3737,0.4515,0.2778,0.2778
5385,284,I284H,I,H,np,p~,0.4489,0.4686,0.5235,0.3737,0.4515,0.3293,0.3293
5386,284,I284L,I,L,np,np,0.4489,0.4686,0.5235,0.3737,0.4515,0.2304,0.2304
5387,284,I284K,I,K,np,p+,0.4489,0.4686,0.5235,0.3737,0.4515,0.2001,0.2001
5388,284,I284M,I,M,np,np,0.4489,0.4686,0.5235,0.3737,0.4515,0.3329,0.3329
5389,284,I284F,I,F,np,np,0.4489,0.4686,0.5235,0.3737,0.4515,0.2905,0.2905
5390,284,I284P,I,P,np,np,0.4489,0.4686,0.5235,0.3737,0.4515,0.4831,0.4831
5391,284,I284S,I,S,np,p~,0.4489,0.4686,0.5235,0.3737,0.4515,0.0915,0.0915
5392,284,I284T,I,T,np,p~,0.4489,0.4686,0.5235,0.3737,0.4515,0.0889,0.0889
5393,284,I284W,I,W,np,np,0.4489,0.4686,0.5235,0.3737,0.4515,0.4318,0.4318
5394,284,I284Y,I,Y,np,p~,0.4489,0.4686,0.5235,0.3737,0.4515,0.2725,0.2725
5395,284,I284V,I,V,np,np,0.4489,0.4686,0.5235,0.3737,0.4515,0.1629,0.1629
5396,285,P285A,P,A,np,np,0.4611,0.4778,0.3454,0.4086,0.1878,0.0715,0.0715
5397,285,P285R,P,R,np,p+,0.4611,0.4778,0.3454,0.4086,0.1878,0.1627,0.1627
5398,285,P285N,P,N,np,p~,0.4611,0.4778,0.3454,0.4086,0.1878,0.1754,0.1754
5399,285,P285D,P,D,np,p-,0.4611,0.4778,0.3454,0.4086,0.1878,0.1946,0.1946
5400,285,P285C,P,C,np,p~,0.4611,0.4778,0.3454,0.4086,0.1878,0.5835,0.5835
5401,285,P285Q,P,Q,np,p~,0.4611,0.4778,0.3454,0.4086,0.1878,0.0621,0.0621
5402,285,P285E,P,E,np,p-,0.4611,0.4778,0.3454,0.4086,0.1878,0.2206,0.2206
5403,285,P285G,P,G,np,np,0.4611,0.4778,0.3454,0.4086,0.1878,0.2371,0.2371
5404,285,P285H,P,H,np,p~,0.4611,0.4778,0.3454,0.4086,0.1878,0.3202,0.3202
5405,285,P285I,P,I,np,np,0.4611,0.4778,0.3454,0.4086,0.1878,0.2876,0.2876
5406,285,P285L,P,L,np,np,0.4611,0.4778,0.3454,0.4086,0.1878,0.253,0.253
5407,285,P285K,P,K,np,p+,0.4611,0.4778,0.3454,0.4086,0.1878,0.1298,0.1298
5408,285,P285M,P,M,np,np,0.4611,0.4778,0.3454,0.4086,0.1878,0.3432,0.3432
5409,285,P285F,P,F,np,np,0.4611,0.4778,0.3454,0.4086,0.1878,0.2858,0.2858
5410,285,P285S,P,S,np,p~,0.4611,0.4778,0.3454,0.4086,0.1878,0.1204,0.1204
5411,285,P285T,P,T,np,p~,0.4611,0.4778,0.3454,0.4086,0.1878,0.1546,0.1546
5412,285,P285W,P,W,np,np,0.4611,0.4778,0.3454,0.4086,0.1878,0.3124,0.3124
5413,285,P285Y,P,Y,np,p~,0.4611,0.4778,0.3454,0.4086,0.1878,0.2046,0.2046
5414,285,P285V,P,V,np,np,0.4611,0.4778,0.3454,0.4086,0.1878,0.232,0.232
5415,286,G286A,G,A,np,np,0.4473,0.4584,0.1689,0.6338,0.4522,0.2607,0.2607
5416,286,G286R,G,R,np,p+,0.4473,0.4584,0.1689,0.6338,0.4522,0.54,0.54
5417,286,G286N,G,N,np,p~,0.4473,0.4584,0.1689,0.6338,0.4522,0.5596,0.5596
5418,286,G286D,G,D,np,p-,0.4473,0.4584,0.1689,0.6338,0.4522,0.59,0.59
5419,286,G286C,G,C,np,p~,0.4473,0.4584,0.1689,0.6338,0.4522,0.7478,0.7478
5420,286,G286Q,G,Q,np,p~,0.4473,0.4584,0.1689,0.6338,0.4522,0.5178,0.5178
5421,286,G286E,G,E,np,p-,0.4473,0.4584,0.1689,0.6338,0.4522,0.5731,0.5731
5422,286,G286H,G,H,np,p~,0.4473,0.4584,0.1689,0.6338,0.4522,0.6444,0.6444
5423,286,G286I,G,I,np,np,0.4473,0.4584,0.1689,0.6338,0.4522,0.6119,0.6119
5424,286,G286L,G,L,np,np,0.4473,0.4584,0.1689,0.6338,0.4522,0.5269,0.5269
5425,286,G286K,G,K,np,p+,0.4473,0.4584,0.1689,0.6338,0.4522,0.5291,0.5291
5426,286,G286M,G,M,np,np,0.4473,0.4584,0.1689,0.6338,0.4522,0.5821,0.5821
5427,286,G286F,G,F,np,np,0.4473,0.4584,0.1689,0.6338,0.4522,0.6723,0.6723
5428,286,G286P,G,P,np,np,0.4473,0.4584,0.1689,0.6338,0.4522,0.6241,0.6241
5429,286,G286S,G,S,np,p~,0.4473,0.4584,0.1689,0.6338,0.4522,0.405,0.405
5430,286,G286T,G,T,np,p~,0.4473,0.4584,0.1689,0.6338,0.4522,0.4646,0.4646
5431,286,G286W,G,W,np,np,0.4473,0.4584,0.1689,0.6338,0.4522,0.732,0.732
5432,286,G286Y,G,Y,np,p~,0.4473,0.4584,0.1689,0.6338,0.4522,0.6284,0.6284
5433,286,G286V,G,V,np,np,0.4473,0.4584,0.1689,0.6338,0.4522,0.5316,0.5316
5434,287,P287A,P,A,np,np,0.4232,0.4322,0.2059,0.5119,0.3927,0.2154,0.2154
5435,287,P287R,P,R,np,p+,0.4232,0.4322,0.2059,0.5119,0.3927,0.3878,0.3878
5436,287,P287N,P,N,np,p~,0.4232,0.4322,0.2059,0.5119,0.3927,0.2926,0.2926
5437,287,P287D,P,D,np,p-,0.4232,0.4322,0.2059,0.5119,0.3927,0.288,0.288
5438,287,P287C,P,C,np,p~,0.4232,0.4322,0.2059,0.5119,0.3927,0.707,0.707
5439,287,P287Q,P,Q,np,p~,0.4232,0.4322,0.2059,0.5119,0.3927,0.3303,0.3303
5440,287,P287E,P,E,np,p-,0.4232,0.4322,0.2059,0.5119,0.3927,0.3511,0.3511
5441,287,P287G,P,G,np,np,0.4232,0.4322,0.2059,0.5119,0.3927,0.3294,0.3294
5442,287,P287H,P,H,np,p~,0.4232,0.4322,0.2059,0.5119,0.3927,0.4853,0.4853
5443,287,P287I,P,I,np,np,0.4232,0.4322,0.2059,0.5119,0.3927,0.4112,0.4112
5444,287,P287L,P,L,np,np,0.4232,0.4322,0.2059,0.5119,0.3927,0.3677,0.3677
5445,287,P287K,P,K,np,p+,0.4232,0.4322,0.2059,0.5119,0.3927,0.3358,0.3358
5446,287,P287M,P,M,np,np,0.4232,0.4322,0.2059,0.5119,0.3927,0.503,0.503
5447,287,P287F,P,F,np,np,0.4232,0.4322,0.2059,0.5119,0.3927,0.4948,0.4948
5448,287,P287S,P,S,np,p~,0.4232,0.4322,0.2059,0.5119,0.3927,0.266,0.266
5449,287,P287T,P,T,np,p~,0.4232,0.4322,0.2059,0.5119,0.3927,0.2265,0.2265
5450,287,P287W,P,W,np,np,0.4232,0.4322,0.2059,0.5119,0.3927,0.5815,0.5815
5451,287,P287Y,P,Y,np,p~,0.4232,0.4322,0.2059,0.5119,0.3927,0.4691,0.4691
5452,287,P287V,P,V,np,np,0.4232,0.4322,0.2059,0.5119,0.3927,0.3461,0.3461
5453,288,D288A,D,A,p-,np,0.4114,0.4207,0.2375,0.4066,0.3757,0.3233,0.3233
5454,288,D288R,D,R,p-,p+,0.4114,0.4207,0.2375,0.4066,0.3757,0.4657,0.4657
5455,288,D288N,D,N,p-,p~,0.4114,0.4207,0.2375,0.4066,0.3757,0.2393,0.2393
5456,288,D288C,D,C,p-,p~,0.4114,0.4207,0.2375,0.4066,0.3757,0.7514,0.7514
5457,288,D288Q,D,Q,p-,p~,0.4114,0.4207,0.2375,0.4066,0.3757,0.408,0.408
5458,288,D288E,D,E,p-,p-,0.4114,0.4207,0.2375,0.4066,0.3757,0.354,0.354
5459,288,D288G,D,G,p-,np,0.4114,0.4207,0.2375,0.4066,0.3757,0.3791,0.3791
5460,288,D288H,D,H,p-,p~,0.4114,0.4207,0.2375,0.4066,0.3757,0.5114,0.5114
5461,288,D288I,D,I,p-,np,0.4114,0.4207,0.2375,0.4066,0.3757,0.5088,0.5088
5462,288,D288L,D,L,p-,np,0.4114,0.4207,0.2375,0.4066,0.3757,0.428,0.428
5463,288,D288K,D,K,p-,p+,0.4114,0.4207,0.2375,0.4066,0.3757,0.4212,0.4212
5464,288,D288M,D,M,p-,np,0.4114,0.4207,0.2375,0.4066,0.3757,0.5459,0.5459
5465,288,D288F,D,F,p-,np,0.4114,0.4207,0.2375,0.4066,0.3757,0.5167,0.5167
5466,288,D288P,D,P,p-,np,0.4114,0.4207,0.2375,0.4066,0.3757,0.33,0.33
5467,288,D288S,D,S,p-,p~,0.4114,0.4207,0.2375,0.4066,0.3757,0.2648,0.2648
5468,288,D288T,D,T,p-,p~,0.4114,0.4207,0.2375,0.4066,0.3757,0.3635,0.3635
5469,288,D288W,D,W,p-,np,0.4114,0.4207,0.2375,0.4066,0.3757,0.5967,0.5967
5470,288,D288Y,D,Y,p-,p~,0.4114,0.4207,0.2375,0.4066,0.3757,0.4964,0.4964
5471,288,D288V,D,V,p-,np,0.4114,0.4207,0.2375,0.4066,0.3757,0.4526,0.4526
5472,289,M289A,M,A,np,np,0.3092,0.3193,0.0856,0.9456,0.978,0.4653,0.4653
5473,289,M289R,M,R,np,p+,0.3092,0.3193,0.0856,0.9456,0.978,0.703,0.703
5474,289,M289N,M,N,np,p~,0.3092,0.3193,0.0856,0.9456,0.978,0.5882,0.5882
5475,289,M289D,M,D,np,p-,0.3092,0.3193,0.0856,0.9456,0.978,0.7252,0.7252
5476,289,M289C,M,C,np,p~,0.3092,0.3193,0.0856,0.9456,0.978,0.5821,0.5821
5477,289,M289Q,M,Q,np,p~,0.3092,0.3193,0.0856,0.9456,0.978,0.4972,0.4972
5478,289,M289E,M,E,np,p-,0.3092,0.3193,0.0856,0.9456,0.978,0.7014,0.7014
5479,289,M289G,M,G,np,np,0.3092,0.3193,0.0856,0.9456,0.978,0.5894,0.5894
5480,289,M289H,M,H,np,p~,0.3092,0.3193,0.0856,0.9456,0.978,0.5921,0.5921
5481,289,M289I,M,I,np,np,0.3092,0.3193,0.0856,0.9456,0.978,0.4808,0.4808
5482,289,M289L,M,L,np,np,0.3092,0.3193,0.0856,0.9456,0.978,0.3141,0.3141
5483,289,M289K,M,K,np,p+,0.3092,0.3193,0.0856,0.9456,0.978,0.6946,0.6946
5484,289,M289F,M,F,np,np,0.3092,0.3193,0.0856,0.9456,0.978,0.5627,0.5627
5485,289,M289P,M,P,np,np,0.3092,0.3193,0.0856,0.9456,0.978,0.6114,0.6114
5486,289,M289S,M,S,np,p~,0.3092,0.3193,0.0856,0.9456,0.978,0.4989,0.4989
5487,289,M289T,M,T,np,p~,0.3092,0.3193,0.0856,0.9456,0.978,0.4688,0.4688
5488,289,M289W,M,W,np,np,0.3092,0.3193,0.0856,0.9456,0.978,0.7885,0.7885
5489,289,M289Y,M,Y,np,p~,0.3092,0.3193,0.0856,0.9456,0.978,0.6661,0.6661
5490,289,M289V,M,V,np,np,0.3092,0.3193,0.0856,0.9456,0.978,0.5587,0.5587
5491,290,Q290A,Q,A,p~,np,0.4031,0.4069,0.4618,0.3486,0.3883,-0.042,-0.042
5492,290,Q290R,Q,R,p~,p+,0.4031,0.4069,0.4618,0.3486,0.3883,0.0255,0.0255
5493,290,Q290N,Q,N,p~,p~,0.4031,0.4069,0.4618,0.3486,0.3883,-0.1165,-0.1165
5494,290,Q290D,Q,D,p~,p-,0.4031,0.4069,0.4618,0.3486,0.3883,0.1042,0.1042
5495,290,Q290C,Q,C,p~,p~,0.4031,0.4069,0.4618,0.3486,0.3883,0.4837,0.4837
5496,290,Q290E,Q,E,p~,p-,0.4031,0.4069,0.4618,0.3486,0.3883,0.095,0.095
5497,290,Q290G,Q,G,p~,np,0.4031,0.4069,0.4618,0.3486,0.3883,0.0437,0.0437
5498,290,Q290H,Q,H,p~,p~,0.4031,0.4069,0.4618,0.3486,0.3883,0.0582,0.0582
5499,290,Q290I,Q,I,p~,np,0.4031,0.4069,0.4618,0.3486,0.3883,0.048,0.048
5500,290,Q290L,Q,L,p~,np,0.4031,0.4069,0.4618,0.3486,0.3883,0.0075,0.0075
5501,290,Q290K,Q,K,p~,p+,0.4031,0.4069,0.4618,0.3486,0.3883,-0.1318,-0.1318
5502,290,Q290M,Q,M,p~,np,0.4031,0.4069,0.4618,0.3486,0.3883,0.1296,0.1296
5503,290,Q290F,Q,F,p~,np,0.4031,0.4069,0.4618,0.3486,0.3883,0.1253,0.1253
5504,290,Q290P,Q,P,p~,np,0.4031,0.4069,0.4618,0.3486,0.3883,0.2635,0.2635
5505,290,Q290S,Q,S,p~,p~,0.4031,0.4069,0.4618,0.3486,0.3883,-0.0257,-0.0257
5506,290,Q290T,Q,T,p~,p~,0.4031,0.4069,0.4618,0.3486,0.3883,-0.0074,-0.0074
5507,290,Q290W,Q,W,p~,np,0.4031,0.4069,0.4618,0.3486,0.3883,0.2759,0.2759
5508,290,Q290Y,Q,Y,p~,p~,0.4031,0.4069,0.4618,0.3486,0.3883,0.1317,0.1317
5509,290,Q290V,Q,V,p~,np,0.4031,0.4069,0.4618,0.3486,0.3883,-0.0008,-0.0008
5510,291,V291A,V,A,np,np,0.3349,0.3396,0.1989,0.5281,0.7856,0.4382,0.4382
5511,291,V291R,V,R,np,p+,0.3349,0.3396,0.1989,0.5281,0.7856,0.4422,0.4422
5512,291,V291N,V,N,np,p~,0.3349,0.3396,0.1989,0.5281,0.7856,0.4425,0.4425
5513,291,V291D,V,D,np,p-,0.3349,0.3396,0.1989,0.5281,0.7856,0.5807,0.5807
5514,291,V291C,V,C,np,p~,0.3349,0.3396,0.1989,0.5281,0.7856,0.6855,0.6855
5515,291,V291Q,V,Q,np,p~,0.3349,0.3396,0.1989,0.5281,0.7856,0.3698,0.3698
5516,291,V291E,V,E,np,p-,0.3349,0.3396,0.1989,0.5281,0.7856,0.5118,0.5118
5517,291,V291G,V,G,np,np,0.3349,0.3396,0.1989,0.5281,0.7856,0.5555,0.5555
5518,291,V291H,V,H,np,p~,0.3349,0.3396,0.1989,0.5281,0.7856,0.4745,0.4745
5519,291,V291I,V,I,np,np,0.3349,0.3396,0.1989,0.5281,0.7856,0.1787,0.1787
5520,291,V291L,V,L,np,np,0.3349,0.3396,0.1989,0.5281,0.7856,0.2721,0.2721
5521,291,V291K,V,K,np,p+,0.3349,0.3396,0.1989,0.5281,0.7856,0.3198,0.3198
5522,291,V291M,V,M,np,np,0.3349,0.3396,0.1989,0.5281,0.7856,0.2799,0.2799
5523,291,V291F,V,F,np,np,0.3349,0.3396,0.1989,0.5281,0.7856,0.3944,0.3944
5524,291,V291P,V,P,np,np,0.3349,0.3396,0.1989,0.5281,0.7856,0.6333,0.6333
5525,291,V291S,V,S,np,p~,0.3349,0.3396,0.1989,0.5281,0.7856,0.4462,0.4462
5526,291,V291T,V,T,np,p~,0.3349,0.3396,0.1989,0.5281,0.7856,0.3666,0.3666
5527,291,V291W,V,W,np,np,0.3349,0.3396,0.1989,0.5281,0.7856,0.5339,0.5339
5528,291,V291Y,V,Y,np,p~,0.3349,0.3396,0.1989,0.5281,0.7856,0.3685,0.3685
5529,292,A292R,A,R,np,p+,0.2789,0.2875,0.3554,0.4978,0.2752,0.4525,0.4525
5530,292,A292N,A,N,np,p~,0.2789,0.2875,0.3554,0.4978,0.2752,0.4613,0.4613
5531,292,A292D,A,D,np,p-,0.2789,0.2875,0.3554,0.4978,0.2752,0.4598,0.4598
5532,292,A292C,A,C,np,p~,0.2789,0.2875,0.3554,0.4978,0.2752,0.7063,0.7063
5533,292,A292Q,A,Q,np,p~,0.2789,0.2875,0.3554,0.4978,0.2752,0.3955,0.3955
5534,292,A292E,A,E,np,p-,0.2789,0.2875,0.3554,0.4978,0.2752,0.3306,0.3306
5535,292,A292G,A,G,np,np,0.2789,0.2875,0.3554,0.4978,0.2752,0.2099,0.2099
5536,292,A292H,A,H,np,p~,0.2789,0.2875,0.3554,0.4978,0.2752,0.5444,0.5444
5537,292,A292I,A,I,np,np,0.2789,0.2875,0.3554,0.4978,0.2752,0.5463,0.5463
5538,292,A292L,A,L,np,np,0.2789,0.2875,0.3554,0.4978,0.2752,0.5419,0.5419
5539,292,A292K,A,K,np,p+,0.2789,0.2875,0.3554,0.4978,0.2752,0.4335,0.4335
5540,292,A292M,A,M,np,np,0.2789,0.2875,0.3554,0.4978,0.2752,0.5466,0.5466
5541,292,A292F,A,F,np,np,0.2789,0.2875,0.3554,0.4978,0.2752,0.5773,0.5773
5542,292,A292P,A,P,np,np,0.2789,0.2875,0.3554,0.4978,0.2752,0.235,0.235
5543,292,A292S,A,S,np,p~,0.2789,0.2875,0.3554,0.4978,0.2752,0.3458,0.3458
5544,292,A292T,A,T,np,p~,0.2789,0.2875,0.3554,0.4978,0.2752,0.4175,0.4175
5545,292,A292W,A,W,np,np,0.2789,0.2875,0.3554,0.4978,0.2752,0.5712,0.5712
5546,292,A292Y,A,Y,np,p~,0.2789,0.2875,0.3554,0.4978,0.2752,0.5448,0.5448
5547,292,A292V,A,V,np,np,0.2789,0.2875,0.3554,0.4978,0.2752,0.4583,0.4583
5548,293,R293A,R,A,p+,np,0.2289,0.2387,0.0771,0.999,0.9983,0.6709,0.6709
5549,293,R293N,R,N,p+,p~,0.2289,0.2387,0.0771,0.999,0.9983,0.6211,0.6211
5550,293,R293D,R,D,p+,p-,0.2289,0.2387,0.0771,0.999,0.9983,0.7285,0.7285
5551,293,R293C,R,C,p+,p~,0.2289,0.2387,0.0771,0.999,0.9983,0.6197,0.6197
5552,293,R293Q,R,Q,p+,p~,0.2289,0.2387,0.0771,0.999,0.9983,0.6175,0.6175
5553,293,R293E,R,E,p+,p-,0.2289,0.2387,0.0771,0.999,0.9983,0.7036,0.7036
5554,293,R293G,R,G,p+,np,0.2289,0.2387,0.0771,0.999,0.9983,0.6025,0.6025
5555,293,R293H,R,H,p+,p~,0.2289,0.2387,0.0771,0.999,0.9983,0.473,0.473
5556,293,R293I,R,I,p+,np,0.2289,0.2387,0.0771,0.999,0.9983,0.6246,0.6246
5557,293,R293L,R,L,p+,np,0.2289,0.2387,0.0771,0.999,0.9983,0.6038,0.6038
5558,293,R293K,R,K,p+,p+,0.2289,0.2387,0.0771,0.999,0.9983,0.4644,0.4644
5559,293,R293M,R,M,p+,np,0.2289,0.2387,0.0771,0.999,0.9983,0.6734,0.6734
5560,293,R293F,R,F,p+,np,0.2289,0.2387,0.0771,0.999,0.9983,0.7648,0.7648
5561,293,R293P,R,P,p+,np,0.2289,0.2387,0.0771,0.999,0.9983,0.6618,0.6618
5562,293,R293S,R,S,p+,p~,0.2289,0.2387,0.0771,0.999,0.9983,0.5789,0.5789
5563,293,R293T,R,T,p+,p~,0.2289,0.2387,0.0771,0.999,0.9983,0.6434,0.6434
5564,293,R293W,R,W,p+,np,0.2289,0.2387,0.0771,0.999,0.9983,0.6693,0.6693
5565,293,R293Y,R,Y,p+,p~,0.2289,0.2387,0.0771,0.999,0.9983,0.6508,0.6508
5566,293,R293V,R,V,p+,np,0.2289,0.2387,0.0771,0.999,0.9983,0.7063,0.7063
5567,294,G294A,G,A,np,np,0.1717,0.1901,0.0864,0.9652,0.9419,0.3286,0.3286
5568,294,G294R,G,R,np,p+,0.1717,0.1901,0.0864,0.9652,0.9419,0.6774,0.6774
5569,294,G294N,G,N,np,p~,0.1717,0.1901,0.0864,0.9652,0.9419,0.6051,0.6051
5570,294,G294D,G,D,np,p-,0.1717,0.1901,0.0864,0.9652,0.9419,0.5792,0.5792
5571,294,G294C,G,C,np,p~,0.1717,0.1901,0.0864,0.9652,0.9419,0.5817,0.5817
5572,294,G294Q,G,Q,np,p~,0.1717,0.1901,0.0864,0.9652,0.9419,0.6735,0.6735
5573,294,G294E,G,E,np,p-,0.1717,0.1901,0.0864,0.9652,0.9419,0.6588,0.6588
5574,294,G294H,G,H,np,p~,0.1717,0.1901,0.0864,0.9652,0.9419,0.7309,0.7309
5575,294,G294I,G,I,np,np,0.1717,0.1901,0.0864,0.9652,0.9419,0.7553,0.7553
5576,294,G294L,G,L,np,np,0.1717,0.1901,0.0864,0.9652,0.9419,0.7127,0.7127
5577,294,G294K,G,K,np,p+,0.1717,0.1901,0.0864,0.9652,0.9419,0.741,0.741
5578,294,G294M,G,M,np,np,0.1717,0.1901,0.0864,0.9652,0.9419,0.7217,0.7217
5579,294,G294F,G,F,np,np,0.1717,0.1901,0.0864,0.9652,0.9419,0.7322,0.7322
5580,294,G294P,G,P,np,np,0.1717,0.1901,0.0864,0.9652,0.9419,0.8471,0.8471
5581,294,G294S,G,S,np,p~,0.1717,0.1901,0.0864,0.9652,0.9419,0.4546,0.4546
5582,294,G294T,G,T,np,p~,0.1717,0.1901,0.0864,0.9652,0.9419,0.6392,0.6392
5583,294,G294W,G,W,np,np,0.1717,0.1901,0.0864,0.9652,0.9419,0.756,0.756
5584,294,G294Y,G,Y,np,p~,0.1717,0.1901,0.0864,0.9652,0.9419,0.6637,0.6637
5585,294,G294V,G,V,np,np,0.1717,0.1901,0.0864,0.9652,0.9419,0.6594,0.6594
5586,295,Y295A,Y,A,p~,np,0.0544,0.0839,0.0771,0.999,0.9983,0.6778,0.6778
5587,295,Y295R,Y,R,p~,p+,0.0544,0.0839,0.0771,0.999,0.9983,0.7387,0.7387
5588,295,Y295N,Y,N,p~,p~,0.0544,0.0839,0.0771,0.999,0.9983,0.6142,0.6142
5589,295,Y295D,Y,D,p~,p-,0.0544,0.0839,0.0771,0.999,0.9983,0.574,0.574
5590,295,Y295C,Y,C,p~,p~,0.0544,0.0839,0.0771,0.999,0.9983,0.5432,0.5432
5591,295,Y295Q,Y,Q,p~,p~,0.0544,0.0839,0.0771,0.999,0.9983,0.644,0.644
5592,295,Y295E,Y,E,p~,p-,0.0544,0.0839,0.0771,0.999,0.9983,0.6543,0.6543
5593,295,Y295G,Y,G,p~,np,0.0544,0.0839,0.0771,0.999,0.9983,0.7127,0.7127
5594,295,Y295H,Y,H,p~,p~,0.0544,0.0839,0.0771,0.999,0.9983,0.562,0.562
5595,295,Y295I,Y,I,p~,np,0.0544,0.0839,0.0771,0.999,0.9983,0.7893,0.7893
5596,295,Y295L,Y,L,p~,np,0.0544,0.0839,0.0771,0.999,0.9983,0.6767,0.6767
5597,295,Y295K,Y,K,p~,p+,0.0544,0.0839,0.0771,0.999,0.9983,0.753,0.753
5598,295,Y295M,Y,M,p~,np,0.0544,0.0839,0.0771,0.999,0.9983,0.7077,0.7077
5599,295,Y295F,Y,F,p~,np,0.0544,0.0839,0.0771,0.999,0.9983,0.5598,0.5598
5600,295,Y295P,Y,P,p~,np,0.0544,0.0839,0.0771,0.999,0.9983,0.822,0.822
5601,295,Y295S,Y,S,p~,p~,0.0544,0.0839,0.0771,0.999,0.9983,0.6326,0.6326
5602,295,Y295T,Y,T,p~,p~,0.0544,0.0839,0.0771,0.999,0.9983,0.7526,0.7526
5603,295,Y295W,Y,W,p~,np,0.0544,0.0839,0.0771,0.999,0.9983,0.6065,0.6065
5604,295,Y295V,Y,V,p~,np,0.0544,0.0839,0.0771,0.999,0.9983,0.719,0.719
5605,296,Q296A,Q,A,p~,np,0.2025,0.2233,0.1033,0.8537,0.7554,0.5601,0.5601
5606,296,Q296R,Q,R,p~,p+,0.2025,0.2233,0.1033,0.8537,0.7554,0.7287,0.7287
5607,296,Q296N,Q,N,p~,p~,0.2025,0.2233,0.1033,0.8537,0.7554,0.5539,0.5539
5608,296,Q296D,Q,D,p~,p-,0.2025,0.2233,0.1033,0.8537,0.7554,0.6853,0.6853
5609,296,Q296C,Q,C,p~,p~,0.2025,0.2233,0.1033,0.8537,0.7554,0.6904,0.6904
5610,296,Q296E,Q,E,p~,p-,0.2025,0.2233,0.1033,0.8537,0.7554,0.534,0.534
5611,296,Q296G,Q,G,p~,np,0.2025,0.2233,0.1033,0.8537,0.7554,0.602,0.602
5612,296,Q296H,Q,H,p~,p~,0.2025,0.2233,0.1033,0.8537,0.7554,0.4228,0.4228
5613,296,Q296I,Q,I,p~,np,0.2025,0.2233,0.1033,0.8537,0.7554,0.6897,0.6897
5614,296,Q296L,Q,L,p~,np,0.2025,0.2233,0.1033,0.8537,0.7554,0.5492,0.5492
5615,296,Q296K,Q,K,p~,p+,0.2025,0.2233,0.1033,0.8537,0.7554,0.6865,0.6865
5616,296,Q296M,Q,M,p~,np,0.2025,0.2233,0.1033,0.8537,0.7554,0.5941,0.5941
5617,296,Q296F,Q,F,p~,np,0.2025,0.2233,0.1033,0.8537,0.7554,0.7233,0.7233
5618,296,Q296P,Q,P,p~,np,0.2025,0.2233,0.1033,0.8537,0.7554,0.5646,0.5646
5619,296,Q296S,Q,S,p~,p~,0.2025,0.2233,0.1033,0.8537,0.7554,0.5564,0.5564
5620,296,Q296T,Q,T,p~,p~,0.2025,0.2233,0.1033,0.8537,0.7554,0.5818,0.5818
5621,296,Q296W,Q,W,p~,np,0.2025,0.2233,0.1033,0.8537,0.7554,0.8916,0.8916
5622,296,Q296Y,Q,Y,p~,p~,0.2025,0.2233,0.1033,0.8537,0.7554,0.7319,0.7319
5623,296,Q296V,Q,V,p~,np,0.2025,0.2233,0.1033,0.8537,0.7554,0.613,0.613
5624,297,S297A,S,A,p~,np,0.2513,0.2753,0.1773,0.7012,0.5105,0.2364,0.2364
5625,297,S297R,S,R,p~,p+,0.2513,0.2753,0.1773,0.7012,0.5105,0.6841,0.6841
5626,297,S297N,S,N,p~,p~,0.2513,0.2753,0.1773,0.7012,0.5105,0.4685,0.4685
5627,297,S297D,S,D,p~,p-,0.2513,0.2753,0.1773,0.7012,0.5105,0.602,0.602
5628,297,S297C,S,C,p~,p~,0.2513,0.2753,0.1773,0.7012,0.5105,0.5017,0.5017
5629,297,S297Q,S,Q,p~,p~,0.2513,0.2753,0.1773,0.7012,0.5105,0.5797,0.5797
5630,297,S297E,S,E,p~,p-,0.2513,0.2753,0.1773,0.7012,0.5105,0.6468,0.6468
5631,297,S297G,S,G,p~,np,0.2513,0.2753,0.1773,0.7012,0.5105,0.3134,0.3134
5632,297,S297H,S,H,p~,p~,0.2513,0.2753,0.1773,0.7012,0.5105,0.6459,0.6459
5633,297,S297I,S,I,p~,np,0.2513,0.2753,0.1773,0.7012,0.5105,0.6796,0.6796
5634,297,S297L,S,L,p~,np,0.2513,0.2753,0.1773,0.7012,0.5105,0.6806,0.6806
5635,297,S297K,S,K,p~,p+,0.2513,0.2753,0.1773,0.7012,0.5105,0.6549,0.6549
5636,297,S297M,S,M,p~,np,0.2513,0.2753,0.1773,0.7012,0.5105,0.6194,0.6194
5637,297,S297F,S,F,p~,np,0.2513,0.2753,0.1773,0.7012,0.5105,0.702,0.702
5638,297,S297P,S,P,p~,np,0.2513,0.2753,0.1773,0.7012,0.5105,0.5954,0.5954
5639,297,S297T,S,T,p~,p~,0.2513,0.2753,0.1773,0.7012,0.5105,0.3221,0.3221
5640,297,S297W,S,W,p~,np,0.2513,0.2753,0.1773,0.7012,0.5105,0.8141,0.8141
5641,297,S297Y,S,Y,p~,p~,0.2513,0.2753,0.1773,0.7012,0.5105,0.7027,0.7027
5642,297,S297V,S,V,p~,np,0.2513,0.2753,0.1773,0.7012,0.5105,0.5636,0.5636
5643,298,S298A,S,A,p~,np,0.3072,0.3254,0.1372,0.6383,0.7171,0.2998,0.2998
5644,298,S298R,S,R,p~,p+,0.3072,0.3254,0.1372,0.6383,0.7171,0.7125,0.7125
5645,298,S298N,S,N,p~,p~,0.3072,0.3254,0.1372,0.6383,0.7171,0.2597,0.2597
5646,298,S298D,S,D,p~,p-,0.3072,0.3254,0.1372,0.6383,0.7171,0.5143,0.5143
5647,298,S298C,S,C,p~,p~,0.3072,0.3254,0.1372,0.6383,0.7171,0.3868,0.3868
5648,298,S298Q,S,Q,p~,p~,0.3072,0.3254,0.1372,0.6383,0.7171,0.3437,0.3437
5649,298,S298E,S,E,p~,p-,0.3072,0.3254,0.1372,0.6383,0.7171,0.5634,0.5634
5650,298,S298G,S,G,p~,np,0.3072,0.3254,0.1372,0.6383,0.7171,0.4444,0.4444
5651,298,S298H,S,H,p~,p~,0.3072,0.3254,0.1372,0.6383,0.7171,0.513,0.513
5652,298,S298I,S,I,p~,np,0.3072,0.3254,0.1372,0.6383,0.7171,0.4714,0.4714
5653,298,S298L,S,L,p~,np,0.3072,0.3254,0.1372,0.6383,0.7171,0.4633,0.4633
5654,298,S298K,S,K,p~,p+,0.3072,0.3254,0.1372,0.6383,0.7171,0.6456,0.6456
5655,298,S298M,S,M,p~,np,0.3072,0.3254,0.1372,0.6383,0.7171,0.3784,0.3784
5656,298,S298F,S,F,p~,np,0.3072,0.3254,0.1372,0.6383,0.7171,0.6345,0.6345
5657,298,S298P,S,P,p~,np,0.3072,0.3254,0.1372,0.6383,0.7171,0.6146,0.6146
5658,298,S298T,S,T,p~,p~,0.3072,0.3254,0.1372,0.6383,0.7171,0.2715,0.2715
5659,298,S298W,S,W,p~,np,0.3072,0.3254,0.1372,0.6383,0.7171,0.764,0.764
5660,298,S298Y,S,Y,p~,p~,0.3072,0.3254,0.1372,0.6383,0.7171,0.6803,0.6803
5661,298,S298V,S,V,p~,np,0.3072,0.3254,0.1372,0.6383,0.7171,0.405,0.405
5662,299,A299R,A,R,np,p+,0.3723,0.3884,0.1565,0.674,0.6129,0.7366,0.7366
5663,299,A299N,A,N,np,p~,0.3723,0.3884,0.1565,0.674,0.6129,0.4544,0.4544
5664,299,A299D,A,D,np,p-,0.3723,0.3884,0.1565,0.674,0.6129,0.5661,0.5661
5665,299,A299C,A,C,np,p~,0.3723,0.3884,0.1565,0.674,0.6129,0.2537,0.2537
5666,299,A299Q,A,Q,np,p~,0.3723,0.3884,0.1565,0.674,0.6129,0.6162,0.6162
5667,299,A299E,A,E,np,p-,0.3723,0.3884,0.1565,0.674,0.6129,0.6021,0.6021
5668,299,A299G,A,G,np,np,0.3723,0.3884,0.1565,0.674,0.6129,0.4576,0.4576
5669,299,A299H,A,H,np,p~,0.3723,0.3884,0.1565,0.674,0.6129,0.64,0.64
5670,299,A299I,A,I,np,np,0.3723,0.3884,0.1565,0.674,0.6129,0.4115,0.4115
5671,299,A299L,A,L,np,np,0.3723,0.3884,0.1565,0.674,0.6129,0.535,0.535
5672,299,A299K,A,K,np,p+,0.3723,0.3884,0.1565,0.674,0.6129,0.7519,0.7519
5673,299,A299M,A,M,np,np,0.3723,0.3884,0.1565,0.674,0.6129,0.5716,0.5716
5674,299,A299F,A,F,np,np,0.3723,0.3884,0.1565,0.674,0.6129,0.6178,0.6178
5675,299,A299P,A,P,np,np,0.3723,0.3884,0.1565,0.674,0.6129,0.6586,0.6586
5676,299,A299S,A,S,np,p~,0.3723,0.3884,0.1565,0.674,0.6129,0.2952,0.2952
5677,299,A299T,A,T,np,p~,0.3723,0.3884,0.1565,0.674,0.6129,0.1993,0.1993
5678,299,A299W,A,W,np,np,0.3723,0.3884,0.1565,0.674,0.6129,0.6828,0.6828
5679,299,A299Y,A,Y,np,p~,0.3723,0.3884,0.1565,0.674,0.6129,0.6608,0.6608
5680,299,A299V,A,V,np,np,0.3723,0.3884,0.1565,0.674,0.6129,0.244,0.244
5681,300,T300A,T,A,p~,np,0.4285,0.4422,0.1095,0.7691,0.6822,0.4871,0.4871
5682,300,T300R,T,R,p~,p+,0.4285,0.4422,0.1095,0.7691,0.6822,0.521,0.521
5683,300,T300N,T,N,p~,p~,0.4285,0.4422,0.1095,0.7691,0.6822,0.4961,0.4961
5684,300,T300D,T,D,p~,p-,0.4285,0.4422,0.1095,0.7691,0.6822,0.704,0.704
5685,300,T300C,T,C,p~,p~,0.4285,0.4422,0.1095,0.7691,0.6822,0.7136,0.7136
5686,300,T300Q,T,Q,p~,p~,0.4285,0.4422,0.1095,0.7691,0.6822,0.5687,0.5687
5687,300,T300E,T,E,p~,p-,0.4285,0.4422,0.1095,0.7691,0.6822,0.6402,0.6402
5688,300,T300G,T,G,p~,np,0.4285,0.4422,0.1095,0.7691,0.6822,0.5875,0.5875
5689,300,T300H,T,H,p~,p~,0.4285,0.4422,0.1095,0.7691,0.6822,0.5896,0.5896
5690,300,T300I,T,I,p~,np,0.4285,0.4422,0.1095,0.7691,0.6822,0.4411,0.4411
5691,300,T300L,T,L,p~,np,0.4285,0.4422,0.1095,0.7691,0.6822,0.4305,0.4305
5692,300,T300K,T,K,p~,p+,0.4285,0.4422,0.1095,0.7691,0.6822,0.5288,0.5288
5693,300,T300M,T,M,p~,np,0.4285,0.4422,0.1095,0.7691,0.6822,0.4736,0.4736
5694,300,T300F,T,F,p~,np,0.4285,0.4422,0.1095,0.7691,0.6822,0.514,0.514
5695,300,T300P,T,P,p~,np,0.4285,0.4422,0.1095,0.7691,0.6822,0.5948,0.5948
5696,300,T300S,T,S,p~,p~,0.4285,0.4422,0.1095,0.7691,0.6822,0.42,0.42
5697,300,T300W,T,W,p~,np,0.4285,0.4422,0.1095,0.7691,0.6822,0.6521,0.6521
5698,300,T300Y,T,Y,p~,p~,0.4285,0.4422,0.1095,0.7691,0.6822,0.5817,0.5817
5699,300,T300V,T,V,p~,np,0.4285,0.4422,0.1095,0.7691,0.6822,0.4157,0.4157
5700,301,M301A,M,A,np,np,0.4886,0.5005,0.1342,0.5892,0.7415,0.0469,0.0469
5701,301,M301R,M,R,np,p+,0.4886,0.5005,0.1342,0.5892,0.7415,0.4151,0.4151
5702,301,M301N,M,N,np,p~,0.4886,0.5005,0.1342,0.5892,0.7415,0.2622,0.2622
5703,301,M301D,M,D,np,p-,0.4886,0.5005,0.1342,0.5892,0.7415,0.4195,0.4195
5704,301,M301C,M,C,np,p~,0.4886,0.5005,0.1342,0.5892,0.7415,0.1177,0.1177
5705,301,M301Q,M,Q,np,p~,0.4886,0.5005,0.1342,0.5892,0.7415,0.3675,0.3675
5706,301,M301E,M,E,np,p-,0.4886,0.5005,0.1342,0.5892,0.7415,0.5133,0.5133
5707,301,M301G,M,G,np,np,0.4886,0.5005,0.1342,0.5892,0.7415,0.2648,0.2648
5708,301,M301H,M,H,np,p~,0.4886,0.5005,0.1342,0.5892,0.7415,0.4266,0.4266
5709,301,M301I,M,I,np,np,0.4886,0.5005,0.1342,0.5892,0.7415,0.1855,0.1855
5710,301,M301L,M,L,np,np,0.4886,0.5005,0.1342,0.5892,0.7415,-0.0772,-0.0772
5711,301,M301K,M,K,np,p+,0.4886,0.5005,0.1342,0.5892,0.7415,0.4761,0.4761
5712,301,M301F,M,F,np,np,0.4886,0.5005,0.1342,0.5892,0.7415,0.3655,0.3655
5713,301,M301P,M,P,np,np,0.4886,0.5005,0.1342,0.5892,0.7415,0.4575,0.4575
5714,301,M301S,M,S,np,p~,0.4886,0.5005,0.1342,0.5892,0.7415,0.1949,0.1949
5715,301,M301T,M,T,np,p~,0.4886,0.5005,0.1342,0.5892,0.7415,0.0745,0.0745
5716,301,M301W,M,W,np,np,0.4886,0.5005,0.1342,0.5892,0.7415,0.5291,0.5291
5717,301,M301Y,M,Y,np,p~,0.4886,0.5005,0.1342,0.5892,0.7415,0.4223,0.4223
5718,301,M301V,M,V,np,np,0.4886,0.5005,0.1342,0.5892,0.7415,0.1188,0.1188
5719,302,S302A,S,A,p~,np,0.5487,0.5598,0.0987,0.867,0.7879,0.3665,0.3665
5720,302,S302R,S,R,p~,p+,0.5487,0.5598,0.0987,0.867,0.7879,0.5349,0.5349
5721,302,S302N,S,N,p~,p~,0.5487,0.5598,0.0987,0.867,0.7879,0.4502,0.4502
5722,302,S302D,S,D,p~,p-,0.5487,0.5598,0.0987,0.867,0.7879,0.4777,0.4777
5723,302,S302C,S,C,p~,p~,0.5487,0.5598,0.0987,0.867,0.7879,0.6497,0.6497
5724,302,S302Q,S,Q,p~,p~,0.5487,0.5598,0.0987,0.867,0.7879,0.4855,0.4855
5725,302,S302E,S,E,p~,p-,0.5487,0.5598,0.0987,0.867,0.7879,0.5084,0.5084
5726,302,S302G,S,G,p~,np,0.5487,0.5598,0.0987,0.867,0.7879,0.3702,0.3702
5727,302,S302H,S,H,p~,p~,0.5487,0.5598,0.0987,0.867,0.7879,0.5701,0.5701
5728,302,S302I,S,I,p~,np,0.5487,0.5598,0.0987,0.867,0.7879,0.5708,0.5708
5729,302,S302L,S,L,p~,np,0.5487,0.5598,0.0987,0.867,0.7879,0.5093,0.5093
5730,302,S302K,S,K,p~,p+,0.5487,0.5598,0.0987,0.867,0.7879,0.4953,0.4953
5731,302,S302M,S,M,p~,np,0.5487,0.5598,0.0987,0.867,0.7879,0.5625,0.5625
5732,302,S302F,S,F,p~,np,0.5487,0.5598,0.0987,0.867,0.7879,0.5944,0.5944
5733,302,S302P,S,P,p~,np,0.5487,0.5598,0.0987,0.867,0.7879,0.4673,0.4673
5734,302,S302T,S,T,p~,p~,0.5487,0.5598,0.0987,0.867,0.7879,0.3488,0.3488
5735,302,S302W,S,W,p~,np,0.5487,0.5598,0.0987,0.867,0.7879,0.6025,0.6025
5736,302,S302Y,S,Y,p~,p~,0.5487,0.5598,0.0987,0.867,0.7879,0.5625,0.5625
5737,302,S302V,S,V,p~,np,0.5487,0.5598,0.0987,0.867,0.7879,0.5418,0.5418
5738,303,D303A,D,A,p-,np,0.5607,0.5692,0.1195,0.622,0.5826,0.6578,0.6578
5739,303,D303R,D,R,p-,p+,0.5607,0.5692,0.1195,0.622,0.5826,0.735,0.735
5740,303,D303N,D,N,p-,p~,0.5607,0.5692,0.1195,0.622,0.5826,0.3893,0.3893
5741,303,D303C,D,C,p-,p~,0.5607,0.5692,0.1195,0.622,0.5826,0.7644,0.7644
5742,303,D303Q,D,Q,p-,p~,0.5607,0.5692,0.1195,0.622,0.5826,0.7075,0.7075
5743,303,D303E,D,E,p-,p-,0.5607,0.5692,0.1195,0.622,0.5826,0.598,0.598
5744,303,D303G,D,G,p-,np,0.5607,0.5692,0.1195,0.622,0.5826,0.5423,0.5423
5745,303,D303H,D,H,p-,p~,0.5607,0.5692,0.1195,0.622,0.5826,0.7275,0.7275
5746,303,D303I,D,I,p-,np,0.5607,0.5692,0.1195,0.622,0.5826,0.7626,0.7626
5747,303,D303L,D,L,p-,np,0.5607,0.5692,0.1195,0.622,0.5826,0.7751,0.7751
5748,303,D303K,D,K,p-,p+,0.5607,0.5692,0.1195,0.622,0.5826,0.7093,0.7093
5749,303,D303M,D,M,p-,np,0.5607,0.5692,0.1195,0.622,0.5826,0.8495,0.8495
5750,303,D303F,D,F,p-,np,0.5607,0.5692,0.1195,0.622,0.5826,0.8241,0.8241
5751,303,D303P,D,P,p-,np,0.5607,0.5692,0.1195,0.622,0.5826,0.7751,0.7751
5752,303,D303S,D,S,p-,p~,0.5607,0.5692,0.1195,0.622,0.5826,0.4993,0.4993
5753,303,D303T,D,T,p-,p~,0.5607,0.5692,0.1195,0.622,0.5826,0.5267,0.5267
5754,303,D303W,D,W,p-,np,0.5607,0.5692,0.1195,0.622,0.5826,0.854,0.854
5755,303,D303Y,D,Y,p-,p~,0.5607,0.5692,0.1195,0.622,0.5826,0.7149,0.7149
5756,303,D303V,D,V,p-,np,0.5607,0.5692,0.1195,0.622,0.5826,0.7246,0.7246
5757,304,G304A,G,A,np,np,0.5247,0.5325,0.0771,0.9932,0.9887,0.54,0.54
5758,304,G304R,G,R,np,p+,0.5247,0.5325,0.0771,0.9932,0.9887,0.542,0.542
5759,304,G304N,G,N,np,p~,0.5247,0.5325,0.0771,0.9932,0.9887,0.4636,0.4636
5760,304,G304D,G,D,np,p-,0.5247,0.5325,0.0771,0.9932,0.9887,0.458,0.458
5761,304,G304C,G,C,np,p~,0.5247,0.5325,0.0771,0.9932,0.9887,0.6621,0.6621
5762,304,G304Q,G,Q,np,p~,0.5247,0.5325,0.0771,0.9932,0.9887,0.5019,0.5019
5763,304,G304E,G,E,np,p-,0.5247,0.5325,0.0771,0.9932,0.9887,0.5088,0.5088
5764,304,G304H,G,H,np,p~,0.5247,0.5325,0.0771,0.9932,0.9887,0.6448,0.6448
5765,304,G304I,G,I,np,np,0.5247,0.5325,0.0771,0.9932,0.9887,0.8367,0.8367
5766,304,G304L,G,L,np,np,0.5247,0.5325,0.0771,0.9932,0.9887,0.6244,0.6244
5767,304,G304K,G,K,np,p+,0.5247,0.5325,0.0771,0.9932,0.9887,0.5277,0.5277
5768,304,G304M,G,M,np,np,0.5247,0.5325,0.0771,0.9932,0.9887,0.6652,0.6652
5769,304,G304F,G,F,np,np,0.5247,0.5325,0.0771,0.9932,0.9887,0.7149,0.7149
5770,304,G304P,G,P,np,np,0.5247,0.5325,0.0771,0.9932,0.9887,0.9124,0.9124
5771,304,G304S,G,S,np,p~,0.5247,0.5325,0.0771,0.9932,0.9887,0.4839,0.4839
5772,304,G304T,G,T,np,p~,0.5247,0.5325,0.0771,0.9932,0.9887,0.6144,0.6144
5773,304,G304W,G,W,np,np,0.5247,0.5325,0.0771,0.9932,0.9887,0.6832,0.6832
5774,304,G304Y,G,Y,np,p~,0.5247,0.5325,0.0771,0.9932,0.9887,0.6734,0.6734
5775,304,G304V,G,V,np,np,0.5247,0.5325,0.0771,0.9932,0.9887,0.7409,0.7409
5776,305,R305A,R,A,p+,np,0.4869,0.4968,0.1434,0.5706,0.5773,0.5122,0.5122
5777,305,R305N,R,N,p+,p~,0.4869,0.4968,0.1434,0.5706,0.5773,0.3795,0.3795
5778,305,R305D,R,D,p+,p-,0.4869,0.4968,0.1434,0.5706,0.5773,0.4821,0.4821
5779,305,R305C,R,C,p+,p~,0.4869,0.4968,0.1434,0.5706,0.5773,0.6103,0.6103
5780,305,R305Q,R,Q,p+,p~,0.4869,0.4968,0.1434,0.5706,0.5773,0.3991,0.3991
5781,305,R305E,R,E,p+,p-,0.4869,0.4968,0.1434,0.5706,0.5773,0.5071,0.5071
5782,305,R305G,R,G,p+,np,0.4869,0.4968,0.1434,0.5706,0.5773,0.4855,0.4855
5783,305,R305H,R,H,p+,p~,0.4869,0.4968,0.1434,0.5706,0.5773,0.5125,0.5125
5784,305,R305I,R,I,p+,np,0.4869,0.4968,0.1434,0.5706,0.5773,0.6912,0.6912
5785,305,R305L,R,L,p+,np,0.4869,0.4968,0.1434,0.5706,0.5773,0.5458,0.5458
5786,305,R305K,R,K,p+,p+,0.4869,0.4968,0.1434,0.5706,0.5773,0.3233,0.3233
5787,305,R305M,R,M,p+,np,0.4869,0.4968,0.1434,0.5706,0.5773,0.5385,0.5385
5788,305,R305F,R,F,p+,np,0.4869,0.4968,0.1434,0.5706,0.5773,0.6593,0.6593
5789,305,R305P,R,P,p+,np,0.4869,0.4968,0.1434,0.5706,0.5773,0.7841,0.7841
5790,305,R305S,R,S,p+,p~,0.4869,0.4968,0.1434,0.5706,0.5773,0.3325,0.3325
5791,305,R305T,R,T,p+,p~,0.4869,0.4968,0.1434,0.5706,0.5773,0.3317,0.3317
5792,305,R305W,R,W,p+,np,0.4869,0.4968,0.1434,0.5706,0.5773,0.6219,0.6219
5793,305,R305Y,R,Y,p+,p~,0.4869,0.4968,0.1434,0.5706,0.5773,0.5805,0.5805
5794,305,R305V,R,V,p+,np,0.4869,0.4968,0.1434,0.5706,0.5773,0.649,0.649
5795,306,V306A,V,A,np,np,0.4046,0.4156,0.192,0.6091,0.9601,0.4379,0.4379
5796,306,V306R,V,R,np,p+,0.4046,0.4156,0.192,0.6091,0.9601,0.6534,0.6534
5797,306,V306N,V,N,np,p~,0.4046,0.4156,0.192,0.6091,0.9601,0.5941,0.5941
5798,306,V306D,V,D,np,p-,0.4046,0.4156,0.192,0.6091,0.9601,0.7002,0.7002
5799,306,V306C,V,C,np,p~,0.4046,0.4156,0.192,0.6091,0.9601,0.7111,0.7111
5800,306,V306Q,V,Q,np,p~,0.4046,0.4156,0.192,0.6091,0.9601,0.5449,0.5449
5801,306,V306E,V,E,np,p-,0.4046,0.4156,0.192,0.6091,0.9601,0.6332,0.6332
5802,306,V306G,V,G,np,np,0.4046,0.4156,0.192,0.6091,0.9601,0.6163,0.6163
5803,306,V306H,V,H,np,p~,0.4046,0.4156,0.192,0.6091,0.9601,0.5778,0.5778
5804,306,V306I,V,I,np,np,0.4046,0.4156,0.192,0.6091,0.9601,0.1824,0.1824
5805,306,V306L,V,L,np,np,0.4046,0.4156,0.192,0.6091,0.9601,0.4072,0.4072
5806,306,V306K,V,K,np,p+,0.4046,0.4156,0.192,0.6091,0.9601,0.668,0.668
5807,306,V306M,V,M,np,np,0.4046,0.4156,0.192,0.6091,0.9601,0.3852,0.3852
5808,306,V306F,V,F,np,np,0.4046,0.4156,0.192,0.6091,0.9601,0.3273,0.3273
5809,306,V306P,V,P,np,np,0.4046,0.4156,0.192,0.6091,0.9601,0.6435,0.6435
5810,306,V306S,V,S,np,p~,0.4046,0.4156,0.192,0.6091,0.9601,0.5052,0.5052
5811,306,V306T,V,T,np,p~,0.4046,0.4156,0.192,0.6091,0.9601,0.4303,0.4303
5812,306,V306W,V,W,np,np,0.4046,0.4156,0.192,0.6091,0.9601,0.5435,0.5435
5813,306,V306Y,V,Y,np,p~,0.4046,0.4156,0.192,0.6091,0.9601,0.4486,0.4486
5814,307,F307A,F,A,np,np,0.3777,0.3931,0.0848,0.9864,0.9796,0.6688,0.6688
5815,307,F307R,F,R,np,p+,0.3777,0.3931,0.0848,0.9864,0.9796,0.8628,0.8628
5816,307,F307N,F,N,np,p~,0.3777,0.3931,0.0848,0.9864,0.9796,0.8479,0.8479
5817,307,F307D,F,D,np,p-,0.3777,0.3931,0.0848,0.9864,0.9796,0.8321,0.8321
5818,307,F307C,F,C,np,p~,0.3777,0.3931,0.0848,0.9864,0.9796,0.7191,0.7191
5819,307,F307Q,F,Q,np,p~,0.3777,0.3931,0.0848,0.9864,0.9796,0.8135,0.8135
5820,307,F307E,F,E,np,p-,0.3777,0.3931,0.0848,0.9864,0.9796,0.8207,0.8207
5821,307,F307G,F,G,np,np,0.3777,0.3931,0.0848,0.9864,0.9796,0.7894,0.7894
5822,307,F307H,F,H,np,p~,0.3777,0.3931,0.0848,0.9864,0.9796,0.7042,0.7042
5823,307,F307I,F,I,np,np,0.3777,0.3931,0.0848,0.9864,0.9796,0.5485,0.5485
5824,307,F307L,F,L,np,np,0.3777,0.3931,0.0848,0.9864,0.9796,0.417,0.417
5825,307,F307K,F,K,np,p+,0.3777,0.3931,0.0848,0.9864,0.9796,0.9228,0.9228
5826,307,F307M,F,M,np,np,0.3777,0.3931,0.0848,0.9864,0.9796,0.5277,0.5277
5827,307,F307P,F,P,np,np,0.3777,0.3931,0.0848,0.9864,0.9796,0.8355,0.8355
5828,307,F307S,F,S,np,p~,0.3777,0.3931,0.0848,0.9864,0.9796,0.7006,0.7006
5829,307,F307T,F,T,np,p~,0.3777,0.3931,0.0848,0.9864,0.9796,0.7096,0.7096
5830,307,F307W,F,W,np,np,0.3777,0.3931,0.0848,0.9864,0.9796,0.5077,0.5077
5831,307,F307Y,F,Y,np,p~,0.3777,0.3931,0.0848,0.9864,0.9796,0.4266,0.4266
5832,307,F307V,F,V,np,np,0.3777,0.3931,0.0848,0.9864,0.9796,0.5369,0.5369
5833,308,T308A,T,A,p~,np,0.3158,0.3312,0.219,0.5921,0.5838,0.3613,0.3613
5834,308,T308R,T,R,p~,p+,0.3158,0.3312,0.219,0.5921,0.5838,0.6605,0.6605
5835,308,T308N,T,N,p~,p~,0.3158,0.3312,0.219,0.5921,0.5838,0.2698,0.2698
5836,308,T308D,T,D,p~,p-,0.3158,0.3312,0.219,0.5921,0.5838,0.4564,0.4564
5837,308,T308C,T,C,p~,p~,0.3158,0.3312,0.219,0.5921,0.5838,0.4761,0.4761
5838,308,T308Q,T,Q,p~,p~,0.3158,0.3312,0.219,0.5921,0.5838,0.528,0.528
5839,308,T308E,T,E,p~,p-,0.3158,0.3312,0.219,0.5921,0.5838,0.5068,0.5068
5840,308,T308G,T,G,p~,np,0.3158,0.3312,0.219,0.5921,0.5838,0.5991,0.5991
5841,308,T308H,T,H,p~,p~,0.3158,0.3312,0.219,0.5921,0.5838,0.5709,0.5709
5842,308,T308I,T,I,p~,np,0.3158,0.3312,0.219,0.5921,0.5838,0.4018,0.4018
5843,308,T308L,T,L,p~,np,0.3158,0.3312,0.219,0.5921,0.5838,0.4809,0.4809
5844,308,T308K,T,K,p~,p+,0.3158,0.3312,0.219,0.5921,0.5838,0.5809,0.5809
5845,308,T308M,T,M,p~,np,0.3158,0.3312,0.219,0.5921,0.5838,0.4825,0.4825
5846,308,T308F,T,F,p~,np,0.3158,0.3312,0.219,0.5921,0.5838,0.6184,0.6184
5847,308,T308P,T,P,p~,np,0.3158,0.3312,0.219,0.5921,0.5838,0.7917,0.7917
5848,308,T308S,T,S,p~,p~,0.3158,0.3312,0.219,0.5921,0.5838,0.3322,0.3322
5849,308,T308W,T,W,p~,np,0.3158,0.3312,0.219,0.5921,0.5838,0.7321,0.7321
5850,308,T308Y,T,Y,p~,p~,0.3158,0.3312,0.219,0.5921,0.5838,0.6211,0.6211
5851,308,T308V,T,V,p~,np,0.3158,0.3312,0.219,0.5921,0.5838,0.2667,0.2667
5852,309,I309A,I,A,np,np,0.2846,0.3048,0.101,0.7743,1.0,0.5067,0.5067
5853,309,I309R,I,R,np,p+,0.2846,0.3048,0.101,0.7743,1.0,0.7946,0.7946
5854,309,I309N,I,N,np,p~,0.2846,0.3048,0.101,0.7743,1.0,0.5136,0.5136
5855,309,I309D,I,D,np,p-,0.2846,0.3048,0.101,0.7743,1.0,0.6417,0.6417
5856,309,I309C,I,C,np,p~,0.2846,0.3048,0.101,0.7743,1.0,0.5626,0.5626
5857,309,I309Q,I,Q,np,p~,0.2846,0.3048,0.101,0.7743,1.0,0.5706,0.5706
5858,309,I309E,I,E,np,p-,0.2846,0.3048,0.101,0.7743,1.0,0.6657,0.6657
5859,309,I309G,I,G,np,np,0.2846,0.3048,0.101,0.7743,1.0,0.6157,0.6157
5860,309,I309H,I,H,np,p~,0.2846,0.3048,0.101,0.7743,1.0,0.5824,0.5824
5861,309,I309L,I,L,np,np,0.2846,0.3048,0.101,0.7743,1.0,0.2551,0.2551
5862,309,I309K,I,K,np,p+,0.2846,0.3048,0.101,0.7743,1.0,0.7464,0.7464
5863,309,I309M,I,M,np,np,0.2846,0.3048,0.101,0.7743,1.0,0.36,0.36
5864,309,I309F,I,F,np,np,0.2846,0.3048,0.101,0.7743,1.0,0.4604,0.4604
5865,309,I309P,I,P,np,np,0.2846,0.3048,0.101,0.7743,1.0,0.6199,0.6199
5866,309,I309S,I,S,np,p~,0.2846,0.3048,0.101,0.7743,1.0,0.4825,0.4825
5867,309,I309T,I,T,np,p~,0.2846,0.3048,0.101,0.7743,1.0,0.3693,0.3693
5868,309,I309W,I,W,np,np,0.2846,0.3048,0.101,0.7743,1.0,0.7248,0.7248
5869,309,I309Y,I,Y,np,p~,0.2846,0.3048,0.101,0.7743,1.0,0.64,0.64
5870,309,I309V,I,V,np,np,0.2846,0.3048,0.101,0.7743,1.0,0.3327,0.3327
5871,310,G310A,G,A,np,np,0.2562,0.2749,0.0802,0.9932,0.9887,0.5109,0.5109
5872,310,G310R,G,R,np,p+,0.2562,0.2749,0.0802,0.9932,0.9887,0.7777,0.7777
5873,310,G310N,G,N,np,p~,0.2562,0.2749,0.0802,0.9932,0.9887,0.6917,0.6917
5874,310,G310D,G,D,np,p-,0.2562,0.2749,0.0802,0.9932,0.9887,0.6357,0.6357
5875,310,G310C,G,C,np,p~,0.2562,0.2749,0.0802,0.9932,0.9887,0.587,0.587
5876,310,G310Q,G,Q,np,p~,0.2562,0.2749,0.0802,0.9932,0.9887,0.761,0.761
5877,310,G310E,G,E,np,p-,0.2562,0.2749,0.0802,0.9932,0.9887,0.7148,0.7148
5878,310,G310H,G,H,np,p~,0.2562,0.2749,0.0802,0.9932,0.9887,0.76,0.76
5879,310,G310I,G,I,np,np,0.2562,0.2749,0.0802,0.9932,0.9887,0.7891,0.7891
5880,310,G310L,G,L,np,np,0.2562,0.2749,0.0802,0.9932,0.9887,0.7221,0.7221
5881,310,G310K,G,K,np,p+,0.2562,0.2749,0.0802,0.9932,0.9887,0.8564,0.8564
5882,310,G310M,G,M,np,np,0.2562,0.2749,0.0802,0.9932,0.9887,0.7848,0.7848
5883,310,G310F,G,F,np,np,0.2562,0.2749,0.0802,0.9932,0.9887,0.8138,0.8138
5884,310,G310P,G,P,np,np,0.2562,0.2749,0.0802,0.9932,0.9887,0.7291,0.7291
5885,310,G310S,G,S,np,p~,0.2562,0.2749,0.0802,0.9932,0.9887,0.5058,0.5058
5886,310,G310T,G,T,np,p~,0.2562,0.2749,0.0802,0.9932,0.9887,0.6474,0.6474
5887,310,G310W,G,W,np,np,0.2562,0.2749,0.0802,0.9932,0.9887,0.8523,0.8523
5888,310,G310Y,G,Y,np,p~,0.2562,0.2749,0.0802,0.9932,0.9887,0.8427,0.8427
5889,310,G310V,G,V,np,np,0.2562,0.2749,0.0802,0.9932,0.9887,0.7766,0.7766
5890,311,G311A,G,A,np,np,0.2091,0.2261,0.0771,1.0,1.0,0.5829,0.5829
5891,311,G311R,G,R,np,p+,0.2091,0.2261,0.0771,1.0,1.0,0.6648,0.6648
5892,311,G311N,G,N,np,p~,0.2091,0.2261,0.0771,1.0,1.0,0.7095,0.7095
5893,311,G311D,G,D,np,p-,0.2091,0.2261,0.0771,1.0,1.0,0.6092,0.6092
5894,311,G311C,G,C,np,p~,0.2091,0.2261,0.0771,1.0,1.0,0.6834,0.6834
5895,311,G311Q,G,Q,np,p~,0.2091,0.2261,0.0771,1.0,1.0,0.7834,0.7834
5896,311,G311E,G,E,np,p-,0.2091,0.2261,0.0771,1.0,1.0,0.6771,0.6771
5897,311,G311H,G,H,np,p~,0.2091,0.2261,0.0771,1.0,1.0,0.7687,0.7687
5898,311,G311I,G,I,np,np,0.2091,0.2261,0.0771,1.0,1.0,0.7627,0.7627
5899,311,G311L,G,L,np,np,0.2091,0.2261,0.0771,1.0,1.0,0.7602,0.7602
5900,311,G311K,G,K,np,p+,0.2091,0.2261,0.0771,1.0,1.0,0.7835,0.7835
5901,311,G311M,G,M,np,np,0.2091,0.2261,0.0771,1.0,1.0,0.7994,0.7994
5902,311,G311F,G,F,np,np,0.2091,0.2261,0.0771,1.0,1.0,0.7932,0.7932
5903,311,G311P,G,P,np,np,0.2091,0.2261,0.0771,1.0,1.0,0.7941,0.7941
5904,311,G311S,G,S,np,p~,0.2091,0.2261,0.0771,1.0,1.0,0.5793,0.5793
5905,311,G311T,G,T,np,p~,0.2091,0.2261,0.0771,1.0,1.0,0.7663,0.7663
5906,311,G311W,G,W,np,np,0.2091,0.2261,0.0771,1.0,1.0,0.7582,0.7582
5907,311,G311Y,G,Y,np,p~,0.2091,0.2261,0.0771,1.0,1.0,0.7841,0.7841
5908,311,G311V,G,V,np,np,0.2091,0.2261,0.0771,1.0,1.0,0.6969,0.6969
5909,312,S312A,S,A,p~,np,0.1719,0.1837,0.0833,0.9407,0.9068,0.5305,0.5305
5910,312,S312R,S,R,p~,p+,0.1719,0.1837,0.0833,0.9407,0.9068,0.7731,0.7731
5911,312,S312N,S,N,p~,p~,0.1719,0.1837,0.0833,0.9407,0.9068,0.5657,0.5657
5912,312,S312D,S,D,p~,p-,0.1719,0.1837,0.0833,0.9407,0.9068,0.6377,0.6377
5913,312,S312C,S,C,p~,p~,0.1719,0.1837,0.0833,0.9407,0.9068,0.5846,0.5846
5914,312,S312Q,S,Q,p~,p~,0.1719,0.1837,0.0833,0.9407,0.9068,0.7116,0.7116
5915,312,S312E,S,E,p~,p-,0.1719,0.1837,0.0833,0.9407,0.9068,0.7252,0.7252
5916,312,S312G,S,G,p~,np,0.1719,0.1837,0.0833,0.9407,0.9068,0.5389,0.5389
5917,312,S312H,S,H,p~,p~,0.1719,0.1837,0.0833,0.9407,0.9068,0.736,0.736
5918,312,S312I,S,I,p~,np,0.1719,0.1837,0.0833,0.9407,0.9068,0.7568,0.7568
5919,312,S312L,S,L,p~,np,0.1719,0.1837,0.0833,0.9407,0.9068,0.7041,0.7041
5920,312,S312K,S,K,p~,p+,0.1719,0.1837,0.0833,0.9407,0.9068,0.8057,0.8057
5921,312,S312M,S,M,p~,np,0.1719,0.1837,0.0833,0.9407,0.9068,0.7433,0.7433
5922,312,S312F,S,F,p~,np,0.1719,0.1837,0.0833,0.9407,0.9068,0.7619,0.7619
5923,312,S312P,S,P,p~,np,0.1719,0.1837,0.0833,0.9407,0.9068,0.7605,0.7605
5924,312,S312T,S,T,p~,p~,0.1719,0.1837,0.0833,0.9407,0.9068,0.3827,0.3827
5925,312,S312W,S,W,p~,np,0.1719,0.1837,0.0833,0.9407,0.9068,0.7968,0.7968
5926,312,S312Y,S,Y,p~,p~,0.1719,0.1837,0.0833,0.9407,0.9068,0.756,0.756
5927,312,S312V,S,V,p~,np,0.1719,0.1837,0.0833,0.9407,0.9068,0.671,0.671
5928,313,F313A,F,A,np,np,0.0626,0.0793,0.0964,0.9067,0.9773,0.5093,0.5093
5929,313,F313R,F,R,np,p+,0.0626,0.0793,0.0964,0.9067,0.9773,0.455,0.455
5930,313,F313N,F,N,np,p~,0.0626,0.0793,0.0964,0.9067,0.9773,0.4888,0.4888
5931,313,F313D,F,D,np,p-,0.0626,0.0793,0.0964,0.9067,0.9773,0.5599,0.5599
5932,313,F313C,F,C,np,p~,0.0626,0.0793,0.0964,0.9067,0.9773,0.4642,0.4642
5933,313,F313Q,F,Q,np,p~,0.0626,0.0793,0.0964,0.9067,0.9773,0.5366,0.5366
5934,313,F313E,F,E,np,p-,0.0626,0.0793,0.0964,0.9067,0.9773,0.619,0.619
5935,313,F313G,F,G,np,np,0.0626,0.0793,0.0964,0.9067,0.9773,0.4557,0.4557
5936,313,F313H,F,H,np,p~,0.0626,0.0793,0.0964,0.9067,0.9773,0.3755,0.3755
5937,313,F313I,F,I,np,np,0.0626,0.0793,0.0964,0.9067,0.9773,0.5535,0.5535
5938,313,F313L,F,L,np,np,0.0626,0.0793,0.0964,0.9067,0.9773,0.4308,0.4308
5939,313,F313K,F,K,np,p+,0.0626,0.0793,0.0964,0.9067,0.9773,0.5757,0.5757
5940,313,F313M,F,M,np,np,0.0626,0.0793,0.0964,0.9067,0.9773,0.4657,0.4657
5941,313,F313P,F,P,np,np,0.0626,0.0793,0.0964,0.9067,0.9773,0.5464,0.5464
5942,313,F313S,F,S,np,p~,0.0626,0.0793,0.0964,0.9067,0.9773,0.4591,0.4591
5943,313,F313T,F,T,np,p~,0.0626,0.0793,0.0964,0.9067,0.9773,0.5239,0.5239
5944,313,F313W,F,W,np,np,0.0626,0.0793,0.0964,0.9067,0.9773,-0.0507,-0.0507
5945,313,F313Y,F,Y,np,p~,0.0626,0.0793,0.0964,0.9067,0.9773,0.1949,0.1949
5946,313,F313V,F,V,np,np,0.0626,0.0793,0.0964,0.9067,0.9773,0.5349,0.5349
5947,314,S314A,S,A,p~,np,0.1616,0.1772,0.121,0.7345,0.755,0.4109,0.4109
5948,314,S314R,S,R,p~,p+,0.1616,0.1772,0.121,0.7345,0.755,0.5108,0.5108
5949,314,S314N,S,N,p~,p~,0.1616,0.1772,0.121,0.7345,0.755,0.3422,0.3422
5950,314,S314D,S,D,p~,p-,0.1616,0.1772,0.121,0.7345,0.755,0.3765,0.3765
5951,314,S314C,S,C,p~,p~,0.1616,0.1772,0.121,0.7345,0.755,0.6798,0.6798
5952,314,S314Q,S,Q,p~,p~,0.1616,0.1772,0.121,0.7345,0.755,0.4677,0.4677
5953,314,S314E,S,E,p~,p-,0.1616,0.1772,0.121,0.7345,0.755,0.4318,0.4318
5954,314,S314G,S,G,p~,np,0.1616,0.1772,0.121,0.7345,0.755,0.4311,0.4311
5955,314,S314H,S,H,p~,p~,0.1616,0.1772,0.121,0.7345,0.755,0.5176,0.5176
5956,314,S314I,S,I,p~,np,0.1616,0.1772,0.121,0.7345,0.755,0.5417,0.5417
5957,314,S314L,S,L,p~,np,0.1616,0.1772,0.121,0.7345,0.755,0.5111,0.5111
5958,314,S314K,S,K,p~,p+,0.1616,0.1772,0.121,0.7345,0.755,0.4777,0.4777
5959,314,S314M,S,M,p~,np,0.1616,0.1772,0.121,0.7345,0.755,0.547,0.547
5960,314,S314F,S,F,p~,np,0.1616,0.1772,0.121,0.7345,0.755,0.5246,0.5246
5961,314,S314P,S,P,p~,np,0.1616,0.1772,0.121,0.7345,0.755,0.5391,0.5391
5962,314,S314T,S,T,p~,p~,0.1616,0.1772,0.121,0.7345,0.755,0.2969,0.2969
5963,314,S314W,S,W,p~,np,0.1616,0.1772,0.121,0.7345,0.755,0.5508,0.5508
5964,314,S314Y,S,Y,p~,p~,0.1616,0.1772,0.121,0.7345,0.755,0.5061,0.5061
5965,314,S314V,S,V,p~,np,0.1616,0.1772,0.121,0.7345,0.755,0.4799,0.4799
5966,315,G315A,G,A,np,np,0.2093,0.2307,0.0848,0.9407,0.9053,0.4399,0.4399
5967,315,G315R,G,R,np,p+,0.2093,0.2307,0.0848,0.9407,0.9053,0.4969,0.4969
5968,315,G315N,G,N,np,p~,0.2093,0.2307,0.0848,0.9407,0.9053,0.3586,0.3586
5969,315,G315D,G,D,np,p-,0.2093,0.2307,0.0848,0.9407,0.9053,0.3624,0.3624
5970,315,G315C,G,C,np,p~,0.2093,0.2307,0.0848,0.9407,0.9053,0.5949,0.5949
5971,315,G315Q,G,Q,np,p~,0.2093,0.2307,0.0848,0.9407,0.9053,0.53,0.53
5972,315,G315E,G,E,np,p-,0.2093,0.2307,0.0848,0.9407,0.9053,0.4757,0.4757
5973,315,G315H,G,H,np,p~,0.2093,0.2307,0.0848,0.9407,0.9053,0.524,0.524
5974,315,G315I,G,I,np,np,0.2093,0.2307,0.0848,0.9407,0.9053,0.674,0.674
5975,315,G315L,G,L,np,np,0.2093,0.2307,0.0848,0.9407,0.9053,0.5916,0.5916
5976,315,G315K,G,K,np,p+,0.2093,0.2307,0.0848,0.9407,0.9053,0.4669,0.4669
5977,315,G315M,G,M,np,np,0.2093,0.2307,0.0848,0.9407,0.9053,0.6479,0.6479
5978,315,G315F,G,F,np,np,0.2093,0.2307,0.0848,0.9407,0.9053,0.6189,0.6189
5979,315,G315P,G,P,np,np,0.2093,0.2307,0.0848,0.9407,0.9053,0.5233,0.5233
5980,315,G315S,G,S,np,p~,0.2093,0.2307,0.0848,0.9407,0.9053,0.411,0.411
5981,315,G315T,G,T,np,p~,0.2093,0.2307,0.0848,0.9407,0.9053,0.5251,0.5251
5982,315,G315W,G,W,np,np,0.2093,0.2307,0.0848,0.9407,0.9053,0.6232,0.6232
5983,315,G315Y,G,Y,np,p~,0.2093,0.2307,0.0848,0.9407,0.9053,0.5891,0.5891
5984,315,G315V,G,V,np,np,0.2093,0.2307,0.0848,0.9407,0.9053,0.5864,0.5864
5985,316,G316A,G,A,np,np,0.2271,0.2454,0.1264,0.5301,0.5017,0.3606,0.3606
5986,316,G316R,G,R,np,p+,0.2271,0.2454,0.1264,0.5301,0.5017,0.4719,0.4719
5987,316,G316N,G,N,np,p~,0.2271,0.2454,0.1264,0.5301,0.5017,0.3875,0.3875
5988,316,G316D,G,D,np,p-,0.2271,0.2454,0.1264,0.5301,0.5017,0.3807,0.3807
5989,316,G316C,G,C,np,p~,0.2271,0.2454,0.1264,0.5301,0.5017,0.6045,0.6045
5990,316,G316Q,G,Q,np,p~,0.2271,0.2454,0.1264,0.5301,0.5017,0.4651,0.4651
5991,316,G316E,G,E,np,p-,0.2271,0.2454,0.1264,0.5301,0.5017,0.448,0.448
5992,316,G316H,G,H,np,p~,0.2271,0.2454,0.1264,0.5301,0.5017,0.5391,0.5391
5993,316,G316I,G,I,np,np,0.2271,0.2454,0.1264,0.5301,0.5017,0.5505,0.5505
5994,316,G316L,G,L,np,np,0.2271,0.2454,0.1264,0.5301,0.5017,0.5174,0.5174
5995,316,G316K,G,K,np,p+,0.2271,0.2454,0.1264,0.5301,0.5017,0.4384,0.4384
5996,316,G316M,G,M,np,np,0.2271,0.2454,0.1264,0.5301,0.5017,0.5742,0.5742
5997,316,G316F,G,F,np,np,0.2271,0.2454,0.1264,0.5301,0.5017,0.5203,0.5203
5998,316,G316P,G,P,np,np,0.2271,0.2454,0.1264,0.5301,0.5017,0.3851,0.3851
5999,316,G316S,G,S,np,p~,0.2271,0.2454,0.1264,0.5301,0.5017,0.356,0.356
6000,316,G316T,G,T,np,p~,0.2271,0.2454,0.1264,0.5301,0.5017,0.4231,0.4231
6001,316,G316W,G,W,np,np,0.2271,0.2454,0.1264,0.5301,0.5017,0.5674,0.5674
6002,316,G316Y,G,Y,np,p~,0.2271,0.2454,0.1264,0.5301,0.5017,0.5478,0.5478
6003,316,G316V,G,V,np,np,0.2271,0.2454,0.1264,0.5301,0.5017,0.4927,0.4927
6004,317,V317A,V,A,np,np,0.2039,0.2157,0.6353,0.1909,0.1214,0.2212,0.2212
6005,317,V317R,V,R,np,p+,0.2039,0.2157,0.6353,0.1909,0.1214,0.3092,0.3092
6006,317,V317N,V,N,np,p~,0.2039,0.2157,0.6353,0.1909,0.1214,0.1986,0.1986
6007,317,V317D,V,D,np,p-,0.2039,0.2157,0.6353,0.1909,0.1214,0.2816,0.2816
6008,317,V317C,V,C,np,p~,0.2039,0.2157,0.6353,0.1909,0.1214,0.6235,0.6235
6009,317,V317Q,V,Q,np,p~,0.2039,0.2157,0.6353,0.1909,0.1214,0.1481,0.1481
6010,317,V317E,V,E,np,p-,0.2039,0.2157,0.6353,0.1909,0.1214,0.2414,0.2414
6011,317,V317G,V,G,np,np,0.2039,0.2157,0.6353,0.1909,0.1214,0.3236,0.3236
6012,317,V317H,V,H,np,p~,0.2039,0.2157,0.6353,0.1909,0.1214,0.3621,0.3621
6013,317,V317I,V,I,np,np,0.2039,0.2157,0.6353,0.1909,0.1214,0.2312,0.2312
6014,317,V317L,V,L,np,np,0.2039,0.2157,0.6353,0.1909,0.1214,0.2426,0.2426
6015,317,V317K,V,K,np,p+,0.2039,0.2157,0.6353,0.1909,0.1214,0.2076,0.2076
6016,317,V317M,V,M,np,np,0.2039,0.2157,0.6353,0.1909,0.1214,0.3398,0.3398
6017,317,V317F,V,F,np,np,0.2039,0.2157,0.6353,0.1909,0.1214,0.4001,0.4001
6018,317,V317P,V,P,np,np,0.2039,0.2157,0.6353,0.1909,0.1214,0.3969,0.3969
6019,317,V317S,V,S,np,p~,0.2039,0.2157,0.6353,0.1909,0.1214,0.2294,0.2294
6020,317,V317T,V,T,np,p~,0.2039,0.2157,0.6353,0.1909,0.1214,0.1535,0.1535
6021,317,V317W,V,W,np,np,0.2039,0.2157,0.6353,0.1909,0.1214,0.4775,0.4775
6022,317,V317Y,V,Y,np,p~,0.2039,0.2157,0.6353,0.1909,0.1214,0.401,0.401
6023,318,F318A,F,A,np,np,0.2805,0.2879,0.6839,0.2826,0.1228,0.1148,0.1148
6024,318,F318R,F,R,np,p+,0.2805,0.2879,0.6839,0.2826,0.1228,0.2882,0.2882
6025,318,F318N,F,N,np,p~,0.2805,0.2879,0.6839,0.2826,0.1228,0.26,0.26
6026,318,F318D,F,D,np,p-,0.2805,0.2879,0.6839,0.2826,0.1228,0.267,0.267
6027,318,F318C,F,C,np,p~,0.2805,0.2879,0.6839,0.2826,0.1228,0.4176,0.4176
6028,318,F318Q,F,Q,np,p~,0.2805,0.2879,0.6839,0.2826,0.1228,0.3164,0.3164
6029,318,F318E,F,E,np,p-,0.2805,0.2879,0.6839,0.2826,0.1228,0.3082,0.3082
6030,318,F318G,F,G,np,np,0.2805,0.2879,0.6839,0.2826,0.1228,0.0438,0.0438
6031,318,F318H,F,H,np,p~,0.2805,0.2879,0.6839,0.2826,0.1228,0.2908,0.2908
6032,318,F318I,F,I,np,np,0.2805,0.2879,0.6839,0.2826,0.1228,0.3363,0.3363
6033,318,F318L,F,L,np,np,0.2805,0.2879,0.6839,0.2826,0.1228,0.2883,0.2883
6034,318,F318K,F,K,np,p+,0.2805,0.2879,0.6839,0.2826,0.1228,0.2615,0.2615
6035,318,F318M,F,M,np,np,0.2805,0.2879,0.6839,0.2826,0.1228,0.3577,0.3577
6036,318,F318P,F,P,np,np,0.2805,0.2879,0.6839,0.2826,0.1228,0.2127,0.2127
6037,318,F318S,F,S,np,p~,0.2805,0.2879,0.6839,0.2826,0.1228,0.2125,0.2125
6038,318,F318T,F,T,np,p~,0.2805,0.2879,0.6839,0.2826,0.1228,0.261,0.261
6039,318,F318W,F,W,np,np,0.2805,0.2879,0.6839,0.2826,0.1228,0.2975,0.2975
6040,318,F318Y,F,Y,np,p~,0.2805,0.2879,0.6839,0.2826,0.1228,0.1844,0.1844
6041,318,F318V,F,V,np,np,0.2805,0.2879,0.6839,0.2826,0.1228,0.2581,0.2581
6042,319,E319A,E,A,p-,np,0.3302,0.3408,0.6083,0.3164,0.2082,0.1699,0.1699
6043,319,E319R,E,R,p-,p+,0.3302,0.3408,0.6083,0.3164,0.2082,0.267,0.267
6044,319,E319N,E,N,p-,p~,0.3302,0.3408,0.6083,0.3164,0.2082,0.1701,0.1701
6045,319,E319D,E,D,p-,p-,0.3302,0.3408,0.6083,0.3164,0.2082,0.1357,0.1357
6046,319,E319C,E,C,p-,p~,0.3302,0.3408,0.6083,0.3164,0.2082,0.3648,0.3648
6047,319,E319Q,E,Q,p-,p~,0.3302,0.3408,0.6083,0.3164,0.2082,0.2083,0.2083
6048,319,E319G,E,G,p-,np,0.3302,0.3408,0.6083,0.3164,0.2082,-0.0009,-0.0009
6049,319,E319H,E,H,p-,p~,0.3302,0.3408,0.6083,0.3164,0.2082,0.2721,0.2721
6050,319,E319I,E,I,p-,np,0.3302,0.3408,0.6083,0.3164,0.2082,0.3148,0.3148
6051,319,E319L,E,L,p-,np,0.3302,0.3408,0.6083,0.3164,0.2082,0.2737,0.2737
6052,319,E319K,E,K,p-,p+,0.3302,0.3408,0.6083,0.3164,0.2082,0.2323,0.2323
6053,319,E319M,E,M,p-,np,0.3302,0.3408,0.6083,0.3164,0.2082,0.3428,0.3428
6054,319,E319F,E,F,p-,np,0.3302,0.3408,0.6083,0.3164,0.2082,0.3562,0.3562
6055,319,E319P,E,P,p-,np,0.3302,0.3408,0.6083,0.3164,0.2082,0.2784,0.2784
6056,319,E319S,E,S,p-,p~,0.3302,0.3408,0.6083,0.3164,0.2082,0.1656,0.1656
6057,319,E319T,E,T,p-,p~,0.3302,0.3408,0.6083,0.3164,0.2082,0.2025,0.2025
6058,319,E319W,E,W,p-,np,0.3302,0.3408,0.6083,0.3164,0.2082,0.3435,0.3435
6059,319,E319Y,E,Y,p-,p~,0.3302,0.3408,0.6083,0.3164,0.2082,0.345,0.345
6060,319,E319V,E,V,p-,np,0.3302,0.3408,0.6083,0.3164,0.2082,0.2288,0.2288
6061,320,K320A,K,A,p+,np,0.2619,0.2706,0.0864,0.9441,0.987,0.563,0.563
6062,320,K320R,K,R,p+,p+,0.2619,0.2706,0.0864,0.9441,0.987,0.3495,0.3495
6063,320,K320N,K,N,p+,p~,0.2619,0.2706,0.0864,0.9441,0.987,0.4464,0.4464
6064,320,K320D,K,D,p+,p-,0.2619,0.2706,0.0864,0.9441,0.987,0.563,0.563
6065,320,K320C,K,C,p+,p~,0.2619,0.2706,0.0864,0.9441,0.987,0.7443,0.7443
6066,320,K320Q,K,Q,p+,p~,0.2619,0.2706,0.0864,0.9441,0.987,0.5333,0.5333
6067,320,K320E,K,E,p+,p-,0.2619,0.2706,0.0864,0.9441,0.987,0.5806,0.5806
6068,320,K320G,K,G,p+,np,0.2619,0.2706,0.0864,0.9441,0.987,0.5825,0.5825
6069,320,K320H,K,H,p+,p~,0.2619,0.2706,0.0864,0.9441,0.987,0.5886,0.5886
6070,320,K320I,K,I,p+,np,0.2619,0.2706,0.0864,0.9441,0.987,0.6203,0.6203
6071,320,K320L,K,L,p+,np,0.2619,0.2706,0.0864,0.9441,0.987,0.5549,0.5549
6072,320,K320M,K,M,p+,np,0.2619,0.2706,0.0864,0.9441,0.987,0.5934,0.5934
6073,320,K320F,K,F,p+,np,0.2619,0.2706,0.0864,0.9441,0.987,0.6561,0.6561
6074,320,K320P,K,P,p+,np,0.2619,0.2706,0.0864,0.9441,0.987,0.6178,0.6178
6075,320,K320S,K,S,p+,p~,0.2619,0.2706,0.0864,0.9441,0.987,0.5585,0.5585
6076,320,K320T,K,T,p+,p~,0.2619,0.2706,0.0864,0.9441,0.987,0.5442,0.5442
6077,320,K320W,K,W,p+,np,0.2619,0.2706,0.0864,0.9441,0.987,0.6969,0.6969
6078,320,K320Y,K,Y,p+,p~,0.2619,0.2706,0.0864,0.9441,0.987,0.651,0.651
6079,320,K320V,K,V,p+,np,0.2619,0.2706,0.0864,0.9441,0.987,0.603,0.603
6080,321,N321A,N,A,p~,np,0.3656,0.3783,0.1627,0.5332,0.3973,0.3802,0.3802
6081,321,N321R,N,R,p~,p+,0.3656,0.3783,0.1627,0.5332,0.3973,0.4323,0.4323
6082,321,N321D,N,D,p~,p-,0.3656,0.3783,0.1627,0.5332,0.3973,0.2672,0.2672
6083,321,N321C,N,C,p~,p~,0.3656,0.3783,0.1627,0.5332,0.3973,0.6689,0.6689
6084,321,N321Q,N,Q,p~,p~,0.3656,0.3783,0.1627,0.5332,0.3973,0.4028,0.4028
6085,321,N321E,N,E,p~,p-,0.3656,0.3783,0.1627,0.5332,0.3973,0.392,0.392
6086,321,N321G,N,G,p~,np,0.3656,0.3783,0.1627,0.5332,0.3973,0.4129,0.4129
6087,321,N321H,N,H,p~,p~,0.3656,0.3783,0.1627,0.5332,0.3973,0.3589,0.3589
6088,321,N321I,N,I,p~,np,0.3656,0.3783,0.1627,0.5332,0.3973,0.4074,0.4074
6089,321,N321L,N,L,p~,np,0.3656,0.3783,0.1627,0.5332,0.3973,0.382,0.382
6090,321,N321K,N,K,p~,p+,0.3656,0.3783,0.1627,0.5332,0.3973,0.3821,0.3821
6091,321,N321M,N,M,p~,np,0.3656,0.3783,0.1627,0.5332,0.3973,0.484,0.484
6092,321,N321F,N,F,p~,np,0.3656,0.3783,0.1627,0.5332,0.3973,0.3988,0.3988
6093,321,N321P,N,P,p~,np,0.3656,0.3783,0.1627,0.5332,0.3973,0.5113,0.5113
6094,321,N321S,N,S,p~,p~,0.3656,0.3783,0.1627,0.5332,0.3973,0.3298,0.3298
6095,321,N321T,N,T,p~,p~,0.3656,0.3783,0.1627,0.5332,0.3973,0.3104,0.3104
6096,321,N321W,N,W,p~,np,0.3656,0.3783,0.1627,0.5332,0.3973,0.5063,0.5063
6097,321,N321Y,N,Y,p~,p~,0.3656,0.3783,0.1627,0.5332,0.3973,0.3839,0.3839
6098,321,N321V,N,V,p~,np,0.3656,0.3783,0.1627,0.5332,0.3973,0.3872,0.3872
6099,322,G322A,G,A,np,np,0.3967,0.4105,0.0894,0.8713,0.7908,0.372,0.372
6100,322,G322R,G,R,np,p+,0.3967,0.4105,0.0894,0.8713,0.7908,0.7872,0.7872
6101,322,G322N,G,N,np,p~,0.3967,0.4105,0.0894,0.8713,0.7908,0.6018,0.6018
6102,322,G322D,G,D,np,p-,0.3967,0.4105,0.0894,0.8713,0.7908,0.5769,0.5769
6103,322,G322C,G,C,np,p~,0.3967,0.4105,0.0894,0.8713,0.7908,0.5436,0.5436
6104,322,G322Q,G,Q,np,p~,0.3967,0.4105,0.0894,0.8713,0.7908,0.7127,0.7127
6105,322,G322E,G,E,np,p-,0.3967,0.4105,0.0894,0.8713,0.7908,0.6597,0.6597
6106,322,G322H,G,H,np,p~,0.3967,0.4105,0.0894,0.8713,0.7908,0.7481,0.7481
6107,322,G322I,G,I,np,np,0.3967,0.4105,0.0894,0.8713,0.7908,0.6957,0.6957
6108,322,G322L,G,L,np,np,0.3967,0.4105,0.0894,0.8713,0.7908,0.7065,0.7065
6109,322,G322K,G,K,np,p+,0.3967,0.4105,0.0894,0.8713,0.7908,0.8194,0.8194
6110,322,G322M,G,M,np,np,0.3967,0.4105,0.0894,0.8713,0.7908,0.7107,0.7107
6111,322,G322F,G,F,np,np,0.3967,0.4105,0.0894,0.8713,0.7908,0.7502,0.7502
6112,322,G322P,G,P,np,np,0.3967,0.4105,0.0894,0.8713,0.7908,0.5281,0.5281
6113,322,G322S,G,S,np,p~,0.3967,0.4105,0.0894,0.8713,0.7908,0.5056,0.5056
6114,322,G322T,G,T,np,p~,0.3967,0.4105,0.0894,0.8713,0.7908,0.5905,0.5905
6115,322,G322W,G,W,np,np,0.3967,0.4105,0.0894,0.8713,0.7908,0.811,0.811
6116,322,G322Y,G,Y,np,p~,0.3967,0.4105,0.0894,0.8713,0.7908,0.7858,0.7858
6117,322,G322V,G,V,np,np,0.3967,0.4105,0.0894,0.8713,0.7908,0.5979,0.5979
6118,323,E323A,E,A,p-,np,0.3936,0.4004,0.0771,0.999,0.9983,0.5148,0.5148
6119,323,E323R,E,R,p-,p+,0.3936,0.4004,0.0771,0.999,0.9983,0.7198,0.7198
6120,323,E323N,E,N,p-,p~,0.3936,0.4004,0.0771,0.999,0.9983,0.6232,0.6232
6121,323,E323D,E,D,p-,p-,0.3936,0.4004,0.0771,0.999,0.9983,0.4594,0.4594
6122,323,E323C,E,C,p-,p~,0.3936,0.4004,0.0771,0.999,0.9983,0.713,0.713
6123,323,E323Q,E,Q,p-,p~,0.3936,0.4004,0.0771,0.999,0.9983,0.5046,0.5046
6124,323,E323G,E,G,p-,np,0.3936,0.4004,0.0771,0.999,0.9983,0.5576,0.5576
6125,323,E323H,E,H,p-,p~,0.3936,0.4004,0.0771,0.999,0.9983,0.6801,0.6801
6126,323,E323I,E,I,p-,np,0.3936,0.4004,0.0771,0.999,0.9983,0.6832,0.6832
6127,323,E323L,E,L,p-,np,0.3936,0.4004,0.0771,0.999,0.9983,0.6698,0.6698
6128,323,E323K,E,K,p-,p+,0.3936,0.4004,0.0771,0.999,0.9983,0.6889,0.6889
6129,323,E323M,E,M,p-,np,0.3936,0.4004,0.0771,0.999,0.9983,0.7025,0.7025
6130,323,E323F,E,F,p-,np,0.3936,0.4004,0.0771,0.999,0.9983,0.7668,0.7668
6131,323,E323P,E,P,p-,np,0.3936,0.4004,0.0771,0.999,0.9983,0.9631,0.9631
6132,323,E323S,E,S,p-,p~,0.3936,0.4004,0.0771,0.999,0.9983,0.5771,0.5771
6133,323,E323T,E,T,p-,p~,0.3936,0.4004,0.0771,0.999,0.9983,0.6369,0.6369
6134,323,E323W,E,W,p-,np,0.3936,0.4004,0.0771,0.999,0.9983,0.8202,0.8202
6135,323,E323Y,E,Y,p-,p~,0.3936,0.4004,0.0771,0.999,0.9983,0.743,0.743
6136,323,E323V,E,V,p-,np,0.3936,0.4004,0.0771,0.999,0.9983,0.6053,0.6053
6137,324,V324A,V,A,np,np,0.4543,0.4633,0.1349,0.722,0.9488,0.4575,0.4575
6138,324,V324R,V,R,np,p+,0.4543,0.4633,0.1349,0.722,0.9488,0.5856,0.5856
6139,324,V324N,V,N,np,p~,0.4543,0.4633,0.1349,0.722,0.9488,0.6306,0.6306
6140,324,V324D,V,D,np,p-,0.4543,0.4633,0.1349,0.722,0.9488,0.6897,0.6897
6141,324,V324C,V,C,np,p~,0.4543,0.4633,0.1349,0.722,0.9488,0.7011,0.7011
6142,324,V324Q,V,Q,np,p~,0.4543,0.4633,0.1349,0.722,0.9488,0.5197,0.5197
6143,324,V324E,V,E,np,p-,0.4543,0.4633,0.1349,0.722,0.9488,0.5093,0.5093
6144,324,V324G,V,G,np,np,0.4543,0.4633,0.1349,0.722,0.9488,0.6819,0.6819
6145,324,V324H,V,H,np,p~,0.4543,0.4633,0.1349,0.722,0.9488,0.6801,0.6801
6146,324,V324I,V,I,np,np,0.4543,0.4633,0.1349,0.722,0.9488,0.1884,0.1884
6147,324,V324L,V,L,np,np,0.4543,0.4633,0.1349,0.722,0.9488,0.3338,0.3338
6148,324,V324K,V,K,np,p+,0.4543,0.4633,0.1349,0.722,0.9488,0.5587,0.5587
6149,324,V324M,V,M,np,np,0.4543,0.4633,0.1349,0.722,0.9488,0.432,0.432
6150,324,V324F,V,F,np,np,0.4543,0.4633,0.1349,0.722,0.9488,0.468,0.468
6151,324,V324P,V,P,np,np,0.4543,0.4633,0.1349,0.722,0.9488,0.791,0.791
6152,324,V324S,V,S,np,p~,0.4543,0.4633,0.1349,0.722,0.9488,0.5361,0.5361
6153,324,V324T,V,T,np,p~,0.4543,0.4633,0.1349,0.722,0.9488,0.3479,0.3479
6154,324,V324W,V,W,np,np,0.4543,0.4633,0.1349,0.722,0.9488,0.5928,0.5928
6155,324,V324Y,V,Y,np,p~,0.4543,0.4633,0.1349,0.722,0.9488,0.4647,0.4647
6156,325,Y325A,Y,A,p~,np,0.4576,0.4634,0.0979,0.8074,1.0,0.6228,0.6228
6157,325,Y325R,Y,R,p~,p+,0.4576,0.4634,0.0979,0.8074,1.0,0.6555,0.6555
6158,325,Y325N,Y,N,p~,p~,0.4576,0.4634,0.0979,0.8074,1.0,0.638,0.638
6159,325,Y325D,Y,D,p~,p-,0.4576,0.4634,0.0979,0.8074,1.0,0.6954,0.6954
6160,325,Y325C,Y,C,p~,p~,0.4576,0.4634,0.0979,0.8074,1.0,0.7047,0.7047
6161,325,Y325Q,Y,Q,p~,p~,0.4576,0.4634,0.0979,0.8074,1.0,0.6445,0.6445
6162,325,Y325E,Y,E,p~,p-,0.4576,0.4634,0.0979,0.8074,1.0,0.7692,0.7692
6163,325,Y325G,Y,G,p~,np,0.4576,0.4634,0.0979,0.8074,1.0,0.6458,0.6458
6164,325,Y325H,Y,H,p~,p~,0.4576,0.4634,0.0979,0.8074,1.0,0.5336,0.5336
6165,325,Y325I,Y,I,p~,np,0.4576,0.4634,0.0979,0.8074,1.0,0.617,0.617
6166,325,Y325L,Y,L,p~,np,0.4576,0.4634,0.0979,0.8074,1.0,0.4039,0.4039
6167,325,Y325K,Y,K,p~,p+,0.4576,0.4634,0.0979,0.8074,1.0,0.7618,0.7618
6168,325,Y325M,Y,M,p~,np,0.4576,0.4634,0.0979,0.8074,1.0,0.575,0.575
6169,325,Y325F,Y,F,p~,np,0.4576,0.4634,0.0979,0.8074,1.0,0.2827,0.2827
6170,325,Y325P,Y,P,p~,np,0.4576,0.4634,0.0979,0.8074,1.0,0.818,0.818
6171,325,Y325S,Y,S,p~,p~,0.4576,0.4634,0.0979,0.8074,1.0,0.5813,0.5813
6172,325,Y325T,Y,T,p~,p~,0.4576,0.4634,0.0979,0.8074,1.0,0.5901,0.5901
6173,325,Y325W,Y,W,p~,np,0.4576,0.4634,0.0979,0.8074,1.0,0.2868,0.2868
6174,325,Y325V,Y,V,p~,np,0.4576,0.4634,0.0979,0.8074,1.0,0.6761,0.6761
6175,326,S326A,S,A,p~,np,0.5179,0.5216,0.1503,0.6201,0.5317,0.3585,0.3585
6176,326,S326R,S,R,p~,p+,0.5179,0.5216,0.1503,0.6201,0.5317,0.4536,0.4536
6177,326,S326N,S,N,p~,p~,0.5179,0.5216,0.1503,0.6201,0.5317,0.1293,0.1293
6178,326,S326D,S,D,p~,p-,0.5179,0.5216,0.1503,0.6201,0.5317,0.0957,0.0957
6179,326,S326C,S,C,p~,p~,0.5179,0.5216,0.1503,0.6201,0.5317,0.642,0.642
6180,326,S326Q,S,Q,p~,p~,0.5179,0.5216,0.1503,0.6201,0.5317,0.3699,0.3699
6181,326,S326E,S,E,p~,p-,0.5179,0.5216,0.1503,0.6201,0.5317,0.2809,0.2809
6182,326,S326G,S,G,p~,np,0.5179,0.5216,0.1503,0.6201,0.5317,0.4687,0.4687
6183,326,S326H,S,H,p~,p~,0.5179,0.5216,0.1503,0.6201,0.5317,0.3851,0.3851
6184,326,S326I,S,I,p~,np,0.5179,0.5216,0.1503,0.6201,0.5317,0.4322,0.4322
6185,326,S326L,S,L,p~,np,0.5179,0.5216,0.1503,0.6201,0.5317,0.4127,0.4127
6186,326,S326K,S,K,p~,p+,0.5179,0.5216,0.1503,0.6201,0.5317,0.3946,0.3946
6187,326,S326M,S,M,p~,np,0.5179,0.5216,0.1503,0.6201,0.5317,0.5058,0.5058
6188,326,S326F,S,F,p~,np,0.5179,0.5216,0.1503,0.6201,0.5317,0.5019,0.5019
6189,326,S326P,S,P,p~,np,0.5179,0.5216,0.1503,0.6201,0.5317,0.6842,0.6842
6190,326,S326T,S,T,p~,p~,0.5179,0.5216,0.1503,0.6201,0.5317,0.2503,0.2503
6191,326,S326W,S,W,p~,np,0.5179,0.5216,0.1503,0.6201,0.5317,0.566,0.566
6192,326,S326Y,S,Y,p~,p~,0.5179,0.5216,0.1503,0.6201,0.5317,0.422,0.422
6193,326,S326V,S,V,p~,np,0.5179,0.5216,0.1503,0.6201,0.5317,0.3877,0.3877
6194,327,P327A,P,A,np,np,0.5422,0.5486,0.1079,0.7312,0.6421,0.2675,0.2675
6195,327,P327R,P,R,np,p+,0.5422,0.5486,0.1079,0.7312,0.6421,0.4401,0.4401
6196,327,P327N,P,N,np,p~,0.5422,0.5486,0.1079,0.7312,0.6421,0.4075,0.4075
6197,327,P327D,P,D,np,p-,0.5422,0.5486,0.1079,0.7312,0.6421,0.4352,0.4352
6198,327,P327C,P,C,np,p~,0.5422,0.5486,0.1079,0.7312,0.6421,0.6568,0.6568
6199,327,P327Q,P,Q,np,p~,0.5422,0.5486,0.1079,0.7312,0.6421,0.3429,0.3429
6200,327,P327E,P,E,np,p-,0.5422,0.5486,0.1079,0.7312,0.6421,0.3902,0.3902
6201,327,P327G,P,G,np,np,0.5422,0.5486,0.1079,0.7312,0.6421,0.4076,0.4076
6202,327,P327H,P,H,np,p~,0.5422,0.5486,0.1079,0.7312,0.6421,0.4354,0.4354
6203,327,P327I,P,I,np,np,0.5422,0.5486,0.1079,0.7312,0.6421,0.3542,0.3542
6204,327,P327L,P,L,np,np,0.5422,0.5486,0.1079,0.7312,0.6421,0.3464,0.3464
6205,327,P327K,P,K,np,p+,0.5422,0.5486,0.1079,0.7312,0.6421,0.4235,0.4235
6206,327,P327M,P,M,np,np,0.5422,0.5486,0.1079,0.7312,0.6421,0.4198,0.4198
6207,327,P327F,P,F,np,np,0.5422,0.5486,0.1079,0.7312,0.6421,0.3476,0.3476
6208,327,P327S,P,S,np,p~,0.5422,0.5486,0.1079,0.7312,0.6421,0.2506,0.2506
6209,327,P327T,P,T,np,p~,0.5422,0.5486,0.1079,0.7312,0.6421,0.2783,0.2783
6210,327,P327W,P,W,np,np,0.5422,0.5486,0.1079,0.7312,0.6421,0.4676,0.4676
6211,327,P327Y,P,Y,np,p~,0.5422,0.5486,0.1079,0.7312,0.6421,0.3444,0.3444
6212,327,P327V,P,V,np,np,0.5422,0.5486,0.1079,0.7312,0.6421,0.3202,0.3202
6213,328,S328A,S,A,p~,np,0.5893,0.5953,0.5628,0.2655,0.1421,0.2395,0.2395
6214,328,S328R,S,R,p~,p+,0.5893,0.5953,0.5628,0.2655,0.1421,0.3949,0.3949
6215,328,S328N,S,N,p~,p~,0.5893,0.5953,0.5628,0.2655,0.1421,0.3303,0.3303
6216,328,S328D,S,D,p~,p-,0.5893,0.5953,0.5628,0.2655,0.1421,0.3139,0.3139
6217,328,S328C,S,C,p~,p~,0.5893,0.5953,0.5628,0.2655,0.1421,0.6612,0.6612
6218,328,S328Q,S,Q,p~,p~,0.5893,0.5953,0.5628,0.2655,0.1421,0.3195,0.3195
6219,328,S328E,S,E,p~,p-,0.5893,0.5953,0.5628,0.2655,0.1421,0.2956,0.2956
6220,328,S328G,S,G,p~,np,0.5893,0.5953,0.5628,0.2655,0.1421,0.321,0.321
6221,328,S328H,S,H,p~,p~,0.5893,0.5953,0.5628,0.2655,0.1421,0.5074,0.5074
6222,328,S328I,S,I,p~,np,0.5893,0.5953,0.5628,0.2655,0.1421,0.3667,0.3667
6223,328,S328L,S,L,p~,np,0.5893,0.5953,0.5628,0.2655,0.1421,0.341,0.341
6224,328,S328K,S,K,p~,p+,0.5893,0.5953,0.5628,0.2655,0.1421,0.358,0.358
6225,328,S328M,S,M,p~,np,0.5893,0.5953,0.5628,0.2655,0.1421,0.4944,0.4944
6226,328,S328F,S,F,p~,np,0.5893,0.5953,0.5628,0.2655,0.1421,0.4212,0.4212
6227,328,S328P,S,P,p~,np,0.5893,0.5953,0.5628,0.2655,0.1421,0.4888,0.4888
6228,328,S328T,S,T,p~,p~,0.5893,0.5953,0.5628,0.2655,0.1421,0.2588,0.2588
6229,328,S328W,S,W,p~,np,0.5893,0.5953,0.5628,0.2655,0.1421,0.4548,0.4548
6230,328,S328Y,S,Y,p~,p~,0.5893,0.5953,0.5628,0.2655,0.1421,0.4203,0.4203
6231,328,S328V,S,V,p~,np,0.5893,0.5953,0.5628,0.2655,0.1421,0.3448,0.3448
6232,329,S329A,S,A,p~,np,0.5884,0.5918,0.1974,0.4539,0.4045,0.2308,0.2308
6233,329,S329R,S,R,p~,p+,0.5884,0.5918,0.1974,0.4539,0.4045,0.3807,0.3807
6234,329,S329N,S,N,p~,p~,0.5884,0.5918,0.1974,0.4539,0.4045,0.2477,0.2477
6235,329,S329D,S,D,p~,p-,0.5884,0.5918,0.1974,0.4539,0.4045,0.305,0.305
6236,329,S329C,S,C,p~,p~,0.5884,0.5918,0.1974,0.4539,0.4045,0.6496,0.6496
6237,329,S329Q,S,Q,p~,p~,0.5884,0.5918,0.1974,0.4539,0.4045,0.3175,0.3175
6238,329,S329E,S,E,p~,p-,0.5884,0.5918,0.1974,0.4539,0.4045,0.38,0.38
6239,329,S329G,S,G,p~,np,0.5884,0.5918,0.1974,0.4539,0.4045,0.3212,0.3212
6240,329,S329H,S,H,p~,p~,0.5884,0.5918,0.1974,0.4539,0.4045,0.5573,0.5573
6241,329,S329I,S,I,p~,np,0.5884,0.5918,0.1974,0.4539,0.4045,0.4767,0.4767
6242,329,S329L,S,L,p~,np,0.5884,0.5918,0.1974,0.4539,0.4045,0.3029,0.3029
6243,329,S329K,S,K,p~,p+,0.5884,0.5918,0.1974,0.4539,0.4045,0.3545,0.3545
6244,329,S329M,S,M,p~,np,0.5884,0.5918,0.1974,0.4539,0.4045,0.4879,0.4879
6245,329,S329F,S,F,p~,np,0.5884,0.5918,0.1974,0.4539,0.4045,0.5149,0.5149
6246,329,S329P,S,P,p~,np,0.5884,0.5918,0.1974,0.4539,0.4045,0.5512,0.5512
6247,329,S329T,S,T,p~,p~,0.5884,0.5918,0.1974,0.4539,0.4045,0.177,0.177
6248,329,S329W,S,W,p~,np,0.5884,0.5918,0.1974,0.4539,0.4045,0.5819,0.5819
6249,329,S329Y,S,Y,p~,p~,0.5884,0.5918,0.1974,0.4539,0.4045,0.5222,0.5222
6250,329,S329V,S,V,p~,np,0.5884,0.5918,0.1974,0.4539,0.4045,0.4443,0.4443
6251,330,K330A,K,A,p+,np,0.5364,0.5413,0.3778,0.402,0.3139,0.2994,0.2994
6252,330,K330R,K,R,p+,p+,0.5364,0.5413,0.3778,0.402,0.3139,0.2312,0.2312
6253,330,K330N,K,N,p+,p~,0.5364,0.5413,0.3778,0.402,0.3139,0.1248,0.1248
6254,330,K330D,K,D,p+,p-,0.5364,0.5413,0.3778,0.402,0.3139,0.2341,0.2341
6255,330,K330C,K,C,p+,p~,0.5364,0.5413,0.3778,0.402,0.3139,0.6455,0.6455
6256,330,K330Q,K,Q,p+,p~,0.5364,0.5413,0.3778,0.402,0.3139,0.262,0.262
6257,330,K330E,K,E,p+,p-,0.5364,0.5413,0.3778,0.402,0.3139,0.3264,0.3264
6258,330,K330G,K,G,p+,np,0.5364,0.5413,0.3778,0.402,0.3139,0.1857,0.1857
6259,330,K330H,K,H,p+,p~,0.5364,0.5413,0.3778,0.402,0.3139,0.3514,0.3514
6260,330,K330I,K,I,p+,np,0.5364,0.5413,0.3778,0.402,0.3139,0.5203,0.5203
6261,330,K330L,K,L,p+,np,0.5364,0.5413,0.3778,0.402,0.3139,0.4018,0.4018
6262,330,K330M,K,M,p+,np,0.5364,0.5413,0.3778,0.402,0.3139,0.4208,0.4208
6263,330,K330F,K,F,p+,np,0.5364,0.5413,0.3778,0.402,0.3139,0.4627,0.4627
6264,330,K330P,K,P,p+,np,0.5364,0.5413,0.3778,0.402,0.3139,0.5261,0.5261
6265,330,K330S,K,S,p+,p~,0.5364,0.5413,0.3778,0.402,0.3139,0.2628,0.2628
6266,330,K330T,K,T,p+,p~,0.5364,0.5413,0.3778,0.402,0.3139,0.4023,0.4023
6267,330,K330W,K,W,p+,np,0.5364,0.5413,0.3778,0.402,0.3139,0.4755,0.4755
6268,330,K330Y,K,Y,p+,p~,0.5364,0.5413,0.3778,0.402,0.3139,0.4226,0.4226
6269,330,K330V,K,V,p+,np,0.5364,0.5413,0.3778,0.402,0.3139,0.46,0.46
6270,331,T331A,T,A,p~,np,0.5073,0.5108,0.192,0.5381,0.5471,0.3226,0.3226
6271,331,T331R,T,R,p~,p+,0.5073,0.5108,0.192,0.5381,0.5471,0.3551,0.3551
6272,331,T331N,T,N,p~,p~,0.5073,0.5108,0.192,0.5381,0.5471,0.3389,0.3389
6273,331,T331D,T,D,p~,p-,0.5073,0.5108,0.192,0.5381,0.5471,0.4915,0.4915
6274,331,T331C,T,C,p~,p~,0.5073,0.5108,0.192,0.5381,0.5471,0.7046,0.7046
6275,331,T331Q,T,Q,p~,p~,0.5073,0.5108,0.192,0.5381,0.5471,0.3151,0.3151
6276,331,T331E,T,E,p~,p-,0.5073,0.5108,0.192,0.5381,0.5471,0.433,0.433
6277,331,T331G,T,G,p~,np,0.5073,0.5108,0.192,0.5381,0.5471,0.4454,0.4454
6278,331,T331H,T,H,p~,p~,0.5073,0.5108,0.192,0.5381,0.5471,0.5479,0.5479
6279,331,T331I,T,I,p~,np,0.5073,0.5108,0.192,0.5381,0.5471,0.4055,0.4055
6280,331,T331L,T,L,p~,np,0.5073,0.5108,0.192,0.5381,0.5471,0.4075,0.4075
6281,331,T331K,T,K,p~,p+,0.5073,0.5108,0.192,0.5381,0.5471,0.2937,0.2937
6282,331,T331M,T,M,p~,np,0.5073,0.5108,0.192,0.5381,0.5471,0.4775,0.4775
6283,331,T331F,T,F,p~,np,0.5073,0.5108,0.192,0.5381,0.5471,0.5505,0.5505
6284,331,T331P,T,P,p~,np,0.5073,0.5108,0.192,0.5381,0.5471,0.6977,0.6977
6285,331,T331S,T,S,p~,p~,0.5073,0.5108,0.192,0.5381,0.5471,0.1916,0.1916
6286,331,T331W,T,W,p~,np,0.5073,0.5108,0.192,0.5381,0.5471,0.5861,0.5861
6287,331,T331Y,T,Y,p~,p~,0.5073,0.5108,0.192,0.5381,0.5471,0.5363,0.5363
6288,331,T331V,T,V,p~,np,0.5073,0.5108,0.192,0.5381,0.5471,0.3619,0.3619
6289,332,W332A,W,A,np,np,0.4046,0.4124,0.0825,0.9708,1.0,0.7773,0.7773
6290,332,W332R,W,R,np,p+,0.4046,0.4124,0.0825,0.9708,1.0,0.7008,0.7008
6291,332,W332N,W,N,np,p~,0.4046,0.4124,0.0825,0.9708,1.0,0.7929,0.7929
6292,332,W332D,W,D,np,p-,0.4046,0.4124,0.0825,0.9708,1.0,0.8866,0.8866
6293,332,W332C,W,C,np,p~,0.4046,0.4124,0.0825,0.9708,1.0,0.6975,0.6975
6294,332,W332Q,W,Q,np,p~,0.4046,0.4124,0.0825,0.9708,1.0,0.7929,0.7929
6295,332,W332E,W,E,np,p-,0.4046,0.4124,0.0825,0.9708,1.0,0.8849,0.8849
6296,332,W332G,W,G,np,np,0.4046,0.4124,0.0825,0.9708,1.0,0.7466,0.7466
6297,332,W332H,W,H,np,p~,0.4046,0.4124,0.0825,0.9708,1.0,0.8653,0.8653
6298,332,W332I,W,I,np,np,0.4046,0.4124,0.0825,0.9708,1.0,0.7059,0.7059
6299,332,W332L,W,L,np,np,0.4046,0.4124,0.0825,0.9708,1.0,0.6637,0.6637
6300,332,W332K,W,K,np,p+,0.4046,0.4124,0.0825,0.9708,1.0,0.7635,0.7635
6301,332,W332M,W,M,np,np,0.4046,0.4124,0.0825,0.9708,1.0,0.7012,0.7012
6302,332,W332F,W,F,np,np,0.4046,0.4124,0.0825,0.9708,1.0,0.5474,0.5474
6303,332,W332P,W,P,np,np,0.4046,0.4124,0.0825,0.9708,1.0,0.8374,0.8374
6304,332,W332S,W,S,np,p~,0.4046,0.4124,0.0825,0.9708,1.0,0.709,0.709
6305,332,W332T,W,T,np,p~,0.4046,0.4124,0.0825,0.9708,1.0,0.7238,0.7238
6306,332,W332Y,W,Y,np,p~,0.4046,0.4124,0.0825,0.9708,1.0,0.5882,0.5882
6307,332,W332V,W,V,np,np,0.4046,0.4124,0.0825,0.9708,1.0,0.7228,0.7228
6308,333,T333A,T,A,p~,np,0.4808,0.4874,0.2344,0.5921,0.4916,0.3361,0.3361
6309,333,T333R,T,R,p~,p+,0.4808,0.4874,0.2344,0.5921,0.4916,0.3882,0.3882
6310,333,T333N,T,N,p~,p~,0.4808,0.4874,0.2344,0.5921,0.4916,0.3836,0.3836
6311,333,T333D,T,D,p~,p-,0.4808,0.4874,0.2344,0.5921,0.4916,0.4061,0.4061
6312,333,T333C,T,C,p~,p~,0.4808,0.4874,0.2344,0.5921,0.4916,0.713,0.713
6313,333,T333Q,T,Q,p~,p~,0.4808,0.4874,0.2344,0.5921,0.4916,0.3324,0.3324
6314,333,T333E,T,E,p~,p-,0.4808,0.4874,0.2344,0.5921,0.4916,0.3551,0.3551
6315,333,T333G,T,G,p~,np,0.4808,0.4874,0.2344,0.5921,0.4916,0.4734,0.4734
6316,333,T333H,T,H,p~,p~,0.4808,0.4874,0.2344,0.5921,0.4916,0.5061,0.5061
6317,333,T333I,T,I,p~,np,0.4808,0.4874,0.2344,0.5921,0.4916,0.4066,0.4066
6318,333,T333L,T,L,p~,np,0.4808,0.4874,0.2344,0.5921,0.4916,0.4783,0.4783
6319,333,T333K,T,K,p~,p+,0.4808,0.4874,0.2344,0.5921,0.4916,0.3288,0.3288
6320,333,T333M,T,M,p~,np,0.4808,0.4874,0.2344,0.5921,0.4916,0.4965,0.4965
6321,333,T333F,T,F,p~,np,0.4808,0.4874,0.2344,0.5921,0.4916,0.515,0.515
6322,333,T333P,T,P,p~,np,0.4808,0.4874,0.2344,0.5921,0.4916,0.7974,0.7974
6323,333,T333S,T,S,p~,p~,0.4808,0.4874,0.2344,0.5921,0.4916,0.2097,0.2097
6324,333,T333W,T,W,p~,np,0.4808,0.4874,0.2344,0.5921,0.4916,0.5799,0.5799
6325,333,T333Y,T,Y,p~,p~,0.4808,0.4874,0.2344,0.5921,0.4916,0.4827,0.4827
6326,333,T333V,T,V,p~,np,0.4808,0.4874,0.2344,0.5921,0.4916,0.3744,0.3744
6327,334,S334A,S,A,p~,np,0.4643,0.4684,0.7178,0.2374,0.2029,0.1814,0.1814
6328,334,S334R,S,R,p~,p+,0.4643,0.4684,0.7178,0.2374,0.2029,0.2221,0.2221
6329,334,S334N,S,N,p~,p~,0.4643,0.4684,0.7178,0.2374,0.2029,0.277,0.277
6330,334,S334D,S,D,p~,p-,0.4643,0.4684,0.7178,0.2374,0.2029,0.3467,0.3467
6331,334,S334C,S,C,p~,p~,0.4643,0.4684,0.7178,0.2374,0.2029,0.5709,0.5709
6332,334,S334Q,S,Q,p~,p~,0.4643,0.4684,0.7178,0.2374,0.2029,0.2424,0.2424
6333,334,S334E,S,E,p~,p-,0.4643,0.4684,0.7178,0.2374,0.2029,0.3037,0.3037
6334,334,S334G,S,G,p~,np,0.4643,0.4684,0.7178,0.2374,0.2029,0.315,0.315
6335,334,S334H,S,H,p~,p~,0.4643,0.4684,0.7178,0.2374,0.2029,0.3907,0.3907
6336,334,S334I,S,I,p~,np,0.4643,0.4684,0.7178,0.2374,0.2029,0.2649,0.2649
6337,334,S334L,S,L,p~,np,0.4643,0.4684,0.7178,0.2374,0.2029,0.1076,0.1076
6338,334,S334K,S,K,p~,p+,0.4643,0.4684,0.7178,0.2374,0.2029,0.1698,0.1698
6339,334,S334M,S,M,p~,np,0.4643,0.4684,0.7178,0.2374,0.2029,0.2976,0.2976
6340,334,S334F,S,F,p~,np,0.4643,0.4684,0.7178,0.2374,0.2029,0.3185,0.3185
6341,334,S334P,S,P,p~,np,0.4643,0.4684,0.7178,0.2374,0.2029,0.2309,0.2309
6342,334,S334T,S,T,p~,p~,0.4643,0.4684,0.7178,0.2374,0.2029,0.203,0.203
6343,334,S334W,S,W,p~,np,0.4643,0.4684,0.7178,0.2374,0.2029,0.4197,0.4197
6344,334,S334Y,S,Y,p~,p~,0.4643,0.4684,0.7178,0.2374,0.2029,0.3313,0.3313
6345,334,S334V,S,V,p~,np,0.4643,0.4684,0.7178,0.2374,0.2029,0.2339,0.2339
6346,335,L335A,L,A,np,np,0.4638,0.4748,0.0987,0.8631,0.8389,0.6598,0.6598
6347,335,L335R,L,R,np,p+,0.4638,0.4748,0.0987,0.8631,0.8389,0.5733,0.5733
6348,335,L335N,L,N,np,p~,0.4638,0.4748,0.0987,0.8631,0.8389,0.6763,0.6763
6349,335,L335D,L,D,np,p-,0.4638,0.4748,0.0987,0.8631,0.8389,0.7754,0.7754
6350,335,L335C,L,C,np,p~,0.4638,0.4748,0.0987,0.8631,0.8389,0.7578,0.7578
6351,335,L335Q,L,Q,np,p~,0.4638,0.4748,0.0987,0.8631,0.8389,0.567,0.567
6352,335,L335E,L,E,np,p-,0.4638,0.4748,0.0987,0.8631,0.8389,0.6654,0.6654
6353,335,L335G,L,G,np,np,0.4638,0.4748,0.0987,0.8631,0.8389,0.8129,0.8129
6354,335,L335H,L,H,np,p~,0.4638,0.4748,0.0987,0.8631,0.8389,0.6584,0.6584
6355,335,L335I,L,I,np,np,0.4638,0.4748,0.0987,0.8631,0.8389,0.4029,0.4029
6356,335,L335K,L,K,np,p+,0.4638,0.4748,0.0987,0.8631,0.8389,0.5884,0.5884
6357,335,L335M,L,M,np,np,0.4638,0.4748,0.0987,0.8631,0.8389,0.461,0.461
6358,335,L335F,L,F,np,np,0.4638,0.4748,0.0987,0.8631,0.8389,0.5499,0.5499
6359,335,L335P,L,P,np,np,0.4638,0.4748,0.0987,0.8631,0.8389,0.7534,0.7534
6360,335,L335S,L,S,np,p~,0.4638,0.4748,0.0987,0.8631,0.8389,0.6881,0.6881
6361,335,L335T,L,T,np,p~,0.4638,0.4748,0.0987,0.8631,0.8389,0.6142,0.6142
6362,335,L335W,L,W,np,np,0.4638,0.4748,0.0987,0.8631,0.8389,0.5587,0.5587
6363,335,L335Y,L,Y,np,p~,0.4638,0.4748,0.0987,0.8631,0.8389,0.5786,0.5786
6364,335,L335V,L,V,np,np,0.4638,0.4748,0.0987,0.8631,0.8389,0.4694,0.4694
6365,336,P336A,P,A,np,np,0.4727,0.483,0.1264,0.6231,0.5324,0.295,0.295
6366,336,P336R,P,R,np,p+,0.4727,0.483,0.1264,0.6231,0.5324,0.3737,0.3737
6367,336,P336N,P,N,np,p~,0.4727,0.483,0.1264,0.6231,0.5324,0.3397,0.3397
6368,336,P336D,P,D,np,p-,0.4727,0.483,0.1264,0.6231,0.5324,0.404,0.404
6369,336,P336C,P,C,np,p~,0.4727,0.483,0.1264,0.6231,0.5324,0.7419,0.7419
6370,336,P336Q,P,Q,np,p~,0.4727,0.483,0.1264,0.6231,0.5324,0.3833,0.3833
6371,336,P336E,P,E,np,p-,0.4727,0.483,0.1264,0.6231,0.5324,0.4447,0.4447
6372,336,P336G,P,G,np,np,0.4727,0.483,0.1264,0.6231,0.5324,0.3935,0.3935
6373,336,P336H,P,H,np,p~,0.4727,0.483,0.1264,0.6231,0.5324,0.483,0.483
6374,336,P336I,P,I,np,np,0.4727,0.483,0.1264,0.6231,0.5324,0.4201,0.4201
6375,336,P336L,P,L,np,np,0.4727,0.483,0.1264,0.6231,0.5324,0.3718,0.3718
6376,336,P336K,P,K,np,p+,0.4727,0.483,0.1264,0.6231,0.5324,0.2921,0.2921
6377,336,P336M,P,M,np,np,0.4727,0.483,0.1264,0.6231,0.5324,0.4805,0.4805
6378,336,P336F,P,F,np,np,0.4727,0.483,0.1264,0.6231,0.5324,0.375,0.375
6379,336,P336S,P,S,np,p~,0.4727,0.483,0.1264,0.6231,0.5324,0.2724,0.2724
6380,336,P336T,P,T,np,p~,0.4727,0.483,0.1264,0.6231,0.5324,0.2509,0.2509
6381,336,P336W,P,W,np,np,0.4727,0.483,0.1264,0.6231,0.5324,0.4825,0.4825
6382,336,P336Y,P,Y,np,p~,0.4727,0.483,0.1264,0.6231,0.5324,0.3418,0.3418
6383,336,P336V,P,V,np,np,0.4727,0.483,0.1264,0.6231,0.5324,0.3808,0.3808
6384,337,N337A,N,A,p~,np,0.4951,0.5081,0.1342,0.5948,0.3842,0.3795,0.3795
6385,337,N337R,N,R,p~,p+,0.4951,0.5081,0.1342,0.5948,0.3842,0.4082,0.4082
6386,337,N337D,N,D,p~,p-,0.4951,0.5081,0.1342,0.5948,0.3842,0.2777,0.2777
6387,337,N337C,N,C,p~,p~,0.4951,0.5081,0.1342,0.5948,0.3842,0.5842,0.5842
6388,337,N337Q,N,Q,p~,p~,0.4951,0.5081,0.1342,0.5948,0.3842,0.3918,0.3918
6389,337,N337E,N,E,p~,p-,0.4951,0.5081,0.1342,0.5948,0.3842,0.4095,0.4095
6390,337,N337G,N,G,p~,np,0.4951,0.5081,0.1342,0.5948,0.3842,0.1311,0.1311
6391,337,N337H,N,H,p~,p~,0.4951,0.5081,0.1342,0.5948,0.3842,0.4697,0.4697
6392,337,N337I,N,I,p~,np,0.4951,0.5081,0.1342,0.5948,0.3842,0.6102,0.6102
6393,337,N337L,N,L,p~,np,0.4951,0.5081,0.1342,0.5948,0.3842,0.4886,0.4886
6394,337,N337K,N,K,p~,p+,0.4951,0.5081,0.1342,0.5948,0.3842,0.3653,0.3653
6395,337,N337M,N,M,p~,np,0.4951,0.5081,0.1342,0.5948,0.3842,0.5559,0.5559
6396,337,N337F,N,F,p~,np,0.4951,0.5081,0.1342,0.5948,0.3842,0.5212,0.5212
6397,337,N337P,N,P,p~,np,0.4951,0.5081,0.1342,0.5948,0.3842,0.6165,0.6165
6398,337,N337S,N,S,p~,p~,0.4951,0.5081,0.1342,0.5948,0.3842,0.2811,0.2811
6399,337,N337T,N,T,p~,p~,0.4951,0.5081,0.1342,0.5948,0.3842,0.438,0.438
6400,337,N337W,N,W,p~,np,0.4951,0.5081,0.1342,0.5948,0.3842,0.5296,0.5296
6401,337,N337Y,N,Y,p~,p~,0.4951,0.5081,0.1342,0.5948,0.3842,0.4507,0.4507
6402,337,N337V,N,V,p~,np,0.4951,0.5081,0.1342,0.5948,0.3842,0.554,0.554
6403,338,A338R,A,R,np,p+,0.4219,0.4373,0.1928,0.5894,0.9273,0.7233,0.7233
6404,338,A338N,A,N,np,p~,0.4219,0.4373,0.1928,0.5894,0.9273,0.4568,0.4568
6405,338,A338D,A,D,np,p-,0.4219,0.4373,0.1928,0.5894,0.9273,0.5781,0.5781
6406,338,A338C,A,C,np,p~,0.4219,0.4373,0.1928,0.5894,0.9273,0.3029,0.3029
6407,338,A338Q,A,Q,np,p~,0.4219,0.4373,0.1928,0.5894,0.9273,0.5499,0.5499
6408,338,A338E,A,E,np,p-,0.4219,0.4373,0.1928,0.5894,0.9273,0.6064,0.6064
6409,338,A338G,A,G,np,np,0.4219,0.4373,0.1928,0.5894,0.9273,0.4202,0.4202
6410,338,A338H,A,H,np,p~,0.4219,0.4373,0.1928,0.5894,0.9273,0.6647,0.6647
6411,338,A338I,A,I,np,np,0.4219,0.4373,0.1928,0.5894,0.9273,0.4194,0.4194
6412,338,A338L,A,L,np,np,0.4219,0.4373,0.1928,0.5894,0.9273,0.5424,0.5424
6413,338,A338K,A,K,np,p+,0.4219,0.4373,0.1928,0.5894,0.9273,0.7158,0.7158
6414,338,A338M,A,M,np,np,0.4219,0.4373,0.1928,0.5894,0.9273,0.527,0.527
6415,338,A338F,A,F,np,np,0.4219,0.4373,0.1928,0.5894,0.9273,0.6574,0.6574
6416,338,A338P,A,P,np,np,0.4219,0.4373,0.1928,0.5894,0.9273,0.5949,0.5949
6417,338,A338S,A,S,np,p~,0.4219,0.4373,0.1928,0.5894,0.9273,0.3094,0.3094
6418,338,A338T,A,T,np,p~,0.4219,0.4373,0.1928,0.5894,0.9273,0.3432,0.3432
6419,338,A338W,A,W,np,np,0.4219,0.4373,0.1928,0.5894,0.9273,0.7316,0.7316
6420,338,A338Y,A,Y,np,p~,0.4219,0.4373,0.1928,0.5894,0.9273,0.6814,0.6814
6421,338,A338V,A,V,np,np,0.4219,0.4373,0.1928,0.5894,0.9273,0.3284,0.3284
6422,339,K339A,K,A,p+,np,0.4029,0.4233,0.5891,0.3263,0.1085,0.2985,0.2985
6423,339,K339R,K,R,p+,p+,0.4029,0.4233,0.5891,0.3263,0.1085,0.2862,0.2862
6424,339,K339N,K,N,p+,p~,0.4029,0.4233,0.5891,0.3263,0.1085,0.2669,0.2669
6425,339,K339D,K,D,p+,p-,0.4029,0.4233,0.5891,0.3263,0.1085,0.3305,0.3305
6426,339,K339C,K,C,p+,p~,0.4029,0.4233,0.5891,0.3263,0.1085,0.6406,0.6406
6427,339,K339Q,K,Q,p+,p~,0.4029,0.4233,0.5891,0.3263,0.1085,0.301,0.301
6428,339,K339E,K,E,p+,p-,0.4029,0.4233,0.5891,0.3263,0.1085,0.3564,0.3564
6429,339,K339G,K,G,p+,np,0.4029,0.4233,0.5891,0.3263,0.1085,0.4135,0.4135
6430,339,K339H,K,H,p+,p~,0.4029,0.4233,0.5891,0.3263,0.1085,0.4125,0.4125
6431,339,K339I,K,I,p+,np,0.4029,0.4233,0.5891,0.3263,0.1085,0.3823,0.3823
6432,339,K339L,K,L,p+,np,0.4029,0.4233,0.5891,0.3263,0.1085,0.329,0.329
6433,339,K339M,K,M,p+,np,0.4029,0.4233,0.5891,0.3263,0.1085,0.4061,0.4061
6434,339,K339F,K,F,p+,np,0.4029,0.4233,0.5891,0.3263,0.1085,0.4667,0.4667
6435,339,K339P,K,P,p+,np,0.4029,0.4233,0.5891,0.3263,0.1085,0.3324,0.3324
6436,339,K339S,K,S,p+,p~,0.4029,0.4233,0.5891,0.3263,0.1085,0.2924,0.2924
6437,339,K339T,K,T,p+,p~,0.4029,0.4233,0.5891,0.3263,0.1085,0.304,0.304
6438,339,K339W,K,W,p+,np,0.4029,0.4233,0.5891,0.3263,0.1085,0.5301,0.5301
6439,339,K339Y,K,Y,p+,p~,0.4029,0.4233,0.5891,0.3263,0.1085,0.4302,0.4302
6440,339,K339V,K,V,p+,np,0.4029,0.4233,0.5891,0.3263,0.1085,0.3447,0.3447
6441,340,V340A,V,A,np,np,0.3133,0.3366,0.1349,0.6905,0.7635,0.3315,0.3315
6442,340,V340R,V,R,np,p+,0.3133,0.3366,0.1349,0.6905,0.7635,0.6023,0.6023
6443,340,V340N,V,N,np,p~,0.3133,0.3366,0.1349,0.6905,0.7635,0.4537,0.4537
6444,340,V340D,V,D,np,p-,0.3133,0.3366,0.1349,0.6905,0.7635,0.5014,0.5014
6445,340,V340C,V,C,np,p~,0.3133,0.3366,0.1349,0.6905,0.7635,0.533,0.533
6446,340,V340Q,V,Q,np,p~,0.3133,0.3366,0.1349,0.6905,0.7635,0.5449,0.5449
6447,340,V340E,V,E,np,p-,0.3133,0.3366,0.1349,0.6905,0.7635,0.529,0.529
6448,340,V340G,V,G,np,np,0.3133,0.3366,0.1349,0.6905,0.7635,0.4736,0.4736
6449,340,V340H,V,H,np,p~,0.3133,0.3366,0.1349,0.6905,0.7635,0.6084,0.6084
6450,340,V340I,V,I,np,np,0.3133,0.3366,0.1349,0.6905,0.7635,0.3535,0.3535
6451,340,V340L,V,L,np,np,0.3133,0.3366,0.1349,0.6905,0.7635,0.4711,0.4711
6452,340,V340K,V,K,np,p+,0.3133,0.3366,0.1349,0.6905,0.7635,0.5674,0.5674
6453,340,V340M,V,M,np,np,0.3133,0.3366,0.1349,0.6905,0.7635,0.4966,0.4966
6454,340,V340F,V,F,np,np,0.3133,0.3366,0.1349,0.6905,0.7635,0.5248,0.5248
6455,340,V340P,V,P,np,np,0.3133,0.3366,0.1349,0.6905,0.7635,0.5533,0.5533
6456,340,V340S,V,S,np,p~,0.3133,0.3366,0.1349,0.6905,0.7635,0.4269,0.4269
6457,340,V340T,V,T,np,p~,0.3133,0.3366,0.1349,0.6905,0.7635,0.4171,0.4171
6458,340,V340W,V,W,np,np,0.3133,0.3366,0.1349,0.6905,0.7635,0.6399,0.6399
6459,340,V340Y,V,Y,np,p~,0.3133,0.3366,0.1349,0.6905,0.7635,0.5607,0.5607
6460,341,N341A,N,A,p~,np,0.3639,0.3934,0.6245,0.2231,0.1482,-0.0432,-0.0432
6461,341,N341R,N,R,p~,p+,0.3639,0.3934,0.6245,0.2231,0.1482,0.2234,0.2234
6462,341,N341D,N,D,p~,p-,0.3639,0.3934,0.6245,0.2231,0.1482,0.0988,0.0988
6463,341,N341C,N,C,p~,p~,0.3639,0.3934,0.6245,0.2231,0.1482,0.5002,0.5002
6464,341,N341Q,N,Q,p~,p~,0.3639,0.3934,0.6245,0.2231,0.1482,0.1622,0.1622
6465,341,N341E,N,E,p~,p-,0.3639,0.3934,0.6245,0.2231,0.1482,0.1488,0.1488
6466,341,N341G,N,G,p~,np,0.3639,0.3934,0.6245,0.2231,0.1482,0.1462,0.1462
6467,341,N341H,N,H,p~,p~,0.3639,0.3934,0.6245,0.2231,0.1482,0.2969,0.2969
6468,341,N341I,N,I,p~,np,0.3639,0.3934,0.6245,0.2231,0.1482,0.3149,0.3149
6469,341,N341L,N,L,p~,np,0.3639,0.3934,0.6245,0.2231,0.1482,0.2643,0.2643
6470,341,N341K,N,K,p~,p+,0.3639,0.3934,0.6245,0.2231,0.1482,0.1428,0.1428
6471,341,N341M,N,M,p~,np,0.3639,0.3934,0.6245,0.2231,0.1482,0.2902,0.2902
6472,341,N341F,N,F,p~,np,0.3639,0.3934,0.6245,0.2231,0.1482,0.3265,0.3265
6473,341,N341P,N,P,p~,np,0.3639,0.3934,0.6245,0.2231,0.1482,0.2825,0.2825
6474,341,N341S,N,S,p~,p~,0.3639,0.3934,0.6245,0.2231,0.1482,0.0269,0.0269
6475,341,N341T,N,T,p~,p~,0.3639,0.3934,0.6245,0.2231,0.1482,0.1128,0.1128
6476,341,N341W,N,W,p~,np,0.3639,0.3934,0.6245,0.2231,0.1482,0.3512,0.3512
6477,341,N341Y,N,Y,p~,p~,0.3639,0.3934,0.6245,0.2231,0.1482,0.2743,0.2743
6478,341,N341V,N,V,p~,np,0.3639,0.3934,0.6245,0.2231,0.1482,0.2274,0.2274
6479,342,P342A,P,A,np,np,0.3784,0.4092,0.1403,0.4399,0.2973,0.3271,0.3271
6480,342,P342R,P,R,np,p+,0.3784,0.4092,0.1403,0.4399,0.2973,0.4283,0.4283
6481,342,P342N,P,N,np,p~,0.3784,0.4092,0.1403,0.4399,0.2973,0.3538,0.3538
6482,342,P342D,P,D,np,p-,0.3784,0.4092,0.1403,0.4399,0.2973,0.3788,0.3788
6483,342,P342C,P,C,np,p~,0.3784,0.4092,0.1403,0.4399,0.2973,0.6922,0.6922
6484,342,P342Q,P,Q,np,p~,0.3784,0.4092,0.1403,0.4399,0.2973,0.3491,0.3491
6485,342,P342E,P,E,np,p-,0.3784,0.4092,0.1403,0.4399,0.2973,0.3243,0.3243
6486,342,P342G,P,G,np,np,0.3784,0.4092,0.1403,0.4399,0.2973,0.3876,0.3876
6487,342,P342H,P,H,np,p~,0.3784,0.4092,0.1403,0.4399,0.2973,0.4523,0.4523
6488,342,P342I,P,I,np,np,0.3784,0.4092,0.1403,0.4399,0.2973,0.5762,0.5762
6489,342,P342L,P,L,np,np,0.3784,0.4092,0.1403,0.4399,0.2973,0.5146,0.5146
6490,342,P342K,P,K,np,p+,0.3784,0.4092,0.1403,0.4399,0.2973,0.3748,0.3748
6491,342,P342M,P,M,np,np,0.3784,0.4092,0.1403,0.4399,0.2973,0.5435,0.5435
6492,342,P342F,P,F,np,np,0.3784,0.4092,0.1403,0.4399,0.2973,0.585,0.585
6493,342,P342S,P,S,np,p~,0.3784,0.4092,0.1403,0.4399,0.2973,0.3449,0.3449
6494,342,P342T,P,T,np,p~,0.3784,0.4092,0.1403,0.4399,0.2973,0.3622,0.3622
6495,342,P342W,P,W,np,np,0.3784,0.4092,0.1403,0.4399,0.2973,0.5924,0.5924
6496,342,P342Y,P,Y,np,p~,0.3784,0.4092,0.1403,0.4399,0.2973,0.4996,0.4996
6497,342,P342V,P,V,np,np,0.3784,0.4092,0.1403,0.4399,0.2973,0.468,0.468
6498,343,M343A,M,A,np,np,0.2982,0.3268,0.1311,0.6203,0.8213,0.4953,0.4953
6499,343,M343R,M,R,np,p+,0.2982,0.3268,0.1311,0.6203,0.8213,0.5397,0.5397
6500,343,M343N,M,N,np,p~,0.2982,0.3268,0.1311,0.6203,0.8213,0.4772,0.4772
6501,343,M343D,M,D,np,p-,0.2982,0.3268,0.1311,0.6203,0.8213,0.6021,0.6021
6502,343,M343C,M,C,np,p~,0.2982,0.3268,0.1311,0.6203,0.8213,0.6523,0.6523
6503,343,M343Q,M,Q,np,p~,0.2982,0.3268,0.1311,0.6203,0.8213,0.4477,0.4477
6504,343,M343E,M,E,np,p-,0.2982,0.3268,0.1311,0.6203,0.8213,0.5636,0.5636
6505,343,M343G,M,G,np,np,0.2982,0.3268,0.1311,0.6203,0.8213,0.573,0.573
6506,343,M343H,M,H,np,p~,0.2982,0.3268,0.1311,0.6203,0.8213,0.5423,0.5423
6507,343,M343I,M,I,np,np,0.2982,0.3268,0.1311,0.6203,0.8213,0.3418,0.3418
6508,343,M343L,M,L,np,np,0.2982,0.3268,0.1311,0.6203,0.8213,0.3227,0.3227
6509,343,M343K,M,K,np,p+,0.2982,0.3268,0.1311,0.6203,0.8213,0.5186,0.5186
6510,343,M343F,M,F,np,np,0.2982,0.3268,0.1311,0.6203,0.8213,0.4461,0.4461
6511,343,M343P,M,P,np,np,0.2982,0.3268,0.1311,0.6203,0.8213,0.5337,0.5337
6512,343,M343S,M,S,np,p~,0.2982,0.3268,0.1311,0.6203,0.8213,0.5194,0.5194
6513,343,M343T,M,T,np,p~,0.2982,0.3268,0.1311,0.6203,0.8213,0.4594,0.4594
6514,343,M343W,M,W,np,np,0.2982,0.3268,0.1311,0.6203,0.8213,0.5685,0.5685
6515,343,M343Y,M,Y,np,p~,0.2982,0.3268,0.1311,0.6203,0.8213,0.5131,0.5131
6516,343,M343V,M,V,np,np,0.2982,0.3268,0.1311,0.6203,0.8213,0.4284,0.4284
6517,344,L344A,L,A,np,np,0.2768,0.3068,0.1334,0.6996,0.7938,0.5212,0.5212
6518,344,L344R,L,R,np,p+,0.2768,0.3068,0.1334,0.6996,0.7938,0.4779,0.4779
6519,344,L344N,L,N,np,p~,0.2768,0.3068,0.1334,0.6996,0.7938,0.4623,0.4623
6520,344,L344D,L,D,np,p-,0.2768,0.3068,0.1334,0.6996,0.7938,0.6084,0.6084
6521,344,L344C,L,C,np,p~,0.2768,0.3068,0.1334,0.6996,0.7938,0.6968,0.6968
6522,344,L344Q,L,Q,np,p~,0.2768,0.3068,0.1334,0.6996,0.7938,0.4594,0.4594
6523,344,L344E,L,E,np,p-,0.2768,0.3068,0.1334,0.6996,0.7938,0.5676,0.5676
6524,344,L344G,L,G,np,np,0.2768,0.3068,0.1334,0.6996,0.7938,0.6024,0.6024
6525,344,L344H,L,H,np,p~,0.2768,0.3068,0.1334,0.6996,0.7938,0.5499,0.5499
6526,344,L344I,L,I,np,np,0.2768,0.3068,0.1334,0.6996,0.7938,0.4313,0.4313
6527,344,L344K,L,K,np,p+,0.2768,0.3068,0.1334,0.6996,0.7938,0.471,0.471
6528,344,L344M,L,M,np,np,0.2768,0.3068,0.1334,0.6996,0.7938,0.3824,0.3824
6529,344,L344F,L,F,np,np,0.2768,0.3068,0.1334,0.6996,0.7938,0.4418,0.4418
6530,344,L344P,L,P,np,np,0.2768,0.3068,0.1334,0.6996,0.7938,0.5014,0.5014
6531,344,L344S,L,S,np,p~,0.2768,0.3068,0.1334,0.6996,0.7938,0.5392,0.5392
6532,344,L344T,L,T,np,p~,0.2768,0.3068,0.1334,0.6996,0.7938,0.4802,0.4802
6533,344,L344W,L,W,np,np,0.2768,0.3068,0.1334,0.6996,0.7938,0.5643,0.5643
6534,344,L344Y,L,Y,np,p~,0.2768,0.3068,0.1334,0.6996,0.7938,0.4945,0.4945
6535,344,L344V,L,V,np,np,0.2768,0.3068,0.1334,0.6996,0.7938,0.4479,0.4479
6536,345,T345A,T,A,p~,np,0.2245,0.2663,0.0848,0.963,0.9698,0.5016,0.5016
6537,345,T345R,T,R,p~,p+,0.2245,0.2663,0.0848,0.963,0.9698,0.6125,0.6125
6538,345,T345N,T,N,p~,p~,0.2245,0.2663,0.0848,0.963,0.9698,0.519,0.519
6539,345,T345D,T,D,p~,p-,0.2245,0.2663,0.0848,0.963,0.9698,0.6029,0.6029
6540,345,T345C,T,C,p~,p~,0.2245,0.2663,0.0848,0.963,0.9698,0.7055,0.7055
6541,345,T345Q,T,Q,p~,p~,0.2245,0.2663,0.0848,0.963,0.9698,0.5806,0.5806
6542,345,T345E,T,E,p~,p-,0.2245,0.2663,0.0848,0.963,0.9698,0.6141,0.6141
6543,345,T345G,T,G,p~,np,0.2245,0.2663,0.0848,0.963,0.9698,0.4857,0.4857
6544,345,T345H,T,H,p~,p~,0.2245,0.2663,0.0848,0.963,0.9698,0.6622,0.6622
6545,345,T345I,T,I,p~,np,0.2245,0.2663,0.0848,0.963,0.9698,0.5685,0.5685
6546,345,T345L,T,L,p~,np,0.2245,0.2663,0.0848,0.963,0.9698,0.5319,0.5319
6547,345,T345K,T,K,p~,p+,0.2245,0.2663,0.0848,0.963,0.9698,0.5401,0.5401
6548,345,T345M,T,M,p~,np,0.2245,0.2663,0.0848,0.963,0.9698,0.5557,0.5557
6549,345,T345F,T,F,p~,np,0.2245,0.2663,0.0848,0.963,0.9698,0.6309,0.6309
6550,345,T345P,T,P,p~,np,0.2245,0.2663,0.0848,0.963,0.9698,0.5968,0.5968
6551,345,T345S,T,S,p~,p~,0.2245,0.2663,0.0848,0.963,0.9698,0.4289,0.4289
6552,345,T345W,T,W,p~,np,0.2245,0.2663,0.0848,0.963,0.9698,0.7351,0.7351
6553,345,T345Y,T,Y,p~,p~,0.2245,0.2663,0.0848,0.963,0.9698,0.632,0.632
6554,345,T345V,T,V,p~,np,0.2245,0.2663,0.0848,0.963,0.9698,0.5508,0.5508
6555,346,A346R,A,R,np,p+,0.2596,0.2993,0.6176,0.4162,0.2416,0.4051,0.4051
6556,346,A346N,A,N,np,p~,0.2596,0.2993,0.6176,0.4162,0.2416,0.3002,0.3002
6557,346,A346D,A,D,np,p-,0.2596,0.2993,0.6176,0.4162,0.2416,0.2877,0.2877
6558,346,A346C,A,C,np,p~,0.2596,0.2993,0.6176,0.4162,0.2416,0.6691,0.6691
6559,346,A346Q,A,Q,np,p~,0.2596,0.2993,0.6176,0.4162,0.2416,0.3354,0.3354
6560,346,A346E,A,E,np,p-,0.2596,0.2993,0.6176,0.4162,0.2416,0.3408,0.3408
6561,346,A346G,A,G,np,np,0.2596,0.2993,0.6176,0.4162,0.2416,0.3438,0.3438
6562,346,A346H,A,H,np,p~,0.2596,0.2993,0.6176,0.4162,0.2416,0.4505,0.4505
6563,346,A346I,A,I,np,np,0.2596,0.2993,0.6176,0.4162,0.2416,0.4745,0.4745
6564,346,A346L,A,L,np,np,0.2596,0.2993,0.6176,0.4162,0.2416,0.4325,0.4325
6565,346,A346K,A,K,np,p+,0.2596,0.2993,0.6176,0.4162,0.2416,0.3241,0.3241
6566,346,A346M,A,M,np,np,0.2596,0.2993,0.6176,0.4162,0.2416,0.4657,0.4657
6567,346,A346F,A,F,np,np,0.2596,0.2993,0.6176,0.4162,0.2416,0.496,0.496
6568,346,A346P,A,P,np,np,0.2596,0.2993,0.6176,0.4162,0.2416,0.399,0.399
6569,346,A346S,A,S,np,p~,0.2596,0.2993,0.6176,0.4162,0.2416,0.2602,0.2602
6570,346,A346T,A,T,np,p~,0.2596,0.2993,0.6176,0.4162,0.2416,0.332,0.332
6571,346,A346W,A,W,np,np,0.2596,0.2993,0.6176,0.4162,0.2416,0.5493,0.5493
6572,346,A346Y,A,Y,np,p~,0.2596,0.2993,0.6176,0.4162,0.2416,0.4488,0.4488
6573,346,A346V,A,V,np,np,0.2596,0.2993,0.6176,0.4162,0.2416,0.4023,0.4023
6574,347,D347A,D,A,p-,np,0.1544,0.1995,0.084,0.9767,0.9724,0.5852,0.5852
6575,347,D347R,D,R,p-,p+,0.1544,0.1995,0.084,0.9767,0.9724,0.6906,0.6906
6576,347,D347N,D,N,p-,p~,0.1544,0.1995,0.084,0.9767,0.9724,0.47,0.47
6577,347,D347C,D,C,p-,p~,0.1544,0.1995,0.084,0.9767,0.9724,0.7908,0.7908
6578,347,D347Q,D,Q,p-,p~,0.1544,0.1995,0.084,0.9767,0.9724,0.6334,0.6334
6579,347,D347E,D,E,p-,p-,0.1544,0.1995,0.084,0.9767,0.9724,0.5058,0.5058
6580,347,D347G,D,G,p-,np,0.1544,0.1995,0.084,0.9767,0.9724,0.6119,0.6119
6581,347,D347H,D,H,p-,p~,0.1544,0.1995,0.084,0.9767,0.9724,0.6379,0.6379
6582,347,D347I,D,I,p-,np,0.1544,0.1995,0.084,0.9767,0.9724,0.7062,0.7062
6583,347,D347L,D,L,p-,np,0.1544,0.1995,0.084,0.9767,0.9724,0.7069,0.7069
6584,347,D347K,D,K,p-,p+,0.1544,0.1995,0.084,0.9767,0.9724,0.6685,0.6685
6585,347,D347M,D,M,p-,np,0.1544,0.1995,0.084,0.9767,0.9724,0.7365,0.7365
6586,347,D347F,D,F,p-,np,0.1544,0.1995,0.084,0.9767,0.9724,0.7605,0.7605
6587,347,D347P,D,P,p-,np,0.1544,0.1995,0.084,0.9767,0.9724,0.6746,0.6746
6588,347,D347S,D,S,p-,p~,0.1544,0.1995,0.084,0.9767,0.9724,0.5635,0.5635
6589,347,D347T,D,T,p-,p~,0.1544,0.1995,0.084,0.9767,0.9724,0.6403,0.6403
6590,347,D347W,D,W,p-,np,0.1544,0.1995,0.084,0.9767,0.9724,0.7638,0.7638
6591,347,D347Y,D,Y,p-,p~,0.1544,0.1995,0.084,0.9767,0.9724,0.6322,0.6322
6592,347,D347V,D,V,p-,np,0.1544,0.1995,0.084,0.9767,0.9724,0.6481,0.6481
6593,348,K348A,K,A,p+,np,0.2068,0.2453,0.6862,0.2885,0.2206,0.163,0.163
6594,348,K348R,K,R,p+,p+,0.2068,0.2453,0.6862,0.2885,0.2206,0.2421,0.2421
6595,348,K348N,K,N,p+,p~,0.2068,0.2453,0.6862,0.2885,0.2206,0.2029,0.2029
6596,348,K348D,K,D,p+,p-,0.2068,0.2453,0.6862,0.2885,0.2206,0.2567,0.2567
6597,348,K348C,K,C,p+,p~,0.2068,0.2453,0.6862,0.2885,0.2206,0.6203,0.6203
6598,348,K348Q,K,Q,p+,p~,0.2068,0.2453,0.6862,0.2885,0.2206,0.2434,0.2434
6599,348,K348E,K,E,p+,p-,0.2068,0.2453,0.6862,0.2885,0.2206,0.2878,0.2878
6600,348,K348G,K,G,p+,np,0.2068,0.2453,0.6862,0.2885,0.2206,0.2762,0.2762
6601,348,K348H,K,H,p+,p~,0.2068,0.2453,0.6862,0.2885,0.2206,0.2847,0.2847
6602,348,K348I,K,I,p+,np,0.2068,0.2453,0.6862,0.2885,0.2206,0.361,0.361
6603,348,K348L,K,L,p+,np,0.2068,0.2453,0.6862,0.2885,0.2206,0.3153,0.3153
6604,348,K348M,K,M,p+,np,0.2068,0.2453,0.6862,0.2885,0.2206,0.3966,0.3966
6605,348,K348F,K,F,p+,np,0.2068,0.2453,0.6862,0.2885,0.2206,0.3959,0.3959
6606,348,K348P,K,P,p+,np,0.2068,0.2453,0.6862,0.2885,0.2206,0.1924,0.1924
6607,348,K348S,K,S,p+,p~,0.2068,0.2453,0.6862,0.2885,0.2206,0.1474,0.1474
6608,348,K348T,K,T,p+,p~,0.2068,0.2453,0.6862,0.2885,0.2206,0.1869,0.1869
6609,348,K348W,K,W,p+,np,0.2068,0.2453,0.6862,0.2885,0.2206,0.4205,0.4205
6610,348,K348Y,K,Y,p+,p~,0.2068,0.2453,0.6862,0.2885,0.2206,0.3553,0.3553
6611,348,K348V,K,V,p+,np,0.2068,0.2453,0.6862,0.2885,0.2206,0.3102,0.3102
6612,349,Q349A,Q,A,p~,np,0.0955,0.135,0.4688,0.3937,0.2037,0.2016,0.2016
6613,349,Q349R,Q,R,p~,p+,0.0955,0.135,0.4688,0.3937,0.2037,0.3337,0.3337
6614,349,Q349N,Q,N,p~,p~,0.0955,0.135,0.4688,0.3937,0.2037,0.2422,0.2422
6615,349,Q349D,Q,D,p~,p-,0.0955,0.135,0.4688,0.3937,0.2037,0.271,0.271
6616,349,Q349C,Q,C,p~,p~,0.0955,0.135,0.4688,0.3937,0.2037,0.6633,0.6633
6617,349,Q349E,Q,E,p~,p-,0.0955,0.135,0.4688,0.3937,0.2037,0.2259,0.2259
6618,349,Q349G,Q,G,p~,np,0.0955,0.135,0.4688,0.3937,0.2037,0.279,0.279
6619,349,Q349H,Q,H,p~,p~,0.0955,0.135,0.4688,0.3937,0.2037,0.3974,0.3974
6620,349,Q349I,Q,I,p~,np,0.0955,0.135,0.4688,0.3937,0.2037,0.4579,0.4579
6621,349,Q349L,Q,L,p~,np,0.0955,0.135,0.4688,0.3937,0.2037,0.2815,0.2815
6622,349,Q349K,Q,K,p~,p+,0.0955,0.135,0.4688,0.3937,0.2037,0.2663,0.2663
6623,349,Q349M,Q,M,p~,np,0.0955,0.135,0.4688,0.3937,0.2037,0.3665,0.3665
6624,349,Q349F,Q,F,p~,np,0.0955,0.135,0.4688,0.3937,0.2037,0.4142,0.4142
6625,349,Q349P,Q,P,p~,np,0.0955,0.135,0.4688,0.3937,0.2037,0.4787,0.4787
6626,349,Q349S,Q,S,p~,p~,0.0955,0.135,0.4688,0.3937,0.2037,0.2812,0.2812
6627,349,Q349T,Q,T,p~,p~,0.0955,0.135,0.4688,0.3937,0.2037,0.3372,0.3372
6628,349,Q349W,Q,W,p~,np,0.0955,0.135,0.4688,0.3937,0.2037,0.4841,0.4841
6629,349,Q349Y,Q,Y,p~,p~,0.0955,0.135,0.4688,0.3937,0.2037,0.389,0.389
6630,349,Q349V,Q,V,p~,np,0.0955,0.135,0.4688,0.3937,0.2037,0.4049,0.4049
6631,350,G350A,G,A,np,np,0.1913,0.2251,0.0871,0.9301,0.8924,0.4783,0.4783
6632,350,G350R,G,R,np,p+,0.1913,0.2251,0.0871,0.9301,0.8924,0.4766,0.4766
6633,350,G350N,G,N,np,p~,0.1913,0.2251,0.0871,0.9301,0.8924,0.3906,0.3906
6634,350,G350D,G,D,np,p-,0.1913,0.2251,0.0871,0.9301,0.8924,0.4391,0.4391
6635,350,G350C,G,C,np,p~,0.1913,0.2251,0.0871,0.9301,0.8924,0.5982,0.5982
6636,350,G350Q,G,Q,np,p~,0.1913,0.2251,0.0871,0.9301,0.8924,0.4779,0.4779
6637,350,G350E,G,E,np,p-,0.1913,0.2251,0.0871,0.9301,0.8924,0.5251,0.5251
6638,350,G350H,G,H,np,p~,0.1913,0.2251,0.0871,0.9301,0.8924,0.4597,0.4597
6639,350,G350I,G,I,np,np,0.1913,0.2251,0.0871,0.9301,0.8924,0.723,0.723
6640,350,G350L,G,L,np,np,0.1913,0.2251,0.0871,0.9301,0.8924,0.5837,0.5837
6641,350,G350K,G,K,np,p+,0.1913,0.2251,0.0871,0.9301,0.8924,0.4483,0.4483
6642,350,G350M,G,M,np,np,0.1913,0.2251,0.0871,0.9301,0.8924,0.6089,0.6089
6643,350,G350F,G,F,np,np,0.1913,0.2251,0.0871,0.9301,0.8924,0.6337,0.6337
6644,350,G350P,G,P,np,np,0.1913,0.2251,0.0871,0.9301,0.8924,0.682,0.682
6645,350,G350S,G,S,np,p~,0.1913,0.2251,0.0871,0.9301,0.8924,0.4466,0.4466
6646,350,G350T,G,T,np,p~,0.1913,0.2251,0.0871,0.9301,0.8924,0.5953,0.5953
6647,350,G350W,G,W,np,np,0.1913,0.2251,0.0871,0.9301,0.8924,0.6571,0.6571
6648,350,G350Y,G,Y,np,p~,0.1913,0.2251,0.0871,0.9301,0.8924,0.5896,0.5896
6649,350,G350V,G,V,np,np,0.1913,0.2251,0.0871,0.9301,0.8924,0.6386,0.6386
6650,351,L351A,L,A,np,np,0.1953,0.2221,0.6877,0.3522,0.4414,0.2076,0.2076
6651,351,L351R,L,R,np,p+,0.1953,0.2221,0.6877,0.3522,0.4414,0.367,0.367
6652,351,L351N,L,N,np,p~,0.1953,0.2221,0.6877,0.3522,0.4414,0.3572,0.3572
6653,351,L351D,L,D,np,p-,0.1953,0.2221,0.6877,0.3522,0.4414,0.3667,0.3667
6654,351,L351C,L,C,np,p~,0.1953,0.2221,0.6877,0.3522,0.4414,0.6406,0.6406
6655,351,L351Q,L,Q,np,p~,0.1953,0.2221,0.6877,0.3522,0.4414,0.3164,0.3164
6656,351,L351E,L,E,np,p-,0.1953,0.2221,0.6877,0.3522,0.4414,0.3056,0.3056
6657,351,L351G,L,G,np,np,0.1953,0.2221,0.6877,0.3522,0.4414,0.4223,0.4223
6658,351,L351H,L,H,np,p~,0.1953,0.2221,0.6877,0.3522,0.4414,0.4568,0.4568
6659,351,L351I,L,I,np,np,0.1953,0.2221,0.6877,0.3522,0.4414,0.2884,0.2884
6660,351,L351K,L,K,np,p+,0.1953,0.2221,0.6877,0.3522,0.4414,0.3213,0.3213
6661,351,L351M,L,M,np,np,0.1953,0.2221,0.6877,0.3522,0.4414,0.4022,0.4022
6662,351,L351F,L,F,np,np,0.1953,0.2221,0.6877,0.3522,0.4414,0.3921,0.3921
6663,351,L351P,L,P,np,np,0.1953,0.2221,0.6877,0.3522,0.4414,0.3964,0.3964
6664,351,L351S,L,S,np,p~,0.1953,0.2221,0.6877,0.3522,0.4414,0.3392,0.3392
6665,351,L351T,L,T,np,p~,0.1953,0.2221,0.6877,0.3522,0.4414,0.3019,0.3019
6666,351,L351W,L,W,np,np,0.1953,0.2221,0.6877,0.3522,0.4414,0.4837,0.4837
6667,351,L351Y,L,Y,np,p~,0.1953,0.2221,0.6877,0.3522,0.4414,0.3898,0.3898
6668,351,L351V,L,V,np,np,0.1953,0.2221,0.6877,0.3522,0.4414,0.2428,0.2428
6669,352,Y352A,Y,A,p~,np,0.0743,0.0954,0.155,0.6224,0.8807,0.49,0.49
6670,352,Y352R,Y,R,p~,p+,0.0743,0.0954,0.155,0.6224,0.8807,0.51,0.51
6671,352,Y352N,Y,N,p~,p~,0.0743,0.0954,0.155,0.6224,0.8807,0.4434,0.4434
6672,352,Y352D,Y,D,p~,p-,0.0743,0.0954,0.155,0.6224,0.8807,0.5352,0.5352
6673,352,Y352C,Y,C,p~,p~,0.0743,0.0954,0.155,0.6224,0.8807,0.6013,0.6013
6674,352,Y352Q,Y,Q,p~,p~,0.0743,0.0954,0.155,0.6224,0.8807,0.5183,0.5183
6675,352,Y352E,Y,E,p~,p-,0.0743,0.0954,0.155,0.6224,0.8807,0.5383,0.5383
6676,352,Y352G,Y,G,p~,np,0.0743,0.0954,0.155,0.6224,0.8807,0.532,0.532
6677,352,Y352H,Y,H,p~,p~,0.0743,0.0954,0.155,0.6224,0.8807,0.4175,0.4175
6678,352,Y352I,Y,I,p~,np,0.0743,0.0954,0.155,0.6224,0.8807,0.5209,0.5209
6679,352,Y352L,Y,L,p~,np,0.0743,0.0954,0.155,0.6224,0.8807,0.4026,0.4026
6680,352,Y352K,Y,K,p~,p+,0.0743,0.0954,0.155,0.6224,0.8807,0.5192,0.5192
6681,352,Y352M,Y,M,p~,np,0.0743,0.0954,0.155,0.6224,0.8807,0.4809,0.4809
6682,352,Y352F,Y,F,p~,np,0.0743,0.0954,0.155,0.6224,0.8807,0.2231,0.2231
6683,352,Y352P,Y,P,p~,np,0.0743,0.0954,0.155,0.6224,0.8807,0.5875,0.5875
6684,352,Y352S,Y,S,p~,p~,0.0743,0.0954,0.155,0.6224,0.8807,0.4875,0.4875
6685,352,Y352T,Y,T,p~,p~,0.0743,0.0954,0.155,0.6224,0.8807,0.505,0.505
6686,352,Y352W,Y,W,p~,np,0.0743,0.0954,0.155,0.6224,0.8807,0.3577,0.3577
6687,352,Y352V,Y,V,p~,np,0.0743,0.0954,0.155,0.6224,0.8807,0.5028,0.5028
6688,353,M353A,M,A,np,np,0.0676,0.1041,0.0902,0.8287,0.8588,0.0962,0.0962
6689,353,M353R,M,R,np,p+,0.0676,0.1041,0.0902,0.8287,0.8588,-0.3161,-0.3161
6690,353,M353N,M,N,np,p~,0.0676,0.1041,0.0902,0.8287,0.8588,0.1092,0.1092
6691,353,M353D,M,D,np,p-,0.0676,0.1041,0.0902,0.8287,0.8588,0.2225,0.2225
6692,353,M353C,M,C,np,p~,0.0676,0.1041,0.0902,0.8287,0.8588,0.2513,0.2513
6693,353,M353Q,M,Q,np,p~,0.0676,0.1041,0.0902,0.8287,0.8588,0.0637,0.0637
6694,353,M353E,M,E,np,p-,0.0676,0.1041,0.0902,0.8287,0.8588,0.165,0.165
6695,353,M353G,M,G,np,np,0.0676,0.1041,0.0902,0.8287,0.8588,0.1423,0.1423
6696,353,M353H,M,H,np,p~,0.0676,0.1041,0.0902,0.8287,0.8588,-0.0578,-0.0578
6697,353,M353I,M,I,np,np,0.0676,0.1041,0.0902,0.8287,0.8588,0.1519,0.1519
6698,353,M353L,M,L,np,np,0.0676,0.1041,0.0902,0.8287,0.8588,0.116,0.116
6699,353,M353K,M,K,np,p+,0.0676,0.1041,0.0902,0.8287,0.8588,0.0406,0.0406
6700,353,M353F,M,F,np,np,0.0676,0.1041,0.0902,0.8287,0.8588,0.1922,0.1922
6701,353,M353P,M,P,np,np,0.0676,0.1041,0.0902,0.8287,0.8588,0.1187,0.1187
6702,353,M353S,M,S,np,p~,0.0676,0.1041,0.0902,0.8287,0.8588,0.0991,0.0991
6703,353,M353T,M,T,np,p~,0.0676,0.1041,0.0902,0.8287,0.8588,0.0735,0.0735
6704,353,M353W,M,W,np,np,0.0676,0.1041,0.0902,0.8287,0.8588,0.1842,0.1842
6705,353,M353Y,M,Y,np,p~,0.0676,0.1041,0.0902,0.8287,0.8588,0.1363,0.1363
6706,353,M353V,M,V,np,np,0.0676,0.1041,0.0902,0.8287,0.8588,0.0825,0.0825
6707,354,S354A,S,A,p~,np,0.1801,0.2178,0.1581,0.5804,0.5052,0.1241,0.1241
6708,354,S354R,S,R,p~,p+,0.1801,0.2178,0.1581,0.5804,0.5052,0.235,0.235
6709,354,S354N,S,N,p~,p~,0.1801,0.2178,0.1581,0.5804,0.5052,0.2218,0.2218
6710,354,S354D,S,D,p~,p-,0.1801,0.2178,0.1581,0.5804,0.5052,0.24,0.24
6711,354,S354C,S,C,p~,p~,0.1801,0.2178,0.1581,0.5804,0.5052,0.5624,0.5624
6712,354,S354Q,S,Q,p~,p~,0.1801,0.2178,0.1581,0.5804,0.5052,0.1347,0.1347
6713,354,S354E,S,E,p~,p-,0.1801,0.2178,0.1581,0.5804,0.5052,0.0659,0.0659
6714,354,S354G,S,G,p~,np,0.1801,0.2178,0.1581,0.5804,0.5052,0.2536,0.2536
6715,354,S354H,S,H,p~,p~,0.1801,0.2178,0.1581,0.5804,0.5052,0.333,0.333
6716,354,S354I,S,I,p~,np,0.1801,0.2178,0.1581,0.5804,0.5052,0.4003,0.4003
6717,354,S354L,S,L,p~,np,0.1801,0.2178,0.1581,0.5804,0.5052,0.335,0.335
6718,354,S354K,S,K,p~,p+,0.1801,0.2178,0.1581,0.5804,0.5052,0.1409,0.1409
6719,354,S354M,S,M,p~,np,0.1801,0.2178,0.1581,0.5804,0.5052,0.3792,0.3792
6720,354,S354F,S,F,p~,np,0.1801,0.2178,0.1581,0.5804,0.5052,0.4322,0.4322
6721,354,S354P,S,P,p~,np,0.1801,0.2178,0.1581,0.5804,0.5052,0.3806,0.3806
6722,354,S354T,S,T,p~,p~,0.1801,0.2178,0.1581,0.5804,0.5052,0.2379,0.2379
6723,354,S354W,S,W,p~,np,0.1801,0.2178,0.1581,0.5804,0.5052,0.4618,0.4618
6724,354,S354Y,S,Y,p~,p~,0.1801,0.2178,0.1581,0.5804,0.5052,0.3478,0.3478
6725,354,S354V,S,V,p~,np,0.1801,0.2178,0.1581,0.5804,0.5052,0.3163,0.3163
6726,355,D355A,D,A,p-,np,0.1989,0.2248,0.081,0.9893,0.982,0.6788,0.6788
6727,355,D355R,D,R,p-,p+,0.1989,0.2248,0.081,0.9893,0.982,0.8409,0.8409
6728,355,D355N,D,N,p-,p~,0.1989,0.2248,0.081,0.9893,0.982,0.4885,0.4885
6729,355,D355C,D,C,p-,p~,0.1989,0.2248,0.081,0.9893,0.982,0.7336,0.7336
6730,355,D355Q,D,Q,p-,p~,0.1989,0.2248,0.081,0.9893,0.982,0.7221,0.7221
6731,355,D355E,D,E,p-,p-,0.1989,0.2248,0.081,0.9893,0.982,0.5806,0.5806
6732,355,D355G,D,G,p-,np,0.1989,0.2248,0.081,0.9893,0.982,0.638,0.638
6733,355,D355H,D,H,p-,p~,0.1989,0.2248,0.081,0.9893,0.982,0.6639,0.6639
6734,355,D355I,D,I,p-,np,0.1989,0.2248,0.081,0.9893,0.982,0.8049,0.8049
6735,355,D355L,D,L,p-,np,0.1989,0.2248,0.081,0.9893,0.982,0.805,0.805
6736,355,D355K,D,K,p-,p+,0.1989,0.2248,0.081,0.9893,0.982,0.7884,0.7884
6737,355,D355M,D,M,p-,np,0.1989,0.2248,0.081,0.9893,0.982,0.8305,0.8305
6738,355,D355F,D,F,p-,np,0.1989,0.2248,0.081,0.9893,0.982,0.8127,0.8127
6739,355,D355P,D,P,p-,np,0.1989,0.2248,0.081,0.9893,0.982,0.7794,0.7794
6740,355,D355S,D,S,p-,p~,0.1989,0.2248,0.081,0.9893,0.982,0.6141,0.6141
6741,355,D355T,D,T,p-,p~,0.1989,0.2248,0.081,0.9893,0.982,0.6899,0.6899
6742,355,D355W,D,W,p-,np,0.1989,0.2248,0.081,0.9893,0.982,0.8777,0.8777
6743,355,D355Y,D,Y,p-,p~,0.1989,0.2248,0.081,0.9893,0.982,0.712,0.712
6744,355,D355V,D,V,p-,np,0.1989,0.2248,0.081,0.9893,0.982,0.7605,0.7605
6745,356,N356A,N,A,p~,np,0.1194,0.1529,0.091,0.9392,0.9724,0.6054,0.6054
6746,356,N356R,N,R,p~,p+,0.1194,0.1529,0.091,0.9392,0.9724,0.7661,0.7661
6747,356,N356D,N,D,p~,p-,0.1194,0.1529,0.091,0.9392,0.9724,0.569,0.569
6748,356,N356C,N,C,p~,p~,0.1194,0.1529,0.091,0.9392,0.9724,0.6449,0.6449
6749,356,N356Q,N,Q,p~,p~,0.1194,0.1529,0.091,0.9392,0.9724,0.6226,0.6226
6750,356,N356E,N,E,p~,p-,0.1194,0.1529,0.091,0.9392,0.9724,0.7246,0.7246
6751,356,N356G,N,G,p~,np,0.1194,0.1529,0.091,0.9392,0.9724,0.6172,0.6172
6752,356,N356H,N,H,p~,p~,0.1194,0.1529,0.091,0.9392,0.9724,0.612,0.612
6753,356,N356I,N,I,p~,np,0.1194,0.1529,0.091,0.9392,0.9724,0.6329,0.6329
6754,356,N356L,N,L,p~,np,0.1194,0.1529,0.091,0.9392,0.9724,0.5348,0.5348
6755,356,N356K,N,K,p~,p+,0.1194,0.1529,0.091,0.9392,0.9724,0.6902,0.6902
6756,356,N356M,N,M,p~,np,0.1194,0.1529,0.091,0.9392,0.9724,0.6388,0.6388
6757,356,N356F,N,F,p~,np,0.1194,0.1529,0.091,0.9392,0.9724,0.7271,0.7271
6758,356,N356P,N,P,p~,np,0.1194,0.1529,0.091,0.9392,0.9724,0.7711,0.7711
6759,356,N356S,N,S,p~,p~,0.1194,0.1529,0.091,0.9392,0.9724,0.4857,0.4857
6760,356,N356T,N,T,p~,p~,0.1194,0.1529,0.091,0.9392,0.9724,0.5446,0.5446
6761,356,N356W,N,W,p~,np,0.1194,0.1529,0.091,0.9392,0.9724,0.8434,0.8434
6762,356,N356Y,N,Y,p~,p~,0.1194,0.1529,0.091,0.9392,0.9724,0.6974,0.6974
6763,356,N356V,N,V,p~,np,0.1194,0.1529,0.091,0.9392,0.9724,0.6341,0.6341
6764,357,H357A,H,A,p~,np,0.1403,0.1689,0.084,0.9835,0.995,0.6792,0.6792
6765,357,H357R,H,R,p~,p+,0.1403,0.1689,0.084,0.9835,0.995,0.7131,0.7131
6766,357,H357N,H,N,p~,p~,0.1403,0.1689,0.084,0.9835,0.995,0.5613,0.5613
6767,357,H357D,H,D,p~,p-,0.1403,0.1689,0.084,0.9835,0.995,0.6462,0.6462
6768,357,H357C,H,C,p~,p~,0.1403,0.1689,0.084,0.9835,0.995,0.6679,0.6679
6769,357,H357Q,H,Q,p~,p~,0.1403,0.1689,0.084,0.9835,0.995,0.5451,0.5451
6770,357,H357E,H,E,p~,p-,0.1403,0.1689,0.084,0.9835,0.995,0.6766,0.6766
6771,357,H357G,H,G,p~,np,0.1403,0.1689,0.084,0.9835,0.995,0.7357,0.7357
6772,357,H357I,H,I,p~,np,0.1403,0.1689,0.084,0.9835,0.995,0.6377,0.6377
6773,357,H357L,H,L,p~,np,0.1403,0.1689,0.084,0.9835,0.995,0.6222,0.6222
6774,357,H357K,H,K,p~,p+,0.1403,0.1689,0.084,0.9835,0.995,0.7243,0.7243
6775,357,H357M,H,M,p~,np,0.1403,0.1689,0.084,0.9835,0.995,0.5919,0.5919
6776,357,H357F,H,F,p~,np,0.1403,0.1689,0.084,0.9835,0.995,0.5745,0.5745
6777,357,H357P,H,P,p~,np,0.1403,0.1689,0.084,0.9835,0.995,0.7113,0.7113
6778,357,H357S,H,S,p~,p~,0.1403,0.1689,0.084,0.9835,0.995,0.6247,0.6247
6779,357,H357T,H,T,p~,p~,0.1403,0.1689,0.084,0.9835,0.995,0.6455,0.6455
6780,357,H357W,H,W,p~,np,0.1403,0.1689,0.084,0.9835,0.995,0.7601,0.7601
6781,357,H357Y,H,Y,p~,p~,0.1403,0.1689,0.084,0.9835,0.995,0.6065,0.6065
6782,357,H357V,H,V,p~,np,0.1403,0.1689,0.084,0.9835,0.995,0.7031,0.7031
6783,358,A358R,A,R,np,p+,0.2489,0.2773,0.192,0.565,0.5257,0.7704,0.7704
6784,358,A358N,A,N,np,p~,0.2489,0.2773,0.192,0.565,0.5257,0.4419,0.4419
6785,358,A358D,A,D,np,p-,0.2489,0.2773,0.192,0.565,0.5257,0.5652,0.5652
6786,358,A358C,A,C,np,p~,0.2489,0.2773,0.192,0.565,0.5257,0.3801,0.3801
6787,358,A358Q,A,Q,np,p~,0.2489,0.2773,0.192,0.565,0.5257,0.4664,0.4664
6788,358,A358E,A,E,np,p-,0.2489,0.2773,0.192,0.565,0.5257,0.5308,0.5308
6789,358,A358G,A,G,np,np,0.2489,0.2773,0.192,0.565,0.5257,0.2354,0.2354
6790,358,A358H,A,H,np,p~,0.2489,0.2773,0.192,0.565,0.5257,0.5949,0.5949
6791,358,A358I,A,I,np,np,0.2489,0.2773,0.192,0.565,0.5257,0.4265,0.4265
6792,358,A358L,A,L,np,np,0.2489,0.2773,0.192,0.565,0.5257,0.414,0.414
6793,358,A358K,A,K,np,p+,0.2489,0.2773,0.192,0.565,0.5257,0.7141,0.7141
6794,358,A358M,A,M,np,np,0.2489,0.2773,0.192,0.565,0.5257,0.3297,0.3297
6795,358,A358F,A,F,np,np,0.2489,0.2773,0.192,0.565,0.5257,0.5383,0.5383
6796,358,A358P,A,P,np,np,0.2489,0.2773,0.192,0.565,0.5257,0.4218,0.4218
6797,358,A358S,A,S,np,p~,0.2489,0.2773,0.192,0.565,0.5257,0.365,0.365
6798,358,A358T,A,T,np,p~,0.2489,0.2773,0.192,0.565,0.5257,0.4231,0.4231
6799,358,A358W,A,W,np,np,0.2489,0.2773,0.192,0.565,0.5257,0.7084,0.7084
6800,358,A358Y,A,Y,np,p~,0.2489,0.2773,0.192,0.565,0.5257,0.6699,0.6699
6801,358,A358V,A,V,np,np,0.2489,0.2773,0.192,0.565,0.5257,0.3741,0.3741
6802,359,W359A,W,A,np,np,0.273,0.3055,0.0879,0.9484,0.9337,0.5445,0.5445
6803,359,W359R,W,R,np,p+,0.273,0.3055,0.0879,0.9484,0.9337,0.6496,0.6496
6804,359,W359N,W,N,np,p~,0.273,0.3055,0.0879,0.9484,0.9337,0.5608,0.5608
6805,359,W359D,W,D,np,p-,0.273,0.3055,0.0879,0.9484,0.9337,0.7594,0.7594
6806,359,W359C,W,C,np,p~,0.273,0.3055,0.0879,0.9484,0.9337,0.6375,0.6375
6807,359,W359Q,W,Q,np,p~,0.273,0.3055,0.0879,0.9484,0.9337,0.6188,0.6188
6808,359,W359E,W,E,np,p-,0.273,0.3055,0.0879,0.9484,0.9337,0.7278,0.7278
6809,359,W359G,W,G,np,np,0.273,0.3055,0.0879,0.9484,0.9337,0.6795,0.6795
6810,359,W359H,W,H,np,p~,0.273,0.3055,0.0879,0.9484,0.9337,0.5439,0.5439
6811,359,W359I,W,I,np,np,0.273,0.3055,0.0879,0.9484,0.9337,0.5542,0.5542
6812,359,W359L,W,L,np,np,0.273,0.3055,0.0879,0.9484,0.9337,0.5581,0.5581
6813,359,W359K,W,K,np,p+,0.273,0.3055,0.0879,0.9484,0.9337,0.7021,0.7021
6814,359,W359M,W,M,np,np,0.273,0.3055,0.0879,0.9484,0.9337,0.5442,0.5442
6815,359,W359F,W,F,np,np,0.273,0.3055,0.0879,0.9484,0.9337,0.3694,0.3694
6816,359,W359P,W,P,np,np,0.273,0.3055,0.0879,0.9484,0.9337,0.8602,0.8602
6817,359,W359S,W,S,np,p~,0.273,0.3055,0.0879,0.9484,0.9337,0.5802,0.5802
6818,359,W359T,W,T,np,p~,0.273,0.3055,0.0879,0.9484,0.9337,0.5762,0.5762
6819,359,W359Y,W,Y,np,p~,0.273,0.3055,0.0879,0.9484,0.9337,0.3965,0.3965
6820,359,W359V,W,V,np,np,0.273,0.3055,0.0879,0.9484,0.9337,0.5537,0.5537
6821,360,L360A,L,A,np,np,0.3393,0.36,0.0864,0.9035,0.9665,0.6168,0.6168
6822,360,L360R,L,R,np,p+,0.3393,0.36,0.0864,0.9035,0.9665,0.7542,0.7542
6823,360,L360N,L,N,np,p~,0.3393,0.36,0.0864,0.9035,0.9665,0.6324,0.6324
6824,360,L360D,L,D,np,p-,0.3393,0.36,0.0864,0.9035,0.9665,0.7563,0.7563
6825,360,L360C,L,C,np,p~,0.3393,0.36,0.0864,0.9035,0.9665,0.6473,0.6473
6826,360,L360Q,L,Q,np,p~,0.3393,0.36,0.0864,0.9035,0.9665,0.6158,0.6158
6827,360,L360E,L,E,np,p-,0.3393,0.36,0.0864,0.9035,0.9665,0.7024,0.7024
6828,360,L360G,L,G,np,np,0.3393,0.36,0.0864,0.9035,0.9665,0.7785,0.7785
6829,360,L360H,L,H,np,p~,0.3393,0.36,0.0864,0.9035,0.9665,0.7409,0.7409
6830,360,L360I,L,I,np,np,0.3393,0.36,0.0864,0.9035,0.9665,0.4524,0.4524
6831,360,L360K,L,K,np,p+,0.3393,0.36,0.0864,0.9035,0.9665,0.7493,0.7493
6832,360,L360M,L,M,np,np,0.3393,0.36,0.0864,0.9035,0.9665,0.4456,0.4456
6833,360,L360F,L,F,np,np,0.3393,0.36,0.0864,0.9035,0.9665,0.6317,0.6317
6834,360,L360P,L,P,np,np,0.3393,0.36,0.0864,0.9035,0.9665,0.7424,0.7424
6835,360,L360S,L,S,np,p~,0.3393,0.36,0.0864,0.9035,0.9665,0.6622,0.6622
6836,360,L360T,L,T,np,p~,0.3393,0.36,0.0864,0.9035,0.9665,0.5982,0.5982
6837,360,L360W,L,W,np,np,0.3393,0.36,0.0864,0.9035,0.9665,0.8048,0.8048
6838,360,L360Y,L,Y,np,p~,0.3393,0.36,0.0864,0.9035,0.9665,0.6677,0.6677
6839,360,L360V,L,V,np,np,0.3393,0.36,0.0864,0.9035,0.9665,0.4659,0.4659
6840,361,F361A,F,A,np,np,0.3917,0.4152,0.0941,0.7823,0.9934,0.6719,0.6719
6841,361,F361R,F,R,np,p+,0.3917,0.4152,0.0941,0.7823,0.9934,0.8295,0.8295
6842,361,F361N,F,N,np,p~,0.3917,0.4152,0.0941,0.7823,0.9934,0.7258,0.7258
6843,361,F361D,F,D,np,p-,0.3917,0.4152,0.0941,0.7823,0.9934,0.8546,0.8546
6844,361,F361C,F,C,np,p~,0.3917,0.4152,0.0941,0.7823,0.9934,0.6484,0.6484
6845,361,F361Q,F,Q,np,p~,0.3917,0.4152,0.0941,0.7823,0.9934,0.73,0.73
6846,361,F361E,F,E,np,p-,0.3917,0.4152,0.0941,0.7823,0.9934,0.8466,0.8466
6847,361,F361G,F,G,np,np,0.3917,0.4152,0.0941,0.7823,0.9934,0.8046,0.8046
6848,361,F361H,F,H,np,p~,0.3917,0.4152,0.0941,0.7823,0.9934,0.5881,0.5881
6849,361,F361I,F,I,np,np,0.3917,0.4152,0.0941,0.7823,0.9934,0.4934,0.4934
6850,361,F361L,F,L,np,np,0.3917,0.4152,0.0941,0.7823,0.9934,0.464,0.464
6851,361,F361K,F,K,np,p+,0.3917,0.4152,0.0941,0.7823,0.9934,0.8786,0.8786
6852,361,F361M,F,M,np,np,0.3917,0.4152,0.0941,0.7823,0.9934,0.5059,0.5059
6853,361,F361P,F,P,np,np,0.3917,0.4152,0.0941,0.7823,0.9934,0.9373,0.9373
6854,361,F361S,F,S,np,p~,0.3917,0.4152,0.0941,0.7823,0.9934,0.6489,0.6489
6855,361,F361T,F,T,np,p~,0.3917,0.4152,0.0941,0.7823,0.9934,0.644,0.644
6856,361,F361W,F,W,np,np,0.3917,0.4152,0.0941,0.7823,0.9934,0.4082,0.4082
6857,361,F361Y,F,Y,np,p~,0.3917,0.4152,0.0941,0.7823,0.9934,0.3941,0.3941
6858,361,F361V,F,V,np,np,0.3917,0.4152,0.0941,0.7823,0.9934,0.5562,0.5562
6859,362,G362A,G,A,np,np,0.4564,0.4731,0.1411,0.7542,0.6129,0.2214,0.2214
6860,362,G362R,G,R,np,p+,0.4564,0.4731,0.1411,0.7542,0.6129,0.5361,0.5361
6861,362,G362N,G,N,np,p~,0.4564,0.4731,0.1411,0.7542,0.6129,0.4807,0.4807
6862,362,G362D,G,D,np,p-,0.4564,0.4731,0.1411,0.7542,0.6129,0.5675,0.5675
6863,362,G362C,G,C,np,p~,0.4564,0.4731,0.1411,0.7542,0.6129,0.6155,0.6155
6864,362,G362Q,G,Q,np,p~,0.4564,0.4731,0.1411,0.7542,0.6129,0.5092,0.5092
6865,362,G362E,G,E,np,p-,0.4564,0.4731,0.1411,0.7542,0.6129,0.5797,0.5797
6866,362,G362H,G,H,np,p~,0.4564,0.4731,0.1411,0.7542,0.6129,0.6051,0.6051
6867,362,G362I,G,I,np,np,0.4564,0.4731,0.1411,0.7542,0.6129,0.6165,0.6165
6868,362,G362L,G,L,np,np,0.4564,0.4731,0.1411,0.7542,0.6129,0.548,0.548
6869,362,G362K,G,K,np,p+,0.4564,0.4731,0.1411,0.7542,0.6129,0.5841,0.5841
6870,362,G362M,G,M,np,np,0.4564,0.4731,0.1411,0.7542,0.6129,0.5936,0.5936
6871,362,G362F,G,F,np,np,0.4564,0.4731,0.1411,0.7542,0.6129,0.6979,0.6979
6872,362,G362P,G,P,np,np,0.4564,0.4731,0.1411,0.7542,0.6129,0.2818,0.2818
6873,362,G362S,G,S,np,p~,0.4564,0.4731,0.1411,0.7542,0.6129,0.285,0.285
6874,362,G362T,G,T,np,p~,0.4564,0.4731,0.1411,0.7542,0.6129,0.3594,0.3594
6875,362,G362W,G,W,np,np,0.4564,0.4731,0.1411,0.7542,0.6129,0.7239,0.7239
6876,362,G362Y,G,Y,np,p~,0.4564,0.4731,0.1411,0.7542,0.6129,0.6942,0.6942
6877,362,G362V,G,V,np,np,0.4564,0.4731,0.1411,0.7542,0.6129,0.4789,0.4789
6878,363,W363A,W,A,np,np,0.5144,0.5295,0.1157,0.7195,0.5986,0.546,0.546
6879,363,W363R,W,R,np,p+,0.5144,0.5295,0.1157,0.7195,0.5986,0.6034,0.6034
6880,363,W363N,W,N,np,p~,0.5144,0.5295,0.1157,0.7195,0.5986,0.5927,0.5927
6881,363,W363D,W,D,np,p-,0.5144,0.5295,0.1157,0.7195,0.5986,0.6469,0.6469
6882,363,W363C,W,C,np,p~,0.5144,0.5295,0.1157,0.7195,0.5986,0.6777,0.6777
6883,363,W363Q,W,Q,np,p~,0.5144,0.5295,0.1157,0.7195,0.5986,0.6686,0.6686
6884,363,W363E,W,E,np,p-,0.5144,0.5295,0.1157,0.7195,0.5986,0.7421,0.7421
6885,363,W363G,W,G,np,np,0.5144,0.5295,0.1157,0.7195,0.5986,0.6089,0.6089
6886,363,W363H,W,H,np,p~,0.5144,0.5295,0.1157,0.7195,0.5986,0.4843,0.4843
6887,363,W363I,W,I,np,np,0.5144,0.5295,0.1157,0.7195,0.5986,0.6181,0.6181
6888,363,W363L,W,L,np,np,0.5144,0.5295,0.1157,0.7195,0.5986,0.5688,0.5688
6889,363,W363K,W,K,np,p+,0.5144,0.5295,0.1157,0.7195,0.5986,0.7577,0.7577
6890,363,W363M,W,M,np,np,0.5144,0.5295,0.1157,0.7195,0.5986,0.5795,0.5795
6891,363,W363F,W,F,np,np,0.5144,0.5295,0.1157,0.7195,0.5986,0.3938,0.3938
6892,363,W363P,W,P,np,np,0.5144,0.5295,0.1157,0.7195,0.5986,0.8155,0.8155
6893,363,W363S,W,S,np,p~,0.5144,0.5295,0.1157,0.7195,0.5986,0.5292,0.5292
6894,363,W363T,W,T,np,p~,0.5144,0.5295,0.1157,0.7195,0.5986,0.5874,0.5874
6895,363,W363Y,W,Y,np,p~,0.5144,0.5295,0.1157,0.7195,0.5986,0.3168,0.3168
6896,363,W363V,W,V,np,np,0.5144,0.5295,0.1157,0.7195,0.5986,0.5924,0.5924
6897,364,K364A,K,A,p+,np,0.579,0.5925,0.1349,0.6491,0.583,0.3826,0.3826
6898,364,K364R,K,R,p+,p+,0.579,0.5925,0.1349,0.6491,0.583,0.3025,0.3025
6899,364,K364N,K,N,p+,p~,0.579,0.5925,0.1349,0.6491,0.583,0.3803,0.3803
6900,364,K364D,K,D,p+,p-,0.579,0.5925,0.1349,0.6491,0.583,0.4354,0.4354
6901,364,K364C,K,C,p+,p~,0.579,0.5925,0.1349,0.6491,0.583,0.6878,0.6878
6902,364,K364Q,K,Q,p+,p~,0.579,0.5925,0.1349,0.6491,0.583,0.3397,0.3397
6903,364,K364E,K,E,p+,p-,0.579,0.5925,0.1349,0.6491,0.583,0.3574,0.3574
6904,364,K364G,K,G,p+,np,0.579,0.5925,0.1349,0.6491,0.583,0.4624,0.4624
6905,364,K364H,K,H,p+,p~,0.579,0.5925,0.1349,0.6491,0.583,0.483,0.483
6906,364,K364I,K,I,p+,np,0.579,0.5925,0.1349,0.6491,0.583,0.509,0.509
6907,364,K364L,K,L,p+,np,0.579,0.5925,0.1349,0.6491,0.583,0.4503,0.4503
6908,364,K364M,K,M,p+,np,0.579,0.5925,0.1349,0.6491,0.583,0.4856,0.4856
6909,364,K364F,K,F,p+,np,0.579,0.5925,0.1349,0.6491,0.583,0.5969,0.5969
6910,364,K364P,K,P,p+,np,0.579,0.5925,0.1349,0.6491,0.583,0.5703,0.5703
6911,364,K364S,K,S,p+,p~,0.579,0.5925,0.1349,0.6491,0.583,0.2793,0.2793
6912,364,K364T,K,T,p+,p~,0.579,0.5925,0.1349,0.6491,0.583,0.2995,0.2995
6913,364,K364W,K,W,p+,np,0.579,0.5925,0.1349,0.6491,0.583,0.5911,0.5911
6914,364,K364Y,K,Y,p+,p~,0.579,0.5925,0.1349,0.6491,0.583,0.5237,0.5237
6915,364,K364V,K,V,p+,np,0.579,0.5925,0.1349,0.6491,0.583,0.4499,0.4499
6916,365,K365A,K,A,p+,np,0.6053,0.6165,0.1889,0.4474,0.3111,0.2804,0.2804
6917,365,K365R,K,R,p+,p+,0.6053,0.6165,0.1889,0.4474,0.3111,0.2521,0.2521
6918,365,K365N,K,N,p+,p~,0.6053,0.6165,0.1889,0.4474,0.3111,0.1103,0.1103
6919,365,K365D,K,D,p+,p-,0.6053,0.6165,0.1889,0.4474,0.3111,0.2573,0.2573
6920,365,K365C,K,C,p+,p~,0.6053,0.6165,0.1889,0.4474,0.3111,0.5996,0.5996
6921,365,K365Q,K,Q,p+,p~,0.6053,0.6165,0.1889,0.4474,0.3111,0.2247,0.2247
6922,365,K365E,K,E,p+,p-,0.6053,0.6165,0.1889,0.4474,0.3111,0.2967,0.2967
6923,365,K365G,K,G,p+,np,0.6053,0.6165,0.1889,0.4474,0.3111,0.2806,0.2806
6924,365,K365H,K,H,p+,p~,0.6053,0.6165,0.1889,0.4474,0.3111,0.325,0.325
6925,365,K365I,K,I,p+,np,0.6053,0.6165,0.1889,0.4474,0.3111,0.4431,0.4431
6926,365,K365L,K,L,p+,np,0.6053,0.6165,0.1889,0.4474,0.3111,0.328,0.328
6927,365,K365M,K,M,p+,np,0.6053,0.6165,0.1889,0.4474,0.3111,0.4086,0.4086
6928,365,K365F,K,F,p+,np,0.6053,0.6165,0.1889,0.4474,0.3111,0.4178,0.4178
6929,365,K365P,K,P,p+,np,0.6053,0.6165,0.1889,0.4474,0.3111,0.413,0.413
6930,365,K365S,K,S,p+,p~,0.6053,0.6165,0.1889,0.4474,0.3111,0.1629,0.1629
6931,365,K365T,K,T,p+,p~,0.6053,0.6165,0.1889,0.4474,0.3111,0.2386,0.2386
6932,365,K365W,K,W,p+,np,0.6053,0.6165,0.1889,0.4474,0.3111,0.4354,0.4354
6933,365,K365Y,K,Y,p+,p~,0.6053,0.6165,0.1889,0.4474,0.3111,0.3348,0.3348
6934,365,K365V,K,V,p+,np,0.6053,0.6165,0.1889,0.4474,0.3111,0.4094,0.4094
6935,366,G366A,G,A,np,np,0.5329,0.5459,0.1249,0.6172,0.4633,0.3578,0.3578
6936,366,G366R,G,R,np,p+,0.5329,0.5459,0.1249,0.6172,0.4633,0.3884,0.3884
6937,366,G366N,G,N,np,p~,0.5329,0.5459,0.1249,0.6172,0.4633,0.2701,0.2701
6938,366,G366D,G,D,np,p-,0.5329,0.5459,0.1249,0.6172,0.4633,0.2791,0.2791
6939,366,G366C,G,C,np,p~,0.5329,0.5459,0.1249,0.6172,0.4633,0.6312,0.6312
6940,366,G366Q,G,Q,np,p~,0.5329,0.5459,0.1249,0.6172,0.4633,0.3513,0.3513
6941,366,G366E,G,E,np,p-,0.5329,0.5459,0.1249,0.6172,0.4633,0.3732,0.3732
6942,366,G366H,G,H,np,p~,0.5329,0.5459,0.1249,0.6172,0.4633,0.3401,0.3401
6943,366,G366I,G,I,np,np,0.5329,0.5459,0.1249,0.6172,0.4633,0.6394,0.6394
6944,366,G366L,G,L,np,np,0.5329,0.5459,0.1249,0.6172,0.4633,0.5228,0.5228
6945,366,G366K,G,K,np,p+,0.5329,0.5459,0.1249,0.6172,0.4633,0.3621,0.3621
6946,366,G366M,G,M,np,np,0.5329,0.5459,0.1249,0.6172,0.4633,0.5407,0.5407
6947,366,G366F,G,F,np,np,0.5329,0.5459,0.1249,0.6172,0.4633,0.5303,0.5303
6948,366,G366P,G,P,np,np,0.5329,0.5459,0.1249,0.6172,0.4633,0.5041,0.5041
6949,366,G366S,G,S,np,p~,0.5329,0.5459,0.1249,0.6172,0.4633,0.2941,0.2941
6950,366,G366T,G,T,np,p~,0.5329,0.5459,0.1249,0.6172,0.4633,0.3449,0.3449
6951,366,G366W,G,W,np,np,0.5329,0.5459,0.1249,0.6172,0.4633,0.5143,0.5143
6952,366,G366Y,G,Y,np,p~,0.5329,0.5459,0.1249,0.6172,0.4633,0.4413,0.4413
6953,366,G366V,G,V,np,np,0.5329,0.5459,0.1249,0.6172,0.4633,0.5805,0.5805
6954,367,S367A,S,A,p~,np,0.5089,0.524,0.1897,0.5521,0.6043,0.3396,0.3396
6955,367,S367R,S,R,p~,p+,0.5089,0.524,0.1897,0.5521,0.6043,0.4929,0.4929
6956,367,S367N,S,N,p~,p~,0.5089,0.524,0.1897,0.5521,0.6043,0.3748,0.3748
6957,367,S367D,S,D,p~,p-,0.5089,0.524,0.1897,0.5521,0.6043,0.5193,0.5193
6958,367,S367C,S,C,p~,p~,0.5089,0.524,0.1897,0.5521,0.6043,0.5729,0.5729
6959,367,S367Q,S,Q,p~,p~,0.5089,0.524,0.1897,0.5521,0.6043,0.5147,0.5147
6960,367,S367E,S,E,p~,p-,0.5089,0.524,0.1897,0.5521,0.6043,0.5507,0.5507
6961,367,S367G,S,G,p~,np,0.5089,0.524,0.1897,0.5521,0.6043,0.4461,0.4461
6962,367,S367H,S,H,p~,p~,0.5089,0.524,0.1897,0.5521,0.6043,0.4926,0.4926
6963,367,S367I,S,I,p~,np,0.5089,0.524,0.1897,0.5521,0.6043,0.4758,0.4758
6964,367,S367L,S,L,p~,np,0.5089,0.524,0.1897,0.5521,0.6043,0.4693,0.4693
6965,367,S367K,S,K,p~,p+,0.5089,0.524,0.1897,0.5521,0.6043,0.4737,0.4737
6966,367,S367M,S,M,p~,np,0.5089,0.524,0.1897,0.5521,0.6043,0.4866,0.4866
6967,367,S367F,S,F,p~,np,0.5089,0.524,0.1897,0.5521,0.6043,0.4682,0.4682
6968,367,S367P,S,P,p~,np,0.5089,0.524,0.1897,0.5521,0.6043,0.6351,0.6351
6969,367,S367T,S,T,p~,p~,0.5089,0.524,0.1897,0.5521,0.6043,0.3349,0.3349
6970,367,S367W,S,W,p~,np,0.5089,0.524,0.1897,0.5521,0.6043,0.4938,0.4938
6971,367,S367Y,S,Y,p~,p~,0.5089,0.524,0.1897,0.5521,0.6043,0.409,0.409
6972,367,S367V,S,V,p~,np,0.5089,0.524,0.1897,0.5521,0.6043,0.4485,0.4485
6973,368,V368A,V,A,np,np,0.4228,0.4411,0.0987,0.8327,0.982,0.5131,0.5131
6974,368,V368R,V,R,np,p+,0.4228,0.4411,0.0987,0.8327,0.982,0.8811,0.8811
6975,368,V368N,V,N,np,p~,0.4228,0.4411,0.0987,0.8327,0.982,0.7303,0.7303
6976,368,V368D,V,D,np,p-,0.4228,0.4411,0.0987,0.8327,0.982,0.7692,0.7692
6977,368,V368C,V,C,np,p~,0.4228,0.4411,0.0987,0.8327,0.982,0.6971,0.6971
6978,368,V368Q,V,Q,np,p~,0.4228,0.4411,0.0987,0.8327,0.982,0.7773,0.7773
6979,368,V368E,V,E,np,p-,0.4228,0.4411,0.0987,0.8327,0.982,0.7369,0.7369
6980,368,V368G,V,G,np,np,0.4228,0.4411,0.0987,0.8327,0.982,0.7638,0.7638
6981,368,V368H,V,H,np,p~,0.4228,0.4411,0.0987,0.8327,0.982,0.8585,0.8585
6982,368,V368I,V,I,np,np,0.4228,0.4411,0.0987,0.8327,0.982,0.3156,0.3156
6983,368,V368L,V,L,np,np,0.4228,0.4411,0.0987,0.8327,0.982,0.4484,0.4484
6984,368,V368K,V,K,np,p+,0.4228,0.4411,0.0987,0.8327,0.982,0.8542,0.8542
6985,368,V368M,V,M,np,np,0.4228,0.4411,0.0987,0.8327,0.982,0.5205,0.5205
6986,368,V368F,V,F,np,np,0.4228,0.4411,0.0987,0.8327,0.982,0.6348,0.6348
6987,368,V368P,V,P,np,np,0.4228,0.4411,0.0987,0.8327,0.982,0.768,0.768
6988,368,V368S,V,S,np,p~,0.4228,0.4411,0.0987,0.8327,0.982,0.6615,0.6615
6989,368,V368T,V,T,np,p~,0.4228,0.4411,0.0987,0.8327,0.982,0.5288,0.5288
6990,368,V368W,V,W,np,np,0.4228,0.4411,0.0987,0.8327,0.982,0.8411,0.8411
6991,368,V368Y,V,Y,np,p~,0.4228,0.4411,0.0987,0.8327,0.982,0.7732,0.7732
6992,369,F369A,F,A,np,np,0.4102,0.4332,0.0933,0.8154,0.7111,0.6969,0.6969
6993,369,F369R,F,R,np,p+,0.4102,0.4332,0.0933,0.8154,0.7111,0.8757,0.8757
6994,369,F369N,F,N,np,p~,0.4102,0.4332,0.0933,0.8154,0.7111,0.8664,0.8664
6995,369,F369D,F,D,np,p-,0.4102,0.4332,0.0933,0.8154,0.7111,0.932,0.932
6996,369,F369C,F,C,np,p~,0.4102,0.4332,0.0933,0.8154,0.7111,0.7033,0.7033
6997,369,F369Q,F,Q,np,p~,0.4102,0.4332,0.0933,0.8154,0.7111,0.7986,0.7986
6998,369,F369E,F,E,np,p-,0.4102,0.4332,0.0933,0.8154,0.7111,0.9039,0.9039
6999,369,F369G,F,G,np,np,0.4102,0.4332,0.0933,0.8154,0.7111,0.8187,0.8187
7000,369,F369H,F,H,np,p~,0.4102,0.4332,0.0933,0.8154,0.7111,0.7869,0.7869
7001,369,F369I,F,I,np,np,0.4102,0.4332,0.0933,0.8154,0.7111,0.5367,0.5367
7002,369,F369L,F,L,np,np,0.4102,0.4332,0.0933,0.8154,0.7111,0.3686,0.3686
7003,369,F369K,F,K,np,p+,0.4102,0.4332,0.0933,0.8154,0.7111,0.9208,0.9208
7004,369,F369M,F,M,np,np,0.4102,0.4332,0.0933,0.8154,0.7111,0.4792,0.4792
7005,369,F369P,F,P,np,np,0.4102,0.4332,0.0933,0.8154,0.7111,0.8559,0.8559
7006,369,F369S,F,S,np,p~,0.4102,0.4332,0.0933,0.8154,0.7111,0.7249,0.7249
7007,369,F369T,F,T,np,p~,0.4102,0.4332,0.0933,0.8154,0.7111,0.7735,0.7735
7008,369,F369W,F,W,np,np,0.4102,0.4332,0.0933,0.8154,0.7111,0.5383,0.5383
7009,369,F369Y,F,Y,np,p~,0.4102,0.4332,0.0933,0.8154,0.7111,0.5099,0.5099
7010,369,F369V,F,V,np,np,0.4102,0.4332,0.0933,0.8154,0.7111,0.5573,0.5573
7011,370,Q370A,Q,A,p~,np,0.3409,0.3729,0.1103,0.8426,0.7725,0.5555,0.5555
7012,370,Q370R,Q,R,p~,p+,0.3409,0.3729,0.1103,0.8426,0.7725,0.6645,0.6645
7013,370,Q370N,Q,N,p~,p~,0.3409,0.3729,0.1103,0.8426,0.7725,0.5078,0.5078
7014,370,Q370D,Q,D,p~,p-,0.3409,0.3729,0.1103,0.8426,0.7725,0.6641,0.6641
7015,370,Q370C,Q,C,p~,p~,0.3409,0.3729,0.1103,0.8426,0.7725,0.7254,0.7254
7016,370,Q370E,Q,E,p~,p-,0.3409,0.3729,0.1103,0.8426,0.7725,0.4652,0.4652
7017,370,Q370G,Q,G,p~,np,0.3409,0.3729,0.1103,0.8426,0.7725,0.628,0.628
7018,370,Q370H,Q,H,p~,p~,0.3409,0.3729,0.1103,0.8426,0.7725,0.3206,0.3206
7019,370,Q370I,Q,I,p~,np,0.3409,0.3729,0.1103,0.8426,0.7725,0.6522,0.6522
7020,370,Q370L,Q,L,p~,np,0.3409,0.3729,0.1103,0.8426,0.7725,0.6078,0.6078
7021,370,Q370K,Q,K,p~,p+,0.3409,0.3729,0.1103,0.8426,0.7725,0.6267,0.6267
7022,370,Q370M,Q,M,p~,np,0.3409,0.3729,0.1103,0.8426,0.7725,0.5766,0.5766
7023,370,Q370F,Q,F,p~,np,0.3409,0.3729,0.1103,0.8426,0.7725,0.683,0.683
7024,370,Q370P,Q,P,p~,np,0.3409,0.3729,0.1103,0.8426,0.7725,0.7773,0.7773
7025,370,Q370S,Q,S,p~,p~,0.3409,0.3729,0.1103,0.8426,0.7725,0.5328,0.5328
7026,370,Q370T,Q,T,p~,p~,0.3409,0.3729,0.1103,0.8426,0.7725,0.5343,0.5343
7027,370,Q370W,Q,W,p~,np,0.3409,0.3729,0.1103,0.8426,0.7725,0.77,0.77
7028,370,Q370Y,Q,Y,p~,p~,0.3409,0.3729,0.1103,0.8426,0.7725,0.6385,0.6385
7029,370,Q370V,Q,V,p~,np,0.3409,0.3729,0.1103,0.8426,0.7725,0.6108,0.6108
7030,371,A371R,A,R,np,p+,0.3697,0.4023,0.101,0.7841,0.9192,0.8276,0.8276
7031,371,A371N,A,N,np,p~,0.3697,0.4023,0.101,0.7841,0.9192,0.6706,0.6706
7032,371,A371D,A,D,np,p-,0.3697,0.4023,0.101,0.7841,0.9192,0.6383,0.6383
7033,371,A371C,A,C,np,p~,0.3697,0.4023,0.101,0.7841,0.9192,0.5224,0.5224
7034,371,A371Q,A,Q,np,p~,0.3697,0.4023,0.101,0.7841,0.9192,0.7745,0.7745
7035,371,A371E,A,E,np,p-,0.3697,0.4023,0.101,0.7841,0.9192,0.7027,0.7027
7036,371,A371G,A,G,np,np,0.3697,0.4023,0.101,0.7841,0.9192,0.3936,0.3936
7037,371,A371H,A,H,np,p~,0.3697,0.4023,0.101,0.7841,0.9192,0.791,0.791
7038,371,A371I,A,I,np,np,0.3697,0.4023,0.101,0.7841,0.9192,0.6134,0.6134
7039,371,A371L,A,L,np,np,0.3697,0.4023,0.101,0.7841,0.9192,0.6691,0.6691
7040,371,A371K,A,K,np,p+,0.3697,0.4023,0.101,0.7841,0.9192,0.8046,0.8046
7041,371,A371M,A,M,np,np,0.3697,0.4023,0.101,0.7841,0.9192,0.6273,0.6273
7042,371,A371F,A,F,np,np,0.3697,0.4023,0.101,0.7841,0.9192,0.6593,0.6593
7043,371,A371P,A,P,np,np,0.3697,0.4023,0.101,0.7841,0.9192,0.6053,0.6053
7044,371,A371S,A,S,np,p~,0.3697,0.4023,0.101,0.7841,0.9192,0.38,0.38
7045,371,A371T,A,T,np,p~,0.3697,0.4023,0.101,0.7841,0.9192,0.4273,0.4273
7046,371,A371W,A,W,np,np,0.3697,0.4023,0.101,0.7841,0.9192,0.798,0.798
7047,371,A371Y,A,Y,np,p~,0.3697,0.4023,0.101,0.7841,0.9192,0.7515,0.7515
7048,371,A371V,A,V,np,np,0.3697,0.4023,0.101,0.7841,0.9192,0.4309,0.4309
7049,372,G372A,G,A,np,np,0.3056,0.3406,0.081,0.9902,0.9837,0.5285,0.5285
7050,372,G372R,G,R,np,p+,0.3056,0.3406,0.081,0.9902,0.9837,0.7435,0.7435
7051,372,G372N,G,N,np,p~,0.3056,0.3406,0.081,0.9902,0.9837,0.7094,0.7094
7052,372,G372D,G,D,np,p-,0.3056,0.3406,0.081,0.9902,0.9837,0.6955,0.6955
7053,372,G372C,G,C,np,p~,0.3056,0.3406,0.081,0.9902,0.9837,0.6023,0.6023
7054,372,G372Q,G,Q,np,p~,0.3056,0.3406,0.081,0.9902,0.9837,0.7677,0.7677
7055,372,G372E,G,E,np,p-,0.3056,0.3406,0.081,0.9902,0.9837,0.7398,0.7398
7056,372,G372H,G,H,np,p~,0.3056,0.3406,0.081,0.9902,0.9837,0.7277,0.7277
7057,372,G372I,G,I,np,np,0.3056,0.3406,0.081,0.9902,0.9837,0.8264,0.8264
7058,372,G372L,G,L,np,np,0.3056,0.3406,0.081,0.9902,0.9837,0.7444,0.7444
7059,372,G372K,G,K,np,p+,0.3056,0.3406,0.081,0.9902,0.9837,0.8166,0.8166
7060,372,G372M,G,M,np,np,0.3056,0.3406,0.081,0.9902,0.9837,0.7665,0.7665
7061,372,G372F,G,F,np,np,0.3056,0.3406,0.081,0.9902,0.9837,0.6738,0.6738
7062,372,G372P,G,P,np,np,0.3056,0.3406,0.081,0.9902,0.9837,0.7592,0.7592
7063,372,G372S,G,S,np,p~,0.3056,0.3406,0.081,0.9902,0.9837,0.5981,0.5981
7064,372,G372T,G,T,np,p~,0.3056,0.3406,0.081,0.9902,0.9837,0.7576,0.7576
7065,372,G372W,G,W,np,np,0.3056,0.3406,0.081,0.9902,0.9837,0.6799,0.6799
7066,372,G372Y,G,Y,np,p~,0.3056,0.3406,0.081,0.9902,0.9837,0.6432,0.6432
7067,372,G372V,G,V,np,np,0.3056,0.3406,0.081,0.9902,0.9837,0.7215,0.7215
7068,373,P373A,P,A,np,np,0.2431,0.2812,0.0848,0.9835,0.9724,0.4326,0.4326
7069,373,P373R,P,R,np,p+,0.2431,0.2812,0.0848,0.9835,0.9724,0.6211,0.6211
7070,373,P373N,P,N,np,p~,0.2431,0.2812,0.0848,0.9835,0.9724,0.6073,0.6073
7071,373,P373D,P,D,np,p-,0.2431,0.2812,0.0848,0.9835,0.9724,0.6823,0.6823
7072,373,P373C,P,C,np,p~,0.2431,0.2812,0.0848,0.9835,0.9724,0.6241,0.6241
7073,373,P373Q,P,Q,np,p~,0.2431,0.2812,0.0848,0.9835,0.9724,0.5599,0.5599
7074,373,P373E,P,E,np,p-,0.2431,0.2812,0.0848,0.9835,0.9724,0.6607,0.6607
7075,373,P373G,P,G,np,np,0.2431,0.2812,0.0848,0.9835,0.9724,0.4868,0.4868
7076,373,P373H,P,H,np,p~,0.2431,0.2812,0.0848,0.9835,0.9724,0.6132,0.6132
7077,373,P373I,P,I,np,np,0.2431,0.2812,0.0848,0.9835,0.9724,0.5745,0.5745
7078,373,P373L,P,L,np,np,0.2431,0.2812,0.0848,0.9835,0.9724,0.5131,0.5131
7079,373,P373K,P,K,np,p+,0.2431,0.2812,0.0848,0.9835,0.9724,0.6197,0.6197
7080,373,P373M,P,M,np,np,0.2431,0.2812,0.0848,0.9835,0.9724,0.6155,0.6155
7081,373,P373F,P,F,np,np,0.2431,0.2812,0.0848,0.9835,0.9724,0.6339,0.6339
7082,373,P373S,P,S,np,p~,0.2431,0.2812,0.0848,0.9835,0.9724,0.4662,0.4662
7083,373,P373T,P,T,np,p~,0.2431,0.2812,0.0848,0.9835,0.9724,0.5025,0.5025
7084,373,P373W,P,W,np,np,0.2431,0.2812,0.0848,0.9835,0.9724,0.6997,0.6997
7085,373,P373Y,P,Y,np,p~,0.2431,0.2812,0.0848,0.9835,0.9724,0.6333,0.6333
7086,373,P373V,P,V,np,np,0.2431,0.2812,0.0848,0.9835,0.9724,0.5178,0.5178
7087,374,S374A,S,A,p~,np,0.2968,0.3356,0.0887,0.9605,0.9543,0.5138,0.5138
7088,374,S374R,S,R,p~,p+,0.2968,0.3356,0.0887,0.9605,0.9543,0.7488,0.7488
7089,374,S374N,S,N,p~,p~,0.2968,0.3356,0.0887,0.9605,0.9543,0.567,0.567
7090,374,S374D,S,D,p~,p-,0.2968,0.3356,0.0887,0.9605,0.9543,0.6707,0.6707
7091,374,S374C,S,C,p~,p~,0.2968,0.3356,0.0887,0.9605,0.9543,0.5755,0.5755
7092,374,S374Q,S,Q,p~,p~,0.2968,0.3356,0.0887,0.9605,0.9543,0.749,0.749
7093,374,S374E,S,E,p~,p-,0.2968,0.3356,0.0887,0.9605,0.9543,0.7521,0.7521
7094,374,S374G,S,G,p~,np,0.2968,0.3356,0.0887,0.9605,0.9543,0.5089,0.5089
7095,374,S374H,S,H,p~,p~,0.2968,0.3356,0.0887,0.9605,0.9543,0.7102,0.7102
7096,374,S374I,S,I,p~,np,0.2968,0.3356,0.0887,0.9605,0.9543,0.7854,0.7854
7097,374,S374L,S,L,p~,np,0.2968,0.3356,0.0887,0.9605,0.9543,0.734,0.734
7098,374,S374K,S,K,p~,p+,0.2968,0.3356,0.0887,0.9605,0.9543,0.769,0.769
7099,374,S374M,S,M,p~,np,0.2968,0.3356,0.0887,0.9605,0.9543,0.7658,0.7658
7100,374,S374F,S,F,p~,np,0.2968,0.3356,0.0887,0.9605,0.9543,0.7188,0.7188
7101,374,S374P,S,P,p~,np,0.2968,0.3356,0.0887,0.9605,0.9543,0.742,0.742
7102,374,S374T,S,T,p~,p~,0.2968,0.3356,0.0887,0.9605,0.9543,0.4825,0.4825
7103,374,S374W,S,W,p~,np,0.2968,0.3356,0.0887,0.9605,0.9543,0.7664,0.7664
7104,374,S374Y,S,Y,p~,p~,0.2968,0.3356,0.0887,0.9605,0.9543,0.7227,0.7227
7105,374,S374V,S,V,p~,np,0.2968,0.3356,0.0887,0.9605,0.9543,0.7266,0.7266
7106,375,T375A,T,A,p~,np,0.3465,0.3852,0.1989,0.492,0.4559,0.2216,0.2216
7107,375,T375R,T,R,p~,p+,0.3465,0.3852,0.1989,0.492,0.4559,0.1876,0.1876
7108,375,T375N,T,N,p~,p~,0.3465,0.3852,0.1989,0.492,0.4559,0.2431,0.2431
7109,375,T375D,T,D,p~,p-,0.3465,0.3852,0.1989,0.492,0.4559,0.3564,0.3564
7110,375,T375C,T,C,p~,p~,0.3465,0.3852,0.1989,0.492,0.4559,0.6251,0.6251
7111,375,T375Q,T,Q,p~,p~,0.3465,0.3852,0.1989,0.492,0.4559,0.2533,0.2533
7112,375,T375E,T,E,p~,p-,0.3465,0.3852,0.1989,0.492,0.4559,0.315,0.315
7113,375,T375G,T,G,p~,np,0.3465,0.3852,0.1989,0.492,0.4559,0.3466,0.3466
7114,375,T375H,T,H,p~,p~,0.3465,0.3852,0.1989,0.492,0.4559,0.3588,0.3588
7115,375,T375I,T,I,p~,np,0.3465,0.3852,0.1989,0.492,0.4559,0.2911,0.2911
7116,375,T375L,T,L,p~,np,0.3465,0.3852,0.1989,0.492,0.4559,0.3074,0.3074
7117,375,T375K,T,K,p~,p+,0.3465,0.3852,0.1989,0.492,0.4559,0.096,0.096
7118,375,T375M,T,M,p~,np,0.3465,0.3852,0.1989,0.492,0.4559,0.3405,0.3405
7119,375,T375F,T,F,p~,np,0.3465,0.3852,0.1989,0.492,0.4559,0.3988,0.3988
7120,375,T375P,T,P,p~,np,0.3465,0.3852,0.1989,0.492,0.4559,0.3075,0.3075
7121,375,T375S,T,S,p~,p~,0.3465,0.3852,0.1989,0.492,0.4559,0.214,0.214
7122,375,T375W,T,W,p~,np,0.3465,0.3852,0.1989,0.492,0.4559,0.4629,0.4629
7123,375,T375Y,T,Y,p~,p~,0.3465,0.3852,0.1989,0.492,0.4559,0.3618,0.3618
7124,375,T375V,T,V,p~,np,0.3465,0.3852,0.1989,0.492,0.4559,0.2076,0.2076
7125,376,A376R,A,R,np,p+,0.3806,0.415,0.3547,0.476,0.4256,0.3298,0.3298
7126,376,A376N,A,N,np,p~,0.3806,0.415,0.3547,0.476,0.4256,0.3184,0.3184
7127,376,A376D,A,D,np,p-,0.3806,0.415,0.3547,0.476,0.4256,0.3406,0.3406
7128,376,A376C,A,C,np,p~,0.3806,0.415,0.3547,0.476,0.4256,0.6501,0.6501
7129,376,A376Q,A,Q,np,p~,0.3806,0.415,0.3547,0.476,0.4256,0.2676,0.2676
7130,376,A376E,A,E,np,p-,0.3806,0.415,0.3547,0.476,0.4256,0.3227,0.3227
7131,376,A376G,A,G,np,np,0.3806,0.415,0.3547,0.476,0.4256,0.3514,0.3514
7132,376,A376H,A,H,np,p~,0.3806,0.415,0.3547,0.476,0.4256,0.3794,0.3794
7133,376,A376I,A,I,np,np,0.3806,0.415,0.3547,0.476,0.4256,0.4542,0.4542
7134,376,A376L,A,L,np,np,0.3806,0.415,0.3547,0.476,0.4256,0.3637,0.3637
7135,376,A376K,A,K,np,p+,0.3806,0.415,0.3547,0.476,0.4256,0.2916,0.2916
7136,376,A376M,A,M,np,np,0.3806,0.415,0.3547,0.476,0.4256,0.3894,0.3894
7137,376,A376F,A,F,np,np,0.3806,0.415,0.3547,0.476,0.4256,0.4608,0.4608
7138,376,A376P,A,P,np,np,0.3806,0.415,0.3547,0.476,0.4256,0.6131,0.6131
7139,376,A376S,A,S,np,p~,0.3806,0.415,0.3547,0.476,0.4256,0.2847,0.2847
7140,376,A376T,A,T,np,p~,0.3806,0.415,0.3547,0.476,0.4256,0.3482,0.3482
7141,376,A376W,A,W,np,np,0.3806,0.415,0.3547,0.476,0.4256,0.451,0.451
7142,376,A376Y,A,Y,np,p~,0.3806,0.415,0.3547,0.476,0.4256,0.3903,0.3903
7143,376,A376V,A,V,np,np,0.3806,0.415,0.3547,0.476,0.4256,0.3827,0.3827
7144,377,M377A,M,A,np,np,0.4196,0.4528,0.0887,0.935,0.9837,0.4027,0.4027
7145,377,M377R,M,R,np,p+,0.4196,0.4528,0.0887,0.935,0.9837,0.7345,0.7345
7146,377,M377N,M,N,np,p~,0.4196,0.4528,0.0887,0.935,0.9837,0.5991,0.5991
7147,377,M377D,M,D,np,p-,0.4196,0.4528,0.0887,0.935,0.9837,0.6465,0.6465
7148,377,M377C,M,C,np,p~,0.4196,0.4528,0.0887,0.935,0.9837,0.6259,0.6259
7149,377,M377Q,M,Q,np,p~,0.4196,0.4528,0.0887,0.935,0.9837,0.3839,0.3839
7150,377,M377E,M,E,np,p-,0.4196,0.4528,0.0887,0.935,0.9837,0.4845,0.4845
7151,377,M377G,M,G,np,np,0.4196,0.4528,0.0887,0.935,0.9837,0.6314,0.6314
7152,377,M377H,M,H,np,p~,0.4196,0.4528,0.0887,0.935,0.9837,0.6869,0.6869
7153,377,M377I,M,I,np,np,0.4196,0.4528,0.0887,0.935,0.9837,0.5051,0.5051
7154,377,M377L,M,L,np,np,0.4196,0.4528,0.0887,0.935,0.9837,0.439,0.439
7155,377,M377K,M,K,np,p+,0.4196,0.4528,0.0887,0.935,0.9837,0.6886,0.6886
7156,377,M377F,M,F,np,np,0.4196,0.4528,0.0887,0.935,0.9837,0.5689,0.5689
7157,377,M377P,M,P,np,np,0.4196,0.4528,0.0887,0.935,0.9837,0.6661,0.6661
7158,377,M377S,M,S,np,p~,0.4196,0.4528,0.0887,0.935,0.9837,0.516,0.516
7159,377,M377T,M,T,np,p~,0.4196,0.4528,0.0887,0.935,0.9837,0.4573,0.4573
7160,377,M377W,M,W,np,np,0.4196,0.4528,0.0887,0.935,0.9837,0.7349,0.7349
7161,377,M377Y,M,Y,np,p~,0.4196,0.4528,0.0887,0.935,0.9837,0.7126,0.7126
7162,377,M377V,M,V,np,np,0.4196,0.4528,0.0887,0.935,0.9837,0.5004,0.5004
7163,378,N378A,N,A,p~,np,0.4066,0.437,0.1172,0.7711,0.7135,0.537,0.537
7164,378,N378R,N,R,p~,p+,0.4066,0.437,0.1172,0.7711,0.7135,0.6155,0.6155
7165,378,N378D,N,D,p~,p-,0.4066,0.437,0.1172,0.7711,0.7135,0.4707,0.4707
7166,378,N378C,N,C,p~,p~,0.4066,0.437,0.1172,0.7711,0.7135,0.7291,0.7291
7167,378,N378Q,N,Q,p~,p~,0.4066,0.437,0.1172,0.7711,0.7135,0.4098,0.4098
7168,378,N378E,N,E,p~,p-,0.4066,0.437,0.1172,0.7711,0.7135,0.5478,0.5478
7169,378,N378G,N,G,p~,np,0.4066,0.437,0.1172,0.7711,0.7135,0.6182,0.6182
7170,378,N378H,N,H,p~,p~,0.4066,0.437,0.1172,0.7711,0.7135,0.399,0.399
7171,378,N378I,N,I,p~,np,0.4066,0.437,0.1172,0.7711,0.7135,0.5973,0.5973
7172,378,N378L,N,L,p~,np,0.4066,0.437,0.1172,0.7711,0.7135,0.5182,0.5182
7173,378,N378K,N,K,p~,p+,0.4066,0.437,0.1172,0.7711,0.7135,0.6205,0.6205
7174,378,N378M,N,M,p~,np,0.4066,0.437,0.1172,0.7711,0.7135,0.5571,0.5571
7175,378,N378F,N,F,p~,np,0.4066,0.437,0.1172,0.7711,0.7135,0.6731,0.6731
7176,378,N378P,N,P,p~,np,0.4066,0.437,0.1172,0.7711,0.7135,0.7669,0.7669
7177,378,N378S,N,S,p~,p~,0.4066,0.437,0.1172,0.7711,0.7135,0.4707,0.4707
7178,378,N378T,N,T,p~,p~,0.4066,0.437,0.1172,0.7711,0.7135,0.5417,0.5417
7179,378,N378W,N,W,p~,np,0.4066,0.437,0.1172,0.7711,0.7135,0.6947,0.6947
7180,378,N378Y,N,Y,p~,p~,0.4066,0.437,0.1172,0.7711,0.7135,0.6003,0.6003
7181,378,N378V,N,V,p~,np,0.4066,0.437,0.1172,0.7711,0.7135,0.5895,0.5895
7182,379,W379A,W,A,np,np,0.4746,0.4993,0.0871,0.9699,0.9633,0.642,0.642
7183,379,W379R,W,R,np,p+,0.4746,0.4993,0.0871,0.9699,0.9633,0.4176,0.4176
7184,379,W379N,W,N,np,p~,0.4746,0.4993,0.0871,0.9699,0.9633,0.639,0.639
7185,379,W379D,W,D,np,p-,0.4746,0.4993,0.0871,0.9699,0.9633,0.7241,0.7241
7186,379,W379C,W,C,np,p~,0.4746,0.4993,0.0871,0.9699,0.9633,0.7504,0.7504
7187,379,W379Q,W,Q,np,p~,0.4746,0.4993,0.0871,0.9699,0.9633,0.576,0.576
7188,379,W379E,W,E,np,p-,0.4746,0.4993,0.0871,0.9699,0.9633,0.6384,0.6384
7189,379,W379G,W,G,np,np,0.4746,0.4993,0.0871,0.9699,0.9633,0.7245,0.7245
7190,379,W379H,W,H,np,p~,0.4746,0.4993,0.0871,0.9699,0.9633,0.6214,0.6214
7191,379,W379I,W,I,np,np,0.4746,0.4993,0.0871,0.9699,0.9633,0.6064,0.6064
7192,379,W379L,W,L,np,np,0.4746,0.4993,0.0871,0.9699,0.9633,0.5136,0.5136
7193,379,W379K,W,K,np,p+,0.4746,0.4993,0.0871,0.9699,0.9633,0.5504,0.5504
7194,379,W379M,W,M,np,np,0.4746,0.4993,0.0871,0.9699,0.9633,0.55,0.55
7195,379,W379F,W,F,np,np,0.4746,0.4993,0.0871,0.9699,0.9633,0.5191,0.5191
7196,379,W379P,W,P,np,np,0.4746,0.4993,0.0871,0.9699,0.9633,0.828,0.828
7197,379,W379S,W,S,np,p~,0.4746,0.4993,0.0871,0.9699,0.9633,0.5796,0.5796
7198,379,W379T,W,T,np,p~,0.4746,0.4993,0.0871,0.9699,0.9633,0.5707,0.5707
7199,379,W379Y,W,Y,np,p~,0.4746,0.4993,0.0871,0.9699,0.9633,0.4467,0.4467
7200,379,W379V,W,V,np,np,0.4746,0.4993,0.0871,0.9699,0.9633,0.6207,0.6207
7201,380,Y380A,Y,A,p~,np,0.3723,0.3983,0.1403,0.6923,0.676,0.7177,0.7177
7202,380,Y380R,Y,R,p~,p+,0.3723,0.3983,0.1403,0.6923,0.676,0.7629,0.7629
7203,380,Y380N,Y,N,p~,p~,0.3723,0.3983,0.1403,0.6923,0.676,0.6423,0.6423
7204,380,Y380D,Y,D,p~,p-,0.3723,0.3983,0.1403,0.6923,0.676,0.7521,0.7521
7205,380,Y380C,Y,C,p~,p~,0.3723,0.3983,0.1403,0.6923,0.676,0.6712,0.6712
7206,380,Y380Q,Y,Q,p~,p~,0.3723,0.3983,0.1403,0.6923,0.676,0.7395,0.7395
7207,380,Y380E,Y,E,p~,p-,0.3723,0.3983,0.1403,0.6923,0.676,0.8308,0.8308
7208,380,Y380G,Y,G,p~,np,0.3723,0.3983,0.1403,0.6923,0.676,0.8373,0.8373
7209,380,Y380H,Y,H,p~,p~,0.3723,0.3983,0.1403,0.6923,0.676,0.5204,0.5204
7210,380,Y380I,Y,I,p~,np,0.3723,0.3983,0.1403,0.6923,0.676,0.4558,0.4558
7211,380,Y380L,Y,L,p~,np,0.3723,0.3983,0.1403,0.6923,0.676,0.4903,0.4903
7212,380,Y380K,Y,K,p~,p+,0.3723,0.3983,0.1403,0.6923,0.676,0.8387,0.8387
7213,380,Y380M,Y,M,p~,np,0.3723,0.3983,0.1403,0.6923,0.676,0.5881,0.5881
7214,380,Y380F,Y,F,p~,np,0.3723,0.3983,0.1403,0.6923,0.676,0.3467,0.3467
7215,380,Y380P,Y,P,p~,np,0.3723,0.3983,0.1403,0.6923,0.676,0.8334,0.8334
7216,380,Y380S,Y,S,p~,p~,0.3723,0.3983,0.1403,0.6923,0.676,0.6559,0.6559
7217,380,Y380T,Y,T,p~,p~,0.3723,0.3983,0.1403,0.6923,0.676,0.5904,0.5904
7218,380,Y380W,Y,W,p~,np,0.3723,0.3983,0.1403,0.6923,0.676,0.5511,0.5511
7219,380,Y380V,Y,V,p~,np,0.3723,0.3983,0.1403,0.6923,0.676,0.5872,0.5872
7220,381,Y381A,Y,A,p~,np,0.5095,0.525,0.5783,0.4078,0.364,0.324,0.324
7221,381,Y381R,Y,R,p~,p+,0.5095,0.525,0.5783,0.4078,0.364,0.3269,0.3269
7222,381,Y381N,Y,N,p~,p~,0.5095,0.525,0.5783,0.4078,0.364,0.214,0.214
7223,381,Y381D,Y,D,p~,p-,0.5095,0.525,0.5783,0.4078,0.364,0.2466,0.2466
7224,381,Y381C,Y,C,p~,p~,0.5095,0.525,0.5783,0.4078,0.364,0.5828,0.5828
7225,381,Y381Q,Y,Q,p~,p~,0.5095,0.525,0.5783,0.4078,0.364,0.336,0.336
7226,381,Y381E,Y,E,p~,p-,0.5095,0.525,0.5783,0.4078,0.364,0.3639,0.3639
7227,381,Y381G,Y,G,p~,np,0.5095,0.525,0.5783,0.4078,0.364,0.1956,0.1956
7228,381,Y381H,Y,H,p~,p~,0.5095,0.525,0.5783,0.4078,0.364,0.2515,0.2515
7229,381,Y381I,Y,I,p~,np,0.5095,0.525,0.5783,0.4078,0.364,0.5113,0.5113
7230,381,Y381L,Y,L,p~,np,0.5095,0.525,0.5783,0.4078,0.364,0.4352,0.4352
7231,381,Y381K,Y,K,p~,p+,0.5095,0.525,0.5783,0.4078,0.364,0.298,0.298
7232,381,Y381M,Y,M,p~,np,0.5095,0.525,0.5783,0.4078,0.364,0.4958,0.4958
7233,381,Y381F,Y,F,p~,np,0.5095,0.525,0.5783,0.4078,0.364,0.3297,0.3297
7234,381,Y381P,Y,P,p~,np,0.5095,0.525,0.5783,0.4078,0.364,0.4854,0.4854
7235,381,Y381S,Y,S,p~,p~,0.5095,0.525,0.5783,0.4078,0.364,0.1962,0.1962
7236,381,Y381T,Y,T,p~,p~,0.5095,0.525,0.5783,0.4078,0.364,0.2705,0.2705
7237,381,Y381W,Y,W,p~,np,0.5095,0.525,0.5783,0.4078,0.364,0.2831,0.2831
7238,381,Y381V,Y,V,p~,np,0.5095,0.525,0.5783,0.4078,0.364,0.4546,0.4546
7239,382,T382A,T,A,p~,np,0.5044,0.5169,0.1264,0.729,0.6717,0.3086,0.3086
7240,382,T382R,T,R,p~,p+,0.5044,0.5169,0.1264,0.729,0.6717,0.5538,0.5538
7241,382,T382N,T,N,p~,p~,0.5044,0.5169,0.1264,0.729,0.6717,0.4359,0.4359
7242,382,T382D,T,D,p~,p-,0.5044,0.5169,0.1264,0.729,0.6717,0.5007,0.5007
7243,382,T382C,T,C,p~,p~,0.5044,0.5169,0.1264,0.729,0.6717,0.6054,0.6054
7244,382,T382Q,T,Q,p~,p~,0.5044,0.5169,0.1264,0.729,0.6717,0.4811,0.4811
7245,382,T382E,T,E,p~,p-,0.5044,0.5169,0.1264,0.729,0.6717,0.4883,0.4883
7246,382,T382G,T,G,p~,np,0.5044,0.5169,0.1264,0.729,0.6717,0.4985,0.4985
7247,382,T382H,T,H,p~,p~,0.5044,0.5169,0.1264,0.729,0.6717,0.51,0.51
7248,382,T382I,T,I,p~,np,0.5044,0.5169,0.1264,0.729,0.6717,0.392,0.392
7249,382,T382L,T,L,p~,np,0.5044,0.5169,0.1264,0.729,0.6717,0.4105,0.4105
7250,382,T382K,T,K,p~,p+,0.5044,0.5169,0.1264,0.729,0.6717,0.5061,0.5061
7251,382,T382M,T,M,p~,np,0.5044,0.5169,0.1264,0.729,0.6717,0.4657,0.4657
7252,382,T382F,T,F,p~,np,0.5044,0.5169,0.1264,0.729,0.6717,0.4898,0.4898
7253,382,T382P,T,P,p~,np,0.5044,0.5169,0.1264,0.729,0.6717,0.3849,0.3849
7254,382,T382S,T,S,p~,p~,0.5044,0.5169,0.1264,0.729,0.6717,0.3656,0.3656
7255,382,T382W,T,W,p~,np,0.5044,0.5169,0.1264,0.729,0.6717,0.5392,0.5392
7256,382,T382Y,T,Y,p~,p~,0.5044,0.5169,0.1264,0.729,0.6717,0.4143,0.4143
7257,382,T382V,T,V,p~,np,0.5044,0.5169,0.1264,0.729,0.6717,0.2985,0.2985
7258,383,S383A,S,A,p~,np,0.58,0.5899,0.5066,0.2736,0.1674,0.2159,0.2159
7259,383,S383R,S,R,p~,p+,0.58,0.5899,0.5066,0.2736,0.1674,0.2898,0.2898
7260,383,S383N,S,N,p~,p~,0.58,0.5899,0.5066,0.2736,0.1674,0.0295,0.0295
7261,383,S383D,S,D,p~,p-,0.58,0.5899,0.5066,0.2736,0.1674,0.1059,0.1059
7262,383,S383C,S,C,p~,p~,0.58,0.5899,0.5066,0.2736,0.1674,0.5499,0.5499
7263,383,S383Q,S,Q,p~,p~,0.58,0.5899,0.5066,0.2736,0.1674,0.2073,0.2073
7264,383,S383E,S,E,p~,p-,0.58,0.5899,0.5066,0.2736,0.1674,0.1941,0.1941
7265,383,S383G,S,G,p~,np,0.58,0.5899,0.5066,0.2736,0.1674,0.1311,0.1311
7266,383,S383H,S,H,p~,p~,0.58,0.5899,0.5066,0.2736,0.1674,0.3263,0.3263
7267,383,S383I,S,I,p~,np,0.58,0.5899,0.5066,0.2736,0.1674,0.4857,0.4857
7268,383,S383L,S,L,p~,np,0.58,0.5899,0.5066,0.2736,0.1674,0.3474,0.3474
7269,383,S383K,S,K,p~,p+,0.58,0.5899,0.5066,0.2736,0.1674,0.2403,0.2403
7270,383,S383M,S,M,p~,np,0.58,0.5899,0.5066,0.2736,0.1674,0.4416,0.4416
7271,383,S383F,S,F,p~,np,0.58,0.5899,0.5066,0.2736,0.1674,0.4223,0.4223
7272,383,S383P,S,P,p~,np,0.58,0.5899,0.5066,0.2736,0.1674,0.4596,0.4596
7273,383,S383T,S,T,p~,p~,0.58,0.5899,0.5066,0.2736,0.1674,0.262,0.262
7274,383,S383W,S,W,p~,np,0.58,0.5899,0.5066,0.2736,0.1674,0.4206,0.4206
7275,383,S383Y,S,Y,p~,p~,0.58,0.5899,0.5066,0.2736,0.1674,0.3384,0.3384
7276,383,S383V,S,V,p~,np,0.58,0.5899,0.5066,0.2736,0.1674,0.4266,0.4266
7277,384,G384A,G,A,np,np,0.5793,0.5863,0.0971,0.748,0.6131,0.5055,0.5055
7278,384,G384R,G,R,np,p+,0.5793,0.5863,0.0971,0.748,0.6131,0.5515,0.5515
7279,384,G384N,G,N,np,p~,0.5793,0.5863,0.0971,0.748,0.6131,0.4532,0.4532
7280,384,G384D,G,D,np,p-,0.5793,0.5863,0.0971,0.748,0.6131,0.4665,0.4665
7281,384,G384C,G,C,np,p~,0.5793,0.5863,0.0971,0.748,0.6131,0.6355,0.6355
7282,384,G384Q,G,Q,np,p~,0.5793,0.5863,0.0971,0.748,0.6131,0.5631,0.5631
7283,384,G384E,G,E,np,p-,0.5793,0.5863,0.0971,0.748,0.6131,0.5296,0.5296
7284,384,G384H,G,H,np,p~,0.5793,0.5863,0.0971,0.748,0.6131,0.6523,0.6523
7285,384,G384I,G,I,np,np,0.5793,0.5863,0.0971,0.748,0.6131,0.7082,0.7082
7286,384,G384L,G,L,np,np,0.5793,0.5863,0.0971,0.748,0.6131,0.6131,0.6131
7287,384,G384K,G,K,np,p+,0.5793,0.5863,0.0971,0.748,0.6131,0.5404,0.5404
7288,384,G384M,G,M,np,np,0.5793,0.5863,0.0971,0.748,0.6131,0.6935,0.6935
7289,384,G384F,G,F,np,np,0.5793,0.5863,0.0971,0.748,0.6131,0.6624,0.6624
7290,384,G384P,G,P,np,np,0.5793,0.5863,0.0971,0.748,0.6131,0.5794,0.5794
7291,384,G384S,G,S,np,p~,0.5793,0.5863,0.0971,0.748,0.6131,0.4553,0.4553
7292,384,G384T,G,T,np,p~,0.5793,0.5863,0.0971,0.748,0.6131,0.5652,0.5652
7293,384,G384W,G,W,np,np,0.5793,0.5863,0.0971,0.748,0.6131,0.6349,0.6349
7294,384,G384Y,G,Y,np,p~,0.5793,0.5863,0.0971,0.748,0.6131,0.6508,0.6508
7295,384,G384V,G,V,np,np,0.5793,0.5863,0.0971,0.748,0.6131,0.6413,0.6413
7296,385,S385A,S,A,p~,np,0.5296,0.5387,0.3824,0.3529,0.4989,0.2566,0.2566
7297,385,S385R,S,R,p~,p+,0.5296,0.5387,0.3824,0.3529,0.4989,0.3133,0.3133
7298,385,S385N,S,N,p~,p~,0.5296,0.5387,0.3824,0.3529,0.4989,0.1108,0.1108
7299,385,S385D,S,D,p~,p-,0.5296,0.5387,0.3824,0.3529,0.4989,0.2396,0.2396
7300,385,S385C,S,C,p~,p~,0.5296,0.5387,0.3824,0.3529,0.4989,0.6197,0.6197
7301,385,S385Q,S,Q,p~,p~,0.5296,0.5387,0.3824,0.3529,0.4989,0.2745,0.2745
7302,385,S385E,S,E,p~,p-,0.5296,0.5387,0.3824,0.3529,0.4989,0.304,0.304
7303,385,S385G,S,G,p~,np,0.5296,0.5387,0.3824,0.3529,0.4989,0.312,0.312
7304,385,S385H,S,H,p~,p~,0.5296,0.5387,0.3824,0.3529,0.4989,0.4029,0.4029
7305,385,S385I,S,I,p~,np,0.5296,0.5387,0.3824,0.3529,0.4989,0.3805,0.3805
7306,385,S385L,S,L,p~,np,0.5296,0.5387,0.3824,0.3529,0.4989,0.3454,0.3454
7307,385,S385K,S,K,p~,p+,0.5296,0.5387,0.3824,0.3529,0.4989,0.2632,0.2632
7308,385,S385M,S,M,p~,np,0.5296,0.5387,0.3824,0.3529,0.4989,0.425,0.425
7309,385,S385F,S,F,p~,np,0.5296,0.5387,0.3824,0.3529,0.4989,0.4234,0.4234
7310,385,S385P,S,P,p~,np,0.5296,0.5387,0.3824,0.3529,0.4989,0.3423,0.3423
7311,385,S385T,S,T,p~,p~,0.5296,0.5387,0.3824,0.3529,0.4989,0.1863,0.1863
7312,385,S385W,S,W,p~,np,0.5296,0.5387,0.3824,0.3529,0.4989,0.4749,0.4749
7313,385,S385Y,S,Y,p~,p~,0.5296,0.5387,0.3824,0.3529,0.4989,0.3675,0.3675
7314,385,S385V,S,V,p~,np,0.5296,0.5387,0.3824,0.3529,0.4989,0.3376,0.3376
7315,386,G386A,G,A,np,np,0.534,0.5449,0.0825,0.9854,0.9757,0.5189,0.5189
7316,386,G386R,G,R,np,p+,0.534,0.5449,0.0825,0.9854,0.9757,0.607,0.607
7317,386,G386N,G,N,np,p~,0.534,0.5449,0.0825,0.9854,0.9757,0.4836,0.4836
7318,386,G386D,G,D,np,p-,0.534,0.5449,0.0825,0.9854,0.9757,0.5123,0.5123
7319,386,G386C,G,C,np,p~,0.534,0.5449,0.0825,0.9854,0.9757,0.7639,0.7639
7320,386,G386Q,G,Q,np,p~,0.534,0.5449,0.0825,0.9854,0.9757,0.5921,0.5921
7321,386,G386E,G,E,np,p-,0.534,0.5449,0.0825,0.9854,0.9757,0.5869,0.5869
7322,386,G386H,G,H,np,p~,0.534,0.5449,0.0825,0.9854,0.9757,0.6802,0.6802
7323,386,G386I,G,I,np,np,0.534,0.5449,0.0825,0.9854,0.9757,0.6841,0.6841
7324,386,G386L,G,L,np,np,0.534,0.5449,0.0825,0.9854,0.9757,0.6297,0.6297
7325,386,G386K,G,K,np,p+,0.534,0.5449,0.0825,0.9854,0.9757,0.5878,0.5878
7326,386,G386M,G,M,np,np,0.534,0.5449,0.0825,0.9854,0.9757,0.7112,0.7112
7327,386,G386F,G,F,np,np,0.534,0.5449,0.0825,0.9854,0.9757,0.6606,0.6606
7328,386,G386P,G,P,np,np,0.534,0.5449,0.0825,0.9854,0.9757,0.5819,0.5819
7329,386,G386S,G,S,np,p~,0.534,0.5449,0.0825,0.9854,0.9757,0.4847,0.4847
7330,386,G386T,G,T,np,p~,0.534,0.5449,0.0825,0.9854,0.9757,0.5546,0.5546
7331,386,G386W,G,W,np,np,0.534,0.5449,0.0825,0.9854,0.9757,0.6594,0.6594
7332,386,G386Y,G,Y,np,p~,0.534,0.5449,0.0825,0.9854,0.9757,0.6695,0.6695
7333,386,G386V,G,V,np,np,0.534,0.5449,0.0825,0.9854,0.9757,0.6345,0.6345
7334,387,D387A,D,A,p-,np,0.4996,0.5164,0.1827,0.4667,0.345,0.1242,0.1242
7335,387,D387R,D,R,p-,p+,0.4996,0.5164,0.1827,0.4667,0.345,0.3219,0.3219
7336,387,D387N,D,N,p-,p~,0.4996,0.5164,0.1827,0.4667,0.345,0.1732,0.1732
7337,387,D387C,D,C,p-,p~,0.4996,0.5164,0.1827,0.4667,0.345,0.4851,0.4851
7338,387,D387Q,D,Q,p-,p~,0.4996,0.5164,0.1827,0.4667,0.345,0.2391,0.2391
7339,387,D387E,D,E,p-,p-,0.4996,0.5164,0.1827,0.4667,0.345,0.236,0.236
7340,387,D387G,D,G,p-,np,0.4996,0.5164,0.1827,0.4667,0.345,0.1073,0.1073
7341,387,D387H,D,H,p-,p~,0.4996,0.5164,0.1827,0.4667,0.345,0.3854,0.3854
7342,387,D387I,D,I,p-,np,0.4996,0.5164,0.1827,0.4667,0.345,0.312,0.312
7343,387,D387L,D,L,p-,np,0.4996,0.5164,0.1827,0.4667,0.345,0.3102,0.3102
7344,387,D387K,D,K,p-,p+,0.4996,0.5164,0.1827,0.4667,0.345,0.2648,0.2648
7345,387,D387M,D,M,p-,np,0.4996,0.5164,0.1827,0.4667,0.345,0.3978,0.3978
7346,387,D387F,D,F,p-,np,0.4996,0.5164,0.1827,0.4667,0.345,0.3743,0.3743
7347,387,D387P,D,P,p-,np,0.4996,0.5164,0.1827,0.4667,0.345,0.3146,0.3146
7348,387,D387S,D,S,p-,p~,0.4996,0.5164,0.1827,0.4667,0.345,0.0686,0.0686
7349,387,D387T,D,T,p-,p~,0.4996,0.5164,0.1827,0.4667,0.345,0.1804,0.1804
7350,387,D387W,D,W,p-,np,0.4996,0.5164,0.1827,0.4667,0.345,0.4182,0.4182
7351,387,D387Y,D,Y,p-,p~,0.4996,0.5164,0.1827,0.4667,0.345,0.3343,0.3343
7352,387,D387V,D,V,p-,np,0.4996,0.5164,0.1827,0.4667,0.345,0.1986,0.1986
7353,388,V388A,V,A,np,np,0.458,0.4813,0.212,0.4852,0.5487,0.3652,0.3652
7354,388,V388R,V,R,np,p+,0.458,0.4813,0.212,0.4852,0.5487,0.4793,0.4793
7355,388,V388N,V,N,np,p~,0.458,0.4813,0.212,0.4852,0.5487,0.3812,0.3812
7356,388,V388D,V,D,np,p-,0.458,0.4813,0.212,0.4852,0.5487,0.4967,0.4967
7357,388,V388C,V,C,np,p~,0.458,0.4813,0.212,0.4852,0.5487,0.5501,0.5501
7358,388,V388Q,V,Q,np,p~,0.458,0.4813,0.212,0.4852,0.5487,0.4379,0.4379
7359,388,V388E,V,E,np,p-,0.458,0.4813,0.212,0.4852,0.5487,0.4786,0.4786
7360,388,V388G,V,G,np,np,0.458,0.4813,0.212,0.4852,0.5487,0.458,0.458
7361,388,V388H,V,H,np,p~,0.458,0.4813,0.212,0.4852,0.5487,0.4618,0.4618
7362,388,V388I,V,I,np,np,0.458,0.4813,0.212,0.4852,0.5487,0.2506,0.2506
7363,388,V388L,V,L,np,np,0.458,0.4813,0.212,0.4852,0.5487,0.3824,0.3824
7364,388,V388K,V,K,np,p+,0.458,0.4813,0.212,0.4852,0.5487,0.45,0.45
7365,388,V388M,V,M,np,np,0.458,0.4813,0.212,0.4852,0.5487,0.4362,0.4362
7366,388,V388F,V,F,np,np,0.458,0.4813,0.212,0.4852,0.5487,0.4167,0.4167
7367,388,V388P,V,P,np,np,0.458,0.4813,0.212,0.4852,0.5487,0.5282,0.5282
7368,388,V388S,V,S,np,p~,0.458,0.4813,0.212,0.4852,0.5487,0.3196,0.3196
7369,388,V388T,V,T,np,p~,0.458,0.4813,0.212,0.4852,0.5487,0.3096,0.3096
7370,388,V388W,V,W,np,np,0.458,0.4813,0.212,0.4852,0.5487,0.4177,0.4177
7371,388,V388Y,V,Y,np,p~,0.458,0.4813,0.212,0.4852,0.5487,0.4448,0.4448
7372,389,K389A,K,A,p+,np,0.5015,0.5267,0.3362,0.4677,0.3784,0.1574,0.1574
7373,389,K389R,K,R,p+,p+,0.5015,0.5267,0.3362,0.4677,0.3784,0.1464,0.1464
7374,389,K389N,K,N,p+,p~,0.5015,0.5267,0.3362,0.4677,0.3784,0.1834,0.1834
7375,389,K389D,K,D,p+,p-,0.5015,0.5267,0.3362,0.4677,0.3784,0.2224,0.2224
7376,389,K389C,K,C,p+,p~,0.5015,0.5267,0.3362,0.4677,0.3784,0.4745,0.4745
7377,389,K389Q,K,Q,p+,p~,0.5015,0.5267,0.3362,0.4677,0.3784,0.1478,0.1478
7378,389,K389E,K,E,p+,p-,0.5015,0.5267,0.3362,0.4677,0.3784,0.2103,0.2103
7379,389,K389G,K,G,p+,np,0.5015,0.5267,0.3362,0.4677,0.3784,0.24,0.24
7380,389,K389H,K,H,p+,p~,0.5015,0.5267,0.3362,0.4677,0.3784,0.2275,0.2275
7381,389,K389I,K,I,p+,np,0.5015,0.5267,0.3362,0.4677,0.3784,0.156,0.156
7382,389,K389L,K,L,p+,np,0.5015,0.5267,0.3362,0.4677,0.3784,0.2153,0.2153
7383,389,K389M,K,M,p+,np,0.5015,0.5267,0.3362,0.4677,0.3784,0.2942,0.2942
7384,389,K389F,K,F,p+,np,0.5015,0.5267,0.3362,0.4677,0.3784,0.2514,0.2514
7385,389,K389P,K,P,p+,np,0.5015,0.5267,0.3362,0.4677,0.3784,0.4241,0.4241
7386,389,K389S,K,S,p+,p~,0.5015,0.5267,0.3362,0.4677,0.3784,0.1253,0.1253
7387,389,K389T,K,T,p+,p~,0.5015,0.5267,0.3362,0.4677,0.3784,0.0167,0.0167
7388,389,K389W,K,W,p+,np,0.5015,0.5267,0.3362,0.4677,0.3784,0.3085,0.3085
7389,389,K389Y,K,Y,p+,p~,0.5015,0.5267,0.3362,0.4677,0.3784,0.2165,0.2165
7390,389,K389V,K,V,p+,np,0.5015,0.5267,0.3362,0.4677,0.3784,0.1129,0.1129
7391,390,S390A,S,A,p~,np,0.5075,0.5349,0.3793,0.3562,0.2487,0.2603,0.2603
7392,390,S390R,S,R,p~,p+,0.5075,0.5349,0.3793,0.3562,0.2487,0.441,0.441
7393,390,S390N,S,N,p~,p~,0.5075,0.5349,0.3793,0.3562,0.2487,0.271,0.271
7394,390,S390D,S,D,p~,p-,0.5075,0.5349,0.3793,0.3562,0.2487,0.317,0.317
7395,390,S390C,S,C,p~,p~,0.5075,0.5349,0.3793,0.3562,0.2487,0.5843,0.5843
7396,390,S390Q,S,Q,p~,p~,0.5075,0.5349,0.3793,0.3562,0.2487,0.3492,0.3492
7397,390,S390E,S,E,p~,p-,0.5075,0.5349,0.3793,0.3562,0.2487,0.3508,0.3508
7398,390,S390G,S,G,p~,np,0.5075,0.5349,0.3793,0.3562,0.2487,0.3637,0.3637
7399,390,S390H,S,H,p~,p~,0.5075,0.5349,0.3793,0.3562,0.2487,0.4099,0.4099
7400,390,S390I,S,I,p~,np,0.5075,0.5349,0.3793,0.3562,0.2487,0.4327,0.4327
7401,390,S390L,S,L,p~,np,0.5075,0.5349,0.3793,0.3562,0.2487,0.3663,0.3663
7402,390,S390K,S,K,p~,p+,0.5075,0.5349,0.3793,0.3562,0.2487,0.4026,0.4026
7403,390,S390M,S,M,p~,np,0.5075,0.5349,0.3793,0.3562,0.2487,0.4658,0.4658
7404,390,S390F,S,F,p~,np,0.5075,0.5349,0.3793,0.3562,0.2487,0.354,0.354
7405,390,S390P,S,P,p~,np,0.5075,0.5349,0.3793,0.3562,0.2487,0.2644,0.2644
7406,390,S390T,S,T,p~,p~,0.5075,0.5349,0.3793,0.3562,0.2487,0.262,0.262
7407,390,S390W,S,W,p~,np,0.5075,0.5349,0.3793,0.3562,0.2487,0.4491,0.4491
7408,390,S390Y,S,Y,p~,p~,0.5075,0.5349,0.3793,0.3562,0.2487,0.3308,0.3308
7409,390,S390V,S,V,p~,np,0.5075,0.5349,0.3793,0.3562,0.2487,0.3693,0.3693
7410,391,A391R,A,R,np,p+,0.4987,0.5266,0.0879,0.9539,0.9592,0.4626,0.4626
7411,391,A391N,A,N,np,p~,0.4987,0.5266,0.0879,0.9539,0.9592,0.5026,0.5026
7412,391,A391D,A,D,np,p-,0.4987,0.5266,0.0879,0.9539,0.9592,0.5018,0.5018
7413,391,A391C,A,C,np,p~,0.4987,0.5266,0.0879,0.9539,0.9592,0.5831,0.5831
7414,391,A391Q,A,Q,np,p~,0.4987,0.5266,0.0879,0.9539,0.9592,0.4722,0.4722
7415,391,A391E,A,E,np,p-,0.4987,0.5266,0.0879,0.9539,0.9592,0.5069,0.5069
7416,391,A391G,A,G,np,np,0.4987,0.5266,0.0879,0.9539,0.9592,0.4282,0.4282
7417,391,A391H,A,H,np,p~,0.4987,0.5266,0.0879,0.9539,0.9592,0.5349,0.5349
7418,391,A391I,A,I,np,np,0.4987,0.5266,0.0879,0.9539,0.9592,0.4367,0.4367
7419,391,A391L,A,L,np,np,0.4987,0.5266,0.0879,0.9539,0.9592,0.4499,0.4499
7420,391,A391K,A,K,np,p+,0.4987,0.5266,0.0879,0.9539,0.9592,0.4925,0.4925
7421,391,A391M,A,M,np,np,0.4987,0.5266,0.0879,0.9539,0.9592,0.4856,0.4856
7422,391,A391F,A,F,np,np,0.4987,0.5266,0.0879,0.9539,0.9592,0.5218,0.5218
7423,391,A391P,A,P,np,np,0.4987,0.5266,0.0879,0.9539,0.9592,0.4136,0.4136
7424,391,A391S,A,S,np,p~,0.4987,0.5266,0.0879,0.9539,0.9592,0.3659,0.3659
7425,391,A391T,A,T,np,p~,0.4987,0.5266,0.0879,0.9539,0.9592,0.3563,0.3563
7426,391,A391W,A,W,np,np,0.4987,0.5266,0.0879,0.9539,0.9592,0.5894,0.5894
7427,391,A391Y,A,Y,np,p~,0.4987,0.5266,0.0879,0.9539,0.9592,0.5196,0.5196
7428,391,A391V,A,V,np,np,0.4987,0.5266,0.0879,0.9539,0.9592,0.3185,0.3185
7429,392,G392A,G,A,np,np,0.4676,0.5001,0.0786,0.9606,0.9341,0.3885,0.3885
7430,392,G392R,G,R,np,p+,0.4676,0.5001,0.0786,0.9606,0.9341,0.5463,0.5463
7431,392,G392N,G,N,np,p~,0.4676,0.5001,0.0786,0.9606,0.9341,0.4086,0.4086
7432,392,G392D,G,D,np,p-,0.4676,0.5001,0.0786,0.9606,0.9341,0.4373,0.4373
7433,392,G392C,G,C,np,p~,0.4676,0.5001,0.0786,0.9606,0.9341,0.6701,0.6701
7434,392,G392Q,G,Q,np,p~,0.4676,0.5001,0.0786,0.9606,0.9341,0.4808,0.4808
7435,392,G392E,G,E,np,p-,0.4676,0.5001,0.0786,0.9606,0.9341,0.4843,0.4843
7436,392,G392H,G,H,np,p~,0.4676,0.5001,0.0786,0.9606,0.9341,0.5752,0.5752
7437,392,G392I,G,I,np,np,0.4676,0.5001,0.0786,0.9606,0.9341,0.5641,0.5641
7438,392,G392L,G,L,np,np,0.4676,0.5001,0.0786,0.9606,0.9341,0.5193,0.5193
7439,392,G392K,G,K,np,p+,0.4676,0.5001,0.0786,0.9606,0.9341,0.5059,0.5059
7440,392,G392M,G,M,np,np,0.4676,0.5001,0.0786,0.9606,0.9341,0.5773,0.5773
7441,392,G392F,G,F,np,np,0.4676,0.5001,0.0786,0.9606,0.9341,0.5749,0.5749
7442,392,G392P,G,P,np,np,0.4676,0.5001,0.0786,0.9606,0.9341,0.459,0.459
7443,392,G392S,G,S,np,p~,0.4676,0.5001,0.0786,0.9606,0.9341,0.3822,0.3822
7444,392,G392T,G,T,np,p~,0.4676,0.5001,0.0786,0.9606,0.9341,0.4311,0.4311
7445,392,G392W,G,W,np,np,0.4676,0.5001,0.0786,0.9606,0.9341,0.5746,0.5746
7446,392,G392Y,G,Y,np,p~,0.4676,0.5001,0.0786,0.9606,0.9341,0.5445,0.5445
7447,392,G392V,G,V,np,np,0.4676,0.5001,0.0786,0.9606,0.9341,0.4963,0.4963
7448,393,K393A,K,A,p+,np,0.4668,0.5011,0.5513,0.3079,0.2814,0.0513,0.0513
7449,393,K393R,K,R,p+,p+,0.4668,0.5011,0.5513,0.3079,0.2814,0.2109,0.2109
7450,393,K393N,K,N,p+,p~,0.4668,0.5011,0.5513,0.3079,0.2814,0.0742,0.0742
7451,393,K393D,K,D,p+,p-,0.4668,0.5011,0.5513,0.3079,0.2814,0.1391,0.1391
7452,393,K393C,K,C,p+,p~,0.4668,0.5011,0.5513,0.3079,0.2814,0.3707,0.3707
7453,393,K393Q,K,Q,p+,p~,0.4668,0.5011,0.5513,0.3079,0.2814,0.1506,0.1506
7454,393,K393E,K,E,p+,p-,0.4668,0.5011,0.5513,0.3079,0.2814,0.1948,0.1948
7455,393,K393G,K,G,p+,np,0.4668,0.5011,0.5513,0.3079,0.2814,0.1798,0.1798
7456,393,K393H,K,H,p+,p~,0.4668,0.5011,0.5513,0.3079,0.2814,0.2975,0.2975
7457,393,K393I,K,I,p+,np,0.4668,0.5011,0.5513,0.3079,0.2814,0.1415,0.1415
7458,393,K393L,K,L,p+,np,0.4668,0.5011,0.5513,0.3079,0.2814,0.1631,0.1631
7459,393,K393M,K,M,p+,np,0.4668,0.5011,0.5513,0.3079,0.2814,0.2362,0.2362
7460,393,K393F,K,F,p+,np,0.4668,0.5011,0.5513,0.3079,0.2814,0.2388,0.2388
7461,393,K393P,K,P,p+,np,0.4668,0.5011,0.5513,0.3079,0.2814,0.1985,0.1985
7462,393,K393S,K,S,p+,p~,0.4668,0.5011,0.5513,0.3079,0.2814,-0.0176,-0.0176
7463,393,K393T,K,T,p+,p~,0.4668,0.5011,0.5513,0.3079,0.2814,0.0184,0.0184
7464,393,K393W,K,W,p+,np,0.4668,0.5011,0.5513,0.3079,0.2814,0.2761,0.2761
7465,393,K393Y,K,Y,p+,p~,0.4668,0.5011,0.5513,0.3079,0.2814,0.1899,0.1899
7466,393,K393V,K,V,p+,np,0.4668,0.5011,0.5513,0.3079,0.2814,0.0745,0.0745
7467,394,R394A,R,A,p+,np,0.3911,0.4264,0.0802,0.9932,0.9887,0.1726,0.1726
7468,394,R394N,R,N,p+,p~,0.3911,0.4264,0.0802,0.9932,0.9887,0.2504,0.2504
7469,394,R394D,R,D,p+,p-,0.3911,0.4264,0.0802,0.9932,0.9887,0.2849,0.2849
7470,394,R394C,R,C,p+,p~,0.3911,0.4264,0.0802,0.9932,0.9887,0.3613,0.3613
7471,394,R394Q,R,Q,p+,p~,0.3911,0.4264,0.0802,0.9932,0.9887,0.2622,0.2622
7472,394,R394E,R,E,p+,p-,0.3911,0.4264,0.0802,0.9932,0.9887,0.3554,0.3554
7473,394,R394G,R,G,p+,np,0.3911,0.4264,0.0802,0.9932,0.9887,0.2771,0.2771
7474,394,R394H,R,H,p+,p~,0.3911,0.4264,0.0802,0.9932,0.9887,0.3166,0.3166
7475,394,R394I,R,I,p+,np,0.3911,0.4264,0.0802,0.9932,0.9887,0.2066,0.2066
7476,394,R394L,R,L,p+,np,0.3911,0.4264,0.0802,0.9932,0.9887,0.2046,0.2046
7477,394,R394K,R,K,p+,p+,0.3911,0.4264,0.0802,0.9932,0.9887,0.2596,0.2596
7478,394,R394M,R,M,p+,np,0.3911,0.4264,0.0802,0.9932,0.9887,0.2808,0.2808
7479,394,R394F,R,F,p+,np,0.3911,0.4264,0.0802,0.9932,0.9887,0.2946,0.2946
7480,394,R394P,R,P,p+,np,0.3911,0.4264,0.0802,0.9932,0.9887,0.3139,0.3139
7481,394,R394S,R,S,p+,p~,0.3911,0.4264,0.0802,0.9932,0.9887,0.1534,0.1534
7482,394,R394T,R,T,p+,p~,0.3911,0.4264,0.0802,0.9932,0.9887,0.1741,0.1741
7483,394,R394W,R,W,p+,np,0.3911,0.4264,0.0802,0.9932,0.9887,0.2573,0.2573
7484,394,R394Y,R,Y,p+,p~,0.3911,0.4264,0.0802,0.9932,0.9887,0.2863,0.2863
7485,394,R394V,R,V,p+,np,0.3911,0.4264,0.0802,0.9932,0.9887,0.1305,0.1305
7486,395,Q395A,Q,A,p~,np,0.4767,0.5109,0.6199,0.2971,0.2568,0.0579,0.0579
7487,395,Q395R,Q,R,p~,p+,0.4767,0.5109,0.6199,0.2971,0.2568,0.2741,0.2741
7488,395,Q395N,Q,N,p~,p~,0.4767,0.5109,0.6199,0.2971,0.2568,0.0466,0.0466
7489,395,Q395D,Q,D,p~,p-,0.4767,0.5109,0.6199,0.2971,0.2568,0.0116,0.0116
7490,395,Q395C,Q,C,p~,p~,0.4767,0.5109,0.6199,0.2971,0.2568,0.3922,0.3922
7491,395,Q395E,Q,E,p~,p-,0.4767,0.5109,0.6199,0.2971,0.2568,0.1388,0.1388
7492,395,Q395G,Q,G,p~,np,0.4767,0.5109,0.6199,0.2971,0.2568,0.0928,0.0928
7493,395,Q395H,Q,H,p~,p~,0.4767,0.5109,0.6199,0.2971,0.2568,0.2682,0.2682
7494,395,Q395I,Q,I,p~,np,0.4767,0.5109,0.6199,0.2971,0.2568,0.1247,0.1247
7495,395,Q395L,Q,L,p~,np,0.4767,0.5109,0.6199,0.2971,0.2568,0.1542,0.1542
7496,395,Q395K,Q,K,p~,p+,0.4767,0.5109,0.6199,0.2971,0.2568,0.2126,0.2126
7497,395,Q395M,Q,M,p~,np,0.4767,0.5109,0.6199,0.2971,0.2568,0.2331,0.2331
7498,395,Q395F,Q,F,p~,np,0.4767,0.5109,0.6199,0.2971,0.2568,0.2388,0.2388
7499,395,Q395P,Q,P,p~,np,0.4767,0.5109,0.6199,0.2971,0.2568,0.1268,0.1268
7500,395,Q395S,Q,S,p~,p~,0.4767,0.5109,0.6199,0.2971,0.2568,0.0282,0.0282
7501,395,Q395T,Q,T,p~,p~,0.4767,0.5109,0.6199,0.2971,0.2568,-0.034,-0.034
7502,395,Q395W,Q,W,p~,np,0.4767,0.5109,0.6199,0.2971,0.2568,0.2908,0.2908
7503,395,Q395Y,Q,Y,p~,p~,0.4767,0.5109,0.6199,0.2971,0.2568,0.2122,0.2122
7504,395,Q395V,Q,V,p~,np,0.4767,0.5109,0.6199,0.2971,0.2568,0.0904,0.0904
7505,396,S396A,S,A,p~,np,0.5232,0.5561,0.2382,0.4465,0.3812,0.1346,0.1346
7506,396,S396R,S,R,p~,p+,0.5232,0.5561,0.2382,0.4465,0.3812,0.3929,0.3929
7507,396,S396N,S,N,p~,p~,0.5232,0.5561,0.2382,0.4465,0.3812,0.2059,0.2059
7508,396,S396D,S,D,p~,p-,0.5232,0.5561,0.2382,0.4465,0.3812,0.2057,0.2057
7509,396,S396C,S,C,p~,p~,0.5232,0.5561,0.2382,0.4465,0.3812,0.5475,0.5475
7510,396,S396Q,S,Q,p~,p~,0.5232,0.5561,0.2382,0.4465,0.3812,0.2608,0.2608
7511,396,S396E,S,E,p~,p-,0.5232,0.5561,0.2382,0.4465,0.3812,0.2621,0.2621
7512,396,S396G,S,G,p~,np,0.5232,0.5561,0.2382,0.4465,0.3812,0.1077,0.1077
7513,396,S396H,S,H,p~,p~,0.5232,0.5561,0.2382,0.4465,0.3812,0.4093,0.4093
7514,396,S396I,S,I,p~,np,0.5232,0.5561,0.2382,0.4465,0.3812,0.2942,0.2942
7515,396,S396L,S,L,p~,np,0.5232,0.5561,0.2382,0.4465,0.3812,0.2842,0.2842
7516,396,S396K,S,K,p~,p+,0.5232,0.5561,0.2382,0.4465,0.3812,0.3169,0.3169
7517,396,S396M,S,M,p~,np,0.5232,0.5561,0.2382,0.4465,0.3812,0.3766,0.3766
7518,396,S396F,S,F,p~,np,0.5232,0.5561,0.2382,0.4465,0.3812,0.3644,0.3644
7519,396,S396P,S,P,p~,np,0.5232,0.5561,0.2382,0.4465,0.3812,0.242,0.242
7520,396,S396T,S,T,p~,p~,0.5232,0.5561,0.2382,0.4465,0.3812,0.1897,0.1897
7521,396,S396W,S,W,p~,np,0.5232,0.5561,0.2382,0.4465,0.3812,0.4112,0.4112
7522,396,S396Y,S,Y,p~,p~,0.5232,0.5561,0.2382,0.4465,0.3812,0.3394,0.3394
7523,396,S396V,S,V,p~,np,0.5232,0.5561,0.2382,0.4465,0.3812,0.245,0.245
7524,397,N397A,N,A,p~,np,0.5795,0.6104,0.2606,0.6969,0.6025,0.1605,0.1605
7525,397,N397R,N,R,p~,p+,0.5795,0.6104,0.2606,0.6969,0.6025,0.2637,0.2637
7526,397,N397D,N,D,p~,p-,0.5795,0.6104,0.2606,0.6969,0.6025,0.2104,0.2104
7527,397,N397C,N,C,p~,p~,0.5795,0.6104,0.2606,0.6969,0.6025,0.4999,0.4999
7528,397,N397Q,N,Q,p~,p~,0.5795,0.6104,0.2606,0.6969,0.6025,0.188,0.188
7529,397,N397E,N,E,p~,p-,0.5795,0.6104,0.2606,0.6969,0.6025,0.2345,0.2345
7530,397,N397G,N,G,p~,np,0.5795,0.6104,0.2606,0.6969,0.6025,0.1479,0.1479
7531,397,N397H,N,H,p~,p~,0.5795,0.6104,0.2606,0.6969,0.6025,0.3438,0.3438
7532,397,N397I,N,I,p~,np,0.5795,0.6104,0.2606,0.6969,0.6025,0.1945,0.1945
7533,397,N397L,N,L,p~,np,0.5795,0.6104,0.2606,0.6969,0.6025,0.1256,0.1256
7534,397,N397K,N,K,p~,p+,0.5795,0.6104,0.2606,0.6969,0.6025,0.2012,0.2012
7535,397,N397M,N,M,p~,np,0.5795,0.6104,0.2606,0.6969,0.6025,0.2392,0.2392
7536,397,N397F,N,F,p~,np,0.5795,0.6104,0.2606,0.6969,0.6025,0.2797,0.2797
7537,397,N397P,N,P,p~,np,0.5795,0.6104,0.2606,0.6969,0.6025,0.1543,0.1543
7538,397,N397S,N,S,p~,p~,0.5795,0.6104,0.2606,0.6969,0.6025,0.1661,0.1661
7539,397,N397T,N,T,p~,p~,0.5795,0.6104,0.2606,0.6969,0.6025,0.1233,0.1233
7540,397,N397W,N,W,p~,np,0.5795,0.6104,0.2606,0.6969,0.6025,0.3509,0.3509
7541,397,N397Y,N,Y,p~,p~,0.5795,0.6104,0.2606,0.6969,0.6025,0.2689,0.2689
7542,397,N397V,N,V,p~,np,0.5795,0.6104,0.2606,0.6969,0.6025,0.1576,0.1576
7543,398,R398A,R,A,p+,np,0.5297,0.5628,0.2128,0.7892,0.6592,0.3134,0.3134
7544,398,R398N,R,N,p+,p~,0.5297,0.5628,0.2128,0.7892,0.6592,0.34,0.34
7545,398,R398D,R,D,p+,p-,0.5297,0.5628,0.2128,0.7892,0.6592,0.3521,0.3521
7546,398,R398C,R,C,p+,p~,0.5297,0.5628,0.2128,0.7892,0.6592,0.5814,0.5814
7547,398,R398Q,R,Q,p+,p~,0.5297,0.5628,0.2128,0.7892,0.6592,0.3271,0.3271
7548,398,R398E,R,E,p+,p-,0.5297,0.5628,0.2128,0.7892,0.6592,0.3471,0.3471
7549,398,R398G,R,G,p+,np,0.5297,0.5628,0.2128,0.7892,0.6592,0.3333,0.3333
7550,398,R398H,R,H,p+,p~,0.5297,0.5628,0.2128,0.7892,0.6592,0.4198,0.4198
7551,398,R398I,R,I,p+,np,0.5297,0.5628,0.2128,0.7892,0.6592,0.3144,0.3144
7552,398,R398L,R,L,p+,np,0.5297,0.5628,0.2128,0.7892,0.6592,0.3578,0.3578
7553,398,R398K,R,K,p+,p+,0.5297,0.5628,0.2128,0.7892,0.6592,0.3001,0.3001
7554,398,R398M,R,M,p+,np,0.5297,0.5628,0.2128,0.7892,0.6592,0.4265,0.4265
7555,398,R398F,R,F,p+,np,0.5297,0.5628,0.2128,0.7892,0.6592,0.4418,0.4418
7556,398,R398P,R,P,p+,np,0.5297,0.5628,0.2128,0.7892,0.6592,0.3019,0.3019
7557,398,R398S,R,S,p+,p~,0.5297,0.5628,0.2128,0.7892,0.6592,0.3323,0.3323
7558,398,R398T,R,T,p+,p~,0.5297,0.5628,0.2128,0.7892,0.6592,0.311,0.311
7559,398,R398W,R,W,p+,np,0.5297,0.5628,0.2128,0.7892,0.6592,0.4727,0.4727
7560,398,R398Y,R,Y,p+,p~,0.5297,0.5628,0.2128,0.7892,0.6592,0.4306,0.4306
7561,398,R398V,R,V,p+,np,0.5297,0.5628,0.2128,0.7892,0.6592,0.2833,0.2833
7562,399,G399A,G,A,np,np,0.4978,0.5324,0.1912,0.806,0.6756,0.3309,0.3309
7563,399,G399R,G,R,np,p+,0.4978,0.5324,0.1912,0.806,0.6756,0.4448,0.4448
7564,399,G399N,G,N,np,p~,0.4978,0.5324,0.1912,0.806,0.6756,0.3268,0.3268
7565,399,G399D,G,D,np,p-,0.4978,0.5324,0.1912,0.806,0.6756,0.335,0.335
7566,399,G399C,G,C,np,p~,0.4978,0.5324,0.1912,0.806,0.6756,0.6395,0.6395
7567,399,G399Q,G,Q,np,p~,0.4978,0.5324,0.1912,0.806,0.6756,0.4243,0.4243
7568,399,G399E,G,E,np,p-,0.4978,0.5324,0.1912,0.806,0.6756,0.4336,0.4336
7569,399,G399H,G,H,np,p~,0.4978,0.5324,0.1912,0.806,0.6756,0.5293,0.5293
7570,399,G399I,G,I,np,np,0.4978,0.5324,0.1912,0.806,0.6756,0.4854,0.4854
7571,399,G399L,G,L,np,np,0.4978,0.5324,0.1912,0.806,0.6756,0.4684,0.4684
7572,399,G399K,G,K,np,p+,0.4978,0.5324,0.1912,0.806,0.6756,0.4482,0.4482
7573,399,G399M,G,M,np,np,0.4978,0.5324,0.1912,0.806,0.6756,0.5187,0.5187
7574,399,G399F,G,F,np,np,0.4978,0.5324,0.1912,0.806,0.6756,0.5166,0.5166
7575,399,G399P,G,P,np,np,0.4978,0.5324,0.1912,0.806,0.6756,0.3857,0.3857
7576,399,G399S,G,S,np,p~,0.4978,0.5324,0.1912,0.806,0.6756,0.32,0.32
7577,399,G399T,G,T,np,p~,0.4978,0.5324,0.1912,0.806,0.6756,0.3625,0.3625
7578,399,G399W,G,W,np,np,0.4978,0.5324,0.1912,0.806,0.6756,0.5141,0.5141
7579,399,G399Y,G,Y,np,p~,0.4978,0.5324,0.1912,0.806,0.6756,0.4908,0.4908
7580,399,G399V,G,V,np,np,0.4978,0.5324,0.1912,0.806,0.6756,0.4473,0.4473
7581,400,V400A,V,A,np,np,0.4406,0.4776,0.3431,0.7054,0.6236,0.1253,0.1253
7582,400,V400R,V,R,np,p+,0.4406,0.4776,0.3431,0.7054,0.6236,0.2703,0.2703
7583,400,V400N,V,N,np,p~,0.4406,0.4776,0.3431,0.7054,0.6236,0.1373,0.1373
7584,400,V400D,V,D,np,p-,0.4406,0.4776,0.3431,0.7054,0.6236,0.1065,0.1065
7585,400,V400C,V,C,np,p~,0.4406,0.4776,0.3431,0.7054,0.6236,0.5486,0.5486
7586,400,V400Q,V,Q,np,p~,0.4406,0.4776,0.3431,0.7054,0.6236,0.1974,0.1974
7587,400,V400E,V,E,np,p-,0.4406,0.4776,0.3431,0.7054,0.6236,0.1931,0.1931
7588,400,V400G,V,G,np,np,0.4406,0.4776,0.3431,0.7054,0.6236,0.1813,0.1813
7589,400,V400H,V,H,np,p~,0.4406,0.4776,0.3431,0.7054,0.6236,0.332,0.332
7590,400,V400I,V,I,np,np,0.4406,0.4776,0.3431,0.7054,0.6236,0.2292,0.2292
7591,400,V400L,V,L,np,np,0.4406,0.4776,0.3431,0.7054,0.6236,0.2115,0.2115
7592,400,V400K,V,K,np,p+,0.4406,0.4776,0.3431,0.7054,0.6236,0.2413,0.2413
7593,400,V400M,V,M,np,np,0.4406,0.4776,0.3431,0.7054,0.6236,0.286,0.286
7594,400,V400F,V,F,np,np,0.4406,0.4776,0.3431,0.7054,0.6236,0.276,0.276
7595,400,V400P,V,P,np,np,0.4406,0.4776,0.3431,0.7054,0.6236,0.1223,0.1223
7596,400,V400S,V,S,np,p~,0.4406,0.4776,0.3431,0.7054,0.6236,0.1134,0.1134
7597,400,V400T,V,T,np,p~,0.4406,0.4776,0.3431,0.7054,0.6236,0.1236,0.1236
7598,400,V400W,V,W,np,np,0.4406,0.4776,0.3431,0.7054,0.6236,0.2937,0.2937
7599,400,V400Y,V,Y,np,p~,0.4406,0.4776,0.3431,0.7054,0.6236,0.2462,0.2462
7600,401,A401R,A,R,np,p+,0.3884,0.4269,0.1342,0.6264,0.4101,0.347,0.347
7601,401,A401N,A,N,np,p~,0.3884,0.4269,0.1342,0.6264,0.4101,0.1604,0.1604
7602,401,A401D,A,D,np,p-,0.3884,0.4269,0.1342,0.6264,0.4101,-0.013,-0.013
7603,401,A401C,A,C,np,p~,0.3884,0.4269,0.1342,0.6264,0.4101,0.5387,0.5387
7604,401,A401Q,A,Q,np,p~,0.3884,0.4269,0.1342,0.6264,0.4101,0.2325,0.2325
7605,401,A401E,A,E,np,p-,0.3884,0.4269,0.1342,0.6264,0.4101,0.1793,0.1793
7606,401,A401G,A,G,np,np,0.3884,0.4269,0.1342,0.6264,0.4101,0.2371,0.2371
7607,401,A401H,A,H,np,p~,0.3884,0.4269,0.1342,0.6264,0.4101,0.3411,0.3411
7608,401,A401I,A,I,np,np,0.3884,0.4269,0.1342,0.6264,0.4101,0.3003,0.3003
7609,401,A401L,A,L,np,np,0.3884,0.4269,0.1342,0.6264,0.4101,0.311,0.311
7610,401,A401K,A,K,np,p+,0.3884,0.4269,0.1342,0.6264,0.4101,0.3001,0.3001
7611,401,A401M,A,M,np,np,0.3884,0.4269,0.1342,0.6264,0.4101,0.3549,0.3549
7612,401,A401F,A,F,np,np,0.3884,0.4269,0.1342,0.6264,0.4101,0.3577,0.3577
7613,401,A401P,A,P,np,np,0.3884,0.4269,0.1342,0.6264,0.4101,0.2704,0.2704
7614,401,A401S,A,S,np,p~,0.3884,0.4269,0.1342,0.6264,0.4101,0.1749,0.1749
7615,401,A401T,A,T,np,p~,0.3884,0.4269,0.1342,0.6264,0.4101,0.1852,0.1852
7616,401,A401W,A,W,np,np,0.3884,0.4269,0.1342,0.6264,0.4101,0.366,0.366
7617,401,A401Y,A,Y,np,p~,0.3884,0.4269,0.1342,0.6264,0.4101,0.2946,0.2946
7618,401,A401V,A,V,np,np,0.3884,0.4269,0.1342,0.6264,0.4101,0.2279,0.2279
7619,402,P402A,P,A,np,np,0.3349,0.3751,0.6045,0.3432,0.231,0.2669,0.2669
7620,402,P402R,P,R,np,p+,0.3349,0.3751,0.6045,0.3432,0.231,0.344,0.344
7621,402,P402N,P,N,np,p~,0.3349,0.3751,0.6045,0.3432,0.231,0.2769,0.2769
7622,402,P402D,P,D,np,p-,0.3349,0.3751,0.6045,0.3432,0.231,0.3436,0.3436
7623,402,P402C,P,C,np,p~,0.3349,0.3751,0.6045,0.3432,0.231,0.6662,0.6662
7624,402,P402Q,P,Q,np,p~,0.3349,0.3751,0.6045,0.3432,0.231,0.348,0.348
7625,402,P402E,P,E,np,p-,0.3349,0.3751,0.6045,0.3432,0.231,0.3724,0.3724
7626,402,P402G,P,G,np,np,0.3349,0.3751,0.6045,0.3432,0.231,0.3222,0.3222
7627,402,P402H,P,H,np,p~,0.3349,0.3751,0.6045,0.3432,0.231,0.3878,0.3878
7628,402,P402I,P,I,np,np,0.3349,0.3751,0.6045,0.3432,0.231,0.4394,0.4394
7629,402,P402L,P,L,np,np,0.3349,0.3751,0.6045,0.3432,0.231,0.3587,0.3587
7630,402,P402K,P,K,np,p+,0.3349,0.3751,0.6045,0.3432,0.231,0.3293,0.3293
7631,402,P402M,P,M,np,np,0.3349,0.3751,0.6045,0.3432,0.231,0.4578,0.4578
7632,402,P402F,P,F,np,np,0.3349,0.3751,0.6045,0.3432,0.231,0.4542,0.4542
7633,402,P402S,P,S,np,p~,0.3349,0.3751,0.6045,0.3432,0.231,0.2947,0.2947
7634,402,P402T,P,T,np,p~,0.3349,0.3751,0.6045,0.3432,0.231,0.298,0.298
7635,402,P402W,P,W,np,np,0.3349,0.3751,0.6045,0.3432,0.231,0.4585,0.4585
7636,402,P402Y,P,Y,np,p~,0.3349,0.3751,0.6045,0.3432,0.231,0.3991,0.3991
7637,402,P402V,P,V,np,np,0.3349,0.3751,0.6045,0.3432,0.231,0.3778,0.3778
7638,403,D403A,D,A,p-,np,0.2806,0.323,0.091,0.9248,0.8823,0.4967,0.4967
7639,403,D403R,D,R,p-,p+,0.2806,0.323,0.091,0.9248,0.8823,0.6189,0.6189
7640,403,D403N,D,N,p-,p~,0.2806,0.323,0.091,0.9248,0.8823,0.408,0.408
7641,403,D403C,D,C,p-,p~,0.2806,0.323,0.091,0.9248,0.8823,0.7277,0.7277
7642,403,D403Q,D,Q,p-,p~,0.2806,0.323,0.091,0.9248,0.8823,0.5209,0.5209
7643,403,D403E,D,E,p-,p-,0.2806,0.323,0.091,0.9248,0.8823,0.4324,0.4324
7644,403,D403G,D,G,p-,np,0.2806,0.323,0.091,0.9248,0.8823,0.4766,0.4766
7645,403,D403H,D,H,p-,p~,0.2806,0.323,0.091,0.9248,0.8823,0.5092,0.5092
7646,403,D403I,D,I,p-,np,0.2806,0.323,0.091,0.9248,0.8823,0.6244,0.6244
7647,403,D403L,D,L,p-,np,0.2806,0.323,0.091,0.9248,0.8823,0.5934,0.5934
7648,403,D403K,D,K,p-,p+,0.2806,0.323,0.091,0.9248,0.8823,0.584,0.584
7649,403,D403M,D,M,p-,np,0.2806,0.323,0.091,0.9248,0.8823,0.6394,0.6394
7650,403,D403F,D,F,p-,np,0.2806,0.323,0.091,0.9248,0.8823,0.492,0.492
7651,403,D403P,D,P,p-,np,0.2806,0.323,0.091,0.9248,0.8823,0.5877,0.5877
7652,403,D403S,D,S,p-,p~,0.2806,0.323,0.091,0.9248,0.8823,0.5026,0.5026
7653,403,D403T,D,T,p-,p~,0.2806,0.323,0.091,0.9248,0.8823,0.5172,0.5172
7654,403,D403W,D,W,p-,np,0.2806,0.323,0.091,0.9248,0.8823,0.55,0.55
7655,403,D403Y,D,Y,p-,p~,0.2806,0.323,0.091,0.9248,0.8823,0.3678,0.3678
7656,403,D403V,D,V,p-,np,0.2806,0.323,0.091,0.9248,0.8823,0.5527,0.5527
7657,404,A404R,A,R,np,p+,0.2459,0.2871,0.1673,0.6994,0.6004,0.4099,0.4099
7658,404,A404N,A,N,np,p~,0.2459,0.2871,0.1673,0.6994,0.6004,0.3008,0.3008
7659,404,A404D,A,D,np,p-,0.2459,0.2871,0.1673,0.6994,0.6004,0.4764,0.4764
7660,404,A404C,A,C,np,p~,0.2459,0.2871,0.1673,0.6994,0.6004,0.5124,0.5124
7661,404,A404Q,A,Q,np,p~,0.2459,0.2871,0.1673,0.6994,0.6004,0.209,0.209
7662,404,A404E,A,E,np,p-,0.2459,0.2871,0.1673,0.6994,0.6004,0.3021,0.3021
7663,404,A404G,A,G,np,np,0.2459,0.2871,0.1673,0.6994,0.6004,0.3514,0.3514
7664,404,A404H,A,H,np,p~,0.2459,0.2871,0.1673,0.6994,0.6004,0.3884,0.3884
7665,404,A404I,A,I,np,np,0.2459,0.2871,0.1673,0.6994,0.6004,0.4964,0.4964
7666,404,A404L,A,L,np,np,0.2459,0.2871,0.1673,0.6994,0.6004,0.4638,0.4638
7667,404,A404K,A,K,np,p+,0.2459,0.2871,0.1673,0.6994,0.6004,0.4833,0.4833
7668,404,A404M,A,M,np,np,0.2459,0.2871,0.1673,0.6994,0.6004,0.4485,0.4485
7669,404,A404F,A,F,np,np,0.2459,0.2871,0.1673,0.6994,0.6004,0.5431,0.5431
7670,404,A404P,A,P,np,np,0.2459,0.2871,0.1673,0.6994,0.6004,0.3914,0.3914
7671,404,A404S,A,S,np,p~,0.2459,0.2871,0.1673,0.6994,0.6004,0.1317,0.1317
7672,404,A404T,A,T,np,p~,0.2459,0.2871,0.1673,0.6994,0.6004,0.2881,0.2881
7673,404,A404W,A,W,np,np,0.2459,0.2871,0.1673,0.6994,0.6004,0.5812,0.5812
7674,404,A404Y,A,Y,np,p~,0.2459,0.2871,0.1673,0.6994,0.6004,0.5096,0.5096
7675,404,A404V,A,V,np,np,0.2459,0.2871,0.1673,0.6994,0.6004,0.3796,0.3796
7676,405,M405A,M,A,np,np,0.1574,0.2027,0.0887,0.9452,0.931,0.6435,0.6435
7677,405,M405R,M,R,np,p+,0.1574,0.2027,0.0887,0.9452,0.931,0.6998,0.6998
7678,405,M405N,M,N,np,p~,0.1574,0.2027,0.0887,0.9452,0.931,0.6218,0.6218
7679,405,M405D,M,D,np,p-,0.1574,0.2027,0.0887,0.9452,0.931,0.7275,0.7275
7680,405,M405C,M,C,np,p~,0.1574,0.2027,0.0887,0.9452,0.931,0.6473,0.6473
7681,405,M405Q,M,Q,np,p~,0.1574,0.2027,0.0887,0.9452,0.931,0.5568,0.5568
7682,405,M405E,M,E,np,p-,0.1574,0.2027,0.0887,0.9452,0.931,0.6308,0.6308
7683,405,M405G,M,G,np,np,0.1574,0.2027,0.0887,0.9452,0.931,0.6723,0.6723
7684,405,M405H,M,H,np,p~,0.1574,0.2027,0.0887,0.9452,0.931,0.6891,0.6891
7685,405,M405I,M,I,np,np,0.1574,0.2027,0.0887,0.9452,0.931,0.506,0.506
7686,405,M405L,M,L,np,np,0.1574,0.2027,0.0887,0.9452,0.931,0.5147,0.5147
7687,405,M405K,M,K,np,p+,0.1574,0.2027,0.0887,0.9452,0.931,0.6553,0.6553
7688,405,M405F,M,F,np,np,0.1574,0.2027,0.0887,0.9452,0.931,0.601,0.601
7689,405,M405P,M,P,np,np,0.1574,0.2027,0.0887,0.9452,0.931,0.7188,0.7188
7690,405,M405S,M,S,np,p~,0.1574,0.2027,0.0887,0.9452,0.931,0.5981,0.5981
7691,405,M405T,M,T,np,p~,0.1574,0.2027,0.0887,0.9452,0.931,0.5468,0.5468
7692,405,M405W,M,W,np,np,0.1574,0.2027,0.0887,0.9452,0.931,0.6884,0.6884
7693,405,M405Y,M,Y,np,p~,0.1574,0.2027,0.0887,0.9452,0.931,0.577,0.577
7694,405,M405V,M,V,np,np,0.1574,0.2027,0.0887,0.9452,0.931,0.5836,0.5836
7695,406,C406A,C,A,p~,np,0.1437,0.1826,0.3793,0.5425,0.594,0.4035,0.4035
7696,406,C406R,C,R,p~,p+,0.1437,0.1826,0.3793,0.5425,0.594,0.5944,0.5944
7697,406,C406N,C,N,p~,p~,0.1437,0.1826,0.3793,0.5425,0.594,0.32,0.32
7698,406,C406D,C,D,p~,p-,0.1437,0.1826,0.3793,0.5425,0.594,0.5559,0.5559
7699,406,C406Q,C,Q,p~,p~,0.1437,0.1826,0.3793,0.5425,0.594,0.5109,0.5109
7700,406,C406E,C,E,p~,p-,0.1437,0.1826,0.3793,0.5425,0.594,0.5315,0.5315
7701,406,C406G,C,G,p~,np,0.1437,0.1826,0.3793,0.5425,0.594,0.431,0.431
7702,406,C406H,C,H,p~,p~,0.1437,0.1826,0.3793,0.5425,0.594,0.5305,0.5305
7703,406,C406I,C,I,p~,np,0.1437,0.1826,0.3793,0.5425,0.594,0.5481,0.5481
7704,406,C406L,C,L,p~,np,0.1437,0.1826,0.3793,0.5425,0.594,0.553,0.553
7705,406,C406K,C,K,p~,p+,0.1437,0.1826,0.3793,0.5425,0.594,0.6057,0.6057
7706,406,C406M,C,M,p~,np,0.1437,0.1826,0.3793,0.5425,0.594,0.5214,0.5214
7707,406,C406F,C,F,p~,np,0.1437,0.1826,0.3793,0.5425,0.594,0.5946,0.5946
7708,406,C406P,C,P,p~,np,0.1437,0.1826,0.3793,0.5425,0.594,0.6002,0.6002
7709,406,C406S,C,S,p~,p~,0.1437,0.1826,0.3793,0.5425,0.594,0.2922,0.2922
7710,406,C406T,C,T,p~,p~,0.1437,0.1826,0.3793,0.5425,0.594,0.3553,0.3553
7711,406,C406W,C,W,p~,np,0.1437,0.1826,0.3793,0.5425,0.594,0.7234,0.7234
7712,406,C406Y,C,Y,p~,p~,0.1437,0.1826,0.3793,0.5425,0.594,0.5632,0.5632
7713,406,C406V,C,V,p~,np,0.1437,0.1826,0.3793,0.5425,0.594,0.48,0.48
7714,407,G407A,G,A,np,np,0.2381,0.2739,0.0817,0.9648,0.9412,0.3774,0.3774
7715,407,G407R,G,R,np,p+,0.2381,0.2739,0.0817,0.9648,0.9412,0.8315,0.8315
7716,407,G407N,G,N,np,p~,0.2381,0.2739,0.0817,0.9648,0.9412,0.667,0.667
7717,407,G407D,G,D,np,p-,0.2381,0.2739,0.0817,0.9648,0.9412,0.6967,0.6967
7718,407,G407C,G,C,np,p~,0.2381,0.2739,0.0817,0.9648,0.9412,0.619,0.619
7719,407,G407Q,G,Q,np,p~,0.2381,0.2739,0.0817,0.9648,0.9412,0.6983,0.6983
7720,407,G407E,G,E,np,p-,0.2381,0.2739,0.0817,0.9648,0.9412,0.7317,0.7317
7721,407,G407H,G,H,np,p~,0.2381,0.2739,0.0817,0.9648,0.9412,0.8021,0.8021
7722,407,G407I,G,I,np,np,0.2381,0.2739,0.0817,0.9648,0.9412,0.778,0.778
7723,407,G407L,G,L,np,np,0.2381,0.2739,0.0817,0.9648,0.9412,0.7276,0.7276
7724,407,G407K,G,K,np,p+,0.2381,0.2739,0.0817,0.9648,0.9412,0.8379,0.8379
7725,407,G407M,G,M,np,np,0.2381,0.2739,0.0817,0.9648,0.9412,0.687,0.687
7726,407,G407F,G,F,np,np,0.2381,0.2739,0.0817,0.9648,0.9412,0.779,0.779
7727,407,G407P,G,P,np,np,0.2381,0.2739,0.0817,0.9648,0.9412,0.6056,0.6056
7728,407,G407S,G,S,np,p~,0.2381,0.2739,0.0817,0.9648,0.9412,0.4829,0.4829
7729,407,G407T,G,T,np,p~,0.2381,0.2739,0.0817,0.9648,0.9412,0.6672,0.6672
7730,407,G407W,G,W,np,np,0.2381,0.2739,0.0817,0.9648,0.9412,0.8893,0.8893
7731,407,G407Y,G,Y,np,p~,0.2381,0.2739,0.0817,0.9648,0.9412,0.871,0.871
7732,407,G407V,G,V,np,np,0.2381,0.2739,0.0817,0.9648,0.9412,0.6846,0.6846
7733,408,N408A,N,A,p~,np,0.2755,0.3006,0.1295,0.7532,0.7501,0.4745,0.4745
7734,408,N408R,N,R,p~,p+,0.2755,0.3006,0.1295,0.7532,0.7501,0.6229,0.6229
7735,408,N408D,N,D,p~,p-,0.2755,0.3006,0.1295,0.7532,0.7501,0.4844,0.4844
7736,408,N408C,N,C,p~,p~,0.2755,0.3006,0.1295,0.7532,0.7501,0.5381,0.5381
7737,408,N408Q,N,Q,p~,p~,0.2755,0.3006,0.1295,0.7532,0.7501,0.5609,0.5609
7738,408,N408E,N,E,p~,p-,0.2755,0.3006,0.1295,0.7532,0.7501,0.6572,0.6572
7739,408,N408G,N,G,p~,np,0.2755,0.3006,0.1295,0.7532,0.7501,0.4976,0.4976
7740,408,N408H,N,H,p~,p~,0.2755,0.3006,0.1295,0.7532,0.7501,0.484,0.484
7741,408,N408I,N,I,p~,np,0.2755,0.3006,0.1295,0.7532,0.7501,0.5969,0.5969
7742,408,N408L,N,L,p~,np,0.2755,0.3006,0.1295,0.7532,0.7501,0.6507,0.6507
7743,408,N408K,N,K,p~,p+,0.2755,0.3006,0.1295,0.7532,0.7501,0.6464,0.6464
7744,408,N408M,N,M,p~,np,0.2755,0.3006,0.1295,0.7532,0.7501,0.6033,0.6033
7745,408,N408F,N,F,p~,np,0.2755,0.3006,0.1295,0.7532,0.7501,0.6704,0.6704
7746,408,N408P,N,P,p~,np,0.2755,0.3006,0.1295,0.7532,0.7501,0.5951,0.5951
7747,408,N408S,N,S,p~,p~,0.2755,0.3006,0.1295,0.7532,0.7501,0.2992,0.2992
7748,408,N408T,N,T,p~,p~,0.2755,0.3006,0.1295,0.7532,0.7501,0.2819,0.2819
7749,408,N408W,N,W,p~,np,0.2755,0.3006,0.1295,0.7532,0.7501,0.8291,0.8291
7750,408,N408Y,N,Y,p~,p~,0.2755,0.3006,0.1295,0.7532,0.7501,0.6409,0.6409
7751,408,N408V,N,V,p~,np,0.2755,0.3006,0.1295,0.7532,0.7501,0.4993,0.4993
7752,409,A409R,A,R,np,p+,0.3375,0.3636,0.0941,0.832,0.9031,0.8142,0.8142
7753,409,A409N,A,N,np,p~,0.3375,0.3636,0.0941,0.832,0.9031,0.5577,0.5577
7754,409,A409D,A,D,np,p-,0.3375,0.3636,0.0941,0.832,0.9031,0.6825,0.6825
7755,409,A409C,A,C,np,p~,0.3375,0.3636,0.0941,0.832,0.9031,0.5408,0.5408
7756,409,A409Q,A,Q,np,p~,0.3375,0.3636,0.0941,0.832,0.9031,0.706,0.706
7757,409,A409E,A,E,np,p-,0.3375,0.3636,0.0941,0.832,0.9031,0.755,0.755
7758,409,A409G,A,G,np,np,0.3375,0.3636,0.0941,0.832,0.9031,0.358,0.358
7759,409,A409H,A,H,np,p~,0.3375,0.3636,0.0941,0.832,0.9031,0.742,0.742
7760,409,A409I,A,I,np,np,0.3375,0.3636,0.0941,0.832,0.9031,0.7082,0.7082
7761,409,A409L,A,L,np,np,0.3375,0.3636,0.0941,0.832,0.9031,0.6922,0.6922
7762,409,A409K,A,K,np,p+,0.3375,0.3636,0.0941,0.832,0.9031,0.8098,0.8098
7763,409,A409M,A,M,np,np,0.3375,0.3636,0.0941,0.832,0.9031,0.6241,0.6241
7764,409,A409F,A,F,np,np,0.3375,0.3636,0.0941,0.832,0.9031,0.6476,0.6476
7765,409,A409P,A,P,np,np,0.3375,0.3636,0.0941,0.832,0.9031,0.7452,0.7452
7766,409,A409S,A,S,np,p~,0.3375,0.3636,0.0941,0.832,0.9031,0.3916,0.3916
7767,409,A409T,A,T,np,p~,0.3375,0.3636,0.0941,0.832,0.9031,0.465,0.465
7768,409,A409W,A,W,np,np,0.3375,0.3636,0.0941,0.832,0.9031,0.8445,0.8445
7769,409,A409Y,A,Y,np,p~,0.3375,0.3636,0.0941,0.832,0.9031,0.8049,0.8049
7770,409,A409V,A,V,np,np,0.3375,0.3636,0.0941,0.832,0.9031,0.5474,0.5474
7771,410,V410A,V,A,np,np,0.3976,0.416,0.1025,0.7562,0.9639,0.3315,0.3315
7772,410,V410R,V,R,np,p+,0.3976,0.416,0.1025,0.7562,0.9639,0.718,0.718
7773,410,V410N,V,N,np,p~,0.3976,0.416,0.1025,0.7562,0.9639,0.6359,0.6359
7774,410,V410D,V,D,np,p-,0.3976,0.416,0.1025,0.7562,0.9639,0.7278,0.7278
7775,410,V410C,V,C,np,p~,0.3976,0.416,0.1025,0.7562,0.9639,0.5563,0.5563
7776,410,V410Q,V,Q,np,p~,0.3976,0.416,0.1025,0.7562,0.9639,0.6236,0.6236
7777,410,V410E,V,E,np,p-,0.3976,0.416,0.1025,0.7562,0.9639,0.625,0.625
7778,410,V410G,V,G,np,np,0.3976,0.416,0.1025,0.7562,0.9639,0.6816,0.6816
7779,410,V410H,V,H,np,p~,0.3976,0.416,0.1025,0.7562,0.9639,0.6823,0.6823
7780,410,V410I,V,I,np,np,0.3976,0.416,0.1025,0.7562,0.9639,0.3464,0.3464
7781,410,V410L,V,L,np,np,0.3976,0.416,0.1025,0.7562,0.9639,0.4323,0.4323
7782,410,V410K,V,K,np,p+,0.3976,0.416,0.1025,0.7562,0.9639,0.7349,0.7349
7783,410,V410M,V,M,np,np,0.3976,0.416,0.1025,0.7562,0.9639,0.5115,0.5115
7784,410,V410F,V,F,np,np,0.3976,0.416,0.1025,0.7562,0.9639,0.5946,0.5946
7785,410,V410P,V,P,np,np,0.3976,0.416,0.1025,0.7562,0.9639,0.778,0.778
7786,410,V410S,V,S,np,p~,0.3976,0.416,0.1025,0.7562,0.9639,0.5124,0.5124
7787,410,V410T,V,T,np,p~,0.3976,0.416,0.1025,0.7562,0.9639,0.4066,0.4066
7788,410,V410W,V,W,np,np,0.3976,0.416,0.1025,0.7562,0.9639,0.7652,0.7652
7789,410,V410Y,V,Y,np,p~,0.3976,0.416,0.1025,0.7562,0.9639,0.6599,0.6599
7790,411,M411A,M,A,np,np,0.4507,0.4688,0.1002,0.7554,0.8072,0.6155,0.6155
7791,411,M411R,M,R,np,p+,0.4507,0.4688,0.1002,0.7554,0.8072,0.752,0.752
7792,411,M411N,M,N,np,p~,0.4507,0.4688,0.1002,0.7554,0.8072,0.672,0.672
7793,411,M411D,M,D,np,p-,0.4507,0.4688,0.1002,0.7554,0.8072,0.8112,0.8112
7794,411,M411C,M,C,np,p~,0.4507,0.4688,0.1002,0.7554,0.8072,0.6704,0.6704
7795,411,M411Q,M,Q,np,p~,0.4507,0.4688,0.1002,0.7554,0.8072,0.5309,0.5309
7796,411,M411E,M,E,np,p-,0.4507,0.4688,0.1002,0.7554,0.8072,0.687,0.687
7797,411,M411G,M,G,np,np,0.4507,0.4688,0.1002,0.7554,0.8072,0.6997,0.6997
7798,411,M411H,M,H,np,p~,0.4507,0.4688,0.1002,0.7554,0.8072,0.7006,0.7006
7799,411,M411I,M,I,np,np,0.4507,0.4688,0.1002,0.7554,0.8072,0.5072,0.5072
7800,411,M411L,M,L,np,np,0.4507,0.4688,0.1002,0.7554,0.8072,0.386,0.386
7801,411,M411K,M,K,np,p+,0.4507,0.4688,0.1002,0.7554,0.8072,0.6874,0.6874
7802,411,M411F,M,F,np,np,0.4507,0.4688,0.1002,0.7554,0.8072,0.6235,0.6235
7803,411,M411P,M,P,np,np,0.4507,0.4688,0.1002,0.7554,0.8072,0.7983,0.7983
7804,411,M411S,M,S,np,p~,0.4507,0.4688,0.1002,0.7554,0.8072,0.5979,0.5979
7805,411,M411T,M,T,np,p~,0.4507,0.4688,0.1002,0.7554,0.8072,0.5455,0.5455
7806,411,M411W,M,W,np,np,0.4507,0.4688,0.1002,0.7554,0.8072,0.7646,0.7646
7807,411,M411Y,M,Y,np,p~,0.4507,0.4688,0.1002,0.7554,0.8072,0.7669,0.7669
7808,411,M411V,M,V,np,np,0.4507,0.4688,0.1002,0.7554,0.8072,0.5916,0.5916
7809,412,Y412A,Y,A,p~,np,0.5042,0.5206,0.1503,0.7474,0.9757,0.7236,0.7236
7810,412,Y412R,Y,R,p~,p+,0.5042,0.5206,0.1503,0.7474,0.9757,0.8163,0.8163
7811,412,Y412N,Y,N,p~,p~,0.5042,0.5206,0.1503,0.7474,0.9757,0.6971,0.6971
7812,412,Y412D,Y,D,p~,p-,0.5042,0.5206,0.1503,0.7474,0.9757,0.7885,0.7885
7813,412,Y412C,Y,C,p~,p~,0.5042,0.5206,0.1503,0.7474,0.9757,0.6881,0.6881
7814,412,Y412Q,Y,Q,p~,p~,0.5042,0.5206,0.1503,0.7474,0.9757,0.7863,0.7863
7815,412,Y412E,Y,E,p~,p-,0.5042,0.5206,0.1503,0.7474,0.9757,0.8538,0.8538
7816,412,Y412G,Y,G,p~,np,0.5042,0.5206,0.1503,0.7474,0.9757,0.8447,0.8447
7817,412,Y412H,Y,H,p~,p~,0.5042,0.5206,0.1503,0.7474,0.9757,0.5501,0.5501
7818,412,Y412I,Y,I,p~,np,0.5042,0.5206,0.1503,0.7474,0.9757,0.6292,0.6292
7819,412,Y412L,Y,L,p~,np,0.5042,0.5206,0.1503,0.7474,0.9757,0.5799,0.5799
7820,412,Y412K,Y,K,p~,p+,0.5042,0.5206,0.1503,0.7474,0.9757,0.9108,0.9108
7821,412,Y412M,Y,M,p~,np,0.5042,0.5206,0.1503,0.7474,0.9757,0.6661,0.6661
7822,412,Y412F,Y,F,p~,np,0.5042,0.5206,0.1503,0.7474,0.9757,0.2659,0.2659
7823,412,Y412P,Y,P,p~,np,0.5042,0.5206,0.1503,0.7474,0.9757,0.7659,0.7659
7824,412,Y412S,Y,S,p~,p~,0.5042,0.5206,0.1503,0.7474,0.9757,0.6925,0.6925
7825,412,Y412T,Y,T,p~,p~,0.5042,0.5206,0.1503,0.7474,0.9757,0.6874,0.6874
7826,412,Y412W,Y,W,p~,np,0.5042,0.5206,0.1503,0.7474,0.9757,0.5309,0.5309
7827,412,Y412V,Y,V,p~,np,0.5042,0.5206,0.1503,0.7474,0.9757,0.6192,0.6192
7828,413,D413A,D,A,p-,np,0.5547,0.5695,0.084,0.9868,0.978,0.7391,0.7391
7829,413,D413R,D,R,p-,p+,0.5547,0.5695,0.084,0.9868,0.978,0.7839,0.7839
7830,413,D413N,D,N,p-,p~,0.5547,0.5695,0.084,0.9868,0.978,0.4927,0.4927
7831,413,D413C,D,C,p-,p~,0.5547,0.5695,0.084,0.9868,0.978,0.8012,0.8012
7832,413,D413Q,D,Q,p-,p~,0.5547,0.5695,0.084,0.9868,0.978,0.6876,0.6876
7833,413,D413E,D,E,p-,p-,0.5547,0.5695,0.084,0.9868,0.978,0.5474,0.5474
7834,413,D413G,D,G,p-,np,0.5547,0.5695,0.084,0.9868,0.978,0.7249,0.7249
7835,413,D413H,D,H,p-,p~,0.5547,0.5695,0.084,0.9868,0.978,0.6605,0.6605
7836,413,D413I,D,I,p-,np,0.5547,0.5695,0.084,0.9868,0.978,0.9368,0.9368
7837,413,D413L,D,L,p-,np,0.5547,0.5695,0.084,0.9868,0.978,0.8723,0.8723
7838,413,D413K,D,K,p-,p+,0.5547,0.5695,0.084,0.9868,0.978,0.7883,0.7883
7839,413,D413M,D,M,p-,np,0.5547,0.5695,0.084,0.9868,0.978,0.8999,0.8999
7840,413,D413F,D,F,p-,np,0.5547,0.5695,0.084,0.9868,0.978,0.9033,0.9033
7841,413,D413P,D,P,p-,np,0.5547,0.5695,0.084,0.9868,0.978,0.8357,0.8357
7842,413,D413S,D,S,p-,p~,0.5547,0.5695,0.084,0.9868,0.978,0.6059,0.6059
7843,413,D413T,D,T,p-,p~,0.5547,0.5695,0.084,0.9868,0.978,0.8038,0.8038
7844,413,D413W,D,W,p-,np,0.5547,0.5695,0.084,0.9868,0.978,0.8361,0.8361
7845,413,D413Y,D,Y,p-,p~,0.5547,0.5695,0.084,0.9868,0.978,0.7379,0.7379
7846,413,D413V,D,V,p-,np,0.5547,0.5695,0.084,0.9868,0.978,0.8624,0.8624
7847,414,A414R,A,R,np,p+,0.5716,0.5841,0.1172,0.7218,0.924,0.7075,0.7075
7848,414,A414N,A,N,np,p~,0.5716,0.5841,0.1172,0.7218,0.924,0.6224,0.6224
7849,414,A414D,A,D,np,p-,0.5716,0.5841,0.1172,0.7218,0.924,0.6345,0.6345
7850,414,A414C,A,C,np,p~,0.5716,0.5841,0.1172,0.7218,0.924,0.6363,0.6363
7851,414,A414Q,A,Q,np,p~,0.5716,0.5841,0.1172,0.7218,0.924,0.6243,0.6243
7852,414,A414E,A,E,np,p-,0.5716,0.5841,0.1172,0.7218,0.924,0.6436,0.6436
7853,414,A414G,A,G,np,np,0.5716,0.5841,0.1172,0.7218,0.924,0.4032,0.4032
7854,414,A414H,A,H,np,p~,0.5716,0.5841,0.1172,0.7218,0.924,0.6586,0.6586
7855,414,A414I,A,I,np,np,0.5716,0.5841,0.1172,0.7218,0.924,0.6524,0.6524
7856,414,A414L,A,L,np,np,0.5716,0.5841,0.1172,0.7218,0.924,0.6627,0.6627
7857,414,A414K,A,K,np,p+,0.5716,0.5841,0.1172,0.7218,0.924,0.6863,0.6863
7858,414,A414M,A,M,np,np,0.5716,0.5841,0.1172,0.7218,0.924,0.6204,0.6204
7859,414,A414F,A,F,np,np,0.5716,0.5841,0.1172,0.7218,0.924,0.6578,0.6578
7860,414,A414P,A,P,np,np,0.5716,0.5841,0.1172,0.7218,0.924,0.5571,0.5571
7861,414,A414S,A,S,np,p~,0.5716,0.5841,0.1172,0.7218,0.924,0.3609,0.3609
7862,414,A414T,A,T,np,p~,0.5716,0.5841,0.1172,0.7218,0.924,0.5037,0.5037
7863,414,A414W,A,W,np,np,0.5716,0.5841,0.1172,0.7218,0.924,0.6995,0.6995
7864,414,A414Y,A,Y,np,p~,0.5716,0.5841,0.1172,0.7218,0.924,0.6206,0.6206
7865,414,A414V,A,V,np,np,0.5716,0.5841,0.1172,0.7218,0.924,0.4795,0.4795
7866,415,V415A,V,A,np,np,0.6211,0.6332,0.1866,0.6001,0.5768,0.353,0.353
7867,415,V415R,V,R,np,p+,0.6211,0.6332,0.1866,0.6001,0.5768,0.4262,0.4262
7868,415,V415N,V,N,np,p~,0.6211,0.6332,0.1866,0.6001,0.5768,0.4523,0.4523
7869,415,V415D,V,D,np,p-,0.6211,0.6332,0.1866,0.6001,0.5768,0.4517,0.4517
7870,415,V415C,V,C,np,p~,0.6211,0.6332,0.1866,0.6001,0.5768,0.7228,0.7228
7871,415,V415Q,V,Q,np,p~,0.6211,0.6332,0.1866,0.6001,0.5768,0.3867,0.3867
7872,415,V415E,V,E,np,p-,0.6211,0.6332,0.1866,0.6001,0.5768,0.3644,0.3644
7873,415,V415G,V,G,np,np,0.6211,0.6332,0.1866,0.6001,0.5768,0.5048,0.5048
7874,415,V415H,V,H,np,p~,0.6211,0.6332,0.1866,0.6001,0.5768,0.5395,0.5395
7875,415,V415I,V,I,np,np,0.6211,0.6332,0.1866,0.6001,0.5768,0.3131,0.3131
7876,415,V415L,V,L,np,np,0.6211,0.6332,0.1866,0.6001,0.5768,0.391,0.391
7877,415,V415K,V,K,np,p+,0.6211,0.6332,0.1866,0.6001,0.5768,0.3711,0.3711
7878,415,V415M,V,M,np,np,0.6211,0.6332,0.1866,0.6001,0.5768,0.4861,0.4861
7879,415,V415F,V,F,np,np,0.6211,0.6332,0.1866,0.6001,0.5768,0.4902,0.4902
7880,415,V415P,V,P,np,np,0.6211,0.6332,0.1866,0.6001,0.5768,0.573,0.573
7881,415,V415S,V,S,np,p~,0.6211,0.6332,0.1866,0.6001,0.5768,0.3921,0.3921
7882,415,V415T,V,T,np,p~,0.6211,0.6332,0.1866,0.6001,0.5768,0.3068,0.3068
7883,415,V415W,V,W,np,np,0.6211,0.6332,0.1866,0.6001,0.5768,0.5543,0.5543
7884,415,V415Y,V,Y,np,p~,0.6211,0.6332,0.1866,0.6001,0.5768,0.4243,0.4243
7885,416,K416A,K,A,p+,np,0.6146,0.6328,0.3516,0.5365,0.3896,0.0609,0.0609
7886,416,K416R,K,R,p+,p+,0.6146,0.6328,0.3516,0.5365,0.3896,0.2464,0.2464
7887,416,K416N,K,N,p+,p~,0.6146,0.6328,0.3516,0.5365,0.3896,0.1351,0.1351
7888,416,K416D,K,D,p+,p-,0.6146,0.6328,0.3516,0.5365,0.3896,0.2768,0.2768
7889,416,K416C,K,C,p+,p~,0.6146,0.6328,0.3516,0.5365,0.3896,0.5927,0.5927
7890,416,K416Q,K,Q,p+,p~,0.6146,0.6328,0.3516,0.5365,0.3896,0.1596,0.1596
7891,416,K416E,K,E,p+,p-,0.6146,0.6328,0.3516,0.5365,0.3896,0.1738,0.1738
7892,416,K416G,K,G,p+,np,0.6146,0.6328,0.3516,0.5365,0.3896,0.2041,0.2041
7893,416,K416H,K,H,p+,p~,0.6146,0.6328,0.3516,0.5365,0.3896,0.3157,0.3157
7894,416,K416I,K,I,p+,np,0.6146,0.6328,0.3516,0.5365,0.3896,0.4188,0.4188
7895,416,K416L,K,L,p+,np,0.6146,0.6328,0.3516,0.5365,0.3896,0.287,0.287
7896,416,K416M,K,M,p+,np,0.6146,0.6328,0.3516,0.5365,0.3896,0.4105,0.4105
7897,416,K416F,K,F,p+,np,0.6146,0.6328,0.3516,0.5365,0.3896,0.4891,0.4891
7898,416,K416P,K,P,p+,np,0.6146,0.6328,0.3516,0.5365,0.3896,0.5101,0.5101
7899,416,K416S,K,S,p+,p~,0.6146,0.6328,0.3516,0.5365,0.3896,0.206,0.206
7900,416,K416T,K,T,p+,p~,0.6146,0.6328,0.3516,0.5365,0.3896,0.2226,0.2226
7901,416,K416W,K,W,p+,np,0.6146,0.6328,0.3516,0.5365,0.3896,0.5749,0.5749
7902,416,K416Y,K,Y,p+,p~,0.6146,0.6328,0.3516,0.5365,0.3896,0.4083,0.4083
7903,416,K416V,K,V,p+,np,0.6146,0.6328,0.3516,0.5365,0.3896,0.3364,0.3364
7904,417,G417A,G,A,np,np,0.5462,0.5674,0.0864,0.9655,0.9568,0.4168,0.4168
7905,417,G417R,G,R,np,p+,0.5462,0.5674,0.0864,0.9655,0.9568,0.4114,0.4114
7906,417,G417N,G,N,np,p~,0.5462,0.5674,0.0864,0.9655,0.9568,0.3741,0.3741
7907,417,G417D,G,D,np,p-,0.5462,0.5674,0.0864,0.9655,0.9568,0.4492,0.4492
7908,417,G417C,G,C,np,p~,0.5462,0.5674,0.0864,0.9655,0.9568,0.6709,0.6709
7909,417,G417Q,G,Q,np,p~,0.5462,0.5674,0.0864,0.9655,0.9568,0.3469,0.3469
7910,417,G417E,G,E,np,p-,0.5462,0.5674,0.0864,0.9655,0.9568,0.3863,0.3863
7911,417,G417H,G,H,np,p~,0.5462,0.5674,0.0864,0.9655,0.9568,0.4445,0.4445
7912,417,G417I,G,I,np,np,0.5462,0.5674,0.0864,0.9655,0.9568,0.7806,0.7806
7913,417,G417L,G,L,np,np,0.5462,0.5674,0.0864,0.9655,0.9568,0.5252,0.5252
7914,417,G417K,G,K,np,p+,0.5462,0.5674,0.0864,0.9655,0.9568,0.4105,0.4105
7915,417,G417M,G,M,np,np,0.5462,0.5674,0.0864,0.9655,0.9568,0.481,0.481
7916,417,G417F,G,F,np,np,0.5462,0.5674,0.0864,0.9655,0.9568,0.5369,0.5369
7917,417,G417P,G,P,np,np,0.5462,0.5674,0.0864,0.9655,0.9568,0.6409,0.6409
7918,417,G417S,G,S,np,p~,0.5462,0.5674,0.0864,0.9655,0.9568,0.3939,0.3939
7919,417,G417T,G,T,np,p~,0.5462,0.5674,0.0864,0.9655,0.9568,0.5761,0.5761
7920,417,G417W,G,W,np,np,0.5462,0.5674,0.0864,0.9655,0.9568,0.5138,0.5138
7921,417,G417Y,G,Y,np,p~,0.5462,0.5674,0.0864,0.9655,0.9568,0.4818,0.4818
7922,417,G417V,G,V,np,np,0.5462,0.5674,0.0864,0.9655,0.9568,0.6892,0.6892
7923,418,K418A,K,A,p+,np,0.5154,0.5349,0.0941,0.8574,0.8475,0.5052,0.5052
7924,418,K418R,K,R,p+,p+,0.5154,0.5349,0.0941,0.8574,0.8475,0.3169,0.3169
7925,418,K418N,K,N,p+,p~,0.5154,0.5349,0.0941,0.8574,0.8475,0.4625,0.4625
7926,418,K418D,K,D,p+,p-,0.5154,0.5349,0.0941,0.8574,0.8475,0.5061,0.5061
7927,418,K418C,K,C,p+,p~,0.5154,0.5349,0.0941,0.8574,0.8475,0.6773,0.6773
7928,418,K418Q,K,Q,p+,p~,0.5154,0.5349,0.0941,0.8574,0.8475,0.3354,0.3354
7929,418,K418E,K,E,p+,p-,0.5154,0.5349,0.0941,0.8574,0.8475,0.3984,0.3984
7930,418,K418G,K,G,p+,np,0.5154,0.5349,0.0941,0.8574,0.8475,0.5874,0.5874
7931,418,K418H,K,H,p+,p~,0.5154,0.5349,0.0941,0.8574,0.8475,0.5232,0.5232
7932,418,K418I,K,I,p+,np,0.5154,0.5349,0.0941,0.8574,0.8475,0.5542,0.5542
7933,418,K418L,K,L,p+,np,0.5154,0.5349,0.0941,0.8574,0.8475,0.4933,0.4933
7934,418,K418M,K,M,p+,np,0.5154,0.5349,0.0941,0.8574,0.8475,0.5522,0.5522
7935,418,K418F,K,F,p+,np,0.5154,0.5349,0.0941,0.8574,0.8475,0.6852,0.6852
7936,418,K418P,K,P,p+,np,0.5154,0.5349,0.0941,0.8574,0.8475,0.828,0.828
7937,418,K418S,K,S,p+,p~,0.5154,0.5349,0.0941,0.8574,0.8475,0.4656,0.4656
7938,418,K418T,K,T,p+,p~,0.5154,0.5349,0.0941,0.8574,0.8475,0.4302,0.4302
7939,418,K418W,K,W,p+,np,0.5154,0.5349,0.0941,0.8574,0.8475,0.6837,0.6837
7940,418,K418Y,K,Y,p+,p~,0.5154,0.5349,0.0941,0.8574,0.8475,0.5757,0.5757
7941,418,K418V,K,V,p+,np,0.5154,0.5349,0.0941,0.8574,0.8475,0.5136,0.5136
7942,419,I419A,I,A,np,np,0.4348,0.4598,0.101,0.8077,0.9853,0.5933,0.5933
7943,419,I419R,I,R,np,p+,0.4348,0.4598,0.101,0.8077,0.9853,0.8197,0.8197
7944,419,I419N,I,N,np,p~,0.4348,0.4598,0.101,0.8077,0.9853,0.746,0.746
7945,419,I419D,I,D,np,p-,0.4348,0.4598,0.101,0.8077,0.9853,0.8692,0.8692
7946,419,I419C,I,C,np,p~,0.4348,0.4598,0.101,0.8077,0.9853,0.7561,0.7561
7947,419,I419Q,I,Q,np,p~,0.4348,0.4598,0.101,0.8077,0.9853,0.7078,0.7078
7948,419,I419E,I,E,np,p-,0.4348,0.4598,0.101,0.8077,0.9853,0.8184,0.8184
7949,419,I419G,I,G,np,np,0.4348,0.4598,0.101,0.8077,0.9853,0.8018,0.8018
7950,419,I419H,I,H,np,p~,0.4348,0.4598,0.101,0.8077,0.9853,0.8026,0.8026
7951,419,I419L,I,L,np,np,0.4348,0.4598,0.101,0.8077,0.9853,0.4093,0.4093
7952,419,I419K,I,K,np,p+,0.4348,0.4598,0.101,0.8077,0.9853,0.8173,0.8173
7953,419,I419M,I,M,np,np,0.4348,0.4598,0.101,0.8077,0.9853,0.4684,0.4684
7954,419,I419F,I,F,np,np,0.4348,0.4598,0.101,0.8077,0.9853,0.5738,0.5738
7955,419,I419P,I,P,np,np,0.4348,0.4598,0.101,0.8077,0.9853,0.8316,0.8316
7956,419,I419S,I,S,np,p~,0.4348,0.4598,0.101,0.8077,0.9853,0.7055,0.7055
7957,419,I419T,I,T,np,p~,0.4348,0.4598,0.101,0.8077,0.9853,0.5863,0.5863
7958,419,I419W,I,W,np,np,0.4348,0.4598,0.101,0.8077,0.9853,0.758,0.758
7959,419,I419Y,I,Y,np,p~,0.4348,0.4598,0.101,0.8077,0.9853,0.7356,0.7356
7960,419,I419V,I,V,np,np,0.4348,0.4598,0.101,0.8077,0.9853,0.3163,0.3163
7961,420,L420A,L,A,np,np,0.4097,0.4351,0.0971,0.8265,0.9466,0.5045,0.5045
7962,420,L420R,L,R,np,p+,0.4097,0.4351,0.0971,0.8265,0.9466,0.6195,0.6195
7963,420,L420N,L,N,np,p~,0.4097,0.4351,0.0971,0.8265,0.9466,0.7726,0.7726
7964,420,L420D,L,D,np,p-,0.4097,0.4351,0.0971,0.8265,0.9466,0.8883,0.8883
7965,420,L420C,L,C,np,p~,0.4097,0.4351,0.0971,0.8265,0.9466,0.7609,0.7609
7966,420,L420Q,L,Q,np,p~,0.4097,0.4351,0.0971,0.8265,0.9466,0.6091,0.6091
7967,420,L420E,L,E,np,p-,0.4097,0.4351,0.0971,0.8265,0.9466,0.7693,0.7693
7968,420,L420G,L,G,np,np,0.4097,0.4351,0.0971,0.8265,0.9466,0.6745,0.6745
7969,420,L420H,L,H,np,p~,0.4097,0.4351,0.0971,0.8265,0.9466,0.6534,0.6534
7970,420,L420I,L,I,np,np,0.4097,0.4351,0.0971,0.8265,0.9466,0.3621,0.3621
7971,420,L420K,L,K,np,p+,0.4097,0.4351,0.0971,0.8265,0.9466,0.6857,0.6857
7972,420,L420M,L,M,np,np,0.4097,0.4351,0.0971,0.8265,0.9466,0.3499,0.3499
7973,420,L420F,L,F,np,np,0.4097,0.4351,0.0971,0.8265,0.9466,0.3338,0.3338
7974,420,L420P,L,P,np,np,0.4097,0.4351,0.0971,0.8265,0.9466,0.7041,0.7041
7975,420,L420S,L,S,np,p~,0.4097,0.4351,0.0971,0.8265,0.9466,0.6544,0.6544
7976,420,L420T,L,T,np,p~,0.4097,0.4351,0.0971,0.8265,0.9466,0.5822,0.5822
7977,420,L420W,L,W,np,np,0.4097,0.4351,0.0971,0.8265,0.9466,0.5116,0.5116
7978,420,L420Y,L,Y,np,p~,0.4097,0.4351,0.0971,0.8265,0.9466,0.4668,0.4668
7979,420,L420V,L,V,np,np,0.4097,0.4351,0.0971,0.8265,0.9466,0.3773,0.3773
7980,421,T421A,T,A,p~,np,0.3862,0.417,0.1087,0.8092,0.8091,0.344,0.344
7981,421,T421R,T,R,p~,p+,0.3862,0.417,0.1087,0.8092,0.8091,0.6357,0.6357
7982,421,T421N,T,N,p~,p~,0.3862,0.417,0.1087,0.8092,0.8091,0.3877,0.3877
7983,421,T421D,T,D,p~,p-,0.3862,0.417,0.1087,0.8092,0.8091,0.5251,0.5251
7984,421,T421C,T,C,p~,p~,0.3862,0.417,0.1087,0.8092,0.8091,0.605,0.605
7985,421,T421Q,T,Q,p~,p~,0.3862,0.417,0.1087,0.8092,0.8091,0.4975,0.4975
7986,421,T421E,T,E,p~,p-,0.3862,0.417,0.1087,0.8092,0.8091,0.486,0.486
7987,421,T421G,T,G,p~,np,0.3862,0.417,0.1087,0.8092,0.8091,0.5716,0.5716
7988,421,T421H,T,H,p~,p~,0.3862,0.417,0.1087,0.8092,0.8091,0.6247,0.6247
7989,421,T421I,T,I,p~,np,0.3862,0.417,0.1087,0.8092,0.8091,0.4676,0.4676
7990,421,T421L,T,L,p~,np,0.3862,0.417,0.1087,0.8092,0.8091,0.5757,0.5757
7991,421,T421K,T,K,p~,p+,0.3862,0.417,0.1087,0.8092,0.8091,0.4006,0.4006
7992,421,T421M,T,M,p~,np,0.3862,0.417,0.1087,0.8092,0.8091,0.4945,0.4945
7993,421,T421F,T,F,p~,np,0.3862,0.417,0.1087,0.8092,0.8091,0.6698,0.6698
7994,421,T421P,T,P,p~,np,0.3862,0.417,0.1087,0.8092,0.8091,0.7242,0.7242
7995,421,T421S,T,S,p~,p~,0.3862,0.417,0.1087,0.8092,0.8091,0.2704,0.2704
7996,421,T421W,T,W,p~,np,0.3862,0.417,0.1087,0.8092,0.8091,0.7805,0.7805
7997,421,T421Y,T,Y,p~,p~,0.3862,0.417,0.1087,0.8092,0.8091,0.6992,0.6992
7998,421,T421V,T,V,p~,np,0.3862,0.417,0.1087,0.8092,0.8091,0.4371,0.4371
7999,422,F422A,F,A,np,np,0.3216,0.3525,0.3539,0.387,0.5401,-0.01,-0.01
8000,422,F422R,F,R,np,p+,0.3216,0.3525,0.3539,0.387,0.5401,0.6029,0.6029
8001,422,F422N,F,N,np,p~,0.3216,0.3525,0.3539,0.387,0.5401,0.383,0.383
8002,422,F422D,F,D,np,p-,0.3216,0.3525,0.3539,0.387,0.5401,0.4584,0.4584
8003,422,F422C,F,C,np,p~,0.3216,0.3525,0.3539,0.387,0.5401,0.2546,0.2546
8004,422,F422Q,F,Q,np,p~,0.3216,0.3525,0.3539,0.387,0.5401,0.4412,0.4412
8005,422,F422E,F,E,np,p-,0.3216,0.3525,0.3539,0.387,0.5401,0.4541,0.4541
8006,422,F422G,F,G,np,np,0.3216,0.3525,0.3539,0.387,0.5401,0.2215,0.2215
8007,422,F422H,F,H,np,p~,0.3216,0.3525,0.3539,0.387,0.5401,0.4621,0.4621
8008,422,F422I,F,I,np,np,0.3216,0.3525,0.3539,0.387,0.5401,0.1442,0.1442
8009,422,F422L,F,L,np,np,0.3216,0.3525,0.3539,0.387,0.5401,0.1017,0.1017
8010,422,F422K,F,K,np,p+,0.3216,0.3525,0.3539,0.387,0.5401,0.6371,0.6371
8011,422,F422M,F,M,np,np,0.3216,0.3525,0.3539,0.387,0.5401,0.1113,0.1113
8012,422,F422P,F,P,np,np,0.3216,0.3525,0.3539,0.387,0.5401,0.3633,0.3633
8013,422,F422S,F,S,np,p~,0.3216,0.3525,0.3539,0.387,0.5401,0.1904,0.1904
8014,422,F422T,F,T,np,p~,0.3216,0.3525,0.3539,0.387,0.5401,0.096,0.096
8015,422,F422W,F,W,np,np,0.3216,0.3525,0.3539,0.387,0.5401,0.4403,0.4403
8016,422,F422Y,F,Y,np,p~,0.3216,0.3525,0.3539,0.387,0.5401,0.3779,0.3779
8017,422,F422V,F,V,np,np,0.3216,0.3525,0.3539,0.387,0.5401,0.0396,0.0396
8018,423,G423A,G,A,np,np,0.2956,0.3304,0.0771,0.998,0.9967,0.5268,0.5268
8019,423,G423R,G,R,np,p+,0.2956,0.3304,0.0771,0.998,0.9967,0.7525,0.7525
8020,423,G423N,G,N,np,p~,0.2956,0.3304,0.0771,0.998,0.9967,0.6595,0.6595
8021,423,G423D,G,D,np,p-,0.2956,0.3304,0.0771,0.998,0.9967,0.6359,0.6359
8022,423,G423C,G,C,np,p~,0.2956,0.3304,0.0771,0.998,0.9967,0.61,0.61
8023,423,G423Q,G,Q,np,p~,0.2956,0.3304,0.0771,0.998,0.9967,0.7531,0.7531
8024,423,G423E,G,E,np,p-,0.2956,0.3304,0.0771,0.998,0.9967,0.6895,0.6895
8025,423,G423H,G,H,np,p~,0.2956,0.3304,0.0771,0.998,0.9967,0.7775,0.7775
8026,423,G423I,G,I,np,np,0.2956,0.3304,0.0771,0.998,0.9967,0.8536,0.8536
8027,423,G423L,G,L,np,np,0.2956,0.3304,0.0771,0.998,0.9967,0.804,0.804
8028,423,G423K,G,K,np,p+,0.2956,0.3304,0.0771,0.998,0.9967,0.8173,0.8173
8029,423,G423M,G,M,np,np,0.2956,0.3304,0.0771,0.998,0.9967,0.8155,0.8155
8030,423,G423F,G,F,np,np,0.2956,0.3304,0.0771,0.998,0.9967,0.8314,0.8314
8031,423,G423P,G,P,np,np,0.2956,0.3304,0.0771,0.998,0.9967,0.7021,0.7021
8032,423,G423S,G,S,np,p~,0.2956,0.3304,0.0771,0.998,0.9967,0.4922,0.4922
8033,423,G423T,G,T,np,p~,0.2956,0.3304,0.0771,0.998,0.9967,0.6306,0.6306
8034,423,G423W,G,W,np,np,0.2956,0.3304,0.0771,0.998,0.9967,0.8126,0.8126
8035,423,G423Y,G,Y,np,p~,0.2956,0.3304,0.0771,0.998,0.9967,0.8146,0.8146
8036,423,G423V,G,V,np,np,0.2956,0.3304,0.0771,0.998,0.9967,0.7189,0.7189
8037,424,G424A,G,A,np,np,0.2529,0.2901,0.0771,0.999,0.9983,0.67,0.67
8038,424,G424R,G,R,np,p+,0.2529,0.2901,0.0771,0.999,0.9983,0.7612,0.7612
8039,424,G424N,G,N,np,p~,0.2529,0.2901,0.0771,0.999,0.9983,0.7201,0.7201
8040,424,G424D,G,D,np,p-,0.2529,0.2901,0.0771,0.999,0.9983,0.7108,0.7108
8041,424,G424C,G,C,np,p~,0.2529,0.2901,0.0771,0.999,0.9983,0.7189,0.7189
8042,424,G424Q,G,Q,np,p~,0.2529,0.2901,0.0771,0.999,0.9983,0.7836,0.7836
8043,424,G424E,G,E,np,p-,0.2529,0.2901,0.0771,0.999,0.9983,0.7811,0.7811
8044,424,G424H,G,H,np,p~,0.2529,0.2901,0.0771,0.999,0.9983,0.7571,0.7571
8045,424,G424I,G,I,np,np,0.2529,0.2901,0.0771,0.999,0.9983,0.8703,0.8703
8046,424,G424L,G,L,np,np,0.2529,0.2901,0.0771,0.999,0.9983,0.8267,0.8267
8047,424,G424K,G,K,np,p+,0.2529,0.2901,0.0771,0.999,0.9983,0.8076,0.8076
8048,424,G424M,G,M,np,np,0.2529,0.2901,0.0771,0.999,0.9983,0.8526,0.8526
8049,424,G424F,G,F,np,np,0.2529,0.2901,0.0771,0.999,0.9983,0.8287,0.8287
8050,424,G424P,G,P,np,np,0.2529,0.2901,0.0771,0.999,0.9983,0.7807,0.7807
8051,424,G424S,G,S,np,p~,0.2529,0.2901,0.0771,0.999,0.9983,0.6318,0.6318
8052,424,G424T,G,T,np,p~,0.2529,0.2901,0.0771,0.999,0.9983,0.7684,0.7684
8053,424,G424W,G,W,np,np,0.2529,0.2901,0.0771,0.999,0.9983,0.8189,0.8189
8054,424,G424Y,G,Y,np,p~,0.2529,0.2901,0.0771,0.999,0.9983,0.8056,0.8056
8055,424,G424V,G,V,np,np,0.2529,0.2901,0.0771,0.999,0.9983,0.7705,0.7705
8056,425,S425A,S,A,p~,np,0.1953,0.2385,0.1557,0.5902,0.6278,0.2141,0.2141
8057,425,S425R,S,R,p~,p+,0.1953,0.2385,0.1557,0.5902,0.6278,0.6257,0.6257
8058,425,S425N,S,N,p~,p~,0.1953,0.2385,0.1557,0.5902,0.6278,0.472,0.472
8059,425,S425D,S,D,p~,p-,0.1953,0.2385,0.1557,0.5902,0.6278,0.5627,0.5627
8060,425,S425C,S,C,p~,p~,0.1953,0.2385,0.1557,0.5902,0.6278,0.44,0.44
8061,425,S425Q,S,Q,p~,p~,0.1953,0.2385,0.1557,0.5902,0.6278,0.4553,0.4553
8062,425,S425E,S,E,p~,p-,0.1953,0.2385,0.1557,0.5902,0.6278,0.6059,0.6059
8063,425,S425G,S,G,p~,np,0.1953,0.2385,0.1557,0.5902,0.6278,0.4662,0.4662
8064,425,S425H,S,H,p~,p~,0.1953,0.2385,0.1557,0.5902,0.6278,0.6177,0.6177
8065,425,S425I,S,I,p~,np,0.1953,0.2385,0.1557,0.5902,0.6278,0.6001,0.6001
8066,425,S425L,S,L,p~,np,0.1953,0.2385,0.1557,0.5902,0.6278,0.6458,0.6458
8067,425,S425K,S,K,p~,p+,0.1953,0.2385,0.1557,0.5902,0.6278,0.6474,0.6474
8068,425,S425M,S,M,p~,np,0.1953,0.2385,0.1557,0.5902,0.6278,0.5821,0.5821
8069,425,S425F,S,F,p~,np,0.1953,0.2385,0.1557,0.5902,0.6278,0.6925,0.6925
8070,425,S425P,S,P,p~,np,0.1953,0.2385,0.1557,0.5902,0.6278,0.6629,0.6629
8071,425,S425T,S,T,p~,p~,0.1953,0.2385,0.1557,0.5902,0.6278,0.3895,0.3895
8072,425,S425W,S,W,p~,np,0.1953,0.2385,0.1557,0.5902,0.6278,0.714,0.714
8073,425,S425Y,S,Y,p~,p~,0.1953,0.2385,0.1557,0.5902,0.6278,0.6747,0.6747
8074,425,S425V,S,V,p~,np,0.1953,0.2385,0.1557,0.5902,0.6278,0.458,0.458
8075,426,P426A,P,A,np,np,0.2239,0.268,0.1419,0.6448,0.4836,0.4254,0.4254
8076,426,P426R,P,R,np,p+,0.2239,0.268,0.1419,0.6448,0.4836,0.5171,0.5171
8077,426,P426N,P,N,np,p~,0.2239,0.268,0.1419,0.6448,0.4836,0.5343,0.5343
8078,426,P426D,P,D,np,p-,0.2239,0.268,0.1419,0.6448,0.4836,0.5782,0.5782
8079,426,P426C,P,C,np,p~,0.2239,0.268,0.1419,0.6448,0.4836,0.7824,0.7824
8080,426,P426Q,P,Q,np,p~,0.2239,0.268,0.1419,0.6448,0.4836,0.4763,0.4763
8081,426,P426E,P,E,np,p-,0.2239,0.268,0.1419,0.6448,0.4836,0.5477,0.5477
8082,426,P426G,P,G,np,np,0.2239,0.268,0.1419,0.6448,0.4836,0.5363,0.5363
8083,426,P426H,P,H,np,p~,0.2239,0.268,0.1419,0.6448,0.4836,0.6253,0.6253
8084,426,P426I,P,I,np,np,0.2239,0.268,0.1419,0.6448,0.4836,0.6001,0.6001
8085,426,P426L,P,L,np,np,0.2239,0.268,0.1419,0.6448,0.4836,0.5209,0.5209
8086,426,P426K,P,K,np,p+,0.2239,0.268,0.1419,0.6448,0.4836,0.5033,0.5033
8087,426,P426M,P,M,np,np,0.2239,0.268,0.1419,0.6448,0.4836,0.6317,0.6317
8088,426,P426F,P,F,np,np,0.2239,0.268,0.1419,0.6448,0.4836,0.6785,0.6785
8089,426,P426S,P,S,np,p~,0.2239,0.268,0.1419,0.6448,0.4836,0.4596,0.4596
8090,426,P426T,P,T,np,p~,0.2239,0.268,0.1419,0.6448,0.4836,0.4573,0.4573
8091,426,P426W,P,W,np,np,0.2239,0.268,0.1419,0.6448,0.4836,0.714,0.714
8092,426,P426Y,P,Y,np,p~,0.2239,0.268,0.1419,0.6448,0.4836,0.6361,0.6361
8093,426,P426V,P,V,np,np,0.2239,0.268,0.1419,0.6448,0.4836,0.4988,0.4988
8094,427,D427A,D,A,p-,np,0.1632,0.21,0.441,0.4054,0.2773,0.2719,0.2719
8095,427,D427R,D,R,p-,p+,0.1632,0.21,0.441,0.4054,0.2773,0.3948,0.3948
8096,427,D427N,D,N,p-,p~,0.1632,0.21,0.441,0.4054,0.2773,0.1639,0.1639
8097,427,D427C,D,C,p-,p~,0.1632,0.21,0.441,0.4054,0.2773,0.5689,0.5689
8098,427,D427Q,D,Q,p-,p~,0.1632,0.21,0.441,0.4054,0.2773,0.3395,0.3395
8099,427,D427E,D,E,p-,p-,0.1632,0.21,0.441,0.4054,0.2773,0.311,0.311
8100,427,D427G,D,G,p-,np,0.1632,0.21,0.441,0.4054,0.2773,0.3461,0.3461
8101,427,D427H,D,H,p-,p~,0.1632,0.21,0.441,0.4054,0.2773,0.4077,0.4077
8102,427,D427I,D,I,p-,np,0.1632,0.21,0.441,0.4054,0.2773,0.4232,0.4232
8103,427,D427L,D,L,p-,np,0.1632,0.21,0.441,0.4054,0.2773,0.3967,0.3967
8104,427,D427K,D,K,p-,p+,0.1632,0.21,0.441,0.4054,0.2773,0.3631,0.3631
8105,427,D427M,D,M,p-,np,0.1632,0.21,0.441,0.4054,0.2773,0.4905,0.4905
8106,427,D427F,D,F,p-,np,0.1632,0.21,0.441,0.4054,0.2773,0.3769,0.3769
8107,427,D427P,D,P,p-,np,0.1632,0.21,0.441,0.4054,0.2773,0.3605,0.3605
8108,427,D427S,D,S,p-,p~,0.1632,0.21,0.441,0.4054,0.2773,0.2102,0.2102
8109,427,D427T,D,T,p-,p~,0.1632,0.21,0.441,0.4054,0.2773,0.263,0.263
8110,427,D427W,D,W,p-,np,0.1632,0.21,0.441,0.4054,0.2773,0.5274,0.5274
8111,427,D427Y,D,Y,p-,p~,0.1632,0.21,0.441,0.4054,0.2773,0.3351,0.3351
8112,427,D427V,D,V,p-,np,0.1632,0.21,0.441,0.4054,0.2773,0.3488,0.3488
8113,428,Y428A,Y,A,p~,np,0.0691,0.1133,0.0864,0.9854,0.9757,0.6703,0.6703
8114,428,Y428R,Y,R,p~,p+,0.0691,0.1133,0.0864,0.9854,0.9757,0.7601,0.7601
8115,428,Y428N,Y,N,p~,p~,0.0691,0.1133,0.0864,0.9854,0.9757,0.6152,0.6152
8116,428,Y428D,Y,D,p~,p-,0.0691,0.1133,0.0864,0.9854,0.9757,0.6406,0.6406
8117,428,Y428C,Y,C,p~,p~,0.0691,0.1133,0.0864,0.9854,0.9757,0.5572,0.5572
8118,428,Y428Q,Y,Q,p~,p~,0.0691,0.1133,0.0864,0.9854,0.9757,0.7177,0.7177
8119,428,Y428E,Y,E,p~,p-,0.0691,0.1133,0.0864,0.9854,0.9757,0.7396,0.7396
8120,428,Y428G,Y,G,p~,np,0.0691,0.1133,0.0864,0.9854,0.9757,0.6763,0.6763
8121,428,Y428H,Y,H,p~,p~,0.0691,0.1133,0.0864,0.9854,0.9757,0.5781,0.5781
8122,428,Y428I,Y,I,p~,np,0.0691,0.1133,0.0864,0.9854,0.9757,0.7698,0.7698
8123,428,Y428L,Y,L,p~,np,0.0691,0.1133,0.0864,0.9854,0.9757,0.7005,0.7005
8124,428,Y428K,Y,K,p~,p+,0.0691,0.1133,0.0864,0.9854,0.9757,0.7713,0.7713
8125,428,Y428M,Y,M,p~,np,0.0691,0.1133,0.0864,0.9854,0.9757,0.7383,0.7383
8126,428,Y428F,Y,F,p~,np,0.0691,0.1133,0.0864,0.9854,0.9757,0.4322,0.4322
8127,428,Y428P,Y,P,p~,np,0.0691,0.1133,0.0864,0.9854,0.9757,0.7136,0.7136
8128,428,Y428S,Y,S,p~,p~,0.0691,0.1133,0.0864,0.9854,0.9757,0.6608,0.6608
8129,428,Y428T,Y,T,p~,p~,0.0691,0.1133,0.0864,0.9854,0.9757,0.7189,0.7189
8130,428,Y428W,Y,W,p~,np,0.0691,0.1133,0.0864,0.9854,0.9757,0.5552,0.5552
8131,428,Y428V,Y,V,p~,np,0.0691,0.1133,0.0864,0.9854,0.9757,0.7225,0.7225
8132,429,T429A,T,A,p~,np,0.0686,0.1209,0.2945,0.5497,0.5318,0.1972,0.1972
8133,429,T429R,T,R,p~,p+,0.0686,0.1209,0.2945,0.5497,0.5318,0.2806,0.2806
8134,429,T429N,T,N,p~,p~,0.0686,0.1209,0.2945,0.5497,0.5318,0.1654,0.1654
8135,429,T429D,T,D,p~,p-,0.0686,0.1209,0.2945,0.5497,0.5318,0.2044,0.2044
8136,429,T429C,T,C,p~,p~,0.0686,0.1209,0.2945,0.5497,0.5318,0.5481,0.5481
8137,429,T429Q,T,Q,p~,p~,0.0686,0.1209,0.2945,0.5497,0.5318,0.1294,0.1294
8138,429,T429E,T,E,p~,p-,0.0686,0.1209,0.2945,0.5497,0.5318,0.1666,0.1666
8139,429,T429G,T,G,p~,np,0.0686,0.1209,0.2945,0.5497,0.5318,0.2456,0.2456
8140,429,T429H,T,H,p~,p~,0.0686,0.1209,0.2945,0.5497,0.5318,0.3248,0.3248
8141,429,T429I,T,I,p~,np,0.0686,0.1209,0.2945,0.5497,0.5318,0.3048,0.3048
8142,429,T429L,T,L,p~,np,0.0686,0.1209,0.2945,0.5497,0.5318,0.299,0.299
8143,429,T429K,T,K,p~,p+,0.0686,0.1209,0.2945,0.5497,0.5318,0.2207,0.2207
8144,429,T429M,T,M,p~,np,0.0686,0.1209,0.2945,0.5497,0.5318,0.3226,0.3226
8145,429,T429F,T,F,p~,np,0.0686,0.1209,0.2945,0.5497,0.5318,0.3796,0.3796
8146,429,T429P,T,P,p~,np,0.0686,0.1209,0.2945,0.5497,0.5318,0.4508,0.4508
8147,429,T429S,T,S,p~,p~,0.0686,0.1209,0.2945,0.5497,0.5318,0.1993,0.1993
8148,429,T429W,T,W,p~,np,0.0686,0.1209,0.2945,0.5497,0.5318,0.3995,0.3995
8149,429,T429Y,T,Y,p~,p~,0.0686,0.1209,0.2945,0.5497,0.5318,0.3572,0.3572
8150,429,T429V,T,V,p~,np,0.0686,0.1209,0.2945,0.5497,0.5318,0.2475,0.2475
8151,430,D430A,D,A,p-,np,0.1471,0.1955,0.2845,0.4439,0.2484,0.3374,0.3374
8152,430,D430R,D,R,p-,p+,0.1471,0.1955,0.2845,0.4439,0.2484,0.484,0.484
8153,430,D430N,D,N,p-,p~,0.1471,0.1955,0.2845,0.4439,0.2484,0.2151,0.2151
8154,430,D430C,D,C,p-,p~,0.1471,0.1955,0.2845,0.4439,0.2484,0.7188,0.7188
8155,430,D430Q,D,Q,p-,p~,0.1471,0.1955,0.2845,0.4439,0.2484,0.3926,0.3926
8156,430,D430E,D,E,p-,p-,0.1471,0.1955,0.2845,0.4439,0.2484,0.3501,0.3501
8157,430,D430G,D,G,p-,np,0.1471,0.1955,0.2845,0.4439,0.2484,0.3469,0.3469
8158,430,D430H,D,H,p-,p~,0.1471,0.1955,0.2845,0.4439,0.2484,0.4925,0.4925
8159,430,D430I,D,I,p-,np,0.1471,0.1955,0.2845,0.4439,0.2484,0.4927,0.4927
8160,430,D430L,D,L,p-,np,0.1471,0.1955,0.2845,0.4439,0.2484,0.4617,0.4617
8161,430,D430K,D,K,p-,p+,0.1471,0.1955,0.2845,0.4439,0.2484,0.4103,0.4103
8162,430,D430M,D,M,p-,np,0.1471,0.1955,0.2845,0.4439,0.2484,0.4987,0.4987
8163,430,D430F,D,F,p-,np,0.1471,0.1955,0.2845,0.4439,0.2484,0.5012,0.5012
8164,430,D430P,D,P,p-,np,0.1471,0.1955,0.2845,0.4439,0.2484,0.4573,0.4573
8165,430,D430S,D,S,p-,p~,0.1471,0.1955,0.2845,0.4439,0.2484,0.307,0.307
8166,430,D430T,D,T,p-,p~,0.1471,0.1955,0.2845,0.4439,0.2484,0.3578,0.3578
8167,430,D430W,D,W,p-,np,0.1471,0.1955,0.2845,0.4439,0.2484,0.5352,0.5352
8168,430,D430Y,D,Y,p-,p~,0.1471,0.1955,0.2845,0.4439,0.2484,0.4841,0.4841
8169,430,D430V,D,V,p-,np,0.1471,0.1955,0.2845,0.4439,0.2484,0.4518,0.4518
8170,431,S431A,S,A,p~,np,0.1928,0.2402,0.1488,0.6342,0.6339,0.2836,0.2836
8171,431,S431R,S,R,p~,p+,0.1928,0.2402,0.1488,0.6342,0.6339,0.45,0.45
8172,431,S431N,S,N,p~,p~,0.1928,0.2402,0.1488,0.6342,0.6339,0.3505,0.3505
8173,431,S431D,S,D,p~,p-,0.1928,0.2402,0.1488,0.6342,0.6339,0.3349,0.3349
8174,431,S431C,S,C,p~,p~,0.1928,0.2402,0.1488,0.6342,0.6339,0.5923,0.5923
8175,431,S431Q,S,Q,p~,p~,0.1928,0.2402,0.1488,0.6342,0.6339,0.378,0.378
8176,431,S431E,S,E,p~,p-,0.1928,0.2402,0.1488,0.6342,0.6339,0.3584,0.3584
8177,431,S431G,S,G,p~,np,0.1928,0.2402,0.1488,0.6342,0.6339,0.3538,0.3538
8178,431,S431H,S,H,p~,p~,0.1928,0.2402,0.1488,0.6342,0.6339,0.4887,0.4887
8179,431,S431I,S,I,p~,np,0.1928,0.2402,0.1488,0.6342,0.6339,0.4477,0.4477
8180,431,S431L,S,L,p~,np,0.1928,0.2402,0.1488,0.6342,0.6339,0.4057,0.4057
8181,431,S431K,S,K,p~,p+,0.1928,0.2402,0.1488,0.6342,0.6339,0.4151,0.4151
8182,431,S431M,S,M,p~,np,0.1928,0.2402,0.1488,0.6342,0.6339,0.4975,0.4975
8183,431,S431F,S,F,p~,np,0.1928,0.2402,0.1488,0.6342,0.6339,0.4918,0.4918
8184,431,S431P,S,P,p~,np,0.1928,0.2402,0.1488,0.6342,0.6339,0.4938,0.4938
8185,431,S431T,S,T,p~,p~,0.1928,0.2402,0.1488,0.6342,0.6339,0.2342,0.2342
8186,431,S431W,S,W,p~,np,0.1928,0.2402,0.1488,0.6342,0.6339,0.5359,0.5359
8187,431,S431Y,S,Y,p~,p~,0.1928,0.2402,0.1488,0.6342,0.6339,0.4695,0.4695
8188,431,S431V,S,V,p~,np,0.1928,0.2402,0.1488,0.6342,0.6339,0.3845,0.3845
8189,432,D432A,D,A,p-,np,0.2499,0.2943,0.7594,0.3214,0.1609,0.3617,0.3617
8190,432,D432R,D,R,p-,p+,0.2499,0.2943,0.7594,0.3214,0.1609,0.4718,0.4718
8191,432,D432N,D,N,p-,p~,0.2499,0.2943,0.7594,0.3214,0.1609,0.2773,0.2773
8192,432,D432C,D,C,p-,p~,0.2499,0.2943,0.7594,0.3214,0.1609,0.7008,0.7008
8193,432,D432Q,D,Q,p-,p~,0.2499,0.2943,0.7594,0.3214,0.1609,0.4196,0.4196
8194,432,D432E,D,E,p-,p-,0.2499,0.2943,0.7594,0.3214,0.1609,0.3464,0.3464
8195,432,D432G,D,G,p-,np,0.2499,0.2943,0.7594,0.3214,0.1609,0.4094,0.4094
8196,432,D432H,D,H,p-,p~,0.2499,0.2943,0.7594,0.3214,0.1609,0.4464,0.4464
8197,432,D432I,D,I,p-,np,0.2499,0.2943,0.7594,0.3214,0.1609,0.4409,0.4409
8198,432,D432L,D,L,p-,np,0.2499,0.2943,0.7594,0.3214,0.1609,0.3937,0.3937
8199,432,D432K,D,K,p-,p+,0.2499,0.2943,0.7594,0.3214,0.1609,0.4517,0.4517
8200,432,D432M,D,M,p-,np,0.2499,0.2943,0.7594,0.3214,0.1609,0.4989,0.4989
8201,432,D432F,D,F,p-,np,0.2499,0.2943,0.7594,0.3214,0.1609,0.3915,0.3915
8202,432,D432P,D,P,p-,np,0.2499,0.2943,0.7594,0.3214,0.1609,0.2905,0.2905
8203,432,D432S,D,S,p-,p~,0.2499,0.2943,0.7594,0.3214,0.1609,0.3451,0.3451
8204,432,D432T,D,T,p-,p~,0.2499,0.2943,0.7594,0.3214,0.1609,0.3331,0.3331
8205,432,D432W,D,W,p-,np,0.2499,0.2943,0.7594,0.3214,0.1609,0.4702,0.4702
8206,432,D432Y,D,Y,p-,p~,0.2499,0.2943,0.7594,0.3214,0.1609,0.332,0.332
8207,432,D432V,D,V,p-,np,0.2499,0.2943,0.7594,0.3214,0.1609,0.4203,0.4203
8208,433,A433R,A,R,np,p+,0.2691,0.3053,0.1018,0.8014,0.685,0.7048,0.7048
8209,433,A433N,A,N,np,p~,0.2691,0.3053,0.1018,0.8014,0.685,0.6259,0.6259
8210,433,A433D,A,D,np,p-,0.2691,0.3053,0.1018,0.8014,0.685,0.653,0.653
8211,433,A433C,A,C,np,p~,0.2691,0.3053,0.1018,0.8014,0.685,0.5585,0.5585
8212,433,A433Q,A,Q,np,p~,0.2691,0.3053,0.1018,0.8014,0.685,0.6546,0.6546
8213,433,A433E,A,E,np,p-,0.2691,0.3053,0.1018,0.8014,0.685,0.6304,0.6304
8214,433,A433G,A,G,np,np,0.2691,0.3053,0.1018,0.8014,0.685,0.3925,0.3925
8215,433,A433H,A,H,np,p~,0.2691,0.3053,0.1018,0.8014,0.685,0.7569,0.7569
8216,433,A433I,A,I,np,np,0.2691,0.3053,0.1018,0.8014,0.685,0.6503,0.6503
8217,433,A433L,A,L,np,np,0.2691,0.3053,0.1018,0.8014,0.685,0.7031,0.7031
8218,433,A433K,A,K,np,p+,0.2691,0.3053,0.1018,0.8014,0.685,0.7198,0.7198
8219,433,A433M,A,M,np,np,0.2691,0.3053,0.1018,0.8014,0.685,0.715,0.715
8220,433,A433F,A,F,np,np,0.2691,0.3053,0.1018,0.8014,0.685,0.7332,0.7332
8221,433,A433P,A,P,np,np,0.2691,0.3053,0.1018,0.8014,0.685,0.3956,0.3956
8222,433,A433S,A,S,np,p~,0.2691,0.3053,0.1018,0.8014,0.685,0.3523,0.3523
8223,433,A433T,A,T,np,p~,0.2691,0.3053,0.1018,0.8014,0.685,0.4685,0.4685
8224,433,A433W,A,W,np,np,0.2691,0.3053,0.1018,0.8014,0.685,0.7849,0.7849
8225,433,A433Y,A,Y,np,p~,0.2691,0.3053,0.1018,0.8014,0.685,0.7515,0.7515
8226,433,A433V,A,V,np,np,0.2691,0.3053,0.1018,0.8014,0.685,0.5185,0.5185
8227,434,T434A,T,A,p~,np,0.3123,0.3485,0.1103,0.7462,0.7747,0.5013,0.5013
8228,434,T434R,T,R,p~,p+,0.3123,0.3485,0.1103,0.7462,0.7747,0.4662,0.4662
8229,434,T434N,T,N,p~,p~,0.3123,0.3485,0.1103,0.7462,0.7747,0.4764,0.4764
8230,434,T434D,T,D,p~,p-,0.3123,0.3485,0.1103,0.7462,0.7747,0.607,0.607
8231,434,T434C,T,C,p~,p~,0.3123,0.3485,0.1103,0.7462,0.7747,0.6796,0.6796
8232,434,T434Q,T,Q,p~,p~,0.3123,0.3485,0.1103,0.7462,0.7747,0.482,0.482
8233,434,T434E,T,E,p~,p-,0.3123,0.3485,0.1103,0.7462,0.7747,0.5707,0.5707
8234,434,T434G,T,G,p~,np,0.3123,0.3485,0.1103,0.7462,0.7747,0.5909,0.5909
8235,434,T434H,T,H,p~,p~,0.3123,0.3485,0.1103,0.7462,0.7747,0.5468,0.5468
8236,434,T434I,T,I,p~,np,0.3123,0.3485,0.1103,0.7462,0.7747,0.4555,0.4555
8237,434,T434L,T,L,p~,np,0.3123,0.3485,0.1103,0.7462,0.7747,0.5011,0.5011
8238,434,T434K,T,K,p~,p+,0.3123,0.3485,0.1103,0.7462,0.7747,0.5034,0.5034
8239,434,T434M,T,M,p~,np,0.3123,0.3485,0.1103,0.7462,0.7747,0.5009,0.5009
8240,434,T434F,T,F,p~,np,0.3123,0.3485,0.1103,0.7462,0.7747,0.5632,0.5632
8241,434,T434P,T,P,p~,np,0.3123,0.3485,0.1103,0.7462,0.7747,0.6543,0.6543
8242,434,T434S,T,S,p~,p~,0.3123,0.3485,0.1103,0.7462,0.7747,0.3495,0.3495
8243,434,T434W,T,W,p~,np,0.3123,0.3485,0.1103,0.7462,0.7747,0.6265,0.6265
8244,434,T434Y,T,Y,p~,p~,0.3123,0.3485,0.1103,0.7462,0.7747,0.5417,0.5417
8245,434,T434V,T,V,p~,np,0.3123,0.3485,0.1103,0.7462,0.7747,0.4421,0.4421
8246,435,T435A,T,A,p~,np,0.3769,0.4091,0.6978,0.3688,0.3287,0.1429,0.1429
8247,435,T435R,T,R,p~,p+,0.3769,0.4091,0.6978,0.3688,0.3287,0.1439,0.1439
8248,435,T435N,T,N,p~,p~,0.3769,0.4091,0.6978,0.3688,0.3287,0.096,0.096
8249,435,T435D,T,D,p~,p-,0.3769,0.4091,0.6978,0.3688,0.3287,0.1834,0.1834
8250,435,T435C,T,C,p~,p~,0.3769,0.4091,0.6978,0.3688,0.3287,0.5412,0.5412
8251,435,T435Q,T,Q,p~,p~,0.3769,0.4091,0.6978,0.3688,0.3287,0.2238,0.2238
8252,435,T435E,T,E,p~,p-,0.3769,0.4091,0.6978,0.3688,0.3287,0.3096,0.3096
8253,435,T435G,T,G,p~,np,0.3769,0.4091,0.6978,0.3688,0.3287,0.2405,0.2405
8254,435,T435H,T,H,p~,p~,0.3769,0.4091,0.6978,0.3688,0.3287,0.314,0.314
8255,435,T435I,T,I,p~,np,0.3769,0.4091,0.6978,0.3688,0.3287,0.3254,0.3254
8256,435,T435L,T,L,p~,np,0.3769,0.4091,0.6978,0.3688,0.3287,0.2669,0.2669
8257,435,T435K,T,K,p~,p+,0.3769,0.4091,0.6978,0.3688,0.3287,0.1173,0.1173
8258,435,T435M,T,M,p~,np,0.3769,0.4091,0.6978,0.3688,0.3287,0.3124,0.3124
8259,435,T435F,T,F,p~,np,0.3769,0.4091,0.6978,0.3688,0.3287,0.3507,0.3507
8260,435,T435P,T,P,p~,np,0.3769,0.4091,0.6978,0.3688,0.3287,0.3174,0.3174
8261,435,T435S,T,S,p~,p~,0.3769,0.4091,0.6978,0.3688,0.3287,0.152,0.152
8262,435,T435W,T,W,p~,np,0.3769,0.4091,0.6978,0.3688,0.3287,0.3752,0.3752
8263,435,T435Y,T,Y,p~,p~,0.3769,0.4091,0.6978,0.3688,0.3287,0.3218,0.3218
8264,435,T435V,T,V,p~,np,0.3769,0.4091,0.6978,0.3688,0.3287,0.3111,0.3111
8265,436,N436A,N,A,p~,np,0.3803,0.4159,0.1951,0.5073,0.2689,0.2969,0.2969
8266,436,N436R,N,R,p~,p+,0.3803,0.4159,0.1951,0.5073,0.2689,0.3316,0.3316
8267,436,N436D,N,D,p~,p-,0.3803,0.4159,0.1951,0.5073,0.2689,0.1879,0.1879
8268,436,N436C,N,C,p~,p~,0.3803,0.4159,0.1951,0.5073,0.2689,0.5908,0.5908
8269,436,N436Q,N,Q,p~,p~,0.3803,0.4159,0.1951,0.5073,0.2689,0.333,0.333
8270,436,N436E,N,E,p~,p-,0.3803,0.4159,0.1951,0.5073,0.2689,0.3322,0.3322
8271,436,N436G,N,G,p~,np,0.3803,0.4159,0.1951,0.5073,0.2689,0.3585,0.3585
8272,436,N436H,N,H,p~,p~,0.3803,0.4159,0.1951,0.5073,0.2689,0.3999,0.3999
8273,436,N436I,N,I,p~,np,0.3803,0.4159,0.1951,0.5073,0.2689,0.4246,0.4246
8274,436,N436L,N,L,p~,np,0.3803,0.4159,0.1951,0.5073,0.2689,0.414,0.414
8275,436,N436K,N,K,p~,p+,0.3803,0.4159,0.1951,0.5073,0.2689,0.3131,0.3131
8276,436,N436M,N,M,p~,np,0.3803,0.4159,0.1951,0.5073,0.2689,0.4577,0.4577
8277,436,N436F,N,F,p~,np,0.3803,0.4159,0.1951,0.5073,0.2689,0.4807,0.4807
8278,436,N436P,N,P,p~,np,0.3803,0.4159,0.1951,0.5073,0.2689,0.5718,0.5718
8279,436,N436S,N,S,p~,p~,0.3803,0.4159,0.1951,0.5073,0.2689,0.2248,0.2248
8280,436,N436T,N,T,p~,p~,0.3803,0.4159,0.1951,0.5073,0.2689,0.2177,0.2177
8281,436,N436W,N,W,p~,np,0.3803,0.4159,0.1951,0.5073,0.2689,0.5134,0.5134
8282,436,N436Y,N,Y,p~,p~,0.3803,0.4159,0.1951,0.5073,0.2689,0.422,0.422
8283,436,N436V,N,V,p~,np,0.3803,0.4159,0.1951,0.5073,0.2689,0.3907,0.3907
8284,437,A437R,A,R,np,p+,0.4224,0.4541,0.0925,0.9015,0.8748,0.6239,0.6239
8285,437,A437N,A,N,np,p~,0.4224,0.4541,0.0925,0.9015,0.8748,0.4458,0.4458
8286,437,A437D,A,D,np,p-,0.4224,0.4541,0.0925,0.9015,0.8748,0.5035,0.5035
8287,437,A437C,A,C,np,p~,0.4224,0.4541,0.0925,0.9015,0.8748,0.5679,0.5679
8288,437,A437Q,A,Q,np,p~,0.4224,0.4541,0.0925,0.9015,0.8748,0.5138,0.5138
8289,437,A437E,A,E,np,p-,0.4224,0.4541,0.0925,0.9015,0.8748,0.5641,0.5641
8290,437,A437G,A,G,np,np,0.4224,0.4541,0.0925,0.9015,0.8748,0.364,0.364
8291,437,A437H,A,H,np,p~,0.4224,0.4541,0.0925,0.9015,0.8748,0.5859,0.5859
8292,437,A437I,A,I,np,np,0.4224,0.4541,0.0925,0.9015,0.8748,0.5002,0.5002
8293,437,A437L,A,L,np,np,0.4224,0.4541,0.0925,0.9015,0.8748,0.5393,0.5393
8294,437,A437K,A,K,np,p+,0.4224,0.4541,0.0925,0.9015,0.8748,0.6144,0.6144
8295,437,A437M,A,M,np,np,0.4224,0.4541,0.0925,0.9015,0.8748,0.4404,0.4404
8296,437,A437F,A,F,np,np,0.4224,0.4541,0.0925,0.9015,0.8748,0.577,0.577
8297,437,A437P,A,P,np,np,0.4224,0.4541,0.0925,0.9015,0.8748,0.4314,0.4314
8298,437,A437S,A,S,np,p~,0.4224,0.4541,0.0925,0.9015,0.8748,0.2608,0.2608
8299,437,A437T,A,T,np,p~,0.4224,0.4541,0.0925,0.9015,0.8748,0.3044,0.3044
8300,437,A437W,A,W,np,np,0.4224,0.4541,0.0925,0.9015,0.8748,0.6447,0.6447
8301,437,A437Y,A,Y,np,p~,0.4224,0.4541,0.0925,0.9015,0.8748,0.5605,0.5605
8302,437,A437V,A,V,np,np,0.4224,0.4541,0.0925,0.9015,0.8748,0.4082,0.4082
8303,438,H438A,H,A,p~,np,0.4296,0.4633,0.1542,0.6706,0.8412,0.4586,0.4586
8304,438,H438R,H,R,p~,p+,0.4296,0.4633,0.1542,0.6706,0.8412,0.43,0.43
8305,438,H438N,H,N,p~,p~,0.4296,0.4633,0.1542,0.6706,0.8412,0.2649,0.2649
8306,438,H438D,H,D,p~,p-,0.4296,0.4633,0.1542,0.6706,0.8412,0.4379,0.4379
8307,438,H438C,H,C,p~,p~,0.4296,0.4633,0.1542,0.6706,0.8412,0.6277,0.6277
8308,438,H438Q,H,Q,p~,p~,0.4296,0.4633,0.1542,0.6706,0.8412,0.4049,0.4049
8309,438,H438E,H,E,p~,p-,0.4296,0.4633,0.1542,0.6706,0.8412,0.4849,0.4849
8310,438,H438G,H,G,p~,np,0.4296,0.4633,0.1542,0.6706,0.8412,0.5051,0.5051
8311,438,H438I,H,I,p~,np,0.4296,0.4633,0.1542,0.6706,0.8412,0.6563,0.6563
8312,438,H438L,H,L,p~,np,0.4296,0.4633,0.1542,0.6706,0.8412,0.6201,0.6201
8313,438,H438K,H,K,p~,p+,0.4296,0.4633,0.1542,0.6706,0.8412,0.492,0.492
8314,438,H438M,H,M,p~,np,0.4296,0.4633,0.1542,0.6706,0.8412,0.6006,0.6006
8315,438,H438F,H,F,p~,np,0.4296,0.4633,0.1542,0.6706,0.8412,0.4897,0.4897
8316,438,H438P,H,P,p~,np,0.4296,0.4633,0.1542,0.6706,0.8412,0.6565,0.6565
8317,438,H438S,H,S,p~,p~,0.4296,0.4633,0.1542,0.6706,0.8412,0.3943,0.3943
8318,438,H438T,H,T,p~,p~,0.4296,0.4633,0.1542,0.6706,0.8412,0.4727,0.4727
8319,438,H438W,H,W,p~,np,0.4296,0.4633,0.1542,0.6706,0.8412,0.5329,0.5329
8320,438,H438Y,H,Y,p~,p~,0.4296,0.4633,0.1542,0.6706,0.8412,0.2766,0.2766
8321,438,H438V,H,V,p~,np,0.4296,0.4633,0.1542,0.6706,0.8412,0.5788,0.5788
8322,439,I439A,I,A,np,np,0.4944,0.5227,0.2413,0.5058,0.6613,0.3367,0.3367
8323,439,I439R,I,R,np,p+,0.4944,0.5227,0.2413,0.5058,0.6613,0.3096,0.3096
8324,439,I439N,I,N,np,p~,0.4944,0.5227,0.2413,0.5058,0.6613,0.4132,0.4132
8325,439,I439D,I,D,np,p-,0.4944,0.5227,0.2413,0.5058,0.6613,0.4674,0.4674
8326,439,I439C,I,C,np,p~,0.4944,0.5227,0.2413,0.5058,0.6613,0.6498,0.6498
8327,439,I439Q,I,Q,np,p~,0.4944,0.5227,0.2413,0.5058,0.6613,0.3427,0.3427
8328,439,I439E,I,E,np,p-,0.4944,0.5227,0.2413,0.5058,0.6613,0.3399,0.3399
8329,439,I439G,I,G,np,np,0.4944,0.5227,0.2413,0.5058,0.6613,0.4756,0.4756
8330,439,I439H,I,H,np,p~,0.4944,0.5227,0.2413,0.5058,0.6613,0.4381,0.4381
8331,439,I439L,I,L,np,np,0.4944,0.5227,0.2413,0.5058,0.6613,0.1741,0.1741
8332,439,I439K,I,K,np,p+,0.4944,0.5227,0.2413,0.5058,0.6613,0.3046,0.3046
8333,439,I439M,I,M,np,np,0.4944,0.5227,0.2413,0.5058,0.6613,0.2915,0.2915
8334,439,I439F,I,F,np,np,0.4944,0.5227,0.2413,0.5058,0.6613,0.3379,0.3379
8335,439,I439P,I,P,np,np,0.4944,0.5227,0.2413,0.5058,0.6613,0.4904,0.4904
8336,439,I439S,I,S,np,p~,0.4944,0.5227,0.2413,0.5058,0.6613,0.3162,0.3162
8337,439,I439T,I,T,np,p~,0.4944,0.5227,0.2413,0.5058,0.6613,0.2172,0.2172
8338,439,I439W,I,W,np,np,0.4944,0.5227,0.2413,0.5058,0.6613,0.4056,0.4056
8339,439,I439Y,I,Y,np,p~,0.4944,0.5227,0.2413,0.5058,0.6613,0.34,0.34
8340,439,I439V,I,V,np,np,0.4944,0.5227,0.2413,0.5058,0.6613,0.1736,0.1736
8341,440,I440A,I,A,np,np,0.4424,0.4728,0.1126,0.7143,0.9983,0.4245,0.4245
8342,440,I440R,I,R,np,p+,0.4424,0.4728,0.1126,0.7143,0.9983,0.6914,0.6914
8343,440,I440N,I,N,np,p~,0.4424,0.4728,0.1126,0.7143,0.9983,0.4854,0.4854
8344,440,I440D,I,D,np,p-,0.4424,0.4728,0.1126,0.7143,0.9983,0.5892,0.5892
8345,440,I440C,I,C,np,p~,0.4424,0.4728,0.1126,0.7143,0.9983,0.6357,0.6357
8346,440,I440Q,I,Q,np,p~,0.4424,0.4728,0.1126,0.7143,0.9983,0.5409,0.5409
8347,440,I440E,I,E,np,p-,0.4424,0.4728,0.1126,0.7143,0.9983,0.554,0.554
8348,440,I440G,I,G,np,np,0.4424,0.4728,0.1126,0.7143,0.9983,0.6763,0.6763
8349,440,I440H,I,H,np,p~,0.4424,0.4728,0.1126,0.7143,0.9983,0.5972,0.5972
8350,440,I440L,I,L,np,np,0.4424,0.4728,0.1126,0.7143,0.9983,0.3237,0.3237
8351,440,I440K,I,K,np,p+,0.4424,0.4728,0.1126,0.7143,0.9983,0.6678,0.6678
8352,440,I440M,I,M,np,np,0.4424,0.4728,0.1126,0.7143,0.9983,0.3548,0.3548
8353,440,I440F,I,F,np,np,0.4424,0.4728,0.1126,0.7143,0.9983,0.4977,0.4977
8354,440,I440P,I,P,np,np,0.4424,0.4728,0.1126,0.7143,0.9983,0.755,0.755
8355,440,I440S,I,S,np,p~,0.4424,0.4728,0.1126,0.7143,0.9983,0.4753,0.4753
8356,440,I440T,I,T,np,p~,0.4424,0.4728,0.1126,0.7143,0.9983,0.236,0.236
8357,440,I440W,I,W,np,np,0.4424,0.4728,0.1126,0.7143,0.9983,0.6387,0.6387
8358,440,I440Y,I,Y,np,p~,0.4424,0.4728,0.1126,0.7143,0.9983,0.5559,0.5559
8359,440,I440V,I,V,np,np,0.4424,0.4728,0.1126,0.7143,0.9983,0.2612,0.2612
8360,441,T441A,T,A,p~,np,0.5464,0.5717,0.165,0.5804,0.5158,0.4373,0.4373
8361,441,T441R,T,R,p~,p+,0.5464,0.5717,0.165,0.5804,0.5158,0.4414,0.4414
8362,441,T441N,T,N,p~,p~,0.5464,0.5717,0.165,0.5804,0.5158,0.3163,0.3163
8363,441,T441D,T,D,p~,p-,0.5464,0.5717,0.165,0.5804,0.5158,0.2289,0.2289
8364,441,T441C,T,C,p~,p~,0.5464,0.5717,0.165,0.5804,0.5158,0.7773,0.7773
8365,441,T441Q,T,Q,p~,p~,0.5464,0.5717,0.165,0.5804,0.5158,0.3634,0.3634
8366,441,T441E,T,E,p~,p-,0.5464,0.5717,0.165,0.5804,0.5158,0.3036,0.3036
8367,441,T441G,T,G,p~,np,0.5464,0.5717,0.165,0.5804,0.5158,0.4424,0.4424
8368,441,T441H,T,H,p~,p~,0.5464,0.5717,0.165,0.5804,0.5158,0.4691,0.4691
8369,441,T441I,T,I,p~,np,0.5464,0.5717,0.165,0.5804,0.5158,0.56,0.56
8370,441,T441L,T,L,p~,np,0.5464,0.5717,0.165,0.5804,0.5158,0.576,0.576
8371,441,T441K,T,K,p~,p+,0.5464,0.5717,0.165,0.5804,0.5158,0.403,0.403
8372,441,T441M,T,M,p~,np,0.5464,0.5717,0.165,0.5804,0.5158,0.5836,0.5836
8373,441,T441F,T,F,p~,np,0.5464,0.5717,0.165,0.5804,0.5158,0.5832,0.5832
8374,441,T441P,T,P,p~,np,0.5464,0.5717,0.165,0.5804,0.5158,0.5311,0.5311
8375,441,T441S,T,S,p~,p~,0.5464,0.5717,0.165,0.5804,0.5158,0.2826,0.2826
8376,441,T441W,T,W,p~,np,0.5464,0.5717,0.165,0.5804,0.5158,0.5758,0.5758
8377,441,T441Y,T,Y,p~,p~,0.5464,0.5717,0.165,0.5804,0.5158,0.4603,0.4603
8378,441,T441V,T,V,p~,np,0.5464,0.5717,0.165,0.5804,0.5158,0.5115,0.5115
8379,442,L442A,L,A,np,np,0.5115,0.5327,0.1449,0.6744,0.987,0.4495,0.4495
8380,442,L442R,L,R,np,p+,0.5115,0.5327,0.1449,0.6744,0.987,0.6863,0.6863
8381,442,L442N,L,N,np,p~,0.5115,0.5327,0.1449,0.6744,0.987,0.5854,0.5854
8382,442,L442D,L,D,np,p-,0.5115,0.5327,0.1449,0.6744,0.987,0.6575,0.6575
8383,442,L442C,L,C,np,p~,0.5115,0.5327,0.1449,0.6744,0.987,0.5783,0.5783
8384,442,L442Q,L,Q,np,p~,0.5115,0.5327,0.1449,0.6744,0.987,0.6101,0.6101
8385,442,L442E,L,E,np,p-,0.5115,0.5327,0.1449,0.6744,0.987,0.6587,0.6587
8386,442,L442G,L,G,np,np,0.5115,0.5327,0.1449,0.6744,0.987,0.6179,0.6179
8387,442,L442H,L,H,np,p~,0.5115,0.5327,0.1449,0.6744,0.987,0.662,0.662
8388,442,L442I,L,I,np,np,0.5115,0.5327,0.1449,0.6744,0.987,0.0733,0.0733
8389,442,L442K,L,K,np,p+,0.5115,0.5327,0.1449,0.6744,0.987,0.6752,0.6752
8390,442,L442M,L,M,np,np,0.5115,0.5327,0.1449,0.6744,0.987,0.3462,0.3462
8391,442,L442F,L,F,np,np,0.5115,0.5327,0.1449,0.6744,0.987,0.4045,0.4045
8392,442,L442P,L,P,np,np,0.5115,0.5327,0.1449,0.6744,0.987,0.4599,0.4599
8393,442,L442S,L,S,np,p~,0.5115,0.5327,0.1449,0.6744,0.987,0.5915,0.5915
8394,442,L442T,L,T,np,p~,0.5115,0.5327,0.1449,0.6744,0.987,0.436,0.436
8395,442,L442W,L,W,np,np,0.5115,0.5327,0.1449,0.6744,0.987,0.6625,0.6625
8396,442,L442Y,L,Y,np,p~,0.5115,0.5327,0.1449,0.6744,0.987,0.5615,0.5615
8397,442,L442V,L,V,np,np,0.5115,0.5327,0.1449,0.6744,0.987,0.2115,0.2115
8398,443,G443A,G,A,np,np,0.6014,0.6223,0.1835,0.4767,0.2924,0.2417,0.2417
8399,443,G443R,G,R,np,p+,0.6014,0.6223,0.1835,0.4767,0.2924,0.3632,0.3632
8400,443,G443N,G,N,np,p~,0.6014,0.6223,0.1835,0.4767,0.2924,0.1599,0.1599
8401,443,G443D,G,D,np,p-,0.6014,0.6223,0.1835,0.4767,0.2924,0.1525,0.1525
8402,443,G443C,G,C,np,p~,0.6014,0.6223,0.1835,0.4767,0.2924,0.582,0.582
8403,443,G443Q,G,Q,np,p~,0.6014,0.6223,0.1835,0.4767,0.2924,0.2854,0.2854
8404,443,G443E,G,E,np,p-,0.6014,0.6223,0.1835,0.4767,0.2924,0.2023,0.2023
8405,443,G443H,G,H,np,p~,0.6014,0.6223,0.1835,0.4767,0.2924,0.3926,0.3926
8406,443,G443I,G,I,np,np,0.6014,0.6223,0.1835,0.4767,0.2924,0.488,0.488
8407,443,G443L,G,L,np,np,0.6014,0.6223,0.1835,0.4767,0.2924,0.4419,0.4419
8408,443,G443K,G,K,np,p+,0.6014,0.6223,0.1835,0.4767,0.2924,0.2697,0.2697
8409,443,G443M,G,M,np,np,0.6014,0.6223,0.1835,0.4767,0.2924,0.4877,0.4877
8410,443,G443F,G,F,np,np,0.6014,0.6223,0.1835,0.4767,0.2924,0.4972,0.4972
8411,443,G443P,G,P,np,np,0.6014,0.6223,0.1835,0.4767,0.2924,0.2451,0.2451
8412,443,G443S,G,S,np,p~,0.6014,0.6223,0.1835,0.4767,0.2924,0.1983,0.1983
8413,443,G443T,G,T,np,p~,0.6014,0.6223,0.1835,0.4767,0.2924,0.2445,0.2445
8414,443,G443W,G,W,np,np,0.6014,0.6223,0.1835,0.4767,0.2924,0.4779,0.4779
8415,443,G443Y,G,Y,np,p~,0.6014,0.6223,0.1835,0.4767,0.2924,0.3944,0.3944
8416,443,G443V,G,V,np,np,0.6014,0.6223,0.1835,0.4767,0.2924,0.3924,0.3924
8417,444,E444A,E,A,p-,np,0.6114,0.6313,0.357,0.4432,0.3675,0.1375,0.1375
8418,444,E444R,E,R,p-,p+,0.6114,0.6313,0.357,0.4432,0.3675,0.2908,0.2908
8419,444,E444N,E,N,p-,p~,0.6114,0.6313,0.357,0.4432,0.3675,0.1033,0.1033
8420,444,E444D,E,D,p-,p-,0.6114,0.6313,0.357,0.4432,0.3675,0.1128,0.1128
8421,444,E444C,E,C,p-,p~,0.6114,0.6313,0.357,0.4432,0.3675,0.4942,0.4942
8422,444,E444Q,E,Q,p-,p~,0.6114,0.6313,0.357,0.4432,0.3675,0.2207,0.2207
8423,444,E444G,E,G,p-,np,0.6114,0.6313,0.357,0.4432,0.3675,0.1905,0.1905
8424,444,E444H,E,H,p-,p~,0.6114,0.6313,0.357,0.4432,0.3675,0.39,0.39
8425,444,E444I,E,I,p-,np,0.6114,0.6313,0.357,0.4432,0.3675,0.3245,0.3245
8426,444,E444L,E,L,p-,np,0.6114,0.6313,0.357,0.4432,0.3675,0.3142,0.3142
8427,444,E444K,E,K,p-,p+,0.6114,0.6313,0.357,0.4432,0.3675,0.2006,0.2006
8428,444,E444M,E,M,p-,np,0.6114,0.6313,0.357,0.4432,0.3675,0.4019,0.4019
8429,444,E444F,E,F,p-,np,0.6114,0.6313,0.357,0.4432,0.3675,0.4219,0.4219
8430,444,E444P,E,P,p-,np,0.6114,0.6313,0.357,0.4432,0.3675,0.2126,0.2126
8431,444,E444S,E,S,p-,p~,0.6114,0.6313,0.357,0.4432,0.3675,0.1026,0.1026
8432,444,E444T,E,T,p-,p~,0.6114,0.6313,0.357,0.4432,0.3675,0.0983,0.0983
8433,444,E444W,E,W,p-,np,0.6114,0.6313,0.357,0.4432,0.3675,0.4413,0.4413
8434,444,E444Y,E,Y,p-,p~,0.6114,0.6313,0.357,0.4432,0.3675,0.3533,0.3533
8435,444,E444V,E,V,p-,np,0.6114,0.6313,0.357,0.4432,0.3675,0.2537,0.2537
8436,445,P445A,P,A,np,np,0.5949,0.6118,0.1164,0.7602,0.674,0.2425,0.2425
8437,445,P445R,P,R,np,p+,0.5949,0.6118,0.1164,0.7602,0.674,0.3728,0.3728
8438,445,P445N,P,N,np,p~,0.5949,0.6118,0.1164,0.7602,0.674,0.1298,0.1298
8439,445,P445D,P,D,np,p-,0.5949,0.6118,0.1164,0.7602,0.674,0.1147,0.1147
8440,445,P445C,P,C,np,p~,0.5949,0.6118,0.1164,0.7602,0.674,0.5349,0.5349
8441,445,P445Q,P,Q,np,p~,0.5949,0.6118,0.1164,0.7602,0.674,0.3011,0.3011
8442,445,P445E,P,E,np,p-,0.5949,0.6118,0.1164,0.7602,0.674,0.2732,0.2732
8443,445,P445G,P,G,np,np,0.5949,0.6118,0.1164,0.7602,0.674,0.2122,0.2122
8444,445,P445H,P,H,np,p~,0.5949,0.6118,0.1164,0.7602,0.674,0.3942,0.3942
8445,445,P445I,P,I,np,np,0.5949,0.6118,0.1164,0.7602,0.674,0.3069,0.3069
8446,445,P445L,P,L,np,np,0.5949,0.6118,0.1164,0.7602,0.674,0.2686,0.2686
8447,445,P445K,P,K,np,p+,0.5949,0.6118,0.1164,0.7602,0.674,0.2946,0.2946
8448,445,P445M,P,M,np,np,0.5949,0.6118,0.1164,0.7602,0.674,0.3912,0.3912
8449,445,P445F,P,F,np,np,0.5949,0.6118,0.1164,0.7602,0.674,0.3724,0.3724
8450,445,P445S,P,S,np,p~,0.5949,0.6118,0.1164,0.7602,0.674,0.1789,0.1789
8451,445,P445T,P,T,np,p~,0.5949,0.6118,0.1164,0.7602,0.674,0.2065,0.2065
8452,445,P445W,P,W,np,np,0.5949,0.6118,0.1164,0.7602,0.674,0.4527,0.4527
8453,445,P445Y,P,Y,np,p~,0.5949,0.6118,0.1164,0.7602,0.674,0.3544,0.3544
8454,445,P445V,P,V,np,np,0.5949,0.6118,0.1164,0.7602,0.674,0.2602,0.2602
8455,446,G446A,G,A,np,np,0.5894,0.6096,0.1712,0.6228,0.4401,0.2753,0.2753
8456,446,G446R,G,R,np,p+,0.5894,0.6096,0.1712,0.6228,0.4401,0.4251,0.4251
8457,446,G446N,G,N,np,p~,0.5894,0.6096,0.1712,0.6228,0.4401,0.2462,0.2462
8458,446,G446D,G,D,np,p-,0.5894,0.6096,0.1712,0.6228,0.4401,0.2211,0.2211
8459,446,G446C,G,C,np,p~,0.5894,0.6096,0.1712,0.6228,0.4401,0.5085,0.5085
8460,446,G446Q,G,Q,np,p~,0.5894,0.6096,0.1712,0.6228,0.4401,0.353,0.353
8461,446,G446E,G,E,np,p-,0.5894,0.6096,0.1712,0.6228,0.4401,0.2464,0.2464
8462,446,G446H,G,H,np,p~,0.5894,0.6096,0.1712,0.6228,0.4401,0.4484,0.4484
8463,446,G446I,G,I,np,np,0.5894,0.6096,0.1712,0.6228,0.4401,0.4058,0.4058
8464,446,G446L,G,L,np,np,0.5894,0.6096,0.1712,0.6228,0.4401,0.3408,0.3408
8465,446,G446K,G,K,np,p+,0.5894,0.6096,0.1712,0.6228,0.4401,0.3927,0.3927
8466,446,G446M,G,M,np,np,0.5894,0.6096,0.1712,0.6228,0.4401,0.4287,0.4287
8467,446,G446F,G,F,np,np,0.5894,0.6096,0.1712,0.6228,0.4401,0.3847,0.3847
8468,446,G446P,G,P,np,np,0.5894,0.6096,0.1712,0.6228,0.4401,0.3429,0.3429
8469,446,G446S,G,S,np,p~,0.5894,0.6096,0.1712,0.6228,0.4401,0.2451,0.2451
8470,446,G446T,G,T,np,p~,0.5894,0.6096,0.1712,0.6228,0.4401,0.2542,0.2542
8471,446,G446W,G,W,np,np,0.5894,0.6096,0.1712,0.6228,0.4401,0.4184,0.4184
8472,446,G446Y,G,Y,np,p~,0.5894,0.6096,0.1712,0.6228,0.4401,0.384,0.384
8473,446,G446V,G,V,np,np,0.5894,0.6096,0.1712,0.6228,0.4401,0.353,0.353
8474,447,T447A,T,A,p~,np,0.5769,0.6011,0.5968,0.2783,0.2606,0.1871,0.1871
8475,447,T447R,T,R,p~,p+,0.5769,0.6011,0.5968,0.2783,0.2606,0.2866,0.2866
8476,447,T447N,T,N,p~,p~,0.5769,0.6011,0.5968,0.2783,0.2606,0.192,0.192
8477,447,T447D,T,D,p~,p-,0.5769,0.6011,0.5968,0.2783,0.2606,0.2239,0.2239
8478,447,T447C,T,C,p~,p~,0.5769,0.6011,0.5968,0.2783,0.2606,0.2953,0.2953
8479,447,T447Q,T,Q,p~,p~,0.5769,0.6011,0.5968,0.2783,0.2606,0.2183,0.2183
8480,447,T447E,T,E,p~,p-,0.5769,0.6011,0.5968,0.2783,0.2606,0.2361,0.2361
8481,447,T447G,T,G,p~,np,0.5769,0.6011,0.5968,0.2783,0.2606,0.1886,0.1886
8482,447,T447H,T,H,p~,p~,0.5769,0.6011,0.5968,0.2783,0.2606,0.3593,0.3593
8483,447,T447I,T,I,p~,np,0.5769,0.6011,0.5968,0.2783,0.2606,0.3029,0.3029
8484,447,T447L,T,L,p~,np,0.5769,0.6011,0.5968,0.2783,0.2606,0.2908,0.2908
8485,447,T447K,T,K,p~,p+,0.5769,0.6011,0.5968,0.2783,0.2606,0.2159,0.2159
8486,447,T447M,T,M,p~,np,0.5769,0.6011,0.5968,0.2783,0.2606,0.3635,0.3635
8487,447,T447F,T,F,p~,np,0.5769,0.6011,0.5968,0.2783,0.2606,0.3151,0.3151
8488,447,T447P,T,P,p~,np,0.5769,0.6011,0.5968,0.2783,0.2606,0.2789,0.2789
8489,447,T447S,T,S,p~,p~,0.5769,0.6011,0.5968,0.2783,0.2606,0.1343,0.1343
8490,447,T447W,T,W,p~,np,0.5769,0.6011,0.5968,0.2783,0.2606,0.278,0.278
8491,447,T447Y,T,Y,p~,p~,0.5769,0.6011,0.5968,0.2783,0.2606,0.2816,0.2816
8492,447,T447V,T,V,p~,np,0.5769,0.6011,0.5968,0.2783,0.2606,0.2323,0.2323
8493,448,S448A,S,A,p~,np,0.568,0.5964,0.6423,0.2086,0.2568,0.2031,0.2031
8494,448,S448R,S,R,p~,p+,0.568,0.5964,0.6423,0.2086,0.2568,0.3188,0.3188
8495,448,S448N,S,N,p~,p~,0.568,0.5964,0.6423,0.2086,0.2568,0.1698,0.1698
8496,448,S448D,S,D,p~,p-,0.568,0.5964,0.6423,0.2086,0.2568,0.2053,0.2053
8497,448,S448C,S,C,p~,p~,0.568,0.5964,0.6423,0.2086,0.2568,0.4444,0.4444
8498,448,S448Q,S,Q,p~,p~,0.568,0.5964,0.6423,0.2086,0.2568,0.2466,0.2466
8499,448,S448E,S,E,p~,p-,0.568,0.5964,0.6423,0.2086,0.2568,0.2309,0.2309
8500,448,S448G,S,G,p~,np,0.568,0.5964,0.6423,0.2086,0.2568,0.2753,0.2753
8501,448,S448H,S,H,p~,p~,0.568,0.5964,0.6423,0.2086,0.2568,0.3672,0.3672
8502,448,S448I,S,I,p~,np,0.568,0.5964,0.6423,0.2086,0.2568,0.3109,0.3109
8503,448,S448L,S,L,p~,np,0.568,0.5964,0.6423,0.2086,0.2568,0.2671,0.2671
8504,448,S448K,S,K,p~,p+,0.568,0.5964,0.6423,0.2086,0.2568,0.2628,0.2628
8505,448,S448M,S,M,p~,np,0.568,0.5964,0.6423,0.2086,0.2568,0.369,0.369
8506,448,S448F,S,F,p~,np,0.568,0.5964,0.6423,0.2086,0.2568,0.3275,0.3275
8507,448,S448P,S,P,p~,np,0.568,0.5964,0.6423,0.2086,0.2568,0.2428,0.2428
8508,448,S448T,S,T,p~,p~,0.568,0.5964,0.6423,0.2086,0.2568,0.1617,0.1617
8509,448,S448W,S,W,p~,np,0.568,0.5964,0.6423,0.2086,0.2568,0.3874,0.3874
8510,448,S448Y,S,Y,p~,p~,0.568,0.5964,0.6423,0.2086,0.2568,0.2957,0.2957
8511,448,S448V,S,V,p~,np,0.568,0.5964,0.6423,0.2086,0.2568,0.2541,0.2541
8512,449,P449A,P,A,np,np,0.5258,0.553,0.1665,0.6333,0.5835,0.0891,0.0891
8513,449,P449R,P,R,np,p+,0.5258,0.553,0.1665,0.6333,0.5835,0.2882,0.2882
8514,449,P449N,P,N,np,p~,0.5258,0.553,0.1665,0.6333,0.5835,0.0897,0.0897
8515,449,P449D,P,D,np,p-,0.5258,0.553,0.1665,0.6333,0.5835,0.1579,0.1579
8516,449,P449C,P,C,np,p~,0.5258,0.553,0.1665,0.6333,0.5835,0.39,0.39
8517,449,P449Q,P,Q,np,p~,0.5258,0.553,0.1665,0.6333,0.5835,0.2379,0.2379
8518,449,P449E,P,E,np,p-,0.5258,0.553,0.1665,0.6333,0.5835,0.2364,0.2364
8519,449,P449G,P,G,np,np,0.5258,0.553,0.1665,0.6333,0.5835,0.1808,0.1808
8520,449,P449H,P,H,np,p~,0.5258,0.553,0.1665,0.6333,0.5835,0.3284,0.3284
8521,449,P449I,P,I,np,np,0.5258,0.553,0.1665,0.6333,0.5835,0.257,0.257
8522,449,P449L,P,L,np,np,0.5258,0.553,0.1665,0.6333,0.5835,0.2663,0.2663
8523,449,P449K,P,K,np,p+,0.5258,0.553,0.1665,0.6333,0.5835,0.2391,0.2391
8524,449,P449M,P,M,np,np,0.5258,0.553,0.1665,0.6333,0.5835,0.3372,0.3372
8525,449,P449F,P,F,np,np,0.5258,0.553,0.1665,0.6333,0.5835,0.265,0.265
8526,449,P449S,P,S,np,p~,0.5258,0.553,0.1665,0.6333,0.5835,0.1068,0.1068
8527,449,P449T,P,T,np,p~,0.5258,0.553,0.1665,0.6333,0.5835,0.1463,0.1463
8528,449,P449W,P,W,np,np,0.5258,0.553,0.1665,0.6333,0.5835,0.2956,0.2956
8529,449,P449Y,P,Y,np,p~,0.5258,0.553,0.1665,0.6333,0.5835,0.2243,0.2243
8530,449,P449V,P,V,np,np,0.5258,0.553,0.1665,0.6333,0.5835,0.1809,0.1809
8531,450,N450A,N,A,p~,np,0.5581,0.5854,0.6006,0.2408,0.2943,0.0633,0.0633
8532,450,N450R,N,R,p~,p+,0.5581,0.5854,0.6006,0.2408,0.2943,0.1961,0.1961
8533,450,N450D,N,D,p~,p-,0.5581,0.5854,0.6006,0.2408,0.2943,0.1806,0.1806
8534,450,N450C,N,C,p~,p~,0.5581,0.5854,0.6006,0.2408,0.2943,0.3101,0.3101
8535,450,N450Q,N,Q,p~,p~,0.5581,0.5854,0.6006,0.2408,0.2943,0.1261,0.1261
8536,450,N450E,N,E,p~,p-,0.5581,0.5854,0.6006,0.2408,0.2943,0.1301,0.1301
8537,450,N450G,N,G,p~,np,0.5581,0.5854,0.6006,0.2408,0.2943,0.1724,0.1724
8538,450,N450H,N,H,p~,p~,0.5581,0.5854,0.6006,0.2408,0.2943,0.2515,0.2515
8539,450,N450I,N,I,p~,np,0.5581,0.5854,0.6006,0.2408,0.2943,0.161,0.161
8540,450,N450L,N,L,p~,np,0.5581,0.5854,0.6006,0.2408,0.2943,0.1747,0.1747
8541,450,N450K,N,K,p~,p+,0.5581,0.5854,0.6006,0.2408,0.2943,0.1302,0.1302
8542,450,N450M,N,M,p~,np,0.5581,0.5854,0.6006,0.2408,0.2943,0.2519,0.2519
8543,450,N450F,N,F,p~,np,0.5581,0.5854,0.6006,0.2408,0.2943,0.1443,0.1443
8544,450,N450P,N,P,p~,np,0.5581,0.5854,0.6006,0.2408,0.2943,-0.0505,-0.0505
8545,450,N450S,N,S,p~,p~,0.5581,0.5854,0.6006,0.2408,0.2943,0.0714,0.0714
8546,450,N450T,N,T,p~,p~,0.5581,0.5854,0.6006,0.2408,0.2943,0.0793,0.0793
8547,450,N450W,N,W,p~,np,0.5581,0.5854,0.6006,0.2408,0.2943,0.1977,0.1977
8548,450,N450Y,N,Y,p~,p~,0.5581,0.5854,0.6006,0.2408,0.2943,0.1317,0.1317
8549,450,N450V,N,V,p~,np,0.5581,0.5854,0.6006,0.2408,0.2943,0.0899,0.0899
8550,451,T451A,T,A,p~,np,0.496,0.5273,0.1303,0.6161,0.6416,0.1661,0.1661
8551,451,T451R,T,R,p~,p+,0.496,0.5273,0.1303,0.6161,0.6416,0.2891,0.2891
8552,451,T451N,T,N,p~,p~,0.496,0.5273,0.1303,0.6161,0.6416,0.2069,0.2069
8553,451,T451D,T,D,p~,p-,0.496,0.5273,0.1303,0.6161,0.6416,0.2347,0.2347
8554,451,T451C,T,C,p~,p~,0.496,0.5273,0.1303,0.6161,0.6416,0.365,0.365
8555,451,T451Q,T,Q,p~,p~,0.496,0.5273,0.1303,0.6161,0.6416,0.239,0.239
8556,451,T451E,T,E,p~,p-,0.496,0.5273,0.1303,0.6161,0.6416,0.2258,0.2258
8557,451,T451G,T,G,p~,np,0.496,0.5273,0.1303,0.6161,0.6416,0.2702,0.2702
8558,451,T451H,T,H,p~,p~,0.496,0.5273,0.1303,0.6161,0.6416,0.3098,0.3098
8559,451,T451I,T,I,p~,np,0.496,0.5273,0.1303,0.6161,0.6416,0.186,0.186
8560,451,T451L,T,L,p~,np,0.496,0.5273,0.1303,0.6161,0.6416,0.2341,0.2341
8561,451,T451K,T,K,p~,p+,0.496,0.5273,0.1303,0.6161,0.6416,0.218,0.218
8562,451,T451M,T,M,p~,np,0.496,0.5273,0.1303,0.6161,0.6416,0.2775,0.2775
8563,451,T451F,T,F,p~,np,0.496,0.5273,0.1303,0.6161,0.6416,0.1915,0.1915
8564,451,T451P,T,P,p~,np,0.496,0.5273,0.1303,0.6161,0.6416,0.2212,0.2212
8565,451,T451S,T,S,p~,p~,0.496,0.5273,0.1303,0.6161,0.6416,0.1751,0.1751
8566,451,T451W,T,W,p~,np,0.496,0.5273,0.1303,0.6161,0.6416,0.1355,0.1355
8567,451,T451Y,T,Y,p~,p~,0.496,0.5273,0.1303,0.6161,0.6416,0.1816,0.1816
8568,451,T451V,T,V,p~,np,0.496,0.5273,0.1303,0.6161,0.6416,0.0629,0.0629
8569,452,V452A,V,A,np,np,0.5169,0.5465,0.6692,0.3175,0.3066,0.1496,0.1496
8570,452,V452R,V,R,np,p+,0.5169,0.5465,0.6692,0.3175,0.3066,0.1559,0.1559
8571,452,V452N,V,N,np,p~,0.5169,0.5465,0.6692,0.3175,0.3066,0.2003,0.2003
8572,452,V452D,V,D,np,p-,0.5169,0.5465,0.6692,0.3175,0.3066,0.217,0.217
8573,452,V452C,V,C,np,p~,0.5169,0.5465,0.6692,0.3175,0.3066,0.4497,0.4497
8574,452,V452Q,V,Q,np,p~,0.5169,0.5465,0.6692,0.3175,0.3066,0.1613,0.1613
8575,452,V452E,V,E,np,p-,0.5169,0.5465,0.6692,0.3175,0.3066,0.1676,0.1676
8576,452,V452G,V,G,np,np,0.5169,0.5465,0.6692,0.3175,0.3066,0.2167,0.2167
8577,452,V452H,V,H,np,p~,0.5169,0.5465,0.6692,0.3175,0.3066,0.2973,0.2973
8578,452,V452I,V,I,np,np,0.5169,0.5465,0.6692,0.3175,0.3066,0.2702,0.2702
8579,452,V452L,V,L,np,np,0.5169,0.5465,0.6692,0.3175,0.3066,0.2672,0.2672
8580,452,V452K,V,K,np,p+,0.5169,0.5465,0.6692,0.3175,0.3066,0.136,0.136
8581,452,V452M,V,M,np,np,0.5169,0.5465,0.6692,0.3175,0.3066,0.3333,0.3333
8582,452,V452F,V,F,np,np,0.5169,0.5465,0.6692,0.3175,0.3066,0.3035,0.3035
8583,452,V452P,V,P,np,np,0.5169,0.5465,0.6692,0.3175,0.3066,0.2466,0.2466
8584,452,V452S,V,S,np,p~,0.5169,0.5465,0.6692,0.3175,0.3066,0.0899,0.0899
8585,452,V452T,V,T,np,p~,0.5169,0.5465,0.6692,0.3175,0.3066,0.1027,0.1027
8586,452,V452W,V,W,np,np,0.5169,0.5465,0.6692,0.3175,0.3066,0.171,0.171
8587,452,V452Y,V,Y,np,p~,0.5169,0.5465,0.6692,0.3175,0.3066,0.2644,0.2644
8588,453,F453A,F,A,np,np,0.4802,0.5109,0.8813,0.2844,0.174,-0.0429,-0.0429
8589,453,F453R,F,R,np,p+,0.4802,0.5109,0.8813,0.2844,0.174,0.01,0.01
8590,453,F453N,F,N,np,p~,0.4802,0.5109,0.8813,0.2844,0.174,0.0125,0.0125
8591,453,F453D,F,D,np,p-,0.4802,0.5109,0.8813,0.2844,0.174,0.0469,0.0469
8592,453,F453C,F,C,np,p~,0.4802,0.5109,0.8813,0.2844,0.174,0.3805,0.3805
8593,453,F453Q,F,Q,np,p~,0.4802,0.5109,0.8813,0.2844,0.174,0.0084,0.0084
8594,453,F453E,F,E,np,p-,0.4802,0.5109,0.8813,0.2844,0.174,0.0588,0.0588
8595,453,F453G,F,G,np,np,0.4802,0.5109,0.8813,0.2844,0.174,0.0715,0.0715
8596,453,F453H,F,H,np,p~,0.4802,0.5109,0.8813,0.2844,0.174,0.1604,0.1604
8597,453,F453I,F,I,np,np,0.4802,0.5109,0.8813,0.2844,0.174,0.0948,0.0948
8598,453,F453L,F,L,np,np,0.4802,0.5109,0.8813,0.2844,0.174,0.059,0.059
8599,453,F453K,F,K,np,p+,0.4802,0.5109,0.8813,0.2844,0.174,-0.0541,-0.0541
8600,453,F453M,F,M,np,np,0.4802,0.5109,0.8813,0.2844,0.174,0.1646,0.1646
8601,453,F453P,F,P,np,np,0.4802,0.5109,0.8813,0.2844,0.174,-0.0267,-0.0267
8602,453,F453S,F,S,np,p~,0.4802,0.5109,0.8813,0.2844,0.174,-0.0511,-0.0511
8603,453,F453T,F,T,np,p~,0.4802,0.5109,0.8813,0.2844,0.174,-0.0713,-0.0713
8604,453,F453W,F,W,np,np,0.4802,0.5109,0.8813,0.2844,0.174,0.2107,0.2107
8605,453,F453Y,F,Y,np,p~,0.4802,0.5109,0.8813,0.2844,0.174,0.1295,0.1295
8606,453,F453V,F,V,np,np,0.4802,0.5109,0.8813,0.2844,0.174,-0.0085,-0.0085
8607,454,A454R,A,R,np,p+,0.5015,0.5279,0.1789,0.5844,0.6468,0.1917,0.1917
8608,454,A454N,A,N,np,p~,0.5015,0.5279,0.1789,0.5844,0.6468,0.2263,0.2263
8609,454,A454D,A,D,np,p-,0.5015,0.5279,0.1789,0.5844,0.6468,0.2961,0.2961
8610,454,A454C,A,C,np,p~,0.5015,0.5279,0.1789,0.5844,0.6468,0.5016,0.5016
8611,454,A454Q,A,Q,np,p~,0.5015,0.5279,0.1789,0.5844,0.6468,0.2276,0.2276
8612,454,A454E,A,E,np,p-,0.5015,0.5279,0.1789,0.5844,0.6468,0.3143,0.3143
8613,454,A454G,A,G,np,np,0.5015,0.5279,0.1789,0.5844,0.6468,0.2151,0.2151
8614,454,A454H,A,H,np,p~,0.5015,0.5279,0.1789,0.5844,0.6468,0.2838,0.2838
8615,454,A454I,A,I,np,np,0.5015,0.5279,0.1789,0.5844,0.6468,0.3388,0.3388
8616,454,A454L,A,L,np,np,0.5015,0.5279,0.1789,0.5844,0.6468,0.2958,0.2958
8617,454,A454K,A,K,np,p+,0.5015,0.5279,0.1789,0.5844,0.6468,0.1362,0.1362
8618,454,A454M,A,M,np,np,0.5015,0.5279,0.1789,0.5844,0.6468,0.3685,0.3685
8619,454,A454F,A,F,np,np,0.5015,0.5279,0.1789,0.5844,0.6468,0.3914,0.3914
8620,454,A454P,A,P,np,np,0.5015,0.5279,0.1789,0.5844,0.6468,0.1978,0.1978
8621,454,A454S,A,S,np,p~,0.5015,0.5279,0.1789,0.5844,0.6468,0.1572,0.1572
8622,454,A454T,A,T,np,p~,0.5015,0.5279,0.1789,0.5844,0.6468,0.1696,0.1696
8623,454,A454W,A,W,np,np,0.5015,0.5279,0.1789,0.5844,0.6468,0.4357,0.4357
8624,454,A454Y,A,Y,np,p~,0.5015,0.5279,0.1789,0.5844,0.6468,0.3457,0.3457
8625,454,A454V,A,V,np,np,0.5015,0.5279,0.1789,0.5844,0.6468,0.2533,0.2533
8626,455,S455A,S,A,p~,np,0.553,0.578,0.1611,0.5691,0.4371,0.2117,0.2117
8627,455,S455R,S,R,p~,p+,0.553,0.578,0.1611,0.5691,0.4371,0.2301,0.2301
8628,455,S455N,S,N,p~,p~,0.553,0.578,0.1611,0.5691,0.4371,0.2009,0.2009
8629,455,S455D,S,D,p~,p-,0.553,0.578,0.1611,0.5691,0.4371,0.2321,0.2321
8630,455,S455C,S,C,p~,p~,0.553,0.578,0.1611,0.5691,0.4371,0.6002,0.6002
8631,455,S455Q,S,Q,p~,p~,0.553,0.578,0.1611,0.5691,0.4371,0.2194,0.2194
8632,455,S455E,S,E,p~,p-,0.553,0.578,0.1611,0.5691,0.4371,0.2614,0.2614
8633,455,S455G,S,G,p~,np,0.553,0.578,0.1611,0.5691,0.4371,0.2237,0.2237
8634,455,S455H,S,H,p~,p~,0.553,0.578,0.1611,0.5691,0.4371,0.3313,0.3313
8635,455,S455I,S,I,p~,np,0.553,0.578,0.1611,0.5691,0.4371,0.4071,0.4071
8636,455,S455L,S,L,p~,np,0.553,0.578,0.1611,0.5691,0.4371,0.3722,0.3722
8637,455,S455K,S,K,p~,p+,0.553,0.578,0.1611,0.5691,0.4371,0.1658,0.1658
8638,455,S455M,S,M,p~,np,0.553,0.578,0.1611,0.5691,0.4371,0.4311,0.4311
8639,455,S455F,S,F,p~,np,0.553,0.578,0.1611,0.5691,0.4371,0.4454,0.4454
8640,455,S455P,S,P,p~,np,0.553,0.578,0.1611,0.5691,0.4371,0.1686,0.1686
8641,455,S455T,S,T,p~,p~,0.553,0.578,0.1611,0.5691,0.4371,0.2066,0.2066
8642,455,S455W,S,W,p~,np,0.553,0.578,0.1611,0.5691,0.4371,0.5038,0.5038
8643,455,S455Y,S,Y,p~,p~,0.553,0.578,0.1611,0.5691,0.4371,0.3938,0.3938
8644,455,S455V,S,V,p~,np,0.553,0.578,0.1611,0.5691,0.4371,0.3044,0.3044
8645,456,N456A,N,A,p~,np,0.5085,0.535,0.2506,0.4251,0.3781,0.227,0.227
8646,456,N456R,N,R,p~,p+,0.5085,0.535,0.2506,0.4251,0.3781,0.2419,0.2419
8647,456,N456D,N,D,p~,p-,0.5085,0.535,0.2506,0.4251,0.3781,0.2437,0.2437
8648,456,N456C,N,C,p~,p~,0.5085,0.535,0.2506,0.4251,0.3781,0.5515,0.5515
8649,456,N456Q,N,Q,p~,p~,0.5085,0.535,0.2506,0.4251,0.3781,0.2618,0.2618
8650,456,N456E,N,E,p~,p-,0.5085,0.535,0.2506,0.4251,0.3781,0.3001,0.3001
8651,456,N456G,N,G,p~,np,0.5085,0.535,0.2506,0.4251,0.3781,0.1487,0.1487
8652,456,N456H,N,H,p~,p~,0.5085,0.535,0.2506,0.4251,0.3781,0.3088,0.3088
8653,456,N456I,N,I,p~,np,0.5085,0.535,0.2506,0.4251,0.3781,0.4168,0.4168
8654,456,N456L,N,L,p~,np,0.5085,0.535,0.2506,0.4251,0.3781,0.4034,0.4034
8655,456,N456K,N,K,p~,p+,0.5085,0.535,0.2506,0.4251,0.3781,0.1604,0.1604
8656,456,N456M,N,M,p~,np,0.5085,0.535,0.2506,0.4251,0.3781,0.4449,0.4449
8657,456,N456F,N,F,p~,np,0.5085,0.535,0.2506,0.4251,0.3781,0.4424,0.4424
8658,456,N456P,N,P,p~,np,0.5085,0.535,0.2506,0.4251,0.3781,0.2242,0.2242
8659,456,N456S,N,S,p~,p~,0.5085,0.535,0.2506,0.4251,0.3781,0.1858,0.1858
8660,456,N456T,N,T,p~,p~,0.5085,0.535,0.2506,0.4251,0.3781,0.2147,0.2147
8661,456,N456W,N,W,p~,np,0.5085,0.535,0.2506,0.4251,0.3781,0.5147,0.5147
8662,456,N456Y,N,Y,p~,p~,0.5085,0.535,0.2506,0.4251,0.3781,0.4095,0.4095
8663,456,N456V,N,V,p~,np,0.5085,0.535,0.2506,0.4251,0.3781,0.3478,0.3478
8664,457,G457A,G,A,np,np,0.4712,0.4969,0.1249,0.7001,0.5528,0.19,0.19
8665,457,G457R,G,R,np,p+,0.4712,0.4969,0.1249,0.7001,0.5528,0.2392,0.2392
8666,457,G457N,G,N,np,p~,0.4712,0.4969,0.1249,0.7001,0.5528,0.1417,0.1417
8667,457,G457D,G,D,np,p-,0.4712,0.4969,0.1249,0.7001,0.5528,0.1711,0.1711
8668,457,G457C,G,C,np,p~,0.4712,0.4969,0.1249,0.7001,0.5528,0.4685,0.4685
8669,457,G457Q,G,Q,np,p~,0.4712,0.4969,0.1249,0.7001,0.5528,0.2317,0.2317
8670,457,G457E,G,E,np,p-,0.4712,0.4969,0.1249,0.7001,0.5528,0.2633,0.2633
8671,457,G457H,G,H,np,p~,0.4712,0.4969,0.1249,0.7001,0.5528,0.2993,0.2993
8672,457,G457I,G,I,np,np,0.4712,0.4969,0.1249,0.7001,0.5528,0.3775,0.3775
8673,457,G457L,G,L,np,np,0.4712,0.4969,0.1249,0.7001,0.5528,0.3045,0.3045
8674,457,G457K,G,K,np,p+,0.4712,0.4969,0.1249,0.7001,0.5528,0.1991,0.1991
8675,457,G457M,G,M,np,np,0.4712,0.4969,0.1249,0.7001,0.5528,0.3561,0.3561
8676,457,G457F,G,F,np,np,0.4712,0.4969,0.1249,0.7001,0.5528,0.3327,0.3327
8677,457,G457P,G,P,np,np,0.4712,0.4969,0.1249,0.7001,0.5528,0.1653,0.1653
8678,457,G457S,G,S,np,p~,0.4712,0.4969,0.1249,0.7001,0.5528,0.1282,0.1282
8679,457,G457T,G,T,np,p~,0.4712,0.4969,0.1249,0.7001,0.5528,0.195,0.195
8680,457,G457W,G,W,np,np,0.4712,0.4969,0.1249,0.7001,0.5528,0.4208,0.4208
8681,457,G457Y,G,Y,np,p~,0.4712,0.4969,0.1249,0.7001,0.5528,0.3275,0.3275
8682,457,G457V,G,V,np,np,0.4712,0.4969,0.1249,0.7001,0.5528,0.3211,0.3211
8683,458,L458A,L,A,np,np,0.3755,0.4019,0.1018,0.7038,0.9386,0.0975,0.0975
8684,458,L458R,L,R,np,p+,0.3755,0.4019,0.1018,0.7038,0.9386,0.3468,0.3468
8685,458,L458N,L,N,np,p~,0.3755,0.4019,0.1018,0.7038,0.9386,0.266,0.266
8686,458,L458D,L,D,np,p-,0.3755,0.4019,0.1018,0.7038,0.9386,0.3329,0.3329
8687,458,L458C,L,C,np,p~,0.3755,0.4019,0.1018,0.7038,0.9386,0.4241,0.4241
8688,458,L458Q,L,Q,np,p~,0.3755,0.4019,0.1018,0.7038,0.9386,0.2463,0.2463
8689,458,L458E,L,E,np,p-,0.3755,0.4019,0.1018,0.7038,0.9386,0.3092,0.3092
8690,458,L458G,L,G,np,np,0.3755,0.4019,0.1018,0.7038,0.9386,0.2182,0.2182
8691,458,L458H,L,H,np,p~,0.3755,0.4019,0.1018,0.7038,0.9386,0.2971,0.2971
8692,458,L458I,L,I,np,np,0.3755,0.4019,0.1018,0.7038,0.9386,0.2754,0.2754
8693,458,L458K,L,K,np,p+,0.3755,0.4019,0.1018,0.7038,0.9386,0.3048,0.3048
8694,458,L458M,L,M,np,np,0.3755,0.4019,0.1018,0.7038,0.9386,0.0643,0.0643
8695,458,L458F,L,F,np,np,0.3755,0.4019,0.1018,0.7038,0.9386,0.353,0.353
8696,458,L458P,L,P,np,np,0.3755,0.4019,0.1018,0.7038,0.9386,0.1938,0.1938
8697,458,L458S,L,S,np,p~,0.3755,0.4019,0.1018,0.7038,0.9386,0.2201,0.2201
8698,458,L458T,L,T,np,p~,0.3755,0.4019,0.1018,0.7038,0.9386,0.1847,0.1847
8699,458,L458W,L,W,np,np,0.3755,0.4019,0.1018,0.7038,0.9386,0.4389,0.4389
8700,458,L458Y,L,Y,np,p~,0.3755,0.4019,0.1018,0.7038,0.9386,0.388,0.388
8701,458,L458V,L,V,np,np,0.3755,0.4019,0.1018,0.7038,0.9386,0.2578,0.2578
8702,459,Y459A,Y,A,p~,np,0.4496,0.4723,0.6245,0.1769,0.21,0.0197,0.0197
8703,459,Y459R,Y,R,p~,p+,0.4496,0.4723,0.6245,0.1769,0.21,0.1254,0.1254
8704,459,Y459N,Y,N,p~,p~,0.4496,0.4723,0.6245,0.1769,0.21,0.0298,0.0298
8705,459,Y459D,Y,D,p~,p-,0.4496,0.4723,0.6245,0.1769,0.21,0.1317,0.1317
8706,459,Y459C,Y,C,p~,p~,0.4496,0.4723,0.6245,0.1769,0.21,0.414,0.414
8707,459,Y459Q,Y,Q,p~,p~,0.4496,0.4723,0.6245,0.1769,0.21,0.0816,0.0816
8708,459,Y459E,Y,E,p~,p-,0.4496,0.4723,0.6245,0.1769,0.21,0.1358,0.1358
8709,459,Y459G,Y,G,p~,np,0.4496,0.4723,0.6245,0.1769,0.21,0.0522,0.0522
8710,459,Y459H,Y,H,p~,p~,0.4496,0.4723,0.6245,0.1769,0.21,0.08,0.08
8711,459,Y459I,Y,I,p~,np,0.4496,0.4723,0.6245,0.1769,0.21,0.2365,0.2365
8712,459,Y459L,Y,L,p~,np,0.4496,0.4723,0.6245,0.1769,0.21,0.1892,0.1892
8713,459,Y459K,Y,K,p~,p+,0.4496,0.4723,0.6245,0.1769,0.21,0.0962,0.0962
8714,459,Y459M,Y,M,p~,np,0.4496,0.4723,0.6245,0.1769,0.21,0.2455,0.2455
8715,459,Y459F,Y,F,p~,np,0.4496,0.4723,0.6245,0.1769,0.21,0.2174,0.2174
8716,459,Y459P,Y,P,p~,np,0.4496,0.4723,0.6245,0.1769,0.21,0.157,0.157
8717,459,Y459S,Y,S,p~,p~,0.4496,0.4723,0.6245,0.1769,0.21,0.0078,0.0078
8718,459,Y459T,Y,T,p~,p~,0.4496,0.4723,0.6245,0.1769,0.21,0.0663,0.0663
8719,459,Y459W,Y,W,p~,np,0.4496,0.4723,0.6245,0.1769,0.21,0.3161,0.3161
8720,459,Y459V,Y,V,p~,np,0.4496,0.4723,0.6245,0.1769,0.21,0.1908,0.1908
8721,460,F460A,F,A,np,np,0.3763,0.4005,0.2722,0.4252,0.6143,0.3054,0.3054
8722,460,F460R,F,R,np,p+,0.3763,0.4005,0.2722,0.4252,0.6143,0.3136,0.3136
8723,460,F460N,F,N,np,p~,0.3763,0.4005,0.2722,0.4252,0.6143,0.2283,0.2283
8724,460,F460D,F,D,np,p-,0.3763,0.4005,0.2722,0.4252,0.6143,0.2521,0.2521
8725,460,F460C,F,C,np,p~,0.3763,0.4005,0.2722,0.4252,0.6143,0.6203,0.6203
8726,460,F460Q,F,Q,np,p~,0.3763,0.4005,0.2722,0.4252,0.6143,0.24,0.24
8727,460,F460E,F,E,np,p-,0.3763,0.4005,0.2722,0.4252,0.6143,0.2478,0.2478
8728,460,F460G,F,G,np,np,0.3763,0.4005,0.2722,0.4252,0.6143,0.3034,0.3034
8729,460,F460H,F,H,np,p~,0.3763,0.4005,0.2722,0.4252,0.6143,0.2079,0.2079
8730,460,F460I,F,I,np,np,0.3763,0.4005,0.2722,0.4252,0.6143,0.3544,0.3544
8731,460,F460L,F,L,np,np,0.3763,0.4005,0.2722,0.4252,0.6143,0.3431,0.3431
8732,460,F460K,F,K,np,p+,0.3763,0.4005,0.2722,0.4252,0.6143,0.3468,0.3468
8733,460,F460M,F,M,np,np,0.3763,0.4005,0.2722,0.4252,0.6143,0.3792,0.3792
8734,460,F460P,F,P,np,np,0.3763,0.4005,0.2722,0.4252,0.6143,0.4025,0.4025
8735,460,F460S,F,S,np,p~,0.3763,0.4005,0.2722,0.4252,0.6143,0.274,0.274
8736,460,F460T,F,T,np,p~,0.3763,0.4005,0.2722,0.4252,0.6143,0.2617,0.2617
8737,460,F460W,F,W,np,np,0.3763,0.4005,0.2722,0.4252,0.6143,0.3657,0.3657
8738,460,F460Y,F,Y,np,p~,0.3763,0.4005,0.2722,0.4252,0.6143,0.1242,0.1242
8739,460,F460V,F,V,np,np,0.3763,0.4005,0.2722,0.4252,0.6143,0.3258,0.3258
8740,461,A461R,A,R,np,p+,0.3305,0.3583,0.2567,0.473,0.2479,0.2652,0.2652
8741,461,A461N,A,N,np,p~,0.3305,0.3583,0.2567,0.473,0.2479,0.2702,0.2702
8742,461,A461D,A,D,np,p-,0.3305,0.3583,0.2567,0.473,0.2479,0.361,0.361
8743,461,A461C,A,C,np,p~,0.3305,0.3583,0.2567,0.473,0.2479,0.6644,0.6644
8744,461,A461Q,A,Q,np,p~,0.3305,0.3583,0.2567,0.473,0.2479,0.2783,0.2783
8745,461,A461E,A,E,np,p-,0.3305,0.3583,0.2567,0.473,0.2479,0.2802,0.2802
8746,461,A461G,A,G,np,np,0.3305,0.3583,0.2567,0.473,0.2479,0.1995,0.1995
8747,461,A461H,A,H,np,p~,0.3305,0.3583,0.2567,0.473,0.2479,0.3769,0.3769
8748,461,A461I,A,I,np,np,0.3305,0.3583,0.2567,0.473,0.2479,0.4828,0.4828
8749,461,A461L,A,L,np,np,0.3305,0.3583,0.2567,0.473,0.2479,0.4549,0.4549
8750,461,A461K,A,K,np,p+,0.3305,0.3583,0.2567,0.473,0.2479,0.2366,0.2366
8751,461,A461M,A,M,np,np,0.3305,0.3583,0.2567,0.473,0.2479,0.4889,0.4889
8752,461,A461F,A,F,np,np,0.3305,0.3583,0.2567,0.473,0.2479,0.4905,0.4905
8753,461,A461P,A,P,np,np,0.3305,0.3583,0.2567,0.473,0.2479,0.1583,0.1583
8754,461,A461S,A,S,np,p~,0.3305,0.3583,0.2567,0.473,0.2479,0.2571,0.2571
8755,461,A461T,A,T,np,p~,0.3305,0.3583,0.2567,0.473,0.2479,0.2886,0.2886
8756,461,A461W,A,W,np,np,0.3305,0.3583,0.2567,0.473,0.2479,0.5496,0.5496
8757,461,A461Y,A,Y,np,p~,0.3305,0.3583,0.2567,0.473,0.2479,0.4153,0.4153
8758,461,A461V,A,V,np,np,0.3305,0.3583,0.2567,0.473,0.2479,0.4101,0.4101
8759,462,R462A,R,A,p+,np,0.2759,0.3042,0.0802,0.9922,0.987,0.5785,0.5785
8760,462,R462N,R,N,p+,p~,0.2759,0.3042,0.0802,0.9922,0.987,0.59,0.59
8761,462,R462D,R,D,p+,p-,0.2759,0.3042,0.0802,0.9922,0.987,0.6564,0.6564
8762,462,R462C,R,C,p+,p~,0.2759,0.3042,0.0802,0.9922,0.987,0.6466,0.6466
8763,462,R462Q,R,Q,p+,p~,0.2759,0.3042,0.0802,0.9922,0.987,0.5044,0.5044
8764,462,R462E,R,E,p+,p-,0.2759,0.3042,0.0802,0.9922,0.987,0.5997,0.5997
8765,462,R462G,R,G,p+,np,0.2759,0.3042,0.0802,0.9922,0.987,0.4878,0.4878
8766,462,R462H,R,H,p+,p~,0.2759,0.3042,0.0802,0.9922,0.987,0.4459,0.4459
8767,462,R462I,R,I,p+,np,0.2759,0.3042,0.0802,0.9922,0.987,0.6447,0.6447
8768,462,R462L,R,L,p+,np,0.2759,0.3042,0.0802,0.9922,0.987,0.6027,0.6027
8769,462,R462K,R,K,p+,p+,0.2759,0.3042,0.0802,0.9922,0.987,0.3888,0.3888
8770,462,R462M,R,M,p+,np,0.2759,0.3042,0.0802,0.9922,0.987,0.6138,0.6138
8771,462,R462F,R,F,p+,np,0.2759,0.3042,0.0802,0.9922,0.987,0.7516,0.7516
8772,462,R462P,R,P,p+,np,0.2759,0.3042,0.0802,0.9922,0.987,0.6221,0.6221
8773,462,R462S,R,S,p+,p~,0.2759,0.3042,0.0802,0.9922,0.987,0.5389,0.5389
8774,462,R462T,R,T,p+,p~,0.2759,0.3042,0.0802,0.9922,0.987,0.575,0.575
8775,462,R462W,R,W,p+,np,0.2759,0.3042,0.0802,0.9922,0.987,0.6679,0.6679
8776,462,R462Y,R,Y,p+,p~,0.2759,0.3042,0.0802,0.9922,0.987,0.6656,0.6656
8777,462,R462V,R,V,p+,np,0.2759,0.3042,0.0802,0.9922,0.987,0.6345,0.6345
8778,463,T463A,T,A,p~,np,0.1961,0.2313,0.3153,0.482,0.5918,0.2003,0.2003
8779,463,T463R,T,R,p~,p+,0.1961,0.2313,0.3153,0.482,0.5918,0.459,0.459
8780,463,T463N,T,N,p~,p~,0.1961,0.2313,0.3153,0.482,0.5918,0.2773,0.2773
8781,463,T463D,T,D,p~,p-,0.1961,0.2313,0.3153,0.482,0.5918,0.4145,0.4145
8782,463,T463C,T,C,p~,p~,0.1961,0.2313,0.3153,0.482,0.5918,0.3686,0.3686
8783,463,T463Q,T,Q,p~,p~,0.1961,0.2313,0.3153,0.482,0.5918,0.3959,0.3959
8784,463,T463E,T,E,p~,p-,0.1961,0.2313,0.3153,0.482,0.5918,0.4272,0.4272
8785,463,T463G,T,G,p~,np,0.1961,0.2313,0.3153,0.482,0.5918,0.3345,0.3345
8786,463,T463H,T,H,p~,p~,0.1961,0.2313,0.3153,0.482,0.5918,0.5058,0.5058
8787,463,T463I,T,I,p~,np,0.1961,0.2313,0.3153,0.482,0.5918,0.1812,0.1812
8788,463,T463L,T,L,p~,np,0.1961,0.2313,0.3153,0.482,0.5918,0.3155,0.3155
8789,463,T463K,T,K,p~,p+,0.1961,0.2313,0.3153,0.482,0.5918,0.4411,0.4411
8790,463,T463M,T,M,p~,np,0.1961,0.2313,0.3153,0.482,0.5918,0.3522,0.3522
8791,463,T463F,T,F,p~,np,0.1961,0.2313,0.3153,0.482,0.5918,0.5323,0.5323
8792,463,T463P,T,P,p~,np,0.1961,0.2313,0.3153,0.482,0.5918,0.5028,0.5028
8793,463,T463S,T,S,p~,p~,0.1961,0.2313,0.3153,0.482,0.5918,0.2617,0.2617
8794,463,T463W,T,W,p~,np,0.1961,0.2313,0.3153,0.482,0.5918,0.6406,0.6406
8795,463,T463Y,T,Y,p~,p~,0.1961,0.2313,0.3153,0.482,0.5918,0.5372,0.5372
8796,463,T463V,T,V,p~,np,0.1961,0.2313,0.3153,0.482,0.5918,0.0853,0.0853
8797,464,F464A,F,A,np,np,0.1271,0.1593,0.0948,0.9063,0.987,0.5707,0.5707
8798,464,F464R,F,R,np,p+,0.1271,0.1593,0.0948,0.9063,0.987,0.6664,0.6664
8799,464,F464N,F,N,np,p~,0.1271,0.1593,0.0948,0.9063,0.987,0.4045,0.4045
8800,464,F464D,F,D,np,p-,0.1271,0.1593,0.0948,0.9063,0.987,0.6546,0.6546
8801,464,F464C,F,C,np,p~,0.1271,0.1593,0.0948,0.9063,0.987,0.5995,0.5995
8802,464,F464Q,F,Q,np,p~,0.1271,0.1593,0.0948,0.9063,0.987,0.4836,0.4836
8803,464,F464E,F,E,np,p-,0.1271,0.1593,0.0948,0.9063,0.987,0.6186,0.6186
8804,464,F464G,F,G,np,np,0.1271,0.1593,0.0948,0.9063,0.987,0.624,0.624
8805,464,F464H,F,H,np,p~,0.1271,0.1593,0.0948,0.9063,0.987,0.4229,0.4229
8806,464,F464I,F,I,np,np,0.1271,0.1593,0.0948,0.9063,0.987,0.6086,0.6086
8807,464,F464L,F,L,np,np,0.1271,0.1593,0.0948,0.9063,0.987,0.4172,0.4172
8808,464,F464K,F,K,np,p+,0.1271,0.1593,0.0948,0.9063,0.987,0.6952,0.6952
8809,464,F464M,F,M,np,np,0.1271,0.1593,0.0948,0.9063,0.987,0.4236,0.4236
8810,464,F464P,F,P,np,np,0.1271,0.1593,0.0948,0.9063,0.987,0.7494,0.7494
8811,464,F464S,F,S,np,p~,0.1271,0.1593,0.0948,0.9063,0.987,0.5246,0.5246
8812,464,F464T,F,T,np,p~,0.1271,0.1593,0.0948,0.9063,0.987,0.617,0.617
8813,464,F464W,F,W,np,np,0.1271,0.1593,0.0948,0.9063,0.987,0.542,0.542
8814,464,F464Y,F,Y,np,p~,0.1271,0.1593,0.0948,0.9063,0.987,0.3786,0.3786
8815,464,F464V,F,V,np,np,0.1271,0.1593,0.0948,0.9063,0.987,0.6188,0.6188
8816,465,H465A,H,A,p~,np,0.2474,0.2682,0.276,0.5962,0.3987,0.2379,0.2379
8817,465,H465R,H,R,p~,p+,0.2474,0.2682,0.276,0.5962,0.3987,0.555,0.555
8818,465,H465N,H,N,p~,p~,0.2474,0.2682,0.276,0.5962,0.3987,0.2592,0.2592
8819,465,H465D,H,D,p~,p-,0.2474,0.2682,0.276,0.5962,0.3987,0.4289,0.4289
8820,465,H465C,H,C,p~,p~,0.2474,0.2682,0.276,0.5962,0.3987,0.3665,0.3665
8821,465,H465Q,H,Q,p~,p~,0.2474,0.2682,0.276,0.5962,0.3987,0.2428,0.2428
8822,465,H465E,H,E,p~,p-,0.2474,0.2682,0.276,0.5962,0.3987,0.4268,0.4268
8823,465,H465G,H,G,p~,np,0.2474,0.2682,0.276,0.5962,0.3987,0.2883,0.2883
8824,465,H465I,H,I,p~,np,0.2474,0.2682,0.276,0.5962,0.3987,0.3956,0.3956
8825,465,H465L,H,L,p~,np,0.2474,0.2682,0.276,0.5962,0.3987,0.3685,0.3685
8826,465,H465K,H,K,p~,p+,0.2474,0.2682,0.276,0.5962,0.3987,0.5111,0.5111
8827,465,H465M,H,M,p~,np,0.2474,0.2682,0.276,0.5962,0.3987,0.3046,0.3046
8828,465,H465F,H,F,p~,np,0.2474,0.2682,0.276,0.5962,0.3987,0.4541,0.4541
8829,465,H465P,H,P,p~,np,0.2474,0.2682,0.276,0.5962,0.3987,0.3031,0.3031
8830,465,H465S,H,S,p~,p~,0.2474,0.2682,0.276,0.5962,0.3987,0.2534,0.2534
8831,465,H465T,H,T,p~,p~,0.2474,0.2682,0.276,0.5962,0.3987,0.3415,0.3415
8832,465,H465W,H,W,p~,np,0.2474,0.2682,0.276,0.5962,0.3987,0.7784,0.7784
8833,465,H465Y,H,Y,p~,p~,0.2474,0.2682,0.276,0.5962,0.3987,0.5308,0.5308
8834,465,H465V,H,V,p~,np,0.2474,0.2682,0.276,0.5962,0.3987,0.3222,0.3222
8835,466,T466A,T,A,p~,np,0.2681,0.2897,0.2028,0.6497,0.9757,0.3027,0.3027
8836,466,T466R,T,R,p~,p+,0.2681,0.2897,0.2028,0.6497,0.9757,0.5073,0.5073
8837,466,T466N,T,N,p~,p~,0.2681,0.2897,0.2028,0.6497,0.9757,-0.0033,-0.0033
8838,466,T466D,T,D,p~,p-,0.2681,0.2897,0.2028,0.6497,0.9757,0.2083,0.2083
8839,466,T466C,T,C,p~,p~,0.2681,0.2897,0.2028,0.6497,0.9757,0.3624,0.3624
8840,466,T466Q,T,Q,p~,p~,0.2681,0.2897,0.2028,0.6497,0.9757,0.3148,0.3148
8841,466,T466E,T,E,p~,p-,0.2681,0.2897,0.2028,0.6497,0.9757,0.3904,0.3904
8842,466,T466G,T,G,p~,np,0.2681,0.2897,0.2028,0.6497,0.9757,0.2817,0.2817
8843,466,T466H,T,H,p~,p~,0.2681,0.2897,0.2028,0.6497,0.9757,0.3207,0.3207
8844,466,T466I,T,I,p~,np,0.2681,0.2897,0.2028,0.6497,0.9757,0.4444,0.4444
8845,466,T466L,T,L,p~,np,0.2681,0.2897,0.2028,0.6497,0.9757,0.4768,0.4768
8846,466,T466K,T,K,p~,p+,0.2681,0.2897,0.2028,0.6497,0.9757,0.4317,0.4317
8847,466,T466M,T,M,p~,np,0.2681,0.2897,0.2028,0.6497,0.9757,0.4214,0.4214
8848,466,T466F,T,F,p~,np,0.2681,0.2897,0.2028,0.6497,0.9757,0.522,0.522
8849,466,T466P,T,P,p~,np,0.2681,0.2897,0.2028,0.6497,0.9757,0.5199,0.5199
8850,466,T466S,T,S,p~,p~,0.2681,0.2897,0.2028,0.6497,0.9757,0.1812,0.1812
8851,466,T466W,T,W,p~,np,0.2681,0.2897,0.2028,0.6497,0.9757,0.6696,0.6696
8852,466,T466Y,T,Y,p~,p~,0.2681,0.2897,0.2028,0.6497,0.9757,0.4442,0.4442
8853,466,T466V,T,V,p~,np,0.2681,0.2897,0.2028,0.6497,0.9757,0.3974,0.3974
8854,467,S467A,S,A,p~,np,0.3411,0.3561,0.1133,0.7905,0.7401,0.2634,0.2634
8855,467,S467R,S,R,p~,p+,0.3411,0.3561,0.1133,0.7905,0.7401,0.731,0.731
8856,467,S467N,S,N,p~,p~,0.3411,0.3561,0.1133,0.7905,0.7401,0.3925,0.3925
8857,467,S467D,S,D,p~,p-,0.3411,0.3561,0.1133,0.7905,0.7401,0.5574,0.5574
8858,467,S467C,S,C,p~,p~,0.3411,0.3561,0.1133,0.7905,0.7401,0.5435,0.5435
8859,467,S467Q,S,Q,p~,p~,0.3411,0.3561,0.1133,0.7905,0.7401,0.5605,0.5605
8860,467,S467E,S,E,p~,p-,0.3411,0.3561,0.1133,0.7905,0.7401,0.6649,0.6649
8861,467,S467G,S,G,p~,np,0.3411,0.3561,0.1133,0.7905,0.7401,0.2126,0.2126
8862,467,S467H,S,H,p~,p~,0.3411,0.3561,0.1133,0.7905,0.7401,0.6491,0.6491
8863,467,S467I,S,I,p~,np,0.3411,0.3561,0.1133,0.7905,0.7401,0.6836,0.6836
8864,467,S467L,S,L,p~,np,0.3411,0.3561,0.1133,0.7905,0.7401,0.6555,0.6555
8865,467,S467K,S,K,p~,p+,0.3411,0.3561,0.1133,0.7905,0.7401,0.6995,0.6995
8866,467,S467M,S,M,p~,np,0.3411,0.3561,0.1133,0.7905,0.7401,0.5734,0.5734
8867,467,S467F,S,F,p~,np,0.3411,0.3561,0.1133,0.7905,0.7401,0.7088,0.7088
8868,467,S467P,S,P,p~,np,0.3411,0.3561,0.1133,0.7905,0.7401,0.479,0.479
8869,467,S467T,S,T,p~,p~,0.3411,0.3561,0.1133,0.7905,0.7401,0.3548,0.3548
8870,467,S467W,S,W,p~,np,0.3411,0.3561,0.1133,0.7905,0.7401,0.8043,0.8043
8871,467,S467Y,S,Y,p~,p~,0.3411,0.3561,0.1133,0.7905,0.7401,0.7566,0.7566
8872,467,S467V,S,V,p~,np,0.3411,0.3561,0.1133,0.7905,0.7401,0.5796,0.5796
8873,468,V468A,V,A,np,np,0.3957,0.4152,0.0879,0.8974,0.9122,0.3841,0.3841
8874,468,V468R,V,R,np,p+,0.3957,0.4152,0.0879,0.8974,0.9122,0.6791,0.6791
8875,468,V468N,V,N,np,p~,0.3957,0.4152,0.0879,0.8974,0.9122,0.4763,0.4763
8876,468,V468D,V,D,np,p-,0.3957,0.4152,0.0879,0.8974,0.9122,0.6267,0.6267
8877,468,V468C,V,C,np,p~,0.3957,0.4152,0.0879,0.8974,0.9122,0.5758,0.5758
8878,468,V468Q,V,Q,np,p~,0.3957,0.4152,0.0879,0.8974,0.9122,0.5371,0.5371
8879,468,V468E,V,E,np,p-,0.3957,0.4152,0.0879,0.8974,0.9122,0.5522,0.5522
8880,468,V468G,V,G,np,np,0.3957,0.4152,0.0879,0.8974,0.9122,0.6024,0.6024
8881,468,V468H,V,H,np,p~,0.3957,0.4152,0.0879,0.8974,0.9122,0.5817,0.5817
8882,468,V468I,V,I,np,np,0.3957,0.4152,0.0879,0.8974,0.9122,0.3481,0.3481
8883,468,V468L,V,L,np,np,0.3957,0.4152,0.0879,0.8974,0.9122,0.446,0.446
8884,468,V468K,V,K,np,p+,0.3957,0.4152,0.0879,0.8974,0.9122,0.6828,0.6828
8885,468,V468M,V,M,np,np,0.3957,0.4152,0.0879,0.8974,0.9122,0.5366,0.5366
8886,468,V468F,V,F,np,np,0.3957,0.4152,0.0879,0.8974,0.9122,0.6454,0.6454
8887,468,V468P,V,P,np,np,0.3957,0.4152,0.0879,0.8974,0.9122,0.7426,0.7426
8888,468,V468S,V,S,np,p~,0.3957,0.4152,0.0879,0.8974,0.9122,0.4217,0.4217
8889,468,V468T,V,T,np,p~,0.3957,0.4152,0.0879,0.8974,0.9122,0.2729,0.2729
8890,468,V468W,V,W,np,np,0.3957,0.4152,0.0879,0.8974,0.9122,0.7387,0.7387
8891,468,V468Y,V,Y,np,p~,0.3957,0.4152,0.0879,0.8974,0.9122,0.6726,0.6726
8892,469,V469A,V,A,np,np,0.4576,0.4702,0.1064,0.781,0.9757,0.365,0.365
8893,469,V469R,V,R,np,p+,0.4576,0.4702,0.1064,0.781,0.9757,0.5899,0.5899
8894,469,V469N,V,N,np,p~,0.4576,0.4702,0.1064,0.781,0.9757,0.502,0.502
8895,469,V469D,V,D,np,p-,0.4576,0.4702,0.1064,0.781,0.9757,0.6294,0.6294
8896,469,V469C,V,C,np,p~,0.4576,0.4702,0.1064,0.781,0.9757,0.6747,0.6747
8897,469,V469Q,V,Q,np,p~,0.4576,0.4702,0.1064,0.781,0.9757,0.52,0.52
8898,469,V469E,V,E,np,p-,0.4576,0.4702,0.1064,0.781,0.9757,0.5545,0.5545
8899,469,V469G,V,G,np,np,0.4576,0.4702,0.1064,0.781,0.9757,0.528,0.528
8900,469,V469H,V,H,np,p~,0.4576,0.4702,0.1064,0.781,0.9757,0.5337,0.5337
8901,469,V469I,V,I,np,np,0.4576,0.4702,0.1064,0.781,0.9757,0.3153,0.3153
8902,469,V469L,V,L,np,np,0.4576,0.4702,0.1064,0.781,0.9757,0.4035,0.4035
8903,469,V469K,V,K,np,p+,0.4576,0.4702,0.1064,0.781,0.9757,0.5611,0.5611
8904,469,V469M,V,M,np,np,0.4576,0.4702,0.1064,0.781,0.9757,0.4958,0.4958
8905,469,V469F,V,F,np,np,0.4576,0.4702,0.1064,0.781,0.9757,0.5702,0.5702
8906,469,V469P,V,P,np,np,0.4576,0.4702,0.1064,0.781,0.9757,0.4889,0.4889
8907,469,V469S,V,S,np,p~,0.4576,0.4702,0.1064,0.781,0.9757,0.5094,0.5094
8908,469,V469T,V,T,np,p~,0.4576,0.4702,0.1064,0.781,0.9757,0.3216,0.3216
8909,469,V469W,V,W,np,np,0.4576,0.4702,0.1064,0.781,0.9757,0.7299,0.7299
8910,469,V469Y,V,Y,np,p~,0.4576,0.4702,0.1064,0.781,0.9757,0.6002,0.6002
8911,470,L470A,L,A,np,np,0.5086,0.5233,0.0871,0.9313,0.9983,0.5786,0.5786
8912,470,L470R,L,R,np,p+,0.5086,0.5233,0.0871,0.9313,0.9983,0.6164,0.6164
8913,470,L470N,L,N,np,p~,0.5086,0.5233,0.0871,0.9313,0.9983,0.604,0.604
8914,470,L470D,L,D,np,p-,0.5086,0.5233,0.0871,0.9313,0.9983,0.821,0.821
8915,470,L470C,L,C,np,p~,0.5086,0.5233,0.0871,0.9313,0.9983,0.7135,0.7135
8916,470,L470Q,L,Q,np,p~,0.5086,0.5233,0.0871,0.9313,0.9983,0.5398,0.5398
8917,470,L470E,L,E,np,p-,0.5086,0.5233,0.0871,0.9313,0.9983,0.7209,0.7209
8918,470,L470G,L,G,np,np,0.5086,0.5233,0.0871,0.9313,0.9983,0.7275,0.7275
8919,470,L470H,L,H,np,p~,0.5086,0.5233,0.0871,0.9313,0.9983,0.6119,0.6119
8920,470,L470I,L,I,np,np,0.5086,0.5233,0.0871,0.9313,0.9983,0.4266,0.4266
8921,470,L470K,L,K,np,p+,0.5086,0.5233,0.0871,0.9313,0.9983,0.7225,0.7225
8922,470,L470M,L,M,np,np,0.5086,0.5233,0.0871,0.9313,0.9983,0.3135,0.3135
8923,470,L470F,L,F,np,np,0.5086,0.5233,0.0871,0.9313,0.9983,0.5127,0.5127
8924,470,L470P,L,P,np,np,0.5086,0.5233,0.0871,0.9313,0.9983,0.7747,0.7747
8925,470,L470S,L,S,np,p~,0.5086,0.5233,0.0871,0.9313,0.9983,0.6413,0.6413
8926,470,L470T,L,T,np,p~,0.5086,0.5233,0.0871,0.9313,0.9983,0.508,0.508
8927,470,L470W,L,W,np,np,0.5086,0.5233,0.0871,0.9313,0.9983,0.7213,0.7213
8928,470,L470Y,L,Y,np,p~,0.5086,0.5233,0.0871,0.9313,0.9983,0.6235,0.6235
8929,470,L470V,L,V,np,np,0.5086,0.5233,0.0871,0.9313,0.9983,0.4958,0.4958
8930,471,P471A,P,A,np,np,0.5706,0.5843,0.0771,0.999,0.9983,0.281,0.281
8931,471,P471R,P,R,np,p+,0.5706,0.5843,0.0771,0.999,0.9983,0.5665,0.5665
8932,471,P471N,P,N,np,p~,0.5706,0.5843,0.0771,0.999,0.9983,0.4825,0.4825
8933,471,P471D,P,D,np,p-,0.5706,0.5843,0.0771,0.999,0.9983,0.5744,0.5744
8934,471,P471C,P,C,np,p~,0.5706,0.5843,0.0771,0.999,0.9983,0.7895,0.7895
8935,471,P471Q,P,Q,np,p~,0.5706,0.5843,0.0771,0.999,0.9983,0.4897,0.4897
8936,471,P471E,P,E,np,p-,0.5706,0.5843,0.0771,0.999,0.9983,0.6156,0.6156
8937,471,P471G,P,G,np,np,0.5706,0.5843,0.0771,0.999,0.9983,0.4673,0.4673
8938,471,P471H,P,H,np,p~,0.5706,0.5843,0.0771,0.999,0.9983,0.5183,0.5183
8939,471,P471I,P,I,np,np,0.5706,0.5843,0.0771,0.999,0.9983,0.5988,0.5988
8940,471,P471L,P,L,np,np,0.5706,0.5843,0.0771,0.999,0.9983,0.54,0.54
8941,471,P471K,P,K,np,p+,0.5706,0.5843,0.0771,0.999,0.9983,0.5726,0.5726
8942,471,P471M,P,M,np,np,0.5706,0.5843,0.0771,0.999,0.9983,0.6373,0.6373
8943,471,P471F,P,F,np,np,0.5706,0.5843,0.0771,0.999,0.9983,0.6424,0.6424
8944,471,P471S,P,S,np,p~,0.5706,0.5843,0.0771,0.999,0.9983,0.4197,0.4197
8945,471,P471T,P,T,np,p~,0.5706,0.5843,0.0771,0.999,0.9983,0.4496,0.4496
8946,471,P471W,P,W,np,np,0.5706,0.5843,0.0771,0.999,0.9983,0.685,0.685
8947,471,P471Y,P,Y,np,p~,0.5706,0.5843,0.0771,0.999,0.9983,0.6026,0.6026
8948,471,P471V,P,V,np,np,0.5706,0.5843,0.0771,0.999,0.9983,0.4731,0.4731
8949,472,D472A,D,A,p-,np,0.5978,0.606,0.1064,0.8243,0.7062,0.6604,0.6604
8950,472,D472R,D,R,p-,p+,0.5978,0.606,0.1064,0.8243,0.7062,0.6905,0.6905
8951,472,D472N,D,N,p-,p~,0.5978,0.606,0.1064,0.8243,0.7062,0.3521,0.3521
8952,472,D472C,D,C,p-,p~,0.5978,0.606,0.1064,0.8243,0.7062,0.7828,0.7828
8953,472,D472Q,D,Q,p-,p~,0.5978,0.606,0.1064,0.8243,0.7062,0.6355,0.6355
8954,472,D472E,D,E,p-,p-,0.5978,0.606,0.1064,0.8243,0.7062,0.4645,0.4645
8955,472,D472G,D,G,p-,np,0.5978,0.606,0.1064,0.8243,0.7062,0.5113,0.5113
8956,472,D472H,D,H,p-,p~,0.5978,0.606,0.1064,0.8243,0.7062,0.64,0.64
8957,472,D472I,D,I,p-,np,0.5978,0.606,0.1064,0.8243,0.7062,0.7046,0.7046
8958,472,D472L,D,L,p-,np,0.5978,0.606,0.1064,0.8243,0.7062,0.7504,0.7504
8959,472,D472K,D,K,p-,p+,0.5978,0.606,0.1064,0.8243,0.7062,0.6976,0.6976
8960,472,D472M,D,M,p-,np,0.5978,0.606,0.1064,0.8243,0.7062,0.7866,0.7866
8961,472,D472F,D,F,p-,np,0.5978,0.606,0.1064,0.8243,0.7062,0.7847,0.7847
8962,472,D472P,D,P,p-,np,0.5978,0.606,0.1064,0.8243,0.7062,0.8664,0.8664
8963,472,D472S,D,S,p-,p~,0.5978,0.606,0.1064,0.8243,0.7062,0.5165,0.5165
8964,472,D472T,D,T,p-,p~,0.5978,0.606,0.1064,0.8243,0.7062,0.4969,0.4969
8965,472,D472W,D,W,p-,np,0.5978,0.606,0.1064,0.8243,0.7062,0.8052,0.8052
8966,472,D472Y,D,Y,p-,p~,0.5978,0.606,0.1064,0.8243,0.7062,0.6828,0.6828
8967,472,D472V,D,V,p-,np,0.5978,0.606,0.1064,0.8243,0.7062,0.6174,0.6174
8968,473,G473A,G,A,np,np,0.5569,0.5698,0.081,0.9854,0.9757,0.4042,0.4042
8969,473,G473R,G,R,np,p+,0.5569,0.5698,0.081,0.9854,0.9757,0.4183,0.4183
8970,473,G473N,G,N,np,p~,0.5569,0.5698,0.081,0.9854,0.9757,0.3681,0.3681
8971,473,G473D,G,D,np,p-,0.5569,0.5698,0.081,0.9854,0.9757,0.3894,0.3894
8972,473,G473C,G,C,np,p~,0.5569,0.5698,0.081,0.9854,0.9757,0.6571,0.6571
8973,473,G473Q,G,Q,np,p~,0.5569,0.5698,0.081,0.9854,0.9757,0.3764,0.3764
8974,473,G473E,G,E,np,p-,0.5569,0.5698,0.081,0.9854,0.9757,0.3954,0.3954
8975,473,G473H,G,H,np,p~,0.5569,0.5698,0.081,0.9854,0.9757,0.4752,0.4752
8976,473,G473I,G,I,np,np,0.5569,0.5698,0.081,0.9854,0.9757,0.7696,0.7696
8977,473,G473L,G,L,np,np,0.5569,0.5698,0.081,0.9854,0.9757,0.5323,0.5323
8978,473,G473K,G,K,np,p+,0.5569,0.5698,0.081,0.9854,0.9757,0.3691,0.3691
8979,473,G473M,G,M,np,np,0.5569,0.5698,0.081,0.9854,0.9757,0.5712,0.5712
8980,473,G473F,G,F,np,np,0.5569,0.5698,0.081,0.9854,0.9757,0.59,0.59
8981,473,G473P,G,P,np,np,0.5569,0.5698,0.081,0.9854,0.9757,0.8584,0.8584
8982,473,G473S,G,S,np,p~,0.5569,0.5698,0.081,0.9854,0.9757,0.4101,0.4101
8983,473,G473T,G,T,np,p~,0.5569,0.5698,0.081,0.9854,0.9757,0.5525,0.5525
8984,473,G473W,G,W,np,np,0.5569,0.5698,0.081,0.9854,0.9757,0.6242,0.6242
8985,473,G473Y,G,Y,np,p~,0.5569,0.5698,0.081,0.9854,0.9757,0.5348,0.5348
8986,473,G473V,G,V,np,np,0.5569,0.5698,0.081,0.9854,0.9757,0.676,0.676
8987,474,S474A,S,A,p~,np,0.5231,0.5336,0.2675,0.4367,0.5092,0.2517,0.2517
8988,474,S474R,S,R,p~,p+,0.5231,0.5336,0.2675,0.4367,0.5092,0.1855,0.1855
8989,474,S474N,S,N,p~,p~,0.5231,0.5336,0.2675,0.4367,0.5092,0.1703,0.1703
8990,474,S474D,S,D,p~,p-,0.5231,0.5336,0.2675,0.4367,0.5092,0.3463,0.3463
8991,474,S474C,S,C,p~,p~,0.5231,0.5336,0.2675,0.4367,0.5092,0.4687,0.4687
8992,474,S474Q,S,Q,p~,p~,0.5231,0.5336,0.2675,0.4367,0.5092,0.2598,0.2598
8993,474,S474E,S,E,p~,p-,0.5231,0.5336,0.2675,0.4367,0.5092,0.3889,0.3889
8994,474,S474G,S,G,p~,np,0.5231,0.5336,0.2675,0.4367,0.5092,0.3739,0.3739
8995,474,S474H,S,H,p~,p~,0.5231,0.5336,0.2675,0.4367,0.5092,0.3356,0.3356
8996,474,S474I,S,I,p~,np,0.5231,0.5336,0.2675,0.4367,0.5092,0.4002,0.4002
8997,474,S474L,S,L,p~,np,0.5231,0.5336,0.2675,0.4367,0.5092,0.3951,0.3951
8998,474,S474K,S,K,p~,p+,0.5231,0.5336,0.2675,0.4367,0.5092,0.1425,0.1425
8999,474,S474M,S,M,p~,np,0.5231,0.5336,0.2675,0.4367,0.5092,0.3675,0.3675
9000,474,S474F,S,F,p~,np,0.5231,0.5336,0.2675,0.4367,0.5092,0.4163,0.4163
9001,474,S474P,S,P,p~,np,0.5231,0.5336,0.2675,0.4367,0.5092,0.6099,0.6099
9002,474,S474T,S,T,p~,p~,0.5231,0.5336,0.2675,0.4367,0.5092,0.1746,0.1746
9003,474,S474W,S,W,p~,np,0.5231,0.5336,0.2675,0.4367,0.5092,0.4771,0.4771
9004,474,S474Y,S,Y,p~,p~,0.5231,0.5336,0.2675,0.4367,0.5092,0.3542,0.3542
9005,474,S474V,S,V,p~,np,0.5231,0.5336,0.2675,0.4367,0.5092,0.3539,0.3539
9006,475,T475A,T,A,p~,np,0.4407,0.4572,0.0925,0.8536,0.8167,0.1805,0.1805
9007,475,T475R,T,R,p~,p+,0.4407,0.4572,0.0925,0.8536,0.8167,0.5231,0.5231
9008,475,T475N,T,N,p~,p~,0.4407,0.4572,0.0925,0.8536,0.8167,0.4359,0.4359
9009,475,T475D,T,D,p~,p-,0.4407,0.4572,0.0925,0.8536,0.8167,0.5124,0.5124
9010,475,T475C,T,C,p~,p~,0.4407,0.4572,0.0925,0.8536,0.8167,0.4625,0.4625
9011,475,T475Q,T,Q,p~,p~,0.4407,0.4572,0.0925,0.8536,0.8167,0.4277,0.4277
9012,475,T475E,T,E,p~,p-,0.4407,0.4572,0.0925,0.8536,0.8167,0.4985,0.4985
9013,475,T475G,T,G,p~,np,0.4407,0.4572,0.0925,0.8536,0.8167,0.3801,0.3801
9014,475,T475H,T,H,p~,p~,0.4407,0.4572,0.0925,0.8536,0.8167,0.5425,0.5425
9015,475,T475I,T,I,p~,np,0.4407,0.4572,0.0925,0.8536,0.8167,0.0492,0.0492
9016,475,T475L,T,L,p~,np,0.4407,0.4572,0.0925,0.8536,0.8167,0.155,0.155
9017,475,T475K,T,K,p~,p+,0.4407,0.4572,0.0925,0.8536,0.8167,0.5599,0.5599
9018,475,T475M,T,M,p~,np,0.4407,0.4572,0.0925,0.8536,0.8167,0.2476,0.2476
9019,475,T475F,T,F,p~,np,0.4407,0.4572,0.0925,0.8536,0.8167,0.3265,0.3265
9020,475,T475P,T,P,p~,np,0.4407,0.4572,0.0925,0.8536,0.8167,0.4078,0.4078
9021,475,T475S,T,S,p~,p~,0.4407,0.4572,0.0925,0.8536,0.8167,0.3133,0.3133
9022,475,T475W,T,W,p~,np,0.4407,0.4572,0.0925,0.8536,0.8167,0.55,0.55
9023,475,T475Y,T,Y,p~,p~,0.4407,0.4572,0.0925,0.8536,0.8167,0.3812,0.3812
9024,475,T475V,T,V,p~,np,0.4407,0.4572,0.0925,0.8536,0.8167,-0.0877,-0.0877
9025,476,F476A,F,A,np,np,0.416,0.4281,0.1372,0.6842,0.653,0.4957,0.4957
9026,476,F476R,F,R,np,p+,0.416,0.4281,0.1372,0.6842,0.653,0.6532,0.6532
9027,476,F476N,F,N,np,p~,0.416,0.4281,0.1372,0.6842,0.653,0.6338,0.6338
9028,476,F476D,F,D,np,p-,0.416,0.4281,0.1372,0.6842,0.653,0.6709,0.6709
9029,476,F476C,F,C,np,p~,0.416,0.4281,0.1372,0.6842,0.653,0.6357,0.6357
9030,476,F476Q,F,Q,np,p~,0.416,0.4281,0.1372,0.6842,0.653,0.5082,0.5082
9031,476,F476E,F,E,np,p-,0.416,0.4281,0.1372,0.6842,0.653,0.6243,0.6243
9032,476,F476G,F,G,np,np,0.416,0.4281,0.1372,0.6842,0.653,0.6907,0.6907
9033,476,F476H,F,H,np,p~,0.416,0.4281,0.1372,0.6842,0.653,0.4295,0.4295
9034,476,F476I,F,I,np,np,0.416,0.4281,0.1372,0.6842,0.653,0.4275,0.4275
9035,476,F476L,F,L,np,np,0.416,0.4281,0.1372,0.6842,0.653,0.2061,0.2061
9036,476,F476K,F,K,np,p+,0.416,0.4281,0.1372,0.6842,0.653,0.633,0.633
9037,476,F476M,F,M,np,np,0.416,0.4281,0.1372,0.6842,0.653,0.3217,0.3217
9038,476,F476P,F,P,np,np,0.416,0.4281,0.1372,0.6842,0.653,0.7705,0.7705
9039,476,F476S,F,S,np,p~,0.416,0.4281,0.1372,0.6842,0.653,0.5174,0.5174
9040,476,F476T,F,T,np,p~,0.416,0.4281,0.1372,0.6842,0.653,0.5471,0.5471
9041,476,F476W,F,W,np,np,0.416,0.4281,0.1372,0.6842,0.653,0.4158,0.4158
9042,476,F476Y,F,Y,np,p~,0.416,0.4281,0.1372,0.6842,0.653,0.3639,0.3639
9043,476,F476V,F,V,np,np,0.416,0.4281,0.1372,0.6842,0.653,0.3762,0.3762
9044,477,I477A,I,A,np,np,0.3752,0.3938,0.1565,0.72,0.9251,0.4095,0.4095
9045,477,I477R,I,R,np,p+,0.3752,0.3938,0.1565,0.72,0.9251,0.5928,0.5928
9046,477,I477N,I,N,np,p~,0.3752,0.3938,0.1565,0.72,0.9251,0.4922,0.4922
9047,477,I477D,I,D,np,p-,0.3752,0.3938,0.1565,0.72,0.9251,0.5211,0.5211
9048,477,I477C,I,C,np,p~,0.3752,0.3938,0.1565,0.72,0.9251,0.6105,0.6105
9049,477,I477Q,I,Q,np,p~,0.3752,0.3938,0.1565,0.72,0.9251,0.4598,0.4598
9050,477,I477E,I,E,np,p-,0.3752,0.3938,0.1565,0.72,0.9251,0.4443,0.4443
9051,477,I477G,I,G,np,np,0.3752,0.3938,0.1565,0.72,0.9251,0.615,0.615
9052,477,I477H,I,H,np,p~,0.3752,0.3938,0.1565,0.72,0.9251,0.5632,0.5632
9053,477,I477L,I,L,np,np,0.3752,0.3938,0.1565,0.72,0.9251,0.2607,0.2607
9054,477,I477K,I,K,np,p+,0.3752,0.3938,0.1565,0.72,0.9251,0.6109,0.6109
9055,477,I477M,I,M,np,np,0.3752,0.3938,0.1565,0.72,0.9251,0.3254,0.3254
9056,477,I477F,I,F,np,np,0.3752,0.3938,0.1565,0.72,0.9251,0.4172,0.4172
9057,477,I477P,I,P,np,np,0.3752,0.3938,0.1565,0.72,0.9251,0.7514,0.7514
9058,477,I477S,I,S,np,p~,0.3752,0.3938,0.1565,0.72,0.9251,0.4125,0.4125
9059,477,I477T,I,T,np,p~,0.3752,0.3938,0.1565,0.72,0.9251,0.3432,0.3432
9060,477,I477W,I,W,np,np,0.3752,0.3938,0.1565,0.72,0.9251,0.5872,0.5872
9061,477,I477Y,I,Y,np,p~,0.3752,0.3938,0.1565,0.72,0.9251,0.5649,0.5649
9062,477,I477V,I,V,np,np,0.3752,0.3938,0.1565,0.72,0.9251,0.1616,0.1616
9063,478,T478A,T,A,p~,np,0.3265,0.3401,0.3693,0.4957,0.4208,0.3163,0.3163
9064,478,T478R,T,R,p~,p+,0.3265,0.3401,0.3693,0.4957,0.4208,0.6959,0.6959
9065,478,T478N,T,N,p~,p~,0.3265,0.3401,0.3693,0.4957,0.4208,0.3096,0.3096
9066,478,T478D,T,D,p~,p-,0.3265,0.3401,0.3693,0.4957,0.4208,0.4685,0.4685
9067,478,T478C,T,C,p~,p~,0.3265,0.3401,0.3693,0.4957,0.4208,0.4163,0.4163
9068,478,T478Q,T,Q,p~,p~,0.3265,0.3401,0.3693,0.4957,0.4208,0.4942,0.4942
9069,478,T478E,T,E,p~,p-,0.3265,0.3401,0.3693,0.4957,0.4208,0.5421,0.5421
9070,478,T478G,T,G,p~,np,0.3265,0.3401,0.3693,0.4957,0.4208,0.4143,0.4143
9071,478,T478H,T,H,p~,p~,0.3265,0.3401,0.3693,0.4957,0.4208,0.473,0.473
9072,478,T478I,T,I,p~,np,0.3265,0.3401,0.3693,0.4957,0.4208,0.3092,0.3092
9073,478,T478L,T,L,p~,np,0.3265,0.3401,0.3693,0.4957,0.4208,0.3955,0.3955
9074,478,T478K,T,K,p~,p+,0.3265,0.3401,0.3693,0.4957,0.4208,0.7271,0.7271
9075,478,T478M,T,M,p~,np,0.3265,0.3401,0.3693,0.4957,0.4208,0.3862,0.3862
9076,478,T478F,T,F,p~,np,0.3265,0.3401,0.3693,0.4957,0.4208,0.4417,0.4417
9077,478,T478P,T,P,p~,np,0.3265,0.3401,0.3693,0.4957,0.4208,0.6768,0.6768
9078,478,T478S,T,S,p~,p~,0.3265,0.3401,0.3693,0.4957,0.4208,0.2607,0.2607
9079,478,T478W,T,W,p~,np,0.3265,0.3401,0.3693,0.4957,0.4208,0.5911,0.5911
9080,478,T478Y,T,Y,p~,p~,0.3265,0.3401,0.3693,0.4957,0.4208,0.5084,0.5084
9081,478,T478V,T,V,p~,np,0.3265,0.3401,0.3693,0.4957,0.4208,0.251,0.251
9082,479,G479A,G,A,np,np,0.3111,0.3234,0.0825,0.9854,0.9757,0.4444,0.4444
9083,479,G479R,G,R,np,p+,0.3111,0.3234,0.0825,0.9854,0.9757,0.7204,0.7204
9084,479,G479N,G,N,np,p~,0.3111,0.3234,0.0825,0.9854,0.9757,0.4293,0.4293
9085,479,G479D,G,D,np,p-,0.3111,0.3234,0.0825,0.9854,0.9757,0.5554,0.5554
9086,479,G479C,G,C,np,p~,0.3111,0.3234,0.0825,0.9854,0.9757,0.5653,0.5653
9087,479,G479Q,G,Q,np,p~,0.3111,0.3234,0.0825,0.9854,0.9757,0.6288,0.6288
9088,479,G479E,G,E,np,p-,0.3111,0.3234,0.0825,0.9854,0.9757,0.6341,0.6341
9089,479,G479H,G,H,np,p~,0.3111,0.3234,0.0825,0.9854,0.9757,0.623,0.623
9090,479,G479I,G,I,np,np,0.3111,0.3234,0.0825,0.9854,0.9757,0.8162,0.8162
9091,479,G479L,G,L,np,np,0.3111,0.3234,0.0825,0.9854,0.9757,0.7285,0.7285
9092,479,G479K,G,K,np,p+,0.3111,0.3234,0.0825,0.9854,0.9757,0.7284,0.7284
9093,479,G479M,G,M,np,np,0.3111,0.3234,0.0825,0.9854,0.9757,0.7152,0.7152
9094,479,G479F,G,F,np,np,0.3111,0.3234,0.0825,0.9854,0.9757,0.7294,0.7294
9095,479,G479P,G,P,np,np,0.3111,0.3234,0.0825,0.9854,0.9757,0.699,0.699
9096,479,G479S,G,S,np,p~,0.3111,0.3234,0.0825,0.9854,0.9757,0.4291,0.4291
9097,479,G479T,G,T,np,p~,0.3111,0.3234,0.0825,0.9854,0.9757,0.5822,0.5822
9098,479,G479W,G,W,np,np,0.3111,0.3234,0.0825,0.9854,0.9757,0.7727,0.7727
9099,479,G479Y,G,Y,np,p~,0.3111,0.3234,0.0825,0.9854,0.9757,0.6845,0.6845
9100,479,G479V,G,V,np,np,0.3111,0.3234,0.0825,0.9854,0.9757,0.6835,0.6835
9101,480,G480A,G,A,np,np,0.2719,0.2879,0.0771,0.999,0.9983,0.6724,0.6724
9102,480,G480R,G,R,np,p+,0.2719,0.2879,0.0771,0.999,0.9983,0.7026,0.7026
9103,480,G480N,G,N,np,p~,0.2719,0.2879,0.0771,0.999,0.9983,0.7463,0.7463
9104,480,G480D,G,D,np,p-,0.2719,0.2879,0.0771,0.999,0.9983,0.6831,0.6831
9105,480,G480C,G,C,np,p~,0.2719,0.2879,0.0771,0.999,0.9983,0.7271,0.7271
9106,480,G480Q,G,Q,np,p~,0.2719,0.2879,0.0771,0.999,0.9983,0.8,0.8
9107,480,G480E,G,E,np,p-,0.2719,0.2879,0.0771,0.999,0.9983,0.7377,0.7377
9108,480,G480H,G,H,np,p~,0.2719,0.2879,0.0771,0.999,0.9983,0.814,0.814
9109,480,G480I,G,I,np,np,0.2719,0.2879,0.0771,0.999,0.9983,0.8797,0.8797
9110,480,G480L,G,L,np,np,0.2719,0.2879,0.0771,0.999,0.9983,0.816,0.816
9111,480,G480K,G,K,np,p+,0.2719,0.2879,0.0771,0.999,0.9983,0.787,0.787
9112,480,G480M,G,M,np,np,0.2719,0.2879,0.0771,0.999,0.9983,0.8276,0.8276
9113,480,G480F,G,F,np,np,0.2719,0.2879,0.0771,0.999,0.9983,0.8434,0.8434
9114,480,G480P,G,P,np,np,0.2719,0.2879,0.0771,0.999,0.9983,0.8551,0.8551
9115,480,G480S,G,S,np,p~,0.2719,0.2879,0.0771,0.999,0.9983,0.6347,0.6347
9116,480,G480T,G,T,np,p~,0.2719,0.2879,0.0771,0.999,0.9983,0.8058,0.8058
9117,480,G480W,G,W,np,np,0.2719,0.2879,0.0771,0.999,0.9983,0.818,0.818
9118,480,G480Y,G,Y,np,p~,0.2719,0.2879,0.0771,0.999,0.9983,0.8255,0.8255
9119,480,G480V,G,V,np,np,0.2719,0.2879,0.0771,0.999,0.9983,0.7586,0.7586
9120,481,Q481A,Q,A,p~,np,0.2111,0.233,0.0948,0.8981,0.8624,0.3923,0.3923
9121,481,Q481R,Q,R,p~,p+,0.2111,0.233,0.0948,0.8981,0.8624,0.5161,0.5161
9122,481,Q481N,Q,N,p~,p~,0.2111,0.233,0.0948,0.8981,0.8624,0.3937,0.3937
9123,481,Q481D,Q,D,p~,p-,0.2111,0.233,0.0948,0.8981,0.8624,0.4936,0.4936
9124,481,Q481C,Q,C,p~,p~,0.2111,0.233,0.0948,0.8981,0.8624,0.5161,0.5161
9125,481,Q481E,Q,E,p~,p-,0.2111,0.233,0.0948,0.8981,0.8624,0.3123,0.3123
9126,481,Q481G,Q,G,p~,np,0.2111,0.233,0.0948,0.8981,0.8624,0.4622,0.4622
9127,481,Q481H,Q,H,p~,p~,0.2111,0.233,0.0948,0.8981,0.8624,0.4152,0.4152
9128,481,Q481I,Q,I,p~,np,0.2111,0.233,0.0948,0.8981,0.8624,0.3684,0.3684
9129,481,Q481L,Q,L,p~,np,0.2111,0.233,0.0948,0.8981,0.8624,0.3183,0.3183
9130,481,Q481K,Q,K,p~,p+,0.2111,0.233,0.0948,0.8981,0.8624,0.5231,0.5231
9131,481,Q481M,Q,M,p~,np,0.2111,0.233,0.0948,0.8981,0.8624,0.2927,0.2927
9132,481,Q481F,Q,F,p~,np,0.2111,0.233,0.0948,0.8981,0.8624,0.485,0.485
9133,481,Q481P,Q,P,p~,np,0.2111,0.233,0.0948,0.8981,0.8624,0.6775,0.6775
9134,481,Q481S,Q,S,p~,p~,0.2111,0.233,0.0948,0.8981,0.8624,0.3816,0.3816
9135,481,Q481T,Q,T,p~,p~,0.2111,0.233,0.0948,0.8981,0.8624,0.3828,0.3828
9136,481,Q481W,Q,W,p~,np,0.2111,0.233,0.0948,0.8981,0.8624,0.5871,0.5871
9137,481,Q481Y,Q,Y,p~,p~,0.2111,0.233,0.0948,0.8981,0.8624,0.5153,0.5153
9138,481,Q481V,Q,V,p~,np,0.2111,0.233,0.0948,0.8981,0.8624,0.361,0.361
9139,482,R482A,R,A,p+,np,0.2712,0.3057,0.3824,0.2952,0.3282,0.1912,0.1912
9140,482,R482N,R,N,p+,p~,0.2712,0.3057,0.3824,0.2952,0.3282,0.2751,0.2751
9141,482,R482D,R,D,p+,p-,0.2712,0.3057,0.3824,0.2952,0.3282,0.3276,0.3276
9142,482,R482C,R,C,p+,p~,0.2712,0.3057,0.3824,0.2952,0.3282,0.6116,0.6116
9143,482,R482Q,R,Q,p+,p~,0.2712,0.3057,0.3824,0.2952,0.3282,0.1535,0.1535
9144,482,R482E,R,E,p+,p-,0.2712,0.3057,0.3824,0.2952,0.3282,0.2528,0.2528
9145,482,R482G,R,G,p+,np,0.2712,0.3057,0.3824,0.2952,0.3282,0.2367,0.2367
9146,482,R482H,R,H,p+,p~,0.2712,0.3057,0.3824,0.2952,0.3282,0.3078,0.3078
9147,482,R482I,R,I,p+,np,0.2712,0.3057,0.3824,0.2952,0.3282,0.3255,0.3255
9148,482,R482L,R,L,p+,np,0.2712,0.3057,0.3824,0.2952,0.3282,0.2779,0.2779
9149,482,R482K,R,K,p+,p+,0.2712,0.3057,0.3824,0.2952,0.3282,0.1583,0.1583
9150,482,R482M,R,M,p+,np,0.2712,0.3057,0.3824,0.2952,0.3282,0.3286,0.3286
9151,482,R482F,R,F,p+,np,0.2712,0.3057,0.3824,0.2952,0.3282,0.4117,0.4117
9152,482,R482P,R,P,p+,np,0.2712,0.3057,0.3824,0.2952,0.3282,0.2723,0.2723
9153,482,R482S,R,S,p+,p~,0.2712,0.3057,0.3824,0.2952,0.3282,0.22,0.22
9154,482,R482T,R,T,p+,p~,0.2712,0.3057,0.3824,0.2952,0.3282,0.1902,0.1902
9155,482,R482W,R,W,p+,np,0.2712,0.3057,0.3824,0.2952,0.3282,0.4618,0.4618
9156,482,R482Y,R,Y,p+,p~,0.2712,0.3057,0.3824,0.2952,0.3282,0.4165,0.4165
9157,482,R482V,R,V,p+,np,0.2712,0.3057,0.3824,0.2952,0.3282,0.2808,0.2808
9158,483,R483A,R,A,p+,np,0.2103,0.2444,0.2513,0.4382,0.5335,0.3462,0.3462
9159,483,R483N,R,N,p+,p~,0.2103,0.2444,0.2513,0.4382,0.5335,0.16,0.16
9160,483,R483D,R,D,p+,p-,0.2103,0.2444,0.2513,0.4382,0.5335,0.3341,0.3341
9161,483,R483C,R,C,p+,p~,0.2103,0.2444,0.2513,0.4382,0.5335,0.5716,0.5716
9162,483,R483Q,R,Q,p+,p~,0.2103,0.2444,0.2513,0.4382,0.5335,0.2721,0.2721
9163,483,R483E,R,E,p+,p-,0.2103,0.2444,0.2513,0.4382,0.5335,0.3731,0.3731
9164,483,R483G,R,G,p+,np,0.2103,0.2444,0.2513,0.4382,0.5335,0.3728,0.3728
9165,483,R483H,R,H,p+,p~,0.2103,0.2444,0.2513,0.4382,0.5335,0.1018,0.1018
9166,483,R483I,R,I,p+,np,0.2103,0.2444,0.2513,0.4382,0.5335,0.3072,0.3072
9167,483,R483L,R,L,p+,np,0.2103,0.2444,0.2513,0.4382,0.5335,0.3254,0.3254
9168,483,R483K,R,K,p+,p+,0.2103,0.2444,0.2513,0.4382,0.5335,0.1777,0.1777
9169,483,R483M,R,M,p+,np,0.2103,0.2444,0.2513,0.4382,0.5335,0.3716,0.3716
9170,483,R483F,R,F,p+,np,0.2103,0.2444,0.2513,0.4382,0.5335,0.2173,0.2173
9171,483,R483P,R,P,p+,np,0.2103,0.2444,0.2513,0.4382,0.5335,0.5458,0.5458
9172,483,R483S,R,S,p+,p~,0.2103,0.2444,0.2513,0.4382,0.5335,0.2324,0.2324
9173,483,R483T,R,T,p+,p~,0.2103,0.2444,0.2513,0.4382,0.5335,0.243,0.243
9174,483,R483W,R,W,p+,np,0.2103,0.2444,0.2513,0.4382,0.5335,0.2375,0.2375
9175,483,R483Y,R,Y,p+,p~,0.2103,0.2444,0.2513,0.4382,0.5335,0.1205,0.1205
9176,483,R483V,R,V,p+,np,0.2103,0.2444,0.2513,0.4382,0.5335,0.2947,0.2947
9177,484,G484A,G,A,np,np,0.1485,0.1916,0.1989,0.5272,0.5146,0.0999,0.0999
9178,484,G484R,G,R,np,p+,0.1485,0.1916,0.1989,0.5272,0.5146,0.4288,0.4288
9179,484,G484N,G,N,np,p~,0.1485,0.1916,0.1989,0.5272,0.5146,0.3331,0.3331
9180,484,G484D,G,D,np,p-,0.1485,0.1916,0.1989,0.5272,0.5146,0.343,0.343
9181,484,G484C,G,C,np,p~,0.1485,0.1916,0.1989,0.5272,0.5146,0.5863,0.5863
9182,484,G484Q,G,Q,np,p~,0.1485,0.1916,0.1989,0.5272,0.5146,0.3941,0.3941
9183,484,G484E,G,E,np,p-,0.1485,0.1916,0.1989,0.5272,0.5146,0.4047,0.4047
9184,484,G484H,G,H,np,p~,0.1485,0.1916,0.1989,0.5272,0.5146,0.4396,0.4396
9185,484,G484I,G,I,np,np,0.1485,0.1916,0.1989,0.5272,0.5146,0.4429,0.4429
9186,484,G484L,G,L,np,np,0.1485,0.1916,0.1989,0.5272,0.5146,0.4827,0.4827
9187,484,G484K,G,K,np,p+,0.1485,0.1916,0.1989,0.5272,0.5146,0.4308,0.4308
9188,484,G484M,G,M,np,np,0.1485,0.1916,0.1989,0.5272,0.5146,0.511,0.511
9189,484,G484F,G,F,np,np,0.1485,0.1916,0.1989,0.5272,0.5146,0.4581,0.4581
9190,484,G484P,G,P,np,np,0.1485,0.1916,0.1989,0.5272,0.5146,0.2861,0.2861
9191,484,G484S,G,S,np,p~,0.1485,0.1916,0.1989,0.5272,0.5146,0.315,0.315
9192,484,G484T,G,T,np,p~,0.1485,0.1916,0.1989,0.5272,0.5146,0.345,0.345
9193,484,G484W,G,W,np,np,0.1485,0.1916,0.1989,0.5272,0.5146,0.5029,0.5029
9194,484,G484Y,G,Y,np,p~,0.1485,0.1916,0.1989,0.5272,0.5146,0.4019,0.4019
9195,484,G484V,G,V,np,np,0.1485,0.1916,0.1989,0.5272,0.5146,0.3065,0.3065
9196,485,I485A,I,A,np,np,0.1323,0.1643,0.3755,0.3917,0.5313,0.3361,0.3361
9197,485,I485R,I,R,np,p+,0.1323,0.1643,0.3755,0.3917,0.5313,0.2943,0.2943
9198,485,I485N,I,N,np,p~,0.1323,0.1643,0.3755,0.3917,0.5313,0.3247,0.3247
9199,485,I485D,I,D,np,p-,0.1323,0.1643,0.3755,0.3917,0.5313,0.4092,0.4092
9200,485,I485C,I,C,np,p~,0.1323,0.1643,0.3755,0.3917,0.5313,0.6073,0.6073
9201,485,I485Q,I,Q,np,p~,0.1323,0.1643,0.3755,0.3917,0.5313,0.3054,0.3054
9202,485,I485E,I,E,np,p-,0.1323,0.1643,0.3755,0.3917,0.5313,0.3422,0.3422
9203,485,I485G,I,G,np,np,0.1323,0.1643,0.3755,0.3917,0.5313,0.4723,0.4723
9204,485,I485H,I,H,np,p~,0.1323,0.1643,0.3755,0.3917,0.5313,0.3519,0.3519
9205,485,I485L,I,L,np,np,0.1323,0.1643,0.3755,0.3917,0.5313,0.1827,0.1827
9206,485,I485K,I,K,np,p+,0.1323,0.1643,0.3755,0.3917,0.5313,0.2834,0.2834
9207,485,I485M,I,M,np,np,0.1323,0.1643,0.3755,0.3917,0.5313,0.3176,0.3176
9208,485,I485F,I,F,np,np,0.1323,0.1643,0.3755,0.3917,0.5313,0.338,0.338
9209,485,I485P,I,P,np,np,0.1323,0.1643,0.3755,0.3917,0.5313,0.528,0.528
9210,485,I485S,I,S,np,p~,0.1323,0.1643,0.3755,0.3917,0.5313,0.3681,0.3681
9211,485,I485T,I,T,np,p~,0.1323,0.1643,0.3755,0.3917,0.5313,0.2675,0.2675
9212,485,I485W,I,W,np,np,0.1323,0.1643,0.3755,0.3917,0.5313,0.4495,0.4495
9213,485,I485Y,I,Y,np,p~,0.1323,0.1643,0.3755,0.3917,0.5313,0.331,0.331
9214,485,I485V,I,V,np,np,0.1323,0.1643,0.3755,0.3917,0.5313,0.1415,0.1415
9215,486,P486A,P,A,np,np,0.0671,0.1029,0.1025,0.7981,0.7426,0.2064,0.2064
9216,486,P486R,P,R,np,p+,0.0671,0.1029,0.1025,0.7981,0.7426,0.2408,0.2408
9217,486,P486N,P,N,np,p~,0.0671,0.1029,0.1025,0.7981,0.7426,0.3345,0.3345
9218,486,P486D,P,D,np,p-,0.0671,0.1029,0.1025,0.7981,0.7426,0.3988,0.3988
9219,486,P486C,P,C,np,p~,0.0671,0.1029,0.1025,0.7981,0.7426,0.5499,0.5499
9220,486,P486Q,P,Q,np,p~,0.0671,0.1029,0.1025,0.7981,0.7426,0.2552,0.2552
9221,486,P486E,P,E,np,p-,0.0671,0.1029,0.1025,0.7981,0.7426,0.3368,0.3368
9222,486,P486G,P,G,np,np,0.0671,0.1029,0.1025,0.7981,0.7426,0.3449,0.3449
9223,486,P486H,P,H,np,p~,0.0671,0.1029,0.1025,0.7981,0.7426,0.3464,0.3464
9224,486,P486I,P,I,np,np,0.0671,0.1029,0.1025,0.7981,0.7426,0.2232,0.2232
9225,486,P486L,P,L,np,np,0.0671,0.1029,0.1025,0.7981,0.7426,0.2129,0.2129
9226,486,P486K,P,K,np,p+,0.0671,0.1029,0.1025,0.7981,0.7426,0.2789,0.2789
9227,486,P486M,P,M,np,np,0.0671,0.1029,0.1025,0.7981,0.7426,0.2908,0.2908
9228,486,P486F,P,F,np,np,0.0671,0.1029,0.1025,0.7981,0.7426,0.3402,0.3402
9229,486,P486S,P,S,np,p~,0.0671,0.1029,0.1025,0.7981,0.7426,0.3038,0.3038
9230,486,P486T,P,T,np,p~,0.0671,0.1029,0.1025,0.7981,0.7426,0.2699,0.2699
9231,486,P486W,P,W,np,np,0.0671,0.1029,0.1025,0.7981,0.7426,0.4489,0.4489
9232,486,P486Y,P,Y,np,p~,0.0671,0.1029,0.1025,0.7981,0.7426,0.3731,0.3731
9233,486,P486V,P,V,np,np,0.0671,0.1029,0.1025,0.7981,0.7426,0.1475,0.1475
9234,487,F487A,F,A,np,np,0.064,0.088,0.0848,0.9733,0.9757,0.6426,0.6426
9235,487,F487R,F,R,np,p+,0.064,0.088,0.0848,0.9733,0.9757,0.7015,0.7015
9236,487,F487N,F,N,np,p~,0.064,0.088,0.0848,0.9733,0.9757,0.6214,0.6214
9237,487,F487D,F,D,np,p-,0.064,0.088,0.0848,0.9733,0.9757,0.6615,0.6615
9238,487,F487C,F,C,np,p~,0.064,0.088,0.0848,0.9733,0.9757,0.6911,0.6911
9239,487,F487Q,F,Q,np,p~,0.064,0.088,0.0848,0.9733,0.9757,0.6599,0.6599
9240,487,F487E,F,E,np,p-,0.064,0.088,0.0848,0.9733,0.9757,0.7243,0.7243
9241,487,F487G,F,G,np,np,0.064,0.088,0.0848,0.9733,0.9757,0.6471,0.6471
9242,487,F487H,F,H,np,p~,0.064,0.088,0.0848,0.9733,0.9757,0.5867,0.5867
9243,487,F487I,F,I,np,np,0.064,0.088,0.0848,0.9733,0.9757,0.5831,0.5831
9244,487,F487L,F,L,np,np,0.064,0.088,0.0848,0.9733,0.9757,0.5206,0.5206
9245,487,F487K,F,K,np,p+,0.064,0.088,0.0848,0.9733,0.9757,0.7634,0.7634
9246,487,F487M,F,M,np,np,0.064,0.088,0.0848,0.9733,0.9757,0.5411,0.5411
9247,487,F487P,F,P,np,np,0.064,0.088,0.0848,0.9733,0.9757,0.7321,0.7321
9248,487,F487S,F,S,np,p~,0.064,0.088,0.0848,0.9733,0.9757,0.5684,0.5684
9249,487,F487T,F,T,np,p~,0.064,0.088,0.0848,0.9733,0.9757,0.6163,0.6163
9250,487,F487W,F,W,np,np,0.064,0.088,0.0848,0.9733,0.9757,0.4733,0.4733
9251,487,F487Y,F,Y,np,p~,0.064,0.088,0.0848,0.9733,0.9757,0.4332,0.4332
9252,487,F487V,F,V,np,np,0.064,0.088,0.0848,0.9733,0.9757,0.6149,0.6149
9253,488,E488A,E,A,p-,np,0.169,0.1888,0.3285,0.3508,0.3763,0.1739,0.1739
9254,488,E488R,E,R,p-,p+,0.169,0.1888,0.3285,0.3508,0.3763,0.1961,0.1961
9255,488,E488N,E,N,p-,p~,0.169,0.1888,0.3285,0.3508,0.3763,0.1113,0.1113
9256,488,E488D,E,D,p-,p-,0.169,0.1888,0.3285,0.3508,0.3763,0.0551,0.0551
9257,488,E488C,E,C,p-,p~,0.169,0.1888,0.3285,0.3508,0.3763,0.486,0.486
9258,488,E488Q,E,Q,p-,p~,0.169,0.1888,0.3285,0.3508,0.3763,0.2002,0.2002
9259,488,E488G,E,G,p-,np,0.169,0.1888,0.3285,0.3508,0.3763,0.2249,0.2249
9260,488,E488H,E,H,p-,p~,0.169,0.1888,0.3285,0.3508,0.3763,0.2917,0.2917
9261,488,E488I,E,I,p-,np,0.169,0.1888,0.3285,0.3508,0.3763,0.2335,0.2335
9262,488,E488L,E,L,p-,np,0.169,0.1888,0.3285,0.3508,0.3763,0.2474,0.2474
9263,488,E488K,E,K,p-,p+,0.169,0.1888,0.3285,0.3508,0.3763,0.2476,0.2476
9264,488,E488M,E,M,p-,np,0.169,0.1888,0.3285,0.3508,0.3763,0.301,0.301
9265,488,E488F,E,F,p-,np,0.169,0.1888,0.3285,0.3508,0.3763,0.3102,0.3102
9266,488,E488P,E,P,p-,np,0.169,0.1888,0.3285,0.3508,0.3763,0.3916,0.3916
9267,488,E488S,E,S,p-,p~,0.169,0.1888,0.3285,0.3508,0.3763,-0.0307,-0.0307
9268,488,E488T,E,T,p-,p~,0.169,0.1888,0.3285,0.3508,0.3763,0.0251,0.0251
9269,488,E488W,E,W,p-,np,0.169,0.1888,0.3285,0.3508,0.3763,0.3466,0.3466
9270,488,E488Y,E,Y,p-,p~,0.169,0.1888,0.3285,0.3508,0.3763,0.2568,0.2568
9271,488,E488V,E,V,p-,np,0.169,0.1888,0.3285,0.3508,0.3763,0.1913,0.1913
9272,489,D489A,D,A,p-,np,0.2317,0.2488,0.1164,0.8005,0.978,0.5355,0.5355
9273,489,D489R,D,R,p-,p+,0.2317,0.2488,0.1164,0.8005,0.978,0.7717,0.7717
9274,489,D489N,D,N,p-,p~,0.2317,0.2488,0.1164,0.8005,0.978,0.5297,0.5297
9275,489,D489C,D,C,p-,p~,0.2317,0.2488,0.1164,0.8005,0.978,0.8217,0.8217
9276,489,D489Q,D,Q,p-,p~,0.2317,0.2488,0.1164,0.8005,0.978,0.6182,0.6182
9277,489,D489E,D,E,p-,p-,0.2317,0.2488,0.1164,0.8005,0.978,0.385,0.385
9278,489,D489G,D,G,p-,np,0.2317,0.2488,0.1164,0.8005,0.978,0.585,0.585
9279,489,D489H,D,H,p-,p~,0.2317,0.2488,0.1164,0.8005,0.978,0.6718,0.6718
9280,489,D489I,D,I,p-,np,0.2317,0.2488,0.1164,0.8005,0.978,0.7071,0.7071
9281,489,D489L,D,L,p-,np,0.2317,0.2488,0.1164,0.8005,0.978,0.6701,0.6701
9282,489,D489K,D,K,p-,p+,0.2317,0.2488,0.1164,0.8005,0.978,0.7252,0.7252
9283,489,D489M,D,M,p-,np,0.2317,0.2488,0.1164,0.8005,0.978,0.7006,0.7006
9284,489,D489F,D,F,p-,np,0.2317,0.2488,0.1164,0.8005,0.978,0.6638,0.6638
9285,489,D489P,D,P,p-,np,0.2317,0.2488,0.1164,0.8005,0.978,0.6679,0.6679
9286,489,D489S,D,S,p-,p~,0.2317,0.2488,0.1164,0.8005,0.978,0.5603,0.5603
9287,489,D489T,D,T,p-,p~,0.2317,0.2488,0.1164,0.8005,0.978,0.6054,0.6054
9288,489,D489W,D,W,p-,np,0.2317,0.2488,0.1164,0.8005,0.978,0.7659,0.7659
9289,489,D489Y,D,Y,p-,p~,0.2317,0.2488,0.1164,0.8005,0.978,0.6673,0.6673
9290,489,D489V,D,V,p-,np,0.2317,0.2488,0.1164,0.8005,0.978,0.655,0.655
9291,490,S490A,S,A,p~,np,0.24,0.2678,0.3539,0.3544,0.3133,0.2019,0.2019
9292,490,S490R,S,R,p~,p+,0.24,0.2678,0.3539,0.3544,0.3133,0.3447,0.3447
9293,490,S490N,S,N,p~,p~,0.24,0.2678,0.3539,0.3544,0.3133,0.2288,0.2288
9294,490,S490D,S,D,p~,p-,0.24,0.2678,0.3539,0.3544,0.3133,0.2069,0.2069
9295,490,S490C,S,C,p~,p~,0.24,0.2678,0.3539,0.3544,0.3133,0.6319,0.6319
9296,490,S490Q,S,Q,p~,p~,0.24,0.2678,0.3539,0.3544,0.3133,0.3132,0.3132
9297,490,S490E,S,E,p~,p-,0.24,0.2678,0.3539,0.3544,0.3133,0.2716,0.2716
9298,490,S490G,S,G,p~,np,0.24,0.2678,0.3539,0.3544,0.3133,0.2586,0.2586
9299,490,S490H,S,H,p~,p~,0.24,0.2678,0.3539,0.3544,0.3133,0.3997,0.3997
9300,490,S490I,S,I,p~,np,0.24,0.2678,0.3539,0.3544,0.3133,0.3673,0.3673
9301,490,S490L,S,L,p~,np,0.24,0.2678,0.3539,0.3544,0.3133,0.3293,0.3293
9302,490,S490K,S,K,p~,p+,0.24,0.2678,0.3539,0.3544,0.3133,0.2962,0.2962
9303,490,S490M,S,M,p~,np,0.24,0.2678,0.3539,0.3544,0.3133,0.4117,0.4117
9304,490,S490F,S,F,p~,np,0.24,0.2678,0.3539,0.3544,0.3133,0.3608,0.3608
9305,490,S490P,S,P,p~,np,0.24,0.2678,0.3539,0.3544,0.3133,0.3981,0.3981
9306,490,S490T,S,T,p~,p~,0.24,0.2678,0.3539,0.3544,0.3133,0.2038,0.2038
9307,490,S490W,S,W,p~,np,0.24,0.2678,0.3539,0.3544,0.3133,0.4237,0.4237
9308,490,S490Y,S,Y,p~,p~,0.24,0.2678,0.3539,0.3544,0.3133,0.3422,0.3422
9309,490,S490V,S,V,p~,np,0.24,0.2678,0.3539,0.3544,0.3133,0.3286,0.3286
9310,491,T491A,T,A,p~,np,0.2756,0.3031,0.3608,0.5392,0.5311,0.2514,0.2514
9311,491,T491R,T,R,p~,p+,0.2756,0.3031,0.3608,0.5392,0.5311,0.3242,0.3242
9312,491,T491N,T,N,p~,p~,0.2756,0.3031,0.3608,0.5392,0.5311,0.2184,0.2184
9313,491,T491D,T,D,p~,p-,0.2756,0.3031,0.3608,0.5392,0.5311,0.2218,0.2218
9314,491,T491C,T,C,p~,p~,0.2756,0.3031,0.3608,0.5392,0.5311,0.6542,0.6542
9315,491,T491Q,T,Q,p~,p~,0.2756,0.3031,0.3608,0.5392,0.5311,0.2771,0.2771
9316,491,T491E,T,E,p~,p-,0.2756,0.3031,0.3608,0.5392,0.5311,0.2527,0.2527
9317,491,T491G,T,G,p~,np,0.2756,0.3031,0.3608,0.5392,0.5311,0.2174,0.2174
9318,491,T491H,T,H,p~,p~,0.2756,0.3031,0.3608,0.5392,0.5311,0.385,0.385
9319,491,T491I,T,I,p~,np,0.2756,0.3031,0.3608,0.5392,0.5311,0.321,0.321
9320,491,T491L,T,L,p~,np,0.2756,0.3031,0.3608,0.5392,0.5311,0.2865,0.2865
9321,491,T491K,T,K,p~,p+,0.2756,0.3031,0.3608,0.5392,0.5311,0.2906,0.2906
9322,491,T491M,T,M,p~,np,0.2756,0.3031,0.3608,0.5392,0.5311,0.3869,0.3869
9323,491,T491F,T,F,p~,np,0.2756,0.3031,0.3608,0.5392,0.5311,0.3824,0.3824
9324,491,T491P,T,P,p~,np,0.2756,0.3031,0.3608,0.5392,0.5311,0.5419,0.5419
9325,491,T491S,T,S,p~,p~,0.2756,0.3031,0.3608,0.5392,0.5311,0.2117,0.2117
9326,491,T491W,T,W,p~,np,0.2756,0.3031,0.3608,0.5392,0.5311,0.5098,0.5098
9327,491,T491Y,T,Y,p~,p~,0.2756,0.3031,0.3608,0.5392,0.5311,0.3641,0.3641
9328,491,T491V,T,V,p~,np,0.2756,0.3031,0.3608,0.5392,0.5311,0.2655,0.2655
9329,492,P492A,P,A,np,np,0.3158,0.3339,0.32,0.4798,0.3877,0.1964,0.1964
9330,492,P492R,P,R,np,p+,0.3158,0.3339,0.32,0.4798,0.3877,0.4861,0.4861
9331,492,P492N,P,N,np,p~,0.3158,0.3339,0.32,0.4798,0.3877,0.3739,0.3739
9332,492,P492D,P,D,np,p-,0.3158,0.3339,0.32,0.4798,0.3877,0.4028,0.4028
9333,492,P492C,P,C,np,p~,0.3158,0.3339,0.32,0.4798,0.3877,0.4945,0.4945
9334,492,P492Q,P,Q,np,p~,0.3158,0.3339,0.32,0.4798,0.3877,0.3839,0.3839
9335,492,P492E,P,E,np,p-,0.3158,0.3339,0.32,0.4798,0.3877,0.3959,0.3959
9336,492,P492G,P,G,np,np,0.3158,0.3339,0.32,0.4798,0.3877,0.3281,0.3281
9337,492,P492H,P,H,np,p~,0.3158,0.3339,0.32,0.4798,0.3877,0.4633,0.4633
9338,492,P492I,P,I,np,np,0.3158,0.3339,0.32,0.4798,0.3877,0.2996,0.2996
9339,492,P492L,P,L,np,np,0.3158,0.3339,0.32,0.4798,0.3877,0.3338,0.3338
9340,492,P492K,P,K,np,p+,0.3158,0.3339,0.32,0.4798,0.3877,0.5361,0.5361
9341,492,P492M,P,M,np,np,0.3158,0.3339,0.32,0.4798,0.3877,0.3445,0.3445
9342,492,P492F,P,F,np,np,0.3158,0.3339,0.32,0.4798,0.3877,0.3996,0.3996
9343,492,P492S,P,S,np,p~,0.3158,0.3339,0.32,0.4798,0.3877,0.3095,0.3095
9344,492,P492T,P,T,np,p~,0.3158,0.3339,0.32,0.4798,0.3877,0.3241,0.3241
9345,492,P492W,P,W,np,np,0.3158,0.3339,0.32,0.4798,0.3877,0.5137,0.5137
9346,492,P492Y,P,Y,np,p~,0.3158,0.3339,0.32,0.4798,0.3877,0.4339,0.4339
9347,492,P492V,P,V,np,np,0.3158,0.3339,0.32,0.4798,0.3877,0.2801,0.2801
9348,493,V493A,V,A,np,np,0.3387,0.3537,0.6677,0.5144,0.4127,0.2146,0.2146
9349,493,V493R,V,R,np,p+,0.3387,0.3537,0.6677,0.5144,0.4127,0.4526,0.4526
9350,493,V493N,V,N,np,p~,0.3387,0.3537,0.6677,0.5144,0.4127,0.3793,0.3793
9351,493,V493D,V,D,np,p-,0.3387,0.3537,0.6677,0.5144,0.4127,0.4185,0.4185
9352,493,V493C,V,C,np,p~,0.3387,0.3537,0.6677,0.5144,0.4127,0.5078,0.5078
9353,493,V493Q,V,Q,np,p~,0.3387,0.3537,0.6677,0.5144,0.4127,0.2363,0.2363
9354,493,V493E,V,E,np,p-,0.3387,0.3537,0.6677,0.5144,0.4127,0.3041,0.3041
9355,493,V493G,V,G,np,np,0.3387,0.3537,0.6677,0.5144,0.4127,0.4202,0.4202
9356,493,V493H,V,H,np,p~,0.3387,0.3537,0.6677,0.5144,0.4127,0.4535,0.4535
9357,493,V493I,V,I,np,np,0.3387,0.3537,0.6677,0.5144,0.4127,0.2822,0.2822
9358,493,V493L,V,L,np,np,0.3387,0.3537,0.6677,0.5144,0.4127,0.3597,0.3597
9359,493,V493K,V,K,np,p+,0.3387,0.3537,0.6677,0.5144,0.4127,0.5027,0.5027
9360,493,V493M,V,M,np,np,0.3387,0.3537,0.6677,0.5144,0.4127,0.3937,0.3937
9361,493,V493F,V,F,np,np,0.3387,0.3537,0.6677,0.5144,0.4127,0.4727,0.4727
9362,493,V493P,V,P,np,np,0.3387,0.3537,0.6677,0.5144,0.4127,0.5605,0.5605
9363,493,V493S,V,S,np,p~,0.3387,0.3537,0.6677,0.5144,0.4127,0.2656,0.2656
9364,493,V493T,V,T,np,p~,0.3387,0.3537,0.6677,0.5144,0.4127,0.2929,0.2929
9365,493,V493W,V,W,np,np,0.3387,0.3537,0.6677,0.5144,0.4127,0.5279,0.5279
9366,493,V493Y,V,Y,np,p~,0.3387,0.3537,0.6677,0.5144,0.4127,0.4582,0.4582
9367,494,F494A,F,A,np,np,0.3875,0.395,0.118,0.6903,0.6738,0.3156,0.3156
9368,494,F494R,F,R,np,p+,0.3875,0.395,0.118,0.6903,0.6738,0.3414,0.3414
9369,494,F494N,F,N,np,p~,0.3875,0.395,0.118,0.6903,0.6738,0.304,0.304
9370,494,F494D,F,D,np,p-,0.3875,0.395,0.118,0.6903,0.6738,0.3991,0.3991
9371,494,F494C,F,C,np,p~,0.3875,0.395,0.118,0.6903,0.6738,0.5408,0.5408
9372,494,F494Q,F,Q,np,p~,0.3875,0.395,0.118,0.6903,0.6738,0.2695,0.2695
9373,494,F494E,F,E,np,p-,0.3875,0.395,0.118,0.6903,0.6738,0.3982,0.3982
9374,494,F494G,F,G,np,np,0.3875,0.395,0.118,0.6903,0.6738,0.4027,0.4027
9375,494,F494H,F,H,np,p~,0.3875,0.395,0.118,0.6903,0.6738,0.3541,0.3541
9376,494,F494I,F,I,np,np,0.3875,0.395,0.118,0.6903,0.6738,0.2758,0.2758
9377,494,F494L,F,L,np,np,0.3875,0.395,0.118,0.6903,0.6738,0.0457,0.0457
9378,494,F494K,F,K,np,p+,0.3875,0.395,0.118,0.6903,0.6738,0.3696,0.3696
9379,494,F494M,F,M,np,np,0.3875,0.395,0.118,0.6903,0.6738,0.1409,0.1409
9380,494,F494P,F,P,np,np,0.3875,0.395,0.118,0.6903,0.6738,0.314,0.314
9381,494,F494S,F,S,np,p~,0.3875,0.395,0.118,0.6903,0.6738,0.3357,0.3357
9382,494,F494T,F,T,np,p~,0.3875,0.395,0.118,0.6903,0.6738,0.2476,0.2476
9383,494,F494W,F,W,np,np,0.3875,0.395,0.118,0.6903,0.6738,0.3615,0.3615
9384,494,F494Y,F,Y,np,p~,0.3875,0.395,0.118,0.6903,0.6738,0.1741,0.1741
9385,494,F494V,F,V,np,np,0.3875,0.395,0.118,0.6903,0.6738,0.2978,0.2978
9386,495,T495A,T,A,p~,np,0.4286,0.4394,0.1681,0.5157,0.4577,0.1787,0.1787
9387,495,T495R,T,R,p~,p+,0.4286,0.4394,0.1681,0.5157,0.4577,0.356,0.356
9388,495,T495N,T,N,p~,p~,0.4286,0.4394,0.1681,0.5157,0.4577,0.1701,0.1701
9389,495,T495D,T,D,p~,p-,0.4286,0.4394,0.1681,0.5157,0.4577,0.2233,0.2233
9390,495,T495C,T,C,p~,p~,0.4286,0.4394,0.1681,0.5157,0.4577,0.6143,0.6143
9391,495,T495Q,T,Q,p~,p~,0.4286,0.4394,0.1681,0.5157,0.4577,0.1666,0.1666
9392,495,T495E,T,E,p~,p-,0.4286,0.4394,0.1681,0.5157,0.4577,0.1647,0.1647
9393,495,T495G,T,G,p~,np,0.4286,0.4394,0.1681,0.5157,0.4577,0.419,0.419
9394,495,T495H,T,H,p~,p~,0.4286,0.4394,0.1681,0.5157,0.4577,0.3848,0.3848
9395,495,T495I,T,I,p~,np,0.4286,0.4394,0.1681,0.5157,0.4577,0.1493,0.1493
9396,495,T495L,T,L,p~,np,0.4286,0.4394,0.1681,0.5157,0.4577,0.2122,0.2122
9397,495,T495K,T,K,p~,p+,0.4286,0.4394,0.1681,0.5157,0.4577,0.3351,0.3351
9398,495,T495M,T,M,p~,np,0.4286,0.4394,0.1681,0.5157,0.4577,0.2831,0.2831
9399,495,T495F,T,F,p~,np,0.4286,0.4394,0.1681,0.5157,0.4577,0.3033,0.3033
9400,495,T495P,T,P,p~,np,0.4286,0.4394,0.1681,0.5157,0.4577,0.3797,0.3797
9401,495,T495S,T,S,p~,p~,0.4286,0.4394,0.1681,0.5157,0.4577,0.2596,0.2596
9402,495,T495W,T,W,p~,np,0.4286,0.4394,0.1681,0.5157,0.4577,0.3326,0.3326
9403,495,T495Y,T,Y,p~,p~,0.4286,0.4394,0.1681,0.5157,0.4577,0.2521,0.2521
9404,495,T495V,T,V,p~,np,0.4286,0.4394,0.1681,0.5157,0.4577,0.1173,0.1173
9405,496,P496A,P,A,np,np,0.4418,0.4506,0.0964,0.8656,0.7803,0.1795,0.1795
9406,496,P496R,P,R,np,p+,0.4418,0.4506,0.0964,0.8656,0.7803,0.6826,0.6826
9407,496,P496N,P,N,np,p~,0.4418,0.4506,0.0964,0.8656,0.7803,0.3489,0.3489
9408,496,P496D,P,D,np,p-,0.4418,0.4506,0.0964,0.8656,0.7803,0.37,0.37
9409,496,P496C,P,C,np,p~,0.4418,0.4506,0.0964,0.8656,0.7803,0.4757,0.4757
9410,496,P496Q,P,Q,np,p~,0.4418,0.4506,0.0964,0.8656,0.7803,0.4702,0.4702
9411,496,P496E,P,E,np,p-,0.4418,0.4506,0.0964,0.8656,0.7803,0.4717,0.4717
9412,496,P496G,P,G,np,np,0.4418,0.4506,0.0964,0.8656,0.7803,0.2527,0.2527
9413,496,P496H,P,H,np,p~,0.4418,0.4506,0.0964,0.8656,0.7803,0.5613,0.5613
9414,496,P496I,P,I,np,np,0.4418,0.4506,0.0964,0.8656,0.7803,0.5484,0.5484
9415,496,P496L,P,L,np,np,0.4418,0.4506,0.0964,0.8656,0.7803,0.5981,0.5981
9416,496,P496K,P,K,np,p+,0.4418,0.4506,0.0964,0.8656,0.7803,0.6909,0.6909
9417,496,P496M,P,M,np,np,0.4418,0.4506,0.0964,0.8656,0.7803,0.4961,0.4961
9418,496,P496F,P,F,np,np,0.4418,0.4506,0.0964,0.8656,0.7803,0.6276,0.6276
9419,496,P496S,P,S,np,p~,0.4418,0.4506,0.0964,0.8656,0.7803,0.1723,0.1723
9420,496,P496T,P,T,np,p~,0.4418,0.4506,0.0964,0.8656,0.7803,0.2624,0.2624
9421,496,P496W,P,W,np,np,0.4418,0.4506,0.0964,0.8656,0.7803,0.6612,0.6612
9422,496,P496Y,P,Y,np,p~,0.4418,0.4506,0.0964,0.8656,0.7803,0.5467,0.5467
9423,496,P496V,P,V,np,np,0.4418,0.4506,0.0964,0.8656,0.7803,0.393,0.393
9424,497,E497A,E,A,p-,np,0.4344,0.4531,0.084,0.9854,0.9757,0.5962,0.5962
9425,497,E497R,E,R,p-,p+,0.4344,0.4531,0.084,0.9854,0.9757,0.7447,0.7447
9426,497,E497N,E,N,p-,p~,0.4344,0.4531,0.084,0.9854,0.9757,0.6123,0.6123
9427,497,E497D,E,D,p-,p-,0.4344,0.4531,0.084,0.9854,0.9757,0.3827,0.3827
9428,497,E497C,E,C,p-,p~,0.4344,0.4531,0.084,0.9854,0.9757,0.7827,0.7827
9429,497,E497Q,E,Q,p-,p~,0.4344,0.4531,0.084,0.9854,0.9757,0.4918,0.4918
9430,497,E497G,E,G,p-,np,0.4344,0.4531,0.084,0.9854,0.9757,0.7274,0.7274
9431,497,E497H,E,H,p-,p~,0.4344,0.4531,0.084,0.9854,0.9757,0.6211,0.6211
9432,497,E497I,E,I,p-,np,0.4344,0.4531,0.084,0.9854,0.9757,0.6433,0.6433
9433,497,E497L,E,L,p-,np,0.4344,0.4531,0.084,0.9854,0.9757,0.4547,0.4547
9434,497,E497K,E,K,p-,p+,0.4344,0.4531,0.084,0.9854,0.9757,0.738,0.738
9435,497,E497M,E,M,p-,np,0.4344,0.4531,0.084,0.9854,0.9757,0.5264,0.5264
9436,497,E497F,E,F,p-,np,0.4344,0.4531,0.084,0.9854,0.9757,0.6648,0.6648
9437,497,E497P,E,P,p-,np,0.4344,0.4531,0.084,0.9854,0.9757,0.897,0.897
9438,497,E497S,E,S,p-,p~,0.4344,0.4531,0.084,0.9854,0.9757,0.6214,0.6214
9439,497,E497T,E,T,p-,p~,0.4344,0.4531,0.084,0.9854,0.9757,0.5892,0.5892
9440,497,E497W,E,W,p-,np,0.4344,0.4531,0.084,0.9854,0.9757,0.6566,0.6566
9441,497,E497Y,E,Y,p-,p~,0.4344,0.4531,0.084,0.9854,0.9757,0.6198,0.6198
9442,497,E497V,E,V,p-,np,0.4344,0.4531,0.084,0.9854,0.9757,0.5726,0.5726
9443,498,I498A,I,A,np,np,0.4977,0.5107,0.1635,0.5669,0.8851,0.3824,0.3824
9444,498,I498R,I,R,np,p+,0.4977,0.5107,0.1635,0.5669,0.8851,0.202,0.202
9445,498,I498N,I,N,np,p~,0.4977,0.5107,0.1635,0.5669,0.8851,0.4781,0.4781
9446,498,I498D,I,D,np,p-,0.4977,0.5107,0.1635,0.5669,0.8851,0.6644,0.6644
9447,498,I498C,I,C,np,p~,0.4977,0.5107,0.1635,0.5669,0.8851,0.599,0.599
9448,498,I498Q,I,Q,np,p~,0.4977,0.5107,0.1635,0.5669,0.8851,0.379,0.379
9449,498,I498E,I,E,np,p-,0.4977,0.5107,0.1635,0.5669,0.8851,0.4772,0.4772
9450,498,I498G,I,G,np,np,0.4977,0.5107,0.1635,0.5669,0.8851,0.5459,0.5459
9451,498,I498H,I,H,np,p~,0.4977,0.5107,0.1635,0.5669,0.8851,0.4176,0.4176
9452,498,I498L,I,L,np,np,0.4977,0.5107,0.1635,0.5669,0.8851,0.1798,0.1798
9453,498,I498K,I,K,np,p+,0.4977,0.5107,0.1635,0.5669,0.8851,0.301,0.301
9454,498,I498M,I,M,np,np,0.4977,0.5107,0.1635,0.5669,0.8851,0.2483,0.2483
9455,498,I498F,I,F,np,np,0.4977,0.5107,0.1635,0.5669,0.8851,0.3623,0.3623
9456,498,I498P,I,P,np,np,0.4977,0.5107,0.1635,0.5669,0.8851,0.7515,0.7515
9457,498,I498S,I,S,np,p~,0.4977,0.5107,0.1635,0.5669,0.8851,0.4299,0.4299
9458,498,I498T,I,T,np,p~,0.4977,0.5107,0.1635,0.5669,0.8851,0.3371,0.3371
9459,498,I498W,I,W,np,np,0.4977,0.5107,0.1635,0.5669,0.8851,0.4764,0.4764
9460,498,I498Y,I,Y,np,p~,0.4977,0.5107,0.1635,0.5669,0.8851,0.3709,0.3709
9461,498,I498V,I,V,np,np,0.4977,0.5107,0.1635,0.5669,0.8851,0.2039,0.2039
9462,499,Y499A,Y,A,p~,np,0.5046,0.5232,0.1311,0.6977,0.9983,0.6451,0.6451
9463,499,Y499R,Y,R,p~,p+,0.5046,0.5232,0.1311,0.6977,0.9983,0.6227,0.6227
9464,499,Y499N,Y,N,p~,p~,0.5046,0.5232,0.1311,0.6977,0.9983,0.6479,0.6479
9465,499,Y499D,Y,D,p~,p-,0.5046,0.5232,0.1311,0.6977,0.9983,0.6907,0.6907
9466,499,Y499C,Y,C,p~,p~,0.5046,0.5232,0.1311,0.6977,0.9983,0.7003,0.7003
9467,499,Y499Q,Y,Q,p~,p~,0.5046,0.5232,0.1311,0.6977,0.9983,0.7034,0.7034
9468,499,Y499E,Y,E,p~,p-,0.5046,0.5232,0.1311,0.6977,0.9983,0.7354,0.7354
9469,499,Y499G,Y,G,p~,np,0.5046,0.5232,0.1311,0.6977,0.9983,0.71,0.71
9470,499,Y499H,Y,H,p~,p~,0.5046,0.5232,0.1311,0.6977,0.9983,0.4598,0.4598
9471,499,Y499I,Y,I,p~,np,0.5046,0.5232,0.1311,0.6977,0.9983,0.6783,0.6783
9472,499,Y499L,Y,L,p~,np,0.5046,0.5232,0.1311,0.6977,0.9983,0.546,0.546
9473,499,Y499K,Y,K,p~,p+,0.5046,0.5232,0.1311,0.6977,0.9983,0.6957,0.6957
9474,499,Y499M,Y,M,p~,np,0.5046,0.5232,0.1311,0.6977,0.9983,0.6859,0.6859
9475,499,Y499F,Y,F,p~,np,0.5046,0.5232,0.1311,0.6977,0.9983,0.3519,0.3519
9476,499,Y499P,Y,P,p~,np,0.5046,0.5232,0.1311,0.6977,0.9983,0.7876,0.7876
9477,499,Y499S,Y,S,p~,p~,0.5046,0.5232,0.1311,0.6977,0.9983,0.5966,0.5966
9478,499,Y499T,Y,T,p~,p~,0.5046,0.5232,0.1311,0.6977,0.9983,0.6847,0.6847
9479,499,Y499W,Y,W,p~,np,0.5046,0.5232,0.1311,0.6977,0.9983,0.2518,0.2518
9480,499,Y499V,Y,V,p~,np,0.5046,0.5232,0.1311,0.6977,0.9983,0.6736,0.6736
9481,500,V500A,V,A,np,np,0.5658,0.5812,0.2621,0.4383,0.3225,0.3086,0.3086
9482,500,V500R,V,R,np,p+,0.5658,0.5812,0.2621,0.4383,0.3225,0.193,0.193
9483,500,V500N,V,N,np,p~,0.5658,0.5812,0.2621,0.4383,0.3225,0.1204,0.1204
9484,500,V500D,V,D,np,p-,0.5658,0.5812,0.2621,0.4383,0.3225,0.1329,0.1329
9485,500,V500C,V,C,np,p~,0.5658,0.5812,0.2621,0.4383,0.3225,0.3803,0.3803
9486,500,V500Q,V,Q,np,p~,0.5658,0.5812,0.2621,0.4383,0.3225,0.2688,0.2688
9487,500,V500E,V,E,np,p-,0.5658,0.5812,0.2621,0.4383,0.3225,0.3094,0.3094
9488,500,V500G,V,G,np,np,0.5658,0.5812,0.2621,0.4383,0.3225,0.501,0.501
9489,500,V500H,V,H,np,p~,0.5658,0.5812,0.2621,0.4383,0.3225,0.1728,0.1728
9490,500,V500I,V,I,np,np,0.5658,0.5812,0.2621,0.4383,0.3225,0.2065,0.2065
9491,500,V500L,V,L,np,np,0.5658,0.5812,0.2621,0.4383,0.3225,0.1965,0.1965
9492,500,V500K,V,K,np,p+,0.5658,0.5812,0.2621,0.4383,0.3225,0.1761,0.1761
9493,500,V500M,V,M,np,np,0.5658,0.5812,0.2621,0.4383,0.3225,0.3056,0.3056
9494,500,V500F,V,F,np,np,0.5658,0.5812,0.2621,0.4383,0.3225,0.2156,0.2156
9495,500,V500P,V,P,np,np,0.5658,0.5812,0.2621,0.4383,0.3225,0.5205,0.5205
9496,500,V500S,V,S,np,p~,0.5658,0.5812,0.2621,0.4383,0.3225,0.1456,0.1456
9497,500,V500T,V,T,np,p~,0.5658,0.5812,0.2621,0.4383,0.3225,0.3408,0.3408
9498,500,V500W,V,W,np,np,0.5658,0.5812,0.2621,0.4383,0.3225,0.3395,0.3395
9499,500,V500Y,V,Y,np,p~,0.5658,0.5812,0.2621,0.4383,0.3225,0.1773,0.1773
9500,501,P501A,P,A,np,np,0.5779,0.5939,0.0802,0.9292,0.8816,0.43,0.43
9501,501,P501R,P,R,np,p+,0.5779,0.5939,0.0802,0.9292,0.8816,0.5386,0.5386
9502,501,P501N,P,N,np,p~,0.5779,0.5939,0.0802,0.9292,0.8816,0.5849,0.5849
9503,501,P501D,P,D,np,p-,0.5779,0.5939,0.0802,0.9292,0.8816,0.4668,0.4668
9504,501,P501C,P,C,np,p~,0.5779,0.5939,0.0802,0.9292,0.8816,0.8237,0.8237
9505,501,P501Q,P,Q,np,p~,0.5779,0.5939,0.0802,0.9292,0.8816,0.5018,0.5018
9506,501,P501E,P,E,np,p-,0.5779,0.5939,0.0802,0.9292,0.8816,0.4738,0.4738
9507,501,P501G,P,G,np,np,0.5779,0.5939,0.0802,0.9292,0.8816,0.5744,0.5744
9508,501,P501H,P,H,np,p~,0.5779,0.5939,0.0802,0.9292,0.8816,0.5049,0.5049
9509,501,P501I,P,I,np,np,0.5779,0.5939,0.0802,0.9292,0.8816,0.6335,0.6335
9510,501,P501L,P,L,np,np,0.5779,0.5939,0.0802,0.9292,0.8816,0.624,0.624
9511,501,P501K,P,K,np,p+,0.5779,0.5939,0.0802,0.9292,0.8816,0.535,0.535
9512,501,P501M,P,M,np,np,0.5779,0.5939,0.0802,0.9292,0.8816,0.7018,0.7018
9513,501,P501F,P,F,np,np,0.5779,0.5939,0.0802,0.9292,0.8816,0.6413,0.6413
9514,501,P501S,P,S,np,p~,0.5779,0.5939,0.0802,0.9292,0.8816,0.4852,0.4852
9515,501,P501T,P,T,np,p~,0.5779,0.5939,0.0802,0.9292,0.8816,0.5312,0.5312
9516,501,P501W,P,W,np,np,0.5779,0.5939,0.0802,0.9292,0.8816,0.6521,0.6521
9517,501,P501Y,P,Y,np,p~,0.5779,0.5939,0.0802,0.9292,0.8816,0.5341,0.5341
9518,501,P501V,P,V,np,np,0.5779,0.5939,0.0802,0.9292,0.8816,0.5525,0.5525
9519,502,E502A,E,A,p-,np,0.6452,0.6601,0.5189,0.3881,0.3074,0.1382,0.1382
9520,502,E502R,E,R,p-,p+,0.6452,0.6601,0.5189,0.3881,0.3074,0.3255,0.3255
9521,502,E502N,E,N,p-,p~,0.6452,0.6601,0.5189,0.3881,0.3074,0.2357,0.2357
9522,502,E502D,E,D,p-,p-,0.6452,0.6601,0.5189,0.3881,0.3074,0.1778,0.1778
9523,502,E502C,E,C,p-,p~,0.6452,0.6601,0.5189,0.3881,0.3074,0.5248,0.5248
9524,502,E502Q,E,Q,p-,p~,0.6452,0.6601,0.5189,0.3881,0.3074,0.2394,0.2394
9525,502,E502G,E,G,p-,np,0.6452,0.6601,0.5189,0.3881,0.3074,0.1885,0.1885
9526,502,E502H,E,H,p-,p~,0.6452,0.6601,0.5189,0.3881,0.3074,0.407,0.407
9527,502,E502I,E,I,p-,np,0.6452,0.6601,0.5189,0.3881,0.3074,0.4032,0.4032
9528,502,E502L,E,L,p-,np,0.6452,0.6601,0.5189,0.3881,0.3074,0.3465,0.3465
9529,502,E502K,E,K,p-,p+,0.6452,0.6601,0.5189,0.3881,0.3074,0.2473,0.2473
9530,502,E502M,E,M,p-,np,0.6452,0.6601,0.5189,0.3881,0.3074,0.4437,0.4437
9531,502,E502F,E,F,p-,np,0.6452,0.6601,0.5189,0.3881,0.3074,0.4155,0.4155
9532,502,E502P,E,P,p-,np,0.6452,0.6601,0.5189,0.3881,0.3074,0.4721,0.4721
9533,502,E502S,E,S,p-,p~,0.6452,0.6601,0.5189,0.3881,0.3074,0.0859,0.0859
9534,502,E502T,E,T,p-,p~,0.6452,0.6601,0.5189,0.3881,0.3074,0.2585,0.2585
9535,502,E502W,E,W,p-,np,0.6452,0.6601,0.5189,0.3881,0.3074,0.4088,0.4088
9536,502,E502Y,E,Y,p-,p~,0.6452,0.6601,0.5189,0.3881,0.3074,0.3401,0.3401
9537,502,E502V,E,V,p-,np,0.6452,0.6601,0.5189,0.3881,0.3074,0.3553,0.3553
9538,503,Q503A,Q,A,p~,np,0.6511,0.6681,0.1658,0.4236,0.4193,0.209,0.209
9539,503,Q503R,Q,R,p~,p+,0.6511,0.6681,0.1658,0.4236,0.4193,0.1856,0.1856
9540,503,Q503N,Q,N,p~,p~,0.6511,0.6681,0.1658,0.4236,0.4193,0.0871,0.0871
9541,503,Q503D,Q,D,p~,p-,0.6511,0.6681,0.1658,0.4236,0.4193,0.201,0.201
9542,503,Q503C,Q,C,p~,p~,0.6511,0.6681,0.1658,0.4236,0.4193,0.4501,0.4501
9543,503,Q503E,Q,E,p~,p-,0.6511,0.6681,0.1658,0.4236,0.4193,0.2561,0.2561
9544,503,Q503G,Q,G,p~,np,0.6511,0.6681,0.1658,0.4236,0.4193,0.2363,0.2363
9545,503,Q503H,Q,H,p~,p~,0.6511,0.6681,0.1658,0.4236,0.4193,0.3234,0.3234
9546,503,Q503I,Q,I,p~,np,0.6511,0.6681,0.1658,0.4236,0.4193,0.344,0.344
9547,503,Q503L,Q,L,p~,np,0.6511,0.6681,0.1658,0.4236,0.4193,0.199,0.199
9548,503,Q503K,Q,K,p~,p+,0.6511,0.6681,0.1658,0.4236,0.4193,0.1287,0.1287
9549,503,Q503M,Q,M,p~,np,0.6511,0.6681,0.1658,0.4236,0.4193,0.3409,0.3409
9550,503,Q503F,Q,F,p~,np,0.6511,0.6681,0.1658,0.4236,0.4193,0.3186,0.3186
9551,503,Q503P,Q,P,p~,np,0.6511,0.6681,0.1658,0.4236,0.4193,0.4258,0.4258
9552,503,Q503S,Q,S,p~,p~,0.6511,0.6681,0.1658,0.4236,0.4193,0.1112,0.1112
9553,503,Q503T,Q,T,p~,p~,0.6511,0.6681,0.1658,0.4236,0.4193,-0.0088,-0.0088
9554,503,Q503W,Q,W,p~,np,0.6511,0.6681,0.1658,0.4236,0.4193,0.3837,0.3837
9555,503,Q503Y,Q,Y,p~,p~,0.6511,0.6681,0.1658,0.4236,0.4193,0.2739,0.2739
9556,503,Q503V,Q,V,p~,np,0.6511,0.6681,0.1658,0.4236,0.4193,0.3598,0.3598
9557,504,D504A,D,A,p-,np,0.5833,0.6058,0.2691,0.5491,0.3246,0.3554,0.3554
9558,504,D504R,D,R,p-,p+,0.5833,0.6058,0.2691,0.5491,0.3246,0.3272,0.3272
9559,504,D504N,D,N,p-,p~,0.5833,0.6058,0.2691,0.5491,0.3246,0.1167,0.1167
9560,504,D504C,D,C,p-,p~,0.5833,0.6058,0.2691,0.5491,0.3246,0.6893,0.6893
9561,504,D504Q,D,Q,p-,p~,0.5833,0.6058,0.2691,0.5491,0.3246,0.2707,0.2707
9562,504,D504E,D,E,p-,p-,0.5833,0.6058,0.2691,0.5491,0.3246,0.2328,0.2328
9563,504,D504G,D,G,p-,np,0.5833,0.6058,0.2691,0.5491,0.3246,0.2303,0.2303
9564,504,D504H,D,H,p-,p~,0.5833,0.6058,0.2691,0.5491,0.3246,0.4251,0.4251
9565,504,D504I,D,I,p-,np,0.5833,0.6058,0.2691,0.5491,0.3246,0.5799,0.5799
9566,504,D504L,D,L,p-,np,0.5833,0.6058,0.2691,0.5491,0.3246,0.5069,0.5069
9567,504,D504K,D,K,p-,p+,0.5833,0.6058,0.2691,0.5491,0.3246,0.2544,0.2544
9568,504,D504M,D,M,p-,np,0.5833,0.6058,0.2691,0.5491,0.3246,0.5219,0.5219
9569,504,D504F,D,F,p-,np,0.5833,0.6058,0.2691,0.5491,0.3246,0.6063,0.6063
9570,504,D504P,D,P,p-,np,0.5833,0.6058,0.2691,0.5491,0.3246,0.6237,0.6237
9571,504,D504S,D,S,p-,p~,0.5833,0.6058,0.2691,0.5491,0.3246,0.3435,0.3435
9572,504,D504T,D,T,p-,p~,0.5833,0.6058,0.2691,0.5491,0.3246,0.4381,0.4381
9573,504,D504W,D,W,p-,np,0.5833,0.6058,0.2691,0.5491,0.3246,0.6177,0.6177
9574,504,D504Y,D,Y,p-,p~,0.5833,0.6058,0.2691,0.5491,0.3246,0.5451,0.5451
9575,504,D504V,D,V,p-,np,0.5833,0.6058,0.2691,0.5491,0.3246,0.4889,0.4889
9576,505,T505A,T,A,p~,np,0.5717,0.5885,0.313,0.3646,0.3324,0.2101,0.2101
9577,505,T505R,T,R,p~,p+,0.5717,0.5885,0.313,0.3646,0.3324,0.1168,0.1168
9578,505,T505N,T,N,p~,p~,0.5717,0.5885,0.313,0.3646,0.3324,0.2551,0.2551
9579,505,T505D,T,D,p~,p-,0.5717,0.5885,0.313,0.3646,0.3324,0.3466,0.3466
9580,505,T505C,T,C,p~,p~,0.5717,0.5885,0.313,0.3646,0.3324,0.4188,0.4188
9581,505,T505Q,T,Q,p~,p~,0.5717,0.5885,0.313,0.3646,0.3324,0.2071,0.2071
9582,505,T505E,T,E,p~,p-,0.5717,0.5885,0.313,0.3646,0.3324,0.3172,0.3172
9583,505,T505G,T,G,p~,np,0.5717,0.5885,0.313,0.3646,0.3324,0.2621,0.2621
9584,505,T505H,T,H,p~,p~,0.5717,0.5885,0.313,0.3646,0.3324,0.2919,0.2919
9585,505,T505I,T,I,p~,np,0.5717,0.5885,0.313,0.3646,0.3324,0.2773,0.2773
9586,505,T505L,T,L,p~,np,0.5717,0.5885,0.313,0.3646,0.3324,0.2585,0.2585
9587,505,T505K,T,K,p~,p+,0.5717,0.5885,0.313,0.3646,0.3324,0.0866,0.0866
9588,505,T505M,T,M,p~,np,0.5717,0.5885,0.313,0.3646,0.3324,0.3239,0.3239
9589,505,T505F,T,F,p~,np,0.5717,0.5885,0.313,0.3646,0.3324,0.3581,0.3581
9590,505,T505P,T,P,p~,np,0.5717,0.5885,0.313,0.3646,0.3324,0.599,0.599
9591,505,T505S,T,S,p~,p~,0.5717,0.5885,0.313,0.3646,0.3324,0.1974,0.1974
9592,505,T505W,T,W,p~,np,0.5717,0.5885,0.313,0.3646,0.3324,0.4089,0.4089
9593,505,T505Y,T,Y,p~,p~,0.5717,0.5885,0.313,0.3646,0.3324,0.3126,0.3126
9594,505,T505V,T,V,p~,np,0.5717,0.5885,0.313,0.3646,0.3324,0.247,0.247
9595,506,F506A,F,A,np,np,0.476,0.4983,0.0995,0.8792,0.9773,0.5093,0.5093
9596,506,F506R,F,R,np,p+,0.476,0.4983,0.0995,0.8792,0.9773,0.6708,0.6708
9597,506,F506N,F,N,np,p~,0.476,0.4983,0.0995,0.8792,0.9773,0.6514,0.6514
9598,506,F506D,F,D,np,p-,0.476,0.4983,0.0995,0.8792,0.9773,0.7536,0.7536
9599,506,F506C,F,C,np,p~,0.476,0.4983,0.0995,0.8792,0.9773,0.542,0.542
9600,506,F506Q,F,Q,np,p~,0.476,0.4983,0.0995,0.8792,0.9773,0.6722,0.6722
9601,506,F506E,F,E,np,p-,0.476,0.4983,0.0995,0.8792,0.9773,0.7133,0.7133
9602,506,F506G,F,G,np,np,0.476,0.4983,0.0995,0.8792,0.9773,0.6429,0.6429
9603,506,F506H,F,H,np,p~,0.476,0.4983,0.0995,0.8792,0.9773,0.6187,0.6187
9604,506,F506I,F,I,np,np,0.476,0.4983,0.0995,0.8792,0.9773,0.3459,0.3459
9605,506,F506L,F,L,np,np,0.476,0.4983,0.0995,0.8792,0.9773,0.3769,0.3769
9606,506,F506K,F,K,np,p+,0.476,0.4983,0.0995,0.8792,0.9773,0.7324,0.7324
9607,506,F506M,F,M,np,np,0.476,0.4983,0.0995,0.8792,0.9773,0.4445,0.4445
9608,506,F506P,F,P,np,np,0.476,0.4983,0.0995,0.8792,0.9773,0.6254,0.6254
9609,506,F506S,F,S,np,p~,0.476,0.4983,0.0995,0.8792,0.9773,0.5089,0.5089
9610,506,F506T,F,T,np,p~,0.476,0.4983,0.0995,0.8792,0.9773,0.493,0.493
9611,506,F506W,F,W,np,np,0.476,0.4983,0.0995,0.8792,0.9773,0.2702,0.2702
9612,506,F506Y,F,Y,np,p~,0.476,0.4983,0.0995,0.8792,0.9773,0.3692,0.3692
9613,506,F506V,F,V,np,np,0.476,0.4983,0.0995,0.8792,0.9773,0.3553,0.3553
9614,507,Y507A,Y,A,p~,np,0.5303,0.5419,0.387,0.3526,0.2016,0.2158,0.2158
9615,507,Y507R,Y,R,p~,p+,0.5303,0.5419,0.387,0.3526,0.2016,0.1261,0.1261
9616,507,Y507N,Y,N,p~,p~,0.5303,0.5419,0.387,0.3526,0.2016,0.3125,0.3125
9617,507,Y507D,Y,D,p~,p-,0.5303,0.5419,0.387,0.3526,0.2016,0.3837,0.3837
9618,507,Y507C,Y,C,p~,p~,0.5303,0.5419,0.387,0.3526,0.2016,0.4268,0.4268
9619,507,Y507Q,Y,Q,p~,p~,0.5303,0.5419,0.387,0.3526,0.2016,0.1792,0.1792
9620,507,Y507E,Y,E,p~,p-,0.5303,0.5419,0.387,0.3526,0.2016,0.238,0.238
9621,507,Y507G,Y,G,p~,np,0.5303,0.5419,0.387,0.3526,0.2016,0.3754,0.3754
9622,507,Y507H,Y,H,p~,p~,0.5303,0.5419,0.387,0.3526,0.2016,0.2786,0.2786
9623,507,Y507I,Y,I,p~,np,0.5303,0.5419,0.387,0.3526,0.2016,0.069,0.069
9624,507,Y507L,Y,L,p~,np,0.5303,0.5419,0.387,0.3526,0.2016,0.1781,0.1781
9625,507,Y507K,Y,K,p~,p+,0.5303,0.5419,0.387,0.3526,0.2016,0.1139,0.1139
9626,507,Y507M,Y,M,p~,np,0.5303,0.5419,0.387,0.3526,0.2016,0.2866,0.2866
9627,507,Y507F,Y,F,p~,np,0.5303,0.5419,0.387,0.3526,0.2016,0.2375,0.2375
9628,507,Y507P,Y,P,p~,np,0.5303,0.5419,0.387,0.3526,0.2016,0.5828,0.5828
9629,507,Y507S,Y,S,p~,p~,0.5303,0.5419,0.387,0.3526,0.2016,0.1533,0.1533
9630,507,Y507T,Y,T,p~,p~,0.5303,0.5419,0.387,0.3526,0.2016,0.0643,0.0643
9631,507,Y507W,Y,W,p~,np,0.5303,0.5419,0.387,0.3526,0.2016,0.3339,0.3339
9632,507,Y507V,Y,V,p~,np,0.5303,0.5419,0.387,0.3526,0.2016,0.0546,0.0546
9633,508,K508A,K,A,p+,np,0.5257,0.5382,0.5166,0.3249,0.154,0.1775,0.1775
9634,508,K508R,K,R,p+,p+,0.5257,0.5382,0.5166,0.3249,0.154,0.1664,0.1664
9635,508,K508N,K,N,p+,p~,0.5257,0.5382,0.5166,0.3249,0.154,0.2475,0.2475
9636,508,K508D,K,D,p+,p-,0.5257,0.5382,0.5166,0.3249,0.154,0.2954,0.2954
9637,508,K508C,K,C,p+,p~,0.5257,0.5382,0.5166,0.3249,0.154,0.4923,0.4923
9638,508,K508Q,K,Q,p+,p~,0.5257,0.5382,0.5166,0.3249,0.154,0.1523,0.1523
9639,508,K508E,K,E,p+,p-,0.5257,0.5382,0.5166,0.3249,0.154,0.2348,0.2348
9640,508,K508G,K,G,p+,np,0.5257,0.5382,0.5166,0.3249,0.154,0.3143,0.3143
9641,508,K508H,K,H,p+,p~,0.5257,0.5382,0.5166,0.3249,0.154,0.3168,0.3168
9642,508,K508I,K,I,p+,np,0.5257,0.5382,0.5166,0.3249,0.154,0.243,0.243
9643,508,K508L,K,L,p+,np,0.5257,0.5382,0.5166,0.3249,0.154,0.2144,0.2144
9644,508,K508M,K,M,p+,np,0.5257,0.5382,0.5166,0.3249,0.154,0.285,0.285
9645,508,K508F,K,F,p+,np,0.5257,0.5382,0.5166,0.3249,0.154,0.2935,0.2935
9646,508,K508P,K,P,p+,np,0.5257,0.5382,0.5166,0.3249,0.154,0.2099,0.2099
9647,508,K508S,K,S,p+,p~,0.5257,0.5382,0.5166,0.3249,0.154,0.2082,0.2082
9648,508,K508T,K,T,p+,p~,0.5257,0.5382,0.5166,0.3249,0.154,0.1332,0.1332
9649,508,K508W,K,W,p+,np,0.5257,0.5382,0.5166,0.3249,0.154,0.3574,0.3574
9650,508,K508Y,K,Y,p+,p~,0.5257,0.5382,0.5166,0.3249,0.154,0.2286,0.2286
9651,508,K508V,K,V,p+,np,0.5257,0.5382,0.5166,0.3249,0.154,0.1933,0.1933
9652,509,Q509A,Q,A,p~,np,0.5248,0.532,0.2498,0.5423,0.5855,0.143,0.143
9653,509,Q509R,Q,R,p~,p+,0.5248,0.532,0.2498,0.5423,0.5855,0.2885,0.2885
9654,509,Q509N,Q,N,p~,p~,0.5248,0.532,0.2498,0.5423,0.5855,0.3069,0.3069
9655,509,Q509D,Q,D,p~,p-,0.5248,0.532,0.2498,0.5423,0.5855,0.3865,0.3865
9656,509,Q509C,Q,C,p~,p~,0.5248,0.532,0.2498,0.5423,0.5855,0.3859,0.3859
9657,509,Q509E,Q,E,p~,p-,0.5248,0.532,0.2498,0.5423,0.5855,0.3067,0.3067
9658,509,Q509G,Q,G,p~,np,0.5248,0.532,0.2498,0.5423,0.5855,0.1995,0.1995
9659,509,Q509H,Q,H,p~,p~,0.5248,0.532,0.2498,0.5423,0.5855,0.2443,0.2443
9660,509,Q509I,Q,I,p~,np,0.5248,0.532,0.2498,0.5423,0.5855,0.1987,0.1987
9661,509,Q509L,Q,L,p~,np,0.5248,0.532,0.2498,0.5423,0.5855,-0.0063,-0.0063
9662,509,Q509K,Q,K,p~,p+,0.5248,0.532,0.2498,0.5423,0.5855,0.2665,0.2665
9663,509,Q509M,Q,M,p~,np,0.5248,0.532,0.2498,0.5423,0.5855,0.0477,0.0477
9664,509,Q509F,Q,F,p~,np,0.5248,0.532,0.2498,0.5423,0.5855,0.2592,0.2592
9665,509,Q509P,Q,P,p~,np,0.5248,0.532,0.2498,0.5423,0.5855,0.2887,0.2887
9666,509,Q509S,Q,S,p~,p~,0.5248,0.532,0.2498,0.5423,0.5855,0.2604,0.2604
9667,509,Q509T,Q,T,p~,p~,0.5248,0.532,0.2498,0.5423,0.5855,0.1549,0.1549
9668,509,Q509W,Q,W,p~,np,0.5248,0.532,0.2498,0.5423,0.5855,0.4085,0.4085
9669,509,Q509Y,Q,Y,p~,p~,0.5248,0.532,0.2498,0.5423,0.5855,0.2936,0.2936
9670,509,Q509V,Q,V,p~,np,0.5248,0.532,0.2498,0.5423,0.5855,0.1473,0.1473
9671,510,N510A,N,A,p~,np,0.5011,0.5111,0.293,0.416,0.3348,0.1574,0.1574
9672,510,N510R,N,R,p~,p+,0.5011,0.5111,0.293,0.416,0.3348,0.3996,0.3996
9673,510,N510D,N,D,p~,p-,0.5011,0.5111,0.293,0.416,0.3348,0.2207,0.2207
9674,510,N510C,N,C,p~,p~,0.5011,0.5111,0.293,0.416,0.3348,0.6047,0.6047
9675,510,N510Q,N,Q,p~,p~,0.5011,0.5111,0.293,0.416,0.3348,0.2589,0.2589
9676,510,N510E,N,E,p~,p-,0.5011,0.5111,0.293,0.416,0.3348,0.2535,0.2535
9677,510,N510G,N,G,p~,np,0.5011,0.5111,0.293,0.416,0.3348,0.3378,0.3378
9678,510,N510H,N,H,p~,p~,0.5011,0.5111,0.293,0.416,0.3348,0.4022,0.4022
9679,510,N510I,N,I,p~,np,0.5011,0.5111,0.293,0.416,0.3348,0.3865,0.3865
9680,510,N510L,N,L,p~,np,0.5011,0.5111,0.293,0.416,0.3348,0.3519,0.3519
9681,510,N510K,N,K,p~,p+,0.5011,0.5111,0.293,0.416,0.3348,0.2998,0.2998
9682,510,N510M,N,M,p~,np,0.5011,0.5111,0.293,0.416,0.3348,0.4158,0.4158
9683,510,N510F,N,F,p~,np,0.5011,0.5111,0.293,0.416,0.3348,0.3985,0.3985
9684,510,N510P,N,P,p~,np,0.5011,0.5111,0.293,0.416,0.3348,0.2551,0.2551
9685,510,N510S,N,S,p~,p~,0.5011,0.5111,0.293,0.416,0.3348,0.2412,0.2412
9686,510,N510T,N,T,p~,p~,0.5011,0.5111,0.293,0.416,0.3348,0.2322,0.2322
9687,510,N510W,N,W,p~,np,0.5011,0.5111,0.293,0.416,0.3348,0.4905,0.4905
9688,510,N510Y,N,Y,p~,p~,0.5011,0.5111,0.293,0.416,0.3348,0.3758,0.3758
9689,510,N510V,N,V,p~,np,0.5011,0.5111,0.293,0.416,0.3348,0.3273,0.3273
9690,511,P511A,P,A,np,np,0.4811,0.4917,0.2005,0.4611,0.3762,0.2124,0.2124
9691,511,P511R,P,R,np,p+,0.4811,0.4917,0.2005,0.4611,0.3762,0.4026,0.4026
9692,511,P511N,P,N,np,p~,0.4811,0.4917,0.2005,0.4611,0.3762,0.2903,0.2903
9693,511,P511D,P,D,np,p-,0.4811,0.4917,0.2005,0.4611,0.3762,0.2923,0.2923
9694,511,P511C,P,C,np,p~,0.4811,0.4917,0.2005,0.4611,0.3762,0.6532,0.6532
9695,511,P511Q,P,Q,np,p~,0.4811,0.4917,0.2005,0.4611,0.3762,0.3358,0.3358
9696,511,P511E,P,E,np,p-,0.4811,0.4917,0.2005,0.4611,0.3762,0.2972,0.2972
9697,511,P511G,P,G,np,np,0.4811,0.4917,0.2005,0.4611,0.3762,0.3349,0.3349
9698,511,P511H,P,H,np,p~,0.4811,0.4917,0.2005,0.4611,0.3762,0.502,0.502
9699,511,P511I,P,I,np,np,0.4811,0.4917,0.2005,0.4611,0.3762,0.4261,0.4261
9700,511,P511L,P,L,np,np,0.4811,0.4917,0.2005,0.4611,0.3762,0.412,0.412
9701,511,P511K,P,K,np,p+,0.4811,0.4917,0.2005,0.4611,0.3762,0.3567,0.3567
9702,511,P511M,P,M,np,np,0.4811,0.4917,0.2005,0.4611,0.3762,0.4948,0.4948
9703,511,P511F,P,F,np,np,0.4811,0.4917,0.2005,0.4611,0.3762,0.4869,0.4869
9704,511,P511S,P,S,np,p~,0.4811,0.4917,0.2005,0.4611,0.3762,0.221,0.221
9705,511,P511T,P,T,np,p~,0.4811,0.4917,0.2005,0.4611,0.3762,0.2805,0.2805
9706,511,P511W,P,W,np,np,0.4811,0.4917,0.2005,0.4611,0.3762,0.564,0.564
9707,511,P511Y,P,Y,np,p~,0.4811,0.4917,0.2005,0.4611,0.3762,0.4655,0.4655
9708,511,P511V,P,V,np,np,0.4811,0.4917,0.2005,0.4611,0.3762,0.352,0.352
9709,512,N512A,N,A,p~,np,0.3918,0.4086,0.3678,0.628,0.5719,0.3161,0.3161
9710,512,N512R,N,R,p~,p+,0.3918,0.4086,0.3678,0.628,0.5719,0.4539,0.4539
9711,512,N512D,N,D,p~,p-,0.3918,0.4086,0.3678,0.628,0.5719,0.4598,0.4598
9712,512,N512C,N,C,p~,p~,0.3918,0.4086,0.3678,0.628,0.5719,0.5924,0.5924
9713,512,N512Q,N,Q,p~,p~,0.3918,0.4086,0.3678,0.628,0.5719,0.2593,0.2593
9714,512,N512E,N,E,p~,p-,0.3918,0.4086,0.3678,0.628,0.5719,0.3812,0.3812
9715,512,N512G,N,G,p~,np,0.3918,0.4086,0.3678,0.628,0.5719,0.4248,0.4248
9716,512,N512H,N,H,p~,p~,0.3918,0.4086,0.3678,0.628,0.5719,0.2831,0.2831
9717,512,N512I,N,I,p~,np,0.3918,0.4086,0.3678,0.628,0.5719,0.4209,0.4209
9718,512,N512L,N,L,p~,np,0.3918,0.4086,0.3678,0.628,0.5719,0.3953,0.3953
9719,512,N512K,N,K,p~,p+,0.3918,0.4086,0.3678,0.628,0.5719,0.4493,0.4493
9720,512,N512M,N,M,p~,np,0.3918,0.4086,0.3678,0.628,0.5719,0.2956,0.2956
9721,512,N512F,N,F,p~,np,0.3918,0.4086,0.3678,0.628,0.5719,0.4796,0.4796
9722,512,N512P,N,P,p~,np,0.3918,0.4086,0.3678,0.628,0.5719,0.4628,0.4628
9723,512,N512S,N,S,p~,p~,0.3918,0.4086,0.3678,0.628,0.5719,0.328,0.328
9724,512,N512T,N,T,p~,p~,0.3918,0.4086,0.3678,0.628,0.5719,0.3722,0.3722
9725,512,N512W,N,W,p~,np,0.3918,0.4086,0.3678,0.628,0.5719,0.5157,0.5157
9726,512,N512Y,N,Y,p~,p~,0.3918,0.4086,0.3678,0.628,0.5719,0.4595,0.4595
9727,512,N512V,N,V,p~,np,0.3918,0.4086,0.3678,0.628,0.5719,0.4196,0.4196
9728,513,S513A,S,A,p~,np,0.4031,0.4174,0.3763,0.4897,0.621,0.209,0.209
9729,513,S513R,S,R,p~,p+,0.4031,0.4174,0.3763,0.4897,0.621,0.3314,0.3314
9730,513,S513N,S,N,p~,p~,0.4031,0.4174,0.3763,0.4897,0.621,0.2105,0.2105
9731,513,S513D,S,D,p~,p-,0.4031,0.4174,0.3763,0.4897,0.621,0.2452,0.2452
9732,513,S513C,S,C,p~,p~,0.4031,0.4174,0.3763,0.4897,0.621,0.6549,0.6549
9733,513,S513Q,S,Q,p~,p~,0.4031,0.4174,0.3763,0.4897,0.621,0.2525,0.2525
9734,513,S513E,S,E,p~,p-,0.4031,0.4174,0.3763,0.4897,0.621,0.2843,0.2843
9735,513,S513G,S,G,p~,np,0.4031,0.4174,0.3763,0.4897,0.621,0.288,0.288
9736,513,S513H,S,H,p~,p~,0.4031,0.4174,0.3763,0.4897,0.621,0.4073,0.4073
9737,513,S513I,S,I,p~,np,0.4031,0.4174,0.3763,0.4897,0.621,0.3507,0.3507
9738,513,S513L,S,L,p~,np,0.4031,0.4174,0.3763,0.4897,0.621,0.3281,0.3281
9739,513,S513K,S,K,p~,p+,0.4031,0.4174,0.3763,0.4897,0.621,0.2501,0.2501
9740,513,S513M,S,M,p~,np,0.4031,0.4174,0.3763,0.4897,0.621,0.404,0.404
9741,513,S513F,S,F,p~,np,0.4031,0.4174,0.3763,0.4897,0.621,0.4474,0.4474
9742,513,S513P,S,P,p~,np,0.4031,0.4174,0.3763,0.4897,0.621,0.2651,0.2651
9743,513,S513T,S,T,p~,p~,0.4031,0.4174,0.3763,0.4897,0.621,0.1393,0.1393
9744,513,S513W,S,W,p~,np,0.4031,0.4174,0.3763,0.4897,0.621,0.5218,0.5218
9745,513,S513Y,S,Y,p~,p~,0.4031,0.4174,0.3763,0.4897,0.621,0.3855,0.3855
9746,513,S513V,S,V,p~,np,0.4031,0.4174,0.3763,0.4897,0.621,0.2858,0.2858
9747,514,I514A,I,A,np,np,0.3372,0.3604,0.1565,0.6903,0.895,0.298,0.298
9748,514,I514R,I,R,np,p+,0.3372,0.3604,0.1565,0.6903,0.895,0.3684,0.3684
9749,514,I514N,I,N,np,p~,0.3372,0.3604,0.1565,0.6903,0.895,0.362,0.362
9750,514,I514D,I,D,np,p-,0.3372,0.3604,0.1565,0.6903,0.895,0.472,0.472
9751,514,I514C,I,C,np,p~,0.3372,0.3604,0.1565,0.6903,0.895,0.6262,0.6262
9752,514,I514Q,I,Q,np,p~,0.3372,0.3604,0.1565,0.6903,0.895,0.346,0.346
9753,514,I514E,I,E,np,p-,0.3372,0.3604,0.1565,0.6903,0.895,0.4284,0.4284
9754,514,I514G,I,G,np,np,0.3372,0.3604,0.1565,0.6903,0.895,0.4388,0.4388
9755,514,I514H,I,H,np,p~,0.3372,0.3604,0.1565,0.6903,0.895,0.4683,0.4683
9756,514,I514L,I,L,np,np,0.3372,0.3604,0.1565,0.6903,0.895,0.2851,0.2851
9757,514,I514K,I,K,np,p+,0.3372,0.3604,0.1565,0.6903,0.895,0.3093,0.3093
9758,514,I514M,I,M,np,np,0.3372,0.3604,0.1565,0.6903,0.895,0.3363,0.3363
9759,514,I514F,I,F,np,np,0.3372,0.3604,0.1565,0.6903,0.895,0.4163,0.4163
9760,514,I514P,I,P,np,np,0.3372,0.3604,0.1565,0.6903,0.895,0.5142,0.5142
9761,514,I514S,I,S,np,p~,0.3372,0.3604,0.1565,0.6903,0.895,0.3457,0.3457
9762,514,I514T,I,T,np,p~,0.3372,0.3604,0.1565,0.6903,0.895,0.2733,0.2733
9763,514,I514W,I,W,np,np,0.3372,0.3604,0.1565,0.6903,0.895,0.5543,0.5543
9764,514,I514Y,I,Y,np,p~,0.3372,0.3604,0.1565,0.6903,0.895,0.4348,0.4348
9765,514,I514V,I,V,np,np,0.3372,0.3604,0.1565,0.6903,0.895,0.1259,0.1259
9766,515,V515A,V,A,np,np,0.2833,0.2962,0.2907,0.6221,0.5457,0.1755,0.1755
9767,515,V515R,V,R,np,p+,0.2833,0.2962,0.2907,0.6221,0.5457,0.4258,0.4258
9768,515,V515N,V,N,np,p~,0.2833,0.2962,0.2907,0.6221,0.5457,0.332,0.332
9769,515,V515D,V,D,np,p-,0.2833,0.2962,0.2907,0.6221,0.5457,0.2849,0.2849
9770,515,V515C,V,C,np,p~,0.2833,0.2962,0.2907,0.6221,0.5457,0.4888,0.4888
9771,515,V515Q,V,Q,np,p~,0.2833,0.2962,0.2907,0.6221,0.5457,0.3866,0.3866
9772,515,V515E,V,E,np,p-,0.2833,0.2962,0.2907,0.6221,0.5457,0.264,0.264
9773,515,V515G,V,G,np,np,0.2833,0.2962,0.2907,0.6221,0.5457,0.2372,0.2372
9774,515,V515H,V,H,np,p~,0.2833,0.2962,0.2907,0.6221,0.5457,0.3643,0.3643
9775,515,V515I,V,I,np,np,0.2833,0.2962,0.2907,0.6221,0.5457,0.2048,0.2048
9776,515,V515L,V,L,np,np,0.2833,0.2962,0.2907,0.6221,0.5457,0.3543,0.3543
9777,515,V515K,V,K,np,p+,0.2833,0.2962,0.2907,0.6221,0.5457,0.4451,0.4451
9778,515,V515M,V,M,np,np,0.2833,0.2962,0.2907,0.6221,0.5457,0.275,0.275
9779,515,V515F,V,F,np,np,0.2833,0.2962,0.2907,0.6221,0.5457,0.2597,0.2597
9780,515,V515P,V,P,np,np,0.2833,0.2962,0.2907,0.6221,0.5457,0.1283,0.1283
9781,515,V515S,V,S,np,p~,0.2833,0.2962,0.2907,0.6221,0.5457,0.2845,0.2845
9782,515,V515T,V,T,np,p~,0.2833,0.2962,0.2907,0.6221,0.5457,0.3081,0.3081
9783,515,V515W,V,W,np,np,0.2833,0.2962,0.2907,0.6221,0.5457,0.4189,0.4189
9784,515,V515Y,V,Y,np,p~,0.2833,0.2962,0.2907,0.6221,0.5457,0.2365,0.2365
9785,516,R516A,R,A,p+,np,0.2547,0.2735,0.0771,1.0,1.0,0.6837,0.6837
9786,516,R516N,R,N,p+,p~,0.2547,0.2735,0.0771,1.0,1.0,0.6814,0.6814
9787,516,R516D,R,D,p+,p-,0.2547,0.2735,0.0771,1.0,1.0,0.7764,0.7764
9788,516,R516C,R,C,p+,p~,0.2547,0.2735,0.0771,1.0,1.0,0.6899,0.6899
9789,516,R516Q,R,Q,p+,p~,0.2547,0.2735,0.0771,1.0,1.0,0.6683,0.6683
9790,516,R516E,R,E,p+,p-,0.2547,0.2735,0.0771,1.0,1.0,0.7466,0.7466
9791,516,R516G,R,G,p+,np,0.2547,0.2735,0.0771,1.0,1.0,0.5678,0.5678
9792,516,R516H,R,H,p+,p~,0.2547,0.2735,0.0771,1.0,1.0,0.5581,0.5581
9793,516,R516I,R,I,p+,np,0.2547,0.2735,0.0771,1.0,1.0,0.6883,0.6883
9794,516,R516L,R,L,p+,np,0.2547,0.2735,0.0771,1.0,1.0,0.6167,0.6167
9795,516,R516K,R,K,p+,p+,0.2547,0.2735,0.0771,1.0,1.0,0.5439,0.5439
9796,516,R516M,R,M,p+,np,0.2547,0.2735,0.0771,1.0,1.0,0.7019,0.7019
9797,516,R516F,R,F,p+,np,0.2547,0.2735,0.0771,1.0,1.0,0.7882,0.7882
9798,516,R516P,R,P,p+,np,0.2547,0.2735,0.0771,1.0,1.0,0.7141,0.7141
9799,516,R516S,R,S,p+,p~,0.2547,0.2735,0.0771,1.0,1.0,0.639,0.639
9800,516,R516T,R,T,p+,p~,0.2547,0.2735,0.0771,1.0,1.0,0.6304,0.6304
9801,516,R516W,R,W,p+,np,0.2547,0.2735,0.0771,1.0,1.0,0.8053,0.8053
9802,516,R516Y,R,Y,p+,p~,0.2547,0.2735,0.0771,1.0,1.0,0.7245,0.7245
9803,516,R516V,R,V,p+,np,0.2547,0.2735,0.0771,1.0,1.0,0.6995,0.6995
9804,517,A517R,A,R,np,p+,0.1933,0.213,0.2729,0.6269,0.6159,0.4137,0.4137
9805,517,A517N,A,N,np,p~,0.1933,0.213,0.2729,0.6269,0.6159,0.0675,0.0675
9806,517,A517D,A,D,np,p-,0.1933,0.213,0.2729,0.6269,0.6159,0.311,0.311
9807,517,A517C,A,C,np,p~,0.1933,0.213,0.2729,0.6269,0.6159,0.1475,0.1475
9808,517,A517Q,A,Q,np,p~,0.1933,0.213,0.2729,0.6269,0.6159,0.2834,0.2834
9809,517,A517E,A,E,np,p-,0.1933,0.213,0.2729,0.6269,0.6159,0.3288,0.3288
9810,517,A517G,A,G,np,np,0.1933,0.213,0.2729,0.6269,0.6159,0.072,0.072
9811,517,A517H,A,H,np,p~,0.1933,0.213,0.2729,0.6269,0.6159,0.3761,0.3761
9812,517,A517I,A,I,np,np,0.1933,0.213,0.2729,0.6269,0.6159,0.2524,0.2524
9813,517,A517L,A,L,np,np,0.1933,0.213,0.2729,0.6269,0.6159,0.1948,0.1948
9814,517,A517K,A,K,np,p+,0.1933,0.213,0.2729,0.6269,0.6159,0.4554,0.4554
9815,517,A517M,A,M,np,np,0.1933,0.213,0.2729,0.6269,0.6159,0.2441,0.2441
9816,517,A517F,A,F,np,np,0.1933,0.213,0.2729,0.6269,0.6159,0.4473,0.4473
9817,517,A517P,A,P,np,np,0.1933,0.213,0.2729,0.6269,0.6159,0.3789,0.3789
9818,517,A517S,A,S,np,p~,0.1933,0.213,0.2729,0.6269,0.6159,0.1186,0.1186
9819,517,A517T,A,T,np,p~,0.1933,0.213,0.2729,0.6269,0.6159,0.0028,0.0028
9820,517,A517W,A,W,np,np,0.1933,0.213,0.2729,0.6269,0.6159,0.5218,0.5218
9821,517,A517Y,A,Y,np,p~,0.1933,0.213,0.2729,0.6269,0.6159,0.4447,0.4447
9822,517,A517V,A,V,np,np,0.1933,0.213,0.2729,0.6269,0.6159,0.0722,0.0722
9823,518,Y518A,Y,A,p~,np,0.0547,0.0813,0.0771,1.0,1.0,0.5409,0.5409
9824,518,Y518R,Y,R,p~,p+,0.0547,0.0813,0.0771,1.0,1.0,0.7228,0.7228
9825,518,Y518N,Y,N,p~,p~,0.0547,0.0813,0.0771,1.0,1.0,0.4919,0.4919
9826,518,Y518D,Y,D,p~,p-,0.0547,0.0813,0.0771,1.0,1.0,0.492,0.492
9827,518,Y518C,Y,C,p~,p~,0.0547,0.0813,0.0771,1.0,1.0,0.5395,0.5395
9828,518,Y518Q,Y,Q,p~,p~,0.0547,0.0813,0.0771,1.0,1.0,0.6128,0.6128
9829,518,Y518E,Y,E,p~,p-,0.0547,0.0813,0.0771,1.0,1.0,0.6052,0.6052
9830,518,Y518G,Y,G,p~,np,0.0547,0.0813,0.0771,1.0,1.0,0.5457,0.5457
9831,518,Y518H,Y,H,p~,p~,0.0547,0.0813,0.0771,1.0,1.0,0.5346,0.5346
9832,518,Y518I,Y,I,p~,np,0.0547,0.0813,0.0771,1.0,1.0,0.6562,0.6562
9833,518,Y518L,Y,L,p~,np,0.0547,0.0813,0.0771,1.0,1.0,0.6069,0.6069
9834,518,Y518K,Y,K,p~,p+,0.0547,0.0813,0.0771,1.0,1.0,0.7927,0.7927
9835,518,Y518M,Y,M,p~,np,0.0547,0.0813,0.0771,1.0,1.0,0.6115,0.6115
9836,518,Y518F,Y,F,p~,np,0.0547,0.0813,0.0771,1.0,1.0,0.4963,0.4963
9837,518,Y518P,Y,P,p~,np,0.0547,0.0813,0.0771,1.0,1.0,0.6555,0.6555
9838,518,Y518S,Y,S,p~,p~,0.0547,0.0813,0.0771,1.0,1.0,0.5168,0.5168
9839,518,Y518T,Y,T,p~,p~,0.0547,0.0813,0.0771,1.0,1.0,0.6069,0.6069
9840,518,Y518W,Y,W,p~,np,0.0547,0.0813,0.0771,1.0,1.0,0.5993,0.5993
9841,518,Y518V,Y,V,p~,np,0.0547,0.0813,0.0771,1.0,1.0,0.6027,0.6027
9842,519,H519A,H,A,p~,np,0.0711,0.1177,0.0771,1.0,1.0,0.6004,0.6004
9843,519,H519R,H,R,p~,p+,0.0711,0.1177,0.0771,1.0,1.0,0.5422,0.5422
9844,519,H519N,H,N,p~,p~,0.0711,0.1177,0.0771,1.0,1.0,0.5179,0.5179
9845,519,H519D,H,D,p~,p-,0.0711,0.1177,0.0771,1.0,1.0,0.5514,0.5514
9846,519,H519C,H,C,p~,p~,0.0711,0.1177,0.0771,1.0,1.0,0.6378,0.6378
9847,519,H519Q,H,Q,p~,p~,0.0711,0.1177,0.0771,1.0,1.0,0.465,0.465
9848,519,H519E,H,E,p~,p-,0.0711,0.1177,0.0771,1.0,1.0,0.6486,0.6486
9849,519,H519G,H,G,p~,np,0.0711,0.1177,0.0771,1.0,1.0,0.5581,0.5581
9850,519,H519I,H,I,p~,np,0.0711,0.1177,0.0771,1.0,1.0,0.7042,0.7042
9851,519,H519L,H,L,p~,np,0.0711,0.1177,0.0771,1.0,1.0,0.6139,0.6139
9852,519,H519K,H,K,p~,p+,0.0711,0.1177,0.0771,1.0,1.0,0.6801,0.6801
9853,519,H519M,H,M,p~,np,0.0711,0.1177,0.0771,1.0,1.0,0.6273,0.6273
9854,519,H519F,H,F,p~,np,0.0711,0.1177,0.0771,1.0,1.0,0.6402,0.6402
9855,519,H519P,H,P,p~,np,0.0711,0.1177,0.0771,1.0,1.0,0.6381,0.6381
9856,519,H519S,H,S,p~,p~,0.0711,0.1177,0.0771,1.0,1.0,0.5467,0.5467
9857,519,H519T,H,T,p~,p~,0.0711,0.1177,0.0771,1.0,1.0,0.677,0.677
9858,519,H519W,H,W,p~,np,0.0711,0.1177,0.0771,1.0,1.0,0.7188,0.7188
9859,519,H519Y,H,Y,p~,p~,0.0711,0.1177,0.0771,1.0,1.0,0.6036,0.6036
9860,519,H519V,H,V,p~,np,0.0711,0.1177,0.0771,1.0,1.0,0.6834,0.6834
9861,520,S520A,S,A,p~,np,0.1896,0.2214,0.0825,0.9047,0.9887,0.3469,0.3469
9862,520,S520R,S,R,p~,p+,0.1896,0.2214,0.0825,0.9047,0.9887,0.7354,0.7354
9863,520,S520N,S,N,p~,p~,0.1896,0.2214,0.0825,0.9047,0.9887,0.3737,0.3737
9864,520,S520D,S,D,p~,p-,0.1896,0.2214,0.0825,0.9047,0.9887,0.5936,0.5936
9865,520,S520C,S,C,p~,p~,0.1896,0.2214,0.0825,0.9047,0.9887,0.4378,0.4378
9866,520,S520Q,S,Q,p~,p~,0.1896,0.2214,0.0825,0.9047,0.9887,0.6177,0.6177
9867,520,S520E,S,E,p~,p-,0.1896,0.2214,0.0825,0.9047,0.9887,0.6918,0.6918
9868,520,S520G,S,G,p~,np,0.1896,0.2214,0.0825,0.9047,0.9887,0.4003,0.4003
9869,520,S520H,S,H,p~,p~,0.1896,0.2214,0.0825,0.9047,0.9887,0.6301,0.6301
9870,520,S520I,S,I,p~,np,0.1896,0.2214,0.0825,0.9047,0.9887,0.7462,0.7462
9871,520,S520L,S,L,p~,np,0.1896,0.2214,0.0825,0.9047,0.9887,0.6826,0.6826
9872,520,S520K,S,K,p~,p+,0.1896,0.2214,0.0825,0.9047,0.9887,0.7345,0.7345
9873,520,S520M,S,M,p~,np,0.1896,0.2214,0.0825,0.9047,0.9887,0.6511,0.6511
9874,520,S520F,S,F,p~,np,0.1896,0.2214,0.0825,0.9047,0.9887,0.6806,0.6806
9875,520,S520P,S,P,p~,np,0.1896,0.2214,0.0825,0.9047,0.9887,0.5359,0.5359
9876,520,S520T,S,T,p~,p~,0.1896,0.2214,0.0825,0.9047,0.9887,0.4955,0.4955
9877,520,S520W,S,W,p~,np,0.1896,0.2214,0.0825,0.9047,0.9887,0.8347,0.8347
9878,520,S520Y,S,Y,p~,p~,0.1896,0.2214,0.0825,0.9047,0.9887,0.7711,0.7711
9879,520,S520V,S,V,p~,np,0.1896,0.2214,0.0825,0.9047,0.9887,0.6698,0.6698
9880,521,I521A,I,A,np,np,0.2393,0.2732,0.2313,0.5061,0.8145,0.3256,0.3256
9881,521,I521R,I,R,np,p+,0.2393,0.2732,0.2313,0.5061,0.8145,0.63,0.63
9882,521,I521N,I,N,np,p~,0.2393,0.2732,0.2313,0.5061,0.8145,0.389,0.389
9883,521,I521D,I,D,np,p-,0.2393,0.2732,0.2313,0.5061,0.8145,0.4403,0.4403
9884,521,I521C,I,C,np,p~,0.2393,0.2732,0.2313,0.5061,0.8145,0.4602,0.4602
9885,521,I521Q,I,Q,np,p~,0.2393,0.2732,0.2313,0.5061,0.8145,0.4369,0.4369
9886,521,I521E,I,E,np,p-,0.2393,0.2732,0.2313,0.5061,0.8145,0.3675,0.3675
9887,521,I521G,I,G,np,np,0.2393,0.2732,0.2313,0.5061,0.8145,0.4401,0.4401
9888,521,I521H,I,H,np,p~,0.2393,0.2732,0.2313,0.5061,0.8145,0.4893,0.4893
9889,521,I521L,I,L,np,np,0.2393,0.2732,0.2313,0.5061,0.8145,0.3043,0.3043
9890,521,I521K,I,K,np,p+,0.2393,0.2732,0.2313,0.5061,0.8145,0.5214,0.5214
9891,521,I521M,I,M,np,np,0.2393,0.2732,0.2313,0.5061,0.8145,0.2993,0.2993
9892,521,I521F,I,F,np,np,0.2393,0.2732,0.2313,0.5061,0.8145,0.3118,0.3118
9893,521,I521P,I,P,np,np,0.2393,0.2732,0.2313,0.5061,0.8145,0.5914,0.5914
9894,521,I521S,I,S,np,p~,0.2393,0.2732,0.2313,0.5061,0.8145,0.3713,0.3713
9895,521,I521T,I,T,np,p~,0.2393,0.2732,0.2313,0.5061,0.8145,0.2344,0.2344
9896,521,I521W,I,W,np,np,0.2393,0.2732,0.2313,0.5061,0.8145,0.4212,0.4212
9897,521,I521Y,I,Y,np,p~,0.2393,0.2732,0.2313,0.5061,0.8145,0.4593,0.4593
9898,521,I521V,I,V,np,np,0.2393,0.2732,0.2313,0.5061,0.8145,0.1291,0.1291
9899,522,S522A,S,A,p~,np,0.3059,0.3329,0.1665,0.724,0.5882,0.0934,0.0934
9900,522,S522R,S,R,p~,p+,0.3059,0.3329,0.1665,0.724,0.5882,0.6599,0.6599
9901,522,S522N,S,N,p~,p~,0.3059,0.3329,0.1665,0.724,0.5882,0.3867,0.3867
9902,522,S522D,S,D,p~,p-,0.3059,0.3329,0.1665,0.724,0.5882,0.5069,0.5069
9903,522,S522C,S,C,p~,p~,0.3059,0.3329,0.1665,0.724,0.5882,0.4441,0.4441
9904,522,S522Q,S,Q,p~,p~,0.3059,0.3329,0.1665,0.724,0.5882,0.4944,0.4944
9905,522,S522E,S,E,p~,p-,0.3059,0.3329,0.1665,0.724,0.5882,0.515,0.515
9906,522,S522G,S,G,p~,np,0.3059,0.3329,0.1665,0.724,0.5882,0.2378,0.2378
9907,522,S522H,S,H,p~,p~,0.3059,0.3329,0.1665,0.724,0.5882,0.6029,0.6029
9908,522,S522I,S,I,p~,np,0.3059,0.3329,0.1665,0.724,0.5882,0.6034,0.6034
9909,522,S522L,S,L,p~,np,0.3059,0.3329,0.1665,0.724,0.5882,0.5821,0.5821
9910,522,S522K,S,K,p~,p+,0.3059,0.3329,0.1665,0.724,0.5882,0.5853,0.5853
9911,522,S522M,S,M,p~,np,0.3059,0.3329,0.1665,0.724,0.5882,0.5289,0.5289
9912,522,S522F,S,F,p~,np,0.3059,0.3329,0.1665,0.724,0.5882,0.7153,0.7153
9913,522,S522P,S,P,p~,np,0.3059,0.3329,0.1665,0.724,0.5882,0.4977,0.4977
9914,522,S522T,S,T,p~,p~,0.3059,0.3329,0.1665,0.724,0.5882,0.3282,0.3282
9915,522,S522W,S,W,p~,np,0.3059,0.3329,0.1665,0.724,0.5882,0.736,0.736
9916,522,S522Y,S,Y,p~,p~,0.3059,0.3329,0.1665,0.724,0.5882,0.6842,0.6842
9917,522,S522V,S,V,p~,np,0.3059,0.3329,0.1665,0.724,0.5882,0.4032,0.4032
9918,523,L523A,L,A,np,np,0.3528,0.3799,0.1696,0.6045,0.7074,0.4024,0.4024
9919,523,L523R,L,R,np,p+,0.3528,0.3799,0.1696,0.6045,0.7074,0.6876,0.6876
9920,523,L523N,L,N,np,p~,0.3528,0.3799,0.1696,0.6045,0.7074,0.3869,0.3869
9921,523,L523D,L,D,np,p-,0.3528,0.3799,0.1696,0.6045,0.7074,0.6753,0.6753
9922,523,L523C,L,C,np,p~,0.3528,0.3799,0.1696,0.6045,0.7074,0.5325,0.5325
9923,523,L523Q,L,Q,np,p~,0.3528,0.3799,0.1696,0.6045,0.7074,0.5546,0.5546
9924,523,L523E,L,E,np,p-,0.3528,0.3799,0.1696,0.6045,0.7074,0.6512,0.6512
9925,523,L523G,L,G,np,np,0.3528,0.3799,0.1696,0.6045,0.7074,0.5602,0.5602
9926,523,L523H,L,H,np,p~,0.3528,0.3799,0.1696,0.6045,0.7074,0.5342,0.5342
9927,523,L523I,L,I,np,np,0.3528,0.3799,0.1696,0.6045,0.7074,0.205,0.205
9928,523,L523K,L,K,np,p+,0.3528,0.3799,0.1696,0.6045,0.7074,0.7073,0.7073
9929,523,L523M,L,M,np,np,0.3528,0.3799,0.1696,0.6045,0.7074,0.3606,0.3606
9930,523,L523F,L,F,np,np,0.3528,0.3799,0.1696,0.6045,0.7074,0.4406,0.4406
9931,523,L523P,L,P,np,np,0.3528,0.3799,0.1696,0.6045,0.7074,0.6832,0.6832
9932,523,L523S,L,S,np,p~,0.3528,0.3799,0.1696,0.6045,0.7074,0.4721,0.4721
9933,523,L523T,L,T,np,p~,0.3528,0.3799,0.1696,0.6045,0.7074,0.3802,0.3802
9934,523,L523W,L,W,np,np,0.3528,0.3799,0.1696,0.6045,0.7074,0.5741,0.5741
9935,523,L523Y,L,Y,np,p~,0.3528,0.3799,0.1696,0.6045,0.7074,0.5302,0.5302
9936,523,L523V,L,V,np,np,0.3528,0.3799,0.1696,0.6045,0.7074,0.2705,0.2705
9937,524,L524A,L,A,np,np,0.4259,0.4491,0.0771,1.0,1.0,0.6182,0.6182
9938,524,L524R,L,R,np,p+,0.4259,0.4491,0.0771,1.0,1.0,0.6561,0.6561
9939,524,L524N,L,N,np,p~,0.4259,0.4491,0.0771,1.0,1.0,0.6847,0.6847
9940,524,L524D,L,D,np,p-,0.4259,0.4491,0.0771,1.0,1.0,0.8017,0.8017
9941,524,L524C,L,C,np,p~,0.4259,0.4491,0.0771,1.0,1.0,0.7634,0.7634
9942,524,L524Q,L,Q,np,p~,0.4259,0.4491,0.0771,1.0,1.0,0.6322,0.6322
9943,524,L524E,L,E,np,p-,0.4259,0.4491,0.0771,1.0,1.0,0.7713,0.7713
9944,524,L524G,L,G,np,np,0.4259,0.4491,0.0771,1.0,1.0,0.7625,0.7625
9945,524,L524H,L,H,np,p~,0.4259,0.4491,0.0771,1.0,1.0,0.6995,0.6995
9946,524,L524I,L,I,np,np,0.4259,0.4491,0.0771,1.0,1.0,0.4522,0.4522
9947,524,L524K,L,K,np,p+,0.4259,0.4491,0.0771,1.0,1.0,0.7081,0.7081
9948,524,L524M,L,M,np,np,0.4259,0.4491,0.0771,1.0,1.0,0.5043,0.5043
9949,524,L524F,L,F,np,np,0.4259,0.4491,0.0771,1.0,1.0,0.5459,0.5459
9950,524,L524P,L,P,np,np,0.4259,0.4491,0.0771,1.0,1.0,0.6271,0.6271
9951,524,L524S,L,S,np,p~,0.4259,0.4491,0.0771,1.0,1.0,0.6584,0.6584
9952,524,L524T,L,T,np,p~,0.4259,0.4491,0.0771,1.0,1.0,0.5862,0.5862
9953,524,L524W,L,W,np,np,0.4259,0.4491,0.0771,1.0,1.0,0.7354,0.7354
9954,524,L524Y,L,Y,np,p~,0.4259,0.4491,0.0771,1.0,1.0,0.7046,0.7046
9955,524,L524V,L,V,np,np,0.4259,0.4491,0.0771,1.0,1.0,0.4743,0.4743
9956,525,L525A,L,A,np,np,0.4556,0.4836,0.0925,0.8853,0.9796,0.6468,0.6468
9957,525,L525R,L,R,np,p+,0.4556,0.4836,0.0925,0.8853,0.9796,0.638,0.638
9958,525,L525N,L,N,np,p~,0.4556,0.4836,0.0925,0.8853,0.9796,0.7432,0.7432
9959,525,L525D,L,D,np,p-,0.4556,0.4836,0.0925,0.8853,0.9796,0.7801,0.7801
9960,525,L525C,L,C,np,p~,0.4556,0.4836,0.0925,0.8853,0.9796,0.7225,0.7225
9961,525,L525Q,L,Q,np,p~,0.4556,0.4836,0.0925,0.8853,0.9796,0.5361,0.5361
9962,525,L525E,L,E,np,p-,0.4556,0.4836,0.0925,0.8853,0.9796,0.7066,0.7066
9963,525,L525G,L,G,np,np,0.4556,0.4836,0.0925,0.8853,0.9796,0.7341,0.7341
9964,525,L525H,L,H,np,p~,0.4556,0.4836,0.0925,0.8853,0.9796,0.6659,0.6659
9965,525,L525I,L,I,np,np,0.4556,0.4836,0.0925,0.8853,0.9796,0.4682,0.4682
9966,525,L525K,L,K,np,p+,0.4556,0.4836,0.0925,0.8853,0.9796,0.7208,0.7208
9967,525,L525M,L,M,np,np,0.4556,0.4836,0.0925,0.8853,0.9796,0.2797,0.2797
9968,525,L525F,L,F,np,np,0.4556,0.4836,0.0925,0.8853,0.9796,0.4854,0.4854
9969,525,L525P,L,P,np,np,0.4556,0.4836,0.0925,0.8853,0.9796,0.7624,0.7624
9970,525,L525S,L,S,np,p~,0.4556,0.4836,0.0925,0.8853,0.9796,0.7064,0.7064
9971,525,L525T,L,T,np,p~,0.4556,0.4836,0.0925,0.8853,0.9796,0.5358,0.5358
9972,525,L525W,L,W,np,np,0.4556,0.4836,0.0925,0.8853,0.9796,0.6608,0.6608
9973,525,L525Y,L,Y,np,p~,0.4556,0.4836,0.0925,0.8853,0.9796,0.5588,0.5588
9974,525,L525V,L,V,np,np,0.4556,0.4836,0.0925,0.8853,0.9796,0.5202,0.5202
9975,526,P526A,P,A,np,np,0.5165,0.5418,0.1002,0.8424,0.7757,0.3566,0.3566
9976,526,P526R,P,R,np,p+,0.5165,0.5418,0.1002,0.8424,0.7757,0.4482,0.4482
9977,526,P526N,P,N,np,p~,0.5165,0.5418,0.1002,0.8424,0.7757,0.4314,0.4314
9978,526,P526D,P,D,np,p-,0.5165,0.5418,0.1002,0.8424,0.7757,0.496,0.496
9979,526,P526C,P,C,np,p~,0.5165,0.5418,0.1002,0.8424,0.7757,0.707,0.707
9980,526,P526Q,P,Q,np,p~,0.5165,0.5418,0.1002,0.8424,0.7757,0.3901,0.3901
9981,526,P526E,P,E,np,p-,0.5165,0.5418,0.1002,0.8424,0.7757,0.5099,0.5099
9982,526,P526G,P,G,np,np,0.5165,0.5418,0.1002,0.8424,0.7757,0.4493,0.4493
9983,526,P526H,P,H,np,p~,0.5165,0.5418,0.1002,0.8424,0.7757,0.5026,0.5026
9984,526,P526I,P,I,np,np,0.5165,0.5418,0.1002,0.8424,0.7757,0.4723,0.4723
9985,526,P526L,P,L,np,np,0.5165,0.5418,0.1002,0.8424,0.7757,0.3831,0.3831
9986,526,P526K,P,K,np,p+,0.5165,0.5418,0.1002,0.8424,0.7757,0.462,0.462
9987,526,P526M,P,M,np,np,0.5165,0.5418,0.1002,0.8424,0.7757,0.477,0.477
9988,526,P526F,P,F,np,np,0.5165,0.5418,0.1002,0.8424,0.7757,0.5956,0.5956
9989,526,P526S,P,S,np,p~,0.5165,0.5418,0.1002,0.8424,0.7757,0.3564,0.3564
9990,526,P526T,P,T,np,p~,0.5165,0.5418,0.1002,0.8424,0.7757,0.3891,0.3891
9991,526,P526W,P,W,np,np,0.5165,0.5418,0.1002,0.8424,0.7757,0.6358,0.6358
9992,526,P526Y,P,Y,np,p~,0.5165,0.5418,0.1002,0.8424,0.7757,0.5165,0.5165
9993,526,P526V,P,V,np,np,0.5165,0.5418,0.1002,0.8424,0.7757,0.4479,0.4479
9994,527,D527A,D,A,p-,np,0.5454,0.5684,0.0825,0.9716,0.9567,0.7628,0.7628
9995,527,D527R,D,R,p-,p+,0.5454,0.5684,0.0825,0.9716,0.9567,0.7978,0.7978
9996,527,D527N,D,N,p-,p~,0.5454,0.5684,0.0825,0.9716,0.9567,0.457,0.457
9997,527,D527C,D,C,p-,p~,0.5454,0.5684,0.0825,0.9716,0.9567,0.7928,0.7928
9998,527,D527Q,D,Q,p-,p~,0.5454,0.5684,0.0825,0.9716,0.9567,0.7309,0.7309
9999,527,D527E,D,E,p-,p-,0.5454,0.5684,0.0825,0.9716,0.9567,0.6026,0.6026
10000,527,D527G,D,G,p-,np,0.5454,0.5684,0.0825,0.9716,0.9567,0.5456,0.5456
10001,527,D527H,D,H,p-,p~,0.5454,0.5684,0.0825,0.9716,0.9567,0.7723,0.7723
10002,527,D527I,D,I,p-,np,0.5454,0.5684,0.0825,0.9716,0.9567,0.7856,0.7856
10003,527,D527L,D,L,p-,np,0.5454,0.5684,0.0825,0.9716,0.9567,0.8235,0.8235
10004,527,D527K,D,K,p-,p+,0.5454,0.5684,0.0825,0.9716,0.9567,0.7765,0.7765
10005,527,D527M,D,M,p-,np,0.5454,0.5684,0.0825,0.9716,0.9567,0.8833,0.8833
10006,527,D527F,D,F,p-,np,0.5454,0.5684,0.0825,0.9716,0.9567,0.8674,0.8674
10007,527,D527P,D,P,p-,np,0.5454,0.5684,0.0825,0.9716,0.9567,0.8352,0.8352
10008,527,D527S,D,S,p-,p~,0.5454,0.5684,0.0825,0.9716,0.9567,0.519,0.519
10009,527,D527T,D,T,p-,p~,0.5454,0.5684,0.0825,0.9716,0.9567,0.5777,0.5777
10010,527,D527W,D,W,p-,np,0.5454,0.5684,0.0825,0.9716,0.9567,0.8554,0.8554
10011,527,D527Y,D,Y,p-,p~,0.5454,0.5684,0.0825,0.9716,0.9567,0.8093,0.8093
10012,527,D527V,D,V,p-,np,0.5454,0.5684,0.0825,0.9716,0.9567,0.7488,0.7488
10013,528,G528A,G,A,np,np,0.5473,0.5653,0.1241,0.78,0.6322,0.2601,0.2601
10014,528,G528R,G,R,np,p+,0.5473,0.5653,0.1241,0.78,0.6322,0.6438,0.6438
10015,528,G528N,G,N,np,p~,0.5473,0.5653,0.1241,0.78,0.6322,0.5987,0.5987
10016,528,G528D,G,D,np,p-,0.5473,0.5653,0.1241,0.78,0.6322,0.6816,0.6816
10017,528,G528C,G,C,np,p~,0.5473,0.5653,0.1241,0.78,0.6322,0.5577,0.5577
10018,528,G528Q,G,Q,np,p~,0.5473,0.5653,0.1241,0.78,0.6322,0.6093,0.6093
10019,528,G528E,G,E,np,p-,0.5473,0.5653,0.1241,0.78,0.6322,0.6793,0.6793
10020,528,G528H,G,H,np,p~,0.5473,0.5653,0.1241,0.78,0.6322,0.7446,0.7446
10021,528,G528I,G,I,np,np,0.5473,0.5653,0.1241,0.78,0.6322,0.8031,0.8031
10022,528,G528L,G,L,np,np,0.5473,0.5653,0.1241,0.78,0.6322,0.6765,0.6765
10023,528,G528K,G,K,np,p+,0.5473,0.5653,0.1241,0.78,0.6322,0.6976,0.6976
10024,528,G528M,G,M,np,np,0.5473,0.5653,0.1241,0.78,0.6322,0.6845,0.6845
10025,528,G528F,G,F,np,np,0.5473,0.5653,0.1241,0.78,0.6322,0.7908,0.7908
10026,528,G528P,G,P,np,np,0.5473,0.5653,0.1241,0.78,0.6322,0.8395,0.8395
10027,528,G528S,G,S,np,p~,0.5473,0.5653,0.1241,0.78,0.6322,0.4691,0.4691
10028,528,G528T,G,T,np,p~,0.5473,0.5653,0.1241,0.78,0.6322,0.5687,0.5687
10029,528,G528W,G,W,np,np,0.5473,0.5653,0.1241,0.78,0.6322,0.8511,0.8511
10030,528,G528Y,G,Y,np,p~,0.5473,0.5653,0.1241,0.78,0.6322,0.7894,0.7894
10031,528,G528V,G,V,np,np,0.5473,0.5653,0.1241,0.78,0.6322,0.6424,0.6424
10032,529,R529A,R,A,p+,np,0.4891,0.5113,0.1665,0.7739,0.6315,0.4545,0.4545
10033,529,R529N,R,N,p+,p~,0.4891,0.5113,0.1665,0.7739,0.6315,0.4607,0.4607
10034,529,R529D,R,D,p+,p-,0.4891,0.5113,0.1665,0.7739,0.6315,0.5857,0.5857
10035,529,R529C,R,C,p+,p~,0.4891,0.5113,0.1665,0.7739,0.6315,0.6086,0.6086
10036,529,R529Q,R,Q,p+,p~,0.4891,0.5113,0.1665,0.7739,0.6315,0.3949,0.3949
10037,529,R529E,R,E,p+,p-,0.4891,0.5113,0.1665,0.7739,0.6315,0.5674,0.5674
10038,529,R529G,R,G,p+,np,0.4891,0.5113,0.1665,0.7739,0.6315,0.5286,0.5286
10039,529,R529H,R,H,p+,p~,0.4891,0.5113,0.1665,0.7739,0.6315,0.5356,0.5356
10040,529,R529I,R,I,p+,np,0.4891,0.5113,0.1665,0.7739,0.6315,0.5836,0.5836
10041,529,R529L,R,L,p+,np,0.4891,0.5113,0.1665,0.7739,0.6315,0.5847,0.5847
10042,529,R529K,R,K,p+,p+,0.4891,0.5113,0.1665,0.7739,0.6315,0.3158,0.3158
10043,529,R529M,R,M,p+,np,0.4891,0.5113,0.1665,0.7739,0.6315,0.5073,0.5073
10044,529,R529F,R,F,p+,np,0.4891,0.5113,0.1665,0.7739,0.6315,0.6767,0.6767
10045,529,R529P,R,P,p+,np,0.4891,0.5113,0.1665,0.7739,0.6315,0.7367,0.7367
10046,529,R529S,R,S,p+,p~,0.4891,0.5113,0.1665,0.7739,0.6315,0.2866,0.2866
10047,529,R529T,R,T,p+,p~,0.4891,0.5113,0.1665,0.7739,0.6315,0.1947,0.1947
10048,529,R529W,R,W,p+,np,0.4891,0.5113,0.1665,0.7739,0.6315,0.6535,0.6535
10049,529,R529Y,R,Y,p+,p~,0.4891,0.5113,0.1665,0.7739,0.6315,0.642,0.642
10050,529,R529V,R,V,p+,np,0.4891,0.5113,0.1665,0.7739,0.6315,0.5464,0.5464
10051,530,V530A,V,A,np,np,0.4185,0.4401,0.1002,0.8369,0.987,0.4341,0.4341
10052,530,V530R,V,R,np,p+,0.4185,0.4401,0.1002,0.8369,0.987,0.8044,0.8044
10053,530,V530N,V,N,np,p~,0.4185,0.4401,0.1002,0.8369,0.987,0.7026,0.7026
10054,530,V530D,V,D,np,p-,0.4185,0.4401,0.1002,0.8369,0.987,0.7127,0.7127
10055,530,V530C,V,C,np,p~,0.4185,0.4401,0.1002,0.8369,0.987,0.7153,0.7153
10056,530,V530Q,V,Q,np,p~,0.4185,0.4401,0.1002,0.8369,0.987,0.7051,0.7051
10057,530,V530E,V,E,np,p-,0.4185,0.4401,0.1002,0.8369,0.987,0.7279,0.7279
10058,530,V530G,V,G,np,np,0.4185,0.4401,0.1002,0.8369,0.987,0.6328,0.6328
10059,530,V530H,V,H,np,p~,0.4185,0.4401,0.1002,0.8369,0.987,0.7975,0.7975
10060,530,V530I,V,I,np,np,0.4185,0.4401,0.1002,0.8369,0.987,0.3,0.3
10061,530,V530L,V,L,np,np,0.4185,0.4401,0.1002,0.8369,0.987,0.4597,0.4597
10062,530,V530K,V,K,np,p+,0.4185,0.4401,0.1002,0.8369,0.987,0.8092,0.8092
10063,530,V530M,V,M,np,np,0.4185,0.4401,0.1002,0.8369,0.987,0.4851,0.4851
10064,530,V530F,V,F,np,np,0.4185,0.4401,0.1002,0.8369,0.987,0.6211,0.6211
10065,530,V530P,V,P,np,np,0.4185,0.4401,0.1002,0.8369,0.987,0.6882,0.6882
10066,530,V530S,V,S,np,p~,0.4185,0.4401,0.1002,0.8369,0.987,0.6314,0.6314
10067,530,V530T,V,T,np,p~,0.4185,0.4401,0.1002,0.8369,0.987,0.5296,0.5296
10068,530,V530W,V,W,np,np,0.4185,0.4401,0.1002,0.8369,0.987,0.7777,0.7777
10069,530,V530Y,V,Y,np,p~,0.4185,0.4401,0.1002,0.8369,0.987,0.6685,0.6685
10070,531,F531A,F,A,np,np,0.3599,0.3932,0.1434,0.6878,0.6469,0.5107,0.5107
10071,531,F531R,F,R,np,p+,0.3599,0.3932,0.1434,0.6878,0.6469,0.8253,0.8253
10072,531,F531N,F,N,np,p~,0.3599,0.3932,0.1434,0.6878,0.6469,0.7383,0.7383
10073,531,F531D,F,D,np,p-,0.3599,0.3932,0.1434,0.6878,0.6469,0.8151,0.8151
10074,531,F531C,F,C,np,p~,0.3599,0.3932,0.1434,0.6878,0.6469,0.7354,0.7354
10075,531,F531Q,F,Q,np,p~,0.3599,0.3932,0.1434,0.6878,0.6469,0.6559,0.6559
10076,531,F531E,F,E,np,p-,0.3599,0.3932,0.1434,0.6878,0.6469,0.7646,0.7646
10077,531,F531G,F,G,np,np,0.3599,0.3932,0.1434,0.6878,0.6469,0.719,0.719
10078,531,F531H,F,H,np,p~,0.3599,0.3932,0.1434,0.6878,0.6469,0.6318,0.6318
10079,531,F531I,F,I,np,np,0.3599,0.3932,0.1434,0.6878,0.6469,0.3381,0.3381
10080,531,F531L,F,L,np,np,0.3599,0.3932,0.1434,0.6878,0.6469,0.2332,0.2332
10081,531,F531K,F,K,np,p+,0.3599,0.3932,0.1434,0.6878,0.6469,0.8517,0.8517
10082,531,F531M,F,M,np,np,0.3599,0.3932,0.1434,0.6878,0.6469,0.3516,0.3516
10083,531,F531P,F,P,np,np,0.3599,0.3932,0.1434,0.6878,0.6469,0.764,0.764
10084,531,F531S,F,S,np,p~,0.3599,0.3932,0.1434,0.6878,0.6469,0.6274,0.6274
10085,531,F531T,F,T,np,p~,0.3599,0.3932,0.1434,0.6878,0.6469,0.6286,0.6286
10086,531,F531W,F,W,np,np,0.3599,0.3932,0.1434,0.6878,0.6469,0.3809,0.3809
10087,531,F531Y,F,Y,np,p~,0.3599,0.3932,0.1434,0.6878,0.6469,0.3808,0.3808
10088,531,F531V,F,V,np,np,0.3599,0.3932,0.1434,0.6878,0.6469,0.4039,0.4039
10089,532,N532A,N,A,p~,np,0.3187,0.3442,0.2621,0.6049,0.8433,0.1601,0.1601
10090,532,N532R,N,R,p~,p+,0.3187,0.3442,0.2621,0.6049,0.8433,0.4952,0.4952
10091,532,N532D,N,D,p~,p-,0.3187,0.3442,0.2621,0.6049,0.8433,0.1711,0.1711
10092,532,N532C,N,C,p~,p~,0.3187,0.3442,0.2621,0.6049,0.8433,0.3919,0.3919
10093,532,N532Q,N,Q,p~,p~,0.3187,0.3442,0.2621,0.6049,0.8433,0.2812,0.2812
10094,532,N532E,N,E,p~,p-,0.3187,0.3442,0.2621,0.6049,0.8433,0.3848,0.3848
10095,532,N532G,N,G,p~,np,0.3187,0.3442,0.2621,0.6049,0.8433,0.3141,0.3141
10096,532,N532H,N,H,p~,p~,0.3187,0.3442,0.2621,0.6049,0.8433,0.3079,0.3079
10097,532,N532I,N,I,p~,np,0.3187,0.3442,0.2621,0.6049,0.8433,0.2378,0.2378
10098,532,N532L,N,L,p~,np,0.3187,0.3442,0.2621,0.6049,0.8433,0.2906,0.2906
10099,532,N532K,N,K,p~,p+,0.3187,0.3442,0.2621,0.6049,0.8433,0.4082,0.4082
10100,532,N532M,N,M,p~,np,0.3187,0.3442,0.2621,0.6049,0.8433,0.2911,0.2911
10101,532,N532F,N,F,p~,np,0.3187,0.3442,0.2621,0.6049,0.8433,0.3576,0.3576
10102,532,N532P,N,P,p~,np,0.3187,0.3442,0.2621,0.6049,0.8433,0.6449,0.6449
10103,532,N532S,N,S,p~,p~,0.3187,0.3442,0.2621,0.6049,0.8433,0.0042,0.0042
10104,532,N532T,N,T,p~,p~,0.3187,0.3442,0.2621,0.6049,0.8433,0.0674,0.0674
10105,532,N532W,N,W,p~,np,0.3187,0.3442,0.2621,0.6049,0.8433,0.4955,0.4955
10106,532,N532Y,N,Y,p~,p~,0.3187,0.3442,0.2621,0.6049,0.8433,0.4161,0.4161
10107,532,N532V,N,V,p~,np,0.3187,0.3442,0.2621,0.6049,0.8433,0.1494,0.1494
10108,533,G533A,G,A,np,np,0.2644,0.2968,0.0948,0.8372,0.7277,0.2649,0.2649
10109,533,G533R,G,R,np,p+,0.2644,0.2968,0.0948,0.8372,0.7277,0.8521,0.8521
10110,533,G533N,G,N,np,p~,0.2644,0.2968,0.0948,0.8372,0.7277,0.6032,0.6032
10111,533,G533D,G,D,np,p-,0.2644,0.2968,0.0948,0.8372,0.7277,0.6162,0.6162
10112,533,G533C,G,C,np,p~,0.2644,0.2968,0.0948,0.8372,0.7277,0.5714,0.5714
10113,533,G533Q,G,Q,np,p~,0.2644,0.2968,0.0948,0.8372,0.7277,0.7127,0.7127
10114,533,G533E,G,E,np,p-,0.2644,0.2968,0.0948,0.8372,0.7277,0.6902,0.6902
10115,533,G533H,G,H,np,p~,0.2644,0.2968,0.0948,0.8372,0.7277,0.7633,0.7633
10116,533,G533I,G,I,np,np,0.2644,0.2968,0.0948,0.8372,0.7277,0.546,0.546
10117,533,G533L,G,L,np,np,0.2644,0.2968,0.0948,0.8372,0.7277,0.5658,0.5658
10118,533,G533K,G,K,np,p+,0.2644,0.2968,0.0948,0.8372,0.7277,0.8674,0.8674
10119,533,G533M,G,M,np,np,0.2644,0.2968,0.0948,0.8372,0.7277,0.5253,0.5253
10120,533,G533F,G,F,np,np,0.2644,0.2968,0.0948,0.8372,0.7277,0.5786,0.5786
10121,533,G533P,G,P,np,np,0.2644,0.2968,0.0948,0.8372,0.7277,0.6816,0.6816
10122,533,G533S,G,S,np,p~,0.2644,0.2968,0.0948,0.8372,0.7277,0.4032,0.4032
10123,533,G533T,G,T,np,p~,0.2644,0.2968,0.0948,0.8372,0.7277,0.4418,0.4418
10124,533,G533W,G,W,np,np,0.2644,0.2968,0.0948,0.8372,0.7277,0.7563,0.7563
10125,533,G533Y,G,Y,np,p~,0.2644,0.2968,0.0948,0.8372,0.7277,0.722,0.722
10126,533,G533V,G,V,np,np,0.2644,0.2968,0.0948,0.8372,0.7277,0.5182,0.5182
10127,534,G534A,G,A,np,np,0.2327,0.2669,0.0771,0.998,0.9967,0.4336,0.4336
10128,534,G534R,G,R,np,p+,0.2327,0.2669,0.0771,0.998,0.9967,0.6846,0.6846
10129,534,G534N,G,N,np,p~,0.2327,0.2669,0.0771,0.998,0.9967,0.5662,0.5662
10130,534,G534D,G,D,np,p-,0.2327,0.2669,0.0771,0.998,0.9967,0.6088,0.6088
10131,534,G534C,G,C,np,p~,0.2327,0.2669,0.0771,0.998,0.9967,0.539,0.539
10132,534,G534Q,G,Q,np,p~,0.2327,0.2669,0.0771,0.998,0.9967,0.6867,0.6867
10133,534,G534E,G,E,np,p-,0.2327,0.2669,0.0771,0.998,0.9967,0.6579,0.6579
10134,534,G534H,G,H,np,p~,0.2327,0.2669,0.0771,0.998,0.9967,0.7007,0.7007
10135,534,G534I,G,I,np,np,0.2327,0.2669,0.0771,0.998,0.9967,0.7289,0.7289
10136,534,G534L,G,L,np,np,0.2327,0.2669,0.0771,0.998,0.9967,0.6744,0.6744
10137,534,G534K,G,K,np,p+,0.2327,0.2669,0.0771,0.998,0.9967,0.7729,0.7729
10138,534,G534M,G,M,np,np,0.2327,0.2669,0.0771,0.998,0.9967,0.6766,0.6766
10139,534,G534F,G,F,np,np,0.2327,0.2669,0.0771,0.998,0.9967,0.7,0.7
10140,534,G534P,G,P,np,np,0.2327,0.2669,0.0771,0.998,0.9967,0.6933,0.6933
10141,534,G534S,G,S,np,p~,0.2327,0.2669,0.0771,0.998,0.9967,0.4336,0.4336
10142,534,G534T,G,T,np,p~,0.2327,0.2669,0.0771,0.998,0.9967,0.5734,0.5734
10143,534,G534W,G,W,np,np,0.2327,0.2669,0.0771,0.998,0.9967,0.7039,0.7039
10144,534,G534Y,G,Y,np,p~,0.2327,0.2669,0.0771,0.998,0.9967,0.7103,0.7103
10145,534,G534V,G,V,np,np,0.2327,0.2669,0.0771,0.998,0.9967,0.6338,0.6338
10146,535,G535A,G,A,np,np,0.1894,0.2231,0.0925,0.9334,0.8948,0.4798,0.4798
10147,535,G535R,G,R,np,p+,0.1894,0.2231,0.0925,0.9334,0.8948,0.6641,0.6641
10148,535,G535N,G,N,np,p~,0.1894,0.2231,0.0925,0.9334,0.8948,0.5223,0.5223
10149,535,G535D,G,D,np,p-,0.1894,0.2231,0.0925,0.9334,0.8948,0.5015,0.5015
10150,535,G535C,G,C,np,p~,0.1894,0.2231,0.0925,0.9334,0.8948,0.6098,0.6098
10151,535,G535Q,G,Q,np,p~,0.1894,0.2231,0.0925,0.9334,0.8948,0.6499,0.6499
10152,535,G535E,G,E,np,p-,0.1894,0.2231,0.0925,0.9334,0.8948,0.6108,0.6108
10153,535,G535H,G,H,np,p~,0.1894,0.2231,0.0925,0.9334,0.8948,0.6564,0.6564
10154,535,G535I,G,I,np,np,0.1894,0.2231,0.0925,0.9334,0.8948,0.7977,0.7977
10155,535,G535L,G,L,np,np,0.1894,0.2231,0.0925,0.9334,0.8948,0.756,0.756
10156,535,G535K,G,K,np,p+,0.1894,0.2231,0.0925,0.9334,0.8948,0.7346,0.7346
10157,535,G535M,G,M,np,np,0.1894,0.2231,0.0925,0.9334,0.8948,0.7314,0.7314
10158,535,G535F,G,F,np,np,0.1894,0.2231,0.0925,0.9334,0.8948,0.7155,0.7155
10159,535,G535P,G,P,np,np,0.1894,0.2231,0.0925,0.9334,0.8948,0.7623,0.7623
10160,535,G535S,G,S,np,p~,0.1894,0.2231,0.0925,0.9334,0.8948,0.4371,0.4371
10161,535,G535T,G,T,np,p~,0.1894,0.2231,0.0925,0.9334,0.8948,0.6205,0.6205
10162,535,G535W,G,W,np,np,0.1894,0.2231,0.0925,0.9334,0.8948,0.7269,0.7269
10163,535,G535Y,G,Y,np,p~,0.1894,0.2231,0.0925,0.9334,0.8948,0.7096,0.7096
10164,535,G535V,G,V,np,np,0.1894,0.2231,0.0925,0.9334,0.8948,0.6968,0.6968
10165,536,G536A,G,A,np,np,0.1224,0.1614,0.084,0.9845,0.974,0.4405,0.4405
10166,536,G536R,G,R,np,p+,0.1224,0.1614,0.084,0.9845,0.974,0.7215,0.7215
10167,536,G536N,G,N,np,p~,0.1224,0.1614,0.084,0.9845,0.974,0.6211,0.6211
10168,536,G536D,G,D,np,p-,0.1224,0.1614,0.084,0.9845,0.974,0.6325,0.6325
10169,536,G536C,G,C,np,p~,0.1224,0.1614,0.084,0.9845,0.974,0.6391,0.6391
10170,536,G536Q,G,Q,np,p~,0.1224,0.1614,0.084,0.9845,0.974,0.7254,0.7254
10171,536,G536E,G,E,np,p-,0.1224,0.1614,0.084,0.9845,0.974,0.633,0.633
10172,536,G536H,G,H,np,p~,0.1224,0.1614,0.084,0.9845,0.974,0.8012,0.8012
10173,536,G536I,G,I,np,np,0.1224,0.1614,0.084,0.9845,0.974,0.7776,0.7776
10174,536,G536L,G,L,np,np,0.1224,0.1614,0.084,0.9845,0.974,0.7565,0.7565
10175,536,G536K,G,K,np,p+,0.1224,0.1614,0.084,0.9845,0.974,0.7645,0.7645
10176,536,G536M,G,M,np,np,0.1224,0.1614,0.084,0.9845,0.974,0.7755,0.7755
10177,536,G536F,G,F,np,np,0.1224,0.1614,0.084,0.9845,0.974,0.7829,0.7829
10178,536,G536P,G,P,np,np,0.1224,0.1614,0.084,0.9845,0.974,0.7412,0.7412
10179,536,G536S,G,S,np,p~,0.1224,0.1614,0.084,0.9845,0.974,0.5083,0.5083
10180,536,G536T,G,T,np,p~,0.1224,0.1614,0.084,0.9845,0.974,0.6387,0.6387
10181,536,G536W,G,W,np,np,0.1224,0.1614,0.084,0.9845,0.974,0.7474,0.7474
10182,536,G536Y,G,Y,np,p~,0.1224,0.1614,0.084,0.9845,0.974,0.7901,0.7901
10183,536,G536V,G,V,np,np,0.1224,0.1614,0.084,0.9845,0.974,0.6667,0.6667
10184,537,L537A,L,A,np,np,0.1194,0.1573,0.084,0.9845,0.974,0.4559,0.4559
10185,537,L537R,L,R,np,p+,0.1194,0.1573,0.084,0.9845,0.974,0.5218,0.5218
10186,537,L537N,L,N,np,p~,0.1194,0.1573,0.084,0.9845,0.974,0.4835,0.4835
10187,537,L537D,L,D,np,p-,0.1194,0.1573,0.084,0.9845,0.974,0.5462,0.5462
10188,537,L537C,L,C,np,p~,0.1194,0.1573,0.084,0.9845,0.974,0.6839,0.6839
10189,537,L537Q,L,Q,np,p~,0.1194,0.1573,0.084,0.9845,0.974,0.4045,0.4045
10190,537,L537E,L,E,np,p-,0.1194,0.1573,0.084,0.9845,0.974,0.4909,0.4909
10191,537,L537G,L,G,np,np,0.1194,0.1573,0.084,0.9845,0.974,0.5496,0.5496
10192,537,L537H,L,H,np,p~,0.1194,0.1573,0.084,0.9845,0.974,0.5797,0.5797
10193,537,L537I,L,I,np,np,0.1194,0.1573,0.084,0.9845,0.974,0.4187,0.4187
10194,537,L537K,L,K,np,p+,0.1194,0.1573,0.084,0.9845,0.974,0.5508,0.5508
10195,537,L537M,L,M,np,np,0.1194,0.1573,0.084,0.9845,0.974,0.3949,0.3949
10196,537,L537F,L,F,np,np,0.1194,0.1573,0.084,0.9845,0.974,0.4836,0.4836
10197,537,L537P,L,P,np,np,0.1194,0.1573,0.084,0.9845,0.974,0.5943,0.5943
10198,537,L537S,L,S,np,p~,0.1194,0.1573,0.084,0.9845,0.974,0.4551,0.4551
10199,537,L537T,L,T,np,p~,0.1194,0.1573,0.084,0.9845,0.974,0.451,0.451
10200,537,L537W,L,W,np,np,0.1194,0.1573,0.084,0.9845,0.974,0.6109,0.6109
10201,537,L537Y,L,Y,np,p~,0.1194,0.1573,0.084,0.9845,0.974,0.5384,0.5384
10202,537,L537V,L,V,np,np,0.1194,0.1573,0.084,0.9845,0.974,0.4287,0.4287
10203,538,C538A,C,A,p~,np,0.1485,0.1719,0.0871,0.9619,0.9476,0.6885,0.6885
10204,538,C538R,C,R,p~,p+,0.1485,0.1719,0.0871,0.9619,0.9476,0.7377,0.7377
10205,538,C538N,C,N,p~,p~,0.1485,0.1719,0.0871,0.9619,0.9476,0.7275,0.7275
10206,538,C538D,C,D,p~,p-,0.1485,0.1719,0.0871,0.9619,0.9476,0.7901,0.7901
10207,538,C538Q,C,Q,p~,p~,0.1485,0.1719,0.0871,0.9619,0.9476,0.8436,0.8436
10208,538,C538E,C,E,p~,p-,0.1485,0.1719,0.0871,0.9619,0.9476,0.8555,0.8555
10209,538,C538G,C,G,p~,np,0.1485,0.1719,0.0871,0.9619,0.9476,0.6531,0.6531
10210,538,C538H,C,H,p~,p~,0.1485,0.1719,0.0871,0.9619,0.9476,0.8324,0.8324
10211,538,C538I,C,I,p~,np,0.1485,0.1719,0.0871,0.9619,0.9476,0.8435,0.8435
10212,538,C538L,C,L,p~,np,0.1485,0.1719,0.0871,0.9619,0.9476,0.8251,0.8251
10213,538,C538K,C,K,p~,p+,0.1485,0.1719,0.0871,0.9619,0.9476,0.8598,0.8598
10214,538,C538M,C,M,p~,np,0.1485,0.1719,0.0871,0.9619,0.9476,0.8667,0.8667
10215,538,C538F,C,F,p~,np,0.1485,0.1719,0.0871,0.9619,0.9476,0.7315,0.7315
10216,538,C538P,C,P,p~,np,0.1485,0.1719,0.0871,0.9619,0.9476,0.8219,0.8219
10217,538,C538S,C,S,p~,p~,0.1485,0.1719,0.0871,0.9619,0.9476,0.5868,0.5868
10218,538,C538T,C,T,p~,p~,0.1485,0.1719,0.0871,0.9619,0.9476,0.714,0.714
10219,538,C538W,C,W,p~,np,0.1485,0.1719,0.0871,0.9619,0.9476,0.8389,0.8389
10220,538,C538Y,C,Y,p~,p~,0.1485,0.1719,0.0871,0.9619,0.9476,0.702,0.702
10221,538,C538V,C,V,p~,np,0.1485,0.1719,0.0871,0.9619,0.9476,0.7758,0.7758
10222,539,G539A,G,A,np,np,0.1865,0.2127,0.0879,0.8854,0.8284,0.493,0.493
10223,539,G539R,G,R,np,p+,0.1865,0.2127,0.0879,0.8854,0.8284,0.5911,0.5911
10224,539,G539N,G,N,np,p~,0.1865,0.2127,0.0879,0.8854,0.8284,0.4891,0.4891
10225,539,G539D,G,D,np,p-,0.1865,0.2127,0.0879,0.8854,0.8284,0.501,0.501
10226,539,G539C,G,C,np,p~,0.1865,0.2127,0.0879,0.8854,0.8284,0.7961,0.7961
10227,539,G539Q,G,Q,np,p~,0.1865,0.2127,0.0879,0.8854,0.8284,0.5889,0.5889
10228,539,G539E,G,E,np,p-,0.1865,0.2127,0.0879,0.8854,0.8284,0.5696,0.5696
10229,539,G539H,G,H,np,p~,0.1865,0.2127,0.0879,0.8854,0.8284,0.6414,0.6414
10230,539,G539I,G,I,np,np,0.1865,0.2127,0.0879,0.8854,0.8284,0.6859,0.6859
10231,539,G539L,G,L,np,np,0.1865,0.2127,0.0879,0.8854,0.8284,0.6431,0.6431
10232,539,G539K,G,K,np,p+,0.1865,0.2127,0.0879,0.8854,0.8284,0.5885,0.5885
10233,539,G539M,G,M,np,np,0.1865,0.2127,0.0879,0.8854,0.8284,0.6948,0.6948
10234,539,G539F,G,F,np,np,0.1865,0.2127,0.0879,0.8854,0.8284,0.6447,0.6447
10235,539,G539P,G,P,np,np,0.1865,0.2127,0.0879,0.8854,0.8284,0.5927,0.5927
10236,539,G539S,G,S,np,p~,0.1865,0.2127,0.0879,0.8854,0.8284,0.4799,0.4799
10237,539,G539T,G,T,np,p~,0.1865,0.2127,0.0879,0.8854,0.8284,0.5629,0.5629
10238,539,G539W,G,W,np,np,0.1865,0.2127,0.0879,0.8854,0.8284,0.6488,0.6488
10239,539,G539Y,G,Y,np,p~,0.1865,0.2127,0.0879,0.8854,0.8284,0.6154,0.6154
10240,539,G539V,G,V,np,np,0.1865,0.2127,0.0879,0.8854,0.8284,0.6158,0.6158
10241,540,D540A,D,A,p-,np,0.2294,0.2474,0.2907,0.4479,0.3348,0.2503,0.2503
10242,540,D540R,D,R,p-,p+,0.2294,0.2474,0.2907,0.4479,0.3348,0.3678,0.3678
10243,540,D540N,D,N,p-,p~,0.2294,0.2474,0.2907,0.4479,0.3348,0.1922,0.1922
10244,540,D540C,D,C,p-,p~,0.2294,0.2474,0.2907,0.4479,0.3348,0.6499,0.6499
10245,540,D540Q,D,Q,p-,p~,0.2294,0.2474,0.2907,0.4479,0.3348,0.2687,0.2687
10246,540,D540E,D,E,p-,p-,0.2294,0.2474,0.2907,0.4479,0.3348,0.2821,0.2821
10247,540,D540G,D,G,p-,np,0.2294,0.2474,0.2907,0.4479,0.3348,0.2182,0.2182
10248,540,D540H,D,H,p-,p~,0.2294,0.2474,0.2907,0.4479,0.3348,0.415,0.415
10249,540,D540I,D,I,p-,np,0.2294,0.2474,0.2907,0.4479,0.3348,0.3865,0.3865
10250,540,D540L,D,L,p-,np,0.2294,0.2474,0.2907,0.4479,0.3348,0.3693,0.3693
10251,540,D540K,D,K,p-,p+,0.2294,0.2474,0.2907,0.4479,0.3348,0.3364,0.3364
10252,540,D540M,D,M,p-,np,0.2294,0.2474,0.2907,0.4479,0.3348,0.4413,0.4413
10253,540,D540F,D,F,p-,np,0.2294,0.2474,0.2907,0.4479,0.3348,0.4223,0.4223
10254,540,D540P,D,P,p-,np,0.2294,0.2474,0.2907,0.4479,0.3348,0.3037,0.3037
10255,540,D540S,D,S,p-,p~,0.2294,0.2474,0.2907,0.4479,0.3348,0.175,0.175
10256,540,D540T,D,T,p-,p~,0.2294,0.2474,0.2907,0.4479,0.3348,0.2309,0.2309
10257,540,D540W,D,W,p-,np,0.2294,0.2474,0.2907,0.4479,0.3348,0.5009,0.5009
10258,540,D540Y,D,Y,p-,p~,0.2294,0.2474,0.2907,0.4479,0.3348,0.4041,0.4041
10259,540,D540V,D,V,p-,np,0.2294,0.2474,0.2907,0.4479,0.3348,0.3359,0.3359
10260,541,C541A,C,A,p~,np,0.1967,0.2182,0.0833,0.9681,0.9967,0.6773,0.6773
10261,541,C541R,C,R,p~,p+,0.1967,0.2182,0.0833,0.9681,0.9967,0.6553,0.6553
10262,541,C541N,C,N,p~,p~,0.1967,0.2182,0.0833,0.9681,0.9967,0.6753,0.6753
10263,541,C541D,C,D,p~,p-,0.1967,0.2182,0.0833,0.9681,0.9967,0.6687,0.6687
10264,541,C541Q,C,Q,p~,p~,0.1967,0.2182,0.0833,0.9681,0.9967,0.7479,0.7479
10265,541,C541E,C,E,p~,p-,0.1967,0.2182,0.0833,0.9681,0.9967,0.7394,0.7394
10266,541,C541G,C,G,p~,np,0.1967,0.2182,0.0833,0.9681,0.9967,0.5738,0.5738
10267,541,C541H,C,H,p~,p~,0.1967,0.2182,0.0833,0.9681,0.9967,0.782,0.782
10268,541,C541I,C,I,p~,np,0.1967,0.2182,0.0833,0.9681,0.9967,0.7657,0.7657
10269,541,C541L,C,L,p~,np,0.1967,0.2182,0.0833,0.9681,0.9967,0.7766,0.7766
10270,541,C541K,C,K,p~,p+,0.1967,0.2182,0.0833,0.9681,0.9967,0.7368,0.7368
10271,541,C541M,C,M,p~,np,0.1967,0.2182,0.0833,0.9681,0.9967,0.819,0.819
10272,541,C541F,C,F,p~,np,0.1967,0.2182,0.0833,0.9681,0.9967,0.739,0.739
10273,541,C541P,C,P,p~,np,0.1967,0.2182,0.0833,0.9681,0.9967,0.6992,0.6992
10274,541,C541S,C,S,p~,p~,0.1967,0.2182,0.0833,0.9681,0.9967,0.6188,0.6188
10275,541,C541T,C,T,p~,p~,0.1967,0.2182,0.0833,0.9681,0.9967,0.7024,0.7024
10276,541,C541W,C,W,p~,np,0.1967,0.2182,0.0833,0.9681,0.9967,0.7683,0.7683
10277,541,C541Y,C,Y,p~,p~,0.1967,0.2182,0.0833,0.9681,0.9967,0.6871,0.6871
10278,541,C541V,C,V,p~,np,0.1967,0.2182,0.0833,0.9681,0.9967,0.7323,0.7323
10279,542,T542A,T,A,p~,np,0.2645,0.2787,0.4649,0.3513,0.2469,0.2311,0.2311
10280,542,T542R,T,R,p~,p+,0.2645,0.2787,0.4649,0.3513,0.2469,0.3173,0.3173
10281,542,T542N,T,N,p~,p~,0.2645,0.2787,0.4649,0.3513,0.2469,0.2437,0.2437
10282,542,T542D,T,D,p~,p-,0.2645,0.2787,0.4649,0.3513,0.2469,0.2983,0.2983
10283,542,T542C,T,C,p~,p~,0.2645,0.2787,0.4649,0.3513,0.2469,0.5499,0.5499
10284,542,T542Q,T,Q,p~,p~,0.2645,0.2787,0.4649,0.3513,0.2469,0.3032,0.3032
10285,542,T542E,T,E,p~,p-,0.2645,0.2787,0.4649,0.3513,0.2469,0.325,0.325
10286,542,T542G,T,G,p~,np,0.2645,0.2787,0.4649,0.3513,0.2469,0.2554,0.2554
10287,542,T542H,T,H,p~,p~,0.2645,0.2787,0.4649,0.3513,0.2469,0.3538,0.3538
10288,542,T542I,T,I,p~,np,0.2645,0.2787,0.4649,0.3513,0.2469,0.4023,0.4023
10289,542,T542L,T,L,p~,np,0.2645,0.2787,0.4649,0.3513,0.2469,0.363,0.363
10290,542,T542K,T,K,p~,p+,0.2645,0.2787,0.4649,0.3513,0.2469,0.2486,0.2486
10291,542,T542M,T,M,p~,np,0.2645,0.2787,0.4649,0.3513,0.2469,0.4206,0.4206
10292,542,T542F,T,F,p~,np,0.2645,0.2787,0.4649,0.3513,0.2469,0.4079,0.4079
10293,542,T542P,T,P,p~,np,0.2645,0.2787,0.4649,0.3513,0.2469,0.3336,0.3336
10294,542,T542S,T,S,p~,p~,0.2645,0.2787,0.4649,0.3513,0.2469,0.1567,0.1567
10295,542,T542W,T,W,p~,np,0.2645,0.2787,0.4649,0.3513,0.2469,0.5355,0.5355
10296,542,T542Y,T,Y,p~,p~,0.2645,0.2787,0.4649,0.3513,0.2469,0.4008,0.4008
10297,542,T542V,T,V,p~,np,0.2645,0.2787,0.4649,0.3513,0.2469,0.3195,0.3195
10298,543,T543A,T,A,p~,np,0.2009,0.2196,0.1843,0.5983,0.567,0.2368,0.2368
10299,543,T543R,T,R,p~,p+,0.2009,0.2196,0.1843,0.5983,0.567,0.4057,0.4057
10300,543,T543N,T,N,p~,p~,0.2009,0.2196,0.1843,0.5983,0.567,0.3677,0.3677
10301,543,T543D,T,D,p~,p-,0.2009,0.2196,0.1843,0.5983,0.567,0.3807,0.3807
10302,543,T543C,T,C,p~,p~,0.2009,0.2196,0.1843,0.5983,0.567,0.6881,0.6881
10303,543,T543Q,T,Q,p~,p~,0.2009,0.2196,0.1843,0.5983,0.567,0.3654,0.3654
10304,543,T543E,T,E,p~,p-,0.2009,0.2196,0.1843,0.5983,0.567,0.374,0.374
10305,543,T543G,T,G,p~,np,0.2009,0.2196,0.1843,0.5983,0.567,0.3497,0.3497
10306,543,T543H,T,H,p~,p~,0.2009,0.2196,0.1843,0.5983,0.567,0.4726,0.4726
10307,543,T543I,T,I,p~,np,0.2009,0.2196,0.1843,0.5983,0.567,0.3567,0.3567
10308,543,T543L,T,L,p~,np,0.2009,0.2196,0.1843,0.5983,0.567,0.4041,0.4041
10309,543,T543K,T,K,p~,p+,0.2009,0.2196,0.1843,0.5983,0.567,0.32,0.32
10310,543,T543M,T,M,p~,np,0.2009,0.2196,0.1843,0.5983,0.567,0.4684,0.4684
10311,543,T543F,T,F,p~,np,0.2009,0.2196,0.1843,0.5983,0.567,0.4939,0.4939
10312,543,T543P,T,P,p~,np,0.2009,0.2196,0.1843,0.5983,0.567,0.3896,0.3896
10313,543,T543S,T,S,p~,p~,0.2009,0.2196,0.1843,0.5983,0.567,0.2513,0.2513
10314,543,T543W,T,W,p~,np,0.2009,0.2196,0.1843,0.5983,0.567,0.6543,0.6543
10315,543,T543Y,T,Y,p~,p~,0.2009,0.2196,0.1843,0.5983,0.567,0.5042,0.5042
10316,543,T543V,T,V,p~,np,0.2009,0.2196,0.1843,0.5983,0.567,0.2659,0.2659
10317,544,N544A,N,A,p~,np,0.1938,0.2259,0.084,0.9854,0.987,0.5643,0.5643
10318,544,N544R,N,R,p~,p+,0.1938,0.2259,0.084,0.9854,0.987,0.6751,0.6751
10319,544,N544D,N,D,p~,p-,0.1938,0.2259,0.084,0.9854,0.987,0.3988,0.3988
10320,544,N544C,N,C,p~,p~,0.1938,0.2259,0.084,0.9854,0.987,0.7078,0.7078
10321,544,N544Q,N,Q,p~,p~,0.1938,0.2259,0.084,0.9854,0.987,0.4696,0.4696
10322,544,N544E,N,E,p~,p-,0.1938,0.2259,0.084,0.9854,0.987,0.55,0.55
10323,544,N544G,N,G,p~,np,0.1938,0.2259,0.084,0.9854,0.987,0.5277,0.5277
10324,544,N544H,N,H,p~,p~,0.1938,0.2259,0.084,0.9854,0.987,0.5198,0.5198
10325,544,N544I,N,I,p~,np,0.1938,0.2259,0.084,0.9854,0.987,0.615,0.615
10326,544,N544L,N,L,p~,np,0.1938,0.2259,0.084,0.9854,0.987,0.612,0.612
10327,544,N544K,N,K,p~,p+,0.1938,0.2259,0.084,0.9854,0.987,0.5887,0.5887
10328,544,N544M,N,M,p~,np,0.1938,0.2259,0.084,0.9854,0.987,0.6325,0.6325
10329,544,N544F,N,F,p~,np,0.1938,0.2259,0.084,0.9854,0.987,0.6076,0.6076
10330,544,N544P,N,P,p~,np,0.1938,0.2259,0.084,0.9854,0.987,0.622,0.622
10331,544,N544S,N,S,p~,p~,0.1938,0.2259,0.084,0.9854,0.987,0.4447,0.4447
10332,544,N544T,N,T,p~,p~,0.1938,0.2259,0.084,0.9854,0.987,0.4985,0.4985
10333,544,N544W,N,W,p~,np,0.1938,0.2259,0.084,0.9854,0.987,0.7605,0.7605
10334,544,N544Y,N,Y,p~,p~,0.1938,0.2259,0.084,0.9854,0.987,0.5504,0.5504
10335,544,N544V,N,V,p~,np,0.1938,0.2259,0.084,0.9854,0.987,0.6232,0.6232
10336,545,H545A,H,A,p~,np,0.2513,0.2826,0.0856,0.98,0.9666,0.6369,0.6369
10337,545,H545R,H,R,p~,p+,0.2513,0.2826,0.0856,0.98,0.9666,0.4018,0.4018
10338,545,H545N,H,N,p~,p~,0.2513,0.2826,0.0856,0.98,0.9666,0.5365,0.5365
10339,545,H545D,H,D,p~,p-,0.2513,0.2826,0.0856,0.98,0.9666,0.6724,0.6724
10340,545,H545C,H,C,p~,p~,0.2513,0.2826,0.0856,0.98,0.9666,0.7657,0.7657
10341,545,H545Q,H,Q,p~,p~,0.2513,0.2826,0.0856,0.98,0.9666,0.562,0.562
10342,545,H545E,H,E,p~,p-,0.2513,0.2826,0.0856,0.98,0.9666,0.6731,0.6731
10343,545,H545G,H,G,p~,np,0.2513,0.2826,0.0856,0.98,0.9666,0.5993,0.5993
10344,545,H545I,H,I,p~,np,0.2513,0.2826,0.0856,0.98,0.9666,0.7265,0.7265
10345,545,H545L,H,L,p~,np,0.2513,0.2826,0.0856,0.98,0.9666,0.6842,0.6842
10346,545,H545K,H,K,p~,p+,0.2513,0.2826,0.0856,0.98,0.9666,0.5167,0.5167
10347,545,H545M,H,M,p~,np,0.2513,0.2826,0.0856,0.98,0.9666,0.7329,0.7329
10348,545,H545F,H,F,p~,np,0.2513,0.2826,0.0856,0.98,0.9666,0.6763,0.6763
10349,545,H545P,H,P,p~,np,0.2513,0.2826,0.0856,0.98,0.9666,0.7208,0.7208
10350,545,H545S,H,S,p~,p~,0.2513,0.2826,0.0856,0.98,0.9666,0.5935,0.5935
10351,545,H545T,H,T,p~,p~,0.2513,0.2826,0.0856,0.98,0.9666,0.683,0.683
10352,545,H545W,H,W,p~,np,0.2513,0.2826,0.0856,0.98,0.9666,0.6997,0.6997
10353,545,H545Y,H,Y,p~,p~,0.2513,0.2826,0.0856,0.98,0.9666,0.5874,0.5874
10354,545,H545V,H,V,p~,np,0.2513,0.2826,0.0856,0.98,0.9666,0.7184,0.7184
10355,546,F546A,F,A,np,np,0.2754,0.3087,0.3084,0.5262,0.5237,0.4079,0.4079
10356,546,F546R,F,R,np,p+,0.2754,0.3087,0.3084,0.5262,0.5237,0.4218,0.4218
10357,546,F546N,F,N,np,p~,0.2754,0.3087,0.3084,0.5262,0.5237,0.4193,0.4193
10358,546,F546D,F,D,np,p-,0.2754,0.3087,0.3084,0.5262,0.5237,0.497,0.497
10359,546,F546C,F,C,np,p~,0.2754,0.3087,0.3084,0.5262,0.5237,0.6127,0.6127
10360,546,F546Q,F,Q,np,p~,0.2754,0.3087,0.3084,0.5262,0.5237,0.4098,0.4098
10361,546,F546E,F,E,np,p-,0.2754,0.3087,0.3084,0.5262,0.5237,0.5015,0.5015
10362,546,F546G,F,G,np,np,0.2754,0.3087,0.3084,0.5262,0.5237,0.4964,0.4964
10363,546,F546H,F,H,np,p~,0.2754,0.3087,0.3084,0.5262,0.5237,0.3564,0.3564
10364,546,F546I,F,I,np,np,0.2754,0.3087,0.3084,0.5262,0.5237,0.4346,0.4346
10365,546,F546L,F,L,np,np,0.2754,0.3087,0.3084,0.5262,0.5237,0.2468,0.2468
10366,546,F546K,F,K,np,p+,0.2754,0.3087,0.3084,0.5262,0.5237,0.4166,0.4166
10367,546,F546M,F,M,np,np,0.2754,0.3087,0.3084,0.5262,0.5237,0.3754,0.3754
10368,546,F546P,F,P,np,np,0.2754,0.3087,0.3084,0.5262,0.5237,0.2832,0.2832
10369,546,F546S,F,S,np,p~,0.2754,0.3087,0.3084,0.5262,0.5237,0.4059,0.4059
10370,546,F546T,F,T,np,p~,0.2754,0.3087,0.3084,0.5262,0.5237,0.3836,0.3836
10371,546,F546W,F,W,np,np,0.2754,0.3087,0.3084,0.5262,0.5237,0.3996,0.3996
10372,546,F546Y,F,Y,np,p~,0.2754,0.3087,0.3084,0.5262,0.5237,0.1778,0.1778
10373,546,F546V,F,V,np,np,0.2754,0.3087,0.3084,0.5262,0.5237,0.4259,0.4259
10374,547,D547A,D,A,p-,np,0.3153,0.3491,0.0933,0.9115,0.8521,0.5903,0.5903
10375,547,D547R,D,R,p-,p+,0.3153,0.3491,0.0933,0.9115,0.8521,0.7053,0.7053
10376,547,D547N,D,N,p-,p~,0.3153,0.3491,0.0933,0.9115,0.8521,0.3302,0.3302
10377,547,D547C,D,C,p-,p~,0.3153,0.3491,0.0933,0.9115,0.8521,0.7894,0.7894
10378,547,D547Q,D,Q,p-,p~,0.3153,0.3491,0.0933,0.9115,0.8521,0.6026,0.6026
10379,547,D547E,D,E,p-,p-,0.3153,0.3491,0.0933,0.9115,0.8521,0.4777,0.4777
10380,547,D547G,D,G,p-,np,0.3153,0.3491,0.0933,0.9115,0.8521,0.534,0.534
10381,547,D547H,D,H,p-,p~,0.3153,0.3491,0.0933,0.9115,0.8521,0.5784,0.5784
10382,547,D547I,D,I,p-,np,0.3153,0.3491,0.0933,0.9115,0.8521,0.737,0.737
10383,547,D547L,D,L,p-,np,0.3153,0.3491,0.0933,0.9115,0.8521,0.7497,0.7497
10384,547,D547K,D,K,p-,p+,0.3153,0.3491,0.0933,0.9115,0.8521,0.6676,0.6676
10385,547,D547M,D,M,p-,np,0.3153,0.3491,0.0933,0.9115,0.8521,0.7774,0.7774
10386,547,D547F,D,F,p-,np,0.3153,0.3491,0.0933,0.9115,0.8521,0.786,0.786
10387,547,D547P,D,P,p-,np,0.3153,0.3491,0.0933,0.9115,0.8521,0.7259,0.7259
10388,547,D547S,D,S,p-,p~,0.3153,0.3491,0.0933,0.9115,0.8521,0.4661,0.4661
10389,547,D547T,D,T,p-,p~,0.3153,0.3491,0.0933,0.9115,0.8521,0.5146,0.5146
10390,547,D547W,D,W,p-,np,0.3153,0.3491,0.0933,0.9115,0.8521,0.8411,0.8411
10391,547,D547Y,D,Y,p-,p~,0.3153,0.3491,0.0933,0.9115,0.8521,0.6393,0.6393
10392,547,D547V,D,V,p-,np,0.3153,0.3491,0.0933,0.9115,0.8521,0.6697,0.6697
10393,548,A548R,A,R,np,p+,0.357,0.389,0.1681,0.7098,0.5695,0.7353,0.7353
10394,548,A548N,A,N,np,p~,0.357,0.389,0.1681,0.7098,0.5695,0.4712,0.4712
10395,548,A548D,A,D,np,p-,0.357,0.389,0.1681,0.7098,0.5695,0.5392,0.5392
10396,548,A548C,A,C,np,p~,0.357,0.389,0.1681,0.7098,0.5695,0.5475,0.5475
10397,548,A548Q,A,Q,np,p~,0.357,0.389,0.1681,0.7098,0.5695,0.5396,0.5396
10398,548,A548E,A,E,np,p-,0.357,0.389,0.1681,0.7098,0.5695,0.5894,0.5894
10399,548,A548G,A,G,np,np,0.357,0.389,0.1681,0.7098,0.5695,0.1703,0.1703
10400,548,A548H,A,H,np,p~,0.357,0.389,0.1681,0.7098,0.5695,0.561,0.561
10401,548,A548I,A,I,np,np,0.357,0.389,0.1681,0.7098,0.5695,0.4677,0.4677
10402,548,A548L,A,L,np,np,0.357,0.389,0.1681,0.7098,0.5695,0.4628,0.4628
10403,548,A548K,A,K,np,p+,0.357,0.389,0.1681,0.7098,0.5695,0.7176,0.7176
10404,548,A548M,A,M,np,np,0.357,0.389,0.1681,0.7098,0.5695,0.4301,0.4301
10405,548,A548F,A,F,np,np,0.357,0.389,0.1681,0.7098,0.5695,0.4939,0.4939
10406,548,A548P,A,P,np,np,0.357,0.389,0.1681,0.7098,0.5695,0.5663,0.5663
10407,548,A548S,A,S,np,p~,0.357,0.389,0.1681,0.7098,0.5695,0.3446,0.3446
10408,548,A548T,A,T,np,p~,0.357,0.389,0.1681,0.7098,0.5695,0.3725,0.3725
10409,548,A548W,A,W,np,np,0.357,0.389,0.1681,0.7098,0.5695,0.6231,0.6231
10410,548,A548Y,A,Y,np,p~,0.357,0.389,0.1681,0.7098,0.5695,0.5633,0.5633
10411,548,A548V,A,V,np,np,0.357,0.389,0.1681,0.7098,0.5695,0.3735,0.3735
10412,549,Q549A,Q,A,p~,np,0.3899,0.4182,0.1149,0.7183,0.5894,0.3731,0.3731
10413,549,Q549R,Q,R,p~,p+,0.3899,0.4182,0.1149,0.7183,0.5894,0.5505,0.5505
10414,549,Q549N,Q,N,p~,p~,0.3899,0.4182,0.1149,0.7183,0.5894,0.4952,0.4952
10415,549,Q549D,Q,D,p~,p-,0.3899,0.4182,0.1149,0.7183,0.5894,0.5702,0.5702
10416,549,Q549C,Q,C,p~,p~,0.3899,0.4182,0.1149,0.7183,0.5894,0.7014,0.7014
10417,549,Q549E,Q,E,p~,p-,0.3899,0.4182,0.1149,0.7183,0.5894,0.3029,0.3029
10418,549,Q549G,Q,G,p~,np,0.3899,0.4182,0.1149,0.7183,0.5894,0.5524,0.5524
10419,549,Q549H,Q,H,p~,p~,0.3899,0.4182,0.1149,0.7183,0.5894,0.5224,0.5224
10420,549,Q549I,Q,I,p~,np,0.3899,0.4182,0.1149,0.7183,0.5894,0.6747,0.6747
10421,549,Q549L,Q,L,p~,np,0.3899,0.4182,0.1149,0.7183,0.5894,0.5713,0.5713
10422,549,Q549K,Q,K,p~,p+,0.3899,0.4182,0.1149,0.7183,0.5894,0.5591,0.5591
10423,549,Q549M,Q,M,p~,np,0.3899,0.4182,0.1149,0.7183,0.5894,0.4909,0.4909
10424,549,Q549F,Q,F,p~,np,0.3899,0.4182,0.1149,0.7183,0.5894,0.6384,0.6384
10425,549,Q549P,Q,P,p~,np,0.3899,0.4182,0.1149,0.7183,0.5894,0.7994,0.7994
10426,549,Q549S,Q,S,p~,p~,0.3899,0.4182,0.1149,0.7183,0.5894,0.4357,0.4357
10427,549,Q549T,Q,T,p~,p~,0.3899,0.4182,0.1149,0.7183,0.5894,0.4647,0.4647
10428,549,Q549W,Q,W,p~,np,0.3899,0.4182,0.1149,0.7183,0.5894,0.6498,0.6498
10429,549,Q549Y,Q,Y,p~,p~,0.3899,0.4182,0.1149,0.7183,0.5894,0.5817,0.5817
10430,549,Q549V,Q,V,p~,np,0.3899,0.4182,0.1149,0.7183,0.5894,0.5801,0.5801
10431,550,I550A,I,A,np,np,0.4492,0.4746,0.1157,0.6942,0.9413,0.5533,0.5533
10432,550,I550R,I,R,np,p+,0.4492,0.4746,0.1157,0.6942,0.9413,0.7239,0.7239
10433,550,I550N,I,N,np,p~,0.4492,0.4746,0.1157,0.6942,0.9413,0.7281,0.7281
10434,550,I550D,I,D,np,p-,0.4492,0.4746,0.1157,0.6942,0.9413,0.8088,0.8088
10435,550,I550C,I,C,np,p~,0.4492,0.4746,0.1157,0.6942,0.9413,0.7499,0.7499
10436,550,I550Q,I,Q,np,p~,0.4492,0.4746,0.1157,0.6942,0.9413,0.6763,0.6763
10437,550,I550E,I,E,np,p-,0.4492,0.4746,0.1157,0.6942,0.9413,0.6875,0.6875
10438,550,I550G,I,G,np,np,0.4492,0.4746,0.1157,0.6942,0.9413,0.7377,0.7377
10439,550,I550H,I,H,np,p~,0.4492,0.4746,0.1157,0.6942,0.9413,0.7353,0.7353
10440,550,I550L,I,L,np,np,0.4492,0.4746,0.1157,0.6942,0.9413,0.4509,0.4509
10441,550,I550K,I,K,np,p+,0.4492,0.4746,0.1157,0.6942,0.9413,0.7483,0.7483
10442,550,I550M,I,M,np,np,0.4492,0.4746,0.1157,0.6942,0.9413,0.5013,0.5013
10443,550,I550F,I,F,np,np,0.4492,0.4746,0.1157,0.6942,0.9413,0.4307,0.4307
10444,550,I550P,I,P,np,np,0.4492,0.4746,0.1157,0.6942,0.9413,0.8116,0.8116
10445,550,I550S,I,S,np,p~,0.4492,0.4746,0.1157,0.6942,0.9413,0.638,0.638
10446,550,I550T,I,T,np,p~,0.4492,0.4746,0.1157,0.6942,0.9413,0.5279,0.5279
10447,550,I550W,I,W,np,np,0.4492,0.4746,0.1157,0.6942,0.9413,0.6857,0.6857
10448,550,I550Y,I,Y,np,p~,0.4492,0.4746,0.1157,0.6942,0.9413,0.4824,0.4824
10449,550,I550V,I,V,np,np,0.4492,0.4746,0.1157,0.6942,0.9413,0.2745,0.2745
10450,551,F551A,F,A,np,np,0.4701,0.4891,0.1334,0.7186,0.9294,0.5916,0.5916
10451,551,F551R,F,R,np,p+,0.4701,0.4891,0.1334,0.7186,0.9294,0.8013,0.8013
10452,551,F551N,F,N,np,p~,0.4701,0.4891,0.1334,0.7186,0.9294,0.583,0.583
10453,551,F551D,F,D,np,p-,0.4701,0.4891,0.1334,0.7186,0.9294,0.653,0.653
10454,551,F551C,F,C,np,p~,0.4701,0.4891,0.1334,0.7186,0.9294,0.6378,0.6378
10455,551,F551Q,F,Q,np,p~,0.4701,0.4891,0.1334,0.7186,0.9294,0.6439,0.6439
10456,551,F551E,F,E,np,p-,0.4701,0.4891,0.1334,0.7186,0.9294,0.721,0.721
10457,551,F551G,F,G,np,np,0.4701,0.4891,0.1334,0.7186,0.9294,0.6631,0.6631
10458,551,F551H,F,H,np,p~,0.4701,0.4891,0.1334,0.7186,0.9294,0.4852,0.4852
10459,551,F551I,F,I,np,np,0.4701,0.4891,0.1334,0.7186,0.9294,0.488,0.488
10460,551,F551L,F,L,np,np,0.4701,0.4891,0.1334,0.7186,0.9294,0.3511,0.3511
10461,551,F551K,F,K,np,p+,0.4701,0.4891,0.1334,0.7186,0.9294,0.831,0.831
10462,551,F551M,F,M,np,np,0.4701,0.4891,0.1334,0.7186,0.9294,0.4879,0.4879
10463,551,F551P,F,P,np,np,0.4701,0.4891,0.1334,0.7186,0.9294,0.6793,0.6793
10464,551,F551S,F,S,np,p~,0.4701,0.4891,0.1334,0.7186,0.9294,0.5702,0.5702
10465,551,F551T,F,T,np,p~,0.4701,0.4891,0.1334,0.7186,0.9294,0.5838,0.5838
10466,551,F551W,F,W,np,np,0.4701,0.4891,0.1334,0.7186,0.9294,0.3604,0.3604
10467,551,F551Y,F,Y,np,p~,0.4701,0.4891,0.1334,0.7186,0.9294,0.1446,0.1446
10468,551,F551V,F,V,np,np,0.4701,0.4891,0.1334,0.7186,0.9294,0.5899,0.5899
10469,552,T552A,T,A,p~,np,0.5297,0.548,0.1133,0.7281,0.7591,0.4526,0.4526
10470,552,T552R,T,R,p~,p+,0.5297,0.548,0.1133,0.7281,0.7591,0.484,0.484
10471,552,T552N,T,N,p~,p~,0.5297,0.548,0.1133,0.7281,0.7591,0.4232,0.4232
10472,552,T552D,T,D,p~,p-,0.5297,0.548,0.1133,0.7281,0.7591,0.4558,0.4558
10473,552,T552C,T,C,p~,p~,0.5297,0.548,0.1133,0.7281,0.7591,0.6669,0.6669
10474,552,T552Q,T,Q,p~,p~,0.5297,0.548,0.1133,0.7281,0.7591,0.3985,0.3985
10475,552,T552E,T,E,p~,p-,0.5297,0.548,0.1133,0.7281,0.7591,0.376,0.376
10476,552,T552G,T,G,p~,np,0.5297,0.548,0.1133,0.7281,0.7591,0.5925,0.5925
10477,552,T552H,T,H,p~,p~,0.5297,0.548,0.1133,0.7281,0.7591,0.4504,0.4504
10478,552,T552I,T,I,p~,np,0.5297,0.548,0.1133,0.7281,0.7591,0.4055,0.4055
10479,552,T552L,T,L,p~,np,0.5297,0.548,0.1133,0.7281,0.7591,0.4096,0.4096
10480,552,T552K,T,K,p~,p+,0.5297,0.548,0.1133,0.7281,0.7591,0.4781,0.4781
10481,552,T552M,T,M,p~,np,0.5297,0.548,0.1133,0.7281,0.7591,0.5102,0.5102
10482,552,T552F,T,F,p~,np,0.5297,0.548,0.1133,0.7281,0.7591,0.42,0.42
10483,552,T552P,T,P,p~,np,0.5297,0.548,0.1133,0.7281,0.7591,0.6455,0.6455
10484,552,T552S,T,S,p~,p~,0.5297,0.548,0.1133,0.7281,0.7591,0.1758,0.1758
10485,552,T552W,T,W,p~,np,0.5297,0.548,0.1133,0.7281,0.7591,0.4187,0.4187
10486,552,T552Y,T,Y,p~,p~,0.5297,0.548,0.1133,0.7281,0.7591,0.2716,0.2716
10487,552,T552V,T,V,p~,np,0.5297,0.548,0.1133,0.7281,0.7591,0.4169,0.4169
10488,553,P553A,P,A,np,np,0.5559,0.5721,0.0771,0.999,0.9983,0.5862,0.5862
10489,553,P553R,P,R,np,p+,0.5559,0.5721,0.0771,0.999,0.9983,0.7568,0.7568
10490,553,P553N,P,N,np,p~,0.5559,0.5721,0.0771,0.999,0.9983,0.6716,0.6716
10491,553,P553D,P,D,np,p-,0.5559,0.5721,0.0771,0.999,0.9983,0.8495,0.8495
10492,553,P553C,P,C,np,p~,0.5559,0.5721,0.0771,0.999,0.9983,0.8395,0.8395
10493,553,P553Q,P,Q,np,p~,0.5559,0.5721,0.0771,0.999,0.9983,0.6136,0.6136
10494,553,P553E,P,E,np,p-,0.5559,0.5721,0.0771,0.999,0.9983,0.8785,0.8785
10495,553,P553G,P,G,np,np,0.5559,0.5721,0.0771,0.999,0.9983,0.6546,0.6546
10496,553,P553H,P,H,np,p~,0.5559,0.5721,0.0771,0.999,0.9983,0.7025,0.7025
10497,553,P553I,P,I,np,np,0.5559,0.5721,0.0771,0.999,0.9983,0.771,0.771
10498,553,P553L,P,L,np,np,0.5559,0.5721,0.0771,0.999,0.9983,0.6665,0.6665
10499,553,P553K,P,K,np,p+,0.5559,0.5721,0.0771,0.999,0.9983,0.8228,0.8228
10500,553,P553M,P,M,np,np,0.5559,0.5721,0.0771,0.999,0.9983,0.734,0.734
10501,553,P553F,P,F,np,np,0.5559,0.5721,0.0771,0.999,0.9983,0.7288,0.7288
10502,553,P553S,P,S,np,p~,0.5559,0.5721,0.0771,0.999,0.9983,0.5805,0.5805
10503,553,P553T,P,T,np,p~,0.5559,0.5721,0.0771,0.999,0.9983,0.6106,0.6106
10504,553,P553W,P,W,np,np,0.5559,0.5721,0.0771,0.999,0.9983,0.7926,0.7926
10505,553,P553Y,P,Y,np,p~,0.5559,0.5721,0.0771,0.999,0.9983,0.7038,0.7038
10506,553,P553V,P,V,np,np,0.5559,0.5721,0.0771,0.999,0.9983,0.7102,0.7102
10507,554,N554A,N,A,p~,np,0.6099,0.6207,0.1079,0.6211,0.5382,0.0605,0.0605
10508,554,N554R,N,R,p~,p+,0.6099,0.6207,0.1079,0.6211,0.5382,0.2401,0.2401
10509,554,N554D,N,D,p~,p-,0.6099,0.6207,0.1079,0.6211,0.5382,0.1728,0.1728
10510,554,N554C,N,C,p~,p~,0.6099,0.6207,0.1079,0.6211,0.5382,0.5067,0.5067
10511,554,N554Q,N,Q,p~,p~,0.6099,0.6207,0.1079,0.6211,0.5382,0.2208,0.2208
10512,554,N554E,N,E,p~,p-,0.6099,0.6207,0.1079,0.6211,0.5382,0.2291,0.2291
10513,554,N554G,N,G,p~,np,0.6099,0.6207,0.1079,0.6211,0.5382,0.0847,0.0847
10514,554,N554H,N,H,p~,p~,0.6099,0.6207,0.1079,0.6211,0.5382,0.2303,0.2303
10515,554,N554I,N,I,p~,np,0.6099,0.6207,0.1079,0.6211,0.5382,0.4689,0.4689
10516,554,N554L,N,L,p~,np,0.6099,0.6207,0.1079,0.6211,0.5382,0.3474,0.3474
10517,554,N554K,N,K,p~,p+,0.6099,0.6207,0.1079,0.6211,0.5382,0.2189,0.2189
10518,554,N554M,N,M,p~,np,0.6099,0.6207,0.1079,0.6211,0.5382,0.4487,0.4487
10519,554,N554F,N,F,p~,np,0.6099,0.6207,0.1079,0.6211,0.5382,0.3419,0.3419
10520,554,N554P,N,P,p~,np,0.6099,0.6207,0.1079,0.6211,0.5382,-0.0976,-0.0976
10521,554,N554S,N,S,p~,p~,0.6099,0.6207,0.1079,0.6211,0.5382,0.0441,0.0441
10522,554,N554T,N,T,p~,p~,0.6099,0.6207,0.1079,0.6211,0.5382,0.2042,0.2042
10523,554,N554W,N,W,p~,np,0.6099,0.6207,0.1079,0.6211,0.5382,0.3061,0.3061
10524,554,N554Y,N,Y,p~,p~,0.6099,0.6207,0.1079,0.6211,0.5382,0.2237,0.2237
10525,554,N554V,N,V,p~,np,0.6099,0.6207,0.1079,0.6211,0.5382,0.3685,0.3685
10526,555,Y555A,Y,A,p~,np,0.6317,0.6395,0.0856,0.885,0.8421,0.471,0.471
10527,555,Y555R,Y,R,p~,p+,0.6317,0.6395,0.0856,0.885,0.8421,0.7556,0.7556
10528,555,Y555N,Y,N,p~,p~,0.6317,0.6395,0.0856,0.885,0.8421,0.5661,0.5661
10529,555,Y555D,Y,D,p~,p-,0.6317,0.6395,0.0856,0.885,0.8421,0.7051,0.7051
10530,555,Y555C,Y,C,p~,p~,0.6317,0.6395,0.0856,0.885,0.8421,0.5915,0.5915
10531,555,Y555Q,Y,Q,p~,p~,0.6317,0.6395,0.0856,0.885,0.8421,0.6184,0.6184
10532,555,Y555E,Y,E,p~,p-,0.6317,0.6395,0.0856,0.885,0.8421,0.6427,0.6427
10533,555,Y555G,Y,G,p~,np,0.6317,0.6395,0.0856,0.885,0.8421,0.5611,0.5611
10534,555,Y555H,Y,H,p~,p~,0.6317,0.6395,0.0856,0.885,0.8421,0.5862,0.5862
10535,555,Y555I,Y,I,p~,np,0.6317,0.6395,0.0856,0.885,0.8421,0.6765,0.6765
10536,555,Y555L,Y,L,p~,np,0.6317,0.6395,0.0856,0.885,0.8421,0.6402,0.6402
10537,555,Y555K,Y,K,p~,p+,0.6317,0.6395,0.0856,0.885,0.8421,0.797,0.797
10538,555,Y555M,Y,M,p~,np,0.6317,0.6395,0.0856,0.885,0.8421,0.6704,0.6704
10539,555,Y555F,Y,F,p~,np,0.6317,0.6395,0.0856,0.885,0.8421,0.4557,0.4557
10540,555,Y555P,Y,P,p~,np,0.6317,0.6395,0.0856,0.885,0.8421,0.6408,0.6408
10541,555,Y555S,Y,S,p~,p~,0.6317,0.6395,0.0856,0.885,0.8421,0.4034,0.4034
10542,555,Y555T,Y,T,p~,p~,0.6317,0.6395,0.0856,0.885,0.8421,0.4885,0.4885
10543,555,Y555W,Y,W,p~,np,0.6317,0.6395,0.0856,0.885,0.8421,0.5917,0.5917
10544,555,Y555V,Y,V,p~,np,0.6317,0.6395,0.0856,0.885,0.8421,0.6029,0.6029
10545,556,L556A,L,A,np,np,0.6072,0.6244,0.0856,0.9652,0.9622,0.6382,0.6382
10546,556,L556R,L,R,np,p+,0.6072,0.6244,0.0856,0.9652,0.9622,0.6822,0.6822
10547,556,L556N,L,N,np,p~,0.6072,0.6244,0.0856,0.9652,0.9622,0.693,0.693
10548,556,L556D,L,D,np,p-,0.6072,0.6244,0.0856,0.9652,0.9622,0.7876,0.7876
10549,556,L556C,L,C,np,p~,0.6072,0.6244,0.0856,0.9652,0.9622,0.7387,0.7387
10550,556,L556Q,L,Q,np,p~,0.6072,0.6244,0.0856,0.9652,0.9622,0.6513,0.6513
10551,556,L556E,L,E,np,p-,0.6072,0.6244,0.0856,0.9652,0.9622,0.7737,0.7737
10552,556,L556G,L,G,np,np,0.6072,0.6244,0.0856,0.9652,0.9622,0.7961,0.7961
10553,556,L556H,L,H,np,p~,0.6072,0.6244,0.0856,0.9652,0.9622,0.697,0.697
10554,556,L556I,L,I,np,np,0.6072,0.6244,0.0856,0.9652,0.9622,0.4723,0.4723
10555,556,L556K,L,K,np,p+,0.6072,0.6244,0.0856,0.9652,0.9622,0.7394,0.7394
10556,556,L556M,L,M,np,np,0.6072,0.6244,0.0856,0.9652,0.9622,0.4295,0.4295
10557,556,L556F,L,F,np,np,0.6072,0.6244,0.0856,0.9652,0.9622,0.4879,0.4879
10558,556,L556P,L,P,np,np,0.6072,0.6244,0.0856,0.9652,0.9622,0.7384,0.7384
10559,556,L556S,L,S,np,p~,0.6072,0.6244,0.0856,0.9652,0.9622,0.68,0.68
10560,556,L556T,L,T,np,p~,0.6072,0.6244,0.0856,0.9652,0.9622,0.6491,0.6491
10561,556,L556W,L,W,np,np,0.6072,0.6244,0.0856,0.9652,0.9622,0.6632,0.6632
10562,556,L556Y,L,Y,np,p~,0.6072,0.6244,0.0856,0.9652,0.9622,0.6114,0.6114
10563,556,L556V,L,V,np,np,0.6072,0.6244,0.0856,0.9652,0.9622,0.5433,0.5433
10564,557,Y557A,Y,A,p~,np,0.6254,0.6412,0.1457,0.6639,0.6194,0.5134,0.5134
10565,557,Y557R,Y,R,p~,p+,0.6254,0.6412,0.1457,0.6639,0.6194,0.4522,0.4522
10566,557,Y557N,Y,N,p~,p~,0.6254,0.6412,0.1457,0.6639,0.6194,0.524,0.524
10567,557,Y557D,Y,D,p~,p-,0.6254,0.6412,0.1457,0.6639,0.6194,0.6054,0.6054
10568,557,Y557C,Y,C,p~,p~,0.6254,0.6412,0.1457,0.6639,0.6194,0.5621,0.5621
10569,557,Y557Q,Y,Q,p~,p~,0.6254,0.6412,0.1457,0.6639,0.6194,0.4753,0.4753
10570,557,Y557E,Y,E,p~,p-,0.6254,0.6412,0.1457,0.6639,0.6194,0.5825,0.5825
10571,557,Y557G,Y,G,p~,np,0.6254,0.6412,0.1457,0.6639,0.6194,0.6176,0.6176
10572,557,Y557H,Y,H,p~,p~,0.6254,0.6412,0.1457,0.6639,0.6194,0.4893,0.4893
10573,557,Y557I,Y,I,p~,np,0.6254,0.6412,0.1457,0.6639,0.6194,0.3331,0.3331
10574,557,Y557L,Y,L,p~,np,0.6254,0.6412,0.1457,0.6639,0.6194,0.1006,0.1006
10575,557,Y557K,Y,K,p~,p+,0.6254,0.6412,0.1457,0.6639,0.6194,0.4585,0.4585
10576,557,Y557M,Y,M,p~,np,0.6254,0.6412,0.1457,0.6639,0.6194,0.3156,0.3156
10577,557,Y557F,Y,F,p~,np,0.6254,0.6412,0.1457,0.6639,0.6194,0.0244,0.0244
10578,557,Y557P,Y,P,p~,np,0.6254,0.6412,0.1457,0.6639,0.6194,0.6662,0.6662
10579,557,Y557S,Y,S,p~,p~,0.6254,0.6412,0.1457,0.6639,0.6194,0.4715,0.4715
10580,557,Y557T,Y,T,p~,p~,0.6254,0.6412,0.1457,0.6639,0.6194,0.3993,0.3993
10581,557,Y557W,Y,W,p~,np,0.6254,0.6412,0.1457,0.6639,0.6194,0.4233,0.4233
10582,557,Y557V,Y,V,p~,np,0.6254,0.6412,0.1457,0.6639,0.6194,0.3727,0.3727
10583,558,D558A,D,A,p-,np,0.751,0.7601,0.2051,0.5526,0.5314,0.5002,0.5002
10584,558,D558R,D,R,p-,p+,0.751,0.7601,0.2051,0.5526,0.5314,0.6218,0.6218
10585,558,D558N,D,N,p-,p~,0.751,0.7601,0.2051,0.5526,0.5314,0.3794,0.3794
10586,558,D558C,D,C,p-,p~,0.751,0.7601,0.2051,0.5526,0.5314,0.8196,0.8196
10587,558,D558Q,D,Q,p-,p~,0.751,0.7601,0.2051,0.5526,0.5314,0.4945,0.4945
10588,558,D558E,D,E,p-,p-,0.751,0.7601,0.2051,0.5526,0.5314,0.5436,0.5436
10589,558,D558G,D,G,p-,np,0.751,0.7601,0.2051,0.5526,0.5314,0.4096,0.4096
10590,558,D558H,D,H,p-,p~,0.751,0.7601,0.2051,0.5526,0.5314,0.6848,0.6848
10591,558,D558I,D,I,p-,np,0.751,0.7601,0.2051,0.5526,0.5314,0.7031,0.7031
10592,558,D558L,D,L,p-,np,0.751,0.7601,0.2051,0.5526,0.5314,0.5742,0.5742
10593,558,D558K,D,K,p-,p+,0.751,0.7601,0.2051,0.5526,0.5314,0.5363,0.5363
10594,558,D558M,D,M,p-,np,0.751,0.7601,0.2051,0.5526,0.5314,0.636,0.636
10595,558,D558F,D,F,p-,np,0.751,0.7601,0.2051,0.5526,0.5314,0.7016,0.7016
10596,558,D558P,D,P,p-,np,0.751,0.7601,0.2051,0.5526,0.5314,0.6727,0.6727
10597,558,D558S,D,S,p-,p~,0.751,0.7601,0.2051,0.5526,0.5314,0.4485,0.4485
10598,558,D558T,D,T,p-,p~,0.751,0.7601,0.2051,0.5526,0.5314,0.4515,0.4515
10599,558,D558W,D,W,p-,np,0.751,0.7601,0.2051,0.5526,0.5314,0.7551,0.7551
10600,558,D558Y,D,Y,p-,p~,0.751,0.7601,0.2051,0.5526,0.5314,0.5995,0.5995
10601,558,D558V,D,V,p-,np,0.751,0.7601,0.2051,0.5526,0.5314,0.6783,0.6783
10602,559,S559A,S,A,p~,np,0.7986,0.8041,0.4402,0.3481,0.1728,0.1921,0.1921
10603,559,S559R,S,R,p~,p+,0.7986,0.8041,0.4402,0.3481,0.1728,0.3586,0.3586
10604,559,S559N,S,N,p~,p~,0.7986,0.8041,0.4402,0.3481,0.1728,0.2901,0.2901
10605,559,S559D,S,D,p~,p-,0.7986,0.8041,0.4402,0.3481,0.1728,0.3427,0.3427
10606,559,S559C,S,C,p~,p~,0.7986,0.8041,0.4402,0.3481,0.1728,0.651,0.651
10607,559,S559Q,S,Q,p~,p~,0.7986,0.8041,0.4402,0.3481,0.1728,0.2643,0.2643
10608,559,S559E,S,E,p~,p-,0.7986,0.8041,0.4402,0.3481,0.1728,0.2692,0.2692
10609,559,S559G,S,G,p~,np,0.7986,0.8041,0.4402,0.3481,0.1728,0.2762,0.2762
10610,559,S559H,S,H,p~,p~,0.7986,0.8041,0.4402,0.3481,0.1728,0.477,0.477
10611,559,S559I,S,I,p~,np,0.7986,0.8041,0.4402,0.3481,0.1728,0.4218,0.4218
10612,559,S559L,S,L,p~,np,0.7986,0.8041,0.4402,0.3481,0.1728,0.4116,0.4116
10613,559,S559K,S,K,p~,p+,0.7986,0.8041,0.4402,0.3481,0.1728,0.2481,0.2481
10614,559,S559M,S,M,p~,np,0.7986,0.8041,0.4402,0.3481,0.1728,0.4865,0.4865
10615,559,S559F,S,F,p~,np,0.7986,0.8041,0.4402,0.3481,0.1728,0.5198,0.5198
10616,559,S559P,S,P,p~,np,0.7986,0.8041,0.4402,0.3481,0.1728,0.3656,0.3656
10617,559,S559T,S,T,p~,p~,0.7986,0.8041,0.4402,0.3481,0.1728,0.2689,0.2689
10618,559,S559W,S,W,p~,np,0.7986,0.8041,0.4402,0.3481,0.1728,0.5869,0.5869
10619,559,S559Y,S,Y,p~,p~,0.7986,0.8041,0.4402,0.3481,0.1728,0.4902,0.4902
10620,559,S559V,S,V,p~,np,0.7986,0.8041,0.4402,0.3481,0.1728,0.3494,0.3494
10621,560,N560A,N,A,p~,np,0.8002,0.8069,0.1403,0.5371,0.4475,0.3099,0.3099
10622,560,N560R,N,R,p~,p+,0.8002,0.8069,0.1403,0.5371,0.4475,0.3963,0.3963
10623,560,N560D,N,D,p~,p-,0.8002,0.8069,0.1403,0.5371,0.4475,0.3406,0.3406
10624,560,N560C,N,C,p~,p~,0.8002,0.8069,0.1403,0.5371,0.4475,0.6049,0.6049
10625,560,N560Q,N,Q,p~,p~,0.8002,0.8069,0.1403,0.5371,0.4475,0.2779,0.2779
10626,560,N560E,N,E,p~,p-,0.8002,0.8069,0.1403,0.5371,0.4475,0.3718,0.3718
10627,560,N560G,N,G,p~,np,0.8002,0.8069,0.1403,0.5371,0.4475,0.351,0.351
10628,560,N560H,N,H,p~,p~,0.8002,0.8069,0.1403,0.5371,0.4475,0.4246,0.4246
10629,560,N560I,N,I,p~,np,0.8002,0.8069,0.1403,0.5371,0.4475,0.5608,0.5608
10630,560,N560L,N,L,p~,np,0.8002,0.8069,0.1403,0.5371,0.4475,0.4157,0.4157
10631,560,N560K,N,K,p~,p+,0.8002,0.8069,0.1403,0.5371,0.4475,0.3192,0.3192
10632,560,N560M,N,M,p~,np,0.8002,0.8069,0.1403,0.5371,0.4475,0.4854,0.4854
10633,560,N560F,N,F,p~,np,0.8002,0.8069,0.1403,0.5371,0.4475,0.5037,0.5037
10634,560,N560P,N,P,p~,np,0.8002,0.8069,0.1403,0.5371,0.4475,0.6841,0.6841
10635,560,N560S,N,S,p~,p~,0.8002,0.8069,0.1403,0.5371,0.4475,0.1995,0.1995
10636,560,N560T,N,T,p~,p~,0.8002,0.8069,0.1403,0.5371,0.4475,0.3525,0.3525
10637,560,N560W,N,W,p~,np,0.8002,0.8069,0.1403,0.5371,0.4475,0.5772,0.5772
10638,560,N560Y,N,Y,p~,p~,0.8002,0.8069,0.1403,0.5371,0.4475,0.4455,0.4455
10639,560,N560V,N,V,p~,np,0.8002,0.8069,0.1403,0.5371,0.4475,0.5211,0.5211
10640,561,G561A,G,A,np,np,0.731,0.7417,0.0771,0.998,0.9967,0.5383,0.5383
10641,561,G561R,G,R,np,p+,0.731,0.7417,0.0771,0.998,0.9967,0.493,0.493
10642,561,G561N,G,N,np,p~,0.731,0.7417,0.0771,0.998,0.9967,0.3591,0.3591
10643,561,G561D,G,D,np,p-,0.731,0.7417,0.0771,0.998,0.9967,0.4818,0.4818
10644,561,G561C,G,C,np,p~,0.731,0.7417,0.0771,0.998,0.9967,0.6076,0.6076
10645,561,G561Q,G,Q,np,p~,0.731,0.7417,0.0771,0.998,0.9967,0.5024,0.5024
10646,561,G561E,G,E,np,p-,0.731,0.7417,0.0771,0.998,0.9967,0.5918,0.5918
10647,561,G561H,G,H,np,p~,0.731,0.7417,0.0771,0.998,0.9967,0.5405,0.5405
10648,561,G561I,G,I,np,np,0.731,0.7417,0.0771,0.998,0.9967,0.7584,0.7584
10649,561,G561L,G,L,np,np,0.731,0.7417,0.0771,0.998,0.9967,0.4991,0.4991
10650,561,G561K,G,K,np,p+,0.731,0.7417,0.0771,0.998,0.9967,0.4885,0.4885
10651,561,G561M,G,M,np,np,0.731,0.7417,0.0771,0.998,0.9967,0.5323,0.5323
10652,561,G561F,G,F,np,np,0.731,0.7417,0.0771,0.998,0.9967,0.51,0.51
10653,561,G561P,G,P,np,np,0.731,0.7417,0.0771,0.998,0.9967,0.6498,0.6498
10654,561,G561S,G,S,np,p~,0.731,0.7417,0.0771,0.998,0.9967,0.4869,0.4869
10655,561,G561T,G,T,np,p~,0.731,0.7417,0.0771,0.998,0.9967,0.6458,0.6458
10656,561,G561W,G,W,np,np,0.731,0.7417,0.0771,0.998,0.9967,0.5698,0.5698
10657,561,G561Y,G,Y,np,p~,0.731,0.7417,0.0771,0.998,0.9967,0.5477,0.5477
10658,561,G561V,G,V,np,np,0.731,0.7417,0.0771,0.998,0.9967,0.7165,0.7165
10659,562,N562A,N,A,p~,np,0.7469,0.758,0.2753,0.3627,0.4908,0.2823,0.2823
10660,562,N562R,N,R,p~,p+,0.7469,0.758,0.2753,0.3627,0.4908,0.3242,0.3242
10661,562,N562D,N,D,p~,p-,0.7469,0.758,0.2753,0.3627,0.4908,0.3797,0.3797
10662,562,N562C,N,C,p~,p~,0.7469,0.758,0.2753,0.3627,0.4908,0.6735,0.6735
10663,562,N562Q,N,Q,p~,p~,0.7469,0.758,0.2753,0.3627,0.4908,0.2783,0.2783
10664,562,N562E,N,E,p~,p-,0.7469,0.758,0.2753,0.3627,0.4908,0.4091,0.4091
10665,562,N562G,N,G,p~,np,0.7469,0.758,0.2753,0.3627,0.4908,0.3746,0.3746
10666,562,N562H,N,H,p~,p~,0.7469,0.758,0.2753,0.3627,0.4908,0.4639,0.4639
10667,562,N562I,N,I,p~,np,0.7469,0.758,0.2753,0.3627,0.4908,0.4737,0.4737
10668,562,N562L,N,L,p~,np,0.7469,0.758,0.2753,0.3627,0.4908,0.4489,0.4489
10669,562,N562K,N,K,p~,p+,0.7469,0.758,0.2753,0.3627,0.4908,0.2368,0.2368
10670,562,N562M,N,M,p~,np,0.7469,0.758,0.2753,0.3627,0.4908,0.4942,0.4942
10671,562,N562F,N,F,p~,np,0.7469,0.758,0.2753,0.3627,0.4908,0.5761,0.5761
10672,562,N562P,N,P,p~,np,0.7469,0.758,0.2753,0.3627,0.4908,0.6782,0.6782
10673,562,N562S,N,S,p~,p~,0.7469,0.758,0.2753,0.3627,0.4908,0.2905,0.2905
10674,562,N562T,N,T,p~,p~,0.7469,0.758,0.2753,0.3627,0.4908,0.3421,0.3421
10675,562,N562W,N,W,p~,np,0.7469,0.758,0.2753,0.3627,0.4908,0.7141,0.7141
10676,562,N562Y,N,Y,p~,p~,0.7469,0.758,0.2753,0.3627,0.4908,0.5468,0.5468
10677,562,N562V,N,V,p~,np,0.7469,0.758,0.2753,0.3627,0.4908,0.3431,0.3431
10678,563,L563A,L,A,np,np,0.6799,0.6959,0.6577,0.504,0.305,0.1892,0.1892
10679,563,L563R,L,R,np,p+,0.6799,0.6959,0.6577,0.504,0.305,0.2984,0.2984
10680,563,L563N,L,N,np,p~,0.6799,0.6959,0.6577,0.504,0.305,0.3465,0.3465
10681,563,L563D,L,D,np,p-,0.6799,0.6959,0.6577,0.504,0.305,0.4008,0.4008
10682,563,L563C,L,C,np,p~,0.6799,0.6959,0.6577,0.504,0.305,0.5957,0.5957
10683,563,L563Q,L,Q,np,p~,0.6799,0.6959,0.6577,0.504,0.305,0.2479,0.2479
10684,563,L563E,L,E,np,p-,0.6799,0.6959,0.6577,0.504,0.305,0.2837,0.2837
10685,563,L563G,L,G,np,np,0.6799,0.6959,0.6577,0.504,0.305,0.4065,0.4065
10686,563,L563H,L,H,np,p~,0.6799,0.6959,0.6577,0.504,0.305,0.4193,0.4193
10687,563,L563I,L,I,np,np,0.6799,0.6959,0.6577,0.504,0.305,0.3123,0.3123
10688,563,L563K,L,K,np,p+,0.6799,0.6959,0.6577,0.504,0.305,0.297,0.297
10689,563,L563M,L,M,np,np,0.6799,0.6959,0.6577,0.504,0.305,0.3942,0.3942
10690,563,L563F,L,F,np,np,0.6799,0.6959,0.6577,0.504,0.305,0.3183,0.3183
10691,563,L563P,L,P,np,np,0.6799,0.6959,0.6577,0.504,0.305,0.1535,0.1535
10692,563,L563S,L,S,np,p~,0.6799,0.6959,0.6577,0.504,0.305,0.2679,0.2679
10693,563,L563T,L,T,np,p~,0.6799,0.6959,0.6577,0.504,0.305,0.2754,0.2754
10694,563,L563W,L,W,np,np,0.6799,0.6959,0.6577,0.504,0.305,0.3984,0.3984
10695,563,L563Y,L,Y,np,p~,0.6799,0.6959,0.6577,0.504,0.305,0.2896,0.2896
10696,563,L563V,L,V,np,np,0.6799,0.6959,0.6577,0.504,0.305,0.2505,0.2505
10697,564,A564R,A,R,np,p+,0.7435,0.756,0.1912,0.6303,0.5439,0.3732,0.3732
10698,564,A564N,A,N,np,p~,0.7435,0.756,0.1912,0.6303,0.5439,0.5291,0.5291
10699,564,A564D,A,D,np,p-,0.7435,0.756,0.1912,0.6303,0.5439,0.5581,0.5581
10700,564,A564C,A,C,np,p~,0.7435,0.756,0.1912,0.6303,0.5439,0.7238,0.7238
10701,564,A564Q,A,Q,np,p~,0.7435,0.756,0.1912,0.6303,0.5439,0.4222,0.4222
10702,564,A564E,A,E,np,p-,0.7435,0.756,0.1912,0.6303,0.5439,0.5433,0.5433
10703,564,A564G,A,G,np,np,0.7435,0.756,0.1912,0.6303,0.5439,0.3254,0.3254
10704,564,A564H,A,H,np,p~,0.7435,0.756,0.1912,0.6303,0.5439,0.6034,0.6034
10705,564,A564I,A,I,np,np,0.7435,0.756,0.1912,0.6303,0.5439,0.5385,0.5385
10706,564,A564L,A,L,np,np,0.7435,0.756,0.1912,0.6303,0.5439,0.4667,0.4667
10707,564,A564K,A,K,np,p+,0.7435,0.756,0.1912,0.6303,0.5439,0.3856,0.3856
10708,564,A564M,A,M,np,np,0.7435,0.756,0.1912,0.6303,0.5439,0.5142,0.5142
10709,564,A564F,A,F,np,np,0.7435,0.756,0.1912,0.6303,0.5439,0.5897,0.5897
10710,564,A564P,A,P,np,np,0.7435,0.756,0.1912,0.6303,0.5439,0.5635,0.5635
10711,564,A564S,A,S,np,p~,0.7435,0.756,0.1912,0.6303,0.5439,0.3534,0.3534
10712,564,A564T,A,T,np,p~,0.7435,0.756,0.1912,0.6303,0.5439,0.4496,0.4496
10713,564,A564W,A,W,np,np,0.7435,0.756,0.1912,0.6303,0.5439,0.6757,0.6757
10714,564,A564Y,A,Y,np,p~,0.7435,0.756,0.1912,0.6303,0.5439,0.5726,0.5726
10715,564,A564V,A,V,np,np,0.7435,0.756,0.1912,0.6303,0.5439,0.4193,0.4193
10716,565,T565A,T,A,p~,np,0.7835,0.7959,0.3516,0.4485,0.3142,0.2186,0.2186
10717,565,T565R,T,R,p~,p+,0.7835,0.7959,0.3516,0.4485,0.3142,0.316,0.316
10718,565,T565N,T,N,p~,p~,0.7835,0.7959,0.3516,0.4485,0.3142,0.2621,0.2621
10719,565,T565D,T,D,p~,p-,0.7835,0.7959,0.3516,0.4485,0.3142,0.3138,0.3138
10720,565,T565C,T,C,p~,p~,0.7835,0.7959,0.3516,0.4485,0.3142,0.6111,0.6111
10721,565,T565Q,T,Q,p~,p~,0.7835,0.7959,0.3516,0.4485,0.3142,0.2217,0.2217
10722,565,T565E,T,E,p~,p-,0.7835,0.7959,0.3516,0.4485,0.3142,0.2935,0.2935
10723,565,T565G,T,G,p~,np,0.7835,0.7959,0.3516,0.4485,0.3142,0.3565,0.3565
10724,565,T565H,T,H,p~,p~,0.7835,0.7959,0.3516,0.4485,0.3142,0.4218,0.4218
10725,565,T565I,T,I,p~,np,0.7835,0.7959,0.3516,0.4485,0.3142,0.3328,0.3328
10726,565,T565L,T,L,p~,np,0.7835,0.7959,0.3516,0.4485,0.3142,0.3375,0.3375
10727,565,T565K,T,K,p~,p+,0.7835,0.7959,0.3516,0.4485,0.3142,0.2791,0.2791
10728,565,T565M,T,M,p~,np,0.7835,0.7959,0.3516,0.4485,0.3142,0.428,0.428
10729,565,T565F,T,F,p~,np,0.7835,0.7959,0.3516,0.4485,0.3142,0.4929,0.4929
10730,565,T565P,T,P,p~,np,0.7835,0.7959,0.3516,0.4485,0.3142,0.2083,0.2083
10731,565,T565S,T,S,p~,p~,0.7835,0.7959,0.3516,0.4485,0.3142,0.2104,0.2104
10732,565,T565W,T,W,p~,np,0.7835,0.7959,0.3516,0.4485,0.3142,0.5584,0.5584
10733,565,T565Y,T,Y,p~,p~,0.7835,0.7959,0.3516,0.4485,0.3142,0.4296,0.4296
10734,565,T565V,T,V,p~,np,0.7835,0.7959,0.3516,0.4485,0.3142,0.2454,0.2454
10735,566,R566A,R,A,p+,np,0.6374,0.6555,0.0779,0.9829,0.9715,0.5352,0.5352
10736,566,R566N,R,N,p+,p~,0.6374,0.6555,0.0779,0.9829,0.9715,0.6337,0.6337
10737,566,R566D,R,D,p+,p-,0.6374,0.6555,0.0779,0.9829,0.9715,0.6929,0.6929
10738,566,R566C,R,C,p+,p~,0.6374,0.6555,0.0779,0.9829,0.9715,0.7,0.7
10739,566,R566Q,R,Q,p+,p~,0.6374,0.6555,0.0779,0.9829,0.9715,0.4926,0.4926
10740,566,R566E,R,E,p+,p-,0.6374,0.6555,0.0779,0.9829,0.9715,0.6522,0.6522
10741,566,R566G,R,G,p+,np,0.6374,0.6555,0.0779,0.9829,0.9715,0.529,0.529
10742,566,R566H,R,H,p+,p~,0.6374,0.6555,0.0779,0.9829,0.9715,0.6979,0.6979
10743,566,R566I,R,I,p+,np,0.6374,0.6555,0.0779,0.9829,0.9715,0.7277,0.7277
10744,566,R566L,R,L,p+,np,0.6374,0.6555,0.0779,0.9829,0.9715,0.608,0.608
10745,566,R566K,R,K,p+,p+,0.6374,0.6555,0.0779,0.9829,0.9715,0.4713,0.4713
10746,566,R566M,R,M,p+,np,0.6374,0.6555,0.0779,0.9829,0.9715,0.6266,0.6266
10747,566,R566F,R,F,p+,np,0.6374,0.6555,0.0779,0.9829,0.9715,0.823,0.823
10748,566,R566P,R,P,p+,np,0.6374,0.6555,0.0779,0.9829,0.9715,0.6304,0.6304
10749,566,R566S,R,S,p+,p~,0.6374,0.6555,0.0779,0.9829,0.9715,0.5869,0.5869
10750,566,R566T,R,T,p+,p~,0.6374,0.6555,0.0779,0.9829,0.9715,0.6162,0.6162
10751,566,R566W,R,W,p+,np,0.6374,0.6555,0.0779,0.9829,0.9715,0.7245,0.7245
10752,566,R566Y,R,Y,p+,p~,0.6374,0.6555,0.0779,0.9829,0.9715,0.7569,0.7569
10753,566,R566V,R,V,p+,np,0.6374,0.6555,0.0779,0.9829,0.9715,0.6919,0.6919
10754,567,P567A,P,A,np,np,0.7605,0.7743,0.0771,1.0,1.0,0.4933,0.4933
10755,567,P567R,P,R,np,p+,0.7605,0.7743,0.0771,1.0,1.0,0.7691,0.7691
10756,567,P567N,P,N,np,p~,0.7605,0.7743,0.0771,1.0,1.0,0.6993,0.6993
10757,567,P567D,P,D,np,p-,0.7605,0.7743,0.0771,1.0,1.0,0.7657,0.7657
10758,567,P567C,P,C,np,p~,0.7605,0.7743,0.0771,1.0,1.0,0.7736,0.7736
10759,567,P567Q,P,Q,np,p~,0.7605,0.7743,0.0771,1.0,1.0,0.6498,0.6498
10760,567,P567E,P,E,np,p-,0.7605,0.7743,0.0771,1.0,1.0,0.7483,0.7483
10761,567,P567G,P,G,np,np,0.7605,0.7743,0.0771,1.0,1.0,0.6376,0.6376
10762,567,P567H,P,H,np,p~,0.7605,0.7743,0.0771,1.0,1.0,0.7492,0.7492
10763,567,P567I,P,I,np,np,0.7605,0.7743,0.0771,1.0,1.0,0.7112,0.7112
10764,567,P567L,P,L,np,np,0.7605,0.7743,0.0771,1.0,1.0,0.6219,0.6219
10765,567,P567K,P,K,np,p+,0.7605,0.7743,0.0771,1.0,1.0,0.7536,0.7536
10766,567,P567M,P,M,np,np,0.7605,0.7743,0.0771,1.0,1.0,0.7206,0.7206
10767,567,P567F,P,F,np,np,0.7605,0.7743,0.0771,1.0,1.0,0.7832,0.7832
10768,567,P567S,P,S,np,p~,0.7605,0.7743,0.0771,1.0,1.0,0.5561,0.5561
10769,567,P567T,P,T,np,p~,0.7605,0.7743,0.0771,1.0,1.0,0.5683,0.5683
10770,567,P567W,P,W,np,np,0.7605,0.7743,0.0771,1.0,1.0,0.9041,0.9041
10771,567,P567Y,P,Y,np,p~,0.7605,0.7743,0.0771,1.0,1.0,0.7995,0.7995
10772,567,P567V,P,V,np,np,0.7605,0.7743,0.0771,1.0,1.0,0.6289,0.6289
10773,568,K568A,K,A,p+,np,0.7921,0.8058,0.6276,0.4145,0.2886,0.2363,0.2363
10774,568,K568R,K,R,p+,p+,0.7921,0.8058,0.6276,0.4145,0.2886,0.2443,0.2443
10775,568,K568N,K,N,p+,p~,0.7921,0.8058,0.6276,0.4145,0.2886,0.2744,0.2744
10776,568,K568D,K,D,p+,p-,0.7921,0.8058,0.6276,0.4145,0.2886,0.4138,0.4138
10777,568,K568C,K,C,p+,p~,0.7921,0.8058,0.6276,0.4145,0.2886,0.5933,0.5933
10778,568,K568Q,K,Q,p+,p~,0.7921,0.8058,0.6276,0.4145,0.2886,0.2601,0.2601
10779,568,K568E,K,E,p+,p-,0.7921,0.8058,0.6276,0.4145,0.2886,0.3358,0.3358
10780,568,K568G,K,G,p+,np,0.7921,0.8058,0.6276,0.4145,0.2886,0.3635,0.3635
10781,568,K568H,K,H,p+,p~,0.7921,0.8058,0.6276,0.4145,0.2886,0.3945,0.3945
10782,568,K568I,K,I,p+,np,0.7921,0.8058,0.6276,0.4145,0.2886,0.3152,0.3152
10783,568,K568L,K,L,p+,np,0.7921,0.8058,0.6276,0.4145,0.2886,0.3285,0.3285
10784,568,K568M,K,M,p+,np,0.7921,0.8058,0.6276,0.4145,0.2886,0.3892,0.3892
10785,568,K568F,K,F,p+,np,0.7921,0.8058,0.6276,0.4145,0.2886,0.4564,0.4564
10786,568,K568P,K,P,p+,np,0.7921,0.8058,0.6276,0.4145,0.2886,0.5151,0.5151
10787,568,K568S,K,S,p+,p~,0.7921,0.8058,0.6276,0.4145,0.2886,0.2096,0.2096
10788,568,K568T,K,T,p+,p~,0.7921,0.8058,0.6276,0.4145,0.2886,0.1918,0.1918
10789,568,K568W,K,W,p+,np,0.7921,0.8058,0.6276,0.4145,0.2886,0.5205,0.5205
10790,568,K568Y,K,Y,p+,p~,0.7921,0.8058,0.6276,0.4145,0.2886,0.4312,0.4312
10791,568,K568V,K,V,p+,np,0.7921,0.8058,0.6276,0.4145,0.2886,0.223,0.223
10792,569,I569A,I,A,np,np,0.7349,0.7484,0.0941,0.8701,0.8689,0.467,0.467
10793,569,I569R,I,R,np,p+,0.7349,0.7484,0.0941,0.8701,0.8689,0.7518,0.7518
10794,569,I569N,I,N,np,p~,0.7349,0.7484,0.0941,0.8701,0.8689,0.578,0.578
10795,569,I569D,I,D,np,p-,0.7349,0.7484,0.0941,0.8701,0.8689,0.6552,0.6552
10796,569,I569C,I,C,np,p~,0.7349,0.7484,0.0941,0.8701,0.8689,0.6119,0.6119
10797,569,I569Q,I,Q,np,p~,0.7349,0.7484,0.0941,0.8701,0.8689,0.6176,0.6176
10798,569,I569E,I,E,np,p-,0.7349,0.7484,0.0941,0.8701,0.8689,0.6604,0.6604
10799,569,I569G,I,G,np,np,0.7349,0.7484,0.0941,0.8701,0.8689,0.6514,0.6514
10800,569,I569H,I,H,np,p~,0.7349,0.7484,0.0941,0.8701,0.8689,0.6715,0.6715
10801,569,I569L,I,L,np,np,0.7349,0.7484,0.0941,0.8701,0.8689,0.3711,0.3711
10802,569,I569K,I,K,np,p+,0.7349,0.7484,0.0941,0.8701,0.8689,0.6911,0.6911
10803,569,I569M,I,M,np,np,0.7349,0.7484,0.0941,0.8701,0.8689,0.4967,0.4967
10804,569,I569F,I,F,np,np,0.7349,0.7484,0.0941,0.8701,0.8689,0.4473,0.4473
10805,569,I569P,I,P,np,np,0.7349,0.7484,0.0941,0.8701,0.8689,0.5066,0.5066
10806,569,I569S,I,S,np,p~,0.7349,0.7484,0.0941,0.8701,0.8689,0.5452,0.5452
10807,569,I569T,I,T,np,p~,0.7349,0.7484,0.0941,0.8701,0.8689,0.441,0.441
10808,569,I569W,I,W,np,np,0.7349,0.7484,0.0941,0.8701,0.8689,0.5967,0.5967
10809,569,I569Y,I,Y,np,p~,0.7349,0.7484,0.0941,0.8701,0.8689,0.5053,0.5053
10810,569,I569V,I,V,np,np,0.7349,0.7484,0.0941,0.8701,0.8689,0.24,0.24
10811,570,T570A,T,A,p~,np,0.8295,0.8422,0.3231,0.413,0.4556,0.327,0.327
10812,570,T570R,T,R,p~,p+,0.8295,0.8422,0.3231,0.413,0.4556,0.4597,0.4597
10813,570,T570N,T,N,p~,p~,0.8295,0.8422,0.3231,0.413,0.4556,0.3148,0.3148
10814,570,T570D,T,D,p~,p-,0.8295,0.8422,0.3231,0.413,0.4556,0.3908,0.3908
10815,570,T570C,T,C,p~,p~,0.8295,0.8422,0.3231,0.413,0.4556,0.5491,0.5491
10816,570,T570Q,T,Q,p~,p~,0.8295,0.8422,0.3231,0.413,0.4556,0.3307,0.3307
10817,570,T570E,T,E,p~,p-,0.8295,0.8422,0.3231,0.413,0.4556,0.404,0.404
10818,570,T570G,T,G,p~,np,0.8295,0.8422,0.3231,0.413,0.4556,0.4158,0.4158
10819,570,T570H,T,H,p~,p~,0.8295,0.8422,0.3231,0.413,0.4556,0.5526,0.5526
10820,570,T570I,T,I,p~,np,0.8295,0.8422,0.3231,0.413,0.4556,0.3181,0.3181
10821,570,T570L,T,L,p~,np,0.8295,0.8422,0.3231,0.413,0.4556,0.3068,0.3068
10822,570,T570K,T,K,p~,p+,0.8295,0.8422,0.3231,0.413,0.4556,0.4289,0.4289
10823,570,T570M,T,M,p~,np,0.8295,0.8422,0.3231,0.413,0.4556,0.447,0.447
10824,570,T570F,T,F,p~,np,0.8295,0.8422,0.3231,0.413,0.4556,0.4604,0.4604
10825,570,T570P,T,P,p~,np,0.8295,0.8422,0.3231,0.413,0.4556,0.517,0.517
10826,570,T570S,T,S,p~,p~,0.8295,0.8422,0.3231,0.413,0.4556,0.233,0.233
10827,570,T570W,T,W,p~,np,0.8295,0.8422,0.3231,0.413,0.4556,0.5655,0.5655
10828,570,T570Y,T,Y,p~,p~,0.8295,0.8422,0.3231,0.413,0.4556,0.4508,0.4508
10829,570,T570V,T,V,p~,np,0.8295,0.8422,0.3231,0.413,0.4556,0.3097,0.3097
10830,571,R571A,R,A,p+,np,0.834,0.845,0.1712,0.4257,0.2911,0.0588,0.0588
10831,571,R571N,R,N,p+,p~,0.834,0.845,0.1712,0.4257,0.2911,0.0481,0.0481
10832,571,R571D,R,D,p+,p-,0.834,0.845,0.1712,0.4257,0.2911,0.1303,0.1303
10833,571,R571C,R,C,p+,p~,0.834,0.845,0.1712,0.4257,0.2911,0.3346,0.3346
10834,571,R571Q,R,Q,p+,p~,0.834,0.845,0.1712,0.4257,0.2911,0.1145,0.1145
10835,571,R571E,R,E,p+,p-,0.834,0.845,0.1712,0.4257,0.2911,0.1445,0.1445
10836,571,R571G,R,G,p+,np,0.834,0.845,0.1712,0.4257,0.2911,-0.0288,-0.0288
10837,571,R571H,R,H,p+,p~,0.834,0.845,0.1712,0.4257,0.2911,0.2569,0.2569
10838,571,R571I,R,I,p+,np,0.834,0.845,0.1712,0.4257,0.2911,0.2947,0.2947
10839,571,R571L,R,L,p+,np,0.834,0.845,0.1712,0.4257,0.2911,0.2372,0.2372
10840,571,R571K,R,K,p+,p+,0.834,0.845,0.1712,0.4257,0.2911,0.1274,0.1274
10841,571,R571M,R,M,p+,np,0.834,0.845,0.1712,0.4257,0.2911,0.3183,0.3183
10842,571,R571F,R,F,p+,np,0.834,0.845,0.1712,0.4257,0.2911,0.2667,0.2667
10843,571,R571P,R,P,p+,np,0.834,0.845,0.1712,0.4257,0.2911,0.3032,0.3032
10844,571,R571S,R,S,p+,p~,0.834,0.845,0.1712,0.4257,0.2911,-0.0654,-0.0654
10845,571,R571T,R,T,p+,p~,0.834,0.845,0.1712,0.4257,0.2911,0.0817,0.0817
10846,571,R571W,R,W,p+,np,0.834,0.845,0.1712,0.4257,0.2911,0.3127,0.3127
10847,571,R571Y,R,Y,p+,p~,0.834,0.845,0.1712,0.4257,0.2911,0.2092,0.2092
10848,571,R571V,R,V,p+,np,0.834,0.845,0.1712,0.4257,0.2911,0.234,0.234
10849,572,T572A,T,A,p~,np,0.7781,0.7909,0.4117,0.4171,0.4488,0.1575,0.1575
10850,572,T572R,T,R,p~,p+,0.7781,0.7909,0.4117,0.4171,0.4488,0.2873,0.2873
10851,572,T572N,T,N,p~,p~,0.7781,0.7909,0.4117,0.4171,0.4488,0.316,0.316
10852,572,T572D,T,D,p~,p-,0.7781,0.7909,0.4117,0.4171,0.4488,0.4308,0.4308
10853,572,T572C,T,C,p~,p~,0.7781,0.7909,0.4117,0.4171,0.4488,0.4018,0.4018
10854,572,T572Q,T,Q,p~,p~,0.7781,0.7909,0.4117,0.4171,0.4488,0.269,0.269
10855,572,T572E,T,E,p~,p-,0.7781,0.7909,0.4117,0.4171,0.4488,0.383,0.383
10856,572,T572G,T,G,p~,np,0.7781,0.7909,0.4117,0.4171,0.4488,0.3841,0.3841
10857,572,T572H,T,H,p~,p~,0.7781,0.7909,0.4117,0.4171,0.4488,0.3202,0.3202
10858,572,T572I,T,I,p~,np,0.7781,0.7909,0.4117,0.4171,0.4488,0.1192,0.1192
10859,572,T572L,T,L,p~,np,0.7781,0.7909,0.4117,0.4171,0.4488,0.0631,0.0631
10860,572,T572K,T,K,p~,p+,0.7781,0.7909,0.4117,0.4171,0.4488,0.2789,0.2789
10861,572,T572M,T,M,p~,np,0.7781,0.7909,0.4117,0.4171,0.4488,0.2092,0.2092
10862,572,T572F,T,F,p~,np,0.7781,0.7909,0.4117,0.4171,0.4488,0.2506,0.2506
10863,572,T572P,T,P,p~,np,0.7781,0.7909,0.4117,0.4171,0.4488,0.2351,0.2351
10864,572,T572S,T,S,p~,p~,0.7781,0.7909,0.4117,0.4171,0.4488,0.2663,0.2663
10865,572,T572W,T,W,p~,np,0.7781,0.7909,0.4117,0.4171,0.4488,0.3954,0.3954
10866,572,T572Y,T,Y,p~,p~,0.7781,0.7909,0.4117,0.4171,0.4488,0.2829,0.2829
10867,572,T572V,T,V,p~,np,0.7781,0.7909,0.4117,0.4171,0.4488,0.067,0.067
10868,573,S573A,S,A,p~,np,0.841,0.8506,0.3886,0.4534,0.4774,0.3306,0.3306
10869,573,S573R,S,R,p~,p+,0.841,0.8506,0.3886,0.4534,0.4774,0.4486,0.4486
10870,573,S573N,S,N,p~,p~,0.841,0.8506,0.3886,0.4534,0.4774,0.2866,0.2866
10871,573,S573D,S,D,p~,p-,0.841,0.8506,0.3886,0.4534,0.4774,0.2982,0.2982
10872,573,S573C,S,C,p~,p~,0.841,0.8506,0.3886,0.4534,0.4774,0.469,0.469
10873,573,S573Q,S,Q,p~,p~,0.841,0.8506,0.3886,0.4534,0.4774,0.4047,0.4047
10874,573,S573E,S,E,p~,p-,0.841,0.8506,0.3886,0.4534,0.4774,0.38,0.38
10875,573,S573G,S,G,p~,np,0.841,0.8506,0.3886,0.4534,0.4774,0.3313,0.3313
10876,573,S573H,S,H,p~,p~,0.841,0.8506,0.3886,0.4534,0.4774,0.5441,0.5441
10877,573,S573I,S,I,p~,np,0.841,0.8506,0.3886,0.4534,0.4774,0.4882,0.4882
10878,573,S573L,S,L,p~,np,0.841,0.8506,0.3886,0.4534,0.4774,0.4418,0.4418
10879,573,S573K,S,K,p~,p+,0.841,0.8506,0.3886,0.4534,0.4774,0.4865,0.4865
10880,573,S573M,S,M,p~,np,0.841,0.8506,0.3886,0.4534,0.4774,0.5275,0.5275
10881,573,S573F,S,F,p~,np,0.841,0.8506,0.3886,0.4534,0.4774,0.4854,0.4854
10882,573,S573P,S,P,p~,np,0.841,0.8506,0.3886,0.4534,0.4774,0.3167,0.3167
10883,573,S573T,S,T,p~,p~,0.841,0.8506,0.3886,0.4534,0.4774,0.2881,0.2881
10884,573,S573W,S,W,p~,np,0.841,0.8506,0.3886,0.4534,0.4774,0.5423,0.5423
10885,573,S573Y,S,Y,p~,p~,0.841,0.8506,0.3886,0.4534,0.4774,0.4759,0.4759
10886,573,S573V,S,V,p~,np,0.841,0.8506,0.3886,0.4534,0.4774,0.4309,0.4309
10887,574,T574A,T,A,p~,np,0.7683,0.7798,0.2097,0.3561,0.2919,0.1494,0.1494
10888,574,T574R,T,R,p~,p+,0.7683,0.7798,0.2097,0.3561,0.2919,0.359,0.359
10889,574,T574N,T,N,p~,p~,0.7683,0.7798,0.2097,0.3561,0.2919,0.2704,0.2704
10890,574,T574D,T,D,p~,p-,0.7683,0.7798,0.2097,0.3561,0.2919,0.2848,0.2848
10891,574,T574C,T,C,p~,p~,0.7683,0.7798,0.2097,0.3561,0.2919,0.5127,0.5127
10892,574,T574Q,T,Q,p~,p~,0.7683,0.7798,0.2097,0.3561,0.2919,0.2785,0.2785
10893,574,T574E,T,E,p~,p-,0.7683,0.7798,0.2097,0.3561,0.2919,0.3281,0.3281
10894,574,T574G,T,G,p~,np,0.7683,0.7798,0.2097,0.3561,0.2919,0.2618,0.2618
10895,574,T574H,T,H,p~,p~,0.7683,0.7798,0.2097,0.3561,0.2919,0.4255,0.4255
10896,574,T574I,T,I,p~,np,0.7683,0.7798,0.2097,0.3561,0.2919,0.3873,0.3873
10897,574,T574L,T,L,p~,np,0.7683,0.7798,0.2097,0.3561,0.2919,0.3617,0.3617
10898,574,T574K,T,K,p~,p+,0.7683,0.7798,0.2097,0.3561,0.2919,0.3275,0.3275
10899,574,T574M,T,M,p~,np,0.7683,0.7798,0.2097,0.3561,0.2919,0.4241,0.4241
10900,574,T574F,T,F,p~,np,0.7683,0.7798,0.2097,0.3561,0.2919,0.4487,0.4487
10901,574,T574P,T,P,p~,np,0.7683,0.7798,0.2097,0.3561,0.2919,0.2825,0.2825
10902,574,T574S,T,S,p~,p~,0.7683,0.7798,0.2097,0.3561,0.2919,0.163,0.163
10903,574,T574W,T,W,p~,np,0.7683,0.7798,0.2097,0.3561,0.2919,0.4974,0.4974
10904,574,T574Y,T,Y,p~,p~,0.7683,0.7798,0.2097,0.3561,0.2919,0.4177,0.4177
10905,574,T574V,T,V,p~,np,0.7683,0.7798,0.2097,0.3561,0.2919,0.2723,0.2723
10906,575,Q575A,Q,A,p~,np,0.6976,0.7114,0.5281,0.2374,0.2023,0.1224,0.1224
10907,575,Q575R,Q,R,p~,p+,0.6976,0.7114,0.5281,0.2374,0.2023,0.1786,0.1786
10908,575,Q575N,Q,N,p~,p~,0.6976,0.7114,0.5281,0.2374,0.2023,0.0898,0.0898
10909,575,Q575D,Q,D,p~,p-,0.6976,0.7114,0.5281,0.2374,0.2023,0.114,0.114
10910,575,Q575C,Q,C,p~,p~,0.6976,0.7114,0.5281,0.2374,0.2023,0.4179,0.4179
10911,575,Q575E,Q,E,p~,p-,0.6976,0.7114,0.5281,0.2374,0.2023,0.1892,0.1892
10912,575,Q575G,Q,G,p~,np,0.6976,0.7114,0.5281,0.2374,0.2023,0.1303,0.1303
10913,575,Q575H,Q,H,p~,p~,0.6976,0.7114,0.5281,0.2374,0.2023,0.2899,0.2899
10914,575,Q575I,Q,I,p~,np,0.6976,0.7114,0.5281,0.2374,0.2023,0.3192,0.3192
10915,575,Q575L,Q,L,p~,np,0.6976,0.7114,0.5281,0.2374,0.2023,0.2625,0.2625
10916,575,Q575K,Q,K,p~,p+,0.6976,0.7114,0.5281,0.2374,0.2023,0.1321,0.1321
10917,575,Q575M,Q,M,p~,np,0.6976,0.7114,0.5281,0.2374,0.2023,0.3195,0.3195
10918,575,Q575F,Q,F,p~,np,0.6976,0.7114,0.5281,0.2374,0.2023,0.3342,0.3342
10919,575,Q575P,Q,P,p~,np,0.6976,0.7114,0.5281,0.2374,0.2023,0.1901,0.1901
10920,575,Q575S,Q,S,p~,p~,0.6976,0.7114,0.5281,0.2374,0.2023,0.0187,0.0187
10921,575,Q575T,Q,T,p~,p~,0.6976,0.7114,0.5281,0.2374,0.2023,0.0334,0.0334
10922,575,Q575W,Q,W,p~,np,0.6976,0.7114,0.5281,0.2374,0.2023,0.3802,0.3802
10923,575,Q575Y,Q,Y,p~,p~,0.6976,0.7114,0.5281,0.2374,0.2023,0.256,0.256
10924,575,Q575V,Q,V,p~,np,0.6976,0.7114,0.5281,0.2374,0.2023,0.2648,0.2648
10925,576,S576A,S,A,p~,np,0.7231,0.734,0.4842,0.3999,0.3944,0.2823,0.2823
10926,576,S576R,S,R,p~,p+,0.7231,0.734,0.4842,0.3999,0.3944,0.3341,0.3341
10927,576,S576N,S,N,p~,p~,0.7231,0.734,0.4842,0.3999,0.3944,0.2086,0.2086
10928,576,S576D,S,D,p~,p-,0.7231,0.734,0.4842,0.3999,0.3944,0.2341,0.2341
10929,576,S576C,S,C,p~,p~,0.7231,0.734,0.4842,0.3999,0.3944,0.4958,0.4958
10930,576,S576Q,S,Q,p~,p~,0.7231,0.734,0.4842,0.3999,0.3944,0.2475,0.2475
10931,576,S576E,S,E,p~,p-,0.7231,0.734,0.4842,0.3999,0.3944,0.235,0.235
10932,576,S576G,S,G,p~,np,0.7231,0.734,0.4842,0.3999,0.3944,0.3734,0.3734
10933,576,S576H,S,H,p~,p~,0.7231,0.734,0.4842,0.3999,0.3944,0.4061,0.4061
10934,576,S576I,S,I,p~,np,0.7231,0.734,0.4842,0.3999,0.3944,0.3631,0.3631
10935,576,S576L,S,L,p~,np,0.7231,0.734,0.4842,0.3999,0.3944,0.3493,0.3493
10936,576,S576K,S,K,p~,p+,0.7231,0.734,0.4842,0.3999,0.3944,0.3049,0.3049
10937,576,S576M,S,M,p~,np,0.7231,0.734,0.4842,0.3999,0.3944,0.4225,0.4225
10938,576,S576F,S,F,p~,np,0.7231,0.734,0.4842,0.3999,0.3944,0.4061,0.4061
10939,576,S576P,S,P,p~,np,0.7231,0.734,0.4842,0.3999,0.3944,0.4577,0.4577
10940,576,S576T,S,T,p~,p~,0.7231,0.734,0.4842,0.3999,0.3944,0.1862,0.1862
10941,576,S576W,S,W,p~,np,0.7231,0.734,0.4842,0.3999,0.3944,0.4765,0.4765
10942,576,S576Y,S,Y,p~,p~,0.7231,0.734,0.4842,0.3999,0.3944,0.3749,0.3749
10943,576,S576V,S,V,p~,np,0.7231,0.734,0.4842,0.3999,0.3944,0.3081,0.3081
10944,577,V577A,V,A,np,np,0.7102,0.7178,0.2382,0.5432,0.8399,0.1648,0.1648
10945,577,V577R,V,R,np,p+,0.7102,0.7178,0.2382,0.5432,0.8399,0.5397,0.5397
10946,577,V577N,V,N,np,p~,0.7102,0.7178,0.2382,0.5432,0.8399,0.4805,0.4805
10947,577,V577D,V,D,np,p-,0.7102,0.7178,0.2382,0.5432,0.8399,0.6196,0.6196
10948,577,V577C,V,C,np,p~,0.7102,0.7178,0.2382,0.5432,0.8399,0.5285,0.5285
10949,577,V577Q,V,Q,np,p~,0.7102,0.7178,0.2382,0.5432,0.8399,0.4828,0.4828
10950,577,V577E,V,E,np,p-,0.7102,0.7178,0.2382,0.5432,0.8399,0.5348,0.5348
10951,577,V577G,V,G,np,np,0.7102,0.7178,0.2382,0.5432,0.8399,0.3793,0.3793
10952,577,V577H,V,H,np,p~,0.7102,0.7178,0.2382,0.5432,0.8399,0.4639,0.4639
10953,577,V577I,V,I,np,np,0.7102,0.7178,0.2382,0.5432,0.8399,0.3008,0.3008
10954,577,V577L,V,L,np,np,0.7102,0.7178,0.2382,0.5432,0.8399,0.3092,0.3092
10955,577,V577K,V,K,np,p+,0.7102,0.7178,0.2382,0.5432,0.8399,0.572,0.572
10956,577,V577M,V,M,np,np,0.7102,0.7178,0.2382,0.5432,0.8399,0.4024,0.4024
10957,577,V577F,V,F,np,np,0.7102,0.7178,0.2382,0.5432,0.8399,0.3721,0.3721
10958,577,V577P,V,P,np,np,0.7102,0.7178,0.2382,0.5432,0.8399,0.3868,0.3868
10959,577,V577S,V,S,np,p~,0.7102,0.7178,0.2382,0.5432,0.8399,0.3524,0.3524
10960,577,V577T,V,T,np,p~,0.7102,0.7178,0.2382,0.5432,0.8399,0.2826,0.2826
10961,577,V577W,V,W,np,np,0.7102,0.7178,0.2382,0.5432,0.8399,0.5105,0.5105
10962,577,V577Y,V,Y,np,p~,0.7102,0.7178,0.2382,0.5432,0.8399,0.3525,0.3525
10963,578,K578A,K,A,p+,np,0.7415,0.7454,0.3254,0.4059,0.3334,0.1393,0.1393
10964,578,K578R,K,R,p+,p+,0.7415,0.7454,0.3254,0.4059,0.3334,0.2094,0.2094
10965,578,K578N,K,N,p+,p~,0.7415,0.7454,0.3254,0.4059,0.3334,0.208,0.208
10966,578,K578D,K,D,p+,p-,0.7415,0.7454,0.3254,0.4059,0.3334,0.2898,0.2898
10967,578,K578C,K,C,p+,p~,0.7415,0.7454,0.3254,0.4059,0.3334,0.408,0.408
10968,578,K578Q,K,Q,p+,p~,0.7415,0.7454,0.3254,0.4059,0.3334,0.2258,0.2258
10969,578,K578E,K,E,p+,p-,0.7415,0.7454,0.3254,0.4059,0.3334,0.2845,0.2845
10970,578,K578G,K,G,p+,np,0.7415,0.7454,0.3254,0.4059,0.3334,0.1898,0.1898
10971,578,K578H,K,H,p+,p~,0.7415,0.7454,0.3254,0.4059,0.3334,0.3483,0.3483
10972,578,K578I,K,I,p+,np,0.7415,0.7454,0.3254,0.4059,0.3334,0.3339,0.3339
10973,578,K578L,K,L,p+,np,0.7415,0.7454,0.3254,0.4059,0.3334,0.2993,0.2993
10974,578,K578M,K,M,p+,np,0.7415,0.7454,0.3254,0.4059,0.3334,0.3619,0.3619
10975,578,K578F,K,F,p+,np,0.7415,0.7454,0.3254,0.4059,0.3334,0.3663,0.3663
10976,578,K578P,K,P,p+,np,0.7415,0.7454,0.3254,0.4059,0.3334,0.2101,0.2101
10977,578,K578S,K,S,p+,p~,0.7415,0.7454,0.3254,0.4059,0.3334,0.146,0.146
10978,578,K578T,K,T,p+,p~,0.7415,0.7454,0.3254,0.4059,0.3334,0.1738,0.1738
10979,578,K578W,K,W,p+,np,0.7415,0.7454,0.3254,0.4059,0.3334,0.4734,0.4734
10980,578,K578Y,K,Y,p+,p~,0.7415,0.7454,0.3254,0.4059,0.3334,0.3235,0.3235
10981,578,K578V,K,V,p+,np,0.7415,0.7454,0.3254,0.4059,0.3334,0.2436,0.2436
10982,579,V579A,V,A,np,np,0.7016,0.7077,0.5991,0.4768,0.4591,0.256,0.256
10983,579,V579R,V,R,np,p+,0.7016,0.7077,0.5991,0.4768,0.4591,0.3241,0.3241
10984,579,V579N,V,N,np,p~,0.7016,0.7077,0.5991,0.4768,0.4591,0.4068,0.4068
10985,579,V579D,V,D,np,p-,0.7016,0.7077,0.5991,0.4768,0.4591,0.535,0.535
10986,579,V579C,V,C,np,p~,0.7016,0.7077,0.5991,0.4768,0.4591,0.533,0.533
10987,579,V579Q,V,Q,np,p~,0.7016,0.7077,0.5991,0.4768,0.4591,0.3497,0.3497
10988,579,V579E,V,E,np,p-,0.7016,0.7077,0.5991,0.4768,0.4591,0.4652,0.4652
10989,579,V579G,V,G,np,np,0.7016,0.7077,0.5991,0.4768,0.4591,0.4464,0.4464
10990,579,V579H,V,H,np,p~,0.7016,0.7077,0.5991,0.4768,0.4591,0.3744,0.3744
10991,579,V579I,V,I,np,np,0.7016,0.7077,0.5991,0.4768,0.4591,0.2374,0.2374
10992,579,V579L,V,L,np,np,0.7016,0.7077,0.5991,0.4768,0.4591,0.2304,0.2304
10993,579,V579K,V,K,np,p+,0.7016,0.7077,0.5991,0.4768,0.4591,0.3893,0.3893
10994,579,V579M,V,M,np,np,0.7016,0.7077,0.5991,0.4768,0.4591,0.3526,0.3526
10995,579,V579F,V,F,np,np,0.7016,0.7077,0.5991,0.4768,0.4591,0.3012,0.3012
10996,579,V579P,V,P,np,np,0.7016,0.7077,0.5991,0.4768,0.4591,0.2566,0.2566
10997,579,V579S,V,S,np,p~,0.7016,0.7077,0.5991,0.4768,0.4591,0.3584,0.3584
10998,579,V579T,V,T,np,p~,0.7016,0.7077,0.5991,0.4768,0.4591,0.2991,0.2991
10999,579,V579W,V,W,np,np,0.7016,0.7077,0.5991,0.4768,0.4591,0.4228,0.4228
11000,579,V579Y,V,Y,np,p~,0.7016,0.7077,0.5991,0.4768,0.4591,0.2847,0.2847
11001,580,G580A,G,A,np,np,0.7572,0.761,0.0802,0.9325,0.8909,0.4436,0.4436
11002,580,G580R,G,R,np,p+,0.7572,0.761,0.0802,0.9325,0.8909,0.4788,0.4788
11003,580,G580N,G,N,np,p~,0.7572,0.761,0.0802,0.9325,0.8909,0.3657,0.3657
11004,580,G580D,G,D,np,p-,0.7572,0.761,0.0802,0.9325,0.8909,0.4769,0.4769
11005,580,G580C,G,C,np,p~,0.7572,0.761,0.0802,0.9325,0.8909,0.6668,0.6668
11006,580,G580Q,G,Q,np,p~,0.7572,0.761,0.0802,0.9325,0.8909,0.5304,0.5304
11007,580,G580E,G,E,np,p-,0.7572,0.761,0.0802,0.9325,0.8909,0.5544,0.5544
11008,580,G580H,G,H,np,p~,0.7572,0.761,0.0802,0.9325,0.8909,0.5799,0.5799
11009,580,G580I,G,I,np,np,0.7572,0.761,0.0802,0.9325,0.8909,0.7873,0.7873
11010,580,G580L,G,L,np,np,0.7572,0.761,0.0802,0.9325,0.8909,0.5994,0.5994
11011,580,G580K,G,K,np,p+,0.7572,0.761,0.0802,0.9325,0.8909,0.4916,0.4916
11012,580,G580M,G,M,np,np,0.7572,0.761,0.0802,0.9325,0.8909,0.664,0.664
11013,580,G580F,G,F,np,np,0.7572,0.761,0.0802,0.9325,0.8909,0.6261,0.6261
11014,580,G580P,G,P,np,np,0.7572,0.761,0.0802,0.9325,0.8909,0.5856,0.5856
11015,580,G580S,G,S,np,p~,0.7572,0.761,0.0802,0.9325,0.8909,0.4194,0.4194
11016,580,G580T,G,T,np,p~,0.7572,0.761,0.0802,0.9325,0.8909,0.5134,0.5134
11017,580,G580W,G,W,np,np,0.7572,0.761,0.0802,0.9325,0.8909,0.6768,0.6768
11018,580,G580Y,G,Y,np,p~,0.7572,0.761,0.0802,0.9325,0.8909,0.5735,0.5735
11019,580,G580V,G,V,np,np,0.7572,0.761,0.0802,0.9325,0.8909,0.6967,0.6967
11020,581,G581A,G,A,np,np,0.7914,0.7943,0.313,0.3527,0.1816,0.3235,0.3235
11021,581,G581R,G,R,np,p+,0.7914,0.7943,0.313,0.3527,0.1816,0.3821,0.3821
11022,581,G581N,G,N,np,p~,0.7914,0.7943,0.313,0.3527,0.1816,0.2861,0.2861
11023,581,G581D,G,D,np,p-,0.7914,0.7943,0.313,0.3527,0.1816,0.2448,0.2448
11024,581,G581C,G,C,np,p~,0.7914,0.7943,0.313,0.3527,0.1816,0.6225,0.6225
11025,581,G581Q,G,Q,np,p~,0.7914,0.7943,0.313,0.3527,0.1816,0.2389,0.2389
11026,581,G581E,G,E,np,p-,0.7914,0.7943,0.313,0.3527,0.1816,0.2482,0.2482
11027,581,G581H,G,H,np,p~,0.7914,0.7943,0.313,0.3527,0.1816,0.464,0.464
11028,581,G581I,G,I,np,np,0.7914,0.7943,0.313,0.3527,0.1816,0.6234,0.6234
11029,581,G581L,G,L,np,np,0.7914,0.7943,0.313,0.3527,0.1816,0.5785,0.5785
11030,581,G581K,G,K,np,p+,0.7914,0.7943,0.313,0.3527,0.1816,0.3587,0.3587
11031,581,G581M,G,M,np,np,0.7914,0.7943,0.313,0.3527,0.1816,0.5279,0.5279
11032,581,G581F,G,F,np,np,0.7914,0.7943,0.313,0.3527,0.1816,0.6138,0.6138
11033,581,G581P,G,P,np,np,0.7914,0.7943,0.313,0.3527,0.1816,0.646,0.646
11034,581,G581S,G,S,np,p~,0.7914,0.7943,0.313,0.3527,0.1816,0.2224,0.2224
11035,581,G581T,G,T,np,p~,0.7914,0.7943,0.313,0.3527,0.1816,0.3079,0.3079
11036,581,G581W,G,W,np,np,0.7914,0.7943,0.313,0.3527,0.1816,0.6343,0.6343
11037,581,G581Y,G,Y,np,p~,0.7914,0.7943,0.313,0.3527,0.1816,0.4829,0.4829
11038,581,G581V,G,V,np,np,0.7914,0.7943,0.313,0.3527,0.1816,0.5311,0.5311
11039,582,R582A,R,A,p+,np,0.8251,0.8288,0.3161,0.3643,0.4365,0.1864,0.1864
11040,582,R582N,R,N,p+,p~,0.8251,0.8288,0.3161,0.3643,0.4365,0.0959,0.0959
11041,582,R582D,R,D,p+,p-,0.8251,0.8288,0.3161,0.3643,0.4365,0.2504,0.2504
11042,582,R582C,R,C,p+,p~,0.8251,0.8288,0.3161,0.3643,0.4365,0.514,0.514
11043,582,R582Q,R,Q,p+,p~,0.8251,0.8288,0.3161,0.3643,0.4365,0.1476,0.1476
11044,582,R582E,R,E,p+,p-,0.8251,0.8288,0.3161,0.3643,0.4365,0.2263,0.2263
11045,582,R582G,R,G,p+,np,0.8251,0.8288,0.3161,0.3643,0.4365,0.2696,0.2696
11046,582,R582H,R,H,p+,p~,0.8251,0.8288,0.3161,0.3643,0.4365,0.3025,0.3025
11047,582,R582I,R,I,p+,np,0.8251,0.8288,0.3161,0.3643,0.4365,0.2121,0.2121
11048,582,R582L,R,L,p+,np,0.8251,0.8288,0.3161,0.3643,0.4365,0.252,0.252
11049,582,R582K,R,K,p+,p+,0.8251,0.8288,0.3161,0.3643,0.4365,0.1315,0.1315
11050,582,R582M,R,M,p+,np,0.8251,0.8288,0.3161,0.3643,0.4365,0.2488,0.2488
11051,582,R582F,R,F,p+,np,0.8251,0.8288,0.3161,0.3643,0.4365,0.3134,0.3134
11052,582,R582P,R,P,p+,np,0.8251,0.8288,0.3161,0.3643,0.4365,0.2934,0.2934
11053,582,R582S,R,S,p+,p~,0.8251,0.8288,0.3161,0.3643,0.4365,0.0397,0.0397
11054,582,R582T,R,T,p+,p~,0.8251,0.8288,0.3161,0.3643,0.4365,0.0091,0.0091
11055,582,R582W,R,W,p+,np,0.8251,0.8288,0.3161,0.3643,0.4365,0.3782,0.3782
11056,582,R582Y,R,Y,p+,p~,0.8251,0.8288,0.3161,0.3643,0.4365,0.2831,0.2831
11057,582,R582V,R,V,p+,np,0.8251,0.8288,0.3161,0.3643,0.4365,0.1871,0.1871
11058,583,I583A,I,A,np,np,0.746,0.7549,0.1673,0.6136,0.9347,0.3327,0.3327
11059,583,I583R,I,R,np,p+,0.746,0.7549,0.1673,0.6136,0.9347,0.5669,0.5669
11060,583,I583N,I,N,np,p~,0.746,0.7549,0.1673,0.6136,0.9347,0.5274,0.5274
11061,583,I583D,I,D,np,p-,0.746,0.7549,0.1673,0.6136,0.9347,0.6695,0.6695
11062,583,I583C,I,C,np,p~,0.746,0.7549,0.1673,0.6136,0.9347,0.6507,0.6507
11063,583,I583Q,I,Q,np,p~,0.746,0.7549,0.1673,0.6136,0.9347,0.4144,0.4144
11064,583,I583E,I,E,np,p-,0.746,0.7549,0.1673,0.6136,0.9347,0.5503,0.5503
11065,583,I583G,I,G,np,np,0.746,0.7549,0.1673,0.6136,0.9347,0.4969,0.4969
11066,583,I583H,I,H,np,p~,0.746,0.7549,0.1673,0.6136,0.9347,0.4833,0.4833
11067,583,I583L,I,L,np,np,0.746,0.7549,0.1673,0.6136,0.9347,0.2232,0.2232
11068,583,I583K,I,K,np,p+,0.746,0.7549,0.1673,0.6136,0.9347,0.603,0.603
11069,583,I583M,I,M,np,np,0.746,0.7549,0.1673,0.6136,0.9347,0.2957,0.2957
11070,583,I583F,I,F,np,np,0.746,0.7549,0.1673,0.6136,0.9347,0.2646,0.2646
11071,583,I583P,I,P,np,np,0.746,0.7549,0.1673,0.6136,0.9347,0.5599,0.5599
11072,583,I583S,I,S,np,p~,0.746,0.7549,0.1673,0.6136,0.9347,0.497,0.497
11073,583,I583T,I,T,np,p~,0.746,0.7549,0.1673,0.6136,0.9347,0.3825,0.3825
11074,583,I583W,I,W,np,np,0.746,0.7549,0.1673,0.6136,0.9347,0.5277,0.5277
11075,583,I583Y,I,Y,np,p~,0.746,0.7549,0.1673,0.6136,0.9347,0.3242,0.3242
11076,583,I583V,I,V,np,np,0.746,0.7549,0.1673,0.6136,0.9347,0.1614,0.1614
11077,584,T584A,T,A,p~,np,0.8446,0.8511,0.1804,0.484,0.4358,0.3011,0.3011
11078,584,T584R,T,R,p~,p+,0.8446,0.8511,0.1804,0.484,0.4358,0.3488,0.3488
11079,584,T584N,T,N,p~,p~,0.8446,0.8511,0.1804,0.484,0.4358,0.2047,0.2047
11080,584,T584D,T,D,p~,p-,0.8446,0.8511,0.1804,0.484,0.4358,0.2159,0.2159
11081,584,T584C,T,C,p~,p~,0.8446,0.8511,0.1804,0.484,0.4358,0.5873,0.5873
11082,584,T584Q,T,Q,p~,p~,0.8446,0.8511,0.1804,0.484,0.4358,0.2717,0.2717
11083,584,T584E,T,E,p~,p-,0.8446,0.8511,0.1804,0.484,0.4358,0.2697,0.2697
11084,584,T584G,T,G,p~,np,0.8446,0.8511,0.1804,0.484,0.4358,0.3147,0.3147
11085,584,T584H,T,H,p~,p~,0.8446,0.8511,0.1804,0.484,0.4358,0.4176,0.4176
11086,584,T584I,T,I,p~,np,0.8446,0.8511,0.1804,0.484,0.4358,0.3759,0.3759
11087,584,T584L,T,L,p~,np,0.8446,0.8511,0.1804,0.484,0.4358,0.3781,0.3781
11088,584,T584K,T,K,p~,p+,0.8446,0.8511,0.1804,0.484,0.4358,0.3518,0.3518
11089,584,T584M,T,M,p~,np,0.8446,0.8511,0.1804,0.484,0.4358,0.4245,0.4245
11090,584,T584F,T,F,p~,np,0.8446,0.8511,0.1804,0.484,0.4358,0.4016,0.4016
11091,584,T584P,T,P,p~,np,0.8446,0.8511,0.1804,0.484,0.4358,0.4284,0.4284
11092,584,T584S,T,S,p~,p~,0.8446,0.8511,0.1804,0.484,0.4358,0.1924,0.1924
11093,584,T584W,T,W,p~,np,0.8446,0.8511,0.1804,0.484,0.4358,0.4238,0.4238
11094,584,T584Y,T,Y,p~,p~,0.8446,0.8511,0.1804,0.484,0.4358,0.3384,0.3384
11095,584,T584V,T,V,p~,np,0.8446,0.8511,0.1804,0.484,0.4358,0.3189,0.3189
11096,585,I585A,I,A,np,np,0.7997,0.8091,0.1812,0.6003,0.7265,0.2268,0.2268
11097,585,I585R,I,R,np,p+,0.7997,0.8091,0.1812,0.6003,0.7265,0.6322,0.6322
11098,585,I585N,I,N,np,p~,0.7997,0.8091,0.1812,0.6003,0.7265,0.5667,0.5667
11099,585,I585D,I,D,np,p-,0.7997,0.8091,0.1812,0.6003,0.7265,0.5949,0.5949
11100,585,I585C,I,C,np,p~,0.7997,0.8091,0.1812,0.6003,0.7265,0.5313,0.5313
11101,585,I585Q,I,Q,np,p~,0.7997,0.8091,0.1812,0.6003,0.7265,0.6172,0.6172
11102,585,I585E,I,E,np,p-,0.7997,0.8091,0.1812,0.6003,0.7265,0.5739,0.5739
11103,585,I585G,I,G,np,np,0.7997,0.8091,0.1812,0.6003,0.7265,0.3563,0.3563
11104,585,I585H,I,H,np,p~,0.7997,0.8091,0.1812,0.6003,0.7265,0.6252,0.6252
11105,585,I585L,I,L,np,np,0.7997,0.8091,0.1812,0.6003,0.7265,0.2252,0.2252
11106,585,I585K,I,K,np,p+,0.7997,0.8091,0.1812,0.6003,0.7265,0.6831,0.6831
11107,585,I585M,I,M,np,np,0.7997,0.8091,0.1812,0.6003,0.7265,0.2893,0.2893
11108,585,I585F,I,F,np,np,0.7997,0.8091,0.1812,0.6003,0.7265,0.2574,0.2574
11109,585,I585P,I,P,np,np,0.7997,0.8091,0.1812,0.6003,0.7265,0.6368,0.6368
11110,585,I585S,I,S,np,p~,0.7997,0.8091,0.1812,0.6003,0.7265,0.4554,0.4554
11111,585,I585T,I,T,np,p~,0.7997,0.8091,0.1812,0.6003,0.7265,0.3529,0.3529
11112,585,I585W,I,W,np,np,0.7997,0.8091,0.1812,0.6003,0.7265,0.5068,0.5068
11113,585,I585Y,I,Y,np,p~,0.7997,0.8091,0.1812,0.6003,0.7265,0.375,0.375
11114,585,I585V,I,V,np,np,0.7997,0.8091,0.1812,0.6003,0.7265,0.1127,0.1127
11115,586,S586A,S,A,p~,np,0.847,0.8575,0.3123,0.3035,0.3812,0.2363,0.2363
11116,586,S586R,S,R,p~,p+,0.847,0.8575,0.3123,0.3035,0.3812,0.2866,0.2866
11117,586,S586N,S,N,p~,p~,0.847,0.8575,0.3123,0.3035,0.3812,0.1951,0.1951
11118,586,S586D,S,D,p~,p-,0.847,0.8575,0.3123,0.3035,0.3812,0.1457,0.1457
11119,586,S586C,S,C,p~,p~,0.847,0.8575,0.3123,0.3035,0.3812,0.5142,0.5142
11120,586,S586Q,S,Q,p~,p~,0.847,0.8575,0.3123,0.3035,0.3812,0.1831,0.1831
11121,586,S586E,S,E,p~,p-,0.847,0.8575,0.3123,0.3035,0.3812,0.1703,0.1703
11122,586,S586G,S,G,p~,np,0.847,0.8575,0.3123,0.3035,0.3812,0.1643,0.1643
11123,586,S586H,S,H,p~,p~,0.847,0.8575,0.3123,0.3035,0.3812,0.3091,0.3091
11124,586,S586I,S,I,p~,np,0.847,0.8575,0.3123,0.3035,0.3812,0.3724,0.3724
11125,586,S586L,S,L,p~,np,0.847,0.8575,0.3123,0.3035,0.3812,0.3477,0.3477
11126,586,S586K,S,K,p~,p+,0.847,0.8575,0.3123,0.3035,0.3812,0.2797,0.2797
11127,586,S586M,S,M,p~,np,0.847,0.8575,0.3123,0.3035,0.3812,0.3785,0.3785
11128,586,S586F,S,F,p~,np,0.847,0.8575,0.3123,0.3035,0.3812,0.3413,0.3413
11129,586,S586P,S,P,p~,np,0.847,0.8575,0.3123,0.3035,0.3812,0.5052,0.5052
11130,586,S586T,S,T,p~,p~,0.847,0.8575,0.3123,0.3035,0.3812,0.1243,0.1243
11131,586,S586W,S,W,p~,np,0.847,0.8575,0.3123,0.3035,0.3812,0.3521,0.3521
11132,586,S586Y,S,Y,p~,p~,0.847,0.8575,0.3123,0.3035,0.3812,0.2265,0.2265
11133,586,S586V,S,V,p~,np,0.847,0.8575,0.3123,0.3035,0.3812,0.312,0.312
11134,587,T587A,T,A,p~,np,0.8356,0.8448,0.1157,0.7582,0.7062,0.2912,0.2912
11135,587,T587R,T,R,p~,p+,0.8356,0.8448,0.1157,0.7582,0.7062,0.6687,0.6687
11136,587,T587N,T,N,p~,p~,0.8356,0.8448,0.1157,0.7582,0.7062,0.5562,0.5562
11137,587,T587D,T,D,p~,p-,0.8356,0.8448,0.1157,0.7582,0.7062,0.6108,0.6108
11138,587,T587C,T,C,p~,p~,0.8356,0.8448,0.1157,0.7582,0.7062,0.4926,0.4926
11139,587,T587Q,T,Q,p~,p~,0.8356,0.8448,0.1157,0.7582,0.7062,0.6705,0.6705
11140,587,T587E,T,E,p~,p-,0.8356,0.8448,0.1157,0.7582,0.7062,0.6946,0.6946
11141,587,T587G,T,G,p~,np,0.8356,0.8448,0.1157,0.7582,0.7062,0.3947,0.3947
11142,587,T587H,T,H,p~,p~,0.8356,0.8448,0.1157,0.7582,0.7062,0.5219,0.5219
11143,587,T587I,T,I,p~,np,0.8356,0.8448,0.1157,0.7582,0.7062,0.601,0.601
11144,587,T587L,T,L,p~,np,0.8356,0.8448,0.1157,0.7582,0.7062,0.5949,0.5949
11145,587,T587K,T,K,p~,p+,0.8356,0.8448,0.1157,0.7582,0.7062,0.6622,0.6622
11146,587,T587M,T,M,p~,np,0.8356,0.8448,0.1157,0.7582,0.7062,0.598,0.598
11147,587,T587F,T,F,p~,np,0.8356,0.8448,0.1157,0.7582,0.7062,0.5717,0.5717
11148,587,T587P,T,P,p~,np,0.8356,0.8448,0.1157,0.7582,0.7062,0.5469,0.5469
11149,587,T587S,T,S,p~,p~,0.8356,0.8448,0.1157,0.7582,0.7062,0.2033,0.2033
11150,587,T587W,T,W,p~,np,0.8356,0.8448,0.1157,0.7582,0.7062,0.6753,0.6753
11151,587,T587Y,T,Y,p~,p~,0.8356,0.8448,0.1157,0.7582,0.7062,0.5166,0.5166
11152,587,T587V,T,V,p~,np,0.8356,0.8448,0.1157,0.7582,0.7062,0.4175,0.4175
11153,588,D588A,D,A,p-,np,0.8501,0.8622,0.1696,0.4771,0.4089,0.3595,0.3595
11154,588,D588R,D,R,p-,p+,0.8501,0.8622,0.1696,0.4771,0.4089,0.5793,0.5793
11155,588,D588N,D,N,p-,p~,0.8501,0.8622,0.1696,0.4771,0.4089,0.2234,0.2234
11156,588,D588C,D,C,p-,p~,0.8501,0.8622,0.1696,0.4771,0.4089,0.7623,0.7623
11157,588,D588Q,D,Q,p-,p~,0.8501,0.8622,0.1696,0.4771,0.4089,0.4239,0.4239
11158,588,D588E,D,E,p-,p-,0.8501,0.8622,0.1696,0.4771,0.4089,0.4446,0.4446
11159,588,D588G,D,G,p-,np,0.8501,0.8622,0.1696,0.4771,0.4089,0.3443,0.3443
11160,588,D588H,D,H,p-,p~,0.8501,0.8622,0.1696,0.4771,0.4089,0.5949,0.5949
11161,588,D588I,D,I,p-,np,0.8501,0.8622,0.1696,0.4771,0.4089,0.6003,0.6003
11162,588,D588L,D,L,p-,np,0.8501,0.8622,0.1696,0.4771,0.4089,0.5624,0.5624
11163,588,D588K,D,K,p-,p+,0.8501,0.8622,0.1696,0.4771,0.4089,0.5149,0.5149
11164,588,D588M,D,M,p-,np,0.8501,0.8622,0.1696,0.4771,0.4089,0.6355,0.6355
11165,588,D588F,D,F,p-,np,0.8501,0.8622,0.1696,0.4771,0.4089,0.6271,0.6271
11166,588,D588P,D,P,p-,np,0.8501,0.8622,0.1696,0.4771,0.4089,0.3007,0.3007
11167,588,D588S,D,S,p-,p~,0.8501,0.8622,0.1696,0.4771,0.4089,0.1967,0.1967
11168,588,D588T,D,T,p-,p~,0.8501,0.8622,0.1696,0.4771,0.4089,0.2791,0.2791
11169,588,D588W,D,W,p-,np,0.8501,0.8622,0.1696,0.4771,0.4089,0.6699,0.6699
11170,588,D588Y,D,Y,p-,p~,0.8501,0.8622,0.1696,0.4771,0.4089,0.5702,0.5702
11171,588,D588V,D,V,p-,np,0.8501,0.8622,0.1696,0.4771,0.4089,0.5232,0.5232
11172,589,S589A,S,A,p~,np,0.8581,0.8668,0.2691,0.3979,0.2715,0.3081,0.3081
11173,589,S589R,S,R,p~,p+,0.8581,0.8668,0.2691,0.3979,0.2715,0.4127,0.4127
11174,589,S589N,S,N,p~,p~,0.8581,0.8668,0.2691,0.3979,0.2715,0.3662,0.3662
11175,589,S589D,S,D,p~,p-,0.8581,0.8668,0.2691,0.3979,0.2715,0.4186,0.4186
11176,589,S589C,S,C,p~,p~,0.8581,0.8668,0.2691,0.3979,0.2715,0.7238,0.7238
11177,589,S589Q,S,Q,p~,p~,0.8581,0.8668,0.2691,0.3979,0.2715,0.313,0.313
11178,589,S589E,S,E,p~,p-,0.8581,0.8668,0.2691,0.3979,0.2715,0.4191,0.4191
11179,589,S589G,S,G,p~,np,0.8581,0.8668,0.2691,0.3979,0.2715,0.2916,0.2916
11180,589,S589H,S,H,p~,p~,0.8581,0.8668,0.2691,0.3979,0.2715,0.5586,0.5586
11181,589,S589I,S,I,p~,np,0.8581,0.8668,0.2691,0.3979,0.2715,0.5555,0.5555
11182,589,S589L,S,L,p~,np,0.8581,0.8668,0.2691,0.3979,0.2715,0.4972,0.4972
11183,589,S589K,S,K,p~,p+,0.8581,0.8668,0.2691,0.3979,0.2715,0.4254,0.4254
11184,589,S589M,S,M,p~,np,0.8581,0.8668,0.2691,0.3979,0.2715,0.5605,0.5605
11185,589,S589F,S,F,p~,np,0.8581,0.8668,0.2691,0.3979,0.2715,0.5958,0.5958
11186,589,S589P,S,P,p~,np,0.8581,0.8668,0.2691,0.3979,0.2715,0.5778,0.5778
11187,589,S589T,S,T,p~,p~,0.8581,0.8668,0.2691,0.3979,0.2715,0.298,0.298
11188,589,S589W,S,W,p~,np,0.8581,0.8668,0.2691,0.3979,0.2715,0.6936,0.6936
11189,589,S589Y,S,Y,p~,p~,0.8581,0.8668,0.2691,0.3979,0.2715,0.5561,0.5561
11190,589,S589V,S,V,p~,np,0.8581,0.8668,0.2691,0.3979,0.2715,0.4571,0.4571
11191,590,S590A,S,A,p~,np,0.8594,0.8654,0.4958,0.39,0.1784,0.1299,0.1299
11192,590,S590R,S,R,p~,p+,0.8594,0.8654,0.4958,0.39,0.1784,0.3499,0.3499
11193,590,S590N,S,N,p~,p~,0.8594,0.8654,0.4958,0.39,0.1784,0.1957,0.1957
11194,590,S590D,S,D,p~,p-,0.8594,0.8654,0.4958,0.39,0.1784,0.324,0.324
11195,590,S590C,S,C,p~,p~,0.8594,0.8654,0.4958,0.39,0.1784,0.6712,0.6712
11196,590,S590Q,S,Q,p~,p~,0.8594,0.8654,0.4958,0.39,0.1784,0.2408,0.2408
11197,590,S590E,S,E,p~,p-,0.8594,0.8654,0.4958,0.39,0.1784,0.3269,0.3269
11198,590,S590G,S,G,p~,np,0.8594,0.8654,0.4958,0.39,0.1784,0.2837,0.2837
11199,590,S590H,S,H,p~,p~,0.8594,0.8654,0.4958,0.39,0.1784,0.4729,0.4729
11200,590,S590I,S,I,p~,np,0.8594,0.8654,0.4958,0.39,0.1784,0.3768,0.3768
11201,590,S590L,S,L,p~,np,0.8594,0.8654,0.4958,0.39,0.1784,0.3504,0.3504
11202,590,S590K,S,K,p~,p+,0.8594,0.8654,0.4958,0.39,0.1784,0.286,0.286
11203,590,S590M,S,M,p~,np,0.8594,0.8654,0.4958,0.39,0.1784,0.388,0.388
11204,590,S590F,S,F,p~,np,0.8594,0.8654,0.4958,0.39,0.1784,0.4699,0.4699
11205,590,S590P,S,P,p~,np,0.8594,0.8654,0.4958,0.39,0.1784,0.1985,0.1985
11206,590,S590T,S,T,p~,p~,0.8594,0.8654,0.4958,0.39,0.1784,0.1343,0.1343
11207,590,S590W,S,W,p~,np,0.8594,0.8654,0.4958,0.39,0.1784,0.5478,0.5478
11208,590,S590Y,S,Y,p~,p~,0.8594,0.8654,0.4958,0.39,0.1784,0.4428,0.4428
11209,590,S590V,S,V,p~,np,0.8594,0.8654,0.4958,0.39,0.1784,0.2675,0.2675
11210,591,I591A,I,A,np,np,0.815,0.8218,0.1565,0.7131,0.938,0.1821,0.1821
11211,591,I591R,I,R,np,p+,0.815,0.8218,0.1565,0.7131,0.938,0.6352,0.6352
11212,591,I591N,I,N,np,p~,0.815,0.8218,0.1565,0.7131,0.938,0.5054,0.5054
11213,591,I591D,I,D,np,p-,0.815,0.8218,0.1565,0.7131,0.938,0.548,0.548
11214,591,I591C,I,C,np,p~,0.815,0.8218,0.1565,0.7131,0.938,0.552,0.552
11215,591,I591Q,I,Q,np,p~,0.815,0.8218,0.1565,0.7131,0.938,0.5727,0.5727
11216,591,I591E,I,E,np,p-,0.815,0.8218,0.1565,0.7131,0.938,0.5383,0.5383
11217,591,I591G,I,G,np,np,0.815,0.8218,0.1565,0.7131,0.938,0.3713,0.3713
11218,591,I591H,I,H,np,p~,0.815,0.8218,0.1565,0.7131,0.938,0.5763,0.5763
11219,591,I591L,I,L,np,np,0.815,0.8218,0.1565,0.7131,0.938,0.4052,0.4052
11220,591,I591K,I,K,np,p+,0.815,0.8218,0.1565,0.7131,0.938,0.6079,0.6079
11221,591,I591M,I,M,np,np,0.815,0.8218,0.1565,0.7131,0.938,0.4681,0.4681
11222,591,I591F,I,F,np,np,0.815,0.8218,0.1565,0.7131,0.938,0.4388,0.4388
11223,591,I591P,I,P,np,np,0.815,0.8218,0.1565,0.7131,0.938,0.3172,0.3172
11224,591,I591S,I,S,np,p~,0.815,0.8218,0.1565,0.7131,0.938,0.4236,0.4236
11225,591,I591T,I,T,np,p~,0.815,0.8218,0.1565,0.7131,0.938,0.3362,0.3362
11226,591,I591W,I,W,np,np,0.815,0.8218,0.1565,0.7131,0.938,0.5987,0.5987
11227,591,I591Y,I,Y,np,p~,0.815,0.8218,0.1565,0.7131,0.938,0.5296,0.5296
11228,591,I591V,I,V,np,np,0.815,0.8218,0.1565,0.7131,0.938,0.104,0.104
11229,592,T592A,T,A,p~,np,0.8064,0.8095,0.5628,0.3017,0.2574,0.1086,0.1086
11230,592,T592R,T,R,p~,p+,0.8064,0.8095,0.5628,0.3017,0.2574,0.3723,0.3723
11231,592,T592N,T,N,p~,p~,0.8064,0.8095,0.5628,0.3017,0.2574,0.2807,0.2807
11232,592,T592D,T,D,p~,p-,0.8064,0.8095,0.5628,0.3017,0.2574,0.3231,0.3231
11233,592,T592C,T,C,p~,p~,0.8064,0.8095,0.5628,0.3017,0.2574,0.6674,0.6674
11234,592,T592Q,T,Q,p~,p~,0.8064,0.8095,0.5628,0.3017,0.2574,0.2623,0.2623
11235,592,T592E,T,E,p~,p-,0.8064,0.8095,0.5628,0.3017,0.2574,0.332,0.332
11236,592,T592G,T,G,p~,np,0.8064,0.8095,0.5628,0.3017,0.2574,0.2769,0.2769
11237,592,T592H,T,H,p~,p~,0.8064,0.8095,0.5628,0.3017,0.2574,0.4934,0.4934
11238,592,T592I,T,I,p~,np,0.8064,0.8095,0.5628,0.3017,0.2574,0.3988,0.3988
11239,592,T592L,T,L,p~,np,0.8064,0.8095,0.5628,0.3017,0.2574,0.3717,0.3717
11240,592,T592K,T,K,p~,p+,0.8064,0.8095,0.5628,0.3017,0.2574,0.3252,0.3252
11241,592,T592M,T,M,p~,np,0.8064,0.8095,0.5628,0.3017,0.2574,0.4523,0.4523
11242,592,T592F,T,F,p~,np,0.8064,0.8095,0.5628,0.3017,0.2574,0.4516,0.4516
11243,592,T592P,T,P,p~,np,0.8064,0.8095,0.5628,0.3017,0.2574,0.4066,0.4066
11244,592,T592S,T,S,p~,p~,0.8064,0.8095,0.5628,0.3017,0.2574,0.1304,0.1304
11245,592,T592W,T,W,p~,np,0.8064,0.8095,0.5628,0.3017,0.2574,0.5007,0.5007
11246,592,T592Y,T,Y,p~,p~,0.8064,0.8095,0.5628,0.3017,0.2574,0.3879,0.3879
11247,592,T592V,T,V,p~,np,0.8064,0.8095,0.5628,0.3017,0.2574,0.2626,0.2626
11248,593,K593A,K,A,p+,np,0.7473,0.7525,0.2012,0.4173,0.5009,0.2797,0.2797
11249,593,K593R,K,R,p+,p+,0.7473,0.7525,0.2012,0.4173,0.5009,0.2709,0.2709
11250,593,K593N,K,N,p+,p~,0.7473,0.7525,0.2012,0.4173,0.5009,0.2516,0.2516
11251,593,K593D,K,D,p+,p-,0.7473,0.7525,0.2012,0.4173,0.5009,0.3489,0.3489
11252,593,K593C,K,C,p+,p~,0.7473,0.7525,0.2012,0.4173,0.5009,0.6703,0.6703
11253,593,K593Q,K,Q,p+,p~,0.7473,0.7525,0.2012,0.4173,0.5009,0.2323,0.2323
11254,593,K593E,K,E,p+,p-,0.7473,0.7525,0.2012,0.4173,0.5009,0.3408,0.3408
11255,593,K593G,K,G,p+,np,0.7473,0.7525,0.2012,0.4173,0.5009,0.3015,0.3015
11256,593,K593H,K,H,p+,p~,0.7473,0.7525,0.2012,0.4173,0.5009,0.3619,0.3619
11257,593,K593I,K,I,p+,np,0.7473,0.7525,0.2012,0.4173,0.5009,0.4972,0.4972
11258,593,K593L,K,L,p+,np,0.7473,0.7525,0.2012,0.4173,0.5009,0.4297,0.4297
11259,593,K593M,K,M,p+,np,0.7473,0.7525,0.2012,0.4173,0.5009,0.4108,0.4108
11260,593,K593F,K,F,p+,np,0.7473,0.7525,0.2012,0.4173,0.5009,0.4886,0.4886
11261,593,K593P,K,P,p+,np,0.7473,0.7525,0.2012,0.4173,0.5009,0.6843,0.6843
11262,593,K593S,K,S,p+,p~,0.7473,0.7525,0.2012,0.4173,0.5009,0.1541,0.1541
11263,593,K593T,K,T,p+,p~,0.7473,0.7525,0.2012,0.4173,0.5009,0.2188,0.2188
11264,593,K593W,K,W,p+,np,0.7473,0.7525,0.2012,0.4173,0.5009,0.5296,0.5296
11265,593,K593Y,K,Y,p+,p~,0.7473,0.7525,0.2012,0.4173,0.5009,0.4387,0.4387
11266,593,K593V,K,V,p+,np,0.7473,0.7525,0.2012,0.4173,0.5009,0.4152,0.4152
11267,594,A594R,A,R,np,p+,0.704,0.7109,0.4395,0.7434,0.6291,0.8495,0.8495
11268,594,A594N,A,N,np,p~,0.704,0.7109,0.4395,0.7434,0.6291,0.742,0.742
11269,594,A594D,A,D,np,p-,0.704,0.7109,0.4395,0.7434,0.6291,0.7328,0.7328
11270,594,A594C,A,C,np,p~,0.704,0.7109,0.4395,0.7434,0.6291,0.6662,0.6662
11271,594,A594Q,A,Q,np,p~,0.704,0.7109,0.4395,0.7434,0.6291,0.7425,0.7425
11272,594,A594E,A,E,np,p-,0.704,0.7109,0.4395,0.7434,0.6291,0.7245,0.7245
11273,594,A594G,A,G,np,np,0.704,0.7109,0.4395,0.7434,0.6291,0.3304,0.3304
11274,594,A594H,A,H,np,p~,0.704,0.7109,0.4395,0.7434,0.6291,0.7826,0.7826
11275,594,A594I,A,I,np,np,0.704,0.7109,0.4395,0.7434,0.6291,0.586,0.586
11276,594,A594L,A,L,np,np,0.704,0.7109,0.4395,0.7434,0.6291,0.5701,0.5701
11277,594,A594K,A,K,np,p+,0.704,0.7109,0.4395,0.7434,0.6291,0.8652,0.8652
11278,594,A594M,A,M,np,np,0.704,0.7109,0.4395,0.7434,0.6291,0.6213,0.6213
11279,594,A594F,A,F,np,np,0.704,0.7109,0.4395,0.7434,0.6291,0.6043,0.6043
11280,594,A594P,A,P,np,np,0.704,0.7109,0.4395,0.7434,0.6291,0.5795,0.5795
11281,594,A594S,A,S,np,p~,0.704,0.7109,0.4395,0.7434,0.6291,0.484,0.484
11282,594,A594T,A,T,np,p~,0.704,0.7109,0.4395,0.7434,0.6291,0.4851,0.4851
11283,594,A594W,A,W,np,np,0.704,0.7109,0.4395,0.7434,0.6291,0.7411,0.7411
11284,594,A594Y,A,Y,np,p~,0.704,0.7109,0.4395,0.7434,0.6291,0.6852,0.6852
11285,594,A594V,A,V,np,np,0.704,0.7109,0.4395,0.7434,0.6291,0.3908,0.3908
11286,595,S595A,S,A,p~,np,0.6346,0.6442,0.1241,0.73,0.6616,0.2158,0.2158
11287,595,S595R,S,R,p~,p+,0.6346,0.6442,0.1241,0.73,0.6616,0.6389,0.6389
11288,595,S595N,S,N,p~,p~,0.6346,0.6442,0.1241,0.73,0.6616,0.3985,0.3985
11289,595,S595D,S,D,p~,p-,0.6346,0.6442,0.1241,0.73,0.6616,0.4268,0.4268
11290,595,S595C,S,C,p~,p~,0.6346,0.6442,0.1241,0.73,0.6616,0.509,0.509
11291,595,S595Q,S,Q,p~,p~,0.6346,0.6442,0.1241,0.73,0.6616,0.4682,0.4682
11292,595,S595E,S,E,p~,p-,0.6346,0.6442,0.1241,0.73,0.6616,0.4146,0.4146
11293,595,S595G,S,G,p~,np,0.6346,0.6442,0.1241,0.73,0.6616,0.4688,0.4688
11294,595,S595H,S,H,p~,p~,0.6346,0.6442,0.1241,0.73,0.6616,0.5276,0.5276
11295,595,S595I,S,I,p~,np,0.6346,0.6442,0.1241,0.73,0.6616,0.4525,0.4525
11296,595,S595L,S,L,p~,np,0.6346,0.6442,0.1241,0.73,0.6616,0.5387,0.5387
11297,595,S595K,S,K,p~,p+,0.6346,0.6442,0.1241,0.73,0.6616,0.7057,0.7057
11298,595,S595M,S,M,p~,np,0.6346,0.6442,0.1241,0.73,0.6616,0.4664,0.4664
11299,595,S595F,S,F,p~,np,0.6346,0.6442,0.1241,0.73,0.6616,0.5462,0.5462
11300,595,S595P,S,P,p~,np,0.6346,0.6442,0.1241,0.73,0.6616,0.706,0.706
11301,595,S595T,S,T,p~,p~,0.6346,0.6442,0.1241,0.73,0.6616,0.2007,0.2007
11302,595,S595W,S,W,p~,np,0.6346,0.6442,0.1241,0.73,0.6616,0.6007,0.6007
11303,595,S595Y,S,Y,p~,p~,0.6346,0.6442,0.1241,0.73,0.6616,0.4934,0.4934
11304,595,S595V,S,V,p~,np,0.6346,0.6442,0.1241,0.73,0.6616,0.2494,0.2494
11305,596,L596A,L,A,np,np,0.5915,0.6013,0.0879,0.9059,0.9622,0.394,0.394
11306,596,L596R,L,R,np,p+,0.5915,0.6013,0.0879,0.9059,0.9622,0.8339,0.8339
11307,596,L596N,L,N,np,p~,0.5915,0.6013,0.0879,0.9059,0.9622,0.8154,0.8154
11308,596,L596D,L,D,np,p-,0.5915,0.6013,0.0879,0.9059,0.9622,0.8729,0.8729
11309,596,L596C,L,C,np,p~,0.5915,0.6013,0.0879,0.9059,0.9622,0.6193,0.6193
11310,596,L596Q,L,Q,np,p~,0.5915,0.6013,0.0879,0.9059,0.9622,0.7367,0.7367
11311,596,L596E,L,E,np,p-,0.5915,0.6013,0.0879,0.9059,0.9622,0.7959,0.7959
11312,596,L596G,L,G,np,np,0.5915,0.6013,0.0879,0.9059,0.9622,0.649,0.649
11313,596,L596H,L,H,np,p~,0.5915,0.6013,0.0879,0.9059,0.9622,0.7396,0.7396
11314,596,L596I,L,I,np,np,0.5915,0.6013,0.0879,0.9059,0.9622,0.3663,0.3663
11315,596,L596K,L,K,np,p+,0.5915,0.6013,0.0879,0.9059,0.9622,0.8815,0.8815
11316,596,L596M,L,M,np,np,0.5915,0.6013,0.0879,0.9059,0.9622,0.3379,0.3379
11317,596,L596F,L,F,np,np,0.5915,0.6013,0.0879,0.9059,0.9622,0.2396,0.2396
11318,596,L596P,L,P,np,np,0.5915,0.6013,0.0879,0.9059,0.9622,0.6881,0.6881
11319,596,L596S,L,S,np,p~,0.5915,0.6013,0.0879,0.9059,0.9622,0.6701,0.6701
11320,596,L596T,L,T,np,p~,0.5915,0.6013,0.0879,0.9059,0.9622,0.6321,0.6321
11321,596,L596W,L,W,np,np,0.5915,0.6013,0.0879,0.9059,0.9622,0.4244,0.4244
11322,596,L596Y,L,Y,np,p~,0.5915,0.6013,0.0879,0.9059,0.9622,0.405,0.405
11323,596,L596V,L,V,np,np,0.5915,0.6013,0.0879,0.9059,0.9622,0.3981,0.3981
11324,597,I597A,I,A,np,np,0.5175,0.5325,0.1789,0.6267,0.9698,0.3532,0.3532
11325,597,I597R,I,R,np,p+,0.5175,0.5325,0.1789,0.6267,0.9698,0.7185,0.7185
11326,597,I597N,I,N,np,p~,0.5175,0.5325,0.1789,0.6267,0.9698,0.5288,0.5288
11327,597,I597D,I,D,np,p-,0.5175,0.5325,0.1789,0.6267,0.9698,0.5807,0.5807
11328,597,I597C,I,C,np,p~,0.5175,0.5325,0.1789,0.6267,0.9698,0.507,0.507
11329,597,I597Q,I,Q,np,p~,0.5175,0.5325,0.1789,0.6267,0.9698,0.5155,0.5155
11330,597,I597E,I,E,np,p-,0.5175,0.5325,0.1789,0.6267,0.9698,0.5505,0.5505
11331,597,I597G,I,G,np,np,0.5175,0.5325,0.1789,0.6267,0.9698,0.5936,0.5936
11332,597,I597H,I,H,np,p~,0.5175,0.5325,0.1789,0.6267,0.9698,0.6506,0.6506
11333,597,I597L,I,L,np,np,0.5175,0.5325,0.1789,0.6267,0.9698,0.3628,0.3628
11334,597,I597K,I,K,np,p+,0.5175,0.5325,0.1789,0.6267,0.9698,0.7423,0.7423
11335,597,I597M,I,M,np,np,0.5175,0.5325,0.1789,0.6267,0.9698,0.3256,0.3256
11336,597,I597F,I,F,np,np,0.5175,0.5325,0.1789,0.6267,0.9698,0.5163,0.5163
11337,597,I597P,I,P,np,np,0.5175,0.5325,0.1789,0.6267,0.9698,0.7128,0.7128
11338,597,I597S,I,S,np,p~,0.5175,0.5325,0.1789,0.6267,0.9698,0.4388,0.4388
11339,597,I597T,I,T,np,p~,0.5175,0.5325,0.1789,0.6267,0.9698,0.3458,0.3458
11340,597,I597W,I,W,np,np,0.5175,0.5325,0.1789,0.6267,0.9698,0.6793,0.6793
11341,597,I597Y,I,Y,np,p~,0.5175,0.5325,0.1789,0.6267,0.9698,0.5965,0.5965
11342,597,I597V,I,V,np,np,0.5175,0.5325,0.1789,0.6267,0.9698,0.0853,0.0853
11343,598,R598A,R,A,p+,np,0.4471,0.4619,0.0817,0.98,0.987,0.457,0.457
11344,598,R598N,R,N,p+,p~,0.4471,0.4619,0.0817,0.98,0.987,0.5567,0.5567
11345,598,R598D,R,D,p+,p-,0.4471,0.4619,0.0817,0.98,0.987,0.717,0.717
11346,598,R598C,R,C,p+,p~,0.4471,0.4619,0.0817,0.98,0.987,0.6911,0.6911
11347,598,R598Q,R,Q,p+,p~,0.4471,0.4619,0.0817,0.98,0.987,0.5086,0.5086
11348,598,R598E,R,E,p+,p-,0.4471,0.4619,0.0817,0.98,0.987,0.6952,0.6952
11349,598,R598G,R,G,p+,np,0.4471,0.4619,0.0817,0.98,0.987,0.5013,0.5013
11350,598,R598H,R,H,p+,p~,0.4471,0.4619,0.0817,0.98,0.987,0.4925,0.4925
11351,598,R598I,R,I,p+,np,0.4471,0.4619,0.0817,0.98,0.987,0.662,0.662
11352,598,R598L,R,L,p+,np,0.4471,0.4619,0.0817,0.98,0.987,0.5841,0.5841
11353,598,R598K,R,K,p+,p+,0.4471,0.4619,0.0817,0.98,0.987,0.343,0.343
11354,598,R598M,R,M,p+,np,0.4471,0.4619,0.0817,0.98,0.987,0.6192,0.6192
11355,598,R598F,R,F,p+,np,0.4471,0.4619,0.0817,0.98,0.987,0.6756,0.6756
11356,598,R598P,R,P,p+,np,0.4471,0.4619,0.0817,0.98,0.987,0.6351,0.6351
11357,598,R598S,R,S,p+,p~,0.4471,0.4619,0.0817,0.98,0.987,0.4931,0.4931
11358,598,R598T,R,T,p+,p~,0.4471,0.4619,0.0817,0.98,0.987,0.5699,0.5699
11359,598,R598W,R,W,p+,np,0.4471,0.4619,0.0817,0.98,0.987,0.6635,0.6635
11360,598,R598Y,R,Y,p+,p~,0.4471,0.4619,0.0817,0.98,0.987,0.6078,0.6078
11361,598,R598V,R,V,p+,np,0.4471,0.4619,0.0817,0.98,0.987,0.6368,0.6368
11362,599,Y599A,Y,A,p~,np,0.4457,0.4651,0.3315,0.4104,0.5113,0.3577,0.3577
11363,599,Y599R,Y,R,p~,p+,0.4457,0.4651,0.3315,0.4104,0.5113,0.4917,0.4917
11364,599,Y599N,Y,N,p~,p~,0.4457,0.4651,0.3315,0.4104,0.5113,0.175,0.175
11365,599,Y599D,Y,D,p~,p-,0.4457,0.4651,0.3315,0.4104,0.5113,0.4844,0.4844
11366,599,Y599C,Y,C,p~,p~,0.4457,0.4651,0.3315,0.4104,0.5113,0.4943,0.4943
11367,599,Y599Q,Y,Q,p~,p~,0.4457,0.4651,0.3315,0.4104,0.5113,0.3192,0.3192
11368,599,Y599E,Y,E,p~,p-,0.4457,0.4651,0.3315,0.4104,0.5113,0.4439,0.4439
11369,599,Y599G,Y,G,p~,np,0.4457,0.4651,0.3315,0.4104,0.5113,0.4801,0.4801
11370,599,Y599H,Y,H,p~,p~,0.4457,0.4651,0.3315,0.4104,0.5113,0.3065,0.3065
11371,599,Y599I,Y,I,p~,np,0.4457,0.4651,0.3315,0.4104,0.5113,0.2754,0.2754
11372,599,Y599L,Y,L,p~,np,0.4457,0.4651,0.3315,0.4104,0.5113,0.1059,0.1059
11373,599,Y599K,Y,K,p~,p+,0.4457,0.4651,0.3315,0.4104,0.5113,0.5231,0.5231
11374,599,Y599M,Y,M,p~,np,0.4457,0.4651,0.3315,0.4104,0.5113,0.1042,0.1042
11375,599,Y599F,Y,F,p~,np,0.4457,0.4651,0.3315,0.4104,0.5113,0.1836,0.1836
11376,599,Y599P,Y,P,p~,np,0.4457,0.4651,0.3315,0.4104,0.5113,0.3696,0.3696
11377,599,Y599S,Y,S,p~,p~,0.4457,0.4651,0.3315,0.4104,0.5113,0.3353,0.3353
11378,599,Y599T,Y,T,p~,p~,0.4457,0.4651,0.3315,0.4104,0.5113,0.2259,0.2259
11379,599,Y599W,Y,W,p~,np,0.4457,0.4651,0.3315,0.4104,0.5113,0.2854,0.2854
11380,599,Y599V,Y,V,p~,np,0.4457,0.4651,0.3315,0.4104,0.5113,0.2778,0.2778
11381,600,G600A,G,A,np,np,0.3868,0.4108,0.1033,0.7545,0.6223,0.2929,0.2929
11382,600,G600R,G,R,np,p+,0.3868,0.4108,0.1033,0.7545,0.6223,0.7618,0.7618
11383,600,G600N,G,N,np,p~,0.3868,0.4108,0.1033,0.7545,0.6223,0.4214,0.4214
11384,600,G600D,G,D,np,p-,0.3868,0.4108,0.1033,0.7545,0.6223,0.5681,0.5681
11385,600,G600C,G,C,np,p~,0.3868,0.4108,0.1033,0.7545,0.6223,0.4724,0.4724
11386,600,G600Q,G,Q,np,p~,0.3868,0.4108,0.1033,0.7545,0.6223,0.5426,0.5426
11387,600,G600E,G,E,np,p-,0.3868,0.4108,0.1033,0.7545,0.6223,0.5984,0.5984
11388,600,G600H,G,H,np,p~,0.3868,0.4108,0.1033,0.7545,0.6223,0.6449,0.6449
11389,600,G600I,G,I,np,np,0.3868,0.4108,0.1033,0.7545,0.6223,0.4498,0.4498
11390,600,G600L,G,L,np,np,0.3868,0.4108,0.1033,0.7545,0.6223,0.4953,0.4953
11391,600,G600K,G,K,np,p+,0.3868,0.4108,0.1033,0.7545,0.6223,0.8316,0.8316
11392,600,G600M,G,M,np,np,0.3868,0.4108,0.1033,0.7545,0.6223,0.3841,0.3841
11393,600,G600F,G,F,np,np,0.3868,0.4108,0.1033,0.7545,0.6223,0.588,0.588
11394,600,G600P,G,P,np,np,0.3868,0.4108,0.1033,0.7545,0.6223,0.404,0.404
11395,600,G600S,G,S,np,p~,0.3868,0.4108,0.1033,0.7545,0.6223,0.2115,0.2115
11396,600,G600T,G,T,np,p~,0.3868,0.4108,0.1033,0.7545,0.6223,0.3456,0.3456
11397,600,G600W,G,W,np,np,0.3868,0.4108,0.1033,0.7545,0.6223,0.6909,0.6909
11398,600,G600Y,G,Y,np,p~,0.3868,0.4108,0.1033,0.7545,0.6223,0.6802,0.6802
11399,600,G600V,G,V,np,np,0.3868,0.4108,0.1033,0.7545,0.6223,0.392,0.392
11400,601,T601A,T,A,p~,np,0.3232,0.3485,0.2043,0.65,0.6998,0.1624,0.1624
11401,601,T601R,T,R,p~,p+,0.3232,0.3485,0.2043,0.65,0.6998,0.6346,0.6346
11402,601,T601N,T,N,p~,p~,0.3232,0.3485,0.2043,0.65,0.6998,0.3521,0.3521
11403,601,T601D,T,D,p~,p-,0.3232,0.3485,0.2043,0.65,0.6998,0.5436,0.5436
11404,601,T601C,T,C,p~,p~,0.3232,0.3485,0.2043,0.65,0.6998,0.4028,0.4028
11405,601,T601Q,T,Q,p~,p~,0.3232,0.3485,0.2043,0.65,0.6998,0.4585,0.4585
11406,601,T601E,T,E,p~,p-,0.3232,0.3485,0.2043,0.65,0.6998,0.5834,0.5834
11407,601,T601G,T,G,p~,np,0.3232,0.3485,0.2043,0.65,0.6998,0.2771,0.2771
11408,601,T601H,T,H,p~,p~,0.3232,0.3485,0.2043,0.65,0.6998,0.5343,0.5343
11409,601,T601I,T,I,p~,np,0.3232,0.3485,0.2043,0.65,0.6998,0.4763,0.4763
11410,601,T601L,T,L,p~,np,0.3232,0.3485,0.2043,0.65,0.6998,0.4644,0.4644
11411,601,T601K,T,K,p~,p+,0.3232,0.3485,0.2043,0.65,0.6998,0.6432,0.6432
11412,601,T601M,T,M,p~,np,0.3232,0.3485,0.2043,0.65,0.6998,0.4084,0.4084
11413,601,T601F,T,F,p~,np,0.3232,0.3485,0.2043,0.65,0.6998,0.4294,0.4294
11414,601,T601P,T,P,p~,np,0.3232,0.3485,0.2043,0.65,0.6998,0.4279,0.4279
11415,601,T601S,T,S,p~,p~,0.3232,0.3485,0.2043,0.65,0.6998,0.047,0.047
11416,601,T601W,T,W,p~,np,0.3232,0.3485,0.2043,0.65,0.6998,0.5371,0.5371
11417,601,T601Y,T,Y,p~,p~,0.3232,0.3485,0.2043,0.65,0.6998,0.5704,0.5704
11418,601,T601V,T,V,p~,np,0.3232,0.3485,0.2043,0.65,0.6998,0.3653,0.3653
11419,602,A602R,A,R,np,p+,0.2548,0.2864,0.155,0.6304,0.66,0.6196,0.6196
11420,602,A602N,A,N,np,p~,0.2548,0.2864,0.155,0.6304,0.66,0.3383,0.3383
11421,602,A602D,A,D,np,p-,0.2548,0.2864,0.155,0.6304,0.66,0.4544,0.4544
11422,602,A602C,A,C,np,p~,0.2548,0.2864,0.155,0.6304,0.66,0.4851,0.4851
11423,602,A602Q,A,Q,np,p~,0.2548,0.2864,0.155,0.6304,0.66,0.3584,0.3584
11424,602,A602E,A,E,np,p-,0.2548,0.2864,0.155,0.6304,0.66,0.4976,0.4976
11425,602,A602G,A,G,np,np,0.2548,0.2864,0.155,0.6304,0.66,0.47,0.47
11426,602,A602H,A,H,np,p~,0.2548,0.2864,0.155,0.6304,0.66,0.5202,0.5202
11427,602,A602I,A,I,np,np,0.2548,0.2864,0.155,0.6304,0.66,0.3778,0.3778
11428,602,A602L,A,L,np,np,0.2548,0.2864,0.155,0.6304,0.66,0.4528,0.4528
11429,602,A602K,A,K,np,p+,0.2548,0.2864,0.155,0.6304,0.66,0.6082,0.6082
11430,602,A602M,A,M,np,np,0.2548,0.2864,0.155,0.6304,0.66,0.4292,0.4292
11431,602,A602F,A,F,np,np,0.2548,0.2864,0.155,0.6304,0.66,0.538,0.538
11432,602,A602P,A,P,np,np,0.2548,0.2864,0.155,0.6304,0.66,0.4016,0.4016
11433,602,A602S,A,S,np,p~,0.2548,0.2864,0.155,0.6304,0.66,0.2259,0.2259
11434,602,A602T,A,T,np,p~,0.2548,0.2864,0.155,0.6304,0.66,0.2495,0.2495
11435,602,A602W,A,W,np,np,0.2548,0.2864,0.155,0.6304,0.66,0.6117,0.6117
11436,602,A602Y,A,Y,np,p~,0.2548,0.2864,0.155,0.6304,0.66,0.5556,0.5556
11437,602,A602V,A,V,np,np,0.2548,0.2864,0.155,0.6304,0.66,0.2044,0.2044
11438,603,T603A,T,A,p~,np,0.1815,0.2152,0.0856,0.9411,0.9983,0.5549,0.5549
11439,603,T603R,T,R,p~,p+,0.1815,0.2152,0.0856,0.9411,0.9983,0.8325,0.8325
11440,603,T603N,T,N,p~,p~,0.1815,0.2152,0.0856,0.9411,0.9983,0.571,0.571
11441,603,T603D,T,D,p~,p-,0.1815,0.2152,0.0856,0.9411,0.9983,0.7672,0.7672
11442,603,T603C,T,C,p~,p~,0.1815,0.2152,0.0856,0.9411,0.9983,0.628,0.628
11443,603,T603Q,T,Q,p~,p~,0.1815,0.2152,0.0856,0.9411,0.9983,0.717,0.717
11444,603,T603E,T,E,p~,p-,0.1815,0.2152,0.0856,0.9411,0.9983,0.8122,0.8122
11445,603,T603G,T,G,p~,np,0.1815,0.2152,0.0856,0.9411,0.9983,0.6176,0.6176
11446,603,T603H,T,H,p~,p~,0.1815,0.2152,0.0856,0.9411,0.9983,0.7008,0.7008
11447,603,T603I,T,I,p~,np,0.1815,0.2152,0.0856,0.9411,0.9983,0.5881,0.5881
11448,603,T603L,T,L,p~,np,0.1815,0.2152,0.0856,0.9411,0.9983,0.6983,0.6983
11449,603,T603K,T,K,p~,p+,0.1815,0.2152,0.0856,0.9411,0.9983,0.8058,0.8058
11450,603,T603M,T,M,p~,np,0.1815,0.2152,0.0856,0.9411,0.9983,0.6404,0.6404
11451,603,T603F,T,F,p~,np,0.1815,0.2152,0.0856,0.9411,0.9983,0.7746,0.7746
11452,603,T603P,T,P,p~,np,0.1815,0.2152,0.0856,0.9411,0.9983,0.6207,0.6207
11453,603,T603S,T,S,p~,p~,0.1815,0.2152,0.0856,0.9411,0.9983,0.4267,0.4267
11454,603,T603W,T,W,p~,np,0.1815,0.2152,0.0856,0.9411,0.9983,0.9137,0.9137
11455,603,T603Y,T,Y,p~,p~,0.1815,0.2152,0.0856,0.9411,0.9983,0.8488,0.8488
11456,603,T603V,T,V,p~,np,0.1815,0.2152,0.0856,0.9411,0.9983,0.5452,0.5452
11457,604,H604A,H,A,p~,np,0.0981,0.1329,0.0771,0.999,0.9983,0.673,0.673
11458,604,H604R,H,R,p~,p+,0.0981,0.1329,0.0771,0.999,0.9983,0.6189,0.6189
11459,604,H604N,H,N,p~,p~,0.0981,0.1329,0.0771,0.999,0.9983,0.5756,0.5756
11460,604,H604D,H,D,p~,p-,0.0981,0.1329,0.0771,0.999,0.9983,0.6275,0.6275
11461,604,H604C,H,C,p~,p~,0.0981,0.1329,0.0771,0.999,0.9983,0.7231,0.7231
11462,604,H604Q,H,Q,p~,p~,0.0981,0.1329,0.0771,0.999,0.9983,0.405,0.405
11463,604,H604E,H,E,p~,p-,0.0981,0.1329,0.0771,0.999,0.9983,0.6312,0.6312
11464,604,H604G,H,G,p~,np,0.0981,0.1329,0.0771,0.999,0.9983,0.6635,0.6635
11465,604,H604I,H,I,p~,np,0.0981,0.1329,0.0771,0.999,0.9983,0.7097,0.7097
11466,604,H604L,H,L,p~,np,0.0981,0.1329,0.0771,0.999,0.9983,0.6378,0.6378
11467,604,H604K,H,K,p~,p+,0.0981,0.1329,0.0771,0.999,0.9983,0.7693,0.7693
11468,604,H604M,H,M,p~,np,0.0981,0.1329,0.0771,0.999,0.9983,0.6945,0.6945
11469,604,H604F,H,F,p~,np,0.0981,0.1329,0.0771,0.999,0.9983,0.7546,0.7546
11470,604,H604P,H,P,p~,np,0.0981,0.1329,0.0771,0.999,0.9983,0.5981,0.5981
11471,604,H604S,H,S,p~,p~,0.0981,0.1329,0.0771,0.999,0.9983,0.6519,0.6519
11472,604,H604T,H,T,p~,p~,0.0981,0.1329,0.0771,0.999,0.9983,0.6852,0.6852
11473,604,H604W,H,W,p~,np,0.0981,0.1329,0.0771,0.999,0.9983,0.7303,0.7303
11474,604,H604Y,H,Y,p~,p~,0.0981,0.1329,0.0771,0.999,0.9983,0.678,0.678
11475,604,H604V,H,V,p~,np,0.0981,0.1329,0.0771,0.999,0.9983,0.7019,0.7019
11476,605,T605A,T,A,p~,np,0.2038,0.2275,0.1218,0.7286,0.8751,0.3141,0.3141
11477,605,T605R,T,R,p~,p+,0.2038,0.2275,0.1218,0.7286,0.8751,0.7875,0.7875
11478,605,T605N,T,N,p~,p~,0.2038,0.2275,0.1218,0.7286,0.8751,0.4829,0.4829
11479,605,T605D,T,D,p~,p-,0.2038,0.2275,0.1218,0.7286,0.8751,0.7234,0.7234
11480,605,T605C,T,C,p~,p~,0.2038,0.2275,0.1218,0.7286,0.8751,0.5497,0.5497
11481,605,T605Q,T,Q,p~,p~,0.2038,0.2275,0.1218,0.7286,0.8751,0.529,0.529
11482,605,T605E,T,E,p~,p-,0.2038,0.2275,0.1218,0.7286,0.8751,0.7296,0.7296
11483,605,T605G,T,G,p~,np,0.2038,0.2275,0.1218,0.7286,0.8751,0.4451,0.4451
11484,605,T605H,T,H,p~,p~,0.2038,0.2275,0.1218,0.7286,0.8751,0.5908,0.5908
11485,605,T605I,T,I,p~,np,0.2038,0.2275,0.1218,0.7286,0.8751,0.5146,0.5146
11486,605,T605L,T,L,p~,np,0.2038,0.2275,0.1218,0.7286,0.8751,0.5311,0.5311
11487,605,T605K,T,K,p~,p+,0.2038,0.2275,0.1218,0.7286,0.8751,0.7886,0.7886
11488,605,T605M,T,M,p~,np,0.2038,0.2275,0.1218,0.7286,0.8751,0.444,0.444
11489,605,T605F,T,F,p~,np,0.2038,0.2275,0.1218,0.7286,0.8751,0.6325,0.6325
11490,605,T605P,T,P,p~,np,0.2038,0.2275,0.1218,0.7286,0.8751,0.6315,0.6315
11491,605,T605S,T,S,p~,p~,0.2038,0.2275,0.1218,0.7286,0.8751,0.2125,0.2125
11492,605,T605W,T,W,p~,np,0.2038,0.2275,0.1218,0.7286,0.8751,0.765,0.765
11493,605,T605Y,T,Y,p~,p~,0.2038,0.2275,0.1218,0.7286,0.8751,0.7177,0.7177
11494,605,T605V,T,V,p~,np,0.2038,0.2275,0.1218,0.7286,0.8751,0.4077,0.4077
11495,606,V606A,V,A,np,np,0.2323,0.2564,0.1079,0.7799,0.7186,0.4837,0.4837
11496,606,V606R,V,R,np,p+,0.2323,0.2564,0.1079,0.7799,0.7186,0.6418,0.6418
11497,606,V606N,V,N,np,p~,0.2323,0.2564,0.1079,0.7799,0.7186,0.4457,0.4457
11498,606,V606D,V,D,np,p-,0.2323,0.2564,0.1079,0.7799,0.7186,0.6155,0.6155
11499,606,V606C,V,C,np,p~,0.2323,0.2564,0.1079,0.7799,0.7186,0.733,0.733
11500,606,V606Q,V,Q,np,p~,0.2323,0.2564,0.1079,0.7799,0.7186,0.5223,0.5223
11501,606,V606E,V,E,np,p-,0.2323,0.2564,0.1079,0.7799,0.7186,0.6455,0.6455
11502,606,V606G,V,G,np,np,0.2323,0.2564,0.1079,0.7799,0.7186,0.6618,0.6618
11503,606,V606H,V,H,np,p~,0.2323,0.2564,0.1079,0.7799,0.7186,0.5473,0.5473
11504,606,V606I,V,I,np,np,0.2323,0.2564,0.1079,0.7799,0.7186,0.2286,0.2286
11505,606,V606L,V,L,np,np,0.2323,0.2564,0.1079,0.7799,0.7186,0.3094,0.3094
11506,606,V606K,V,K,np,p+,0.2323,0.2564,0.1079,0.7799,0.7186,0.6617,0.6617
11507,606,V606M,V,M,np,np,0.2323,0.2564,0.1079,0.7799,0.7186,0.405,0.405
11508,606,V606F,V,F,np,np,0.2323,0.2564,0.1079,0.7799,0.7186,0.3422,0.3422
11509,606,V606P,V,P,np,np,0.2323,0.2564,0.1079,0.7799,0.7186,0.6397,0.6397
11510,606,V606S,V,S,np,p~,0.2323,0.2564,0.1079,0.7799,0.7186,0.5182,0.5182
11511,606,V606T,V,T,np,p~,0.2323,0.2564,0.1079,0.7799,0.7186,0.3538,0.3538
11512,606,V606W,V,W,np,np,0.2323,0.2564,0.1079,0.7799,0.7186,0.6063,0.6063
11513,606,V606Y,V,Y,np,p~,0.2323,0.2564,0.1079,0.7799,0.7186,0.5011,0.5011
11514,607,N607A,N,A,p~,np,0.3038,0.3226,0.1103,0.8039,0.6722,0.5763,0.5763
11515,607,N607R,N,R,p~,p+,0.3038,0.3226,0.1103,0.8039,0.6722,0.7697,0.7697
11516,607,N607D,N,D,p~,p-,0.3038,0.3226,0.1103,0.8039,0.6722,0.3514,0.3514
11517,607,N607C,N,C,p~,p~,0.3038,0.3226,0.1103,0.8039,0.6722,0.7452,0.7452
11518,607,N607Q,N,Q,p~,p~,0.3038,0.3226,0.1103,0.8039,0.6722,0.6205,0.6205
11519,607,N607E,N,E,p~,p-,0.3038,0.3226,0.1103,0.8039,0.6722,0.6324,0.6324
11520,607,N607G,N,G,p~,np,0.3038,0.3226,0.1103,0.8039,0.6722,0.5613,0.5613
11521,607,N607H,N,H,p~,p~,0.3038,0.3226,0.1103,0.8039,0.6722,0.4965,0.4965
11522,607,N607I,N,I,p~,np,0.3038,0.3226,0.1103,0.8039,0.6722,0.6675,0.6675
11523,607,N607L,N,L,p~,np,0.3038,0.3226,0.1103,0.8039,0.6722,0.7099,0.7099
11524,607,N607K,N,K,p~,p+,0.3038,0.3226,0.1103,0.8039,0.6722,0.7414,0.7414
11525,607,N607M,N,M,p~,np,0.3038,0.3226,0.1103,0.8039,0.6722,0.6986,0.6986
11526,607,N607F,N,F,p~,np,0.3038,0.3226,0.1103,0.8039,0.6722,0.7181,0.7181
11527,607,N607P,N,P,p~,np,0.3038,0.3226,0.1103,0.8039,0.6722,0.7149,0.7149
11528,607,N607S,N,S,p~,p~,0.3038,0.3226,0.1103,0.8039,0.6722,0.4724,0.4724
11529,607,N607T,N,T,p~,p~,0.3038,0.3226,0.1103,0.8039,0.6722,0.5612,0.5612
11530,607,N607W,N,W,p~,np,0.3038,0.3226,0.1103,0.8039,0.6722,0.8101,0.8101
11531,607,N607Y,N,Y,p~,p~,0.3038,0.3226,0.1103,0.8039,0.6722,0.6736,0.6736
11532,607,N607V,N,V,p~,np,0.3038,0.3226,0.1103,0.8039,0.6722,0.6384,0.6384
11533,608,T608A,T,A,p~,np,0.3343,0.3538,0.111,0.7403,0.987,0.3287,0.3287
11534,608,T608R,T,R,p~,p+,0.3343,0.3538,0.111,0.7403,0.987,0.6082,0.6082
11535,608,T608N,T,N,p~,p~,0.3343,0.3538,0.111,0.7403,0.987,0.2722,0.2722
11536,608,T608D,T,D,p~,p-,0.3343,0.3538,0.111,0.7403,0.987,0.5306,0.5306
11537,608,T608C,T,C,p~,p~,0.3343,0.3538,0.111,0.7403,0.987,0.6286,0.6286
11538,608,T608Q,T,Q,p~,p~,0.3343,0.3538,0.111,0.7403,0.987,0.4877,0.4877
11539,608,T608E,T,E,p~,p-,0.3343,0.3538,0.111,0.7403,0.987,0.5956,0.5956
11540,608,T608G,T,G,p~,np,0.3343,0.3538,0.111,0.7403,0.987,0.3942,0.3942
11541,608,T608H,T,H,p~,p~,0.3343,0.3538,0.111,0.7403,0.987,0.4726,0.4726
11542,608,T608I,T,I,p~,np,0.3343,0.3538,0.111,0.7403,0.987,0.4284,0.4284
11543,608,T608L,T,L,p~,np,0.3343,0.3538,0.111,0.7403,0.987,0.445,0.445
11544,608,T608K,T,K,p~,p+,0.3343,0.3538,0.111,0.7403,0.987,0.6084,0.6084
11545,608,T608M,T,M,p~,np,0.3343,0.3538,0.111,0.7403,0.987,0.4294,0.4294
11546,608,T608F,T,F,p~,np,0.3343,0.3538,0.111,0.7403,0.987,0.3787,0.3787
11547,608,T608P,T,P,p~,np,0.3343,0.3538,0.111,0.7403,0.987,0.4662,0.4662
11548,608,T608S,T,S,p~,p~,0.3343,0.3538,0.111,0.7403,0.987,0.2807,0.2807
11549,608,T608W,T,W,p~,np,0.3343,0.3538,0.111,0.7403,0.987,0.5239,0.5239
11550,608,T608Y,T,Y,p~,p~,0.3343,0.3538,0.111,0.7403,0.987,0.464,0.464
11551,608,T608V,T,V,p~,np,0.3343,0.3538,0.111,0.7403,0.987,0.3754,0.3754
11552,609,D609A,D,A,p-,np,0.3815,0.4011,0.0833,0.9752,0.987,0.6452,0.6452
11553,609,D609R,D,R,p-,p+,0.3815,0.4011,0.0833,0.9752,0.987,0.8915,0.8915
11554,609,D609N,D,N,p-,p~,0.3815,0.4011,0.0833,0.9752,0.987,0.546,0.546
11555,609,D609C,D,C,p-,p~,0.3815,0.4011,0.0833,0.9752,0.987,0.8324,0.8324
11556,609,D609Q,D,Q,p-,p~,0.3815,0.4011,0.0833,0.9752,0.987,0.636,0.636
11557,609,D609E,D,E,p-,p-,0.3815,0.4011,0.0833,0.9752,0.987,0.3046,0.3046
11558,609,D609G,D,G,p-,np,0.3815,0.4011,0.0833,0.9752,0.987,0.5605,0.5605
11559,609,D609H,D,H,p-,p~,0.3815,0.4011,0.0833,0.9752,0.987,0.6227,0.6227
11560,609,D609I,D,I,p-,np,0.3815,0.4011,0.0833,0.9752,0.987,0.803,0.803
11561,609,D609L,D,L,p-,np,0.3815,0.4011,0.0833,0.9752,0.987,0.7828,0.7828
11562,609,D609K,D,K,p-,p+,0.3815,0.4011,0.0833,0.9752,0.987,0.8598,0.8598
11563,609,D609M,D,M,p-,np,0.3815,0.4011,0.0833,0.9752,0.987,0.782,0.782
11564,609,D609F,D,F,p-,np,0.3815,0.4011,0.0833,0.9752,0.987,0.761,0.761
11565,609,D609P,D,P,p-,np,0.3815,0.4011,0.0833,0.9752,0.987,0.7953,0.7953
11566,609,D609S,D,S,p-,p~,0.3815,0.4011,0.0833,0.9752,0.987,0.6238,0.6238
11567,609,D609T,D,T,p-,p~,0.3815,0.4011,0.0833,0.9752,0.987,0.6977,0.6977
11568,609,D609W,D,W,p-,np,0.3815,0.4011,0.0833,0.9752,0.987,0.7989,0.7989
11569,609,D609Y,D,Y,p-,p~,0.3815,0.4011,0.0833,0.9752,0.987,0.7016,0.7016
11570,609,D609V,D,V,p-,np,0.3815,0.4011,0.0833,0.9752,0.987,0.7077,0.7077
11571,610,Q610A,Q,A,p~,np,0.3845,0.3996,0.081,0.9922,0.987,0.4086,0.4086
11572,610,Q610R,Q,R,p~,p+,0.3845,0.3996,0.081,0.9922,0.987,0.7121,0.7121
11573,610,Q610N,Q,N,p~,p~,0.3845,0.3996,0.081,0.9922,0.987,0.4514,0.4514
11574,610,Q610D,Q,D,p~,p-,0.3845,0.3996,0.081,0.9922,0.987,0.5782,0.5782
11575,610,Q610C,Q,C,p~,p~,0.3845,0.3996,0.081,0.9922,0.987,0.7001,0.7001
11576,610,Q610E,Q,E,p~,p-,0.3845,0.3996,0.081,0.9922,0.987,0.5048,0.5048
11577,610,Q610G,Q,G,p~,np,0.3845,0.3996,0.081,0.9922,0.987,0.5269,0.5269
11578,610,Q610H,Q,H,p~,p~,0.3845,0.3996,0.081,0.9922,0.987,0.461,0.461
11579,610,Q610I,Q,I,p~,np,0.3845,0.3996,0.081,0.9922,0.987,0.5685,0.5685
11580,610,Q610L,Q,L,p~,np,0.3845,0.3996,0.081,0.9922,0.987,0.4889,0.4889
11581,610,Q610K,Q,K,p~,p+,0.3845,0.3996,0.081,0.9922,0.987,0.6923,0.6923
11582,610,Q610M,Q,M,p~,np,0.3845,0.3996,0.081,0.9922,0.987,0.5018,0.5018
11583,610,Q610F,Q,F,p~,np,0.3845,0.3996,0.081,0.9922,0.987,0.5867,0.5867
11584,610,Q610P,Q,P,p~,np,0.3845,0.3996,0.081,0.9922,0.987,0.5077,0.5077
11585,610,Q610S,Q,S,p~,p~,0.3845,0.3996,0.081,0.9922,0.987,0.4492,0.4492
11586,610,Q610T,Q,T,p~,p~,0.3845,0.3996,0.081,0.9922,0.987,0.4653,0.4653
11587,610,Q610W,Q,W,p~,np,0.3845,0.3996,0.081,0.9922,0.987,0.7226,0.7226
11588,610,Q610Y,Q,Y,p~,p~,0.3845,0.3996,0.081,0.9922,0.987,0.6154,0.6154
11589,610,Q610V,Q,V,p~,np,0.3845,0.3996,0.081,0.9922,0.987,0.5121,0.5121
11590,611,R611A,R,A,p+,np,0.4667,0.4811,0.0771,1.0,1.0,0.5873,0.5873
11591,611,R611N,R,N,p+,p~,0.4667,0.4811,0.0771,1.0,1.0,0.5929,0.5929
11592,611,R611D,R,D,p+,p-,0.4667,0.4811,0.0771,1.0,1.0,0.7851,0.7851
11593,611,R611C,R,C,p+,p~,0.4667,0.4811,0.0771,1.0,1.0,0.7699,0.7699
11594,611,R611Q,R,Q,p+,p~,0.4667,0.4811,0.0771,1.0,1.0,0.5338,0.5338
11595,611,R611E,R,E,p+,p-,0.4667,0.4811,0.0771,1.0,1.0,0.7542,0.7542
11596,611,R611G,R,G,p+,np,0.4667,0.4811,0.0771,1.0,1.0,0.65,0.65
11597,611,R611H,R,H,p+,p~,0.4667,0.4811,0.0771,1.0,1.0,0.5263,0.5263
11598,611,R611I,R,I,p+,np,0.4667,0.4811,0.0771,1.0,1.0,0.5994,0.5994
11599,611,R611L,R,L,p+,np,0.4667,0.4811,0.0771,1.0,1.0,0.557,0.557
11600,611,R611K,R,K,p+,p+,0.4667,0.4811,0.0771,1.0,1.0,0.4319,0.4319
11601,611,R611M,R,M,p+,np,0.4667,0.4811,0.0771,1.0,1.0,0.6099,0.6099
11602,611,R611F,R,F,p+,np,0.4667,0.4811,0.0771,1.0,1.0,0.665,0.665
11603,611,R611P,R,P,p+,np,0.4667,0.4811,0.0771,1.0,1.0,0.7898,0.7898
11604,611,R611S,R,S,p+,p~,0.4667,0.4811,0.0771,1.0,1.0,0.5537,0.5537
11605,611,R611T,R,T,p+,p~,0.4667,0.4811,0.0771,1.0,1.0,0.5625,0.5625
11606,611,R611W,R,W,p+,np,0.4667,0.4811,0.0771,1.0,1.0,0.6448,0.6448
11607,611,R611Y,R,Y,p+,p~,0.4667,0.4811,0.0771,1.0,1.0,0.6269,0.6269
11608,611,R611V,R,V,p+,np,0.4667,0.4811,0.0771,1.0,1.0,0.581,0.581
11609,612,R612A,R,A,p+,np,0.5328,0.5444,0.0848,0.981,0.9683,0.5273,0.5273
11610,612,R612N,R,N,p+,p~,0.5328,0.5444,0.0848,0.981,0.9683,0.5275,0.5275
11611,612,R612D,R,D,p+,p-,0.5328,0.5444,0.0848,0.981,0.9683,0.7114,0.7114
11612,612,R612C,R,C,p+,p~,0.5328,0.5444,0.0848,0.981,0.9683,0.6745,0.6745
11613,612,R612Q,R,Q,p+,p~,0.5328,0.5444,0.0848,0.981,0.9683,0.4548,0.4548
11614,612,R612E,R,E,p+,p-,0.5328,0.5444,0.0848,0.981,0.9683,0.6617,0.6617
11615,612,R612G,R,G,p+,np,0.5328,0.5444,0.0848,0.981,0.9683,0.6456,0.6456
11616,612,R612H,R,H,p+,p~,0.5328,0.5444,0.0848,0.981,0.9683,0.441,0.441
11617,612,R612I,R,I,p+,np,0.5328,0.5444,0.0848,0.981,0.9683,0.4592,0.4592
11618,612,R612L,R,L,p+,np,0.5328,0.5444,0.0848,0.981,0.9683,0.3508,0.3508
11619,612,R612K,R,K,p+,p+,0.5328,0.5444,0.0848,0.981,0.9683,0.4231,0.4231
11620,612,R612M,R,M,p+,np,0.5328,0.5444,0.0848,0.981,0.9683,0.4698,0.4698
11621,612,R612F,R,F,p+,np,0.5328,0.5444,0.0848,0.981,0.9683,0.4139,0.4139
11622,612,R612P,R,P,p+,np,0.5328,0.5444,0.0848,0.981,0.9683,0.7166,0.7166
11623,612,R612S,R,S,p+,p~,0.5328,0.5444,0.0848,0.981,0.9683,0.5095,0.5095
11624,612,R612T,R,T,p+,p~,0.5328,0.5444,0.0848,0.981,0.9683,0.5172,0.5172
11625,612,R612W,R,W,p+,np,0.5328,0.5444,0.0848,0.981,0.9683,0.4847,0.4847
11626,612,R612Y,R,Y,p+,p~,0.5328,0.5444,0.0848,0.981,0.9683,0.3926,0.3926
11627,612,R612V,R,V,p+,np,0.5328,0.5444,0.0848,0.981,0.9683,0.4646,0.4646
11628,613,I613A,I,A,np,np,0.5986,0.6079,0.1311,0.7512,0.9887,0.4769,0.4769
11629,613,I613R,I,R,np,p+,0.5986,0.6079,0.1311,0.7512,0.9887,0.6414,0.6414
11630,613,I613N,I,N,np,p~,0.5986,0.6079,0.1311,0.7512,0.9887,0.6198,0.6198
11631,613,I613D,I,D,np,p-,0.5986,0.6079,0.1311,0.7512,0.9887,0.7182,0.7182
11632,613,I613C,I,C,np,p~,0.5986,0.6079,0.1311,0.7512,0.9887,0.7022,0.7022
11633,613,I613Q,I,Q,np,p~,0.5986,0.6079,0.1311,0.7512,0.9887,0.5122,0.5122
11634,613,I613E,I,E,np,p-,0.5986,0.6079,0.1311,0.7512,0.9887,0.6068,0.6068
11635,613,I613G,I,G,np,np,0.5986,0.6079,0.1311,0.7512,0.9887,0.7266,0.7266
11636,613,I613H,I,H,np,p~,0.5986,0.6079,0.1311,0.7512,0.9887,0.6221,0.6221
11637,613,I613L,I,L,np,np,0.5986,0.6079,0.1311,0.7512,0.9887,0.3234,0.3234
11638,613,I613K,I,K,np,p+,0.5986,0.6079,0.1311,0.7512,0.9887,0.6141,0.6141
11639,613,I613M,I,M,np,np,0.5986,0.6079,0.1311,0.7512,0.9887,0.4239,0.4239
11640,613,I613F,I,F,np,np,0.5986,0.6079,0.1311,0.7512,0.9887,0.4922,0.4922
11641,613,I613P,I,P,np,np,0.5986,0.6079,0.1311,0.7512,0.9887,0.5157,0.5157
11642,613,I613S,I,S,np,p~,0.5986,0.6079,0.1311,0.7512,0.9887,0.5687,0.5687
11643,613,I613T,I,T,np,p~,0.5986,0.6079,0.1311,0.7512,0.9887,0.4422,0.4422
11644,613,I613W,I,W,np,np,0.5986,0.6079,0.1311,0.7512,0.9887,0.6804,0.6804
11645,613,I613Y,I,Y,np,p~,0.5986,0.6079,0.1311,0.7512,0.9887,0.5447,0.5447
11646,613,I613V,I,V,np,np,0.5986,0.6079,0.1311,0.7512,0.9887,0.1731,0.1731
11647,614,P614A,P,A,np,np,0.6459,0.655,0.111,0.7828,0.6614,0.3642,0.3642
11648,614,P614R,P,R,np,p+,0.6459,0.655,0.111,0.7828,0.6614,0.5692,0.5692
11649,614,P614N,P,N,np,p~,0.6459,0.655,0.111,0.7828,0.6614,0.4049,0.4049
11650,614,P614D,P,D,np,p-,0.6459,0.655,0.111,0.7828,0.6614,0.3666,0.3666
11651,614,P614C,P,C,np,p~,0.6459,0.655,0.111,0.7828,0.6614,0.8338,0.8338
11652,614,P614Q,P,Q,np,p~,0.6459,0.655,0.111,0.7828,0.6614,0.4344,0.4344
11653,614,P614E,P,E,np,p-,0.6459,0.655,0.111,0.7828,0.6614,0.4209,0.4209
11654,614,P614G,P,G,np,np,0.6459,0.655,0.111,0.7828,0.6614,0.4201,0.4201
11655,614,P614H,P,H,np,p~,0.6459,0.655,0.111,0.7828,0.6614,0.5624,0.5624
11656,614,P614I,P,I,np,np,0.6459,0.655,0.111,0.7828,0.6614,0.5628,0.5628
11657,614,P614L,P,L,np,np,0.6459,0.655,0.111,0.7828,0.6614,0.4422,0.4422
11658,614,P614K,P,K,np,p+,0.6459,0.655,0.111,0.7828,0.6614,0.5263,0.5263
11659,614,P614M,P,M,np,np,0.6459,0.655,0.111,0.7828,0.6614,0.5287,0.5287
11660,614,P614F,P,F,np,np,0.6459,0.655,0.111,0.7828,0.6614,0.5266,0.5266
11661,614,P614S,P,S,np,p~,0.6459,0.655,0.111,0.7828,0.6614,0.3838,0.3838
11662,614,P614T,P,T,np,p~,0.6459,0.655,0.111,0.7828,0.6614,0.4455,0.4455
11663,614,P614W,P,W,np,np,0.6459,0.655,0.111,0.7828,0.6614,0.6094,0.6094
11664,614,P614Y,P,Y,np,p~,0.6459,0.655,0.111,0.7828,0.6614,0.5428,0.5428
11665,614,P614V,P,V,np,np,0.6459,0.655,0.111,0.7828,0.6614,0.5012,0.5012
11666,615,L615A,L,A,np,np,0.7101,0.7155,0.0902,0.9193,1.0,0.4147,0.4147
11667,615,L615R,L,R,np,p+,0.7101,0.7155,0.0902,0.9193,1.0,0.706,0.706
11668,615,L615N,L,N,np,p~,0.7101,0.7155,0.0902,0.9193,1.0,0.631,0.631
11669,615,L615D,L,D,np,p-,0.7101,0.7155,0.0902,0.9193,1.0,0.7065,0.7065
11670,615,L615C,L,C,np,p~,0.7101,0.7155,0.0902,0.9193,1.0,0.5395,0.5395
11671,615,L615Q,L,Q,np,p~,0.7101,0.7155,0.0902,0.9193,1.0,0.5732,0.5732
11672,615,L615E,L,E,np,p-,0.7101,0.7155,0.0902,0.9193,1.0,0.6622,0.6622
11673,615,L615G,L,G,np,np,0.7101,0.7155,0.0902,0.9193,1.0,0.5889,0.5889
11674,615,L615H,L,H,np,p~,0.7101,0.7155,0.0902,0.9193,1.0,0.6707,0.6707
11675,615,L615I,L,I,np,np,0.7101,0.7155,0.0902,0.9193,1.0,0.284,0.284
11676,615,L615K,L,K,np,p+,0.7101,0.7155,0.0902,0.9193,1.0,0.6719,0.6719
11677,615,L615M,L,M,np,np,0.7101,0.7155,0.0902,0.9193,1.0,0.3494,0.3494
11678,615,L615F,L,F,np,np,0.7101,0.7155,0.0902,0.9193,1.0,0.4783,0.4783
11679,615,L615P,L,P,np,np,0.7101,0.7155,0.0902,0.9193,1.0,0.5999,0.5999
11680,615,L615S,L,S,np,p~,0.7101,0.7155,0.0902,0.9193,1.0,0.5387,0.5387
11681,615,L615T,L,T,np,p~,0.7101,0.7155,0.0902,0.9193,1.0,0.3839,0.3839
11682,615,L615W,L,W,np,np,0.7101,0.7155,0.0902,0.9193,1.0,0.7081,0.7081
11683,615,L615Y,L,Y,np,p~,0.7101,0.7155,0.0902,0.9193,1.0,0.5471,0.5471
11684,615,L615V,L,V,np,np,0.7101,0.7155,0.0902,0.9193,1.0,0.26,0.26
11685,616,T616A,T,A,p~,np,0.7724,0.7763,0.485,0.3216,0.2461,0.2935,0.2935
11686,616,T616R,T,R,p~,p+,0.7724,0.7763,0.485,0.3216,0.2461,0.3879,0.3879
11687,616,T616N,T,N,p~,p~,0.7724,0.7763,0.485,0.3216,0.2461,0.2795,0.2795
11688,616,T616D,T,D,p~,p-,0.7724,0.7763,0.485,0.3216,0.2461,0.3393,0.3393
11689,616,T616C,T,C,p~,p~,0.7724,0.7763,0.485,0.3216,0.2461,0.681,0.681
11690,616,T616Q,T,Q,p~,p~,0.7724,0.7763,0.485,0.3216,0.2461,0.3153,0.3153
11691,616,T616E,T,E,p~,p-,0.7724,0.7763,0.485,0.3216,0.2461,0.3285,0.3285
11692,616,T616G,T,G,p~,np,0.7724,0.7763,0.485,0.3216,0.2461,0.3864,0.3864
11693,616,T616H,T,H,p~,p~,0.7724,0.7763,0.485,0.3216,0.2461,0.5018,0.5018
11694,616,T616I,T,I,p~,np,0.7724,0.7763,0.485,0.3216,0.2461,0.3893,0.3893
11695,616,T616L,T,L,p~,np,0.7724,0.7763,0.485,0.3216,0.2461,0.4006,0.4006
11696,616,T616K,T,K,p~,p+,0.7724,0.7763,0.485,0.3216,0.2461,0.3289,0.3289
11697,616,T616M,T,M,p~,np,0.7724,0.7763,0.485,0.3216,0.2461,0.4532,0.4532
11698,616,T616F,T,F,p~,np,0.7724,0.7763,0.485,0.3216,0.2461,0.4981,0.4981
11699,616,T616P,T,P,p~,np,0.7724,0.7763,0.485,0.3216,0.2461,0.3778,0.3778
11700,616,T616S,T,S,p~,p~,0.7724,0.7763,0.485,0.3216,0.2461,0.2465,0.2465
11701,616,T616W,T,W,p~,np,0.7724,0.7763,0.485,0.3216,0.2461,0.5691,0.5691
11702,616,T616Y,T,Y,p~,p~,0.7724,0.7763,0.485,0.3216,0.2461,0.4626,0.4626
11703,616,T616V,T,V,p~,np,0.7724,0.7763,0.485,0.3216,0.2461,0.3207,0.3207
11704,617,L617A,L,A,np,np,0.8004,0.8048,0.3832,0.4491,0.4326,0.2948,0.2948
11705,617,L617R,L,R,np,p+,0.8004,0.8048,0.3832,0.4491,0.4326,0.4487,0.4487
11706,617,L617N,L,N,np,p~,0.8004,0.8048,0.3832,0.4491,0.4326,0.4234,0.4234
11707,617,L617D,L,D,np,p-,0.8004,0.8048,0.3832,0.4491,0.4326,0.5005,0.5005
11708,617,L617C,L,C,np,p~,0.8004,0.8048,0.3832,0.4491,0.4326,0.5414,0.5414
11709,617,L617Q,L,Q,np,p~,0.8004,0.8048,0.3832,0.4491,0.4326,0.4081,0.4081
11710,617,L617E,L,E,np,p-,0.8004,0.8048,0.3832,0.4491,0.4326,0.4676,0.4676
11711,617,L617G,L,G,np,np,0.8004,0.8048,0.3832,0.4491,0.4326,0.3798,0.3798
11712,617,L617H,L,H,np,p~,0.8004,0.8048,0.3832,0.4491,0.4326,0.4731,0.4731
11713,617,L617I,L,I,np,np,0.8004,0.8048,0.3832,0.4491,0.4326,0.2276,0.2276
11714,617,L617K,L,K,np,p+,0.8004,0.8048,0.3832,0.4491,0.4326,0.443,0.443
11715,617,L617M,L,M,np,np,0.8004,0.8048,0.3832,0.4491,0.4326,0.3027,0.3027
11716,617,L617F,L,F,np,np,0.8004,0.8048,0.3832,0.4491,0.4326,0.287,0.287
11717,617,L617P,L,P,np,np,0.8004,0.8048,0.3832,0.4491,0.4326,0.3117,0.3117
11718,617,L617S,L,S,np,p~,0.8004,0.8048,0.3832,0.4491,0.4326,0.3087,0.3087
11719,617,L617T,L,T,np,p~,0.8004,0.8048,0.3832,0.4491,0.4326,0.2818,0.2818
11720,617,L617W,L,W,np,np,0.8004,0.8048,0.3832,0.4491,0.4326,0.4154,0.4154
11721,617,L617Y,L,Y,np,p~,0.8004,0.8048,0.3832,0.4491,0.4326,0.3432,0.3432
11722,617,L617V,L,V,np,np,0.8004,0.8048,0.3832,0.4491,0.4326,0.2121,0.2121
11723,618,T618A,T,A,p~,np,0.8773,0.8778,0.3631,0.3247,0.361,0.3229,0.3229
11724,618,T618R,T,R,p~,p+,0.8773,0.8778,0.3631,0.3247,0.361,0.3799,0.3799
11725,618,T618N,T,N,p~,p~,0.8773,0.8778,0.3631,0.3247,0.361,0.3404,0.3404
11726,618,T618D,T,D,p~,p-,0.8773,0.8778,0.3631,0.3247,0.361,0.3825,0.3825
11727,618,T618C,T,C,p~,p~,0.8773,0.8778,0.3631,0.3247,0.361,0.6497,0.6497
11728,618,T618Q,T,Q,p~,p~,0.8773,0.8778,0.3631,0.3247,0.361,0.3275,0.3275
11729,618,T618E,T,E,p~,p-,0.8773,0.8778,0.3631,0.3247,0.361,0.3557,0.3557
11730,618,T618G,T,G,p~,np,0.8773,0.8778,0.3631,0.3247,0.361,0.4209,0.4209
11731,618,T618H,T,H,p~,p~,0.8773,0.8778,0.3631,0.3247,0.361,0.4874,0.4874
11732,618,T618I,T,I,p~,np,0.8773,0.8778,0.3631,0.3247,0.361,0.3222,0.3222
11733,618,T618L,T,L,p~,np,0.8773,0.8778,0.3631,0.3247,0.361,0.3557,0.3557
11734,618,T618K,T,K,p~,p+,0.8773,0.8778,0.3631,0.3247,0.361,0.3975,0.3975
11735,618,T618M,T,M,p~,np,0.8773,0.8778,0.3631,0.3247,0.361,0.4645,0.4645
11736,618,T618F,T,F,p~,np,0.8773,0.8778,0.3631,0.3247,0.361,0.4078,0.4078
11737,618,T618P,T,P,p~,np,0.8773,0.8778,0.3631,0.3247,0.361,0.5722,0.5722
11738,618,T618S,T,S,p~,p~,0.8773,0.8778,0.3631,0.3247,0.361,0.2359,0.2359
11739,618,T618W,T,W,p~,np,0.8773,0.8778,0.3631,0.3247,0.361,0.5117,0.5117
11740,618,T618Y,T,Y,p~,p~,0.8773,0.8778,0.3631,0.3247,0.361,0.4071,0.4071
11741,618,T618V,T,V,p~,np,0.8773,0.8778,0.3631,0.3247,0.361,0.2838,0.2838
11742,619,N619A,N,A,p~,np,0.9294,0.929,0.6338,0.232,0.1488,0.183,0.183
11743,619,N619R,N,R,p~,p+,0.9294,0.929,0.6338,0.232,0.1488,0.3078,0.3078
11744,619,N619D,N,D,p~,p-,0.9294,0.929,0.6338,0.232,0.1488,0.2001,0.2001
11745,619,N619C,N,C,p~,p~,0.9294,0.929,0.6338,0.232,0.1488,0.5838,0.5838
11746,619,N619Q,N,Q,p~,p~,0.9294,0.929,0.6338,0.232,0.1488,0.2739,0.2739
11747,619,N619E,N,E,p~,p-,0.9294,0.929,0.6338,0.232,0.1488,0.3632,0.3632
11748,619,N619G,N,G,p~,np,0.9294,0.929,0.6338,0.232,0.1488,0.2714,0.2714
11749,619,N619H,N,H,p~,p~,0.9294,0.929,0.6338,0.232,0.1488,0.3185,0.3185
11750,619,N619I,N,I,p~,np,0.9294,0.929,0.6338,0.232,0.1488,0.455,0.455
11751,619,N619L,N,L,p~,np,0.9294,0.929,0.6338,0.232,0.1488,0.3687,0.3687
11752,619,N619K,N,K,p~,p+,0.9294,0.929,0.6338,0.232,0.1488,0.2705,0.2705
11753,619,N619M,N,M,p~,np,0.9294,0.929,0.6338,0.232,0.1488,0.4494,0.4494
11754,619,N619F,N,F,p~,np,0.9294,0.929,0.6338,0.232,0.1488,0.4625,0.4625
11755,619,N619P,N,P,p~,np,0.9294,0.929,0.6338,0.232,0.1488,0.2154,0.2154
11756,619,N619S,N,S,p~,p~,0.9294,0.929,0.6338,0.232,0.1488,0.1387,0.1387
11757,619,N619T,N,T,p~,p~,0.9294,0.929,0.6338,0.232,0.1488,0.2768,0.2768
11758,619,N619W,N,W,p~,np,0.9294,0.929,0.6338,0.232,0.1488,0.4591,0.4591
11759,619,N619Y,N,Y,p~,p~,0.9294,0.929,0.6338,0.232,0.1488,0.3763,0.3763
11760,619,N619V,N,V,p~,np,0.9294,0.929,0.6338,0.232,0.1488,0.3652,0.3652
11761,620,N620A,N,A,p~,np,0.9422,0.9442,0.4133,0.3289,0.3866,0.2893,0.2893
11762,620,N620R,N,R,p~,p+,0.9422,0.9442,0.4133,0.3289,0.3866,0.3621,0.3621
11763,620,N620D,N,D,p~,p-,0.9422,0.9442,0.4133,0.3289,0.3866,0.3104,0.3104
11764,620,N620C,N,C,p~,p~,0.9422,0.9442,0.4133,0.3289,0.3866,0.5715,0.5715
11765,620,N620Q,N,Q,p~,p~,0.9422,0.9442,0.4133,0.3289,0.3866,0.2452,0.2452
11766,620,N620E,N,E,p~,p-,0.9422,0.9442,0.4133,0.3289,0.3866,0.2623,0.2623
11767,620,N620G,N,G,p~,np,0.9422,0.9442,0.4133,0.3289,0.3866,0.3134,0.3134
11768,620,N620H,N,H,p~,p~,0.9422,0.9442,0.4133,0.3289,0.3866,0.3316,0.3316
11769,620,N620I,N,I,p~,np,0.9422,0.9442,0.4133,0.3289,0.3866,0.3764,0.3764
11770,620,N620L,N,L,p~,np,0.9422,0.9442,0.4133,0.3289,0.3866,0.27,0.27
11771,620,N620K,N,K,p~,p+,0.9422,0.9442,0.4133,0.3289,0.3866,0.3512,0.3512
11772,620,N620M,N,M,p~,np,0.9422,0.9442,0.4133,0.3289,0.3866,0.3497,0.3497
11773,620,N620F,N,F,p~,np,0.9422,0.9442,0.4133,0.3289,0.3866,0.3921,0.3921
11774,620,N620P,N,P,p~,np,0.9422,0.9442,0.4133,0.3289,0.3866,0.4782,0.4782
11775,620,N620S,N,S,p~,p~,0.9422,0.9442,0.4133,0.3289,0.3866,0.2639,0.2639
11776,620,N620T,N,T,p~,p~,0.9422,0.9442,0.4133,0.3289,0.3866,0.2754,0.2754
11777,620,N620W,N,W,p~,np,0.9422,0.9442,0.4133,0.3289,0.3866,0.4732,0.4732
11778,620,N620Y,N,Y,p~,p~,0.9422,0.9442,0.4133,0.3289,0.3866,0.3546,0.3546
11779,620,N620V,N,V,p~,np,0.9422,0.9442,0.4133,0.3289,0.3866,0.3559,0.3559
11780,621,G621A,G,A,np,np,1.0,1.0,0.1496,0.589,0.5077,0.38,0.38
11781,621,G621R,G,R,np,p+,1.0,1.0,0.1496,0.589,0.5077,0.4659,0.4659
11782,621,G621N,G,N,np,p~,1.0,1.0,0.1496,0.589,0.5077,0.3235,0.3235
11783,621,G621D,G,D,np,p-,1.0,1.0,0.1496,0.589,0.5077,0.4484,0.4484
11784,621,G621C,G,C,np,p~,1.0,1.0,0.1496,0.589,0.5077,0.617,0.617
11785,621,G621Q,G,Q,np,p~,1.0,1.0,0.1496,0.589,0.5077,0.4489,0.4489
11786,621,G621E,G,E,np,p-,1.0,1.0,0.1496,0.589,0.5077,0.488,0.488
11787,621,G621H,G,H,np,p~,1.0,1.0,0.1496,0.589,0.5077,0.5465,0.5465
11788,621,G621I,G,I,np,np,1.0,1.0,0.1496,0.589,0.5077,0.5408,0.5408
11789,621,G621L,G,L,np,np,1.0,1.0,0.1496,0.589,0.5077,0.4814,0.4814
11790,621,G621K,G,K,np,p+,1.0,1.0,0.1496,0.589,0.5077,0.5162,0.5162
11791,621,G621M,G,M,np,np,1.0,1.0,0.1496,0.589,0.5077,0.5748,0.5748
11792,621,G621F,G,F,np,np,1.0,1.0,0.1496,0.589,0.5077,0.5059,0.5059
11793,621,G621P,G,P,np,np,1.0,1.0,0.1496,0.589,0.5077,0.4915,0.4915
11794,621,G621S,G,S,np,p~,1.0,1.0,0.1496,0.589,0.5077,0.2701,0.2701
11795,621,G621T,G,T,np,p~,1.0,1.0,0.1496,0.589,0.5077,0.3866,0.3866
11796,621,G621W,G,W,np,np,1.0,1.0,0.1496,0.589,0.5077,0.5306,0.5306
11797,621,G621Y,G,Y,np,p~,1.0,1.0,0.1496,0.589,0.5077,0.4542,0.4542
11798,621,G621V,G,V,np,np,1.0,1.0,0.1496,0.589,0.5077,0.4959,0.4959
11799,622,G622A,G,A,np,np,0.9589,0.9617,0.505,0.2717,0.1168,0.2546,0.2546
11800,622,G622R,G,R,np,p+,0.9589,0.9617,0.505,0.2717,0.1168,0.3624,0.3624
11801,622,G622N,G,N,np,p~,0.9589,0.9617,0.505,0.2717,0.1168,0.1536,0.1536
11802,622,G622D,G,D,np,p-,0.9589,0.9617,0.505,0.2717,0.1168,0.2613,0.2613
11803,622,G622C,G,C,np,p~,0.9589,0.9617,0.505,0.2717,0.1168,0.5334,0.5334
11804,622,G622Q,G,Q,np,p~,0.9589,0.9617,0.505,0.2717,0.1168,0.351,0.351
11805,622,G622E,G,E,np,p-,0.9589,0.9617,0.505,0.2717,0.1168,0.4054,0.4054
11806,622,G622H,G,H,np,p~,0.9589,0.9617,0.505,0.2717,0.1168,0.4512,0.4512
11807,622,G622I,G,I,np,np,0.9589,0.9617,0.505,0.2717,0.1168,0.4182,0.4182
11808,622,G622L,G,L,np,np,0.9589,0.9617,0.505,0.2717,0.1168,0.3783,0.3783
11809,622,G622K,G,K,np,p+,0.9589,0.9617,0.505,0.2717,0.1168,0.3699,0.3699
11810,622,G622M,G,M,np,np,0.9589,0.9617,0.505,0.2717,0.1168,0.4712,0.4712
11811,622,G622F,G,F,np,np,0.9589,0.9617,0.505,0.2717,0.1168,0.4178,0.4178
11812,622,G622P,G,P,np,np,0.9589,0.9617,0.505,0.2717,0.1168,0.3871,0.3871
11813,622,G622S,G,S,np,p~,0.9589,0.9617,0.505,0.2717,0.1168,0.1596,0.1596
11814,622,G622T,G,T,np,p~,0.9589,0.9617,0.505,0.2717,0.1168,0.2239,0.2239
11815,622,G622W,G,W,np,np,0.9589,0.9617,0.505,0.2717,0.1168,0.4919,0.4919
11816,622,G622Y,G,Y,np,p~,0.9589,0.9617,0.505,0.2717,0.1168,0.3976,0.3976
11817,622,G622V,G,V,np,np,0.9589,0.9617,0.505,0.2717,0.1168,0.373,0.373
11818,623,N623A,N,A,p~,np,0.9169,0.9233,0.2791,0.4788,0.4163,0.3525,0.3525
11819,623,N623R,N,R,p~,p+,0.9169,0.9233,0.2791,0.4788,0.4163,0.3185,0.3185
11820,623,N623D,N,D,p~,p-,0.9169,0.9233,0.2791,0.4788,0.4163,0.375,0.375
11821,623,N623C,N,C,p~,p~,0.9169,0.9233,0.2791,0.4788,0.4163,0.5808,0.5808
11822,623,N623Q,N,Q,p~,p~,0.9169,0.9233,0.2791,0.4788,0.4163,0.3231,0.3231
11823,623,N623E,N,E,p~,p-,0.9169,0.9233,0.2791,0.4788,0.4163,0.4696,0.4696
11824,623,N623G,N,G,p~,np,0.9169,0.9233,0.2791,0.4788,0.4163,0.1823,0.1823
11825,623,N623H,N,H,p~,p~,0.9169,0.9233,0.2791,0.4788,0.4163,0.423,0.423
11826,623,N623I,N,I,p~,np,0.9169,0.9233,0.2791,0.4788,0.4163,0.4982,0.4982
11827,623,N623L,N,L,p~,np,0.9169,0.9233,0.2791,0.4788,0.4163,0.403,0.403
11828,623,N623K,N,K,p~,p+,0.9169,0.9233,0.2791,0.4788,0.4163,0.2975,0.2975
11829,623,N623M,N,M,p~,np,0.9169,0.9233,0.2791,0.4788,0.4163,0.3871,0.3871
11830,623,N623F,N,F,p~,np,0.9169,0.9233,0.2791,0.4788,0.4163,0.4818,0.4818
11831,623,N623P,N,P,p~,np,0.9169,0.9233,0.2791,0.4788,0.4163,0.5079,0.5079
11832,623,N623S,N,S,p~,p~,0.9169,0.9233,0.2791,0.4788,0.4163,0.2322,0.2322
11833,623,N623T,N,T,p~,p~,0.9169,0.9233,0.2791,0.4788,0.4163,0.2639,0.2639
11834,623,N623W,N,W,p~,np,0.9169,0.9233,0.2791,0.4788,0.4163,0.6041,0.6041
11835,623,N623Y,N,Y,p~,p~,0.9169,0.9233,0.2791,0.4788,0.4163,0.4345,0.4345
11836,623,N623V,N,V,p~,np,0.9169,0.9233,0.2791,0.4788,0.4163,0.4664,0.4664
11837,624,S624A,S,A,p~,np,0.9195,0.9235,0.2629,0.4014,0.4383,0.3062,0.3062
11838,624,S624R,S,R,p~,p+,0.9195,0.9235,0.2629,0.4014,0.4383,0.3584,0.3584
11839,624,S624N,S,N,p~,p~,0.9195,0.9235,0.2629,0.4014,0.4383,0.2554,0.2554
11840,624,S624D,S,D,p~,p-,0.9195,0.9235,0.2629,0.4014,0.4383,0.3037,0.3037
11841,624,S624C,S,C,p~,p~,0.9195,0.9235,0.2629,0.4014,0.4383,0.5668,0.5668
11842,624,S624Q,S,Q,p~,p~,0.9195,0.9235,0.2629,0.4014,0.4383,0.2654,0.2654
11843,624,S624E,S,E,p~,p-,0.9195,0.9235,0.2629,0.4014,0.4383,0.3142,0.3142
11844,624,S624G,S,G,p~,np,0.9195,0.9235,0.2629,0.4014,0.4383,0.3335,0.3335
11845,624,S624H,S,H,p~,p~,0.9195,0.9235,0.2629,0.4014,0.4383,0.5091,0.5091
11846,624,S624I,S,I,p~,np,0.9195,0.9235,0.2629,0.4014,0.4383,0.4025,0.4025
11847,624,S624L,S,L,p~,np,0.9195,0.9235,0.2629,0.4014,0.4383,0.3807,0.3807
11848,624,S624K,S,K,p~,p+,0.9195,0.9235,0.2629,0.4014,0.4383,0.3565,0.3565
11849,624,S624M,S,M,p~,np,0.9195,0.9235,0.2629,0.4014,0.4383,0.4358,0.4358
11850,624,S624F,S,F,p~,np,0.9195,0.9235,0.2629,0.4014,0.4383,0.4926,0.4926
11851,624,S624P,S,P,p~,np,0.9195,0.9235,0.2629,0.4014,0.4383,0.5783,0.5783
11852,624,S624T,S,T,p~,p~,0.9195,0.9235,0.2629,0.4014,0.4383,0.1967,0.1967
11853,624,S624W,S,W,p~,np,0.9195,0.9235,0.2629,0.4014,0.4383,0.5512,0.5512
11854,624,S624Y,S,Y,p~,p~,0.9195,0.9235,0.2629,0.4014,0.4383,0.4576,0.4576
11855,624,S624V,S,V,p~,np,0.9195,0.9235,0.2629,0.4014,0.4383,0.3614,0.3614
11856,625,Y625A,Y,A,p~,np,0.8644,0.8691,0.1064,0.7837,0.9025,0.3021,0.3021
11857,625,Y625R,Y,R,p~,p+,0.8644,0.8691,0.1064,0.7837,0.9025,0.4897,0.4897
11858,625,Y625N,Y,N,p~,p~,0.8644,0.8691,0.1064,0.7837,0.9025,0.4886,0.4886
11859,625,Y625D,Y,D,p~,p-,0.8644,0.8691,0.1064,0.7837,0.9025,0.5505,0.5505
11860,625,Y625C,Y,C,p~,p~,0.8644,0.8691,0.1064,0.7837,0.9025,0.5063,0.5063
11861,625,Y625Q,Y,Q,p~,p~,0.8644,0.8691,0.1064,0.7837,0.9025,0.4614,0.4614
11862,625,Y625E,Y,E,p~,p-,0.8644,0.8691,0.1064,0.7837,0.9025,0.5315,0.5315
11863,625,Y625G,Y,G,p~,np,0.8644,0.8691,0.1064,0.7837,0.9025,0.4623,0.4623
11864,625,Y625H,Y,H,p~,p~,0.8644,0.8691,0.1064,0.7837,0.9025,0.3464,0.3464
11865,625,Y625I,Y,I,p~,np,0.8644,0.8691,0.1064,0.7837,0.9025,0.4302,0.4302
11866,625,Y625L,Y,L,p~,np,0.8644,0.8691,0.1064,0.7837,0.9025,0.3899,0.3899
11867,625,Y625K,Y,K,p~,p+,0.8644,0.8691,0.1064,0.7837,0.9025,0.534,0.534
11868,625,Y625M,Y,M,p~,np,0.8644,0.8691,0.1064,0.7837,0.9025,0.4504,0.4504
11869,625,Y625F,Y,F,p~,np,0.8644,0.8691,0.1064,0.7837,0.9025,0.2852,0.2852
11870,625,Y625P,Y,P,p~,np,0.8644,0.8691,0.1064,0.7837,0.9025,0.6435,0.6435
11871,625,Y625S,Y,S,p~,p~,0.8644,0.8691,0.1064,0.7837,0.9025,0.3931,0.3931
11872,625,Y625T,Y,T,p~,p~,0.8644,0.8691,0.1064,0.7837,0.9025,0.3877,0.3877
11873,625,Y625W,Y,W,p~,np,0.8644,0.8691,0.1064,0.7837,0.9025,0.3017,0.3017
11874,625,Y625V,Y,V,p~,np,0.8644,0.8691,0.1064,0.7837,0.9025,0.3576,0.3576
11875,626,S626A,S,A,p~,np,0.8484,0.8513,0.2452,0.3927,0.4584,0.3281,0.3281
11876,626,S626R,S,R,p~,p+,0.8484,0.8513,0.2452,0.3927,0.4584,0.4184,0.4184
11877,626,S626N,S,N,p~,p~,0.8484,0.8513,0.2452,0.3927,0.4584,0.3429,0.3429
11878,626,S626D,S,D,p~,p-,0.8484,0.8513,0.2452,0.3927,0.4584,0.2929,0.2929
11879,626,S626C,S,C,p~,p~,0.8484,0.8513,0.2452,0.3927,0.4584,0.5543,0.5543
11880,626,S626Q,S,Q,p~,p~,0.8484,0.8513,0.2452,0.3927,0.4584,0.3351,0.3351
11881,626,S626E,S,E,p~,p-,0.8484,0.8513,0.2452,0.3927,0.4584,0.3163,0.3163
11882,626,S626G,S,G,p~,np,0.8484,0.8513,0.2452,0.3927,0.4584,0.3805,0.3805
11883,626,S626H,S,H,p~,p~,0.8484,0.8513,0.2452,0.3927,0.4584,0.5257,0.5257
11884,626,S626I,S,I,p~,np,0.8484,0.8513,0.2452,0.3927,0.4584,0.3747,0.3747
11885,626,S626L,S,L,p~,np,0.8484,0.8513,0.2452,0.3927,0.4584,0.4379,0.4379
11886,626,S626K,S,K,p~,p+,0.8484,0.8513,0.2452,0.3927,0.4584,0.4388,0.4388
11887,626,S626M,S,M,p~,np,0.8484,0.8513,0.2452,0.3927,0.4584,0.4473,0.4473
11888,626,S626F,S,F,p~,np,0.8484,0.8513,0.2452,0.3927,0.4584,0.5068,0.5068
11889,626,S626P,S,P,p~,np,0.8484,0.8513,0.2452,0.3927,0.4584,0.6155,0.6155
11890,626,S626T,S,T,p~,p~,0.8484,0.8513,0.2452,0.3927,0.4584,0.1404,0.1404
11891,626,S626W,S,W,p~,np,0.8484,0.8513,0.2452,0.3927,0.4584,0.5662,0.5662
11892,626,S626Y,S,Y,p~,p~,0.8484,0.8513,0.2452,0.3927,0.4584,0.4753,0.4753
11893,626,S626V,S,V,p~,np,0.8484,0.8513,0.2452,0.3927,0.4584,0.3214,0.3214
11894,627,F627A,F,A,np,np,0.7437,0.7507,0.293,0.4705,0.5284,0.1116,0.1116
11895,627,F627R,F,R,np,p+,0.7437,0.7507,0.293,0.4705,0.5284,0.6766,0.6766
11896,627,F627N,F,N,np,p~,0.7437,0.7507,0.293,0.4705,0.5284,0.5993,0.5993
11897,627,F627D,F,D,np,p-,0.7437,0.7507,0.293,0.4705,0.5284,0.5656,0.5656
11898,627,F627C,F,C,np,p~,0.7437,0.7507,0.293,0.4705,0.5284,0.3283,0.3283
11899,627,F627Q,F,Q,np,p~,0.7437,0.7507,0.293,0.4705,0.5284,0.5969,0.5969
11900,627,F627E,F,E,np,p-,0.7437,0.7507,0.293,0.4705,0.5284,0.5699,0.5699
11901,627,F627G,F,G,np,np,0.7437,0.7507,0.293,0.4705,0.5284,0.2898,0.2898
11902,627,F627H,F,H,np,p~,0.7437,0.7507,0.293,0.4705,0.5284,0.6743,0.6743
11903,627,F627I,F,I,np,np,0.7437,0.7507,0.293,0.4705,0.5284,0.2494,0.2494
11904,627,F627L,F,L,np,np,0.7437,0.7507,0.293,0.4705,0.5284,0.1953,0.1953
11905,627,F627K,F,K,np,p+,0.7437,0.7507,0.293,0.4705,0.5284,0.6686,0.6686
11906,627,F627M,F,M,np,np,0.7437,0.7507,0.293,0.4705,0.5284,0.2583,0.2583
11907,627,F627P,F,P,np,np,0.7437,0.7507,0.293,0.4705,0.5284,0.6076,0.6076
11908,627,F627S,F,S,np,p~,0.7437,0.7507,0.293,0.4705,0.5284,0.3517,0.3517
11909,627,F627T,F,T,np,p~,0.7437,0.7507,0.293,0.4705,0.5284,0.2319,0.2319
11910,627,F627W,F,W,np,np,0.7437,0.7507,0.293,0.4705,0.5284,0.5459,0.5459
11911,627,F627Y,F,Y,np,p~,0.7437,0.7507,0.293,0.4705,0.5284,0.4473,0.4473
11912,627,F627V,F,V,np,np,0.7437,0.7507,0.293,0.4705,0.5284,0.172,0.172
11913,628,Q628A,Q,A,p~,np,0.7611,0.765,0.3655,0.277,0.3826,0.1875,0.1875
11914,628,Q628R,Q,R,p~,p+,0.7611,0.765,0.3655,0.277,0.3826,0.2501,0.2501
11915,628,Q628N,Q,N,p~,p~,0.7611,0.765,0.3655,0.277,0.3826,0.1505,0.1505
11916,628,Q628D,Q,D,p~,p-,0.7611,0.765,0.3655,0.277,0.3826,0.1506,0.1506
11917,628,Q628C,Q,C,p~,p~,0.7611,0.765,0.3655,0.277,0.3826,0.5259,0.5259
11918,628,Q628E,Q,E,p~,p-,0.7611,0.765,0.3655,0.277,0.3826,0.2172,0.2172
11919,628,Q628G,Q,G,p~,np,0.7611,0.765,0.3655,0.277,0.3826,0.3033,0.3033
11920,628,Q628H,Q,H,p~,p~,0.7611,0.765,0.3655,0.277,0.3826,0.3793,0.3793
11921,628,Q628I,Q,I,p~,np,0.7611,0.765,0.3655,0.277,0.3826,0.199,0.199
11922,628,Q628L,Q,L,p~,np,0.7611,0.765,0.3655,0.277,0.3826,0.212,0.212
11923,628,Q628K,Q,K,p~,p+,0.7611,0.765,0.3655,0.277,0.3826,0.2126,0.2126
11924,628,Q628M,Q,M,p~,np,0.7611,0.765,0.3655,0.277,0.3826,0.2735,0.2735
11925,628,Q628F,Q,F,p~,np,0.7611,0.765,0.3655,0.277,0.3826,0.3199,0.3199
11926,628,Q628P,Q,P,p~,np,0.7611,0.765,0.3655,0.277,0.3826,0.3768,0.3768
11927,628,Q628S,Q,S,p~,p~,0.7611,0.765,0.3655,0.277,0.3826,0.1582,0.1582
11928,628,Q628T,Q,T,p~,p~,0.7611,0.765,0.3655,0.277,0.3826,0.0239,0.0239
11929,628,Q628W,Q,W,p~,np,0.7611,0.765,0.3655,0.277,0.3826,0.393,0.393
11930,628,Q628Y,Q,Y,p~,p~,0.7611,0.765,0.3655,0.277,0.3826,0.2793,0.2793
11931,628,Q628V,Q,V,p~,np,0.7611,0.765,0.3655,0.277,0.3826,0.1431,0.1431
11932,629,V629A,V,A,np,np,0.6969,0.7019,0.1989,0.5802,0.9488,0.2776,0.2776
11933,629,V629R,V,R,np,p+,0.6969,0.7019,0.1989,0.5802,0.9488,0.6109,0.6109
11934,629,V629N,V,N,np,p~,0.6969,0.7019,0.1989,0.5802,0.9488,0.5496,0.5496
11935,629,V629D,V,D,np,p-,0.6969,0.7019,0.1989,0.5802,0.9488,0.6603,0.6603
11936,629,V629C,V,C,np,p~,0.6969,0.7019,0.1989,0.5802,0.9488,0.6249,0.6249
11937,629,V629Q,V,Q,np,p~,0.6969,0.7019,0.1989,0.5802,0.9488,0.554,0.554
11938,629,V629E,V,E,np,p-,0.6969,0.7019,0.1989,0.5802,0.9488,0.6534,0.6534
11939,629,V629G,V,G,np,np,0.6969,0.7019,0.1989,0.5802,0.9488,0.5202,0.5202
11940,629,V629H,V,H,np,p~,0.6969,0.7019,0.1989,0.5802,0.9488,0.5938,0.5938
11941,629,V629I,V,I,np,np,0.6969,0.7019,0.1989,0.5802,0.9488,0.1946,0.1946
11942,629,V629L,V,L,np,np,0.6969,0.7019,0.1989,0.5802,0.9488,0.2223,0.2223
11943,629,V629K,V,K,np,p+,0.6969,0.7019,0.1989,0.5802,0.9488,0.6192,0.6192
11944,629,V629M,V,M,np,np,0.6969,0.7019,0.1989,0.5802,0.9488,0.2196,0.2196
11945,629,V629F,V,F,np,np,0.6969,0.7019,0.1989,0.5802,0.9488,0.412,0.412
11946,629,V629P,V,P,np,np,0.6969,0.7019,0.1989,0.5802,0.9488,0.5059,0.5059
11947,629,V629S,V,S,np,p~,0.6969,0.7019,0.1989,0.5802,0.9488,0.456,0.456
11948,629,V629T,V,T,np,p~,0.6969,0.7019,0.1989,0.5802,0.9488,0.3419,0.3419
11949,629,V629W,V,W,np,np,0.6969,0.7019,0.1989,0.5802,0.9488,0.5827,0.5827
11950,629,V629Y,V,Y,np,p~,0.6969,0.7019,0.1989,0.5802,0.9488,0.4959,0.4959
11951,630,P630A,P,A,np,np,0.6857,0.6934,0.0786,0.9694,0.9525,0.3164,0.3164
11952,630,P630R,P,R,np,p+,0.6857,0.6934,0.0786,0.9694,0.9525,0.4353,0.4353
11953,630,P630N,P,N,np,p~,0.6857,0.6934,0.0786,0.9694,0.9525,0.3256,0.3256
11954,630,P630D,P,D,np,p-,0.6857,0.6934,0.0786,0.9694,0.9525,0.3787,0.3787
11955,630,P630C,P,C,np,p~,0.6857,0.6934,0.0786,0.9694,0.9525,0.7177,0.7177
11956,630,P630Q,P,Q,np,p~,0.6857,0.6934,0.0786,0.9694,0.9525,0.3826,0.3826
11957,630,P630E,P,E,np,p-,0.6857,0.6934,0.0786,0.9694,0.9525,0.3833,0.3833
11958,630,P630G,P,G,np,np,0.6857,0.6934,0.0786,0.9694,0.9525,0.366,0.366
11959,630,P630H,P,H,np,p~,0.6857,0.6934,0.0786,0.9694,0.9525,0.4666,0.4666
11960,630,P630I,P,I,np,np,0.6857,0.6934,0.0786,0.9694,0.9525,0.4763,0.4763
11961,630,P630L,P,L,np,np,0.6857,0.6934,0.0786,0.9694,0.9525,0.4217,0.4217
11962,630,P630K,P,K,np,p+,0.6857,0.6934,0.0786,0.9694,0.9525,0.4225,0.4225
11963,630,P630M,P,M,np,np,0.6857,0.6934,0.0786,0.9694,0.9525,0.4971,0.4971
11964,630,P630F,P,F,np,np,0.6857,0.6934,0.0786,0.9694,0.9525,0.5431,0.5431
11965,630,P630S,P,S,np,p~,0.6857,0.6934,0.0786,0.9694,0.9525,0.2851,0.2851
11966,630,P630T,P,T,np,p~,0.6857,0.6934,0.0786,0.9694,0.9525,0.2156,0.2156
11967,630,P630W,P,W,np,np,0.6857,0.6934,0.0786,0.9694,0.9525,0.615,0.615
11968,630,P630Y,P,Y,np,p~,0.6857,0.6934,0.0786,0.9694,0.9525,0.5366,0.5366
11969,630,P630V,P,V,np,np,0.6857,0.6934,0.0786,0.9694,0.9525,0.3871,0.3871
11970,631,S631A,S,A,p~,np,0.7221,0.7288,0.2706,0.4014,0.3828,0.1991,0.1991
11971,631,S631R,S,R,p~,p+,0.7221,0.7288,0.2706,0.4014,0.3828,0.3302,0.3302
11972,631,S631N,S,N,p~,p~,0.7221,0.7288,0.2706,0.4014,0.3828,0.265,0.265
11973,631,S631D,S,D,p~,p-,0.7221,0.7288,0.2706,0.4014,0.3828,0.3454,0.3454
11974,631,S631C,S,C,p~,p~,0.7221,0.7288,0.2706,0.4014,0.3828,0.5956,0.5956
11975,631,S631Q,S,Q,p~,p~,0.7221,0.7288,0.2706,0.4014,0.3828,0.3069,0.3069
11976,631,S631E,S,E,p~,p-,0.7221,0.7288,0.2706,0.4014,0.3828,0.3543,0.3543
11977,631,S631G,S,G,p~,np,0.7221,0.7288,0.2706,0.4014,0.3828,0.2855,0.2855
11978,631,S631H,S,H,p~,p~,0.7221,0.7288,0.2706,0.4014,0.3828,0.4866,0.4866
11979,631,S631I,S,I,p~,np,0.7221,0.7288,0.2706,0.4014,0.3828,0.4013,0.4013
11980,631,S631L,S,L,p~,np,0.7221,0.7288,0.2706,0.4014,0.3828,0.3566,0.3566
11981,631,S631K,S,K,p~,p+,0.7221,0.7288,0.2706,0.4014,0.3828,0.2962,0.2962
11982,631,S631M,S,M,p~,np,0.7221,0.7288,0.2706,0.4014,0.3828,0.4284,0.4284
11983,631,S631F,S,F,p~,np,0.7221,0.7288,0.2706,0.4014,0.3828,0.4328,0.4328
11984,631,S631P,S,P,p~,np,0.7221,0.7288,0.2706,0.4014,0.3828,0.3484,0.3484
11985,631,S631T,S,T,p~,p~,0.7221,0.7288,0.2706,0.4014,0.3828,0.2276,0.2276
11986,631,S631W,S,W,p~,np,0.7221,0.7288,0.2706,0.4014,0.3828,0.4888,0.4888
11987,631,S631Y,S,Y,p~,p~,0.7221,0.7288,0.2706,0.4014,0.3828,0.4216,0.4216
11988,631,S631V,S,V,p~,np,0.7221,0.7288,0.2706,0.4014,0.3828,0.328,0.328
11989,632,D632A,D,A,p-,np,0.6523,0.6614,0.0956,0.9027,0.9322,0.4347,0.4347
11990,632,D632R,D,R,p-,p+,0.6523,0.6614,0.0956,0.9027,0.9322,0.4829,0.4829
11991,632,D632N,D,N,p-,p~,0.6523,0.6614,0.0956,0.9027,0.9322,0.2519,0.2519
11992,632,D632C,D,C,p-,p~,0.6523,0.6614,0.0956,0.9027,0.9322,0.7905,0.7905
11993,632,D632Q,D,Q,p-,p~,0.6523,0.6614,0.0956,0.9027,0.9322,0.4269,0.4269
11994,632,D632E,D,E,p-,p-,0.6523,0.6614,0.0956,0.9027,0.9322,0.3952,0.3952
11995,632,D632G,D,G,p-,np,0.6523,0.6614,0.0956,0.9027,0.9322,0.4472,0.4472
11996,632,D632H,D,H,p-,p~,0.6523,0.6614,0.0956,0.9027,0.9322,0.4707,0.4707
11997,632,D632I,D,I,p-,np,0.6523,0.6614,0.0956,0.9027,0.9322,0.5395,0.5395
11998,632,D632L,D,L,p-,np,0.6523,0.6614,0.0956,0.9027,0.9322,0.5452,0.5452
11999,632,D632K,D,K,p-,p+,0.6523,0.6614,0.0956,0.9027,0.9322,0.4527,0.4527
12000,632,D632M,D,M,p-,np,0.6523,0.6614,0.0956,0.9027,0.9322,0.6172,0.6172
12001,632,D632F,D,F,p-,np,0.6523,0.6614,0.0956,0.9027,0.9322,0.6004,0.6004
12002,632,D632P,D,P,p-,np,0.6523,0.6614,0.0956,0.9027,0.9322,0.6506,0.6506
12003,632,D632S,D,S,p-,p~,0.6523,0.6614,0.0956,0.9027,0.9322,0.35,0.35
12004,632,D632T,D,T,p-,p~,0.6523,0.6614,0.0956,0.9027,0.9322,0.3991,0.3991
12005,632,D632W,D,W,p-,np,0.6523,0.6614,0.0956,0.9027,0.9322,0.7146,0.7146
12006,632,D632Y,D,Y,p-,p~,0.6523,0.6614,0.0956,0.9027,0.9322,0.5337,0.5337
12007,632,D632V,D,V,p-,np,0.6523,0.6614,0.0956,0.9027,0.9322,0.4959,0.4959
12008,633,S633A,S,A,p~,np,0.5935,0.6036,0.1928,0.487,0.3467,0.1543,0.1543
12009,633,S633R,S,R,p~,p+,0.5935,0.6036,0.1928,0.487,0.3467,0.2751,0.2751
12010,633,S633N,S,N,p~,p~,0.5935,0.6036,0.1928,0.487,0.3467,0.2659,0.2659
12011,633,S633D,S,D,p~,p-,0.5935,0.6036,0.1928,0.487,0.3467,0.413,0.413
12012,633,S633C,S,C,p~,p~,0.5935,0.6036,0.1928,0.487,0.3467,0.5138,0.5138
12013,633,S633Q,S,Q,p~,p~,0.5935,0.6036,0.1928,0.487,0.3467,0.2971,0.2971
12014,633,S633E,S,E,p~,p-,0.5935,0.6036,0.1928,0.487,0.3467,0.3888,0.3888
12015,633,S633G,S,G,p~,np,0.5935,0.6036,0.1928,0.487,0.3467,0.2159,0.2159
12016,633,S633H,S,H,p~,p~,0.5935,0.6036,0.1928,0.487,0.3467,0.3768,0.3768
12017,633,S633I,S,I,p~,np,0.5935,0.6036,0.1928,0.487,0.3467,0.2919,0.2919
12018,633,S633L,S,L,p~,np,0.5935,0.6036,0.1928,0.487,0.3467,0.3002,0.3002
12019,633,S633K,S,K,p~,p+,0.5935,0.6036,0.1928,0.487,0.3467,0.2946,0.2946
12020,633,S633M,S,M,p~,np,0.5935,0.6036,0.1928,0.487,0.3467,0.369,0.369
12021,633,S633F,S,F,p~,np,0.5935,0.6036,0.1928,0.487,0.3467,0.3375,0.3375
12022,633,S633P,S,P,p~,np,0.5935,0.6036,0.1928,0.487,0.3467,0.1115,0.1115
12023,633,S633T,S,T,p~,p~,0.5935,0.6036,0.1928,0.487,0.3467,0.2255,0.2255
12024,633,S633W,S,W,p~,np,0.5935,0.6036,0.1928,0.487,0.3467,0.446,0.446
12025,633,S633Y,S,Y,p~,p~,0.5935,0.6036,0.1928,0.487,0.3467,0.3221,0.3221
12026,633,S633V,S,V,p~,np,0.5935,0.6036,0.1928,0.487,0.3467,0.2548,0.2548
12027,634,G634A,G,A,np,np,0.5616,0.5746,0.0864,0.9761,0.9601,0.3487,0.3487
12028,634,G634R,G,R,np,p+,0.5616,0.5746,0.0864,0.9761,0.9601,0.4668,0.4668
12029,634,G634N,G,N,np,p~,0.5616,0.5746,0.0864,0.9761,0.9601,0.3501,0.3501
12030,634,G634D,G,D,np,p-,0.5616,0.5746,0.0864,0.9761,0.9601,0.5372,0.5372
12031,634,G634C,G,C,np,p~,0.5616,0.5746,0.0864,0.9761,0.9601,0.6119,0.6119
12032,634,G634Q,G,Q,np,p~,0.5616,0.5746,0.0864,0.9761,0.9601,0.5137,0.5137
12033,634,G634E,G,E,np,p-,0.5616,0.5746,0.0864,0.9761,0.9601,0.5751,0.5751
12034,634,G634H,G,H,np,p~,0.5616,0.5746,0.0864,0.9761,0.9601,0.5049,0.5049
12035,634,G634I,G,I,np,np,0.5616,0.5746,0.0864,0.9761,0.9601,0.6454,0.6454
12036,634,G634L,G,L,np,np,0.5616,0.5746,0.0864,0.9761,0.9601,0.5693,0.5693
12037,634,G634K,G,K,np,p+,0.5616,0.5746,0.0864,0.9761,0.9601,0.4754,0.4754
12038,634,G634M,G,M,np,np,0.5616,0.5746,0.0864,0.9761,0.9601,0.5801,0.5801
12039,634,G634F,G,F,np,np,0.5616,0.5746,0.0864,0.9761,0.9601,0.5372,0.5372
12040,634,G634P,G,P,np,np,0.5616,0.5746,0.0864,0.9761,0.9601,0.6915,0.6915
12041,634,G634S,G,S,np,p~,0.5616,0.5746,0.0864,0.9761,0.9601,0.3644,0.3644
12042,634,G634T,G,T,np,p~,0.5616,0.5746,0.0864,0.9761,0.9601,0.4742,0.4742
12043,634,G634W,G,W,np,np,0.5616,0.5746,0.0864,0.9761,0.9601,0.6268,0.6268
12044,634,G634Y,G,Y,np,p~,0.5616,0.5746,0.0864,0.9761,0.9601,0.5142,0.5142
12045,634,G634V,G,V,np,np,0.5616,0.5746,0.0864,0.9761,0.9601,0.5693,0.5693
12046,635,V635A,V,A,np,np,0.5764,0.5878,0.1557,0.7398,0.9683,0.4118,0.4118
12047,635,V635R,V,R,np,p+,0.5764,0.5878,0.1557,0.7398,0.9683,0.4912,0.4912
12048,635,V635N,V,N,np,p~,0.5764,0.5878,0.1557,0.7398,0.9683,0.5579,0.5579
12049,635,V635D,V,D,np,p-,0.5764,0.5878,0.1557,0.7398,0.9683,0.6499,0.6499
12050,635,V635C,V,C,np,p~,0.5764,0.5878,0.1557,0.7398,0.9683,0.7163,0.7163
12051,635,V635Q,V,Q,np,p~,0.5764,0.5878,0.1557,0.7398,0.9683,0.4839,0.4839
12052,635,V635E,V,E,np,p-,0.5764,0.5878,0.1557,0.7398,0.9683,0.5601,0.5601
12053,635,V635G,V,G,np,np,0.5764,0.5878,0.1557,0.7398,0.9683,0.6109,0.6109
12054,635,V635H,V,H,np,p~,0.5764,0.5878,0.1557,0.7398,0.9683,0.612,0.612
12055,635,V635I,V,I,np,np,0.5764,0.5878,0.1557,0.7398,0.9683,0.2147,0.2147
12056,635,V635L,V,L,np,np,0.5764,0.5878,0.1557,0.7398,0.9683,0.3106,0.3106
12057,635,V635K,V,K,np,p+,0.5764,0.5878,0.1557,0.7398,0.9683,0.476,0.476
12058,635,V635M,V,M,np,np,0.5764,0.5878,0.1557,0.7398,0.9683,0.4388,0.4388
12059,635,V635F,V,F,np,np,0.5764,0.5878,0.1557,0.7398,0.9683,0.4337,0.4337
12060,635,V635P,V,P,np,np,0.5764,0.5878,0.1557,0.7398,0.9683,0.6533,0.6533
12061,635,V635S,V,S,np,p~,0.5764,0.5878,0.1557,0.7398,0.9683,0.4975,0.4975
12062,635,V635T,V,T,np,p~,0.5764,0.5878,0.1557,0.7398,0.9683,0.3546,0.3546
12063,635,V635W,V,W,np,np,0.5764,0.5878,0.1557,0.7398,0.9683,0.6141,0.6141
12064,635,V635Y,V,Y,np,p~,0.5764,0.5878,0.1557,0.7398,0.9683,0.4391,0.4391
12065,636,A636R,A,R,np,p+,0.6005,0.6096,0.3123,0.607,0.9773,0.5351,0.5351
12066,636,A636N,A,N,np,p~,0.6005,0.6096,0.3123,0.607,0.9773,0.4921,0.4921
12067,636,A636D,A,D,np,p-,0.6005,0.6096,0.3123,0.607,0.9773,0.6613,0.6613
12068,636,A636C,A,C,np,p~,0.6005,0.6096,0.3123,0.607,0.9773,0.4002,0.4002
12069,636,A636Q,A,Q,np,p~,0.6005,0.6096,0.3123,0.607,0.9773,0.4201,0.4201
12070,636,A636E,A,E,np,p-,0.6005,0.6096,0.3123,0.607,0.9773,0.5765,0.5765
12071,636,A636G,A,G,np,np,0.6005,0.6096,0.3123,0.607,0.9773,0.4433,0.4433
12072,636,A636H,A,H,np,p~,0.6005,0.6096,0.3123,0.607,0.9773,0.5508,0.5508
12073,636,A636I,A,I,np,np,0.6005,0.6096,0.3123,0.607,0.9773,0.222,0.222
12074,636,A636L,A,L,np,np,0.6005,0.6096,0.3123,0.607,0.9773,0.1361,0.1361
12075,636,A636K,A,K,np,p+,0.6005,0.6096,0.3123,0.607,0.9773,0.5544,0.5544
12076,636,A636M,A,M,np,np,0.6005,0.6096,0.3123,0.607,0.9773,0.15,0.15
12077,636,A636F,A,F,np,np,0.6005,0.6096,0.3123,0.607,0.9773,0.3699,0.3699
12078,636,A636P,A,P,np,np,0.6005,0.6096,0.3123,0.607,0.9773,0.4798,0.4798
12079,636,A636S,A,S,np,p~,0.6005,0.6096,0.3123,0.607,0.9773,0.3521,0.3521
12080,636,A636T,A,T,np,p~,0.6005,0.6096,0.3123,0.607,0.9773,0.2424,0.2424
12081,636,A636W,A,W,np,np,0.6005,0.6096,0.3123,0.607,0.9773,0.5281,0.5281
12082,636,A636Y,A,Y,np,p~,0.6005,0.6096,0.3123,0.607,0.9773,0.4956,0.4956
12083,636,A636V,A,V,np,np,0.6005,0.6096,0.3123,0.607,0.9773,0.1702,0.1702
12084,637,L637A,L,A,np,np,0.4907,0.5026,0.1303,0.755,0.9002,0.4519,0.4519
12085,637,L637R,L,R,np,p+,0.4907,0.5026,0.1303,0.755,0.9002,0.601,0.601
12086,637,L637N,L,N,np,p~,0.4907,0.5026,0.1303,0.755,0.9002,0.5607,0.5607
12087,637,L637D,L,D,np,p-,0.4907,0.5026,0.1303,0.755,0.9002,0.7197,0.7197
12088,637,L637C,L,C,np,p~,0.4907,0.5026,0.1303,0.755,0.9002,0.6885,0.6885
12089,637,L637Q,L,Q,np,p~,0.4907,0.5026,0.1303,0.755,0.9002,0.4247,0.4247
12090,637,L637E,L,E,np,p-,0.4907,0.5026,0.1303,0.755,0.9002,0.6454,0.6454
12091,637,L637G,L,G,np,np,0.4907,0.5026,0.1303,0.755,0.9002,0.638,0.638
12092,637,L637H,L,H,np,p~,0.4907,0.5026,0.1303,0.755,0.9002,0.6303,0.6303
12093,637,L637I,L,I,np,np,0.4907,0.5026,0.1303,0.755,0.9002,0.2572,0.2572
12094,637,L637K,L,K,np,p+,0.4907,0.5026,0.1303,0.755,0.9002,0.6995,0.6995
12095,637,L637M,L,M,np,np,0.4907,0.5026,0.1303,0.755,0.9002,0.3104,0.3104
12096,637,L637F,L,F,np,np,0.4907,0.5026,0.1303,0.755,0.9002,0.468,0.468
12097,637,L637P,L,P,np,np,0.4907,0.5026,0.1303,0.755,0.9002,0.3967,0.3967
12098,637,L637S,L,S,np,p~,0.4907,0.5026,0.1303,0.755,0.9002,0.4987,0.4987
12099,637,L637T,L,T,np,p~,0.4907,0.5026,0.1303,0.755,0.9002,0.3774,0.3774
12100,637,L637W,L,W,np,np,0.4907,0.5026,0.1303,0.755,0.9002,0.6751,0.6751
12101,637,L637Y,L,Y,np,p~,0.4907,0.5026,0.1303,0.755,0.9002,0.5313,0.5313
12102,637,L637V,L,V,np,np,0.4907,0.5026,0.1303,0.755,0.9002,0.3087,0.3087
12103,638,P638A,P,A,np,np,0.5427,0.5538,0.0817,0.9648,0.9454,0.3973,0.3973
12104,638,P638R,P,R,np,p+,0.5427,0.5538,0.0817,0.9648,0.9454,0.5537,0.5537
12105,638,P638N,P,N,np,p~,0.5427,0.5538,0.0817,0.9648,0.9454,0.5799,0.5799
12106,638,P638D,P,D,np,p-,0.5427,0.5538,0.0817,0.9648,0.9454,0.6896,0.6896
12107,638,P638C,P,C,np,p~,0.5427,0.5538,0.0817,0.9648,0.9454,0.7102,0.7102
12108,638,P638Q,P,Q,np,p~,0.5427,0.5538,0.0817,0.9648,0.9454,0.465,0.465
12109,638,P638E,P,E,np,p-,0.5427,0.5538,0.0817,0.9648,0.9454,0.6326,0.6326
12110,638,P638G,P,G,np,np,0.5427,0.5538,0.0817,0.9648,0.9454,0.536,0.536
12111,638,P638H,P,H,np,p~,0.5427,0.5538,0.0817,0.9648,0.9454,0.5506,0.5506
12112,638,P638I,P,I,np,np,0.5427,0.5538,0.0817,0.9648,0.9454,0.4781,0.4781
12113,638,P638L,P,L,np,np,0.5427,0.5538,0.0817,0.9648,0.9454,0.4036,0.4036
12114,638,P638K,P,K,np,p+,0.5427,0.5538,0.0817,0.9648,0.9454,0.6274,0.6274
12115,638,P638M,P,M,np,np,0.5427,0.5538,0.0817,0.9648,0.9454,0.5188,0.5188
12116,638,P638F,P,F,np,np,0.5427,0.5538,0.0817,0.9648,0.9454,0.5726,0.5726
12117,638,P638S,P,S,np,p~,0.5427,0.5538,0.0817,0.9648,0.9454,0.4446,0.4446
12118,638,P638T,P,T,np,p~,0.5427,0.5538,0.0817,0.9648,0.9454,0.4569,0.4569
12119,638,P638W,P,W,np,np,0.5427,0.5538,0.0817,0.9648,0.9454,0.6913,0.6913
12120,638,P638Y,P,Y,np,p~,0.5427,0.5538,0.0817,0.9648,0.9454,0.5914,0.5914
12121,638,P638V,P,V,np,np,0.5427,0.5538,0.0817,0.9648,0.9454,0.446,0.446
12122,639,G639A,G,A,np,np,0.5579,0.5717,0.0771,1.0,1.0,0.4492,0.4492
12123,639,G639R,G,R,np,p+,0.5579,0.5717,0.0771,1.0,1.0,0.663,0.663
12124,639,G639N,G,N,np,p~,0.5579,0.5717,0.0771,1.0,1.0,0.5741,0.5741
12125,639,G639D,G,D,np,p-,0.5579,0.5717,0.0771,1.0,1.0,0.5518,0.5518
12126,639,G639C,G,C,np,p~,0.5579,0.5717,0.0771,1.0,1.0,0.6818,0.6818
12127,639,G639Q,G,Q,np,p~,0.5579,0.5717,0.0771,1.0,1.0,0.5725,0.5725
12128,639,G639E,G,E,np,p-,0.5579,0.5717,0.0771,1.0,1.0,0.6019,0.6019
12129,639,G639H,G,H,np,p~,0.5579,0.5717,0.0771,1.0,1.0,0.7865,0.7865
12130,639,G639I,G,I,np,np,0.5579,0.5717,0.0771,1.0,1.0,0.7189,0.7189
12131,639,G639L,G,L,np,np,0.5579,0.5717,0.0771,1.0,1.0,0.6456,0.6456
12132,639,G639K,G,K,np,p+,0.5579,0.5717,0.0771,1.0,1.0,0.7557,0.7557
12133,639,G639M,G,M,np,np,0.5579,0.5717,0.0771,1.0,1.0,0.6164,0.6164
12134,639,G639F,G,F,np,np,0.5579,0.5717,0.0771,1.0,1.0,0.7902,0.7902
12135,639,G639P,G,P,np,np,0.5579,0.5717,0.0771,1.0,1.0,0.8781,0.8781
12136,639,G639S,G,S,np,p~,0.5579,0.5717,0.0771,1.0,1.0,0.4971,0.4971
12137,639,G639T,G,T,np,p~,0.5579,0.5717,0.0771,1.0,1.0,0.5642,0.5642
12138,639,G639W,G,W,np,np,0.5579,0.5717,0.0771,1.0,1.0,0.8347,0.8347
12139,639,G639Y,G,Y,np,p~,0.5579,0.5717,0.0771,1.0,1.0,0.791,0.791
12140,639,G639V,G,V,np,np,0.5579,0.5717,0.0771,1.0,1.0,0.6475,0.6475
12141,640,Y640A,Y,A,p~,np,0.5341,0.551,0.1581,0.5955,0.5913,0.4603,0.4603
12142,640,Y640R,Y,R,p~,p+,0.5341,0.551,0.1581,0.5955,0.5913,0.5748,0.5748
12143,640,Y640N,Y,N,p~,p~,0.5341,0.551,0.1581,0.5955,0.5913,0.3211,0.3211
12144,640,Y640D,Y,D,p~,p-,0.5341,0.551,0.1581,0.5955,0.5913,0.3705,0.3705
12145,640,Y640C,Y,C,p~,p~,0.5341,0.551,0.1581,0.5955,0.5913,0.6229,0.6229
12146,640,Y640Q,Y,Q,p~,p~,0.5341,0.551,0.1581,0.5955,0.5913,0.4861,0.4861
12147,640,Y640E,Y,E,p~,p-,0.5341,0.551,0.1581,0.5955,0.5913,0.5137,0.5137
12148,640,Y640G,Y,G,p~,np,0.5341,0.551,0.1581,0.5955,0.5913,0.5635,0.5635
12149,640,Y640H,Y,H,p~,p~,0.5341,0.551,0.1581,0.5955,0.5913,0.291,0.291
12150,640,Y640I,Y,I,p~,np,0.5341,0.551,0.1581,0.5955,0.5913,0.4885,0.4885
12151,640,Y640L,Y,L,p~,np,0.5341,0.551,0.1581,0.5955,0.5913,0.4873,0.4873
12152,640,Y640K,Y,K,p~,p+,0.5341,0.551,0.1581,0.5955,0.5913,0.6203,0.6203
12153,640,Y640M,Y,M,p~,np,0.5341,0.551,0.1581,0.5955,0.5913,0.519,0.519
12154,640,Y640F,Y,F,p~,np,0.5341,0.551,0.1581,0.5955,0.5913,0.307,0.307
12155,640,Y640P,Y,P,p~,np,0.5341,0.551,0.1581,0.5955,0.5913,0.3863,0.3863
12156,640,Y640S,Y,S,p~,p~,0.5341,0.551,0.1581,0.5955,0.5913,0.4184,0.4184
12157,640,Y640T,Y,T,p~,p~,0.5341,0.551,0.1581,0.5955,0.5913,0.4362,0.4362
12158,640,Y640W,Y,W,p~,np,0.5341,0.551,0.1581,0.5955,0.5913,0.2822,0.2822
12159,640,Y640V,Y,V,p~,np,0.5341,0.551,0.1581,0.5955,0.5913,0.4777,0.4777
12160,641,W641A,W,A,np,np,0.5639,0.5734,0.1627,0.7653,0.987,0.7321,0.7321
12161,641,W641R,W,R,np,p+,0.5639,0.5734,0.1627,0.7653,0.987,0.7003,0.7003
12162,641,W641N,W,N,np,p~,0.5639,0.5734,0.1627,0.7653,0.987,0.6254,0.6254
12163,641,W641D,W,D,np,p-,0.5639,0.5734,0.1627,0.7653,0.987,0.6621,0.6621
12164,641,W641C,W,C,np,p~,0.5639,0.5734,0.1627,0.7653,0.987,0.6633,0.6633
12165,641,W641Q,W,Q,np,p~,0.5639,0.5734,0.1627,0.7653,0.987,0.7083,0.7083
12166,641,W641E,W,E,np,p-,0.5639,0.5734,0.1627,0.7653,0.987,0.7948,0.7948
12167,641,W641G,W,G,np,np,0.5639,0.5734,0.1627,0.7653,0.987,0.754,0.754
12168,641,W641H,W,H,np,p~,0.5639,0.5734,0.1627,0.7653,0.987,0.4815,0.4815
12169,641,W641I,W,I,np,np,0.5639,0.5734,0.1627,0.7653,0.987,0.7299,0.7299
12170,641,W641L,W,L,np,np,0.5639,0.5734,0.1627,0.7653,0.987,0.697,0.697
12171,641,W641K,W,K,np,p+,0.5639,0.5734,0.1627,0.7653,0.987,0.7983,0.7983
12172,641,W641M,W,M,np,np,0.5639,0.5734,0.1627,0.7653,0.987,0.7178,0.7178
12173,641,W641F,W,F,np,np,0.5639,0.5734,0.1627,0.7653,0.987,0.4305,0.4305
12174,641,W641P,W,P,np,np,0.5639,0.5734,0.1627,0.7653,0.987,0.8675,0.8675
12175,641,W641S,W,S,np,p~,0.5639,0.5734,0.1627,0.7653,0.987,0.6151,0.6151
12176,641,W641T,W,T,np,p~,0.5639,0.5734,0.1627,0.7653,0.987,0.7239,0.7239
12177,641,W641Y,W,Y,np,p~,0.5639,0.5734,0.1627,0.7653,0.987,0.1812,0.1812
12178,641,W641V,W,V,np,np,0.5639,0.5734,0.1627,0.7653,0.987,0.7263,0.7263
12179,642,M642A,M,A,np,np,0.5144,0.5341,0.0964,0.8581,0.9294,0.4969,0.4969
12180,642,M642R,M,R,np,p+,0.5144,0.5341,0.0964,0.8581,0.9294,0.6483,0.6483
12181,642,M642N,M,N,np,p~,0.5144,0.5341,0.0964,0.8581,0.9294,0.4518,0.4518
12182,642,M642D,M,D,np,p-,0.5144,0.5341,0.0964,0.8581,0.9294,0.5883,0.5883
12183,642,M642C,M,C,np,p~,0.5144,0.5341,0.0964,0.8581,0.9294,0.6237,0.6237
12184,642,M642Q,M,Q,np,p~,0.5144,0.5341,0.0964,0.8581,0.9294,0.3847,0.3847
12185,642,M642E,M,E,np,p-,0.5144,0.5341,0.0964,0.8581,0.9294,0.4959,0.4959
12186,642,M642G,M,G,np,np,0.5144,0.5341,0.0964,0.8581,0.9294,0.5938,0.5938
12187,642,M642H,M,H,np,p~,0.5144,0.5341,0.0964,0.8581,0.9294,0.4408,0.4408
12188,642,M642I,M,I,np,np,0.5144,0.5341,0.0964,0.8581,0.9294,0.4216,0.4216
12189,642,M642L,M,L,np,np,0.5144,0.5341,0.0964,0.8581,0.9294,0.2465,0.2465
12190,642,M642K,M,K,np,p+,0.5144,0.5341,0.0964,0.8581,0.9294,0.6041,0.6041
12191,642,M642F,M,F,np,np,0.5144,0.5341,0.0964,0.8581,0.9294,0.1891,0.1891
12192,642,M642P,M,P,np,np,0.5144,0.5341,0.0964,0.8581,0.9294,0.747,0.747
12193,642,M642S,M,S,np,p~,0.5144,0.5341,0.0964,0.8581,0.9294,0.4288,0.4288
12194,642,M642T,M,T,np,p~,0.5144,0.5341,0.0964,0.8581,0.9294,0.484,0.484
12195,642,M642W,M,W,np,np,0.5144,0.5341,0.0964,0.8581,0.9294,0.446,0.446
12196,642,M642Y,M,Y,np,p~,0.5144,0.5341,0.0964,0.8581,0.9294,0.2111,0.2111
12197,642,M642V,M,V,np,np,0.5144,0.5341,0.0964,0.8581,0.9294,0.4554,0.4554
12198,643,L643A,L,A,np,np,0.6332,0.6484,0.0902,0.9463,0.9551,0.5111,0.5111
12199,643,L643R,L,R,np,p+,0.6332,0.6484,0.0902,0.9463,0.9551,0.6108,0.6108
12200,643,L643N,L,N,np,p~,0.6332,0.6484,0.0902,0.9463,0.9551,0.6344,0.6344
12201,643,L643D,L,D,np,p-,0.6332,0.6484,0.0902,0.9463,0.9551,0.7606,0.7606
12202,643,L643C,L,C,np,p~,0.6332,0.6484,0.0902,0.9463,0.9551,0.6316,0.6316
12203,643,L643Q,L,Q,np,p~,0.6332,0.6484,0.0902,0.9463,0.9551,0.5713,0.5713
12204,643,L643E,L,E,np,p-,0.6332,0.6484,0.0902,0.9463,0.9551,0.7333,0.7333
12205,643,L643G,L,G,np,np,0.6332,0.6484,0.0902,0.9463,0.9551,0.6757,0.6757
12206,643,L643H,L,H,np,p~,0.6332,0.6484,0.0902,0.9463,0.9551,0.5994,0.5994
12207,643,L643I,L,I,np,np,0.6332,0.6484,0.0902,0.9463,0.9551,0.4194,0.4194
12208,643,L643K,L,K,np,p+,0.6332,0.6484,0.0902,0.9463,0.9551,0.7143,0.7143
12209,643,L643M,L,M,np,np,0.6332,0.6484,0.0902,0.9463,0.9551,0.329,0.329
12210,643,L643F,L,F,np,np,0.6332,0.6484,0.0902,0.9463,0.9551,0.4173,0.4173
12211,643,L643P,L,P,np,np,0.6332,0.6484,0.0902,0.9463,0.9551,0.67,0.67
12212,643,L643S,L,S,np,p~,0.6332,0.6484,0.0902,0.9463,0.9551,0.5646,0.5646
12213,643,L643T,L,T,np,p~,0.6332,0.6484,0.0902,0.9463,0.9551,0.5351,0.5351
12214,643,L643W,L,W,np,np,0.6332,0.6484,0.0902,0.9463,0.9551,0.6075,0.6075
12215,643,L643Y,L,Y,np,p~,0.6332,0.6484,0.0902,0.9463,0.9551,0.4524,0.4524
12216,643,L643V,L,V,np,np,0.6332,0.6484,0.0902,0.9463,0.9551,0.3867,0.3867
12217,644,F644A,F,A,np,np,0.5793,0.5972,0.081,0.9604,0.9983,0.361,0.361
12218,644,F644R,F,R,np,p+,0.5793,0.5972,0.081,0.9604,0.9983,0.7781,0.7781
12219,644,F644N,F,N,np,p~,0.5793,0.5972,0.081,0.9604,0.9983,0.5468,0.5468
12220,644,F644D,F,D,np,p-,0.5793,0.5972,0.081,0.9604,0.9983,0.6459,0.6459
12221,644,F644C,F,C,np,p~,0.5793,0.5972,0.081,0.9604,0.9983,0.5511,0.5511
12222,644,F644Q,F,Q,np,p~,0.5793,0.5972,0.081,0.9604,0.9983,0.5734,0.5734
12223,644,F644E,F,E,np,p-,0.5793,0.5972,0.081,0.9604,0.9983,0.6437,0.6437
12224,644,F644G,F,G,np,np,0.5793,0.5972,0.081,0.9604,0.9983,0.5177,0.5177
12225,644,F644H,F,H,np,p~,0.5793,0.5972,0.081,0.9604,0.9983,0.5193,0.5193
12226,644,F644I,F,I,np,np,0.5793,0.5972,0.081,0.9604,0.9983,0.4088,0.4088
12227,644,F644L,F,L,np,np,0.5793,0.5972,0.081,0.9604,0.9983,0.4441,0.4441
12228,644,F644K,F,K,np,p+,0.5793,0.5972,0.081,0.9604,0.9983,0.7938,0.7938
12229,644,F644M,F,M,np,np,0.5793,0.5972,0.081,0.9604,0.9983,0.444,0.444
12230,644,F644P,F,P,np,np,0.5793,0.5972,0.081,0.9604,0.9983,0.6404,0.6404
12231,644,F644S,F,S,np,p~,0.5793,0.5972,0.081,0.9604,0.9983,0.3618,0.3618
12232,644,F644T,F,T,np,p~,0.5793,0.5972,0.081,0.9604,0.9983,0.3633,0.3633
12233,644,F644W,F,W,np,np,0.5793,0.5972,0.081,0.9604,0.9983,0.4058,0.4058
12234,644,F644Y,F,Y,np,p~,0.5793,0.5972,0.081,0.9604,0.9983,0.3554,0.3554
12235,644,F644V,F,V,np,np,0.5793,0.5972,0.081,0.9604,0.9983,0.3442,0.3442
12236,645,V645A,V,A,np,np,0.7052,0.7169,0.1442,0.742,0.9763,0.2123,0.2123
12237,645,V645R,V,R,np,p+,0.7052,0.7169,0.1442,0.742,0.9763,0.7137,0.7137
12238,645,V645N,V,N,np,p~,0.7052,0.7169,0.1442,0.742,0.9763,0.5214,0.5214
12239,645,V645D,V,D,np,p-,0.7052,0.7169,0.1442,0.742,0.9763,0.6336,0.6336
12240,645,V645C,V,C,np,p~,0.7052,0.7169,0.1442,0.742,0.9763,0.471,0.471
12241,645,V645Q,V,Q,np,p~,0.7052,0.7169,0.1442,0.742,0.9763,0.5402,0.5402
12242,645,V645E,V,E,np,p-,0.7052,0.7169,0.1442,0.742,0.9763,0.5877,0.5877
12243,645,V645G,V,G,np,np,0.7052,0.7169,0.1442,0.742,0.9763,0.4558,0.4558
12244,645,V645H,V,H,np,p~,0.7052,0.7169,0.1442,0.742,0.9763,0.6002,0.6002
12245,645,V645I,V,I,np,np,0.7052,0.7169,0.1442,0.742,0.9763,0.2898,0.2898
12246,645,V645L,V,L,np,np,0.7052,0.7169,0.1442,0.742,0.9763,0.2289,0.2289
12247,645,V645K,V,K,np,p+,0.7052,0.7169,0.1442,0.742,0.9763,0.7177,0.7177
12248,645,V645M,V,M,np,np,0.7052,0.7169,0.1442,0.742,0.9763,0.3578,0.3578
12249,645,V645F,V,F,np,np,0.7052,0.7169,0.1442,0.742,0.9763,0.4666,0.4666
12250,645,V645P,V,P,np,np,0.7052,0.7169,0.1442,0.742,0.9763,0.6586,0.6586
12251,645,V645S,V,S,np,p~,0.7052,0.7169,0.1442,0.742,0.9763,0.4127,0.4127
12252,645,V645T,V,T,np,p~,0.7052,0.7169,0.1442,0.742,0.9763,0.281,0.281
12253,645,V645W,V,W,np,np,0.7052,0.7169,0.1442,0.742,0.9763,0.6457,0.6457
12254,645,V645Y,V,Y,np,p~,0.7052,0.7169,0.1442,0.742,0.9763,0.5289,0.5289
12255,646,M646A,M,A,np,np,0.6843,0.6923,0.1665,0.675,0.9666,0.4874,0.4874
12256,646,M646R,M,R,np,p+,0.6843,0.6923,0.1665,0.675,0.9666,0.484,0.484
12257,646,M646N,M,N,np,p~,0.6843,0.6923,0.1665,0.675,0.9666,0.3464,0.3464
12258,646,M646D,M,D,np,p-,0.6843,0.6923,0.1665,0.675,0.9666,0.5166,0.5166
12259,646,M646C,M,C,np,p~,0.6843,0.6923,0.1665,0.675,0.9666,0.6617,0.6617
12260,646,M646Q,M,Q,np,p~,0.6843,0.6923,0.1665,0.675,0.9666,0.3594,0.3594
12261,646,M646E,M,E,np,p-,0.6843,0.6923,0.1665,0.675,0.9666,0.4909,0.4909
12262,646,M646G,M,G,np,np,0.6843,0.6923,0.1665,0.675,0.9666,0.5766,0.5766
12263,646,M646H,M,H,np,p~,0.6843,0.6923,0.1665,0.675,0.9666,0.4059,0.4059
12264,646,M646I,M,I,np,np,0.6843,0.6923,0.1665,0.675,0.9666,0.2728,0.2728
12265,646,M646L,M,L,np,np,0.6843,0.6923,0.1665,0.675,0.9666,0.1375,0.1375
12266,646,M646K,M,K,np,p+,0.6843,0.6923,0.1665,0.675,0.9666,0.4951,0.4951
12267,646,M646F,M,F,np,np,0.6843,0.6923,0.1665,0.675,0.9666,0.3059,0.3059
12268,646,M646P,M,P,np,np,0.6843,0.6923,0.1665,0.675,0.9666,0.5976,0.5976
12269,646,M646S,M,S,np,p~,0.6843,0.6923,0.1665,0.675,0.9666,0.4315,0.4315
12270,646,M646T,M,T,np,p~,0.6843,0.6923,0.1665,0.675,0.9666,0.3241,0.3241
12271,646,M646W,M,W,np,np,0.6843,0.6923,0.1665,0.675,0.9666,0.3274,0.3274
12272,646,M646Y,M,Y,np,p~,0.6843,0.6923,0.1665,0.675,0.9666,0.3304,0.3304
12273,646,M646V,M,V,np,np,0.6843,0.6923,0.1665,0.675,0.9666,0.2626,0.2626
12274,647,N647A,N,A,p~,np,0.7775,0.7851,0.1727,0.69,0.5374,0.6693,0.6693
12275,647,N647R,N,R,p~,p+,0.7775,0.7851,0.1727,0.69,0.5374,0.7214,0.7214
12276,647,N647D,N,D,p~,p-,0.7775,0.7851,0.1727,0.69,0.5374,0.2989,0.2989
12277,647,N647C,N,C,p~,p~,0.7775,0.7851,0.1727,0.69,0.5374,0.9229,0.9229
12278,647,N647Q,N,Q,p~,p~,0.7775,0.7851,0.1727,0.69,0.5374,0.7313,0.7313
12279,647,N647E,N,E,p~,p-,0.7775,0.7851,0.1727,0.69,0.5374,0.7474,0.7474
12280,647,N647G,N,G,p~,np,0.7775,0.7851,0.1727,0.69,0.5374,0.5518,0.5518
12281,647,N647H,N,H,p~,p~,0.7775,0.7851,0.1727,0.69,0.5374,0.7124,0.7124
12282,647,N647I,N,I,p~,np,0.7775,0.7851,0.1727,0.69,0.5374,0.851,0.851
12283,647,N647L,N,L,p~,np,0.7775,0.7851,0.1727,0.69,0.5374,0.8259,0.8259
12284,647,N647K,N,K,p~,p+,0.7775,0.7851,0.1727,0.69,0.5374,0.6681,0.6681
12285,647,N647M,N,M,p~,np,0.7775,0.7851,0.1727,0.69,0.5374,0.8552,0.8552
12286,647,N647F,N,F,p~,np,0.7775,0.7851,0.1727,0.69,0.5374,0.9166,0.9166
12287,647,N647P,N,P,p~,np,0.7775,0.7851,0.1727,0.69,0.5374,0.7275,0.7275
12288,647,N647S,N,S,p~,p~,0.7775,0.7851,0.1727,0.69,0.5374,0.409,0.409
12289,647,N647T,N,T,p~,p~,0.7775,0.7851,0.1727,0.69,0.5374,0.433,0.433
12290,647,N647W,N,W,p~,np,0.7775,0.7851,0.1727,0.69,0.5374,1.0,1.0
12291,647,N647Y,N,Y,p~,p~,0.7775,0.7851,0.1727,0.69,0.5374,0.8066,0.8066
12292,647,N647V,N,V,p~,np,0.7775,0.7851,0.1727,0.69,0.5374,0.8083,0.8083
12293,648,S648A,S,A,p~,np,0.8194,0.8217,0.4857,0.3079,0.198,0.2817,0.2817
12294,648,S648R,S,R,p~,p+,0.8194,0.8217,0.4857,0.3079,0.198,0.433,0.433
12295,648,S648N,S,N,p~,p~,0.8194,0.8217,0.4857,0.3079,0.198,0.324,0.324
12296,648,S648D,S,D,p~,p-,0.8194,0.8217,0.4857,0.3079,0.198,0.3828,0.3828
12297,648,S648C,S,C,p~,p~,0.8194,0.8217,0.4857,0.3079,0.198,0.6604,0.6604
12298,648,S648Q,S,Q,p~,p~,0.8194,0.8217,0.4857,0.3079,0.198,0.3825,0.3825
12299,648,S648E,S,E,p~,p-,0.8194,0.8217,0.4857,0.3079,0.198,0.4429,0.4429
12300,648,S648G,S,G,p~,np,0.8194,0.8217,0.4857,0.3079,0.198,0.2868,0.2868
12301,648,S648H,S,H,p~,p~,0.8194,0.8217,0.4857,0.3079,0.198,0.6043,0.6043
12302,648,S648I,S,I,p~,np,0.8194,0.8217,0.4857,0.3079,0.198,0.5997,0.5997
12303,648,S648L,S,L,p~,np,0.8194,0.8217,0.4857,0.3079,0.198,0.6163,0.6163
12304,648,S648K,S,K,p~,p+,0.8194,0.8217,0.4857,0.3079,0.198,0.387,0.387
12305,648,S648M,S,M,p~,np,0.8194,0.8217,0.4857,0.3079,0.198,0.6196,0.6196
12306,648,S648F,S,F,p~,np,0.8194,0.8217,0.4857,0.3079,0.198,0.647,0.647
12307,648,S648P,S,P,p~,np,0.8194,0.8217,0.4857,0.3079,0.198,0.4898,0.4898
12308,648,S648T,S,T,p~,p~,0.8194,0.8217,0.4857,0.3079,0.198,0.3629,0.3629
12309,648,S648W,S,W,p~,np,0.8194,0.8217,0.4857,0.3079,0.198,0.7139,0.7139
12310,648,S648Y,S,Y,p~,p~,0.8194,0.8217,0.4857,0.3079,0.198,0.5842,0.5842
12311,648,S648V,S,V,p~,np,0.8194,0.8217,0.4857,0.3079,0.198,0.5362,0.5362
12312,649,A649R,A,R,np,p+,0.7639,0.769,0.623,0.3514,0.2062,0.315,0.315
12313,649,A649N,A,N,np,p~,0.7639,0.769,0.623,0.3514,0.2062,0.1822,0.1822
12314,649,A649D,A,D,np,p-,0.7639,0.769,0.623,0.3514,0.2062,0.294,0.294
12315,649,A649C,A,C,np,p~,0.7639,0.769,0.623,0.3514,0.2062,0.5157,0.5157
12316,649,A649Q,A,Q,np,p~,0.7639,0.769,0.623,0.3514,0.2062,0.2189,0.2189
12317,649,A649E,A,E,np,p-,0.7639,0.769,0.623,0.3514,0.2062,0.3313,0.3313
12318,649,A649G,A,G,np,np,0.7639,0.769,0.623,0.3514,0.2062,0.3198,0.3198
12319,649,A649H,A,H,np,p~,0.7639,0.769,0.623,0.3514,0.2062,0.4036,0.4036
12320,649,A649I,A,I,np,np,0.7639,0.769,0.623,0.3514,0.2062,0.4691,0.4691
12321,649,A649L,A,L,np,np,0.7639,0.769,0.623,0.3514,0.2062,0.4075,0.4075
12322,649,A649K,A,K,np,p+,0.7639,0.769,0.623,0.3514,0.2062,0.2302,0.2302
12323,649,A649M,A,M,np,np,0.7639,0.769,0.623,0.3514,0.2062,0.4766,0.4766
12324,649,A649F,A,F,np,np,0.7639,0.769,0.623,0.3514,0.2062,0.4939,0.4939
12325,649,A649P,A,P,np,np,0.7639,0.769,0.623,0.3514,0.2062,0.6196,0.6196
12326,649,A649S,A,S,np,p~,0.7639,0.769,0.623,0.3514,0.2062,0.1579,0.1579
12327,649,A649T,A,T,np,p~,0.7639,0.769,0.623,0.3514,0.2062,0.3266,0.3266
12328,649,A649W,A,W,np,np,0.7639,0.769,0.623,0.3514,0.2062,0.5799,0.5799
12329,649,A649Y,A,Y,np,p~,0.7639,0.769,0.623,0.3514,0.2062,0.41,0.41
12330,649,A649V,A,V,np,np,0.7639,0.769,0.623,0.3514,0.2062,0.3738,0.3738
12331,650,G650A,G,A,np,np,0.7025,0.7111,0.084,0.9664,0.9437,0.5067,0.5067
12332,650,G650R,G,R,np,p+,0.7025,0.7111,0.084,0.9664,0.9437,0.6017,0.6017
12333,650,G650N,G,N,np,p~,0.7025,0.7111,0.084,0.9664,0.9437,0.3704,0.3704
12334,650,G650D,G,D,np,p-,0.7025,0.7111,0.084,0.9664,0.9437,0.4104,0.4104
12335,650,G650C,G,C,np,p~,0.7025,0.7111,0.084,0.9664,0.9437,0.7621,0.7621
12336,650,G650Q,G,Q,np,p~,0.7025,0.7111,0.084,0.9664,0.9437,0.5207,0.5207
12337,650,G650E,G,E,np,p-,0.7025,0.7111,0.084,0.9664,0.9437,0.5582,0.5582
12338,650,G650H,G,H,np,p~,0.7025,0.7111,0.084,0.9664,0.9437,0.5966,0.5966
12339,650,G650I,G,I,np,np,0.7025,0.7111,0.084,0.9664,0.9437,0.7884,0.7884
12340,650,G650L,G,L,np,np,0.7025,0.7111,0.084,0.9664,0.9437,0.6355,0.6355
12341,650,G650K,G,K,np,p+,0.7025,0.7111,0.084,0.9664,0.9437,0.6033,0.6033
12342,650,G650M,G,M,np,np,0.7025,0.7111,0.084,0.9664,0.9437,0.6113,0.6113
12343,650,G650F,G,F,np,np,0.7025,0.7111,0.084,0.9664,0.9437,0.6615,0.6615
12344,650,G650P,G,P,np,np,0.7025,0.7111,0.084,0.9664,0.9437,0.776,0.776
12345,650,G650S,G,S,np,p~,0.7025,0.7111,0.084,0.9664,0.9437,0.4034,0.4034
12346,650,G650T,G,T,np,p~,0.7025,0.7111,0.084,0.9664,0.9437,0.5968,0.5968
12347,650,G650W,G,W,np,np,0.7025,0.7111,0.084,0.9664,0.9437,0.6729,0.6729
12348,650,G650Y,G,Y,np,p~,0.7025,0.7111,0.084,0.9664,0.9437,0.6318,0.6318
12349,650,G650V,G,V,np,np,0.7025,0.7111,0.084,0.9664,0.9437,0.705,0.705
12350,651,V651A,V,A,np,np,0.719,0.7298,0.1002,0.8485,0.7577,0.4523,0.4523
12351,651,V651R,V,R,np,p+,0.719,0.7298,0.1002,0.8485,0.7577,0.5234,0.5234
12352,651,V651N,V,N,np,p~,0.719,0.7298,0.1002,0.8485,0.7577,0.5405,0.5405
12353,651,V651D,V,D,np,p-,0.719,0.7298,0.1002,0.8485,0.7577,0.6256,0.6256
12354,651,V651C,V,C,np,p~,0.719,0.7298,0.1002,0.8485,0.7577,0.7383,0.7383
12355,651,V651Q,V,Q,np,p~,0.719,0.7298,0.1002,0.8485,0.7577,0.4333,0.4333
12356,651,V651E,V,E,np,p-,0.719,0.7298,0.1002,0.8485,0.7577,0.483,0.483
12357,651,V651G,V,G,np,np,0.719,0.7298,0.1002,0.8485,0.7577,0.614,0.614
12358,651,V651H,V,H,np,p~,0.719,0.7298,0.1002,0.8485,0.7577,0.6035,0.6035
12359,651,V651I,V,I,np,np,0.719,0.7298,0.1002,0.8485,0.7577,0.3841,0.3841
12360,651,V651L,V,L,np,np,0.719,0.7298,0.1002,0.8485,0.7577,0.5132,0.5132
12361,651,V651K,V,K,np,p+,0.719,0.7298,0.1002,0.8485,0.7577,0.4271,0.4271
12362,651,V651M,V,M,np,np,0.719,0.7298,0.1002,0.8485,0.7577,0.5089,0.5089
12363,651,V651F,V,F,np,np,0.719,0.7298,0.1002,0.8485,0.7577,0.6407,0.6407
12364,651,V651P,V,P,np,np,0.719,0.7298,0.1002,0.8485,0.7577,0.6803,0.6803
12365,651,V651S,V,S,np,p~,0.719,0.7298,0.1002,0.8485,0.7577,0.5242,0.5242
12366,651,V651T,V,T,np,p~,0.719,0.7298,0.1002,0.8485,0.7577,0.32,0.32
12367,651,V651W,V,W,np,np,0.719,0.7298,0.1002,0.8485,0.7577,0.7457,0.7457
12368,651,V651Y,V,Y,np,p~,0.719,0.7298,0.1002,0.8485,0.7577,0.6281,0.6281
12369,652,P652A,P,A,np,np,0.6517,0.6651,0.0825,0.9787,0.9666,0.488,0.488
12370,652,P652R,P,R,np,p+,0.6517,0.6651,0.0825,0.9787,0.9666,0.694,0.694
12371,652,P652N,P,N,np,p~,0.6517,0.6651,0.0825,0.9787,0.9666,0.6289,0.6289
12372,652,P652D,P,D,np,p-,0.6517,0.6651,0.0825,0.9787,0.9666,0.7458,0.7458
12373,652,P652C,P,C,np,p~,0.6517,0.6651,0.0825,0.9787,0.9666,0.6,0.6
12374,652,P652Q,P,Q,np,p~,0.6517,0.6651,0.0825,0.9787,0.9666,0.6125,0.6125
12375,652,P652E,P,E,np,p-,0.6517,0.6651,0.0825,0.9787,0.9666,0.737,0.737
12376,652,P652G,P,G,np,np,0.6517,0.6651,0.0825,0.9787,0.9666,0.6054,0.6054
12377,652,P652H,P,H,np,p~,0.6517,0.6651,0.0825,0.9787,0.9666,0.5689,0.5689
12378,652,P652I,P,I,np,np,0.6517,0.6651,0.0825,0.9787,0.9666,0.6869,0.6869
12379,652,P652L,P,L,np,np,0.6517,0.6651,0.0825,0.9787,0.9666,0.5869,0.5869
12380,652,P652K,P,K,np,p+,0.6517,0.6651,0.0825,0.9787,0.9666,0.7745,0.7745
12381,652,P652M,P,M,np,np,0.6517,0.6651,0.0825,0.9787,0.9666,0.6653,0.6653
12382,652,P652F,P,F,np,np,0.6517,0.6651,0.0825,0.9787,0.9666,0.6208,0.6208
12383,652,P652S,P,S,np,p~,0.6517,0.6651,0.0825,0.9787,0.9666,0.5035,0.5035
12384,652,P652T,P,T,np,p~,0.6517,0.6651,0.0825,0.9787,0.9666,0.556,0.556
12385,652,P652W,P,W,np,np,0.6517,0.6651,0.0825,0.9787,0.9666,0.698,0.698
12386,652,P652Y,P,Y,np,p~,0.6517,0.6651,0.0825,0.9787,0.9666,0.5182,0.5182
12387,652,P652V,P,V,np,np,0.6517,0.6651,0.0825,0.9787,0.9666,0.6222,0.6222
12388,653,S653A,S,A,p~,np,0.6593,0.6754,0.0794,0.9819,0.9698,0.5147,0.5147
12389,653,S653R,S,R,p~,p+,0.6593,0.6754,0.0794,0.9819,0.9698,0.682,0.682
12390,653,S653N,S,N,p~,p~,0.6593,0.6754,0.0794,0.9819,0.9698,0.5079,0.5079
12391,653,S653D,S,D,p~,p-,0.6593,0.6754,0.0794,0.9819,0.9698,0.6599,0.6599
12392,653,S653C,S,C,p~,p~,0.6593,0.6754,0.0794,0.9819,0.9698,0.4588,0.4588
12393,653,S653Q,S,Q,p~,p~,0.6593,0.6754,0.0794,0.9819,0.9698,0.7536,0.7536
12394,653,S653E,S,E,p~,p-,0.6593,0.6754,0.0794,0.9819,0.9698,0.7519,0.7519
12395,653,S653G,S,G,p~,np,0.6593,0.6754,0.0794,0.9819,0.9698,0.5006,0.5006
12396,653,S653H,S,H,p~,p~,0.6593,0.6754,0.0794,0.9819,0.9698,0.7411,0.7411
12397,653,S653I,S,I,p~,np,0.6593,0.6754,0.0794,0.9819,0.9698,0.8386,0.8386
12398,653,S653L,S,L,p~,np,0.6593,0.6754,0.0794,0.9819,0.9698,0.8464,0.8464
12399,653,S653K,S,K,p~,p+,0.6593,0.6754,0.0794,0.9819,0.9698,0.689,0.689
12400,653,S653M,S,M,p~,np,0.6593,0.6754,0.0794,0.9819,0.9698,0.8298,0.8298
12401,653,S653F,S,F,p~,np,0.6593,0.6754,0.0794,0.9819,0.9698,0.8204,0.8204
12402,653,S653P,S,P,p~,np,0.6593,0.6754,0.0794,0.9819,0.9698,0.8231,0.8231
12403,653,S653T,S,T,p~,p~,0.6593,0.6754,0.0794,0.9819,0.9698,0.5392,0.5392
12404,653,S653W,S,W,p~,np,0.6593,0.6754,0.0794,0.9819,0.9698,0.8287,0.8287
12405,653,S653Y,S,Y,p~,p~,0.6593,0.6754,0.0794,0.9819,0.9698,0.779,0.779
12406,653,S653V,S,V,p~,np,0.6593,0.6754,0.0794,0.9819,0.9698,0.7611,0.7611
12407,654,V654A,V,A,np,np,0.6543,0.6724,0.2313,0.526,0.5875,0.4013,0.4013
12408,654,V654R,V,R,np,p+,0.6543,0.6724,0.2313,0.526,0.5875,0.4326,0.4326
12409,654,V654N,V,N,np,p~,0.6543,0.6724,0.2313,0.526,0.5875,0.4698,0.4698
12410,654,V654D,V,D,np,p-,0.6543,0.6724,0.2313,0.526,0.5875,0.4551,0.4551
12411,654,V654C,V,C,np,p~,0.6543,0.6724,0.2313,0.526,0.5875,0.5916,0.5916
12412,654,V654Q,V,Q,np,p~,0.6543,0.6724,0.2313,0.526,0.5875,0.3648,0.3648
12413,654,V654E,V,E,np,p-,0.6543,0.6724,0.2313,0.526,0.5875,0.3295,0.3295
12414,654,V654G,V,G,np,np,0.6543,0.6724,0.2313,0.526,0.5875,0.5592,0.5592
12415,654,V654H,V,H,np,p~,0.6543,0.6724,0.2313,0.526,0.5875,0.5058,0.5058
12416,654,V654I,V,I,np,np,0.6543,0.6724,0.2313,0.526,0.5875,0.2253,0.2253
12417,654,V654L,V,L,np,np,0.6543,0.6724,0.2313,0.526,0.5875,0.3861,0.3861
12418,654,V654K,V,K,np,p+,0.6543,0.6724,0.2313,0.526,0.5875,0.3373,0.3373
12419,654,V654M,V,M,np,np,0.6543,0.6724,0.2313,0.526,0.5875,0.4173,0.4173
12420,654,V654F,V,F,np,np,0.6543,0.6724,0.2313,0.526,0.5875,0.4782,0.4782
12421,654,V654P,V,P,np,np,0.6543,0.6724,0.2313,0.526,0.5875,0.4497,0.4497
12422,654,V654S,V,S,np,p~,0.6543,0.6724,0.2313,0.526,0.5875,0.4537,0.4537
12423,654,V654T,V,T,np,p~,0.6543,0.6724,0.2313,0.526,0.5875,0.3163,0.3163
12424,654,V654W,V,W,np,np,0.6543,0.6724,0.2313,0.526,0.5875,0.5609,0.5609
12425,654,V654Y,V,Y,np,p~,0.6543,0.6724,0.2313,0.526,0.5875,0.4521,0.4521
12426,655,A655R,A,R,np,p+,0.6054,0.6245,0.118,0.7465,0.5762,0.7517,0.7517
12427,655,A655N,A,N,np,p~,0.6054,0.6245,0.118,0.7465,0.5762,0.5739,0.5739
12428,655,A655D,A,D,np,p-,0.6054,0.6245,0.118,0.7465,0.5762,0.6633,0.6633
12429,655,A655C,A,C,np,p~,0.6054,0.6245,0.118,0.7465,0.5762,0.5712,0.5712
12430,655,A655Q,A,Q,np,p~,0.6054,0.6245,0.118,0.7465,0.5762,0.6563,0.6563
12431,655,A655E,A,E,np,p-,0.6054,0.6245,0.118,0.7465,0.5762,0.6269,0.6269
12432,655,A655G,A,G,np,np,0.6054,0.6245,0.118,0.7465,0.5762,0.3193,0.3193
12433,655,A655H,A,H,np,p~,0.6054,0.6245,0.118,0.7465,0.5762,0.7368,0.7368
12434,655,A655I,A,I,np,np,0.6054,0.6245,0.118,0.7465,0.5762,0.6621,0.6621
12435,655,A655L,A,L,np,np,0.6054,0.6245,0.118,0.7465,0.5762,0.707,0.707
12436,655,A655K,A,K,np,p+,0.6054,0.6245,0.118,0.7465,0.5762,0.7647,0.7647
12437,655,A655M,A,M,np,np,0.6054,0.6245,0.118,0.7465,0.5762,0.632,0.632
12438,655,A655F,A,F,np,np,0.6054,0.6245,0.118,0.7465,0.5762,0.7411,0.7411
12439,655,A655P,A,P,np,np,0.6054,0.6245,0.118,0.7465,0.5762,0.5721,0.5721
12440,655,A655S,A,S,np,p~,0.6054,0.6245,0.118,0.7465,0.5762,0.2496,0.2496
12441,655,A655T,A,T,np,p~,0.6054,0.6245,0.118,0.7465,0.5762,0.4697,0.4697
12442,655,A655W,A,W,np,np,0.6054,0.6245,0.118,0.7465,0.5762,0.7661,0.7661
12443,655,A655Y,A,Y,np,p~,0.6054,0.6245,0.118,0.7465,0.5762,0.733,0.733
12444,655,A655V,A,V,np,np,0.6054,0.6245,0.118,0.7465,0.5762,0.5277,0.5277
12445,656,S656A,S,A,p~,np,0.6473,0.664,0.3022,0.4129,0.3774,0.2125,0.2125
12446,656,S656R,S,R,p~,p+,0.6473,0.664,0.3022,0.4129,0.3774,0.2006,0.2006
12447,656,S656N,S,N,p~,p~,0.6473,0.664,0.3022,0.4129,0.3774,0.257,0.257
12448,656,S656D,S,D,p~,p-,0.6473,0.664,0.3022,0.4129,0.3774,0.2615,0.2615
12449,656,S656C,S,C,p~,p~,0.6473,0.664,0.3022,0.4129,0.3774,0.5208,0.5208
12450,656,S656Q,S,Q,p~,p~,0.6473,0.664,0.3022,0.4129,0.3774,0.1914,0.1914
12451,656,S656E,S,E,p~,p-,0.6473,0.664,0.3022,0.4129,0.3774,0.2359,0.2359
12452,656,S656G,S,G,p~,np,0.6473,0.664,0.3022,0.4129,0.3774,0.3628,0.3628
12453,656,S656H,S,H,p~,p~,0.6473,0.664,0.3022,0.4129,0.3774,0.2642,0.2642
12454,656,S656I,S,I,p~,np,0.6473,0.664,0.3022,0.4129,0.3774,0.3773,0.3773
12455,656,S656L,S,L,p~,np,0.6473,0.664,0.3022,0.4129,0.3774,0.3699,0.3699
12456,656,S656K,S,K,p~,p+,0.6473,0.664,0.3022,0.4129,0.3774,0.1119,0.1119
12457,656,S656M,S,M,p~,np,0.6473,0.664,0.3022,0.4129,0.3774,0.3805,0.3805
12458,656,S656F,S,F,p~,np,0.6473,0.664,0.3022,0.4129,0.3774,0.4257,0.4257
12459,656,S656P,S,P,p~,np,0.6473,0.664,0.3022,0.4129,0.3774,0.3363,0.3363
12460,656,S656T,S,T,p~,p~,0.6473,0.664,0.3022,0.4129,0.3774,0.1468,0.1468
12461,656,S656W,S,W,p~,np,0.6473,0.664,0.3022,0.4129,0.3774,0.4639,0.4639
12462,656,S656Y,S,Y,p~,p~,0.6473,0.664,0.3022,0.4129,0.3774,0.3142,0.3142
12463,656,S656V,S,V,p~,np,0.6473,0.664,0.3022,0.4129,0.3774,0.2858,0.2858
12464,657,T657A,T,A,p~,np,0.6063,0.627,0.3161,0.4655,0.4599,0.4155,0.4155
12465,657,T657R,T,R,p~,p+,0.6063,0.627,0.3161,0.4655,0.4599,0.5824,0.5824
12466,657,T657N,T,N,p~,p~,0.6063,0.627,0.3161,0.4655,0.4599,0.2388,0.2388
12467,657,T657D,T,D,p~,p-,0.6063,0.627,0.3161,0.4655,0.4599,0.5556,0.5556
12468,657,T657C,T,C,p~,p~,0.6063,0.627,0.3161,0.4655,0.4599,0.634,0.634
12469,657,T657Q,T,Q,p~,p~,0.6063,0.627,0.3161,0.4655,0.4599,0.3762,0.3762
12470,657,T657E,T,E,p~,p-,0.6063,0.627,0.3161,0.4655,0.4599,0.572,0.572
12471,657,T657G,T,G,p~,np,0.6063,0.627,0.3161,0.4655,0.4599,0.4849,0.4849
12472,657,T657H,T,H,p~,p~,0.6063,0.627,0.3161,0.4655,0.4599,0.3442,0.3442
12473,657,T657I,T,I,p~,np,0.6063,0.627,0.3161,0.4655,0.4599,0.3579,0.3579
12474,657,T657L,T,L,p~,np,0.6063,0.627,0.3161,0.4655,0.4599,0.4619,0.4619
12475,657,T657K,T,K,p~,p+,0.6063,0.627,0.3161,0.4655,0.4599,0.5169,0.5169
12476,657,T657M,T,M,p~,np,0.6063,0.627,0.3161,0.4655,0.4599,0.3663,0.3663
12477,657,T657F,T,F,p~,np,0.6063,0.627,0.3161,0.4655,0.4599,0.463,0.463
12478,657,T657P,T,P,p~,np,0.6063,0.627,0.3161,0.4655,0.4599,0.451,0.451
12479,657,T657S,T,S,p~,p~,0.6063,0.627,0.3161,0.4655,0.4599,0.2395,0.2395
12480,657,T657W,T,W,p~,np,0.6063,0.627,0.3161,0.4655,0.4599,0.5684,0.5684
12481,657,T657Y,T,Y,p~,p~,0.6063,0.627,0.3161,0.4655,0.4599,0.561,0.561
12482,657,T657V,T,V,p~,np,0.6063,0.627,0.3161,0.4655,0.4599,0.4157,0.4157
12483,658,I658A,I,A,np,np,0.6195,0.6346,0.1635,0.6237,0.9698,0.4401,0.4401
12484,658,I658R,I,R,np,p+,0.6195,0.6346,0.1635,0.6237,0.9698,0.6154,0.6154
12485,658,I658N,I,N,np,p~,0.6195,0.6346,0.1635,0.6237,0.9698,0.6214,0.6214
12486,658,I658D,I,D,np,p-,0.6195,0.6346,0.1635,0.6237,0.9698,0.7054,0.7054
12487,658,I658C,I,C,np,p~,0.6195,0.6346,0.1635,0.6237,0.9698,0.631,0.631
12488,658,I658Q,I,Q,np,p~,0.6195,0.6346,0.1635,0.6237,0.9698,0.5683,0.5683
12489,658,I658E,I,E,np,p-,0.6195,0.6346,0.1635,0.6237,0.9698,0.6339,0.6339
12490,658,I658G,I,G,np,np,0.6195,0.6346,0.1635,0.6237,0.9698,0.5888,0.5888
12491,658,I658H,I,H,np,p~,0.6195,0.6346,0.1635,0.6237,0.9698,0.6292,0.6292
12492,658,I658L,I,L,np,np,0.6195,0.6346,0.1635,0.6237,0.9698,0.2367,0.2367
12493,658,I658K,I,K,np,p+,0.6195,0.6346,0.1635,0.6237,0.9698,0.6173,0.6173
12494,658,I658M,I,M,np,np,0.6195,0.6346,0.1635,0.6237,0.9698,0.3589,0.3589
12495,658,I658F,I,F,np,np,0.6195,0.6346,0.1635,0.6237,0.9698,0.3187,0.3187
12496,658,I658P,I,P,np,np,0.6195,0.6346,0.1635,0.6237,0.9698,0.5868,0.5868
12497,658,I658S,I,S,np,p~,0.6195,0.6346,0.1635,0.6237,0.9698,0.5724,0.5724
12498,658,I658T,I,T,np,p~,0.6195,0.6346,0.1635,0.6237,0.9698,0.4178,0.4178
12499,658,I658W,I,W,np,np,0.6195,0.6346,0.1635,0.6237,0.9698,0.589,0.589
12500,658,I658Y,I,Y,np,p~,0.6195,0.6346,0.1635,0.6237,0.9698,0.502,0.502
12501,658,I658V,I,V,np,np,0.6195,0.6346,0.1635,0.6237,0.9698,0.1736,0.1736
12502,659,R659A,R,A,p+,np,0.6358,0.6498,0.3308,0.3553,0.3576,0.3434,0.3434
12503,659,R659N,R,N,p+,p~,0.6358,0.6498,0.3308,0.3553,0.3576,0.2703,0.2703
12504,659,R659D,R,D,p+,p-,0.6358,0.6498,0.3308,0.3553,0.3576,0.4385,0.4385
12505,659,R659C,R,C,p+,p~,0.6358,0.6498,0.3308,0.3553,0.3576,0.6015,0.6015
12506,659,R659Q,R,Q,p+,p~,0.6358,0.6498,0.3308,0.3553,0.3576,0.1661,0.1661
12507,659,R659E,R,E,p+,p-,0.6358,0.6498,0.3308,0.3553,0.3576,0.3146,0.3146
12508,659,R659G,R,G,p+,np,0.6358,0.6498,0.3308,0.3553,0.3576,0.4165,0.4165
12509,659,R659H,R,H,p+,p~,0.6358,0.6498,0.3308,0.3553,0.3576,0.2861,0.2861
12510,659,R659I,R,I,p+,np,0.6358,0.6498,0.3308,0.3553,0.3576,0.4505,0.4505
12511,659,R659L,R,L,p+,np,0.6358,0.6498,0.3308,0.3553,0.3576,0.2707,0.2707
12512,659,R659K,R,K,p+,p+,0.6358,0.6498,0.3308,0.3553,0.3576,0.1574,0.1574
12513,659,R659M,R,M,p+,np,0.6358,0.6498,0.3308,0.3553,0.3576,0.3269,0.3269
12514,659,R659F,R,F,p+,np,0.6358,0.6498,0.3308,0.3553,0.3576,0.4087,0.4087
12515,659,R659P,R,P,p+,np,0.6358,0.6498,0.3308,0.3553,0.3576,0.519,0.519
12516,659,R659S,R,S,p+,p~,0.6358,0.6498,0.3308,0.3553,0.3576,0.3274,0.3274
12517,659,R659T,R,T,p+,p~,0.6358,0.6498,0.3308,0.3553,0.3576,0.3615,0.3615
12518,659,R659W,R,W,p+,np,0.6358,0.6498,0.3308,0.3553,0.3576,0.4704,0.4704
12519,659,R659Y,R,Y,p+,p~,0.6358,0.6498,0.3308,0.3553,0.3576,0.368,0.368
12520,659,R659V,R,V,p+,np,0.6358,0.6498,0.3308,0.3553,0.3576,0.4211,0.4211
12521,660,V660A,V,A,np,np,0.6272,0.6371,0.1419,0.6494,0.8662,0.5325,0.5325
12522,660,V660R,V,R,np,p+,0.6272,0.6371,0.1419,0.6494,0.8662,0.6773,0.6773
12523,660,V660N,V,N,np,p~,0.6272,0.6371,0.1419,0.6494,0.8662,0.6889,0.6889
12524,660,V660D,V,D,np,p-,0.6272,0.6371,0.1419,0.6494,0.8662,0.7799,0.7799
12525,660,V660C,V,C,np,p~,0.6272,0.6371,0.1419,0.6494,0.8662,0.7103,0.7103
12526,660,V660Q,V,Q,np,p~,0.6272,0.6371,0.1419,0.6494,0.8662,0.6333,0.6333
12527,660,V660E,V,E,np,p-,0.6272,0.6371,0.1419,0.6494,0.8662,0.7066,0.7066
12528,660,V660G,V,G,np,np,0.6272,0.6371,0.1419,0.6494,0.8662,0.7519,0.7519
12529,660,V660H,V,H,np,p~,0.6272,0.6371,0.1419,0.6494,0.8662,0.6804,0.6804
12530,660,V660I,V,I,np,np,0.6272,0.6371,0.1419,0.6494,0.8662,0.1153,0.1153
12531,660,V660L,V,L,np,np,0.6272,0.6371,0.1419,0.6494,0.8662,0.1258,0.1258
12532,660,V660K,V,K,np,p+,0.6272,0.6371,0.1419,0.6494,0.8662,0.7124,0.7124
12533,660,V660M,V,M,np,np,0.6272,0.6371,0.1419,0.6494,0.8662,0.3321,0.3321
12534,660,V660F,V,F,np,np,0.6272,0.6371,0.1419,0.6494,0.8662,0.2612,0.2612
12535,660,V660P,V,P,np,np,0.6272,0.6371,0.1419,0.6494,0.8662,0.5762,0.5762
12536,660,V660S,V,S,np,p~,0.6272,0.6371,0.1419,0.6494,0.8662,0.6347,0.6347
12537,660,V660T,V,T,np,p~,0.6272,0.6371,0.1419,0.6494,0.8662,0.5007,0.5007
12538,660,V660W,V,W,np,np,0.6272,0.6371,0.1419,0.6494,0.8662,0.5812,0.5812
12539,660,V660Y,V,Y,np,p~,0.6272,0.6371,0.1419,0.6494,0.8662,0.5064,0.5064
12540,661,T661A,T,A,p~,np,0.6674,0.6755,0.6415,0.4216,0.4007,0.2516,0.2516
12541,661,T661R,T,R,p~,p+,0.6674,0.6755,0.6415,0.4216,0.4007,0.3198,0.3198
12542,661,T661N,T,N,p~,p~,0.6674,0.6755,0.6415,0.4216,0.4007,0.2639,0.2639
12543,661,T661D,T,D,p~,p-,0.6674,0.6755,0.6415,0.4216,0.4007,0.2802,0.2802
12544,661,T661C,T,C,p~,p~,0.6674,0.6755,0.6415,0.4216,0.4007,0.5432,0.5432
12545,661,T661Q,T,Q,p~,p~,0.6674,0.6755,0.6415,0.4216,0.4007,0.2787,0.2787
12546,661,T661E,T,E,p~,p-,0.6674,0.6755,0.6415,0.4216,0.4007,0.2616,0.2616
12547,661,T661G,T,G,p~,np,0.6674,0.6755,0.6415,0.4216,0.4007,0.2358,0.2358
12548,661,T661H,T,H,p~,p~,0.6674,0.6755,0.6415,0.4216,0.4007,0.4173,0.4173
12549,661,T661I,T,I,p~,np,0.6674,0.6755,0.6415,0.4216,0.4007,0.3185,0.3185
12550,661,T661L,T,L,p~,np,0.6674,0.6755,0.6415,0.4216,0.4007,0.3042,0.3042
12551,661,T661K,T,K,p~,p+,0.6674,0.6755,0.6415,0.4216,0.4007,0.3146,0.3146
12552,661,T661M,T,M,p~,np,0.6674,0.6755,0.6415,0.4216,0.4007,0.3911,0.3911
12553,661,T661F,T,F,p~,np,0.6674,0.6755,0.6415,0.4216,0.4007,0.3793,0.3793
12554,661,T661P,T,P,p~,np,0.6674,0.6755,0.6415,0.4216,0.4007,0.4416,0.4416
12555,661,T661S,T,S,p~,p~,0.6674,0.6755,0.6415,0.4216,0.4007,0.2034,0.2034
12556,661,T661W,T,W,p~,np,0.6674,0.6755,0.6415,0.4216,0.4007,0.4624,0.4624
12557,661,T661Y,T,Y,p~,p~,0.6674,0.6755,0.6415,0.4216,0.4007,0.3424,0.3424
12558,661,T661V,T,V,p~,np,0.6674,0.6755,0.6415,0.4216,0.4007,0.2655,0.2655
12559,662,Q662A,Q,A,p~,np,0.6438,0.6514,0.7348,0.4077,0.4279,0.0408,0.0408
12560,662,Q662R,Q,R,p~,p+,0.6438,0.6514,0.7348,0.4077,0.4279,0.1757,0.1757
12561,662,Q662N,Q,N,p~,p~,0.6438,0.6514,0.7348,0.4077,0.4279,0.1412,0.1412
12562,662,Q662D,Q,D,p~,p-,0.6438,0.6514,0.7348,0.4077,0.4279,0.211,0.211
12563,662,Q662C,Q,C,p~,p~,0.6438,0.6514,0.7348,0.4077,0.4279,0.3864,0.3864
12564,662,Q662E,Q,E,p~,p-,0.6438,0.6514,0.7348,0.4077,0.4279,0.2152,0.2152
12565,662,Q662G,Q,G,p~,np,0.6438,0.6514,0.7348,0.4077,0.4279,0.0872,0.0872
12566,662,Q662H,Q,H,p~,p~,0.6438,0.6514,0.7348,0.4077,0.4279,0.3002,0.3002
12567,662,Q662I,Q,I,p~,np,0.6438,0.6514,0.7348,0.4077,0.4279,0.2178,0.2178
12568,662,Q662L,Q,L,p~,np,0.6438,0.6514,0.7348,0.4077,0.4279,0.1444,0.1444
12569,662,Q662K,Q,K,p~,p+,0.6438,0.6514,0.7348,0.4077,0.4279,0.1713,0.1713
12570,662,Q662M,Q,M,p~,np,0.6438,0.6514,0.7348,0.4077,0.4279,0.2524,0.2524
12571,662,Q662F,Q,F,p~,np,0.6438,0.6514,0.7348,0.4077,0.4279,0.2399,0.2399
12572,662,Q662P,Q,P,p~,np,0.6438,0.6514,0.7348,0.4077,0.4279,0.0804,0.0804
12573,662,Q662S,Q,S,p~,p~,0.6438,0.6514,0.7348,0.4077,0.4279,0.0886,0.0886
12574,662,Q662T,Q,T,p~,p~,0.6438,0.6514,0.7348,0.4077,0.4279,0.1012,0.1012
12575,662,Q662W,Q,W,p~,np,0.6438,0.6514,0.7348,0.4077,0.4279,0.3433,0.3433
12576,662,Q662Y,Q,Y,p~,p~,0.6438,0.6514,0.7348,0.4077,0.4279,0.2573,0.2573
12577,662,Q662V,Q,V,p~,np,0.6438,0.6514,0.7348,0.4077,0.4279,0.1533,0.1533
12578,663,A663R,A,R,np,p+,,,,,,0.2819,0.2819
12579,663,A663N,A,N,np,p~,,,,,,0.2566,0.2566
12580,663,A663D,A,D,np,p-,,,,,,0.3036,0.3036
12581,663,A663C,A,C,np,p~,,,,,,0.4189,0.4189
12582,663,A663Q,A,Q,np,p~,,,,,,0.2635,0.2635
12583,663,A663E,A,E,np,p-,,,,,,0.3037,0.3037
12584,663,A663G,A,G,np,np,,,,,,0.2219,0.2219
12585,663,A663H,A,H,np,p~,,,,,,0.4018,0.4018
12586,663,A663I,A,I,np,np,,,,,,0.2967,0.2967
12587,663,A663L,A,L,np,np,,,,,,0.2881,0.2881
12588,663,A663K,A,K,np,p+,,,,,,0.274,0.274
12589,663,A663M,A,M,np,np,,,,,,0.3927,0.3927
12590,663,A663F,A,F,np,np,,,,,,0.3547,0.3547
12591,663,A663P,A,P,np,np,,,,,,0.2152,0.2152
12592,663,A663S,A,S,np,p~,,,,,,0.1841,0.1841
12593,663,A663T,A,T,np,p~,,,,,,0.1919,0.1919
12594,663,A663W,A,W,np,np,,,,,,0.4068,0.4068
12595,663,A663Y,A,Y,np,p~,,,,,,0.3293,0.3293
12596,663,A663V,A,V,np,np,,,,,,0.2306,0.2306
12597,664,A664R,A,R,np,p+,,,,,,0.2526,0.2526
12598,664,A664N,A,N,np,p~,,,,,,0.2145,0.2145
12599,664,A664D,A,D,np,p-,,,,,,0.2796,0.2796
12600,664,A664C,A,C,np,p~,,,,,,0.362,0.362
12601,664,A664Q,A,Q,np,p~,,,,,,0.2493,0.2493
12602,664,A664E,A,E,np,p-,,,,,,0.2901,0.2901
12603,664,A664G,A,G,np,np,,,,,,0.1895,0.1895
12604,664,A664H,A,H,np,p~,,,,,,0.3563,0.3563
12605,664,A664I,A,I,np,np,,,,,,0.2509,0.2509
12606,664,A664L,A,L,np,np,,,,,,0.2388,0.2388
12607,664,A664K,A,K,np,p+,,,,,,0.2677,0.2677
12608,664,A664M,A,M,np,np,,,,,,0.3544,0.3544
12609,664,A664F,A,F,np,np,,,,,,0.3126,0.3126
12610,664,A664P,A,P,np,np,,,,,,0.249,0.249
12611,664,A664S,A,S,np,p~,,,,,,0.1527,0.1527
12612,664,A664T,A,T,np,p~,,,,,,0.1636,0.1636
12613,664,A664W,A,W,np,np,,,,,,0.3583,0.3583
12614,664,A664Y,A,Y,np,p~,,,,,,0.3213,0.3213
12615,664,A664V,A,V,np,np,,,,,,0.2228,0.2228
12616,665,A665R,A,R,np,p+,,,,,,0.0239,0.0239
12617,665,A665N,A,N,np,p~,,,,,,-0.0421,-0.0421
12618,665,A665D,A,D,np,p-,,,,,,0.1184,0.1184
12619,665,A665C,A,C,np,p~,,,,,,0.2519,0.2519
12620,665,A665Q,A,Q,np,p~,,,,,,-0.0066,-0.0066
12621,665,A665E,A,E,np,p-,,,,,,0.0109,0.0109
12622,665,A665G,A,G,np,np,,,,,,0.0588,0.0588
12623,665,A665H,A,H,np,p~,,,,,,0.1108,0.1108
12624,665,A665I,A,I,np,np,,,,,,0.1071,0.1071
12625,665,A665L,A,L,np,np,,,,,,0.0765,0.0765
12626,665,A665K,A,K,np,p+,,,,,,0.0484,0.0484
12627,665,A665M,A,M,np,np,,,,,,0.1545,0.1545
12628,665,A665F,A,F,np,np,,,,,,0.1278,0.1278
12629,665,A665P,A,P,np,np,,,,,,0.0553,0.0553
12630,665,A665S,A,S,np,p~,,,,,,-0.0502,-0.0502
12631,665,A665T,A,T,np,p~,,,,,,0.0648,0.0648
12632,665,A665W,A,W,np,np,,,,,,0.1914,0.1914
12633,665,A665Y,A,Y,np,p~,,,,,,0.0926,0.0926
12634,665,A665V,A,V,np,np,,,,,,0.0794,0.0794
